2025-06-24 11:23:48,306 - asyncio - DEBUG - Using proactor: IocpProactor
2025-06-24 11:23:48,308 - httpx - DEBUG - load_ssl_context verify=True cert=None trust_env=True http2=False
2025-06-24 11:23:48,309 - httpx - DEBUG - load_verify_locations cafile='c:\\Users\\Rachid Aitali\\OneDrive - 4JM Solutions Limited\\Desktop\\SniperX\\SniperX\\.venv\\lib\\site-packages\\certifi\\cacert.pem'
2025-06-24 11:23:48,316 - httpx - DEBUG - load_ssl_context verify=True cert=None trust_env=True http2=False
2025-06-24 11:23:48,317 - httpx - DEBUG - load_verify_locations cafile='c:\\Users\\Rachid Aitali\\OneDrive - 4JM Solutions Limited\\Desktop\\SniperX\\SniperX\\.venv\\lib\\site-packages\\certifi\\cacert.pem'
2025-06-24 11:23:48,324 - __main__ - INFO - Telegram Manager Bot started. Send /menu to interact.
2025-06-24 11:23:48,325 - telegram.ext.ExtBot - DEBUG - Entering: send_message
2025-06-24 11:23:48,331 - httpcore.connection - DEBUG - connect_tcp.started host='api.telegram.org' port=443 local_address=None timeout=5.0 socket_options=None
2025-06-24 11:23:48,444 - httpcore.connection - DEBUG - connect_tcp.complete return_value=<httpcore._backends.anyio.AnyIOStream object at 0x000001B63D02A650>
2025-06-24 11:23:48,444 - httpcore.connection - DEBUG - start_tls.started ssl_context=<ssl.SSLContext object at 0x000001B63CF89AC0> server_hostname='api.telegram.org' timeout=5.0
2025-06-24 11:23:48,531 - httpcore.connection - DEBUG - start_tls.complete return_value=<httpcore._backends.anyio.AnyIOStream object at 0x000001B63D02B430>
2025-06-24 11:23:48,532 - httpcore.http11 - DEBUG - send_request_headers.started request=<Request [b'POST']>
2025-06-24 11:23:48,533 - httpcore.http11 - DEBUG - send_request_headers.complete
2025-06-24 11:23:48,534 - httpcore.http11 - DEBUG - send_request_body.started request=<Request [b'POST']>
2025-06-24 11:23:48,535 - httpcore.http11 - DEBUG - send_request_body.complete
2025-06-24 11:23:48,535 - httpcore.http11 - DEBUG - receive_response_headers.started request=<Request [b'POST']>
2025-06-24 11:23:48,656 - httpcore.http11 - DEBUG - receive_response_headers.complete return_value=(b'HTTP/1.1', 200, b'OK', [(b'Server', b'nginx/1.18.0'), (b'Date', b'Tue, 24 Jun 2025 10:23:49 GMT'), (b'Content-Type', b'application/json'), (b'Content-Length', b'352'), (b'Connection', b'keep-alive'), (b'Strict-Transport-Security', b'max-age=31536000; includeSubDomains; preload'), (b'Access-Control-Allow-Origin', b'*'), (b'Access-Control-Allow-Methods', b'GET, POST, OPTIONS'), (b'Access-Control-Expose-Headers', b'Content-Length,Content-Type,Date,Server,Connection')])
2025-06-24 11:23:48,661 - httpx - INFO - HTTP Request: POST https://api.telegram.org/bot7707158318:AAE8rWa4Q8Z_3avql6K0HAmXaooZAReoNF0/sendMessage "HTTP/1.1 200 OK"
2025-06-24 11:23:48,663 - httpcore.http11 - DEBUG - receive_response_body.started request=<Request [b'POST']>
2025-06-24 11:23:48,663 - httpcore.http11 - DEBUG - receive_response_body.complete
2025-06-24 11:23:48,663 - httpcore.http11 - DEBUG - response_closed.started
2025-06-24 11:23:48,663 - httpcore.http11 - DEBUG - response_closed.complete
2025-06-24 11:23:48,667 - telegram.ext.ExtBot - DEBUG - Message(channel_chat_created=False, chat=Chat(first_name='Ghost', id=7049055170, last_name='Number1', type=<ChatType.PRIVATE>), date=datetime.datetime(2025, 6, 24, 10, 23, 49, tzinfo=<UTC>), delete_chat_photo=False, entities=(MessageEntity(length=5, offset=36, type=<MessageEntityType.BOT_COMMAND>),), from_user=User(first_name='SPRD', id=7707158318, is_bot=True, username='tizi91Bot'), group_chat_created=False, message_id=11950, supergroup_chat_created=False, text='SniperX Control Bot is online! Send /menu to see options.')
2025-06-24 11:23:48,669 - telegram.ext.ExtBot - DEBUG - Exiting: send_message
2025-06-24 11:23:48,669 - telegram.ext.ExtBot - DEBUG - Entering: get_me
2025-06-24 11:23:48,669 - httpcore.http11 - DEBUG - send_request_headers.started request=<Request [b'POST']>
2025-06-24 11:23:48,669 - httpcore.http11 - DEBUG - send_request_headers.complete
2025-06-24 11:23:48,669 - httpcore.http11 - DEBUG - send_request_body.started request=<Request [b'POST']>
2025-06-24 11:23:48,669 - httpcore.http11 - DEBUG - send_request_body.complete
2025-06-24 11:23:48,669 - httpcore.http11 - DEBUG - receive_response_headers.started request=<Request [b'POST']>
2025-06-24 11:23:48,733 - httpcore.http11 - DEBUG - receive_response_headers.complete return_value=(b'HTTP/1.1', 200, b'OK', [(b'Server', b'nginx/1.18.0'), (b'Date', b'Tue, 24 Jun 2025 10:23:49 GMT'), (b'Content-Type', b'application/json'), (b'Content-Length', b'243'), (b'Connection', b'keep-alive'), (b'Strict-Transport-Security', b'max-age=31536000; includeSubDomains; preload'), (b'Access-Control-Allow-Origin', b'*'), (b'Access-Control-Allow-Methods', b'GET, POST, OPTIONS'), (b'Access-Control-Expose-Headers', b'Content-Length,Content-Type,Date,Server,Connection')])
2025-06-24 11:23:48,733 - httpx - INFO - HTTP Request: POST https://api.telegram.org/bot7707158318:AAE8rWa4Q8Z_3avql6K0HAmXaooZAReoNF0/getMe "HTTP/1.1 200 OK"
2025-06-24 11:23:48,733 - httpcore.http11 - DEBUG - receive_response_body.started request=<Request [b'POST']>
2025-06-24 11:23:48,735 - httpcore.http11 - DEBUG - receive_response_body.complete
2025-06-24 11:23:48,735 - httpcore.http11 - DEBUG - response_closed.started
2025-06-24 11:23:48,735 - httpcore.http11 - DEBUG - response_closed.complete
2025-06-24 11:23:48,736 - telegram.ext.ExtBot - DEBUG - User(api_kwargs={'can_connect_to_business': False, 'has_main_web_app': False}, can_join_groups=True, can_read_all_group_messages=False, first_name='SPRD', id=7707158318, is_bot=True, supports_inline_queries=False, username='tizi91Bot')
2025-06-24 11:23:48,736 - telegram.ext.ExtBot - DEBUG - Exiting: get_me
2025-06-24 11:23:48,736 - telegram.ext.ExtBot - DEBUG - This Bot is already initialized.
2025-06-24 11:23:48,737 - telegram.ext.Updater - DEBUG - Updater started (polling)
2025-06-24 11:23:48,737 - telegram.ext.Updater - DEBUG - Start network loop retry bootstrap del webhook
2025-06-24 11:23:48,737 - telegram.ext.Updater - DEBUG - Deleting webhook
2025-06-24 11:23:48,737 - telegram.ext.ExtBot - DEBUG - Entering: delete_webhook
2025-06-24 11:23:48,738 - httpcore.http11 - DEBUG - send_request_headers.started request=<Request [b'POST']>
2025-06-24 11:23:48,738 - httpcore.http11 - DEBUG - send_request_headers.complete
2025-06-24 11:23:48,740 - httpcore.http11 - DEBUG - send_request_body.started request=<Request [b'POST']>
2025-06-24 11:23:48,740 - httpcore.http11 - DEBUG - send_request_body.complete
2025-06-24 11:23:48,740 - httpcore.http11 - DEBUG - receive_response_headers.started request=<Request [b'POST']>
2025-06-24 11:23:48,807 - httpcore.http11 - DEBUG - receive_response_headers.complete return_value=(b'HTTP/1.1', 200, b'OK', [(b'Server', b'nginx/1.18.0'), (b'Date', b'Tue, 24 Jun 2025 10:23:49 GMT'), (b'Content-Type', b'application/json'), (b'Content-Length', b'68'), (b'Connection', b'keep-alive'), (b'Strict-Transport-Security', b'max-age=31536000; includeSubDomains; preload'), (b'Access-Control-Allow-Origin', b'*'), (b'Access-Control-Allow-Methods', b'GET, POST, OPTIONS'), (b'Access-Control-Expose-Headers', b'Content-Length,Content-Type,Date,Server,Connection')])
2025-06-24 11:23:48,808 - httpx - INFO - HTTP Request: POST https://api.telegram.org/bot7707158318:AAE8rWa4Q8Z_3avql6K0HAmXaooZAReoNF0/deleteWebhook "HTTP/1.1 200 OK"
2025-06-24 11:23:48,809 - httpcore.http11 - DEBUG - receive_response_body.started request=<Request [b'POST']>
2025-06-24 11:23:48,809 - httpcore.http11 - DEBUG - receive_response_body.complete
2025-06-24 11:23:48,810 - httpcore.http11 - DEBUG - response_closed.started
2025-06-24 11:23:48,810 - httpcore.http11 - DEBUG - response_closed.complete
2025-06-24 11:23:48,811 - telegram.ext.ExtBot - DEBUG - True
2025-06-24 11:23:48,811 - telegram.ext.ExtBot - DEBUG - Exiting: delete_webhook
2025-06-24 11:23:48,811 - telegram.ext.Updater - DEBUG - Bootstrap done
2025-06-24 11:23:48,811 - telegram.ext.Updater - DEBUG - Waiting for polling to start
2025-06-24 11:23:48,812 - telegram.ext.Updater - DEBUG - Polling updates from Telegram started
2025-06-24 11:23:48,812 - telegram.ext.Updater - DEBUG - Start network loop retry getting Updates
2025-06-24 11:23:48,812 - telegram.ext.ExtBot - DEBUG - Entering: get_updates
2025-06-24 11:23:48,816 - telegram.ext.Application - INFO - Application started
2025-06-24 11:23:48,816 - httpcore.connection - DEBUG - connect_tcp.started host='api.telegram.org' port=443 local_address=None timeout=5.0 socket_options=None
2025-06-24 11:23:48,886 - httpcore.connection - DEBUG - connect_tcp.complete return_value=<httpcore._backends.anyio.AnyIOStream object at 0x000001B63D07E920>
2025-06-24 11:23:48,886 - httpcore.connection - DEBUG - start_tls.started ssl_context=<ssl.SSLContext object at 0x000001B63CF89BC0> server_hostname='api.telegram.org' timeout=5.0
2025-06-24 11:23:48,962 - httpcore.connection - DEBUG - start_tls.complete return_value=<httpcore._backends.anyio.AnyIOStream object at 0x000001B63D07E7D0>
2025-06-24 11:23:48,962 - httpcore.http11 - DEBUG - send_request_headers.started request=<Request [b'POST']>
2025-06-24 11:23:48,962 - httpcore.http11 - DEBUG - send_request_headers.complete
2025-06-24 11:23:48,962 - httpcore.http11 - DEBUG - send_request_body.started request=<Request [b'POST']>
2025-06-24 11:23:48,962 - httpcore.http11 - DEBUG - send_request_body.complete
2025-06-24 11:23:48,962 - httpcore.http11 - DEBUG - receive_response_headers.started request=<Request [b'POST']>
2025-06-24 11:23:59,064 - httpcore.http11 - DEBUG - receive_response_headers.complete return_value=(b'HTTP/1.1', 200, b'OK', [(b'Server', b'nginx/1.18.0'), (b'Date', b'Tue, 24 Jun 2025 10:24:00 GMT'), (b'Content-Type', b'application/json'), (b'Content-Length', b'23'), (b'Connection', b'keep-alive'), (b'Strict-Transport-Security', b'max-age=31536000; includeSubDomains; preload'), (b'Access-Control-Allow-Origin', b'*'), (b'Access-Control-Allow-Methods', b'GET, POST, OPTIONS'), (b'Access-Control-Expose-Headers', b'Content-Length,Content-Type,Date,Server,Connection')])
2025-06-24 11:23:59,066 - httpx - INFO - HTTP Request: POST https://api.telegram.org/bot7707158318:AAE8rWa4Q8Z_3avql6K0HAmXaooZAReoNF0/getUpdates "HTTP/1.1 200 OK"
2025-06-24 11:23:59,066 - httpcore.http11 - DEBUG - receive_response_body.started request=<Request [b'POST']>
2025-06-24 11:23:59,066 - httpcore.http11 - DEBUG - receive_response_body.complete
2025-06-24 11:23:59,069 - httpcore.http11 - DEBUG - response_closed.started
2025-06-24 11:23:59,069 - httpcore.http11 - DEBUG - response_closed.complete
2025-06-24 11:23:59,069 - telegram.ext.ExtBot - DEBUG - No new updates found.
2025-06-24 11:23:59,069 - telegram.ext.ExtBot - DEBUG - ()
2025-06-24 11:23:59,069 - telegram.ext.ExtBot - DEBUG - Exiting: get_updates
2025-06-24 11:23:59,069 - telegram.ext.ExtBot - DEBUG - Entering: get_updates
2025-06-24 11:23:59,069 - httpcore.http11 - DEBUG - send_request_headers.started request=<Request [b'POST']>
2025-06-24 11:23:59,069 - httpcore.http11 - DEBUG - send_request_headers.complete
2025-06-24 11:23:59,069 - httpcore.http11 - DEBUG - send_request_body.started request=<Request [b'POST']>
2025-06-24 11:23:59,077 - httpcore.http11 - DEBUG - send_request_body.complete
2025-06-24 11:23:59,077 - httpcore.http11 - DEBUG - receive_response_headers.started request=<Request [b'POST']>
2025-06-24 11:24:09,198 - httpcore.http11 - DEBUG - receive_response_headers.complete return_value=(b'HTTP/1.1', 200, b'OK', [(b'Server', b'nginx/1.18.0'), (b'Date', b'Tue, 24 Jun 2025 10:24:10 GMT'), (b'Content-Type', b'application/json'), (b'Content-Length', b'23'), (b'Connection', b'keep-alive'), (b'Strict-Transport-Security', b'max-age=31536000; includeSubDomains; preload'), (b'Access-Control-Allow-Origin', b'*'), (b'Access-Control-Allow-Methods', b'GET, POST, OPTIONS'), (b'Access-Control-Expose-Headers', b'Content-Length,Content-Type,Date,Server,Connection')])
2025-06-24 11:24:09,199 - httpx - INFO - HTTP Request: POST https://api.telegram.org/bot7707158318:AAE8rWa4Q8Z_3avql6K0HAmXaooZAReoNF0/getUpdates "HTTP/1.1 200 OK"
2025-06-24 11:24:09,199 - httpcore.http11 - DEBUG - receive_response_body.started request=<Request [b'POST']>
2025-06-24 11:24:09,199 - httpcore.http11 - DEBUG - receive_response_body.complete
2025-06-24 11:24:09,199 - httpcore.http11 - DEBUG - response_closed.started
2025-06-24 11:24:09,199 - httpcore.http11 - DEBUG - response_closed.complete
2025-06-24 11:24:09,203 - telegram.ext.ExtBot - DEBUG - No new updates found.
2025-06-24 11:24:09,203 - telegram.ext.ExtBot - DEBUG - ()
2025-06-24 11:24:09,203 - telegram.ext.ExtBot - DEBUG - Exiting: get_updates
2025-06-24 11:24:09,203 - telegram.ext.ExtBot - DEBUG - Entering: get_updates
2025-06-24 11:24:09,208 - httpcore.http11 - DEBUG - send_request_headers.started request=<Request [b'POST']>
2025-06-24 11:24:09,208 - httpcore.http11 - DEBUG - send_request_headers.complete
2025-06-24 11:24:09,210 - httpcore.http11 - DEBUG - send_request_body.started request=<Request [b'POST']>
2025-06-24 11:24:09,210 - httpcore.http11 - DEBUG - send_request_body.complete
2025-06-24 11:24:09,210 - httpcore.http11 - DEBUG - receive_response_headers.started request=<Request [b'POST']>
2025-06-24 11:24:19,263 - httpcore.http11 - DEBUG - receive_response_headers.complete return_value=(b'HTTP/1.1', 200, b'OK', [(b'Server', b'nginx/1.18.0'), (b'Date', b'Tue, 24 Jun 2025 10:24:20 GMT'), (b'Content-Type', b'application/json'), (b'Content-Length', b'23'), (b'Connection', b'keep-alive'), (b'Strict-Transport-Security', b'max-age=31536000; includeSubDomains; preload'), (b'Access-Control-Allow-Origin', b'*'), (b'Access-Control-Allow-Methods', b'GET, POST, OPTIONS'), (b'Access-Control-Expose-Headers', b'Content-Length,Content-Type,Date,Server,Connection')])
2025-06-24 11:24:19,266 - httpx - INFO - HTTP Request: POST https://api.telegram.org/bot7707158318:AAE8rWa4Q8Z_3avql6K0HAmXaooZAReoNF0/getUpdates "HTTP/1.1 200 OK"
2025-06-24 11:24:19,266 - httpcore.http11 - DEBUG - receive_response_body.started request=<Request [b'POST']>
2025-06-24 11:24:19,269 - httpcore.http11 - DEBUG - receive_response_body.complete
2025-06-24 11:24:19,269 - httpcore.http11 - DEBUG - response_closed.started
2025-06-24 11:24:19,270 - httpcore.http11 - DEBUG - response_closed.complete
2025-06-24 11:24:19,270 - telegram.ext.ExtBot - DEBUG - No new updates found.
2025-06-24 11:24:19,270 - telegram.ext.ExtBot - DEBUG - ()
2025-06-24 11:24:19,270 - telegram.ext.ExtBot - DEBUG - Exiting: get_updates
2025-06-24 11:24:19,272 - telegram.ext.ExtBot - DEBUG - Entering: get_updates
2025-06-24 11:24:19,273 - httpcore.http11 - DEBUG - send_request_headers.started request=<Request [b'POST']>
2025-06-24 11:24:19,277 - httpcore.http11 - DEBUG - send_request_headers.complete
2025-06-24 11:24:19,277 - httpcore.http11 - DEBUG - send_request_body.started request=<Request [b'POST']>
2025-06-24 11:24:19,279 - httpcore.http11 - DEBUG - send_request_body.complete
2025-06-24 11:24:19,279 - httpcore.http11 - DEBUG - receive_response_headers.started request=<Request [b'POST']>
2025-06-24 11:24:23,820 - httpcore.http11 - DEBUG - receive_response_headers.complete return_value=(b'HTTP/1.1', 200, b'OK', [(b'Server', b'nginx/1.18.0'), (b'Date', b'Tue, 24 Jun 2025 10:24:24 GMT'), (b'Content-Type', b'application/json'), (b'Content-Length', b'357'), (b'Connection', b'keep-alive'), (b'Strict-Transport-Security', b'max-age=31536000; includeSubDomains; preload'), (b'Access-Control-Allow-Origin', b'*'), (b'Access-Control-Allow-Methods', b'GET, POST, OPTIONS'), (b'Access-Control-Expose-Headers', b'Content-Length,Content-Type,Date,Server,Connection')])
2025-06-24 11:24:23,821 - httpx - INFO - HTTP Request: POST https://api.telegram.org/bot7707158318:AAE8rWa4Q8Z_3avql6K0HAmXaooZAReoNF0/getUpdates "HTTP/1.1 200 OK"
2025-06-24 11:24:23,822 - httpcore.http11 - DEBUG - receive_response_body.started request=<Request [b'POST']>
2025-06-24 11:24:23,823 - httpcore.http11 - DEBUG - receive_response_body.complete
2025-06-24 11:24:23,823 - httpcore.http11 - DEBUG - response_closed.started
2025-06-24 11:24:23,823 - httpcore.http11 - DEBUG - response_closed.complete
2025-06-24 11:24:23,824 - telegram.ext.ExtBot - DEBUG - Getting updates: [37530151]
2025-06-24 11:24:23,826 - telegram.ext.ExtBot - DEBUG - (Update(message=Message(channel_chat_created=False, chat=Chat(first_name='Ghost', id=7049055170, last_name='Number1', type=<ChatType.PRIVATE>), date=datetime.datetime(2025, 6, 24, 10, 24, 24, tzinfo=<UTC>), delete_chat_photo=False, entities=(MessageEntity(length=5, offset=0, type=<MessageEntityType.BOT_COMMAND>),), from_user=User(first_name='Ghost', id=7049055170, is_bot=False, language_code='en', last_name='Number1'), group_chat_created=False, message_id=11951, supergroup_chat_created=False, text='/menu'), update_id=37530151),)
2025-06-24 11:24:23,828 - telegram.ext.ExtBot - DEBUG - Exiting: get_updates
2025-06-24 11:24:23,829 - telegram.ext.ExtBot - DEBUG - Entering: get_updates
2025-06-24 11:24:23,832 - telegram.ext.Application - DEBUG - Processing update Update(message=Message(channel_chat_created=False, chat=Chat(first_name='Ghost', id=7049055170, last_name='Number1', type=<ChatType.PRIVATE>), date=datetime.datetime(2025, 6, 24, 10, 24, 24, tzinfo=<UTC>), delete_chat_photo=False, entities=(MessageEntity(length=5, offset=0, type=<MessageEntityType.BOT_COMMAND>),), from_user=User(first_name='Ghost', id=7049055170, is_bot=False, language_code='en', last_name='Number1'), group_chat_created=False, message_id=11951, supergroup_chat_created=False, text='/menu'), update_id=37530151)
2025-06-24 11:24:23,837 - telegram.ext.ExtBot - DEBUG - Entering: send_message
2025-06-24 11:24:23,842 - httpcore.connection - DEBUG - close.started
2025-06-24 11:24:23,845 - httpcore.connection - DEBUG - close.complete
2025-06-24 11:24:23,846 - httpcore.http11 - DEBUG - send_request_headers.started request=<Request [b'POST']>
2025-06-24 11:24:23,847 - httpcore.connection - DEBUG - connect_tcp.started host='api.telegram.org' port=443 local_address=None timeout=5.0 socket_options=None
2025-06-24 11:24:23,848 - httpcore.http11 - DEBUG - send_request_headers.complete
2025-06-24 11:24:23,849 - httpcore.http11 - DEBUG - send_request_body.started request=<Request [b'POST']>
2025-06-24 11:24:23,850 - httpcore.http11 - DEBUG - send_request_body.complete
2025-06-24 11:24:23,853 - httpcore.http11 - DEBUG - receive_response_headers.started request=<Request [b'POST']>
2025-06-24 11:24:23,914 - httpcore.connection - DEBUG - connect_tcp.complete return_value=<httpcore._backends.anyio.AnyIOStream object at 0x000001B63D07C8B0>
2025-06-24 11:24:23,915 - httpcore.connection - DEBUG - start_tls.started ssl_context=<ssl.SSLContext object at 0x000001B63CF89AC0> server_hostname='api.telegram.org' timeout=5.0
2025-06-24 11:24:24,084 - httpcore.connection - DEBUG - start_tls.complete return_value=<httpcore._backends.anyio.AnyIOStream object at 0x000001B63D07F940>
2025-06-24 11:24:24,086 - httpcore.http11 - DEBUG - send_request_headers.started request=<Request [b'POST']>
2025-06-24 11:24:24,087 - httpcore.http11 - DEBUG - send_request_headers.complete
2025-06-24 11:24:24,088 - httpcore.http11 - DEBUG - send_request_body.started request=<Request [b'POST']>
2025-06-24 11:24:24,088 - httpcore.http11 - DEBUG - send_request_body.complete
2025-06-24 11:24:24,088 - httpcore.http11 - DEBUG - receive_response_headers.started request=<Request [b'POST']>
2025-06-24 11:24:24,259 - httpcore.http11 - DEBUG - receive_response_headers.complete return_value=(b'HTTP/1.1', 200, b'OK', [(b'Server', b'nginx/1.18.0'), (b'Date', b'Tue, 24 Jun 2025 10:24:25 GMT'), (b'Content-Type', b'application/json'), (b'Content-Length', b'570'), (b'Connection', b'keep-alive'), (b'Strict-Transport-Security', b'max-age=31536000; includeSubDomains; preload'), (b'Access-Control-Allow-Origin', b'*'), (b'Access-Control-Allow-Methods', b'GET, POST, OPTIONS'), (b'Access-Control-Expose-Headers', b'Content-Length,Content-Type,Date,Server,Connection')])
2025-06-24 11:24:24,261 - httpx - INFO - HTTP Request: POST https://api.telegram.org/bot7707158318:AAE8rWa4Q8Z_3avql6K0HAmXaooZAReoNF0/sendMessage "HTTP/1.1 200 OK"
2025-06-24 11:24:24,262 - httpcore.http11 - DEBUG - receive_response_body.started request=<Request [b'POST']>
2025-06-24 11:24:24,263 - httpcore.http11 - DEBUG - receive_response_body.complete
2025-06-24 11:24:24,263 - httpcore.http11 - DEBUG - response_closed.started
2025-06-24 11:24:24,263 - httpcore.http11 - DEBUG - response_closed.complete
2025-06-24 11:24:24,266 - telegram.ext.ExtBot - DEBUG - Message(channel_chat_created=False, chat=Chat(first_name='Ghost', id=7049055170, last_name='Number1', type=<ChatType.PRIVATE>), date=datetime.datetime(2025, 6, 24, 10, 24, 25, tzinfo=<UTC>), delete_chat_photo=False, from_user=User(first_name='SPRD', id=7707158318, is_bot=True, username='tizi91Bot'), group_chat_created=False, message_id=11952, reply_markup=InlineKeyboardMarkup(inline_keyboard=((InlineKeyboardButton(callback_data='start_sniperx', text='🚀 Start SniperX'),), (InlineKeyboardButton(callback_data='stop_sniperx', text='🛑 Stop SniperX'), InlineKeyboardButton(callback_data='status_sniperx', text='📊 Status')), (InlineKeyboardButton(callback_data='show_balance', text='💰 Balance'),))), supergroup_chat_created=False, text='SniperX Bot Control Panel:')
2025-06-24 11:24:24,269 - telegram.ext.ExtBot - DEBUG - Exiting: send_message
2025-06-24 11:24:26,161 - httpcore.http11 - DEBUG - receive_response_headers.complete return_value=(b'HTTP/1.1', 200, b'OK', [(b'Server', b'nginx/1.18.0'), (b'Date', b'Tue, 24 Jun 2025 10:24:27 GMT'), (b'Content-Type', b'application/json'), (b'Content-Length', b'818'), (b'Connection', b'keep-alive'), (b'Strict-Transport-Security', b'max-age=31536000; includeSubDomains; preload'), (b'Access-Control-Allow-Origin', b'*'), (b'Access-Control-Allow-Methods', b'GET, POST, OPTIONS'), (b'Access-Control-Expose-Headers', b'Content-Length,Content-Type,Date,Server,Connection')])
2025-06-24 11:24:26,162 - httpx - INFO - HTTP Request: POST https://api.telegram.org/bot7707158318:AAE8rWa4Q8Z_3avql6K0HAmXaooZAReoNF0/getUpdates "HTTP/1.1 200 OK"
2025-06-24 11:24:26,164 - httpcore.http11 - DEBUG - receive_response_body.started request=<Request [b'POST']>
2025-06-24 11:24:26,164 - httpcore.http11 - DEBUG - receive_response_body.complete
2025-06-24 11:24:26,165 - httpcore.http11 - DEBUG - response_closed.started
2025-06-24 11:24:26,165 - httpcore.http11 - DEBUG - response_closed.complete
2025-06-24 11:24:26,167 - telegram.ext.ExtBot - DEBUG - Getting updates: [37530152]
2025-06-24 11:24:26,168 - telegram.ext.ExtBot - DEBUG - (Update(callback_query=CallbackQuery(chat_instance='-1307310250263184334', data='start_sniperx', from_user=User(first_name='Ghost', id=7049055170, is_bot=False, language_code='en', last_name='Number1'), id='2605345315515483835', message=Message(channel_chat_created=False, chat=Chat(first_name='Ghost', id=7049055170, last_name='Number1', type=<ChatType.PRIVATE>), date=datetime.datetime(2025, 6, 24, 10, 24, 25, tzinfo=<UTC>), delete_chat_photo=False, from_user=User(first_name='SPRD', id=7707158318, is_bot=True, username='tizi91Bot'), group_chat_created=False, message_id=11952, reply_markup=InlineKeyboardMarkup(inline_keyboard=((InlineKeyboardButton(callback_data='start_sniperx', text='🚀 Start SniperX'),), (InlineKeyboardButton(callback_data='stop_sniperx', text='🛑 Stop SniperX'), InlineKeyboardButton(callback_data='status_sniperx', text='📊 Status')), (InlineKeyboardButton(callback_data='show_balance', text='💰 Balance'),))), supergroup_chat_created=False, text='SniperX Bot Control Panel:')), update_id=37530152),)
2025-06-24 11:24:26,171 - telegram.ext.ExtBot - DEBUG - Exiting: get_updates
2025-06-24 11:24:26,171 - telegram.ext.ExtBot - DEBUG - Entering: get_updates
2025-06-24 11:24:26,173 - telegram.ext.Application - DEBUG - Processing update Update(callback_query=CallbackQuery(chat_instance='-1307310250263184334', data='start_sniperx', from_user=User(first_name='Ghost', id=7049055170, is_bot=False, language_code='en', last_name='Number1'), id='2605345315515483835', message=Message(channel_chat_created=False, chat=Chat(first_name='Ghost', id=7049055170, last_name='Number1', type=<ChatType.PRIVATE>), date=datetime.datetime(2025, 6, 24, 10, 24, 25, tzinfo=<UTC>), delete_chat_photo=False, from_user=User(first_name='SPRD', id=7707158318, is_bot=True, username='tizi91Bot'), group_chat_created=False, message_id=11952, reply_markup=InlineKeyboardMarkup(inline_keyboard=((InlineKeyboardButton(callback_data='start_sniperx', text='🚀 Start SniperX'),), (InlineKeyboardButton(callback_data='stop_sniperx', text='🛑 Stop SniperX'), InlineKeyboardButton(callback_data='status_sniperx', text='📊 Status')), (InlineKeyboardButton(callback_data='show_balance', text='💰 Balance'),))), supergroup_chat_created=False, text='SniperX Bot Control Panel:')), update_id=37530152)
2025-06-24 11:24:26,177 - __main__ - INFO - Button callback received: Update(callback_query=CallbackQuery(chat_instance='-1307310250263184334', data='start_sniperx', from_user=User(first_name='Ghost', id=7049055170, is_bot=False, language_code='en', last_name='Number1'), id='2605345315515483835', message=Message(channel_chat_created=False, chat=Chat(first_name='Ghost', id=7049055170, last_name='Number1', type=<ChatType.PRIVATE>), date=datetime.datetime(2025, 6, 24, 10, 24, 25, tzinfo=<UTC>), delete_chat_photo=False, from_user=User(first_name='SPRD', id=7707158318, is_bot=True, username='tizi91Bot'), group_chat_created=False, message_id=11952, reply_markup=InlineKeyboardMarkup(inline_keyboard=((InlineKeyboardButton(callback_data='start_sniperx', text='🚀 Start SniperX'),), (InlineKeyboardButton(callback_data='stop_sniperx', text='🛑 Stop SniperX'), InlineKeyboardButton(callback_data='status_sniperx', text='📊 Status')), (InlineKeyboardButton(callback_data='show_balance', text='💰 Balance'),))), supergroup_chat_created=False, text='SniperX Bot Control Panel:')), update_id=37530152)
2025-06-24 11:24:26,179 - telegram.ext.ExtBot - DEBUG - Entering: answer_callback_query
2025-06-24 11:24:26,189 - httpcore.http11 - DEBUG - send_request_headers.started request=<Request [b'POST']>
2025-06-24 11:24:26,192 - httpcore.http11 - DEBUG - send_request_headers.started request=<Request [b'POST']>
2025-06-24 11:24:26,194 - httpcore.http11 - DEBUG - send_request_headers.complete
2025-06-24 11:24:26,195 - httpcore.http11 - DEBUG - send_request_body.started request=<Request [b'POST']>
2025-06-24 11:24:26,196 - httpcore.http11 - DEBUG - send_request_headers.complete
2025-06-24 11:24:26,197 - httpcore.http11 - DEBUG - send_request_body.started request=<Request [b'POST']>
2025-06-24 11:24:26,199 - httpcore.http11 - DEBUG - send_request_body.complete
2025-06-24 11:24:26,200 - httpcore.http11 - DEBUG - receive_response_headers.started request=<Request [b'POST']>
2025-06-24 11:24:26,201 - httpcore.http11 - DEBUG - send_request_body.complete
2025-06-24 11:24:26,201 - httpcore.http11 - DEBUG - receive_response_headers.started request=<Request [b'POST']>
2025-06-24 11:24:26,271 - httpcore.http11 - DEBUG - receive_response_headers.complete return_value=(b'HTTP/1.1', 200, b'OK', [(b'Server', b'nginx/1.18.0'), (b'Date', b'Tue, 24 Jun 2025 10:24:27 GMT'), (b'Content-Type', b'application/json'), (b'Content-Length', b'25'), (b'Connection', b'keep-alive'), (b'Strict-Transport-Security', b'max-age=31536000; includeSubDomains; preload'), (b'Access-Control-Allow-Origin', b'*'), (b'Access-Control-Allow-Methods', b'GET, POST, OPTIONS'), (b'Access-Control-Expose-Headers', b'Content-Length,Content-Type,Date,Server,Connection')])
2025-06-24 11:24:26,272 - httpx - INFO - HTTP Request: POST https://api.telegram.org/bot7707158318:AAE8rWa4Q8Z_3avql6K0HAmXaooZAReoNF0/answerCallbackQuery "HTTP/1.1 200 OK"
2025-06-24 11:24:26,272 - httpcore.http11 - DEBUG - receive_response_body.started request=<Request [b'POST']>
2025-06-24 11:24:26,274 - httpcore.http11 - DEBUG - receive_response_body.complete
2025-06-24 11:24:26,274 - httpcore.http11 - DEBUG - response_closed.started
2025-06-24 11:24:26,275 - httpcore.http11 - DEBUG - response_closed.complete
2025-06-24 11:24:26,275 - telegram.ext.ExtBot - DEBUG - True
2025-06-24 11:24:26,275 - telegram.ext.ExtBot - DEBUG - Exiting: answer_callback_query
2025-06-24 11:24:26,276 - __main__ - INFO - Processing action: start_sniperx
2025-06-24 11:24:26,279 - telegram.ext.ExtBot - DEBUG - Entering: send_message
2025-06-24 11:24:26,283 - httpcore.http11 - DEBUG - send_request_headers.started request=<Request [b'POST']>
2025-06-24 11:24:26,286 - httpcore.http11 - DEBUG - send_request_headers.complete
2025-06-24 11:24:26,286 - httpcore.http11 - DEBUG - send_request_body.started request=<Request [b'POST']>
2025-06-24 11:24:26,287 - httpcore.http11 - DEBUG - send_request_body.complete
2025-06-24 11:24:26,287 - httpcore.http11 - DEBUG - receive_response_headers.started request=<Request [b'POST']>
2025-06-24 11:24:26,366 - httpcore.http11 - DEBUG - receive_response_headers.complete return_value=(b'HTTP/1.1', 200, b'OK', [(b'Server', b'nginx/1.18.0'), (b'Date', b'Tue, 24 Jun 2025 10:24:27 GMT'), (b'Content-Type', b'application/json'), (b'Content-Length', b'262'), (b'Connection', b'keep-alive'), (b'Strict-Transport-Security', b'max-age=31536000; includeSubDomains; preload'), (b'Access-Control-Allow-Origin', b'*'), (b'Access-Control-Allow-Methods', b'GET, POST, OPTIONS'), (b'Access-Control-Expose-Headers', b'Content-Length,Content-Type,Date,Server,Connection')])
2025-06-24 11:24:26,368 - httpx - INFO - HTTP Request: POST https://api.telegram.org/bot7707158318:AAE8rWa4Q8Z_3avql6K0HAmXaooZAReoNF0/sendMessage "HTTP/1.1 200 OK"
2025-06-24 11:24:26,369 - httpcore.http11 - DEBUG - receive_response_body.started request=<Request [b'POST']>
2025-06-24 11:24:26,370 - httpcore.http11 - DEBUG - receive_response_body.complete
2025-06-24 11:24:26,370 - httpcore.http11 - DEBUG - response_closed.started
2025-06-24 11:24:26,371 - httpcore.http11 - DEBUG - response_closed.complete
2025-06-24 11:24:26,372 - telegram.ext.ExtBot - DEBUG - Message(channel_chat_created=False, chat=Chat(first_name='Ghost', id=7049055170, last_name='Number1', type=<ChatType.PRIVATE>), date=datetime.datetime(2025, 6, 24, 10, 24, 27, tzinfo=<UTC>), delete_chat_photo=False, from_user=User(first_name='SPRD', id=7707158318, is_bot=True, username='tizi91Bot'), group_chat_created=False, message_id=11953, supergroup_chat_created=False, text='Starting wallet manager...')
2025-06-24 11:24:26,373 - telegram.ext.ExtBot - DEBUG - Exiting: send_message
2025-06-24 11:24:28,710 - telegram.ext.ExtBot - DEBUG - Entering: send_message
2025-06-24 11:24:28,715 - httpcore.http11 - DEBUG - send_request_headers.started request=<Request [b'POST']>
2025-06-24 11:24:28,717 - httpcore.http11 - DEBUG - send_request_headers.complete
2025-06-24 11:24:28,717 - httpcore.http11 - DEBUG - send_request_body.started request=<Request [b'POST']>
2025-06-24 11:24:28,718 - httpcore.http11 - DEBUG - send_request_body.complete
2025-06-24 11:24:28,719 - httpcore.http11 - DEBUG - receive_response_headers.started request=<Request [b'POST']>
2025-06-24 11:24:28,815 - httpcore.http11 - DEBUG - receive_response_headers.complete return_value=(b'HTTP/1.1', 200, b'OK', [(b'Server', b'nginx/1.18.0'), (b'Date', b'Tue, 24 Jun 2025 10:24:29 GMT'), (b'Content-Type', b'application/json'), (b'Content-Length', b'322'), (b'Connection', b'keep-alive'), (b'Strict-Transport-Security', b'max-age=31536000; includeSubDomains; preload'), (b'Access-Control-Allow-Origin', b'*'), (b'Access-Control-Allow-Methods', b'GET, POST, OPTIONS'), (b'Access-Control-Expose-Headers', b'Content-Length,Content-Type,Date,Server,Connection')])
2025-06-24 11:24:28,818 - httpx - INFO - HTTP Request: POST https://api.telegram.org/bot7707158318:AAE8rWa4Q8Z_3avql6K0HAmXaooZAReoNF0/sendMessage "HTTP/1.1 200 OK"
2025-06-24 11:24:28,819 - httpcore.http11 - DEBUG - receive_response_body.started request=<Request [b'POST']>
2025-06-24 11:24:28,819 - httpcore.http11 - DEBUG - receive_response_body.complete
2025-06-24 11:24:28,820 - httpcore.http11 - DEBUG - response_closed.started
2025-06-24 11:24:28,820 - httpcore.http11 - DEBUG - response_closed.complete
2025-06-24 11:24:28,822 - telegram.ext.ExtBot - DEBUG - Message(channel_chat_created=False, chat=Chat(first_name='Ghost', id=7049055170, last_name='Number1', type=<ChatType.PRIVATE>), date=datetime.datetime(2025, 6, 24, 10, 24, 29, tzinfo=<UTC>), delete_chat_photo=False, entities=(MessageEntity(length=5, offset=8, type=<MessageEntityType.URL>),), from_user=User(first_name='SPRD', id=7707158318, is_bot=True, username='tizi91Bot'), group_chat_created=False, message_id=11954, supergroup_chat_created=False, text='SniperX V2.py started with PID 7228.')
2025-06-24 11:24:28,823 - telegram.ext.ExtBot - DEBUG - Exiting: send_message
2025-06-24 11:24:28,823 - __main__ - INFO - SniperX V2.py started with PID 7228 by user tizi91Bot
2025-06-24 11:24:28,825 - telegram.ext.ExtBot - DEBUG - Entering: edit_message_text
2025-06-24 11:24:28,829 - httpcore.http11 - DEBUG - send_request_headers.started request=<Request [b'POST']>
2025-06-24 11:24:28,830 - httpcore.http11 - DEBUG - send_request_headers.complete
2025-06-24 11:24:28,830 - httpcore.http11 - DEBUG - send_request_body.started request=<Request [b'POST']>
2025-06-24 11:24:28,831 - httpcore.http11 - DEBUG - send_request_body.complete
2025-06-24 11:24:28,832 - httpcore.http11 - DEBUG - receive_response_headers.started request=<Request [b'POST']>
2025-06-24 11:24:29,041 - httpcore.http11 - DEBUG - receive_response_headers.complete return_value=(b'HTTP/1.1', 400, b'Bad Request', [(b'Server', b'nginx/1.18.0'), (b'Date', b'Tue, 24 Jun 2025 10:24:30 GMT'), (b'Content-Type', b'application/json'), (b'Content-Length', b'204'), (b'Connection', b'keep-alive'), (b'Strict-Transport-Security', b'max-age=31536000; includeSubDomains; preload'), (b'Access-Control-Allow-Origin', b'*'), (b'Access-Control-Expose-Headers', b'Content-Length,Content-Type,Date,Server,Connection')])
2025-06-24 11:24:29,042 - httpx - INFO - HTTP Request: POST https://api.telegram.org/bot7707158318:AAE8rWa4Q8Z_3avql6K0HAmXaooZAReoNF0/editMessageText "HTTP/1.1 400 Bad Request"
2025-06-24 11:24:29,043 - httpcore.http11 - DEBUG - receive_response_body.started request=<Request [b'POST']>
2025-06-24 11:24:29,044 - httpcore.http11 - DEBUG - receive_response_body.complete
2025-06-24 11:24:29,044 - httpcore.http11 - DEBUG - response_closed.started
2025-06-24 11:24:29,045 - httpcore.http11 - DEBUG - response_closed.complete
2025-06-24 11:24:29,046 - __main__ - ERROR - Error showing menu: Message is not modified: specified new message content and reply markup are exactly the same as a current content and reply markup of the message
2025-06-24 11:24:29,047 - telegram.ext.ExtBot - DEBUG - Entering: send_message
2025-06-24 11:24:29,051 - httpcore.http11 - DEBUG - send_request_headers.started request=<Request [b'POST']>
2025-06-24 11:24:29,052 - httpcore.http11 - DEBUG - send_request_headers.complete
2025-06-24 11:24:29,053 - httpcore.http11 - DEBUG - send_request_body.started request=<Request [b'POST']>
2025-06-24 11:24:29,055 - httpcore.http11 - DEBUG - send_request_body.complete
2025-06-24 11:24:29,055 - httpcore.http11 - DEBUG - receive_response_headers.started request=<Request [b'POST']>
2025-06-24 11:24:29,196 - httpcore.http11 - DEBUG - receive_response_headers.complete return_value=(b'HTTP/1.1', 200, b'OK', [(b'Server', b'nginx/1.18.0'), (b'Date', b'Tue, 24 Jun 2025 10:24:30 GMT'), (b'Content-Type', b'application/json'), (b'Content-Length', b'570'), (b'Connection', b'keep-alive'), (b'Strict-Transport-Security', b'max-age=31536000; includeSubDomains; preload'), (b'Access-Control-Allow-Origin', b'*'), (b'Access-Control-Allow-Methods', b'GET, POST, OPTIONS'), (b'Access-Control-Expose-Headers', b'Content-Length,Content-Type,Date,Server,Connection')])
2025-06-24 11:24:29,197 - httpx - INFO - HTTP Request: POST https://api.telegram.org/bot7707158318:AAE8rWa4Q8Z_3avql6K0HAmXaooZAReoNF0/sendMessage "HTTP/1.1 200 OK"
2025-06-24 11:24:29,200 - httpcore.http11 - DEBUG - receive_response_body.started request=<Request [b'POST']>
2025-06-24 11:24:29,201 - httpcore.http11 - DEBUG - receive_response_body.complete
2025-06-24 11:24:29,201 - httpcore.http11 - DEBUG - response_closed.started
2025-06-24 11:24:29,202 - httpcore.http11 - DEBUG - response_closed.complete
2025-06-24 11:24:29,206 - telegram.ext.ExtBot - DEBUG - Message(channel_chat_created=False, chat=Chat(first_name='Ghost', id=7049055170, last_name='Number1', type=<ChatType.PRIVATE>), date=datetime.datetime(2025, 6, 24, 10, 24, 30, tzinfo=<UTC>), delete_chat_photo=False, from_user=User(first_name='SPRD', id=7707158318, is_bot=True, username='tizi91Bot'), group_chat_created=False, message_id=11955, reply_markup=InlineKeyboardMarkup(inline_keyboard=((InlineKeyboardButton(callback_data='start_sniperx', text='🚀 Start SniperX'),), (InlineKeyboardButton(callback_data='stop_sniperx', text='🛑 Stop SniperX'), InlineKeyboardButton(callback_data='status_sniperx', text='📊 Status')), (InlineKeyboardButton(callback_data='show_balance', text='💰 Balance'),))), supergroup_chat_created=False, text='SniperX Bot Control Panel:')
2025-06-24 11:24:29,206 - telegram.ext.ExtBot - DEBUG - Exiting: send_message
2025-06-24 11:24:36,283 - httpcore.http11 - DEBUG - receive_response_headers.complete return_value=(b'HTTP/1.1', 200, b'OK', [(b'Server', b'nginx/1.18.0'), (b'Date', b'Tue, 24 Jun 2025 10:24:37 GMT'), (b'Content-Type', b'application/json'), (b'Content-Length', b'23'), (b'Connection', b'keep-alive'), (b'Strict-Transport-Security', b'max-age=31536000; includeSubDomains; preload'), (b'Access-Control-Allow-Origin', b'*'), (b'Access-Control-Allow-Methods', b'GET, POST, OPTIONS'), (b'Access-Control-Expose-Headers', b'Content-Length,Content-Type,Date,Server,Connection')])
2025-06-24 11:24:36,284 - httpx - INFO - HTTP Request: POST https://api.telegram.org/bot7707158318:AAE8rWa4Q8Z_3avql6K0HAmXaooZAReoNF0/getUpdates "HTTP/1.1 200 OK"
2025-06-24 11:24:36,284 - httpcore.http11 - DEBUG - receive_response_body.started request=<Request [b'POST']>
2025-06-24 11:24:36,285 - httpcore.http11 - DEBUG - receive_response_body.complete
2025-06-24 11:24:36,285 - httpcore.http11 - DEBUG - response_closed.started
2025-06-24 11:24:36,286 - httpcore.http11 - DEBUG - response_closed.complete
2025-06-24 11:24:36,287 - telegram.ext.ExtBot - DEBUG - No new updates found.
2025-06-24 11:24:36,287 - telegram.ext.ExtBot - DEBUG - ()
2025-06-24 11:24:36,287 - telegram.ext.ExtBot - DEBUG - Exiting: get_updates
2025-06-24 11:24:36,287 - telegram.ext.ExtBot - DEBUG - Entering: get_updates
2025-06-24 11:24:36,288 - httpcore.http11 - DEBUG - send_request_headers.started request=<Request [b'POST']>
2025-06-24 11:24:36,290 - httpcore.http11 - DEBUG - send_request_headers.complete
2025-06-24 11:24:36,290 - httpcore.http11 - DEBUG - send_request_body.started request=<Request [b'POST']>
2025-06-24 11:24:36,291 - httpcore.http11 - DEBUG - send_request_body.complete
2025-06-24 11:24:36,291 - httpcore.http11 - DEBUG - receive_response_headers.started request=<Request [b'POST']>
2025-06-24 11:24:46,362 - httpcore.http11 - DEBUG - receive_response_headers.complete return_value=(b'HTTP/1.1', 200, b'OK', [(b'Server', b'nginx/1.18.0'), (b'Date', b'Tue, 24 Jun 2025 10:24:47 GMT'), (b'Content-Type', b'application/json'), (b'Content-Length', b'23'), (b'Connection', b'keep-alive'), (b'Strict-Transport-Security', b'max-age=31536000; includeSubDomains; preload'), (b'Access-Control-Allow-Origin', b'*'), (b'Access-Control-Allow-Methods', b'GET, POST, OPTIONS'), (b'Access-Control-Expose-Headers', b'Content-Length,Content-Type,Date,Server,Connection')])
2025-06-24 11:24:46,362 - httpx - INFO - HTTP Request: POST https://api.telegram.org/bot7707158318:AAE8rWa4Q8Z_3avql6K0HAmXaooZAReoNF0/getUpdates "HTTP/1.1 200 OK"
2025-06-24 11:24:46,362 - httpcore.http11 - DEBUG - receive_response_body.started request=<Request [b'POST']>
2025-06-24 11:24:46,362 - httpcore.http11 - DEBUG - receive_response_body.complete
2025-06-24 11:24:46,366 - httpcore.http11 - DEBUG - response_closed.started
2025-06-24 11:24:46,367 - httpcore.http11 - DEBUG - response_closed.complete
2025-06-24 11:24:46,367 - telegram.ext.ExtBot - DEBUG - No new updates found.
2025-06-24 11:24:46,367 - telegram.ext.ExtBot - DEBUG - ()
2025-06-24 11:24:46,368 - telegram.ext.ExtBot - DEBUG - Exiting: get_updates
2025-06-24 11:24:46,368 - telegram.ext.ExtBot - DEBUG - Entering: get_updates
2025-06-24 11:24:46,370 - httpcore.http11 - DEBUG - send_request_headers.started request=<Request [b'POST']>
2025-06-24 11:24:46,372 - httpcore.http11 - DEBUG - send_request_headers.complete
2025-06-24 11:24:46,372 - httpcore.http11 - DEBUG - send_request_body.started request=<Request [b'POST']>
2025-06-24 11:24:46,374 - httpcore.http11 - DEBUG - send_request_body.complete
2025-06-24 11:24:46,376 - httpcore.http11 - DEBUG - receive_response_headers.started request=<Request [b'POST']>
2025-06-24 11:24:56,435 - httpcore.http11 - DEBUG - receive_response_headers.complete return_value=(b'HTTP/1.1', 200, b'OK', [(b'Server', b'nginx/1.18.0'), (b'Date', b'Tue, 24 Jun 2025 10:24:57 GMT'), (b'Content-Type', b'application/json'), (b'Content-Length', b'23'), (b'Connection', b'keep-alive'), (b'Strict-Transport-Security', b'max-age=31536000; includeSubDomains; preload'), (b'Access-Control-Allow-Origin', b'*'), (b'Access-Control-Allow-Methods', b'GET, POST, OPTIONS'), (b'Access-Control-Expose-Headers', b'Content-Length,Content-Type,Date,Server,Connection')])
2025-06-24 11:24:56,436 - httpx - INFO - HTTP Request: POST https://api.telegram.org/bot7707158318:AAE8rWa4Q8Z_3avql6K0HAmXaooZAReoNF0/getUpdates "HTTP/1.1 200 OK"
2025-06-24 11:24:56,438 - httpcore.http11 - DEBUG - receive_response_body.started request=<Request [b'POST']>
2025-06-24 11:24:56,439 - httpcore.http11 - DEBUG - receive_response_body.complete
2025-06-24 11:24:56,440 - httpcore.http11 - DEBUG - response_closed.started
2025-06-24 11:24:56,442 - httpcore.http11 - DEBUG - response_closed.complete
2025-06-24 11:24:56,442 - telegram.ext.ExtBot - DEBUG - No new updates found.
2025-06-24 11:24:56,442 - telegram.ext.ExtBot - DEBUG - ()
2025-06-24 11:24:56,443 - telegram.ext.ExtBot - DEBUG - Exiting: get_updates
2025-06-24 11:24:56,443 - telegram.ext.ExtBot - DEBUG - Entering: get_updates
2025-06-24 11:24:56,446 - httpcore.http11 - DEBUG - send_request_headers.started request=<Request [b'POST']>
2025-06-24 11:24:56,448 - httpcore.http11 - DEBUG - send_request_headers.complete
2025-06-24 11:24:56,448 - httpcore.http11 - DEBUG - send_request_body.started request=<Request [b'POST']>
2025-06-24 11:24:56,449 - httpcore.http11 - DEBUG - send_request_body.complete
2025-06-24 11:24:56,449 - httpcore.http11 - DEBUG - receive_response_headers.started request=<Request [b'POST']>
2025-06-24 11:25:06,512 - httpcore.http11 - DEBUG - receive_response_headers.complete return_value=(b'HTTP/1.1', 200, b'OK', [(b'Server', b'nginx/1.18.0'), (b'Date', b'Tue, 24 Jun 2025 10:25:07 GMT'), (b'Content-Type', b'application/json'), (b'Content-Length', b'23'), (b'Connection', b'keep-alive'), (b'Strict-Transport-Security', b'max-age=31536000; includeSubDomains; preload'), (b'Access-Control-Allow-Origin', b'*'), (b'Access-Control-Allow-Methods', b'GET, POST, OPTIONS'), (b'Access-Control-Expose-Headers', b'Content-Length,Content-Type,Date,Server,Connection')])
2025-06-24 11:25:06,514 - httpx - INFO - HTTP Request: POST https://api.telegram.org/bot7707158318:AAE8rWa4Q8Z_3avql6K0HAmXaooZAReoNF0/getUpdates "HTTP/1.1 200 OK"
2025-06-24 11:25:06,543 - httpcore.http11 - DEBUG - receive_response_body.started request=<Request [b'POST']>
2025-06-24 11:25:06,571 - httpcore.http11 - DEBUG - receive_response_body.complete
2025-06-24 11:25:06,609 - httpcore.http11 - DEBUG - response_closed.started
2025-06-24 11:25:06,610 - httpcore.http11 - DEBUG - response_closed.complete
2025-06-24 11:25:06,612 - telegram.ext.ExtBot - DEBUG - No new updates found.
2025-06-24 11:25:06,612 - telegram.ext.ExtBot - DEBUG - ()
2025-06-24 11:25:06,612 - telegram.ext.ExtBot - DEBUG - Exiting: get_updates
2025-06-24 11:25:06,618 - telegram.ext.ExtBot - DEBUG - Entering: get_updates
2025-06-24 11:25:06,625 - httpcore.http11 - DEBUG - send_request_headers.started request=<Request [b'POST']>
2025-06-24 11:25:06,628 - httpcore.http11 - DEBUG - send_request_headers.complete
2025-06-24 11:25:06,628 - httpcore.http11 - DEBUG - send_request_body.started request=<Request [b'POST']>
2025-06-24 11:25:06,629 - httpcore.http11 - DEBUG - send_request_body.complete
2025-06-24 11:25:06,634 - httpcore.http11 - DEBUG - receive_response_headers.started request=<Request [b'POST']>
2025-06-24 11:25:16,687 - httpcore.http11 - DEBUG - receive_response_headers.complete return_value=(b'HTTP/1.1', 200, b'OK', [(b'Server', b'nginx/1.18.0'), (b'Date', b'Tue, 24 Jun 2025 10:25:17 GMT'), (b'Content-Type', b'application/json'), (b'Content-Length', b'23'), (b'Connection', b'keep-alive'), (b'Strict-Transport-Security', b'max-age=31536000; includeSubDomains; preload'), (b'Access-Control-Allow-Origin', b'*'), (b'Access-Control-Allow-Methods', b'GET, POST, OPTIONS'), (b'Access-Control-Expose-Headers', b'Content-Length,Content-Type,Date,Server,Connection')])
2025-06-24 11:25:16,690 - httpx - INFO - HTTP Request: POST https://api.telegram.org/bot7707158318:AAE8rWa4Q8Z_3avql6K0HAmXaooZAReoNF0/getUpdates "HTTP/1.1 200 OK"
2025-06-24 11:25:16,693 - httpcore.http11 - DEBUG - receive_response_body.started request=<Request [b'POST']>
2025-06-24 11:25:16,693 - httpcore.http11 - DEBUG - receive_response_body.complete
2025-06-24 11:25:16,695 - httpcore.http11 - DEBUG - response_closed.started
2025-06-24 11:25:16,696 - httpcore.http11 - DEBUG - response_closed.complete
2025-06-24 11:25:16,699 - telegram.ext.ExtBot - DEBUG - No new updates found.
2025-06-24 11:25:16,700 - telegram.ext.ExtBot - DEBUG - ()
2025-06-24 11:25:16,700 - telegram.ext.ExtBot - DEBUG - Exiting: get_updates
2025-06-24 11:25:16,701 - telegram.ext.ExtBot - DEBUG - Entering: get_updates
2025-06-24 11:25:16,710 - httpcore.http11 - DEBUG - send_request_headers.started request=<Request [b'POST']>
2025-06-24 11:25:16,718 - httpcore.http11 - DEBUG - send_request_headers.complete
2025-06-24 11:25:16,719 - httpcore.http11 - DEBUG - send_request_body.started request=<Request [b'POST']>
2025-06-24 11:25:16,724 - httpcore.http11 - DEBUG - send_request_body.complete
2025-06-24 11:25:16,724 - httpcore.http11 - DEBUG - receive_response_headers.started request=<Request [b'POST']>
2025-06-24 11:25:26,783 - httpcore.http11 - DEBUG - receive_response_headers.complete return_value=(b'HTTP/1.1', 200, b'OK', [(b'Server', b'nginx/1.18.0'), (b'Date', b'Tue, 24 Jun 2025 10:25:27 GMT'), (b'Content-Type', b'application/json'), (b'Content-Length', b'23'), (b'Connection', b'keep-alive'), (b'Strict-Transport-Security', b'max-age=31536000; includeSubDomains; preload'), (b'Access-Control-Allow-Origin', b'*'), (b'Access-Control-Allow-Methods', b'GET, POST, OPTIONS'), (b'Access-Control-Expose-Headers', b'Content-Length,Content-Type,Date,Server,Connection')])
2025-06-24 11:25:26,794 - httpx - INFO - HTTP Request: POST https://api.telegram.org/bot7707158318:AAE8rWa4Q8Z_3avql6K0HAmXaooZAReoNF0/getUpdates "HTTP/1.1 200 OK"
2025-06-24 11:25:26,822 - httpcore.http11 - DEBUG - receive_response_body.started request=<Request [b'POST']>
2025-06-24 11:25:26,832 - httpcore.http11 - DEBUG - receive_response_body.complete
2025-06-24 11:25:26,848 - httpcore.http11 - DEBUG - response_closed.started
2025-06-24 11:25:26,885 - httpcore.http11 - DEBUG - response_closed.complete
2025-06-24 11:25:26,948 - telegram.ext.ExtBot - DEBUG - No new updates found.
2025-06-24 11:25:26,949 - telegram.ext.ExtBot - DEBUG - ()
2025-06-24 11:25:26,960 - telegram.ext.ExtBot - DEBUG - Exiting: get_updates
2025-06-24 11:25:26,960 - telegram.ext.ExtBot - DEBUG - Entering: get_updates
2025-06-24 11:25:26,966 - httpcore.http11 - DEBUG - send_request_headers.started request=<Request [b'POST']>
2025-06-24 11:25:26,968 - httpcore.http11 - DEBUG - send_request_headers.complete
2025-06-24 11:25:26,969 - httpcore.http11 - DEBUG - send_request_body.started request=<Request [b'POST']>
2025-06-24 11:25:26,974 - httpcore.http11 - DEBUG - send_request_body.complete
2025-06-24 11:25:26,976 - httpcore.http11 - DEBUG - receive_response_headers.started request=<Request [b'POST']>
2025-06-24 11:25:37,062 - httpcore.http11 - DEBUG - receive_response_headers.complete return_value=(b'HTTP/1.1', 200, b'OK', [(b'Server', b'nginx/1.18.0'), (b'Date', b'Tue, 24 Jun 2025 10:25:38 GMT'), (b'Content-Type', b'application/json'), (b'Content-Length', b'23'), (b'Connection', b'keep-alive'), (b'Strict-Transport-Security', b'max-age=31536000; includeSubDomains; preload'), (b'Access-Control-Allow-Origin', b'*'), (b'Access-Control-Allow-Methods', b'GET, POST, OPTIONS'), (b'Access-Control-Expose-Headers', b'Content-Length,Content-Type,Date,Server,Connection')])
2025-06-24 11:25:37,074 - httpx - INFO - HTTP Request: POST https://api.telegram.org/bot7707158318:AAE8rWa4Q8Z_3avql6K0HAmXaooZAReoNF0/getUpdates "HTTP/1.1 200 OK"
2025-06-24 11:25:37,103 - httpcore.http11 - DEBUG - receive_response_body.started request=<Request [b'POST']>
2025-06-24 11:25:37,152 - httpcore.http11 - DEBUG - receive_response_body.complete
2025-06-24 11:25:37,152 - httpcore.http11 - DEBUG - response_closed.started
2025-06-24 11:25:37,156 - httpcore.http11 - DEBUG - response_closed.complete
2025-06-24 11:25:37,157 - telegram.ext.ExtBot - DEBUG - No new updates found.
2025-06-24 11:25:37,158 - telegram.ext.ExtBot - DEBUG - ()
2025-06-24 11:25:37,158 - telegram.ext.ExtBot - DEBUG - Exiting: get_updates
2025-06-24 11:25:37,158 - telegram.ext.ExtBot - DEBUG - Entering: get_updates
2025-06-24 11:25:37,277 - httpcore.http11 - DEBUG - send_request_headers.started request=<Request [b'POST']>
2025-06-24 11:25:37,280 - httpcore.http11 - DEBUG - send_request_headers.complete
2025-06-24 11:25:37,287 - httpcore.http11 - DEBUG - send_request_body.started request=<Request [b'POST']>
2025-06-24 11:25:37,291 - httpcore.http11 - DEBUG - send_request_body.complete
2025-06-24 11:25:37,293 - httpcore.http11 - DEBUG - receive_response_headers.started request=<Request [b'POST']>
2025-06-24 11:25:47,430 - httpcore.http11 - DEBUG - receive_response_headers.complete return_value=(b'HTTP/1.1', 200, b'OK', [(b'Server', b'nginx/1.18.0'), (b'Date', b'Tue, 24 Jun 2025 10:25:48 GMT'), (b'Content-Type', b'application/json'), (b'Content-Length', b'23'), (b'Connection', b'keep-alive'), (b'Strict-Transport-Security', b'max-age=31536000; includeSubDomains; preload'), (b'Access-Control-Allow-Origin', b'*'), (b'Access-Control-Allow-Methods', b'GET, POST, OPTIONS'), (b'Access-Control-Expose-Headers', b'Content-Length,Content-Type,Date,Server,Connection')])
2025-06-24 11:25:47,431 - httpx - INFO - HTTP Request: POST https://api.telegram.org/bot7707158318:AAE8rWa4Q8Z_3avql6K0HAmXaooZAReoNF0/getUpdates "HTTP/1.1 200 OK"
2025-06-24 11:25:47,433 - httpcore.http11 - DEBUG - receive_response_body.started request=<Request [b'POST']>
2025-06-24 11:25:47,435 - httpcore.http11 - DEBUG - receive_response_body.complete
2025-06-24 11:25:47,435 - httpcore.http11 - DEBUG - response_closed.started
2025-06-24 11:25:47,436 - httpcore.http11 - DEBUG - response_closed.complete
2025-06-24 11:25:47,437 - telegram.ext.ExtBot - DEBUG - No new updates found.
2025-06-24 11:25:47,438 - telegram.ext.ExtBot - DEBUG - ()
2025-06-24 11:25:47,438 - telegram.ext.ExtBot - DEBUG - Exiting: get_updates
2025-06-24 11:25:47,438 - telegram.ext.ExtBot - DEBUG - Entering: get_updates
2025-06-24 11:25:47,440 - httpcore.http11 - DEBUG - send_request_headers.started request=<Request [b'POST']>
2025-06-24 11:25:47,442 - httpcore.http11 - DEBUG - send_request_headers.complete
2025-06-24 11:25:47,442 - httpcore.http11 - DEBUG - send_request_body.started request=<Request [b'POST']>
2025-06-24 11:25:47,442 - httpcore.http11 - DEBUG - send_request_body.complete
2025-06-24 11:25:47,442 - httpcore.http11 - DEBUG - receive_response_headers.started request=<Request [b'POST']>
2025-06-24 11:25:57,498 - httpcore.http11 - DEBUG - receive_response_headers.complete return_value=(b'HTTP/1.1', 200, b'OK', [(b'Server', b'nginx/1.18.0'), (b'Date', b'Tue, 24 Jun 2025 10:25:58 GMT'), (b'Content-Type', b'application/json'), (b'Content-Length', b'23'), (b'Connection', b'keep-alive'), (b'Strict-Transport-Security', b'max-age=31536000; includeSubDomains; preload'), (b'Access-Control-Allow-Origin', b'*'), (b'Access-Control-Allow-Methods', b'GET, POST, OPTIONS'), (b'Access-Control-Expose-Headers', b'Content-Length,Content-Type,Date,Server,Connection')])
2025-06-24 11:25:57,500 - httpx - INFO - HTTP Request: POST https://api.telegram.org/bot7707158318:AAE8rWa4Q8Z_3avql6K0HAmXaooZAReoNF0/getUpdates "HTTP/1.1 200 OK"
2025-06-24 11:25:57,501 - httpcore.http11 - DEBUG - receive_response_body.started request=<Request [b'POST']>
2025-06-24 11:25:57,503 - httpcore.http11 - DEBUG - receive_response_body.complete
2025-06-24 11:25:57,503 - httpcore.http11 - DEBUG - response_closed.started
2025-06-24 11:25:57,505 - httpcore.http11 - DEBUG - response_closed.complete
2025-06-24 11:25:57,510 - telegram.ext.ExtBot - DEBUG - No new updates found.
2025-06-24 11:25:57,510 - telegram.ext.ExtBot - DEBUG - ()
2025-06-24 11:25:57,511 - telegram.ext.ExtBot - DEBUG - Exiting: get_updates
2025-06-24 11:25:57,511 - telegram.ext.ExtBot - DEBUG - Entering: get_updates
2025-06-24 11:25:57,514 - httpcore.http11 - DEBUG - send_request_headers.started request=<Request [b'POST']>
2025-06-24 11:25:57,517 - httpcore.http11 - DEBUG - send_request_headers.complete
2025-06-24 11:25:57,517 - httpcore.http11 - DEBUG - send_request_body.started request=<Request [b'POST']>
2025-06-24 11:25:57,518 - httpcore.http11 - DEBUG - send_request_body.complete
2025-06-24 11:25:57,518 - httpcore.http11 - DEBUG - receive_response_headers.started request=<Request [b'POST']>
2025-06-24 11:26:07,574 - httpcore.http11 - DEBUG - receive_response_headers.complete return_value=(b'HTTP/1.1', 200, b'OK', [(b'Server', b'nginx/1.18.0'), (b'Date', b'Tue, 24 Jun 2025 10:26:08 GMT'), (b'Content-Type', b'application/json'), (b'Content-Length', b'23'), (b'Connection', b'keep-alive'), (b'Strict-Transport-Security', b'max-age=31536000; includeSubDomains; preload'), (b'Access-Control-Allow-Origin', b'*'), (b'Access-Control-Allow-Methods', b'GET, POST, OPTIONS'), (b'Access-Control-Expose-Headers', b'Content-Length,Content-Type,Date,Server,Connection')])
2025-06-24 11:26:07,577 - httpx - INFO - HTTP Request: POST https://api.telegram.org/bot7707158318:AAE8rWa4Q8Z_3avql6K0HAmXaooZAReoNF0/getUpdates "HTTP/1.1 200 OK"
2025-06-24 11:26:07,580 - httpcore.http11 - DEBUG - receive_response_body.started request=<Request [b'POST']>
2025-06-24 11:26:07,582 - httpcore.http11 - DEBUG - receive_response_body.complete
2025-06-24 11:26:07,583 - httpcore.http11 - DEBUG - response_closed.started
2025-06-24 11:26:07,583 - httpcore.http11 - DEBUG - response_closed.complete
2025-06-24 11:26:07,584 - telegram.ext.ExtBot - DEBUG - No new updates found.
2025-06-24 11:26:07,584 - telegram.ext.ExtBot - DEBUG - ()
2025-06-24 11:26:07,586 - telegram.ext.ExtBot - DEBUG - Exiting: get_updates
2025-06-24 11:26:07,587 - telegram.ext.ExtBot - DEBUG - Entering: get_updates
2025-06-24 11:26:07,594 - httpcore.http11 - DEBUG - send_request_headers.started request=<Request [b'POST']>
2025-06-24 11:26:07,597 - httpcore.http11 - DEBUG - send_request_headers.complete
2025-06-24 11:26:07,599 - httpcore.http11 - DEBUG - send_request_body.started request=<Request [b'POST']>
2025-06-24 11:26:07,602 - httpcore.http11 - DEBUG - send_request_body.complete
2025-06-24 11:26:07,605 - httpcore.http11 - DEBUG - receive_response_headers.started request=<Request [b'POST']>
2025-06-24 11:26:17,669 - httpcore.http11 - DEBUG - receive_response_headers.complete return_value=(b'HTTP/1.1', 200, b'OK', [(b'Server', b'nginx/1.18.0'), (b'Date', b'Tue, 24 Jun 2025 10:26:18 GMT'), (b'Content-Type', b'application/json'), (b'Content-Length', b'23'), (b'Connection', b'keep-alive'), (b'Strict-Transport-Security', b'max-age=31536000; includeSubDomains; preload'), (b'Access-Control-Allow-Origin', b'*'), (b'Access-Control-Allow-Methods', b'GET, POST, OPTIONS'), (b'Access-Control-Expose-Headers', b'Content-Length,Content-Type,Date,Server,Connection')])
2025-06-24 11:26:17,670 - httpx - INFO - HTTP Request: POST https://api.telegram.org/bot7707158318:AAE8rWa4Q8Z_3avql6K0HAmXaooZAReoNF0/getUpdates "HTTP/1.1 200 OK"
2025-06-24 11:26:17,678 - httpcore.http11 - DEBUG - receive_response_body.started request=<Request [b'POST']>
2025-06-24 11:26:17,678 - httpcore.http11 - DEBUG - receive_response_body.complete
2025-06-24 11:26:17,678 - httpcore.http11 - DEBUG - response_closed.started
2025-06-24 11:26:17,689 - httpcore.http11 - DEBUG - response_closed.complete
2025-06-24 11:26:17,691 - telegram.ext.ExtBot - DEBUG - No new updates found.
2025-06-24 11:26:17,691 - telegram.ext.ExtBot - DEBUG - ()
2025-06-24 11:26:17,696 - telegram.ext.ExtBot - DEBUG - Exiting: get_updates
2025-06-24 11:26:17,703 - telegram.ext.ExtBot - DEBUG - Entering: get_updates
2025-06-24 11:26:17,712 - httpcore.http11 - DEBUG - send_request_headers.started request=<Request [b'POST']>
2025-06-24 11:26:17,713 - httpcore.http11 - DEBUG - send_request_headers.complete
2025-06-24 11:26:17,720 - httpcore.http11 - DEBUG - send_request_body.started request=<Request [b'POST']>
2025-06-24 11:26:17,723 - httpcore.http11 - DEBUG - send_request_body.complete
2025-06-24 11:26:17,723 - httpcore.http11 - DEBUG - receive_response_headers.started request=<Request [b'POST']>
2025-06-24 11:26:27,777 - httpcore.http11 - DEBUG - receive_response_headers.complete return_value=(b'HTTP/1.1', 200, b'OK', [(b'Server', b'nginx/1.18.0'), (b'Date', b'Tue, 24 Jun 2025 10:26:28 GMT'), (b'Content-Type', b'application/json'), (b'Content-Length', b'23'), (b'Connection', b'keep-alive'), (b'Strict-Transport-Security', b'max-age=31536000; includeSubDomains; preload'), (b'Access-Control-Allow-Origin', b'*'), (b'Access-Control-Allow-Methods', b'GET, POST, OPTIONS'), (b'Access-Control-Expose-Headers', b'Content-Length,Content-Type,Date,Server,Connection')])
2025-06-24 11:26:27,777 - httpx - INFO - HTTP Request: POST https://api.telegram.org/bot7707158318:AAE8rWa4Q8Z_3avql6K0HAmXaooZAReoNF0/getUpdates "HTTP/1.1 200 OK"
2025-06-24 11:26:27,781 - httpcore.http11 - DEBUG - receive_response_body.started request=<Request [b'POST']>
2025-06-24 11:26:27,783 - httpcore.http11 - DEBUG - receive_response_body.complete
2025-06-24 11:26:27,783 - httpcore.http11 - DEBUG - response_closed.started
2025-06-24 11:26:27,783 - httpcore.http11 - DEBUG - response_closed.complete
2025-06-24 11:26:27,783 - telegram.ext.ExtBot - DEBUG - No new updates found.
2025-06-24 11:26:27,785 - telegram.ext.ExtBot - DEBUG - ()
2025-06-24 11:26:27,785 - telegram.ext.ExtBot - DEBUG - Exiting: get_updates
2025-06-24 11:26:27,785 - telegram.ext.ExtBot - DEBUG - Entering: get_updates
2025-06-24 11:26:27,788 - httpcore.http11 - DEBUG - send_request_headers.started request=<Request [b'POST']>
2025-06-24 11:26:27,790 - httpcore.http11 - DEBUG - send_request_headers.complete
2025-06-24 11:26:27,790 - httpcore.http11 - DEBUG - send_request_body.started request=<Request [b'POST']>
2025-06-24 11:26:27,792 - httpcore.http11 - DEBUG - send_request_body.complete
2025-06-24 11:26:27,792 - httpcore.http11 - DEBUG - receive_response_headers.started request=<Request [b'POST']>
2025-06-24 11:26:37,929 - httpcore.http11 - DEBUG - receive_response_headers.complete return_value=(b'HTTP/1.1', 200, b'OK', [(b'Server', b'nginx/1.18.0'), (b'Date', b'Tue, 24 Jun 2025 10:26:38 GMT'), (b'Content-Type', b'application/json'), (b'Content-Length', b'23'), (b'Connection', b'keep-alive'), (b'Strict-Transport-Security', b'max-age=31536000; includeSubDomains; preload'), (b'Access-Control-Allow-Origin', b'*'), (b'Access-Control-Allow-Methods', b'GET, POST, OPTIONS'), (b'Access-Control-Expose-Headers', b'Content-Length,Content-Type,Date,Server,Connection')])
2025-06-24 11:26:37,932 - httpx - INFO - HTTP Request: POST https://api.telegram.org/bot7707158318:AAE8rWa4Q8Z_3avql6K0HAmXaooZAReoNF0/getUpdates "HTTP/1.1 200 OK"
2025-06-24 11:26:37,934 - httpcore.http11 - DEBUG - receive_response_body.started request=<Request [b'POST']>
2025-06-24 11:26:37,934 - httpcore.http11 - DEBUG - receive_response_body.complete
2025-06-24 11:26:37,935 - httpcore.http11 - DEBUG - response_closed.started
2025-06-24 11:26:37,935 - httpcore.http11 - DEBUG - response_closed.complete
2025-06-24 11:26:37,936 - telegram.ext.ExtBot - DEBUG - No new updates found.
2025-06-24 11:26:37,936 - telegram.ext.ExtBot - DEBUG - ()
2025-06-24 11:26:37,937 - telegram.ext.ExtBot - DEBUG - Exiting: get_updates
2025-06-24 11:26:37,937 - telegram.ext.ExtBot - DEBUG - Entering: get_updates
2025-06-24 11:26:37,939 - httpcore.http11 - DEBUG - send_request_headers.started request=<Request [b'POST']>
2025-06-24 11:26:37,941 - httpcore.http11 - DEBUG - send_request_headers.complete
2025-06-24 11:26:37,941 - httpcore.http11 - DEBUG - send_request_body.started request=<Request [b'POST']>
2025-06-24 11:26:37,942 - httpcore.http11 - DEBUG - send_request_body.complete
2025-06-24 11:26:37,942 - httpcore.http11 - DEBUG - receive_response_headers.started request=<Request [b'POST']>
2025-06-24 11:26:46,781 - httpcore.http11 - DEBUG - receive_response_headers.complete return_value=(b'HTTP/1.1', 200, b'OK', [(b'Server', b'nginx/1.18.0'), (b'Date', b'Tue, 24 Jun 2025 10:26:47 GMT'), (b'Content-Type', b'application/json'), (b'Content-Length', b'817'), (b'Connection', b'keep-alive'), (b'Strict-Transport-Security', b'max-age=31536000; includeSubDomains; preload'), (b'Access-Control-Allow-Origin', b'*'), (b'Access-Control-Allow-Methods', b'GET, POST, OPTIONS'), (b'Access-Control-Expose-Headers', b'Content-Length,Content-Type,Date,Server,Connection')])
2025-06-24 11:26:46,782 - httpx - INFO - HTTP Request: POST https://api.telegram.org/bot7707158318:AAE8rWa4Q8Z_3avql6K0HAmXaooZAReoNF0/getUpdates "HTTP/1.1 200 OK"
2025-06-24 11:26:46,784 - httpcore.http11 - DEBUG - receive_response_body.started request=<Request [b'POST']>
2025-06-24 11:26:46,784 - httpcore.http11 - DEBUG - receive_response_body.complete
2025-06-24 11:26:46,784 - httpcore.http11 - DEBUG - response_closed.started
2025-06-24 11:26:46,784 - httpcore.http11 - DEBUG - response_closed.complete
2025-06-24 11:26:46,786 - telegram.ext.ExtBot - DEBUG - Getting updates: [37530153]
2025-06-24 11:26:46,789 - telegram.ext.ExtBot - DEBUG - (Update(callback_query=CallbackQuery(chat_instance='-1307310250263184334', data='show_balance', from_user=User(first_name='Ghost', id=7049055170, is_bot=False, language_code='en', last_name='Number1'), id='2605345315981853980', message=Message(channel_chat_created=False, chat=Chat(first_name='Ghost', id=7049055170, last_name='Number1', type=<ChatType.PRIVATE>), date=datetime.datetime(2025, 6, 24, 10, 24, 30, tzinfo=<UTC>), delete_chat_photo=False, from_user=User(first_name='SPRD', id=7707158318, is_bot=True, username='tizi91Bot'), group_chat_created=False, message_id=11955, reply_markup=InlineKeyboardMarkup(inline_keyboard=((InlineKeyboardButton(callback_data='start_sniperx', text='🚀 Start SniperX'),), (InlineKeyboardButton(callback_data='stop_sniperx', text='🛑 Stop SniperX'), InlineKeyboardButton(callback_data='status_sniperx', text='📊 Status')), (InlineKeyboardButton(callback_data='show_balance', text='💰 Balance'),))), supergroup_chat_created=False, text='SniperX Bot Control Panel:')), update_id=37530153),)
2025-06-24 11:26:46,790 - telegram.ext.ExtBot - DEBUG - Exiting: get_updates
2025-06-24 11:26:46,792 - telegram.ext.ExtBot - DEBUG - Entering: get_updates
2025-06-24 11:26:46,794 - telegram.ext.Application - DEBUG - Processing update Update(callback_query=CallbackQuery(chat_instance='-1307310250263184334', data='show_balance', from_user=User(first_name='Ghost', id=7049055170, is_bot=False, language_code='en', last_name='Number1'), id='2605345315981853980', message=Message(channel_chat_created=False, chat=Chat(first_name='Ghost', id=7049055170, last_name='Number1', type=<ChatType.PRIVATE>), date=datetime.datetime(2025, 6, 24, 10, 24, 30, tzinfo=<UTC>), delete_chat_photo=False, from_user=User(first_name='SPRD', id=7707158318, is_bot=True, username='tizi91Bot'), group_chat_created=False, message_id=11955, reply_markup=InlineKeyboardMarkup(inline_keyboard=((InlineKeyboardButton(callback_data='start_sniperx', text='🚀 Start SniperX'),), (InlineKeyboardButton(callback_data='stop_sniperx', text='🛑 Stop SniperX'), InlineKeyboardButton(callback_data='status_sniperx', text='📊 Status')), (InlineKeyboardButton(callback_data='show_balance', text='💰 Balance'),))), supergroup_chat_created=False, text='SniperX Bot Control Panel:')), update_id=37530153)
2025-06-24 11:26:46,797 - __main__ - INFO - Button callback received: Update(callback_query=CallbackQuery(chat_instance='-1307310250263184334', data='show_balance', from_user=User(first_name='Ghost', id=7049055170, is_bot=False, language_code='en', last_name='Number1'), id='2605345315981853980', message=Message(channel_chat_created=False, chat=Chat(first_name='Ghost', id=7049055170, last_name='Number1', type=<ChatType.PRIVATE>), date=datetime.datetime(2025, 6, 24, 10, 24, 30, tzinfo=<UTC>), delete_chat_photo=False, from_user=User(first_name='SPRD', id=7707158318, is_bot=True, username='tizi91Bot'), group_chat_created=False, message_id=11955, reply_markup=InlineKeyboardMarkup(inline_keyboard=((InlineKeyboardButton(callback_data='start_sniperx', text='🚀 Start SniperX'),), (InlineKeyboardButton(callback_data='stop_sniperx', text='🛑 Stop SniperX'), InlineKeyboardButton(callback_data='status_sniperx', text='📊 Status')), (InlineKeyboardButton(callback_data='show_balance', text='💰 Balance'),))), supergroup_chat_created=False, text='SniperX Bot Control Panel:')), update_id=37530153)
2025-06-24 11:26:46,798 - telegram.ext.ExtBot - DEBUG - Entering: answer_callback_query
2025-06-24 11:26:46,800 - httpcore.connection - DEBUG - close.started
2025-06-24 11:26:46,802 - httpcore.connection - DEBUG - close.complete
2025-06-24 11:26:46,802 - httpcore.http11 - DEBUG - send_request_headers.started request=<Request [b'POST']>
2025-06-24 11:26:46,805 - httpcore.connection - DEBUG - connect_tcp.started host='api.telegram.org' port=443 local_address=None timeout=5.0 socket_options=None
2025-06-24 11:26:46,807 - httpcore.http11 - DEBUG - send_request_headers.complete
2025-06-24 11:26:46,808 - httpcore.http11 - DEBUG - send_request_body.started request=<Request [b'POST']>
2025-06-24 11:26:46,809 - httpcore.http11 - DEBUG - send_request_body.complete
2025-06-24 11:26:46,809 - httpcore.http11 - DEBUG - receive_response_headers.started request=<Request [b'POST']>
2025-06-24 11:26:46,856 - httpcore.connection - DEBUG - connect_tcp.complete return_value=<httpcore._backends.anyio.AnyIOStream object at 0x000001B63D115E10>
2025-06-24 11:26:46,856 - httpcore.connection - DEBUG - start_tls.started ssl_context=<ssl.SSLContext object at 0x000001B63CF89AC0> server_hostname='api.telegram.org' timeout=5.0
2025-06-24 11:26:46,938 - httpcore.connection - DEBUG - start_tls.complete return_value=<httpcore._backends.anyio.AnyIOStream object at 0x000001B63D115F00>
2025-06-24 11:26:46,940 - httpcore.http11 - DEBUG - send_request_headers.started request=<Request [b'POST']>
2025-06-24 11:26:46,940 - httpcore.http11 - DEBUG - send_request_headers.complete
2025-06-24 11:26:46,940 - httpcore.http11 - DEBUG - send_request_body.started request=<Request [b'POST']>
2025-06-24 11:26:46,942 - httpcore.http11 - DEBUG - send_request_body.complete
2025-06-24 11:26:46,942 - httpcore.http11 - DEBUG - receive_response_headers.started request=<Request [b'POST']>
2025-06-24 11:26:47,013 - httpcore.http11 - DEBUG - receive_response_headers.complete return_value=(b'HTTP/1.1', 200, b'OK', [(b'Server', b'nginx/1.18.0'), (b'Date', b'Tue, 24 Jun 2025 10:26:47 GMT'), (b'Content-Type', b'application/json'), (b'Content-Length', b'25'), (b'Connection', b'keep-alive'), (b'Strict-Transport-Security', b'max-age=31536000; includeSubDomains; preload'), (b'Access-Control-Allow-Origin', b'*'), (b'Access-Control-Allow-Methods', b'GET, POST, OPTIONS'), (b'Access-Control-Expose-Headers', b'Content-Length,Content-Type,Date,Server,Connection')])
2025-06-24 11:26:47,015 - httpx - INFO - HTTP Request: POST https://api.telegram.org/bot7707158318:AAE8rWa4Q8Z_3avql6K0HAmXaooZAReoNF0/answerCallbackQuery "HTTP/1.1 200 OK"
2025-06-24 11:26:47,016 - httpcore.http11 - DEBUG - receive_response_body.started request=<Request [b'POST']>
2025-06-24 11:26:47,016 - httpcore.http11 - DEBUG - receive_response_body.complete
2025-06-24 11:26:47,017 - httpcore.http11 - DEBUG - response_closed.started
2025-06-24 11:26:47,017 - httpcore.http11 - DEBUG - response_closed.complete
2025-06-24 11:26:47,017 - telegram.ext.ExtBot - DEBUG - True
2025-06-24 11:26:47,017 - telegram.ext.ExtBot - DEBUG - Exiting: answer_callback_query
2025-06-24 11:26:47,017 - __main__ - INFO - Processing action: show_balance
2025-06-24 11:26:47,017 - __main__ - INFO - Processing show_balance action
2025-06-24 11:26:47,020 - __main__ - INFO - Reading wallet balance from: C:\Users\Rachid Aitali\OneDrive - 4JM Solutions Limited\Desktop\SniperX\SniperX\SniperX-V3\wallet_balance.json
2025-06-24 11:26:47,020 - __main__ - DEBUG - Raw wallet balance data: {'sol': '0.001771443', 'usd': '0.25487521884', 'sol_price': '143.88', 'timestamp': 1750760670.0452292}
2025-06-24 11:26:47,023 - __main__ - INFO - Successfully read balance - SOL: 0.001771443, USD: 0.25487521884, Age: 2.3 minutes
2025-06-24 11:26:47,023 - __main__ - INFO - Current balance after read: {'sol': Decimal('0.001771443'), 'usd': Decimal('0.25487521884'), 'timestamp': 1750760670.0452292}
2025-06-24 11:26:47,023 - __main__ - INFO - Wallet manager not running, attempting to start it
2025-06-24 11:26:47,025 - __main__ - INFO - Starting wallet manager from: C:\Users\Rachid Aitali\OneDrive - 4JM Solutions Limited\Desktop\SniperX\SniperX\SniperX-V3\wallet_manager.py
2025-06-24 11:26:47,242 - __main__ - INFO - Wallet manager started with PID: 19388
2025-06-24 11:26:49,258 - __main__ - INFO - Wallet manager started successfully, reading balance...
2025-06-24 11:26:49,259 - __main__ - INFO - Reading wallet balance from: C:\Users\Rachid Aitali\OneDrive - 4JM Solutions Limited\Desktop\SniperX\SniperX\SniperX-V3\wallet_balance.json
2025-06-24 11:26:49,260 - __main__ - DEBUG - Raw wallet balance data: {'sol': '0.001771443', 'usd': '0.25487521884', 'sol_price': '143.88', 'timestamp': 1750760670.0452292}
2025-06-24 11:26:49,260 - __main__ - INFO - Successfully read balance - SOL: 0.001771443, USD: 0.25487521884, Age: 2.3 minutes
2025-06-24 11:26:49,261 - __main__ - INFO - Balance after wallet manager start: {'sol': Decimal('0.001771443'), 'usd': Decimal('0.25487521884'), 'timestamp': 1750760670.0452292}
2025-06-24 11:26:49,261 - __main__ - INFO - Balance retrieved successfully
2025-06-24 11:26:49,263 - telegram.ext.ExtBot - DEBUG - Entering: edit_message_text
2025-06-24 11:26:49,265 - httpcore.http11 - DEBUG - send_request_headers.started request=<Request [b'POST']>
2025-06-24 11:26:49,267 - httpcore.http11 - DEBUG - send_request_headers.complete
2025-06-24 11:26:49,267 - httpcore.http11 - DEBUG - send_request_body.started request=<Request [b'POST']>
2025-06-24 11:26:49,268 - httpcore.http11 - DEBUG - send_request_body.complete
2025-06-24 11:26:49,275 - httpcore.http11 - DEBUG - receive_response_headers.started request=<Request [b'POST']>
2025-06-24 11:26:49,385 - httpcore.http11 - DEBUG - receive_response_headers.complete return_value=(b'HTTP/1.1', 200, b'OK', [(b'Server', b'nginx/1.18.0'), (b'Date', b'Tue, 24 Jun 2025 10:26:50 GMT'), (b'Content-Type', b'application/json'), (b'Content-Length', b'497'), (b'Connection', b'keep-alive'), (b'Strict-Transport-Security', b'max-age=31536000; includeSubDomains; preload'), (b'Access-Control-Allow-Origin', b'*'), (b'Access-Control-Allow-Methods', b'GET, POST, OPTIONS'), (b'Access-Control-Expose-Headers', b'Content-Length,Content-Type,Date,Server,Connection')])
2025-06-24 11:26:49,385 - httpx - INFO - HTTP Request: POST https://api.telegram.org/bot7707158318:AAE8rWa4Q8Z_3avql6K0HAmXaooZAReoNF0/editMessageText "HTTP/1.1 200 OK"
2025-06-24 11:26:49,387 - httpcore.http11 - DEBUG - receive_response_body.started request=<Request [b'POST']>
2025-06-24 11:26:49,388 - httpcore.http11 - DEBUG - receive_response_body.complete
2025-06-24 11:26:49,388 - httpcore.http11 - DEBUG - response_closed.started
2025-06-24 11:26:49,388 - httpcore.http11 - DEBUG - response_closed.complete
2025-06-24 11:26:49,390 - telegram.ext.ExtBot - DEBUG - Message(channel_chat_created=False, chat=Chat(first_name='Ghost', id=7049055170, last_name='Number1', type=<ChatType.PRIVATE>), date=datetime.datetime(2025, 6, 24, 10, 24, 30, tzinfo=<UTC>), delete_chat_photo=False, edit_date=datetime.datetime(2025, 6, 24, 10, 26, 50, tzinfo=<UTC>), from_user=User(first_name='SPRD', id=7707158318, is_bot=True, username='tizi91Bot'), group_chat_created=False, message_id=11955, reply_markup=InlineKeyboardMarkup(inline_keyboard=((InlineKeyboardButton(callback_data='show_balance', text='🔄 Refresh'), InlineKeyboardButton(callback_data='back_to_menu', text='🔙 Back to Menu')),)), supergroup_chat_created=False, text='Current Balance:\nSOL: 0.001771\nUSD: $0.25\n\nLast Update: 11:24:30')
2025-06-24 11:26:49,391 - telegram.ext.ExtBot - DEBUG - Exiting: edit_message_text
2025-06-24 11:26:52,546 - httpcore.http11 - DEBUG - receive_response_headers.complete return_value=(b'HTTP/1.1', 200, b'OK', [(b'Server', b'nginx/1.18.0'), (b'Date', b'Tue, 24 Jun 2025 10:26:53 GMT'), (b'Content-Type', b'application/json'), (b'Content-Length', b'744'), (b'Connection', b'keep-alive'), (b'Strict-Transport-Security', b'max-age=31536000; includeSubDomains; preload'), (b'Access-Control-Allow-Origin', b'*'), (b'Access-Control-Allow-Methods', b'GET, POST, OPTIONS'), (b'Access-Control-Expose-Headers', b'Content-Length,Content-Type,Date,Server,Connection')])
2025-06-24 11:26:52,548 - httpx - INFO - HTTP Request: POST https://api.telegram.org/bot7707158318:AAE8rWa4Q8Z_3avql6K0HAmXaooZAReoNF0/getUpdates "HTTP/1.1 200 OK"
2025-06-24 11:26:52,548 - httpcore.http11 - DEBUG - receive_response_body.started request=<Request [b'POST']>
2025-06-24 11:26:52,549 - httpcore.http11 - DEBUG - receive_response_body.complete
2025-06-24 11:26:52,550 - httpcore.http11 - DEBUG - response_closed.started
2025-06-24 11:26:52,550 - httpcore.http11 - DEBUG - response_closed.complete
2025-06-24 11:26:52,551 - telegram.ext.ExtBot - DEBUG - Getting updates: [37530154]
2025-06-24 11:26:52,552 - telegram.ext.ExtBot - DEBUG - (Update(callback_query=CallbackQuery(chat_instance='-1307310250263184334', data='show_balance', from_user=User(first_name='Ghost', id=7049055170, is_bot=False, language_code='en', last_name='Number1'), id='2605345312951181303', message=Message(channel_chat_created=False, chat=Chat(first_name='Ghost', id=7049055170, last_name='Number1', type=<ChatType.PRIVATE>), date=datetime.datetime(2025, 6, 24, 10, 24, 30, tzinfo=<UTC>), delete_chat_photo=False, edit_date=datetime.datetime(2025, 6, 24, 10, 26, 50, tzinfo=<UTC>), from_user=User(first_name='SPRD', id=7707158318, is_bot=True, username='tizi91Bot'), group_chat_created=False, message_id=11955, reply_markup=InlineKeyboardMarkup(inline_keyboard=((InlineKeyboardButton(callback_data='show_balance', text='🔄 Refresh'), InlineKeyboardButton(callback_data='back_to_menu', text='🔙 Back to Menu')),)), supergroup_chat_created=False, text='Current Balance:\nSOL: 0.001771\nUSD: $0.25\n\nLast Update: 11:24:30')), update_id=37530154),)
2025-06-24 11:26:52,554 - telegram.ext.ExtBot - DEBUG - Exiting: get_updates
2025-06-24 11:26:52,555 - telegram.ext.ExtBot - DEBUG - Entering: get_updates
2025-06-24 11:26:52,556 - telegram.ext.Application - DEBUG - Processing update Update(callback_query=CallbackQuery(chat_instance='-1307310250263184334', data='show_balance', from_user=User(first_name='Ghost', id=7049055170, is_bot=False, language_code='en', last_name='Number1'), id='2605345312951181303', message=Message(channel_chat_created=False, chat=Chat(first_name='Ghost', id=7049055170, last_name='Number1', type=<ChatType.PRIVATE>), date=datetime.datetime(2025, 6, 24, 10, 24, 30, tzinfo=<UTC>), delete_chat_photo=False, edit_date=datetime.datetime(2025, 6, 24, 10, 26, 50, tzinfo=<UTC>), from_user=User(first_name='SPRD', id=7707158318, is_bot=True, username='tizi91Bot'), group_chat_created=False, message_id=11955, reply_markup=InlineKeyboardMarkup(inline_keyboard=((InlineKeyboardButton(callback_data='show_balance', text='🔄 Refresh'), InlineKeyboardButton(callback_data='back_to_menu', text='🔙 Back to Menu')),)), supergroup_chat_created=False, text='Current Balance:\nSOL: 0.001771\nUSD: $0.25\n\nLast Update: 11:24:30')), update_id=37530154)
2025-06-24 11:26:52,559 - __main__ - INFO - Button callback received: Update(callback_query=CallbackQuery(chat_instance='-1307310250263184334', data='show_balance', from_user=User(first_name='Ghost', id=7049055170, is_bot=False, language_code='en', last_name='Number1'), id='2605345312951181303', message=Message(channel_chat_created=False, chat=Chat(first_name='Ghost', id=7049055170, last_name='Number1', type=<ChatType.PRIVATE>), date=datetime.datetime(2025, 6, 24, 10, 24, 30, tzinfo=<UTC>), delete_chat_photo=False, edit_date=datetime.datetime(2025, 6, 24, 10, 26, 50, tzinfo=<UTC>), from_user=User(first_name='SPRD', id=7707158318, is_bot=True, username='tizi91Bot'), group_chat_created=False, message_id=11955, reply_markup=InlineKeyboardMarkup(inline_keyboard=((InlineKeyboardButton(callback_data='show_balance', text='🔄 Refresh'), InlineKeyboardButton(callback_data='back_to_menu', text='🔙 Back to Menu')),)), supergroup_chat_created=False, text='Current Balance:\nSOL: 0.001771\nUSD: $0.25\n\nLast Update: 11:24:30')), update_id=37530154)
2025-06-24 11:26:52,560 - telegram.ext.ExtBot - DEBUG - Entering: answer_callback_query
2025-06-24 11:26:52,564 - httpcore.http11 - DEBUG - send_request_headers.started request=<Request [b'POST']>
2025-06-24 11:26:52,565 - httpcore.http11 - DEBUG - send_request_headers.started request=<Request [b'POST']>
2025-06-24 11:26:52,566 - httpcore.http11 - DEBUG - send_request_headers.complete
2025-06-24 11:26:52,566 - httpcore.http11 - DEBUG - send_request_body.started request=<Request [b'POST']>
2025-06-24 11:26:52,568 - httpcore.http11 - DEBUG - send_request_headers.complete
2025-06-24 11:26:52,568 - httpcore.http11 - DEBUG - send_request_body.started request=<Request [b'POST']>
2025-06-24 11:26:52,570 - httpcore.http11 - DEBUG - send_request_body.complete
2025-06-24 11:26:52,570 - httpcore.http11 - DEBUG - receive_response_headers.started request=<Request [b'POST']>
2025-06-24 11:26:52,571 - httpcore.http11 - DEBUG - send_request_body.complete
2025-06-24 11:26:52,571 - httpcore.http11 - DEBUG - receive_response_headers.started request=<Request [b'POST']>
2025-06-24 11:26:52,685 - httpcore.http11 - DEBUG - receive_response_headers.complete return_value=(b'HTTP/1.1', 200, b'OK', [(b'Server', b'nginx/1.18.0'), (b'Date', b'Tue, 24 Jun 2025 10:26:53 GMT'), (b'Content-Type', b'application/json'), (b'Content-Length', b'25'), (b'Connection', b'keep-alive'), (b'Strict-Transport-Security', b'max-age=31536000; includeSubDomains; preload'), (b'Access-Control-Allow-Origin', b'*'), (b'Access-Control-Allow-Methods', b'GET, POST, OPTIONS'), (b'Access-Control-Expose-Headers', b'Content-Length,Content-Type,Date,Server,Connection')])
2025-06-24 11:26:52,687 - httpx - INFO - HTTP Request: POST https://api.telegram.org/bot7707158318:AAE8rWa4Q8Z_3avql6K0HAmXaooZAReoNF0/answerCallbackQuery "HTTP/1.1 200 OK"
2025-06-24 11:26:52,688 - httpcore.http11 - DEBUG - receive_response_body.started request=<Request [b'POST']>
2025-06-24 11:26:52,688 - httpcore.http11 - DEBUG - receive_response_body.complete
2025-06-24 11:26:52,688 - httpcore.http11 - DEBUG - response_closed.started
2025-06-24 11:26:52,688 - httpcore.http11 - DEBUG - response_closed.complete
2025-06-24 11:26:52,689 - telegram.ext.ExtBot - DEBUG - True
2025-06-24 11:26:52,690 - telegram.ext.ExtBot - DEBUG - Exiting: answer_callback_query
2025-06-24 11:26:52,690 - __main__ - INFO - Processing action: show_balance
2025-06-24 11:26:52,691 - __main__ - INFO - Processing show_balance action
2025-06-24 11:26:52,691 - __main__ - INFO - Reading wallet balance from: C:\Users\Rachid Aitali\OneDrive - 4JM Solutions Limited\Desktop\SniperX\SniperX\SniperX-V3\wallet_balance.json
2025-06-24 11:26:52,692 - __main__ - DEBUG - Raw wallet balance data: {'sol': '0.001771443', 'usd': '0.25492836213', 'sol_price': '143.91', 'timestamp': 1750760810.042668}
2025-06-24 11:26:52,693 - __main__ - INFO - Successfully read balance - SOL: 0.001771443, USD: 0.25492836213, Age: 0.0 minutes
2025-06-24 11:26:52,693 - __main__ - INFO - Current balance after read: {'sol': Decimal('0.001771443'), 'usd': Decimal('0.25492836213'), 'timestamp': 1750760810.042668}
2025-06-24 11:26:52,694 - __main__ - INFO - Wallet manager not running, attempting to start it
2025-06-24 11:26:52,694 - __main__ - INFO - Starting wallet manager from: C:\Users\Rachid Aitali\OneDrive - 4JM Solutions Limited\Desktop\SniperX\SniperX\SniperX-V3\wallet_manager.py
2025-06-24 11:26:52,839 - __main__ - INFO - Wallet manager started with PID: 4188
2025-06-24 11:26:54,853 - __main__ - INFO - Wallet manager started successfully, reading balance...
2025-06-24 11:26:54,855 - __main__ - INFO - Reading wallet balance from: C:\Users\Rachid Aitali\OneDrive - 4JM Solutions Limited\Desktop\SniperX\SniperX\SniperX-V3\wallet_balance.json
2025-06-24 11:26:54,860 - __main__ - DEBUG - Raw wallet balance data: {'sol': '0.001771443', 'usd': '0.25492836213', 'sol_price': '143.91', 'timestamp': 1750760810.042668}
2025-06-24 11:26:54,860 - __main__ - INFO - Successfully read balance - SOL: 0.001771443, USD: 0.25492836213, Age: 0.1 minutes
2025-06-24 11:26:54,861 - __main__ - INFO - Balance after wallet manager start: {'sol': Decimal('0.001771443'), 'usd': Decimal('0.25492836213'), 'timestamp': 1750760810.042668}
2025-06-24 11:26:54,863 - __main__ - INFO - Balance retrieved successfully
2025-06-24 11:26:54,863 - telegram.ext.ExtBot - DEBUG - Entering: edit_message_text
2025-06-24 11:26:54,872 - httpcore.http11 - DEBUG - send_request_headers.started request=<Request [b'POST']>
2025-06-24 11:26:54,874 - httpcore.http11 - DEBUG - send_request_headers.complete
2025-06-24 11:26:54,874 - httpcore.http11 - DEBUG - send_request_body.started request=<Request [b'POST']>
2025-06-24 11:26:54,876 - httpcore.http11 - DEBUG - send_request_body.complete
2025-06-24 11:26:54,876 - httpcore.http11 - DEBUG - receive_response_headers.started request=<Request [b'POST']>
2025-06-24 11:26:54,975 - httpcore.http11 - DEBUG - receive_response_headers.complete return_value=(b'HTTP/1.1', 200, b'OK', [(b'Server', b'nginx/1.18.0'), (b'Date', b'Tue, 24 Jun 2025 10:26:55 GMT'), (b'Content-Type', b'application/json'), (b'Content-Length', b'497'), (b'Connection', b'keep-alive'), (b'Strict-Transport-Security', b'max-age=31536000; includeSubDomains; preload'), (b'Access-Control-Allow-Origin', b'*'), (b'Access-Control-Allow-Methods', b'GET, POST, OPTIONS'), (b'Access-Control-Expose-Headers', b'Content-Length,Content-Type,Date,Server,Connection')])
2025-06-24 11:26:54,977 - httpx - INFO - HTTP Request: POST https://api.telegram.org/bot7707158318:AAE8rWa4Q8Z_3avql6K0HAmXaooZAReoNF0/editMessageText "HTTP/1.1 200 OK"
2025-06-24 11:26:54,979 - httpcore.http11 - DEBUG - receive_response_body.started request=<Request [b'POST']>
2025-06-24 11:26:54,980 - httpcore.http11 - DEBUG - receive_response_body.complete
2025-06-24 11:26:54,980 - httpcore.http11 - DEBUG - response_closed.started
2025-06-24 11:26:54,981 - httpcore.http11 - DEBUG - response_closed.complete
2025-06-24 11:26:54,986 - telegram.ext.ExtBot - DEBUG - Message(channel_chat_created=False, chat=Chat(first_name='Ghost', id=7049055170, last_name='Number1', type=<ChatType.PRIVATE>), date=datetime.datetime(2025, 6, 24, 10, 24, 30, tzinfo=<UTC>), delete_chat_photo=False, edit_date=datetime.datetime(2025, 6, 24, 10, 26, 55, tzinfo=<UTC>), from_user=User(first_name='SPRD', id=7707158318, is_bot=True, username='tizi91Bot'), group_chat_created=False, message_id=11955, reply_markup=InlineKeyboardMarkup(inline_keyboard=((InlineKeyboardButton(callback_data='show_balance', text='🔄 Refresh'), InlineKeyboardButton(callback_data='back_to_menu', text='🔙 Back to Menu')),)), supergroup_chat_created=False, text='Current Balance:\nSOL: 0.001771\nUSD: $0.25\n\nLast Update: 11:26:50')
2025-06-24 11:26:54,988 - telegram.ext.ExtBot - DEBUG - Exiting: edit_message_text
2025-06-24 11:27:02,663 - httpcore.http11 - DEBUG - receive_response_headers.complete return_value=(b'HTTP/1.1', 200, b'OK', [(b'Server', b'nginx/1.18.0'), (b'Date', b'Tue, 24 Jun 2025 10:27:03 GMT'), (b'Content-Type', b'application/json'), (b'Content-Length', b'23'), (b'Connection', b'keep-alive'), (b'Strict-Transport-Security', b'max-age=31536000; includeSubDomains; preload'), (b'Access-Control-Allow-Origin', b'*'), (b'Access-Control-Allow-Methods', b'GET, POST, OPTIONS'), (b'Access-Control-Expose-Headers', b'Content-Length,Content-Type,Date,Server,Connection')])
2025-06-24 11:27:02,665 - httpx - INFO - HTTP Request: POST https://api.telegram.org/bot7707158318:AAE8rWa4Q8Z_3avql6K0HAmXaooZAReoNF0/getUpdates "HTTP/1.1 200 OK"
2025-06-24 11:27:02,666 - httpcore.http11 - DEBUG - receive_response_body.started request=<Request [b'POST']>
2025-06-24 11:27:02,666 - httpcore.http11 - DEBUG - receive_response_body.complete
2025-06-24 11:27:02,666 - httpcore.http11 - DEBUG - response_closed.started
2025-06-24 11:27:02,667 - httpcore.http11 - DEBUG - response_closed.complete
2025-06-24 11:27:02,667 - telegram.ext.ExtBot - DEBUG - No new updates found.
2025-06-24 11:27:02,668 - telegram.ext.ExtBot - DEBUG - ()
2025-06-24 11:27:02,668 - telegram.ext.ExtBot - DEBUG - Exiting: get_updates
2025-06-24 11:27:02,668 - telegram.ext.ExtBot - DEBUG - Entering: get_updates
2025-06-24 11:27:02,671 - httpcore.http11 - DEBUG - send_request_headers.started request=<Request [b'POST']>
2025-06-24 11:27:02,672 - httpcore.http11 - DEBUG - send_request_headers.complete
2025-06-24 11:27:02,673 - httpcore.http11 - DEBUG - send_request_body.started request=<Request [b'POST']>
2025-06-24 11:27:02,674 - httpcore.http11 - DEBUG - send_request_body.complete
2025-06-24 11:27:02,674 - httpcore.http11 - DEBUG - receive_response_headers.started request=<Request [b'POST']>
2025-06-24 11:27:04,853 - httpcore.http11 - DEBUG - receive_response_headers.complete return_value=(b'HTTP/1.1', 200, b'OK', [(b'Server', b'nginx/1.18.0'), (b'Date', b'Tue, 24 Jun 2025 10:27:05 GMT'), (b'Content-Type', b'application/json'), (b'Content-Length', b'744'), (b'Connection', b'keep-alive'), (b'Strict-Transport-Security', b'max-age=31536000; includeSubDomains; preload'), (b'Access-Control-Allow-Origin', b'*'), (b'Access-Control-Allow-Methods', b'GET, POST, OPTIONS'), (b'Access-Control-Expose-Headers', b'Content-Length,Content-Type,Date,Server,Connection')])
2025-06-24 11:27:04,854 - httpx - INFO - HTTP Request: POST https://api.telegram.org/bot7707158318:AAE8rWa4Q8Z_3avql6K0HAmXaooZAReoNF0/getUpdates "HTTP/1.1 200 OK"
2025-06-24 11:27:04,856 - httpcore.http11 - DEBUG - receive_response_body.started request=<Request [b'POST']>
2025-06-24 11:27:04,856 - httpcore.http11 - DEBUG - receive_response_body.complete
2025-06-24 11:27:04,856 - httpcore.http11 - DEBUG - response_closed.started
2025-06-24 11:27:04,857 - httpcore.http11 - DEBUG - response_closed.complete
2025-06-24 11:27:04,858 - telegram.ext.ExtBot - DEBUG - Getting updates: [37530155]
2025-06-24 11:27:04,859 - telegram.ext.ExtBot - DEBUG - (Update(callback_query=CallbackQuery(chat_instance='-1307310250263184334', data='show_balance', from_user=User(first_name='Ghost', id=7049055170, is_bot=False, language_code='en', last_name='Number1'), id='2605345313532819727', message=Message(channel_chat_created=False, chat=Chat(first_name='Ghost', id=7049055170, last_name='Number1', type=<ChatType.PRIVATE>), date=datetime.datetime(2025, 6, 24, 10, 24, 30, tzinfo=<UTC>), delete_chat_photo=False, edit_date=datetime.datetime(2025, 6, 24, 10, 26, 55, tzinfo=<UTC>), from_user=User(first_name='SPRD', id=7707158318, is_bot=True, username='tizi91Bot'), group_chat_created=False, message_id=11955, reply_markup=InlineKeyboardMarkup(inline_keyboard=((InlineKeyboardButton(callback_data='show_balance', text='🔄 Refresh'), InlineKeyboardButton(callback_data='back_to_menu', text='🔙 Back to Menu')),)), supergroup_chat_created=False, text='Current Balance:\nSOL: 0.001771\nUSD: $0.25\n\nLast Update: 11:26:50')), update_id=37530155),)
2025-06-24 11:27:04,860 - telegram.ext.ExtBot - DEBUG - Exiting: get_updates
2025-06-24 11:27:04,860 - telegram.ext.ExtBot - DEBUG - Entering: get_updates
2025-06-24 11:27:04,863 - telegram.ext.Application - DEBUG - Processing update Update(callback_query=CallbackQuery(chat_instance='-1307310250263184334', data='show_balance', from_user=User(first_name='Ghost', id=7049055170, is_bot=False, language_code='en', last_name='Number1'), id='2605345313532819727', message=Message(channel_chat_created=False, chat=Chat(first_name='Ghost', id=7049055170, last_name='Number1', type=<ChatType.PRIVATE>), date=datetime.datetime(2025, 6, 24, 10, 24, 30, tzinfo=<UTC>), delete_chat_photo=False, edit_date=datetime.datetime(2025, 6, 24, 10, 26, 55, tzinfo=<UTC>), from_user=User(first_name='SPRD', id=7707158318, is_bot=True, username='tizi91Bot'), group_chat_created=False, message_id=11955, reply_markup=InlineKeyboardMarkup(inline_keyboard=((InlineKeyboardButton(callback_data='show_balance', text='🔄 Refresh'), InlineKeyboardButton(callback_data='back_to_menu', text='🔙 Back to Menu')),)), supergroup_chat_created=False, text='Current Balance:\nSOL: 0.001771\nUSD: $0.25\n\nLast Update: 11:26:50')), update_id=37530155)
2025-06-24 11:27:04,866 - __main__ - INFO - Button callback received: Update(callback_query=CallbackQuery(chat_instance='-1307310250263184334', data='show_balance', from_user=User(first_name='Ghost', id=7049055170, is_bot=False, language_code='en', last_name='Number1'), id='2605345313532819727', message=Message(channel_chat_created=False, chat=Chat(first_name='Ghost', id=7049055170, last_name='Number1', type=<ChatType.PRIVATE>), date=datetime.datetime(2025, 6, 24, 10, 24, 30, tzinfo=<UTC>), delete_chat_photo=False, edit_date=datetime.datetime(2025, 6, 24, 10, 26, 55, tzinfo=<UTC>), from_user=User(first_name='SPRD', id=7707158318, is_bot=True, username='tizi91Bot'), group_chat_created=False, message_id=11955, reply_markup=InlineKeyboardMarkup(inline_keyboard=((InlineKeyboardButton(callback_data='show_balance', text='🔄 Refresh'), InlineKeyboardButton(callback_data='back_to_menu', text='🔙 Back to Menu')),)), supergroup_chat_created=False, text='Current Balance:\nSOL: 0.001771\nUSD: $0.25\n\nLast Update: 11:26:50')), update_id=37530155)
2025-06-24 11:27:04,866 - telegram.ext.ExtBot - DEBUG - Entering: answer_callback_query
2025-06-24 11:27:04,868 - httpcore.connection - DEBUG - close.started
2025-06-24 11:27:04,869 - httpcore.connection - DEBUG - close.complete
2025-06-24 11:27:04,870 - httpcore.http11 - DEBUG - send_request_headers.started request=<Request [b'POST']>
2025-06-24 11:27:04,871 - httpcore.connection - DEBUG - connect_tcp.started host='api.telegram.org' port=443 local_address=None timeout=5.0 socket_options=None
2025-06-24 11:27:04,872 - httpcore.http11 - DEBUG - send_request_headers.complete
2025-06-24 11:27:04,873 - httpcore.http11 - DEBUG - send_request_body.started request=<Request [b'POST']>
2025-06-24 11:27:04,874 - httpcore.http11 - DEBUG - send_request_body.complete
2025-06-24 11:27:04,874 - httpcore.http11 - DEBUG - receive_response_headers.started request=<Request [b'POST']>
2025-06-24 11:27:05,004 - httpcore.connection - DEBUG - connect_tcp.complete return_value=<httpcore._backends.anyio.AnyIOStream object at 0x000001B63D07E3E0>
2025-06-24 11:27:05,005 - httpcore.connection - DEBUG - start_tls.started ssl_context=<ssl.SSLContext object at 0x000001B63CF89AC0> server_hostname='api.telegram.org' timeout=5.0
2025-06-24 11:27:05,097 - httpcore.connection - DEBUG - start_tls.complete return_value=<httpcore._backends.anyio.AnyIOStream object at 0x000001B63D07DEA0>
2025-06-24 11:27:05,099 - httpcore.http11 - DEBUG - send_request_headers.started request=<Request [b'POST']>
2025-06-24 11:27:05,100 - httpcore.http11 - DEBUG - send_request_headers.complete
2025-06-24 11:27:05,101 - httpcore.http11 - DEBUG - send_request_body.started request=<Request [b'POST']>
2025-06-24 11:27:05,102 - httpcore.http11 - DEBUG - send_request_body.complete
2025-06-24 11:27:05,102 - httpcore.http11 - DEBUG - receive_response_headers.started request=<Request [b'POST']>
2025-06-24 11:27:05,195 - httpcore.http11 - DEBUG - receive_response_headers.complete return_value=(b'HTTP/1.1', 200, b'OK', [(b'Server', b'nginx/1.18.0'), (b'Date', b'Tue, 24 Jun 2025 10:27:06 GMT'), (b'Content-Type', b'application/json'), (b'Content-Length', b'25'), (b'Connection', b'keep-alive'), (b'Strict-Transport-Security', b'max-age=31536000; includeSubDomains; preload'), (b'Access-Control-Allow-Origin', b'*'), (b'Access-Control-Allow-Methods', b'GET, POST, OPTIONS'), (b'Access-Control-Expose-Headers', b'Content-Length,Content-Type,Date,Server,Connection')])
2025-06-24 11:27:05,196 - httpx - INFO - HTTP Request: POST https://api.telegram.org/bot7707158318:AAE8rWa4Q8Z_3avql6K0HAmXaooZAReoNF0/answerCallbackQuery "HTTP/1.1 200 OK"
2025-06-24 11:27:05,197 - httpcore.http11 - DEBUG - receive_response_body.started request=<Request [b'POST']>
2025-06-24 11:27:05,198 - httpcore.http11 - DEBUG - receive_response_body.complete
2025-06-24 11:27:05,198 - httpcore.http11 - DEBUG - response_closed.started
2025-06-24 11:27:05,199 - httpcore.http11 - DEBUG - response_closed.complete
2025-06-24 11:27:05,200 - telegram.ext.ExtBot - DEBUG - True
2025-06-24 11:27:05,200 - telegram.ext.ExtBot - DEBUG - Exiting: answer_callback_query
2025-06-24 11:27:05,200 - __main__ - INFO - Processing action: show_balance
2025-06-24 11:27:05,201 - __main__ - INFO - Processing show_balance action
2025-06-24 11:27:05,202 - __main__ - INFO - Reading wallet balance from: C:\Users\Rachid Aitali\OneDrive - 4JM Solutions Limited\Desktop\SniperX\SniperX\SniperX-V3\wallet_balance.json
2025-06-24 11:27:05,204 - __main__ - DEBUG - Raw wallet balance data: {'sol': '0.001771443', 'usd': '0.25494607656', 'sol_price': '143.92', 'timestamp': 1750760816.399408}
2025-06-24 11:27:05,204 - __main__ - INFO - Successfully read balance - SOL: 0.001771443, USD: 0.25494607656, Age: 0.1 minutes
2025-06-24 11:27:05,205 - __main__ - INFO - Current balance after read: {'sol': Decimal('0.001771443'), 'usd': Decimal('0.25494607656'), 'timestamp': 1750760816.399408}
2025-06-24 11:27:05,206 - __main__ - INFO - Wallet manager not running, attempting to start it
2025-06-24 11:27:05,211 - __main__ - INFO - Starting wallet manager from: C:\Users\Rachid Aitali\OneDrive - 4JM Solutions Limited\Desktop\SniperX\SniperX\SniperX-V3\wallet_manager.py
2025-06-24 11:27:05,349 - __main__ - INFO - Wallet manager started with PID: 23948
2025-06-24 11:27:07,356 - __main__ - INFO - Wallet manager started successfully, reading balance...
2025-06-24 11:27:07,356 - __main__ - INFO - Reading wallet balance from: C:\Users\Rachid Aitali\OneDrive - 4JM Solutions Limited\Desktop\SniperX\SniperX\SniperX-V3\wallet_balance.json
2025-06-24 11:27:07,358 - __main__ - DEBUG - Raw wallet balance data: {'sol': '0.001771443', 'usd': '0.25494607656', 'sol_price': '143.92', 'timestamp': 1750760816.399408}
2025-06-24 11:27:07,358 - __main__ - INFO - Successfully read balance - SOL: 0.001771443, USD: 0.25494607656, Age: 0.2 minutes
2025-06-24 11:27:07,359 - __main__ - INFO - Balance after wallet manager start: {'sol': Decimal('0.001771443'), 'usd': Decimal('0.25494607656'), 'timestamp': 1750760816.399408}
2025-06-24 11:27:07,359 - __main__ - INFO - Balance retrieved successfully
2025-06-24 11:27:07,360 - telegram.ext.ExtBot - DEBUG - Entering: edit_message_text
2025-06-24 11:27:07,364 - httpcore.http11 - DEBUG - send_request_headers.started request=<Request [b'POST']>
2025-06-24 11:27:07,366 - httpcore.http11 - DEBUG - send_request_headers.complete
2025-06-24 11:27:07,366 - httpcore.http11 - DEBUG - send_request_body.started request=<Request [b'POST']>
2025-06-24 11:27:07,368 - httpcore.http11 - DEBUG - send_request_body.complete
2025-06-24 11:27:07,368 - httpcore.http11 - DEBUG - receive_response_headers.started request=<Request [b'POST']>
2025-06-24 11:27:07,494 - httpcore.http11 - DEBUG - receive_response_headers.complete return_value=(b'HTTP/1.1', 200, b'OK', [(b'Server', b'nginx/1.18.0'), (b'Date', b'Tue, 24 Jun 2025 10:27:08 GMT'), (b'Content-Type', b'application/json'), (b'Content-Length', b'497'), (b'Connection', b'keep-alive'), (b'Strict-Transport-Security', b'max-age=31536000; includeSubDomains; preload'), (b'Access-Control-Allow-Origin', b'*'), (b'Access-Control-Allow-Methods', b'GET, POST, OPTIONS'), (b'Access-Control-Expose-Headers', b'Content-Length,Content-Type,Date,Server,Connection')])
2025-06-24 11:27:07,495 - httpx - INFO - HTTP Request: POST https://api.telegram.org/bot7707158318:AAE8rWa4Q8Z_3avql6K0HAmXaooZAReoNF0/editMessageText "HTTP/1.1 200 OK"
2025-06-24 11:27:07,497 - httpcore.http11 - DEBUG - receive_response_body.started request=<Request [b'POST']>
2025-06-24 11:27:07,498 - httpcore.http11 - DEBUG - receive_response_body.complete
2025-06-24 11:27:07,498 - httpcore.http11 - DEBUG - response_closed.started
2025-06-24 11:27:07,499 - httpcore.http11 - DEBUG - response_closed.complete
2025-06-24 11:27:07,500 - telegram.ext.ExtBot - DEBUG - Message(channel_chat_created=False, chat=Chat(first_name='Ghost', id=7049055170, last_name='Number1', type=<ChatType.PRIVATE>), date=datetime.datetime(2025, 6, 24, 10, 24, 30, tzinfo=<UTC>), delete_chat_photo=False, edit_date=datetime.datetime(2025, 6, 24, 10, 27, 8, tzinfo=<UTC>), from_user=User(first_name='SPRD', id=7707158318, is_bot=True, username='tizi91Bot'), group_chat_created=False, message_id=11955, reply_markup=InlineKeyboardMarkup(inline_keyboard=((InlineKeyboardButton(callback_data='show_balance', text='🔄 Refresh'), InlineKeyboardButton(callback_data='back_to_menu', text='🔙 Back to Menu')),)), supergroup_chat_created=False, text='Current Balance:\nSOL: 0.001771\nUSD: $0.25\n\nLast Update: 11:26:56')
2025-06-24 11:27:07,502 - telegram.ext.ExtBot - DEBUG - Exiting: edit_message_text
2025-06-24 11:27:09,990 - httpcore.http11 - DEBUG - receive_response_headers.complete return_value=(b'HTTP/1.1', 200, b'OK', [(b'Server', b'nginx/1.18.0'), (b'Date', b'Tue, 24 Jun 2025 10:27:10 GMT'), (b'Content-Type', b'application/json'), (b'Content-Length', b'744'), (b'Connection', b'keep-alive'), (b'Strict-Transport-Security', b'max-age=31536000; includeSubDomains; preload'), (b'Access-Control-Allow-Origin', b'*'), (b'Access-Control-Allow-Methods', b'GET, POST, OPTIONS'), (b'Access-Control-Expose-Headers', b'Content-Length,Content-Type,Date,Server,Connection')])
2025-06-24 11:27:09,990 - httpx - INFO - HTTP Request: POST https://api.telegram.org/bot7707158318:AAE8rWa4Q8Z_3avql6K0HAmXaooZAReoNF0/getUpdates "HTTP/1.1 200 OK"
2025-06-24 11:27:09,993 - httpcore.http11 - DEBUG - receive_response_body.started request=<Request [b'POST']>
2025-06-24 11:27:09,994 - httpcore.http11 - DEBUG - receive_response_body.complete
2025-06-24 11:27:09,995 - httpcore.http11 - DEBUG - response_closed.started
2025-06-24 11:27:09,995 - httpcore.http11 - DEBUG - response_closed.complete
2025-06-24 11:27:09,996 - telegram.ext.ExtBot - DEBUG - Getting updates: [37530156]
2025-06-24 11:27:09,999 - telegram.ext.ExtBot - DEBUG - (Update(callback_query=CallbackQuery(chat_instance='-1307310250263184334', data='show_balance', from_user=User(first_name='Ghost', id=7049055170, is_bot=False, language_code='en', last_name='Number1'), id='2605345314315025987', message=Message(channel_chat_created=False, chat=Chat(first_name='Ghost', id=7049055170, last_name='Number1', type=<ChatType.PRIVATE>), date=datetime.datetime(2025, 6, 24, 10, 24, 30, tzinfo=<UTC>), delete_chat_photo=False, edit_date=datetime.datetime(2025, 6, 24, 10, 27, 8, tzinfo=<UTC>), from_user=User(first_name='SPRD', id=7707158318, is_bot=True, username='tizi91Bot'), group_chat_created=False, message_id=11955, reply_markup=InlineKeyboardMarkup(inline_keyboard=((InlineKeyboardButton(callback_data='show_balance', text='🔄 Refresh'), InlineKeyboardButton(callback_data='back_to_menu', text='🔙 Back to Menu')),)), supergroup_chat_created=False, text='Current Balance:\nSOL: 0.001771\nUSD: $0.25\n\nLast Update: 11:26:56')), update_id=37530156),)
2025-06-24 11:27:10,000 - telegram.ext.ExtBot - DEBUG - Exiting: get_updates
2025-06-24 11:27:10,000 - telegram.ext.ExtBot - DEBUG - Entering: get_updates
2025-06-24 11:27:10,001 - telegram.ext.Application - DEBUG - Processing update Update(callback_query=CallbackQuery(chat_instance='-1307310250263184334', data='show_balance', from_user=User(first_name='Ghost', id=7049055170, is_bot=False, language_code='en', last_name='Number1'), id='2605345314315025987', message=Message(channel_chat_created=False, chat=Chat(first_name='Ghost', id=7049055170, last_name='Number1', type=<ChatType.PRIVATE>), date=datetime.datetime(2025, 6, 24, 10, 24, 30, tzinfo=<UTC>), delete_chat_photo=False, edit_date=datetime.datetime(2025, 6, 24, 10, 27, 8, tzinfo=<UTC>), from_user=User(first_name='SPRD', id=7707158318, is_bot=True, username='tizi91Bot'), group_chat_created=False, message_id=11955, reply_markup=InlineKeyboardMarkup(inline_keyboard=((InlineKeyboardButton(callback_data='show_balance', text='🔄 Refresh'), InlineKeyboardButton(callback_data='back_to_menu', text='🔙 Back to Menu')),)), supergroup_chat_created=False, text='Current Balance:\nSOL: 0.001771\nUSD: $0.25\n\nLast Update: 11:26:56')), update_id=37530156)
2025-06-24 11:27:10,005 - __main__ - INFO - Button callback received: Update(callback_query=CallbackQuery(chat_instance='-1307310250263184334', data='show_balance', from_user=User(first_name='Ghost', id=7049055170, is_bot=False, language_code='en', last_name='Number1'), id='2605345314315025987', message=Message(channel_chat_created=False, chat=Chat(first_name='Ghost', id=7049055170, last_name='Number1', type=<ChatType.PRIVATE>), date=datetime.datetime(2025, 6, 24, 10, 24, 30, tzinfo=<UTC>), delete_chat_photo=False, edit_date=datetime.datetime(2025, 6, 24, 10, 27, 8, tzinfo=<UTC>), from_user=User(first_name='SPRD', id=7707158318, is_bot=True, username='tizi91Bot'), group_chat_created=False, message_id=11955, reply_markup=InlineKeyboardMarkup(inline_keyboard=((InlineKeyboardButton(callback_data='show_balance', text='🔄 Refresh'), InlineKeyboardButton(callback_data='back_to_menu', text='🔙 Back to Menu')),)), supergroup_chat_created=False, text='Current Balance:\nSOL: 0.001771\nUSD: $0.25\n\nLast Update: 11:26:56')), update_id=37530156)
2025-06-24 11:27:10,007 - telegram.ext.ExtBot - DEBUG - Entering: answer_callback_query
2025-06-24 11:27:10,012 - httpcore.http11 - DEBUG - send_request_headers.started request=<Request [b'POST']>
2025-06-24 11:27:10,014 - httpcore.http11 - DEBUG - send_request_headers.started request=<Request [b'POST']>
2025-06-24 11:27:10,015 - httpcore.http11 - DEBUG - send_request_headers.complete
2025-06-24 11:27:10,017 - httpcore.http11 - DEBUG - send_request_body.started request=<Request [b'POST']>
2025-06-24 11:27:10,018 - httpcore.http11 - DEBUG - send_request_headers.complete
2025-06-24 11:27:10,019 - httpcore.http11 - DEBUG - send_request_body.started request=<Request [b'POST']>
2025-06-24 11:27:10,020 - httpcore.http11 - DEBUG - send_request_body.complete
2025-06-24 11:27:10,021 - httpcore.http11 - DEBUG - receive_response_headers.started request=<Request [b'POST']>
2025-06-24 11:27:10,022 - httpcore.http11 - DEBUG - send_request_body.complete
2025-06-24 11:27:10,024 - httpcore.http11 - DEBUG - receive_response_headers.started request=<Request [b'POST']>
2025-06-24 11:27:10,241 - httpcore.http11 - DEBUG - receive_response_headers.complete return_value=(b'HTTP/1.1', 200, b'OK', [(b'Server', b'nginx/1.18.0'), (b'Date', b'Tue, 24 Jun 2025 10:27:11 GMT'), (b'Content-Type', b'application/json'), (b'Content-Length', b'25'), (b'Connection', b'keep-alive'), (b'Strict-Transport-Security', b'max-age=31536000; includeSubDomains; preload'), (b'Access-Control-Allow-Origin', b'*'), (b'Access-Control-Allow-Methods', b'GET, POST, OPTIONS'), (b'Access-Control-Expose-Headers', b'Content-Length,Content-Type,Date,Server,Connection')])
2025-06-24 11:27:10,244 - httpx - INFO - HTTP Request: POST https://api.telegram.org/bot7707158318:AAE8rWa4Q8Z_3avql6K0HAmXaooZAReoNF0/answerCallbackQuery "HTTP/1.1 200 OK"
2025-06-24 11:27:10,245 - httpcore.http11 - DEBUG - receive_response_body.started request=<Request [b'POST']>
2025-06-24 11:27:10,246 - httpcore.http11 - DEBUG - receive_response_body.complete
2025-06-24 11:27:10,246 - httpcore.http11 - DEBUG - response_closed.started
2025-06-24 11:27:10,247 - httpcore.http11 - DEBUG - response_closed.complete
2025-06-24 11:27:10,249 - telegram.ext.ExtBot - DEBUG - True
2025-06-24 11:27:10,249 - telegram.ext.ExtBot - DEBUG - Exiting: answer_callback_query
2025-06-24 11:27:10,249 - __main__ - INFO - Processing action: show_balance
2025-06-24 11:27:10,250 - __main__ - INFO - Processing show_balance action
2025-06-24 11:27:10,250 - __main__ - INFO - Reading wallet balance from: C:\Users\Rachid Aitali\OneDrive - 4JM Solutions Limited\Desktop\SniperX\SniperX\SniperX-V3\wallet_balance.json
2025-06-24 11:27:10,254 - __main__ - DEBUG - Raw wallet balance data: {'sol': '0.001771443', 'usd': '0.25494607656', 'sol_price': '143.92', 'timestamp': 1750760828.1632502}
2025-06-24 11:27:10,255 - __main__ - INFO - Successfully read balance - SOL: 0.001771443, USD: 0.25494607656, Age: 0.0 minutes
2025-06-24 11:27:10,255 - __main__ - INFO - Current balance after read: {'sol': Decimal('0.001771443'), 'usd': Decimal('0.25494607656'), 'timestamp': 1750760828.1632502}
2025-06-24 11:27:10,256 - __main__ - INFO - Wallet manager not running, attempting to start it
2025-06-24 11:27:10,256 - __main__ - INFO - Starting wallet manager from: C:\Users\Rachid Aitali\OneDrive - 4JM Solutions Limited\Desktop\SniperX\SniperX\SniperX-V3\wallet_manager.py
2025-06-24 11:27:10,428 - __main__ - INFO - Wallet manager started with PID: 9492
2025-06-24 11:27:11,928 - httpcore.http11 - DEBUG - receive_response_headers.complete return_value=(b'HTTP/1.1', 200, b'OK', [(b'Server', b'nginx/1.18.0'), (b'Date', b'Tue, 24 Jun 2025 10:27:12 GMT'), (b'Content-Type', b'application/json'), (b'Content-Length', b'744'), (b'Connection', b'keep-alive'), (b'Strict-Transport-Security', b'max-age=31536000; includeSubDomains; preload'), (b'Access-Control-Allow-Origin', b'*'), (b'Access-Control-Allow-Methods', b'GET, POST, OPTIONS'), (b'Access-Control-Expose-Headers', b'Content-Length,Content-Type,Date,Server,Connection')])
2025-06-24 11:27:11,928 - httpx - INFO - HTTP Request: POST https://api.telegram.org/bot7707158318:AAE8rWa4Q8Z_3avql6K0HAmXaooZAReoNF0/getUpdates "HTTP/1.1 200 OK"
2025-06-24 11:27:11,929 - httpcore.http11 - DEBUG - receive_response_body.started request=<Request [b'POST']>
2025-06-24 11:27:11,929 - httpcore.http11 - DEBUG - receive_response_body.complete
2025-06-24 11:27:11,929 - httpcore.http11 - DEBUG - response_closed.started
2025-06-24 11:27:11,931 - httpcore.http11 - DEBUG - response_closed.complete
2025-06-24 11:27:11,932 - telegram.ext.ExtBot - DEBUG - Getting updates: [37530157]
2025-06-24 11:27:11,933 - telegram.ext.ExtBot - DEBUG - (Update(callback_query=CallbackQuery(chat_instance='-1307310250263184334', data='back_to_menu', from_user=User(first_name='Ghost', id=7049055170, is_bot=False, language_code='en', last_name='Number1'), id='2605345316128259444', message=Message(channel_chat_created=False, chat=Chat(first_name='Ghost', id=7049055170, last_name='Number1', type=<ChatType.PRIVATE>), date=datetime.datetime(2025, 6, 24, 10, 24, 30, tzinfo=<UTC>), delete_chat_photo=False, edit_date=datetime.datetime(2025, 6, 24, 10, 27, 8, tzinfo=<UTC>), from_user=User(first_name='SPRD', id=7707158318, is_bot=True, username='tizi91Bot'), group_chat_created=False, message_id=11955, reply_markup=InlineKeyboardMarkup(inline_keyboard=((InlineKeyboardButton(callback_data='show_balance', text='🔄 Refresh'), InlineKeyboardButton(callback_data='back_to_menu', text='🔙 Back to Menu')),)), supergroup_chat_created=False, text='Current Balance:\nSOL: 0.001771\nUSD: $0.25\n\nLast Update: 11:26:56')), update_id=37530157),)
2025-06-24 11:27:11,935 - telegram.ext.ExtBot - DEBUG - Exiting: get_updates
2025-06-24 11:27:11,935 - telegram.ext.ExtBot - DEBUG - Entering: get_updates
2025-06-24 11:27:11,937 - httpcore.http11 - DEBUG - send_request_headers.started request=<Request [b'POST']>
2025-06-24 11:27:11,939 - httpcore.http11 - DEBUG - send_request_headers.complete
2025-06-24 11:27:11,939 - httpcore.http11 - DEBUG - send_request_body.started request=<Request [b'POST']>
2025-06-24 11:27:11,941 - httpcore.http11 - DEBUG - send_request_body.complete
2025-06-24 11:27:11,941 - httpcore.http11 - DEBUG - receive_response_headers.started request=<Request [b'POST']>
2025-06-24 11:27:12,430 - __main__ - INFO - Wallet manager started successfully, reading balance...
2025-06-24 11:27:12,432 - __main__ - INFO - Reading wallet balance from: C:\Users\Rachid Aitali\OneDrive - 4JM Solutions Limited\Desktop\SniperX\SniperX\SniperX-V3\wallet_balance.json
2025-06-24 11:27:12,433 - __main__ - DEBUG - Raw wallet balance data: {'sol': '0.001771443', 'usd': '0.25494607656', 'sol_price': '143.92', 'timestamp': 1750760828.1632502}
2025-06-24 11:27:12,433 - __main__ - INFO - Successfully read balance - SOL: 0.001771443, USD: 0.25494607656, Age: 0.1 minutes
2025-06-24 11:27:12,434 - __main__ - INFO - Balance after wallet manager start: {'sol': Decimal('0.001771443'), 'usd': Decimal('0.25494607656'), 'timestamp': 1750760828.1632502}
2025-06-24 11:27:12,435 - __main__ - INFO - Balance retrieved successfully
2025-06-24 11:27:12,436 - telegram.ext.ExtBot - DEBUG - Entering: edit_message_text
2025-06-24 11:27:12,440 - httpcore.http11 - DEBUG - send_request_headers.started request=<Request [b'POST']>
2025-06-24 11:27:12,447 - httpcore.http11 - DEBUG - send_request_headers.complete
2025-06-24 11:27:12,447 - httpcore.http11 - DEBUG - send_request_body.started request=<Request [b'POST']>
2025-06-24 11:27:12,449 - httpcore.http11 - DEBUG - send_request_body.complete
2025-06-24 11:27:12,449 - httpcore.http11 - DEBUG - receive_response_headers.started request=<Request [b'POST']>
2025-06-24 11:27:12,577 - httpcore.http11 - DEBUG - receive_response_headers.complete return_value=(b'HTTP/1.1', 200, b'OK', [(b'Server', b'nginx/1.18.0'), (b'Date', b'Tue, 24 Jun 2025 10:27:13 GMT'), (b'Content-Type', b'application/json'), (b'Content-Length', b'497'), (b'Connection', b'keep-alive'), (b'Strict-Transport-Security', b'max-age=31536000; includeSubDomains; preload'), (b'Access-Control-Allow-Origin', b'*'), (b'Access-Control-Allow-Methods', b'GET, POST, OPTIONS'), (b'Access-Control-Expose-Headers', b'Content-Length,Content-Type,Date,Server,Connection')])
2025-06-24 11:27:12,579 - httpx - INFO - HTTP Request: POST https://api.telegram.org/bot7707158318:AAE8rWa4Q8Z_3avql6K0HAmXaooZAReoNF0/editMessageText "HTTP/1.1 200 OK"
2025-06-24 11:27:12,580 - httpcore.http11 - DEBUG - receive_response_body.started request=<Request [b'POST']>
2025-06-24 11:27:12,580 - httpcore.http11 - DEBUG - receive_response_body.complete
2025-06-24 11:27:12,581 - httpcore.http11 - DEBUG - response_closed.started
2025-06-24 11:27:12,581 - httpcore.http11 - DEBUG - response_closed.complete
2025-06-24 11:27:12,582 - telegram.ext.ExtBot - DEBUG - Message(channel_chat_created=False, chat=Chat(first_name='Ghost', id=7049055170, last_name='Number1', type=<ChatType.PRIVATE>), date=datetime.datetime(2025, 6, 24, 10, 24, 30, tzinfo=<UTC>), delete_chat_photo=False, edit_date=datetime.datetime(2025, 6, 24, 10, 27, 13, tzinfo=<UTC>), from_user=User(first_name='SPRD', id=7707158318, is_bot=True, username='tizi91Bot'), group_chat_created=False, message_id=11955, reply_markup=InlineKeyboardMarkup(inline_keyboard=((InlineKeyboardButton(callback_data='show_balance', text='🔄 Refresh'), InlineKeyboardButton(callback_data='back_to_menu', text='🔙 Back to Menu')),)), supergroup_chat_created=False, text='Current Balance:\nSOL: 0.001771\nUSD: $0.25\n\nLast Update: 11:27:08')
2025-06-24 11:27:12,585 - telegram.ext.ExtBot - DEBUG - Exiting: edit_message_text
2025-06-24 11:27:12,586 - telegram.ext.Application - DEBUG - Processing update Update(callback_query=CallbackQuery(chat_instance='-1307310250263184334', data='back_to_menu', from_user=User(first_name='Ghost', id=7049055170, is_bot=False, language_code='en', last_name='Number1'), id='2605345316128259444', message=Message(channel_chat_created=False, chat=Chat(first_name='Ghost', id=7049055170, last_name='Number1', type=<ChatType.PRIVATE>), date=datetime.datetime(2025, 6, 24, 10, 24, 30, tzinfo=<UTC>), delete_chat_photo=False, edit_date=datetime.datetime(2025, 6, 24, 10, 27, 8, tzinfo=<UTC>), from_user=User(first_name='SPRD', id=7707158318, is_bot=True, username='tizi91Bot'), group_chat_created=False, message_id=11955, reply_markup=InlineKeyboardMarkup(inline_keyboard=((InlineKeyboardButton(callback_data='show_balance', text='🔄 Refresh'), InlineKeyboardButton(callback_data='back_to_menu', text='🔙 Back to Menu')),)), supergroup_chat_created=False, text='Current Balance:\nSOL: 0.001771\nUSD: $0.25\n\nLast Update: 11:26:56')), update_id=37530157)
2025-06-24 11:27:12,589 - __main__ - INFO - Button callback received: Update(callback_query=CallbackQuery(chat_instance='-1307310250263184334', data='back_to_menu', from_user=User(first_name='Ghost', id=7049055170, is_bot=False, language_code='en', last_name='Number1'), id='2605345316128259444', message=Message(channel_chat_created=False, chat=Chat(first_name='Ghost', id=7049055170, last_name='Number1', type=<ChatType.PRIVATE>), date=datetime.datetime(2025, 6, 24, 10, 24, 30, tzinfo=<UTC>), delete_chat_photo=False, edit_date=datetime.datetime(2025, 6, 24, 10, 27, 8, tzinfo=<UTC>), from_user=User(first_name='SPRD', id=7707158318, is_bot=True, username='tizi91Bot'), group_chat_created=False, message_id=11955, reply_markup=InlineKeyboardMarkup(inline_keyboard=((InlineKeyboardButton(callback_data='show_balance', text='🔄 Refresh'), InlineKeyboardButton(callback_data='back_to_menu', text='🔙 Back to Menu')),)), supergroup_chat_created=False, text='Current Balance:\nSOL: 0.001771\nUSD: $0.25\n\nLast Update: 11:26:56')), update_id=37530157)
2025-06-24 11:27:12,598 - telegram.ext.ExtBot - DEBUG - Entering: answer_callback_query
2025-06-24 11:27:12,601 - httpcore.http11 - DEBUG - send_request_headers.started request=<Request [b'POST']>
2025-06-24 11:27:12,603 - httpcore.http11 - DEBUG - send_request_headers.complete
2025-06-24 11:27:12,603 - httpcore.http11 - DEBUG - send_request_body.started request=<Request [b'POST']>
2025-06-24 11:27:12,604 - httpcore.http11 - DEBUG - send_request_body.complete
2025-06-24 11:27:12,605 - httpcore.http11 - DEBUG - receive_response_headers.started request=<Request [b'POST']>
2025-06-24 11:27:12,721 - httpcore.http11 - DEBUG - receive_response_headers.complete return_value=(b'HTTP/1.1', 200, b'OK', [(b'Server', b'nginx/1.18.0'), (b'Date', b'Tue, 24 Jun 2025 10:27:13 GMT'), (b'Content-Type', b'application/json'), (b'Content-Length', b'25'), (b'Connection', b'keep-alive'), (b'Strict-Transport-Security', b'max-age=31536000; includeSubDomains; preload'), (b'Access-Control-Allow-Origin', b'*'), (b'Access-Control-Allow-Methods', b'GET, POST, OPTIONS'), (b'Access-Control-Expose-Headers', b'Content-Length,Content-Type,Date,Server,Connection')])
2025-06-24 11:27:12,723 - httpx - INFO - HTTP Request: POST https://api.telegram.org/bot7707158318:AAE8rWa4Q8Z_3avql6K0HAmXaooZAReoNF0/answerCallbackQuery "HTTP/1.1 200 OK"
2025-06-24 11:27:12,724 - httpcore.http11 - DEBUG - receive_response_body.started request=<Request [b'POST']>
2025-06-24 11:27:12,725 - httpcore.http11 - DEBUG - receive_response_body.complete
2025-06-24 11:27:12,726 - httpcore.http11 - DEBUG - response_closed.started
2025-06-24 11:27:12,727 - httpcore.http11 - DEBUG - response_closed.complete
2025-06-24 11:27:12,728 - telegram.ext.ExtBot - DEBUG - True
2025-06-24 11:27:12,729 - telegram.ext.ExtBot - DEBUG - Exiting: answer_callback_query
2025-06-24 11:27:12,729 - __main__ - INFO - Processing action: back_to_menu
2025-06-24 11:27:12,730 - telegram.ext.ExtBot - DEBUG - Entering: edit_message_text
2025-06-24 11:27:12,734 - httpcore.http11 - DEBUG - send_request_headers.started request=<Request [b'POST']>
2025-06-24 11:27:12,737 - httpcore.http11 - DEBUG - send_request_headers.complete
2025-06-24 11:27:12,738 - httpcore.http11 - DEBUG - send_request_body.started request=<Request [b'POST']>
2025-06-24 11:27:12,740 - httpcore.http11 - DEBUG - send_request_body.complete
2025-06-24 11:27:12,740 - httpcore.http11 - DEBUG - receive_response_headers.started request=<Request [b'POST']>
2025-06-24 11:27:12,814 - httpcore.http11 - DEBUG - receive_response_headers.complete return_value=(b'HTTP/1.1', 200, b'OK', [(b'Server', b'nginx/1.18.0'), (b'Date', b'Tue, 24 Jun 2025 10:27:13 GMT'), (b'Content-Type', b'application/json'), (b'Content-Length', b'593'), (b'Connection', b'keep-alive'), (b'Strict-Transport-Security', b'max-age=31536000; includeSubDomains; preload'), (b'Access-Control-Allow-Origin', b'*'), (b'Access-Control-Allow-Methods', b'GET, POST, OPTIONS'), (b'Access-Control-Expose-Headers', b'Content-Length,Content-Type,Date,Server,Connection')])
2025-06-24 11:27:12,817 - httpx - INFO - HTTP Request: POST https://api.telegram.org/bot7707158318:AAE8rWa4Q8Z_3avql6K0HAmXaooZAReoNF0/editMessageText "HTTP/1.1 200 OK"
2025-06-24 11:27:12,818 - httpcore.http11 - DEBUG - receive_response_body.started request=<Request [b'POST']>
2025-06-24 11:27:12,819 - httpcore.http11 - DEBUG - receive_response_body.complete
2025-06-24 11:27:12,819 - httpcore.http11 - DEBUG - response_closed.started
2025-06-24 11:27:12,819 - httpcore.http11 - DEBUG - response_closed.complete
2025-06-24 11:27:12,822 - telegram.ext.ExtBot - DEBUG - Message(channel_chat_created=False, chat=Chat(first_name='Ghost', id=7049055170, last_name='Number1', type=<ChatType.PRIVATE>), date=datetime.datetime(2025, 6, 24, 10, 24, 30, tzinfo=<UTC>), delete_chat_photo=False, edit_date=datetime.datetime(2025, 6, 24, 10, 27, 13, tzinfo=<UTC>), from_user=User(first_name='SPRD', id=7707158318, is_bot=True, username='tizi91Bot'), group_chat_created=False, message_id=11955, reply_markup=InlineKeyboardMarkup(inline_keyboard=((InlineKeyboardButton(callback_data='start_sniperx', text='🚀 Start SniperX'),), (InlineKeyboardButton(callback_data='stop_sniperx', text='🛑 Stop SniperX'), InlineKeyboardButton(callback_data='status_sniperx', text='📊 Status')), (InlineKeyboardButton(callback_data='show_balance', text='💰 Balance'),))), supergroup_chat_created=False, text='SniperX Bot Control Panel:')
2025-06-24 11:27:12,824 - telegram.ext.ExtBot - DEBUG - Exiting: edit_message_text
2025-06-24 11:27:21,998 - httpcore.http11 - DEBUG - receive_response_headers.complete return_value=(b'HTTP/1.1', 200, b'OK', [(b'Server', b'nginx/1.18.0'), (b'Date', b'Tue, 24 Jun 2025 10:27:22 GMT'), (b'Content-Type', b'application/json'), (b'Content-Length', b'23'), (b'Connection', b'keep-alive'), (b'Strict-Transport-Security', b'max-age=31536000; includeSubDomains; preload'), (b'Access-Control-Allow-Origin', b'*'), (b'Access-Control-Allow-Methods', b'GET, POST, OPTIONS'), (b'Access-Control-Expose-Headers', b'Content-Length,Content-Type,Date,Server,Connection')])
2025-06-24 11:27:22,000 - httpx - INFO - HTTP Request: POST https://api.telegram.org/bot7707158318:AAE8rWa4Q8Z_3avql6K0HAmXaooZAReoNF0/getUpdates "HTTP/1.1 200 OK"
2025-06-24 11:27:22,002 - httpcore.http11 - DEBUG - receive_response_body.started request=<Request [b'POST']>
2025-06-24 11:27:22,003 - httpcore.http11 - DEBUG - receive_response_body.complete
2025-06-24 11:27:22,003 - httpcore.http11 - DEBUG - response_closed.started
2025-06-24 11:27:22,003 - httpcore.http11 - DEBUG - response_closed.complete
2025-06-24 11:27:22,005 - telegram.ext.ExtBot - DEBUG - No new updates found.
2025-06-24 11:27:22,006 - telegram.ext.ExtBot - DEBUG - ()
2025-06-24 11:27:22,006 - telegram.ext.ExtBot - DEBUG - Exiting: get_updates
2025-06-24 11:27:22,006 - telegram.ext.ExtBot - DEBUG - Entering: get_updates
2025-06-24 11:27:22,009 - httpcore.http11 - DEBUG - send_request_headers.started request=<Request [b'POST']>
2025-06-24 11:27:22,011 - httpcore.http11 - DEBUG - send_request_headers.complete
2025-06-24 11:27:22,011 - httpcore.http11 - DEBUG - send_request_body.started request=<Request [b'POST']>
2025-06-24 11:27:22,012 - httpcore.http11 - DEBUG - send_request_body.complete
2025-06-24 11:27:22,012 - httpcore.http11 - DEBUG - receive_response_headers.started request=<Request [b'POST']>
2025-06-24 11:27:32,068 - httpcore.http11 - DEBUG - receive_response_headers.complete return_value=(b'HTTP/1.1', 200, b'OK', [(b'Server', b'nginx/1.18.0'), (b'Date', b'Tue, 24 Jun 2025 10:27:33 GMT'), (b'Content-Type', b'application/json'), (b'Content-Length', b'23'), (b'Connection', b'keep-alive'), (b'Strict-Transport-Security', b'max-age=31536000; includeSubDomains; preload'), (b'Access-Control-Allow-Origin', b'*'), (b'Access-Control-Allow-Methods', b'GET, POST, OPTIONS'), (b'Access-Control-Expose-Headers', b'Content-Length,Content-Type,Date,Server,Connection')])
2025-06-24 11:27:32,076 - httpx - INFO - HTTP Request: POST https://api.telegram.org/bot7707158318:AAE8rWa4Q8Z_3avql6K0HAmXaooZAReoNF0/getUpdates "HTTP/1.1 200 OK"
2025-06-24 11:27:32,080 - httpcore.http11 - DEBUG - receive_response_body.started request=<Request [b'POST']>
2025-06-24 11:27:32,080 - httpcore.http11 - DEBUG - receive_response_body.complete
2025-06-24 11:27:32,083 - httpcore.http11 - DEBUG - response_closed.started
2025-06-24 11:27:32,085 - httpcore.http11 - DEBUG - response_closed.complete
2025-06-24 11:27:32,088 - telegram.ext.ExtBot - DEBUG - No new updates found.
2025-06-24 11:27:32,088 - telegram.ext.ExtBot - DEBUG - ()
2025-06-24 11:27:32,088 - telegram.ext.ExtBot - DEBUG - Exiting: get_updates
2025-06-24 11:27:32,090 - telegram.ext.ExtBot - DEBUG - Entering: get_updates
2025-06-24 11:27:32,102 - httpcore.http11 - DEBUG - send_request_headers.started request=<Request [b'POST']>
2025-06-24 11:27:32,119 - httpcore.http11 - DEBUG - send_request_headers.complete
2025-06-24 11:27:32,119 - httpcore.http11 - DEBUG - send_request_body.started request=<Request [b'POST']>
2025-06-24 11:27:32,127 - httpcore.http11 - DEBUG - send_request_body.complete
2025-06-24 11:27:32,127 - httpcore.http11 - DEBUG - receive_response_headers.started request=<Request [b'POST']>
2025-06-24 11:27:42,192 - httpcore.http11 - DEBUG - receive_response_headers.complete return_value=(b'HTTP/1.1', 200, b'OK', [(b'Server', b'nginx/1.18.0'), (b'Date', b'Tue, 24 Jun 2025 10:27:43 GMT'), (b'Content-Type', b'application/json'), (b'Content-Length', b'23'), (b'Connection', b'keep-alive'), (b'Strict-Transport-Security', b'max-age=31536000; includeSubDomains; preload'), (b'Access-Control-Allow-Origin', b'*'), (b'Access-Control-Allow-Methods', b'GET, POST, OPTIONS'), (b'Access-Control-Expose-Headers', b'Content-Length,Content-Type,Date,Server,Connection')])
2025-06-24 11:27:42,196 - httpx - INFO - HTTP Request: POST https://api.telegram.org/bot7707158318:AAE8rWa4Q8Z_3avql6K0HAmXaooZAReoNF0/getUpdates "HTTP/1.1 200 OK"
2025-06-24 11:27:42,199 - httpcore.http11 - DEBUG - receive_response_body.started request=<Request [b'POST']>
2025-06-24 11:27:42,199 - httpcore.http11 - DEBUG - receive_response_body.complete
2025-06-24 11:27:42,202 - httpcore.http11 - DEBUG - response_closed.started
2025-06-24 11:27:42,203 - httpcore.http11 - DEBUG - response_closed.complete
2025-06-24 11:27:42,207 - telegram.ext.ExtBot - DEBUG - No new updates found.
2025-06-24 11:27:42,210 - telegram.ext.ExtBot - DEBUG - ()
2025-06-24 11:27:42,211 - telegram.ext.ExtBot - DEBUG - Exiting: get_updates
2025-06-24 11:27:42,212 - telegram.ext.ExtBot - DEBUG - Entering: get_updates
2025-06-24 11:27:42,220 - httpcore.http11 - DEBUG - send_request_headers.started request=<Request [b'POST']>
2025-06-24 11:27:42,223 - httpcore.http11 - DEBUG - send_request_headers.complete
2025-06-24 11:27:42,225 - httpcore.http11 - DEBUG - send_request_body.started request=<Request [b'POST']>
2025-06-24 11:27:42,231 - httpcore.http11 - DEBUG - send_request_body.complete
2025-06-24 11:27:42,231 - httpcore.http11 - DEBUG - receive_response_headers.started request=<Request [b'POST']>
2025-06-24 11:27:50,573 - httpcore.http11 - DEBUG - receive_response_headers.complete return_value=(b'HTTP/1.1', 200, b'OK', [(b'Server', b'nginx/1.18.0'), (b'Date', b'Tue, 24 Jun 2025 10:27:51 GMT'), (b'Content-Type', b'application/json'), (b'Content-Length', b'842'), (b'Connection', b'keep-alive'), (b'Strict-Transport-Security', b'max-age=31536000; includeSubDomains; preload'), (b'Access-Control-Allow-Origin', b'*'), (b'Access-Control-Allow-Methods', b'GET, POST, OPTIONS'), (b'Access-Control-Expose-Headers', b'Content-Length,Content-Type,Date,Server,Connection')])
2025-06-24 11:27:50,576 - httpx - INFO - HTTP Request: POST https://api.telegram.org/bot7707158318:AAE8rWa4Q8Z_3avql6K0HAmXaooZAReoNF0/getUpdates "HTTP/1.1 200 OK"
2025-06-24 11:27:50,577 - httpcore.http11 - DEBUG - receive_response_body.started request=<Request [b'POST']>
2025-06-24 11:27:50,577 - httpcore.http11 - DEBUG - receive_response_body.complete
2025-06-24 11:27:50,578 - httpcore.http11 - DEBUG - response_closed.started
2025-06-24 11:27:50,578 - httpcore.http11 - DEBUG - response_closed.complete
2025-06-24 11:27:50,579 - telegram.ext.ExtBot - DEBUG - Getting updates: [37530158]
2025-06-24 11:27:50,580 - telegram.ext.ExtBot - DEBUG - (Update(callback_query=CallbackQuery(chat_instance='-1307310250263184334', data='status_sniperx', from_user=User(first_name='Ghost', id=7049055170, is_bot=False, language_code='en', last_name='Number1'), id='2605345314567339859', message=Message(channel_chat_created=False, chat=Chat(first_name='Ghost', id=7049055170, last_name='Number1', type=<ChatType.PRIVATE>), date=datetime.datetime(2025, 6, 24, 10, 24, 30, tzinfo=<UTC>), delete_chat_photo=False, edit_date=datetime.datetime(2025, 6, 24, 10, 27, 13, tzinfo=<UTC>), from_user=User(first_name='SPRD', id=7707158318, is_bot=True, username='tizi91Bot'), group_chat_created=False, message_id=11955, reply_markup=InlineKeyboardMarkup(inline_keyboard=((InlineKeyboardButton(callback_data='start_sniperx', text='🚀 Start SniperX'),), (InlineKeyboardButton(callback_data='stop_sniperx', text='🛑 Stop SniperX'), InlineKeyboardButton(callback_data='status_sniperx', text='📊 Status')), (InlineKeyboardButton(callback_data='show_balance', text='💰 Balance'),))), supergroup_chat_created=False, text='SniperX Bot Control Panel:')), update_id=37530158),)
2025-06-24 11:27:50,583 - telegram.ext.ExtBot - DEBUG - Exiting: get_updates
2025-06-24 11:27:50,583 - telegram.ext.ExtBot - DEBUG - Entering: get_updates
2025-06-24 11:27:50,584 - telegram.ext.Application - DEBUG - Processing update Update(callback_query=CallbackQuery(chat_instance='-1307310250263184334', data='status_sniperx', from_user=User(first_name='Ghost', id=7049055170, is_bot=False, language_code='en', last_name='Number1'), id='2605345314567339859', message=Message(channel_chat_created=False, chat=Chat(first_name='Ghost', id=7049055170, last_name='Number1', type=<ChatType.PRIVATE>), date=datetime.datetime(2025, 6, 24, 10, 24, 30, tzinfo=<UTC>), delete_chat_photo=False, edit_date=datetime.datetime(2025, 6, 24, 10, 27, 13, tzinfo=<UTC>), from_user=User(first_name='SPRD', id=7707158318, is_bot=True, username='tizi91Bot'), group_chat_created=False, message_id=11955, reply_markup=InlineKeyboardMarkup(inline_keyboard=((InlineKeyboardButton(callback_data='start_sniperx', text='🚀 Start SniperX'),), (InlineKeyboardButton(callback_data='stop_sniperx', text='🛑 Stop SniperX'), InlineKeyboardButton(callback_data='status_sniperx', text='📊 Status')), (InlineKeyboardButton(callback_data='show_balance', text='💰 Balance'),))), supergroup_chat_created=False, text='SniperX Bot Control Panel:')), update_id=37530158)
2025-06-24 11:27:50,588 - __main__ - INFO - Button callback received: Update(callback_query=CallbackQuery(chat_instance='-1307310250263184334', data='status_sniperx', from_user=User(first_name='Ghost', id=7049055170, is_bot=False, language_code='en', last_name='Number1'), id='2605345314567339859', message=Message(channel_chat_created=False, chat=Chat(first_name='Ghost', id=7049055170, last_name='Number1', type=<ChatType.PRIVATE>), date=datetime.datetime(2025, 6, 24, 10, 24, 30, tzinfo=<UTC>), delete_chat_photo=False, edit_date=datetime.datetime(2025, 6, 24, 10, 27, 13, tzinfo=<UTC>), from_user=User(first_name='SPRD', id=7707158318, is_bot=True, username='tizi91Bot'), group_chat_created=False, message_id=11955, reply_markup=InlineKeyboardMarkup(inline_keyboard=((InlineKeyboardButton(callback_data='start_sniperx', text='🚀 Start SniperX'),), (InlineKeyboardButton(callback_data='stop_sniperx', text='🛑 Stop SniperX'), InlineKeyboardButton(callback_data='status_sniperx', text='📊 Status')), (InlineKeyboardButton(callback_data='show_balance', text='💰 Balance'),))), supergroup_chat_created=False, text='SniperX Bot Control Panel:')), update_id=37530158)
2025-06-24 11:27:50,588 - telegram.ext.ExtBot - DEBUG - Entering: answer_callback_query
2025-06-24 11:27:50,596 - httpcore.connection - DEBUG - close.started
2025-06-24 11:27:50,597 - httpcore.connection - DEBUG - close.complete
2025-06-24 11:27:50,598 - httpcore.http11 - DEBUG - send_request_headers.started request=<Request [b'POST']>
2025-06-24 11:27:50,599 - httpcore.connection - DEBUG - connect_tcp.started host='api.telegram.org' port=443 local_address=None timeout=5.0 socket_options=None
2025-06-24 11:27:50,600 - httpcore.http11 - DEBUG - send_request_headers.complete
2025-06-24 11:27:50,601 - httpcore.http11 - DEBUG - send_request_body.started request=<Request [b'POST']>
2025-06-24 11:27:50,603 - httpcore.http11 - DEBUG - send_request_body.complete
2025-06-24 11:27:50,603 - httpcore.http11 - DEBUG - receive_response_headers.started request=<Request [b'POST']>
2025-06-24 11:27:50,683 - httpcore.connection - DEBUG - connect_tcp.complete return_value=<httpcore._backends.anyio.AnyIOStream object at 0x000001B63D115510>
2025-06-24 11:27:50,684 - httpcore.connection - DEBUG - start_tls.started ssl_context=<ssl.SSLContext object at 0x000001B63CF89AC0> server_hostname='api.telegram.org' timeout=5.0
2025-06-24 11:27:50,806 - httpcore.connection - DEBUG - start_tls.complete return_value=<httpcore._backends.anyio.AnyIOStream object at 0x000001B63D1157E0>
2025-06-24 11:27:50,808 - httpcore.http11 - DEBUG - send_request_headers.started request=<Request [b'POST']>
2025-06-24 11:27:50,810 - httpcore.http11 - DEBUG - send_request_headers.complete
2025-06-24 11:27:50,810 - httpcore.http11 - DEBUG - send_request_body.started request=<Request [b'POST']>
2025-06-24 11:27:50,811 - httpcore.http11 - DEBUG - send_request_body.complete
2025-06-24 11:27:50,812 - httpcore.http11 - DEBUG - receive_response_headers.started request=<Request [b'POST']>
2025-06-24 11:27:50,885 - httpcore.http11 - DEBUG - receive_response_headers.complete return_value=(b'HTTP/1.1', 200, b'OK', [(b'Server', b'nginx/1.18.0'), (b'Date', b'Tue, 24 Jun 2025 10:27:51 GMT'), (b'Content-Type', b'application/json'), (b'Content-Length', b'25'), (b'Connection', b'keep-alive'), (b'Strict-Transport-Security', b'max-age=31536000; includeSubDomains; preload'), (b'Access-Control-Allow-Origin', b'*'), (b'Access-Control-Allow-Methods', b'GET, POST, OPTIONS'), (b'Access-Control-Expose-Headers', b'Content-Length,Content-Type,Date,Server,Connection')])
2025-06-24 11:27:50,887 - httpx - INFO - HTTP Request: POST https://api.telegram.org/bot7707158318:AAE8rWa4Q8Z_3avql6K0HAmXaooZAReoNF0/answerCallbackQuery "HTTP/1.1 200 OK"
2025-06-24 11:27:50,888 - httpcore.http11 - DEBUG - receive_response_body.started request=<Request [b'POST']>
2025-06-24 11:27:50,888 - httpcore.http11 - DEBUG - receive_response_body.complete
2025-06-24 11:27:50,888 - httpcore.http11 - DEBUG - response_closed.started
2025-06-24 11:27:50,890 - httpcore.http11 - DEBUG - response_closed.complete
2025-06-24 11:27:50,890 - telegram.ext.ExtBot - DEBUG - True
2025-06-24 11:27:50,891 - telegram.ext.ExtBot - DEBUG - Exiting: answer_callback_query
2025-06-24 11:27:50,891 - __main__ - INFO - Processing action: status_sniperx
2025-06-24 11:27:50,892 - telegram.ext.ExtBot - DEBUG - Entering: edit_message_text
2025-06-24 11:27:50,896 - httpcore.http11 - DEBUG - send_request_headers.started request=<Request [b'POST']>
2025-06-24 11:27:50,898 - httpcore.http11 - DEBUG - send_request_headers.complete
2025-06-24 11:27:50,898 - httpcore.http11 - DEBUG - send_request_body.started request=<Request [b'POST']>
2025-06-24 11:27:50,900 - httpcore.http11 - DEBUG - send_request_body.complete
2025-06-24 11:27:50,900 - httpcore.http11 - DEBUG - receive_response_headers.started request=<Request [b'POST']>
2025-06-24 11:27:50,971 - httpcore.http11 - DEBUG - receive_response_headers.complete return_value=(b'HTTP/1.1', 200, b'OK', [(b'Server', b'nginx/1.18.0'), (b'Date', b'Tue, 24 Jun 2025 10:27:51 GMT'), (b'Content-Type', b'application/json'), (b'Content-Length', b'463'), (b'Connection', b'keep-alive'), (b'Strict-Transport-Security', b'max-age=31536000; includeSubDomains; preload'), (b'Access-Control-Allow-Origin', b'*'), (b'Access-Control-Allow-Methods', b'GET, POST, OPTIONS'), (b'Access-Control-Expose-Headers', b'Content-Length,Content-Type,Date,Server,Connection')])
2025-06-24 11:27:50,975 - httpx - INFO - HTTP Request: POST https://api.telegram.org/bot7707158318:AAE8rWa4Q8Z_3avql6K0HAmXaooZAReoNF0/editMessageText "HTTP/1.1 200 OK"
2025-06-24 11:27:50,977 - httpcore.http11 - DEBUG - receive_response_body.started request=<Request [b'POST']>
2025-06-24 11:27:50,978 - httpcore.http11 - DEBUG - receive_response_body.complete
2025-06-24 11:27:50,978 - httpcore.http11 - DEBUG - response_closed.started
2025-06-24 11:27:50,978 - httpcore.http11 - DEBUG - response_closed.complete
2025-06-24 11:27:50,981 - telegram.ext.ExtBot - DEBUG - Message(channel_chat_created=False, chat=Chat(first_name='Ghost', id=7049055170, last_name='Number1', type=<ChatType.PRIVATE>), date=datetime.datetime(2025, 6, 24, 10, 24, 30, tzinfo=<UTC>), delete_chat_photo=False, edit_date=datetime.datetime(2025, 6, 24, 10, 27, 51, tzinfo=<UTC>), entities=(MessageEntity(length=5, offset=8, type=<MessageEntityType.URL>),), from_user=User(first_name='SPRD', id=7707158318, is_bot=True, username='tizi91Bot'), group_chat_created=False, message_id=11955, reply_markup=InlineKeyboardMarkup(inline_keyboard=((InlineKeyboardButton(callback_data='back_to_menu', text='🔙 Back to Menu'),),)), supergroup_chat_created=False, text='SniperX V2.py is currently running (PID: 7228).')
2025-06-24 11:27:50,983 - telegram.ext.ExtBot - DEBUG - Exiting: edit_message_text
2025-06-24 11:27:53,169 - httpcore.http11 - DEBUG - receive_response_headers.complete return_value=(b'HTTP/1.1', 200, b'OK', [(b'Server', b'nginx/1.18.0'), (b'Date', b'Tue, 24 Jun 2025 10:27:54 GMT'), (b'Content-Type', b'application/json'), (b'Content-Length', b'710'), (b'Connection', b'keep-alive'), (b'Strict-Transport-Security', b'max-age=31536000; includeSubDomains; preload'), (b'Access-Control-Allow-Origin', b'*'), (b'Access-Control-Allow-Methods', b'GET, POST, OPTIONS'), (b'Access-Control-Expose-Headers', b'Content-Length,Content-Type,Date,Server,Connection')])
2025-06-24 11:27:53,172 - httpx - INFO - HTTP Request: POST https://api.telegram.org/bot7707158318:AAE8rWa4Q8Z_3avql6K0HAmXaooZAReoNF0/getUpdates "HTTP/1.1 200 OK"
2025-06-24 11:27:53,174 - httpcore.http11 - DEBUG - receive_response_body.started request=<Request [b'POST']>
2025-06-24 11:27:53,175 - httpcore.http11 - DEBUG - receive_response_body.complete
2025-06-24 11:27:53,175 - httpcore.http11 - DEBUG - response_closed.started
2025-06-24 11:27:53,176 - httpcore.http11 - DEBUG - response_closed.complete
2025-06-24 11:27:53,178 - telegram.ext.ExtBot - DEBUG - Getting updates: [37530159]
2025-06-24 11:27:53,180 - telegram.ext.ExtBot - DEBUG - (Update(callback_query=CallbackQuery(chat_instance='-1307310250263184334', data='back_to_menu', from_user=User(first_name='Ghost', id=7049055170, is_bot=False, language_code='en', last_name='Number1'), id='2605345314484976606', message=Message(channel_chat_created=False, chat=Chat(first_name='Ghost', id=7049055170, last_name='Number1', type=<ChatType.PRIVATE>), date=datetime.datetime(2025, 6, 24, 10, 24, 30, tzinfo=<UTC>), delete_chat_photo=False, edit_date=datetime.datetime(2025, 6, 24, 10, 27, 51, tzinfo=<UTC>), entities=(MessageEntity(length=5, offset=8, type=<MessageEntityType.URL>),), from_user=User(first_name='SPRD', id=7707158318, is_bot=True, username='tizi91Bot'), group_chat_created=False, message_id=11955, reply_markup=InlineKeyboardMarkup(inline_keyboard=((InlineKeyboardButton(callback_data='back_to_menu', text='🔙 Back to Menu'),),)), supergroup_chat_created=False, text='SniperX V2.py is currently running (PID: 7228).')), update_id=37530159),)
2025-06-24 11:27:53,182 - telegram.ext.ExtBot - DEBUG - Exiting: get_updates
2025-06-24 11:27:53,183 - telegram.ext.ExtBot - DEBUG - Entering: get_updates
2025-06-24 11:27:53,186 - telegram.ext.Application - DEBUG - Processing update Update(callback_query=CallbackQuery(chat_instance='-1307310250263184334', data='back_to_menu', from_user=User(first_name='Ghost', id=7049055170, is_bot=False, language_code='en', last_name='Number1'), id='2605345314484976606', message=Message(channel_chat_created=False, chat=Chat(first_name='Ghost', id=7049055170, last_name='Number1', type=<ChatType.PRIVATE>), date=datetime.datetime(2025, 6, 24, 10, 24, 30, tzinfo=<UTC>), delete_chat_photo=False, edit_date=datetime.datetime(2025, 6, 24, 10, 27, 51, tzinfo=<UTC>), entities=(MessageEntity(length=5, offset=8, type=<MessageEntityType.URL>),), from_user=User(first_name='SPRD', id=7707158318, is_bot=True, username='tizi91Bot'), group_chat_created=False, message_id=11955, reply_markup=InlineKeyboardMarkup(inline_keyboard=((InlineKeyboardButton(callback_data='back_to_menu', text='🔙 Back to Menu'),),)), supergroup_chat_created=False, text='SniperX V2.py is currently running (PID: 7228).')), update_id=37530159)
2025-06-24 11:27:53,192 - __main__ - INFO - Button callback received: Update(callback_query=CallbackQuery(chat_instance='-1307310250263184334', data='back_to_menu', from_user=User(first_name='Ghost', id=7049055170, is_bot=False, language_code='en', last_name='Number1'), id='2605345314484976606', message=Message(channel_chat_created=False, chat=Chat(first_name='Ghost', id=7049055170, last_name='Number1', type=<ChatType.PRIVATE>), date=datetime.datetime(2025, 6, 24, 10, 24, 30, tzinfo=<UTC>), delete_chat_photo=False, edit_date=datetime.datetime(2025, 6, 24, 10, 27, 51, tzinfo=<UTC>), entities=(MessageEntity(length=5, offset=8, type=<MessageEntityType.URL>),), from_user=User(first_name='SPRD', id=7707158318, is_bot=True, username='tizi91Bot'), group_chat_created=False, message_id=11955, reply_markup=InlineKeyboardMarkup(inline_keyboard=((InlineKeyboardButton(callback_data='back_to_menu', text='🔙 Back to Menu'),),)), supergroup_chat_created=False, text='SniperX V2.py is currently running (PID: 7228).')), update_id=37530159)
2025-06-24 11:27:53,194 - telegram.ext.ExtBot - DEBUG - Entering: answer_callback_query
2025-06-24 11:27:53,199 - httpcore.http11 - DEBUG - send_request_headers.started request=<Request [b'POST']>
2025-06-24 11:27:53,200 - httpcore.http11 - DEBUG - send_request_headers.started request=<Request [b'POST']>
2025-06-24 11:27:53,202 - httpcore.http11 - DEBUG - send_request_headers.complete
2025-06-24 11:27:53,203 - httpcore.http11 - DEBUG - send_request_body.started request=<Request [b'POST']>
2025-06-24 11:27:53,204 - httpcore.http11 - DEBUG - send_request_headers.complete
2025-06-24 11:27:53,205 - httpcore.http11 - DEBUG - send_request_body.started request=<Request [b'POST']>
2025-06-24 11:27:53,206 - httpcore.http11 - DEBUG - send_request_body.complete
2025-06-24 11:27:53,207 - httpcore.http11 - DEBUG - receive_response_headers.started request=<Request [b'POST']>
2025-06-24 11:27:53,209 - httpcore.http11 - DEBUG - send_request_body.complete
2025-06-24 11:27:53,209 - httpcore.http11 - DEBUG - receive_response_headers.started request=<Request [b'POST']>
2025-06-24 11:27:53,343 - httpcore.http11 - DEBUG - receive_response_headers.complete return_value=(b'HTTP/1.1', 200, b'OK', [(b'Server', b'nginx/1.18.0'), (b'Date', b'Tue, 24 Jun 2025 10:27:54 GMT'), (b'Content-Type', b'application/json'), (b'Content-Length', b'25'), (b'Connection', b'keep-alive'), (b'Strict-Transport-Security', b'max-age=31536000; includeSubDomains; preload'), (b'Access-Control-Allow-Origin', b'*'), (b'Access-Control-Allow-Methods', b'GET, POST, OPTIONS'), (b'Access-Control-Expose-Headers', b'Content-Length,Content-Type,Date,Server,Connection')])
2025-06-24 11:27:53,344 - httpx - INFO - HTTP Request: POST https://api.telegram.org/bot7707158318:AAE8rWa4Q8Z_3avql6K0HAmXaooZAReoNF0/answerCallbackQuery "HTTP/1.1 200 OK"
2025-06-24 11:27:53,345 - httpcore.http11 - DEBUG - receive_response_body.started request=<Request [b'POST']>
2025-06-24 11:27:53,346 - httpcore.http11 - DEBUG - receive_response_body.complete
2025-06-24 11:27:53,346 - httpcore.http11 - DEBUG - response_closed.started
2025-06-24 11:27:53,347 - httpcore.http11 - DEBUG - response_closed.complete
2025-06-24 11:27:53,348 - telegram.ext.ExtBot - DEBUG - True
2025-06-24 11:27:53,349 - telegram.ext.ExtBot - DEBUG - Exiting: answer_callback_query
2025-06-24 11:27:53,350 - __main__ - INFO - Processing action: back_to_menu
2025-06-24 11:27:53,351 - telegram.ext.ExtBot - DEBUG - Entering: edit_message_text
2025-06-24 11:27:53,356 - httpcore.http11 - DEBUG - send_request_headers.started request=<Request [b'POST']>
2025-06-24 11:27:53,360 - httpcore.http11 - DEBUG - send_request_headers.complete
2025-06-24 11:27:53,362 - httpcore.http11 - DEBUG - send_request_body.started request=<Request [b'POST']>
2025-06-24 11:27:53,363 - httpcore.http11 - DEBUG - send_request_body.complete
2025-06-24 11:27:53,364 - httpcore.http11 - DEBUG - receive_response_headers.started request=<Request [b'POST']>
2025-06-24 11:27:53,661 - httpcore.http11 - DEBUG - receive_response_headers.complete return_value=(b'HTTP/1.1', 200, b'OK', [(b'Server', b'nginx/1.18.0'), (b'Date', b'Tue, 24 Jun 2025 10:27:54 GMT'), (b'Content-Type', b'application/json'), (b'Content-Length', b'593'), (b'Connection', b'keep-alive'), (b'Strict-Transport-Security', b'max-age=31536000; includeSubDomains; preload'), (b'Access-Control-Allow-Origin', b'*'), (b'Access-Control-Allow-Methods', b'GET, POST, OPTIONS'), (b'Access-Control-Expose-Headers', b'Content-Length,Content-Type,Date,Server,Connection')])
2025-06-24 11:27:53,663 - httpx - INFO - HTTP Request: POST https://api.telegram.org/bot7707158318:AAE8rWa4Q8Z_3avql6K0HAmXaooZAReoNF0/editMessageText "HTTP/1.1 200 OK"
2025-06-24 11:27:53,664 - httpcore.http11 - DEBUG - receive_response_body.started request=<Request [b'POST']>
2025-06-24 11:27:53,665 - httpcore.http11 - DEBUG - receive_response_body.complete
2025-06-24 11:27:53,665 - httpcore.http11 - DEBUG - response_closed.started
2025-06-24 11:27:53,666 - httpcore.http11 - DEBUG - response_closed.complete
2025-06-24 11:27:53,671 - telegram.ext.ExtBot - DEBUG - Message(channel_chat_created=False, chat=Chat(first_name='Ghost', id=7049055170, last_name='Number1', type=<ChatType.PRIVATE>), date=datetime.datetime(2025, 6, 24, 10, 24, 30, tzinfo=<UTC>), delete_chat_photo=False, edit_date=datetime.datetime(2025, 6, 24, 10, 27, 54, tzinfo=<UTC>), from_user=User(first_name='SPRD', id=7707158318, is_bot=True, username='tizi91Bot'), group_chat_created=False, message_id=11955, reply_markup=InlineKeyboardMarkup(inline_keyboard=((InlineKeyboardButton(callback_data='start_sniperx', text='🚀 Start SniperX'),), (InlineKeyboardButton(callback_data='stop_sniperx', text='🛑 Stop SniperX'), InlineKeyboardButton(callback_data='status_sniperx', text='📊 Status')), (InlineKeyboardButton(callback_data='show_balance', text='💰 Balance'),))), supergroup_chat_created=False, text='SniperX Bot Control Panel:')
2025-06-24 11:27:53,673 - telegram.ext.ExtBot - DEBUG - Exiting: edit_message_text
2025-06-24 11:28:03,286 - httpcore.http11 - DEBUG - receive_response_headers.complete return_value=(b'HTTP/1.1', 200, b'OK', [(b'Server', b'nginx/1.18.0'), (b'Date', b'Tue, 24 Jun 2025 10:28:04 GMT'), (b'Content-Type', b'application/json'), (b'Content-Length', b'23'), (b'Connection', b'keep-alive'), (b'Strict-Transport-Security', b'max-age=31536000; includeSubDomains; preload'), (b'Access-Control-Allow-Origin', b'*'), (b'Access-Control-Allow-Methods', b'GET, POST, OPTIONS'), (b'Access-Control-Expose-Headers', b'Content-Length,Content-Type,Date,Server,Connection')])
2025-06-24 11:28:03,287 - httpx - INFO - HTTP Request: POST https://api.telegram.org/bot7707158318:AAE8rWa4Q8Z_3avql6K0HAmXaooZAReoNF0/getUpdates "HTTP/1.1 200 OK"
2025-06-24 11:28:03,289 - httpcore.http11 - DEBUG - receive_response_body.started request=<Request [b'POST']>
2025-06-24 11:28:03,289 - httpcore.http11 - DEBUG - receive_response_body.complete
2025-06-24 11:28:03,290 - httpcore.http11 - DEBUG - response_closed.started
2025-06-24 11:28:03,290 - httpcore.http11 - DEBUG - response_closed.complete
2025-06-24 11:28:03,291 - telegram.ext.ExtBot - DEBUG - No new updates found.
2025-06-24 11:28:03,291 - telegram.ext.ExtBot - DEBUG - ()
2025-06-24 11:28:03,291 - telegram.ext.ExtBot - DEBUG - Exiting: get_updates
2025-06-24 11:28:03,291 - telegram.ext.ExtBot - DEBUG - Entering: get_updates
2025-06-24 11:28:03,295 - httpcore.http11 - DEBUG - send_request_headers.started request=<Request [b'POST']>
2025-06-24 11:28:03,295 - httpcore.http11 - DEBUG - send_request_headers.complete
2025-06-24 11:28:03,295 - httpcore.http11 - DEBUG - send_request_body.started request=<Request [b'POST']>
2025-06-24 11:28:03,297 - httpcore.http11 - DEBUG - send_request_body.complete
2025-06-24 11:28:03,297 - httpcore.http11 - DEBUG - receive_response_headers.started request=<Request [b'POST']>
2025-06-24 11:28:13,354 - httpcore.http11 - DEBUG - receive_response_headers.complete return_value=(b'HTTP/1.1', 200, b'OK', [(b'Server', b'nginx/1.18.0'), (b'Date', b'Tue, 24 Jun 2025 10:28:14 GMT'), (b'Content-Type', b'application/json'), (b'Content-Length', b'23'), (b'Connection', b'keep-alive'), (b'Strict-Transport-Security', b'max-age=31536000; includeSubDomains; preload'), (b'Access-Control-Allow-Origin', b'*'), (b'Access-Control-Allow-Methods', b'GET, POST, OPTIONS'), (b'Access-Control-Expose-Headers', b'Content-Length,Content-Type,Date,Server,Connection')])
2025-06-24 11:28:13,355 - httpx - INFO - HTTP Request: POST https://api.telegram.org/bot7707158318:AAE8rWa4Q8Z_3avql6K0HAmXaooZAReoNF0/getUpdates "HTTP/1.1 200 OK"
2025-06-24 11:28:13,355 - httpcore.http11 - DEBUG - receive_response_body.started request=<Request [b'POST']>
2025-06-24 11:28:13,355 - httpcore.http11 - DEBUG - receive_response_body.complete
2025-06-24 11:28:13,357 - httpcore.http11 - DEBUG - response_closed.started
2025-06-24 11:28:13,357 - httpcore.http11 - DEBUG - response_closed.complete
2025-06-24 11:28:13,357 - telegram.ext.ExtBot - DEBUG - No new updates found.
2025-06-24 11:28:13,357 - telegram.ext.ExtBot - DEBUG - ()
2025-06-24 11:28:13,357 - telegram.ext.ExtBot - DEBUG - Exiting: get_updates
2025-06-24 11:28:13,360 - telegram.ext.ExtBot - DEBUG - Entering: get_updates
2025-06-24 11:28:13,361 - httpcore.http11 - DEBUG - send_request_headers.started request=<Request [b'POST']>
2025-06-24 11:28:13,364 - httpcore.http11 - DEBUG - send_request_headers.complete
2025-06-24 11:28:13,364 - httpcore.http11 - DEBUG - send_request_body.started request=<Request [b'POST']>
2025-06-24 11:28:13,366 - httpcore.http11 - DEBUG - send_request_body.complete
2025-06-24 11:28:13,366 - httpcore.http11 - DEBUG - receive_response_headers.started request=<Request [b'POST']>
2025-06-24 11:28:23,456 - httpcore.http11 - DEBUG - receive_response_headers.complete return_value=(b'HTTP/1.1', 200, b'OK', [(b'Server', b'nginx/1.18.0'), (b'Date', b'Tue, 24 Jun 2025 10:28:24 GMT'), (b'Content-Type', b'application/json'), (b'Content-Length', b'23'), (b'Connection', b'keep-alive'), (b'Strict-Transport-Security', b'max-age=31536000; includeSubDomains; preload'), (b'Access-Control-Allow-Origin', b'*'), (b'Access-Control-Allow-Methods', b'GET, POST, OPTIONS'), (b'Access-Control-Expose-Headers', b'Content-Length,Content-Type,Date,Server,Connection')])
2025-06-24 11:28:23,457 - httpx - INFO - HTTP Request: POST https://api.telegram.org/bot7707158318:AAE8rWa4Q8Z_3avql6K0HAmXaooZAReoNF0/getUpdates "HTTP/1.1 200 OK"
2025-06-24 11:28:23,457 - httpcore.http11 - DEBUG - receive_response_body.started request=<Request [b'POST']>
2025-06-24 11:28:23,462 - httpcore.http11 - DEBUG - receive_response_body.complete
2025-06-24 11:28:23,462 - httpcore.http11 - DEBUG - response_closed.started
2025-06-24 11:28:23,462 - httpcore.http11 - DEBUG - response_closed.complete
2025-06-24 11:28:23,462 - telegram.ext.ExtBot - DEBUG - No new updates found.
2025-06-24 11:28:23,462 - telegram.ext.ExtBot - DEBUG - ()
2025-06-24 11:28:23,462 - telegram.ext.ExtBot - DEBUG - Exiting: get_updates
2025-06-24 11:28:23,462 - telegram.ext.ExtBot - DEBUG - Entering: get_updates
2025-06-24 11:28:23,465 - httpcore.http11 - DEBUG - send_request_headers.started request=<Request [b'POST']>
2025-06-24 11:28:23,467 - httpcore.http11 - DEBUG - send_request_headers.complete
2025-06-24 11:28:23,467 - httpcore.http11 - DEBUG - send_request_body.started request=<Request [b'POST']>
2025-06-24 11:28:23,468 - httpcore.http11 - DEBUG - send_request_body.complete
2025-06-24 11:28:23,468 - httpcore.http11 - DEBUG - receive_response_headers.started request=<Request [b'POST']>
2025-06-24 11:28:33,597 - httpcore.http11 - DEBUG - receive_response_headers.complete return_value=(b'HTTP/1.1', 200, b'OK', [(b'Server', b'nginx/1.18.0'), (b'Date', b'Tue, 24 Jun 2025 10:28:34 GMT'), (b'Content-Type', b'application/json'), (b'Content-Length', b'23'), (b'Connection', b'keep-alive'), (b'Strict-Transport-Security', b'max-age=31536000; includeSubDomains; preload'), (b'Access-Control-Allow-Origin', b'*'), (b'Access-Control-Allow-Methods', b'GET, POST, OPTIONS'), (b'Access-Control-Expose-Headers', b'Content-Length,Content-Type,Date,Server,Connection')])
2025-06-24 11:28:33,600 - httpx - INFO - HTTP Request: POST https://api.telegram.org/bot7707158318:AAE8rWa4Q8Z_3avql6K0HAmXaooZAReoNF0/getUpdates "HTTP/1.1 200 OK"
2025-06-24 11:28:33,600 - httpcore.http11 - DEBUG - receive_response_body.started request=<Request [b'POST']>
2025-06-24 11:28:33,600 - httpcore.http11 - DEBUG - receive_response_body.complete
2025-06-24 11:28:33,600 - httpcore.http11 - DEBUG - response_closed.started
2025-06-24 11:28:33,602 - httpcore.http11 - DEBUG - response_closed.complete
2025-06-24 11:28:33,603 - telegram.ext.ExtBot - DEBUG - No new updates found.
2025-06-24 11:28:33,603 - telegram.ext.ExtBot - DEBUG - ()
2025-06-24 11:28:33,603 - telegram.ext.ExtBot - DEBUG - Exiting: get_updates
2025-06-24 11:28:33,603 - telegram.ext.ExtBot - DEBUG - Entering: get_updates
2025-06-24 11:28:33,607 - httpcore.http11 - DEBUG - send_request_headers.started request=<Request [b'POST']>
2025-06-24 11:28:33,607 - httpcore.http11 - DEBUG - send_request_headers.complete
2025-06-24 11:28:33,607 - httpcore.http11 - DEBUG - send_request_body.started request=<Request [b'POST']>
2025-06-24 11:28:33,609 - httpcore.http11 - DEBUG - send_request_body.complete
2025-06-24 11:28:33,609 - httpcore.http11 - DEBUG - receive_response_headers.started request=<Request [b'POST']>
2025-06-24 11:28:43,731 - httpcore.http11 - DEBUG - receive_response_headers.complete return_value=(b'HTTP/1.1', 200, b'OK', [(b'Server', b'nginx/1.18.0'), (b'Date', b'Tue, 24 Jun 2025 10:28:44 GMT'), (b'Content-Type', b'application/json'), (b'Content-Length', b'23'), (b'Connection', b'keep-alive'), (b'Strict-Transport-Security', b'max-age=31536000; includeSubDomains; preload'), (b'Access-Control-Allow-Origin', b'*'), (b'Access-Control-Allow-Methods', b'GET, POST, OPTIONS'), (b'Access-Control-Expose-Headers', b'Content-Length,Content-Type,Date,Server,Connection')])
2025-06-24 11:28:43,732 - httpx - INFO - HTTP Request: POST https://api.telegram.org/bot7707158318:AAE8rWa4Q8Z_3avql6K0HAmXaooZAReoNF0/getUpdates "HTTP/1.1 200 OK"
2025-06-24 11:28:43,732 - httpcore.http11 - DEBUG - receive_response_body.started request=<Request [b'POST']>
2025-06-24 11:28:43,732 - httpcore.http11 - DEBUG - receive_response_body.complete
2025-06-24 11:28:43,732 - httpcore.http11 - DEBUG - response_closed.started
2025-06-24 11:28:43,732 - httpcore.http11 - DEBUG - response_closed.complete
2025-06-24 11:28:43,735 - telegram.ext.ExtBot - DEBUG - No new updates found.
2025-06-24 11:28:43,735 - telegram.ext.ExtBot - DEBUG - ()
2025-06-24 11:28:43,735 - telegram.ext.ExtBot - DEBUG - Exiting: get_updates
2025-06-24 11:28:43,735 - telegram.ext.ExtBot - DEBUG - Entering: get_updates
2025-06-24 11:28:43,738 - httpcore.http11 - DEBUG - send_request_headers.started request=<Request [b'POST']>
2025-06-24 11:28:43,738 - httpcore.http11 - DEBUG - send_request_headers.complete
2025-06-24 11:28:43,740 - httpcore.http11 - DEBUG - send_request_body.started request=<Request [b'POST']>
2025-06-24 11:28:43,740 - httpcore.http11 - DEBUG - send_request_body.complete
2025-06-24 11:28:43,740 - httpcore.http11 - DEBUG - receive_response_headers.started request=<Request [b'POST']>
2025-06-24 11:28:53,870 - httpcore.http11 - DEBUG - receive_response_headers.complete return_value=(b'HTTP/1.1', 200, b'OK', [(b'Server', b'nginx/1.18.0'), (b'Date', b'Tue, 24 Jun 2025 10:28:54 GMT'), (b'Content-Type', b'application/json'), (b'Content-Length', b'23'), (b'Connection', b'keep-alive'), (b'Strict-Transport-Security', b'max-age=31536000; includeSubDomains; preload'), (b'Access-Control-Allow-Origin', b'*'), (b'Access-Control-Allow-Methods', b'GET, POST, OPTIONS'), (b'Access-Control-Expose-Headers', b'Content-Length,Content-Type,Date,Server,Connection')])
2025-06-24 11:28:53,872 - httpx - INFO - HTTP Request: POST https://api.telegram.org/bot7707158318:AAE8rWa4Q8Z_3avql6K0HAmXaooZAReoNF0/getUpdates "HTTP/1.1 200 OK"
2025-06-24 11:28:53,872 - httpcore.http11 - DEBUG - receive_response_body.started request=<Request [b'POST']>
2025-06-24 11:28:53,874 - httpcore.http11 - DEBUG - receive_response_body.complete
2025-06-24 11:28:53,874 - httpcore.http11 - DEBUG - response_closed.started
2025-06-24 11:28:53,874 - httpcore.http11 - DEBUG - response_closed.complete
2025-06-24 11:28:53,877 - telegram.ext.ExtBot - DEBUG - No new updates found.
2025-06-24 11:28:53,877 - telegram.ext.ExtBot - DEBUG - ()
2025-06-24 11:28:53,877 - telegram.ext.ExtBot - DEBUG - Exiting: get_updates
2025-06-24 11:28:53,877 - telegram.ext.ExtBot - DEBUG - Entering: get_updates
2025-06-24 11:28:53,882 - httpcore.http11 - DEBUG - send_request_headers.started request=<Request [b'POST']>
2025-06-24 11:28:53,882 - httpcore.http11 - DEBUG - send_request_headers.complete
2025-06-24 11:28:53,884 - httpcore.http11 - DEBUG - send_request_body.started request=<Request [b'POST']>
2025-06-24 11:28:53,884 - httpcore.http11 - DEBUG - send_request_body.complete
2025-06-24 11:28:53,884 - httpcore.http11 - DEBUG - receive_response_headers.started request=<Request [b'POST']>
2025-06-24 11:29:03,940 - httpcore.http11 - DEBUG - receive_response_headers.complete return_value=(b'HTTP/1.1', 200, b'OK', [(b'Server', b'nginx/1.18.0'), (b'Date', b'Tue, 24 Jun 2025 10:29:04 GMT'), (b'Content-Type', b'application/json'), (b'Content-Length', b'23'), (b'Connection', b'keep-alive'), (b'Strict-Transport-Security', b'max-age=31536000; includeSubDomains; preload'), (b'Access-Control-Allow-Origin', b'*'), (b'Access-Control-Allow-Methods', b'GET, POST, OPTIONS'), (b'Access-Control-Expose-Headers', b'Content-Length,Content-Type,Date,Server,Connection')])
2025-06-24 11:29:03,960 - httpx - INFO - HTTP Request: POST https://api.telegram.org/bot7707158318:AAE8rWa4Q8Z_3avql6K0HAmXaooZAReoNF0/getUpdates "HTTP/1.1 200 OK"
2025-06-24 11:29:04,002 - httpcore.http11 - DEBUG - receive_response_body.started request=<Request [b'POST']>
2025-06-24 11:29:04,005 - httpcore.http11 - DEBUG - receive_response_body.complete
2025-06-24 11:29:04,005 - httpcore.http11 - DEBUG - response_closed.started
2025-06-24 11:29:04,006 - httpcore.http11 - DEBUG - response_closed.complete
2025-06-24 11:29:04,012 - telegram.ext.ExtBot - DEBUG - No new updates found.
2025-06-24 11:29:04,012 - telegram.ext.ExtBot - DEBUG - ()
2025-06-24 11:29:04,012 - telegram.ext.ExtBot - DEBUG - Exiting: get_updates
2025-06-24 11:29:04,012 - telegram.ext.ExtBot - DEBUG - Entering: get_updates
2025-06-24 11:29:04,026 - httpcore.http11 - DEBUG - send_request_headers.started request=<Request [b'POST']>
2025-06-24 11:29:04,093 - httpcore.http11 - DEBUG - send_request_headers.complete
2025-06-24 11:29:04,094 - httpcore.http11 - DEBUG - send_request_body.started request=<Request [b'POST']>
2025-06-24 11:29:04,117 - httpcore.http11 - DEBUG - send_request_body.complete
2025-06-24 11:29:04,159 - httpcore.http11 - DEBUG - receive_response_headers.started request=<Request [b'POST']>
2025-06-24 11:29:14,250 - httpcore.http11 - DEBUG - receive_response_headers.complete return_value=(b'HTTP/1.1', 200, b'OK', [(b'Server', b'nginx/1.18.0'), (b'Date', b'Tue, 24 Jun 2025 10:29:15 GMT'), (b'Content-Type', b'application/json'), (b'Content-Length', b'23'), (b'Connection', b'keep-alive'), (b'Strict-Transport-Security', b'max-age=31536000; includeSubDomains; preload'), (b'Access-Control-Allow-Origin', b'*'), (b'Access-Control-Allow-Methods', b'GET, POST, OPTIONS'), (b'Access-Control-Expose-Headers', b'Content-Length,Content-Type,Date,Server,Connection')])
2025-06-24 11:29:14,283 - httpx - INFO - HTTP Request: POST https://api.telegram.org/bot7707158318:AAE8rWa4Q8Z_3avql6K0HAmXaooZAReoNF0/getUpdates "HTTP/1.1 200 OK"
2025-06-24 11:29:14,317 - httpcore.http11 - DEBUG - receive_response_body.started request=<Request [b'POST']>
2025-06-24 11:29:14,326 - httpcore.http11 - DEBUG - receive_response_body.complete
2025-06-24 11:29:14,326 - httpcore.http11 - DEBUG - response_closed.started
2025-06-24 11:29:14,327 - httpcore.http11 - DEBUG - response_closed.complete
2025-06-24 11:29:14,329 - telegram.ext.ExtBot - DEBUG - No new updates found.
2025-06-24 11:29:14,329 - telegram.ext.ExtBot - DEBUG - ()
2025-06-24 11:29:14,329 - telegram.ext.ExtBot - DEBUG - Exiting: get_updates
2025-06-24 11:29:14,329 - telegram.ext.ExtBot - DEBUG - Entering: get_updates
2025-06-24 11:29:14,333 - httpcore.http11 - DEBUG - send_request_headers.started request=<Request [b'POST']>
2025-06-24 11:29:14,337 - httpcore.http11 - DEBUG - send_request_headers.complete
2025-06-24 11:29:14,337 - httpcore.http11 - DEBUG - send_request_body.started request=<Request [b'POST']>
2025-06-24 11:29:14,340 - httpcore.http11 - DEBUG - send_request_body.complete
2025-06-24 11:29:14,340 - httpcore.http11 - DEBUG - receive_response_headers.started request=<Request [b'POST']>
2025-06-24 11:29:24,393 - httpcore.http11 - DEBUG - receive_response_headers.complete return_value=(b'HTTP/1.1', 200, b'OK', [(b'Server', b'nginx/1.18.0'), (b'Date', b'Tue, 24 Jun 2025 10:29:25 GMT'), (b'Content-Type', b'application/json'), (b'Content-Length', b'23'), (b'Connection', b'keep-alive'), (b'Strict-Transport-Security', b'max-age=31536000; includeSubDomains; preload'), (b'Access-Control-Allow-Origin', b'*'), (b'Access-Control-Allow-Methods', b'GET, POST, OPTIONS'), (b'Access-Control-Expose-Headers', b'Content-Length,Content-Type,Date,Server,Connection')])
2025-06-24 11:29:24,394 - httpx - INFO - HTTP Request: POST https://api.telegram.org/bot7707158318:AAE8rWa4Q8Z_3avql6K0HAmXaooZAReoNF0/getUpdates "HTTP/1.1 200 OK"
2025-06-24 11:29:24,396 - httpcore.http11 - DEBUG - receive_response_body.started request=<Request [b'POST']>
2025-06-24 11:29:24,397 - httpcore.http11 - DEBUG - receive_response_body.complete
2025-06-24 11:29:24,397 - httpcore.http11 - DEBUG - response_closed.started
2025-06-24 11:29:24,398 - httpcore.http11 - DEBUG - response_closed.complete
2025-06-24 11:29:24,399 - telegram.ext.ExtBot - DEBUG - No new updates found.
2025-06-24 11:29:24,399 - telegram.ext.ExtBot - DEBUG - ()
2025-06-24 11:29:24,399 - telegram.ext.ExtBot - DEBUG - Exiting: get_updates
2025-06-24 11:29:24,401 - telegram.ext.ExtBot - DEBUG - Entering: get_updates
2025-06-24 11:29:24,403 - httpcore.http11 - DEBUG - send_request_headers.started request=<Request [b'POST']>
2025-06-24 11:29:24,406 - httpcore.http11 - DEBUG - send_request_headers.complete
2025-06-24 11:29:24,406 - httpcore.http11 - DEBUG - send_request_body.started request=<Request [b'POST']>
2025-06-24 11:29:24,406 - httpcore.http11 - DEBUG - send_request_body.complete
2025-06-24 11:29:24,406 - httpcore.http11 - DEBUG - receive_response_headers.started request=<Request [b'POST']>
2025-06-24 11:29:34,463 - httpcore.http11 - DEBUG - receive_response_headers.complete return_value=(b'HTTP/1.1', 200, b'OK', [(b'Server', b'nginx/1.18.0'), (b'Date', b'Tue, 24 Jun 2025 10:29:35 GMT'), (b'Content-Type', b'application/json'), (b'Content-Length', b'23'), (b'Connection', b'keep-alive'), (b'Strict-Transport-Security', b'max-age=31536000; includeSubDomains; preload'), (b'Access-Control-Allow-Origin', b'*'), (b'Access-Control-Allow-Methods', b'GET, POST, OPTIONS'), (b'Access-Control-Expose-Headers', b'Content-Length,Content-Type,Date,Server,Connection')])
2025-06-24 11:29:34,467 - httpx - INFO - HTTP Request: POST https://api.telegram.org/bot7707158318:AAE8rWa4Q8Z_3avql6K0HAmXaooZAReoNF0/getUpdates "HTTP/1.1 200 OK"
2025-06-24 11:29:34,468 - httpcore.http11 - DEBUG - receive_response_body.started request=<Request [b'POST']>
2025-06-24 11:29:34,470 - httpcore.http11 - DEBUG - receive_response_body.complete
2025-06-24 11:29:34,472 - httpcore.http11 - DEBUG - response_closed.started
2025-06-24 11:29:34,474 - httpcore.http11 - DEBUG - response_closed.complete
2025-06-24 11:29:34,475 - telegram.ext.ExtBot - DEBUG - No new updates found.
2025-06-24 11:29:34,475 - telegram.ext.ExtBot - DEBUG - ()
2025-06-24 11:29:34,475 - telegram.ext.ExtBot - DEBUG - Exiting: get_updates
2025-06-24 11:29:34,475 - telegram.ext.ExtBot - DEBUG - Entering: get_updates
2025-06-24 11:29:34,479 - httpcore.http11 - DEBUG - send_request_headers.started request=<Request [b'POST']>
2025-06-24 11:29:34,479 - httpcore.http11 - DEBUG - send_request_headers.complete
2025-06-24 11:29:34,479 - httpcore.http11 - DEBUG - send_request_body.started request=<Request [b'POST']>
2025-06-24 11:29:34,481 - httpcore.http11 - DEBUG - send_request_body.complete
2025-06-24 11:29:34,482 - httpcore.http11 - DEBUG - receive_response_headers.started request=<Request [b'POST']>
2025-06-24 11:29:44,534 - httpcore.http11 - DEBUG - receive_response_headers.complete return_value=(b'HTTP/1.1', 200, b'OK', [(b'Server', b'nginx/1.18.0'), (b'Date', b'Tue, 24 Jun 2025 10:29:45 GMT'), (b'Content-Type', b'application/json'), (b'Content-Length', b'23'), (b'Connection', b'keep-alive'), (b'Strict-Transport-Security', b'max-age=31536000; includeSubDomains; preload'), (b'Access-Control-Allow-Origin', b'*'), (b'Access-Control-Allow-Methods', b'GET, POST, OPTIONS'), (b'Access-Control-Expose-Headers', b'Content-Length,Content-Type,Date,Server,Connection')])
2025-06-24 11:29:44,537 - httpx - INFO - HTTP Request: POST https://api.telegram.org/bot7707158318:AAE8rWa4Q8Z_3avql6K0HAmXaooZAReoNF0/getUpdates "HTTP/1.1 200 OK"
2025-06-24 11:29:44,538 - httpcore.http11 - DEBUG - receive_response_body.started request=<Request [b'POST']>
2025-06-24 11:29:44,539 - httpcore.http11 - DEBUG - receive_response_body.complete
2025-06-24 11:29:44,540 - httpcore.http11 - DEBUG - response_closed.started
2025-06-24 11:29:44,540 - httpcore.http11 - DEBUG - response_closed.complete
2025-06-24 11:29:44,540 - telegram.ext.ExtBot - DEBUG - No new updates found.
2025-06-24 11:29:44,540 - telegram.ext.ExtBot - DEBUG - ()
2025-06-24 11:29:44,540 - telegram.ext.ExtBot - DEBUG - Exiting: get_updates
2025-06-24 11:29:44,540 - telegram.ext.ExtBot - DEBUG - Entering: get_updates
2025-06-24 11:29:44,544 - httpcore.http11 - DEBUG - send_request_headers.started request=<Request [b'POST']>
2025-06-24 11:29:44,544 - httpcore.http11 - DEBUG - send_request_headers.complete
2025-06-24 11:29:44,544 - httpcore.http11 - DEBUG - send_request_body.started request=<Request [b'POST']>
2025-06-24 11:29:44,544 - httpcore.http11 - DEBUG - send_request_body.complete
2025-06-24 11:29:44,546 - httpcore.http11 - DEBUG - receive_response_headers.started request=<Request [b'POST']>
2025-06-24 11:29:54,601 - httpcore.http11 - DEBUG - receive_response_headers.complete return_value=(b'HTTP/1.1', 200, b'OK', [(b'Server', b'nginx/1.18.0'), (b'Date', b'Tue, 24 Jun 2025 10:29:55 GMT'), (b'Content-Type', b'application/json'), (b'Content-Length', b'23'), (b'Connection', b'keep-alive'), (b'Strict-Transport-Security', b'max-age=31536000; includeSubDomains; preload'), (b'Access-Control-Allow-Origin', b'*'), (b'Access-Control-Allow-Methods', b'GET, POST, OPTIONS'), (b'Access-Control-Expose-Headers', b'Content-Length,Content-Type,Date,Server,Connection')])
2025-06-24 11:29:54,602 - httpx - INFO - HTTP Request: POST https://api.telegram.org/bot7707158318:AAE8rWa4Q8Z_3avql6K0HAmXaooZAReoNF0/getUpdates "HTTP/1.1 200 OK"
2025-06-24 11:29:54,602 - httpcore.http11 - DEBUG - receive_response_body.started request=<Request [b'POST']>
2025-06-24 11:29:54,602 - httpcore.http11 - DEBUG - receive_response_body.complete
2025-06-24 11:29:54,602 - httpcore.http11 - DEBUG - response_closed.started
2025-06-24 11:29:54,602 - httpcore.http11 - DEBUG - response_closed.complete
2025-06-24 11:29:54,606 - telegram.ext.ExtBot - DEBUG - No new updates found.
2025-06-24 11:29:54,606 - telegram.ext.ExtBot - DEBUG - ()
2025-06-24 11:29:54,606 - telegram.ext.ExtBot - DEBUG - Exiting: get_updates
2025-06-24 11:29:54,606 - telegram.ext.ExtBot - DEBUG - Entering: get_updates
2025-06-24 11:29:54,608 - httpcore.http11 - DEBUG - send_request_headers.started request=<Request [b'POST']>
2025-06-24 11:29:54,608 - httpcore.http11 - DEBUG - send_request_headers.complete
2025-06-24 11:29:54,608 - httpcore.http11 - DEBUG - send_request_body.started request=<Request [b'POST']>
2025-06-24 11:29:54,610 - httpcore.http11 - DEBUG - send_request_body.complete
2025-06-24 11:29:54,610 - httpcore.http11 - DEBUG - receive_response_headers.started request=<Request [b'POST']>
2025-06-24 11:30:04,669 - httpcore.http11 - DEBUG - receive_response_headers.complete return_value=(b'HTTP/1.1', 200, b'OK', [(b'Server', b'nginx/1.18.0'), (b'Date', b'Tue, 24 Jun 2025 10:30:05 GMT'), (b'Content-Type', b'application/json'), (b'Content-Length', b'23'), (b'Connection', b'keep-alive'), (b'Strict-Transport-Security', b'max-age=31536000; includeSubDomains; preload'), (b'Access-Control-Allow-Origin', b'*'), (b'Access-Control-Allow-Methods', b'GET, POST, OPTIONS'), (b'Access-Control-Expose-Headers', b'Content-Length,Content-Type,Date,Server,Connection')])
2025-06-24 11:30:04,669 - httpx - INFO - HTTP Request: POST https://api.telegram.org/bot7707158318:AAE8rWa4Q8Z_3avql6K0HAmXaooZAReoNF0/getUpdates "HTTP/1.1 200 OK"
2025-06-24 11:30:04,669 - httpcore.http11 - DEBUG - receive_response_body.started request=<Request [b'POST']>
2025-06-24 11:30:04,669 - httpcore.http11 - DEBUG - receive_response_body.complete
2025-06-24 11:30:04,669 - httpcore.http11 - DEBUG - response_closed.started
2025-06-24 11:30:04,669 - httpcore.http11 - DEBUG - response_closed.complete
2025-06-24 11:30:04,669 - telegram.ext.ExtBot - DEBUG - No new updates found.
2025-06-24 11:30:04,669 - telegram.ext.ExtBot - DEBUG - ()
2025-06-24 11:30:04,669 - telegram.ext.ExtBot - DEBUG - Exiting: get_updates
2025-06-24 11:30:04,669 - telegram.ext.ExtBot - DEBUG - Entering: get_updates
2025-06-24 11:30:04,669 - httpcore.http11 - DEBUG - send_request_headers.started request=<Request [b'POST']>
2025-06-24 11:30:04,676 - httpcore.http11 - DEBUG - send_request_headers.complete
2025-06-24 11:30:04,676 - httpcore.http11 - DEBUG - send_request_body.started request=<Request [b'POST']>
2025-06-24 11:30:04,678 - httpcore.http11 - DEBUG - send_request_body.complete
2025-06-24 11:30:04,679 - httpcore.http11 - DEBUG - receive_response_headers.started request=<Request [b'POST']>
2025-06-24 11:30:14,734 - httpcore.http11 - DEBUG - receive_response_headers.complete return_value=(b'HTTP/1.1', 200, b'OK', [(b'Server', b'nginx/1.18.0'), (b'Date', b'Tue, 24 Jun 2025 10:30:15 GMT'), (b'Content-Type', b'application/json'), (b'Content-Length', b'23'), (b'Connection', b'keep-alive'), (b'Strict-Transport-Security', b'max-age=31536000; includeSubDomains; preload'), (b'Access-Control-Allow-Origin', b'*'), (b'Access-Control-Allow-Methods', b'GET, POST, OPTIONS'), (b'Access-Control-Expose-Headers', b'Content-Length,Content-Type,Date,Server,Connection')])
2025-06-24 11:30:14,736 - httpx - INFO - HTTP Request: POST https://api.telegram.org/bot7707158318:AAE8rWa4Q8Z_3avql6K0HAmXaooZAReoNF0/getUpdates "HTTP/1.1 200 OK"
2025-06-24 11:30:14,736 - httpcore.http11 - DEBUG - receive_response_body.started request=<Request [b'POST']>
2025-06-24 11:30:14,737 - httpcore.http11 - DEBUG - receive_response_body.complete
2025-06-24 11:30:14,737 - httpcore.http11 - DEBUG - response_closed.started
2025-06-24 11:30:14,737 - httpcore.http11 - DEBUG - response_closed.complete
2025-06-24 11:30:14,739 - telegram.ext.ExtBot - DEBUG - No new updates found.
2025-06-24 11:30:14,739 - telegram.ext.ExtBot - DEBUG - ()
2025-06-24 11:30:14,740 - telegram.ext.ExtBot - DEBUG - Exiting: get_updates
2025-06-24 11:30:14,740 - telegram.ext.ExtBot - DEBUG - Entering: get_updates
2025-06-24 11:30:14,742 - httpcore.http11 - DEBUG - send_request_headers.started request=<Request [b'POST']>
2025-06-24 11:30:14,744 - httpcore.http11 - DEBUG - send_request_headers.complete
2025-06-24 11:30:14,744 - httpcore.http11 - DEBUG - send_request_body.started request=<Request [b'POST']>
2025-06-24 11:30:14,746 - httpcore.http11 - DEBUG - send_request_body.complete
2025-06-24 11:30:14,746 - httpcore.http11 - DEBUG - receive_response_headers.started request=<Request [b'POST']>
2025-06-24 11:30:24,805 - httpcore.http11 - DEBUG - receive_response_headers.complete return_value=(b'HTTP/1.1', 200, b'OK', [(b'Server', b'nginx/1.18.0'), (b'Date', b'Tue, 24 Jun 2025 10:30:25 GMT'), (b'Content-Type', b'application/json'), (b'Content-Length', b'23'), (b'Connection', b'keep-alive'), (b'Strict-Transport-Security', b'max-age=31536000; includeSubDomains; preload'), (b'Access-Control-Allow-Origin', b'*'), (b'Access-Control-Allow-Methods', b'GET, POST, OPTIONS'), (b'Access-Control-Expose-Headers', b'Content-Length,Content-Type,Date,Server,Connection')])
2025-06-24 11:30:24,805 - httpx - INFO - HTTP Request: POST https://api.telegram.org/bot7707158318:AAE8rWa4Q8Z_3avql6K0HAmXaooZAReoNF0/getUpdates "HTTP/1.1 200 OK"
2025-06-24 11:30:24,805 - httpcore.http11 - DEBUG - receive_response_body.started request=<Request [b'POST']>
2025-06-24 11:30:24,811 - httpcore.http11 - DEBUG - receive_response_body.complete
2025-06-24 11:30:24,811 - httpcore.http11 - DEBUG - response_closed.started
2025-06-24 11:30:24,812 - httpcore.http11 - DEBUG - response_closed.complete
2025-06-24 11:30:24,812 - telegram.ext.ExtBot - DEBUG - No new updates found.
2025-06-24 11:30:24,812 - telegram.ext.ExtBot - DEBUG - ()
2025-06-24 11:30:24,812 - telegram.ext.ExtBot - DEBUG - Exiting: get_updates
2025-06-24 11:30:24,812 - telegram.ext.ExtBot - DEBUG - Entering: get_updates
2025-06-24 11:30:24,816 - httpcore.http11 - DEBUG - send_request_headers.started request=<Request [b'POST']>
2025-06-24 11:30:24,816 - httpcore.http11 - DEBUG - send_request_headers.complete
2025-06-24 11:30:24,816 - httpcore.http11 - DEBUG - send_request_body.started request=<Request [b'POST']>
2025-06-24 11:30:24,816 - httpcore.http11 - DEBUG - send_request_body.complete
2025-06-24 11:30:24,820 - httpcore.http11 - DEBUG - receive_response_headers.started request=<Request [b'POST']>
2025-06-24 11:30:34,871 - httpcore.http11 - DEBUG - receive_response_headers.complete return_value=(b'HTTP/1.1', 200, b'OK', [(b'Server', b'nginx/1.18.0'), (b'Date', b'Tue, 24 Jun 2025 10:30:35 GMT'), (b'Content-Type', b'application/json'), (b'Content-Length', b'23'), (b'Connection', b'keep-alive'), (b'Strict-Transport-Security', b'max-age=31536000; includeSubDomains; preload'), (b'Access-Control-Allow-Origin', b'*'), (b'Access-Control-Allow-Methods', b'GET, POST, OPTIONS'), (b'Access-Control-Expose-Headers', b'Content-Length,Content-Type,Date,Server,Connection')])
2025-06-24 11:30:34,874 - httpx - INFO - HTTP Request: POST https://api.telegram.org/bot7707158318:AAE8rWa4Q8Z_3avql6K0HAmXaooZAReoNF0/getUpdates "HTTP/1.1 200 OK"
2025-06-24 11:30:34,874 - httpcore.http11 - DEBUG - receive_response_body.started request=<Request [b'POST']>
2025-06-24 11:30:34,877 - httpcore.http11 - DEBUG - receive_response_body.complete
2025-06-24 11:30:34,877 - httpcore.http11 - DEBUG - response_closed.started
2025-06-24 11:30:34,877 - httpcore.http11 - DEBUG - response_closed.complete
2025-06-24 11:30:34,877 - telegram.ext.ExtBot - DEBUG - No new updates found.
2025-06-24 11:30:34,877 - telegram.ext.ExtBot - DEBUG - ()
2025-06-24 11:30:34,879 - telegram.ext.ExtBot - DEBUG - Exiting: get_updates
2025-06-24 11:30:34,879 - telegram.ext.ExtBot - DEBUG - Entering: get_updates
2025-06-24 11:30:34,882 - httpcore.http11 - DEBUG - send_request_headers.started request=<Request [b'POST']>
2025-06-24 11:30:34,884 - httpcore.http11 - DEBUG - send_request_headers.complete
2025-06-24 11:30:34,885 - httpcore.http11 - DEBUG - send_request_body.started request=<Request [b'POST']>
2025-06-24 11:30:34,885 - httpcore.http11 - DEBUG - send_request_body.complete
2025-06-24 11:30:34,886 - httpcore.http11 - DEBUG - receive_response_headers.started request=<Request [b'POST']>
2025-06-24 11:30:44,953 - httpcore.http11 - DEBUG - receive_response_headers.complete return_value=(b'HTTP/1.1', 200, b'OK', [(b'Server', b'nginx/1.18.0'), (b'Date', b'Tue, 24 Jun 2025 10:30:45 GMT'), (b'Content-Type', b'application/json'), (b'Content-Length', b'23'), (b'Connection', b'keep-alive'), (b'Strict-Transport-Security', b'max-age=31536000; includeSubDomains; preload'), (b'Access-Control-Allow-Origin', b'*'), (b'Access-Control-Allow-Methods', b'GET, POST, OPTIONS'), (b'Access-Control-Expose-Headers', b'Content-Length,Content-Type,Date,Server,Connection')])
2025-06-24 11:30:44,953 - httpx - INFO - HTTP Request: POST https://api.telegram.org/bot7707158318:AAE8rWa4Q8Z_3avql6K0HAmXaooZAReoNF0/getUpdates "HTTP/1.1 200 OK"
2025-06-24 11:30:44,954 - httpcore.http11 - DEBUG - receive_response_body.started request=<Request [b'POST']>
2025-06-24 11:30:44,954 - httpcore.http11 - DEBUG - receive_response_body.complete
2025-06-24 11:30:44,954 - httpcore.http11 - DEBUG - response_closed.started
2025-06-24 11:30:44,954 - httpcore.http11 - DEBUG - response_closed.complete
2025-06-24 11:30:44,957 - telegram.ext.ExtBot - DEBUG - No new updates found.
2025-06-24 11:30:44,958 - telegram.ext.ExtBot - DEBUG - ()
2025-06-24 11:30:44,958 - telegram.ext.ExtBot - DEBUG - Exiting: get_updates
2025-06-24 11:30:44,958 - telegram.ext.ExtBot - DEBUG - Entering: get_updates
2025-06-24 11:30:44,960 - httpcore.http11 - DEBUG - send_request_headers.started request=<Request [b'POST']>
2025-06-24 11:30:44,963 - httpcore.http11 - DEBUG - send_request_headers.complete
2025-06-24 11:30:44,963 - httpcore.http11 - DEBUG - send_request_body.started request=<Request [b'POST']>
2025-06-24 11:30:44,966 - httpcore.http11 - DEBUG - send_request_body.complete
2025-06-24 11:30:44,966 - httpcore.http11 - DEBUG - receive_response_headers.started request=<Request [b'POST']>
2025-06-24 11:30:55,027 - httpcore.http11 - DEBUG - receive_response_headers.complete return_value=(b'HTTP/1.1', 200, b'OK', [(b'Server', b'nginx/1.18.0'), (b'Date', b'Tue, 24 Jun 2025 10:30:56 GMT'), (b'Content-Type', b'application/json'), (b'Content-Length', b'23'), (b'Connection', b'keep-alive'), (b'Strict-Transport-Security', b'max-age=31536000; includeSubDomains; preload'), (b'Access-Control-Allow-Origin', b'*'), (b'Access-Control-Allow-Methods', b'GET, POST, OPTIONS'), (b'Access-Control-Expose-Headers', b'Content-Length,Content-Type,Date,Server,Connection')])
2025-06-24 11:30:55,029 - httpx - INFO - HTTP Request: POST https://api.telegram.org/bot7707158318:AAE8rWa4Q8Z_3avql6K0HAmXaooZAReoNF0/getUpdates "HTTP/1.1 200 OK"
2025-06-24 11:30:55,029 - httpcore.http11 - DEBUG - receive_response_body.started request=<Request [b'POST']>
2025-06-24 11:30:55,031 - httpcore.http11 - DEBUG - receive_response_body.complete
2025-06-24 11:30:55,031 - httpcore.http11 - DEBUG - response_closed.started
2025-06-24 11:30:55,032 - httpcore.http11 - DEBUG - response_closed.complete
2025-06-24 11:30:55,032 - telegram.ext.ExtBot - DEBUG - No new updates found.
2025-06-24 11:30:55,032 - telegram.ext.ExtBot - DEBUG - ()
2025-06-24 11:30:55,032 - telegram.ext.ExtBot - DEBUG - Exiting: get_updates
2025-06-24 11:30:55,032 - telegram.ext.ExtBot - DEBUG - Entering: get_updates
2025-06-24 11:30:55,035 - httpcore.http11 - DEBUG - send_request_headers.started request=<Request [b'POST']>
2025-06-24 11:30:55,035 - httpcore.http11 - DEBUG - send_request_headers.complete
2025-06-24 11:30:55,035 - httpcore.http11 - DEBUG - send_request_body.started request=<Request [b'POST']>
2025-06-24 11:30:55,037 - httpcore.http11 - DEBUG - send_request_body.complete
2025-06-24 11:30:55,038 - httpcore.http11 - DEBUG - receive_response_headers.started request=<Request [b'POST']>
2025-06-24 11:31:05,115 - httpcore.http11 - DEBUG - receive_response_headers.complete return_value=(b'HTTP/1.1', 200, b'OK', [(b'Server', b'nginx/1.18.0'), (b'Date', b'Tue, 24 Jun 2025 10:31:06 GMT'), (b'Content-Type', b'application/json'), (b'Content-Length', b'23'), (b'Connection', b'keep-alive'), (b'Strict-Transport-Security', b'max-age=31536000; includeSubDomains; preload'), (b'Access-Control-Allow-Origin', b'*'), (b'Access-Control-Allow-Methods', b'GET, POST, OPTIONS'), (b'Access-Control-Expose-Headers', b'Content-Length,Content-Type,Date,Server,Connection')])
2025-06-24 11:31:05,117 - httpx - INFO - HTTP Request: POST https://api.telegram.org/bot7707158318:AAE8rWa4Q8Z_3avql6K0HAmXaooZAReoNF0/getUpdates "HTTP/1.1 200 OK"
2025-06-24 11:31:05,117 - httpcore.http11 - DEBUG - receive_response_body.started request=<Request [b'POST']>
2025-06-24 11:31:05,118 - httpcore.http11 - DEBUG - receive_response_body.complete
2025-06-24 11:31:05,119 - httpcore.http11 - DEBUG - response_closed.started
2025-06-24 11:31:05,119 - httpcore.http11 - DEBUG - response_closed.complete
2025-06-24 11:31:05,120 - telegram.ext.ExtBot - DEBUG - No new updates found.
2025-06-24 11:31:05,120 - telegram.ext.ExtBot - DEBUG - ()
2025-06-24 11:31:05,120 - telegram.ext.ExtBot - DEBUG - Exiting: get_updates
2025-06-24 11:31:05,120 - telegram.ext.ExtBot - DEBUG - Entering: get_updates
2025-06-24 11:31:05,122 - httpcore.http11 - DEBUG - send_request_headers.started request=<Request [b'POST']>
2025-06-24 11:31:05,124 - httpcore.http11 - DEBUG - send_request_headers.complete
2025-06-24 11:31:05,125 - httpcore.http11 - DEBUG - send_request_body.started request=<Request [b'POST']>
2025-06-24 11:31:05,126 - httpcore.http11 - DEBUG - send_request_body.complete
2025-06-24 11:31:05,126 - httpcore.http11 - DEBUG - receive_response_headers.started request=<Request [b'POST']>
2025-06-24 11:31:15,177 - httpcore.http11 - DEBUG - receive_response_headers.complete return_value=(b'HTTP/1.1', 200, b'OK', [(b'Server', b'nginx/1.18.0'), (b'Date', b'Tue, 24 Jun 2025 10:31:16 GMT'), (b'Content-Type', b'application/json'), (b'Content-Length', b'23'), (b'Connection', b'keep-alive'), (b'Strict-Transport-Security', b'max-age=31536000; includeSubDomains; preload'), (b'Access-Control-Allow-Origin', b'*'), (b'Access-Control-Allow-Methods', b'GET, POST, OPTIONS'), (b'Access-Control-Expose-Headers', b'Content-Length,Content-Type,Date,Server,Connection')])
2025-06-24 11:31:15,181 - httpx - INFO - HTTP Request: POST https://api.telegram.org/bot7707158318:AAE8rWa4Q8Z_3avql6K0HAmXaooZAReoNF0/getUpdates "HTTP/1.1 200 OK"
2025-06-24 11:31:15,183 - httpcore.http11 - DEBUG - receive_response_body.started request=<Request [b'POST']>
2025-06-24 11:31:15,183 - httpcore.http11 - DEBUG - receive_response_body.complete
2025-06-24 11:31:15,184 - httpcore.http11 - DEBUG - response_closed.started
2025-06-24 11:31:15,185 - httpcore.http11 - DEBUG - response_closed.complete
2025-06-24 11:31:15,185 - telegram.ext.ExtBot - DEBUG - No new updates found.
2025-06-24 11:31:15,185 - telegram.ext.ExtBot - DEBUG - ()
2025-06-24 11:31:15,185 - telegram.ext.ExtBot - DEBUG - Exiting: get_updates
2025-06-24 11:31:15,187 - telegram.ext.ExtBot - DEBUG - Entering: get_updates
2025-06-24 11:31:15,190 - httpcore.http11 - DEBUG - send_request_headers.started request=<Request [b'POST']>
2025-06-24 11:31:15,190 - httpcore.http11 - DEBUG - send_request_headers.complete
2025-06-24 11:31:15,190 - httpcore.http11 - DEBUG - send_request_body.started request=<Request [b'POST']>
2025-06-24 11:31:15,193 - httpcore.http11 - DEBUG - send_request_body.complete
2025-06-24 11:31:15,193 - httpcore.http11 - DEBUG - receive_response_headers.started request=<Request [b'POST']>
2025-06-24 11:31:25,267 - httpcore.http11 - DEBUG - receive_response_headers.complete return_value=(b'HTTP/1.1', 200, b'OK', [(b'Server', b'nginx/1.18.0'), (b'Date', b'Tue, 24 Jun 2025 10:31:26 GMT'), (b'Content-Type', b'application/json'), (b'Content-Length', b'23'), (b'Connection', b'keep-alive'), (b'Strict-Transport-Security', b'max-age=31536000; includeSubDomains; preload'), (b'Access-Control-Allow-Origin', b'*'), (b'Access-Control-Allow-Methods', b'GET, POST, OPTIONS'), (b'Access-Control-Expose-Headers', b'Content-Length,Content-Type,Date,Server,Connection')])
2025-06-24 11:31:25,269 - httpx - INFO - HTTP Request: POST https://api.telegram.org/bot7707158318:AAE8rWa4Q8Z_3avql6K0HAmXaooZAReoNF0/getUpdates "HTTP/1.1 200 OK"
2025-06-24 11:31:25,270 - httpcore.http11 - DEBUG - receive_response_body.started request=<Request [b'POST']>
2025-06-24 11:31:25,270 - httpcore.http11 - DEBUG - receive_response_body.complete
2025-06-24 11:31:25,270 - httpcore.http11 - DEBUG - response_closed.started
2025-06-24 11:31:25,270 - httpcore.http11 - DEBUG - response_closed.complete
2025-06-24 11:31:25,273 - telegram.ext.ExtBot - DEBUG - No new updates found.
2025-06-24 11:31:25,273 - telegram.ext.ExtBot - DEBUG - ()
2025-06-24 11:31:25,273 - telegram.ext.ExtBot - DEBUG - Exiting: get_updates
2025-06-24 11:31:25,273 - telegram.ext.ExtBot - DEBUG - Entering: get_updates
2025-06-24 11:31:25,276 - httpcore.http11 - DEBUG - send_request_headers.started request=<Request [b'POST']>
2025-06-24 11:31:25,278 - httpcore.http11 - DEBUG - send_request_headers.complete
2025-06-24 11:31:25,278 - httpcore.http11 - DEBUG - send_request_body.started request=<Request [b'POST']>
2025-06-24 11:31:25,280 - httpcore.http11 - DEBUG - send_request_body.complete
2025-06-24 11:31:25,281 - httpcore.http11 - DEBUG - receive_response_headers.started request=<Request [b'POST']>
2025-06-24 11:31:35,333 - httpcore.http11 - DEBUG - receive_response_headers.complete return_value=(b'HTTP/1.1', 200, b'OK', [(b'Server', b'nginx/1.18.0'), (b'Date', b'Tue, 24 Jun 2025 10:31:36 GMT'), (b'Content-Type', b'application/json'), (b'Content-Length', b'23'), (b'Connection', b'keep-alive'), (b'Strict-Transport-Security', b'max-age=31536000; includeSubDomains; preload'), (b'Access-Control-Allow-Origin', b'*'), (b'Access-Control-Allow-Methods', b'GET, POST, OPTIONS'), (b'Access-Control-Expose-Headers', b'Content-Length,Content-Type,Date,Server,Connection')])
2025-06-24 11:31:35,335 - httpx - INFO - HTTP Request: POST https://api.telegram.org/bot7707158318:AAE8rWa4Q8Z_3avql6K0HAmXaooZAReoNF0/getUpdates "HTTP/1.1 200 OK"
2025-06-24 11:31:35,335 - httpcore.http11 - DEBUG - receive_response_body.started request=<Request [b'POST']>
2025-06-24 11:31:35,335 - httpcore.http11 - DEBUG - receive_response_body.complete
2025-06-24 11:31:35,335 - httpcore.http11 - DEBUG - response_closed.started
2025-06-24 11:31:35,337 - httpcore.http11 - DEBUG - response_closed.complete
2025-06-24 11:31:35,339 - telegram.ext.ExtBot - DEBUG - No new updates found.
2025-06-24 11:31:35,339 - telegram.ext.ExtBot - DEBUG - ()
2025-06-24 11:31:35,339 - telegram.ext.ExtBot - DEBUG - Exiting: get_updates
2025-06-24 11:31:35,339 - telegram.ext.ExtBot - DEBUG - Entering: get_updates
2025-06-24 11:31:35,342 - httpcore.http11 - DEBUG - send_request_headers.started request=<Request [b'POST']>
2025-06-24 11:31:35,342 - httpcore.http11 - DEBUG - send_request_headers.complete
2025-06-24 11:31:35,344 - httpcore.http11 - DEBUG - send_request_body.started request=<Request [b'POST']>
2025-06-24 11:31:35,344 - httpcore.http11 - DEBUG - send_request_body.complete
2025-06-24 11:31:35,344 - httpcore.http11 - DEBUG - receive_response_headers.started request=<Request [b'POST']>
2025-06-24 11:31:45,399 - httpcore.http11 - DEBUG - receive_response_headers.complete return_value=(b'HTTP/1.1', 200, b'OK', [(b'Server', b'nginx/1.18.0'), (b'Date', b'Tue, 24 Jun 2025 10:31:46 GMT'), (b'Content-Type', b'application/json'), (b'Content-Length', b'23'), (b'Connection', b'keep-alive'), (b'Strict-Transport-Security', b'max-age=31536000; includeSubDomains; preload'), (b'Access-Control-Allow-Origin', b'*'), (b'Access-Control-Allow-Methods', b'GET, POST, OPTIONS'), (b'Access-Control-Expose-Headers', b'Content-Length,Content-Type,Date,Server,Connection')])
2025-06-24 11:31:45,399 - httpx - INFO - HTTP Request: POST https://api.telegram.org/bot7707158318:AAE8rWa4Q8Z_3avql6K0HAmXaooZAReoNF0/getUpdates "HTTP/1.1 200 OK"
2025-06-24 11:31:45,402 - httpcore.http11 - DEBUG - receive_response_body.started request=<Request [b'POST']>
2025-06-24 11:31:45,402 - httpcore.http11 - DEBUG - receive_response_body.complete
2025-06-24 11:31:45,403 - httpcore.http11 - DEBUG - response_closed.started
2025-06-24 11:31:45,403 - httpcore.http11 - DEBUG - response_closed.complete
2025-06-24 11:31:45,403 - telegram.ext.ExtBot - DEBUG - No new updates found.
2025-06-24 11:31:45,403 - telegram.ext.ExtBot - DEBUG - ()
2025-06-24 11:31:45,403 - telegram.ext.ExtBot - DEBUG - Exiting: get_updates
2025-06-24 11:31:45,403 - telegram.ext.ExtBot - DEBUG - Entering: get_updates
2025-06-24 11:31:45,406 - httpcore.http11 - DEBUG - send_request_headers.started request=<Request [b'POST']>
2025-06-24 11:31:45,407 - httpcore.http11 - DEBUG - send_request_headers.complete
2025-06-24 11:31:45,407 - httpcore.http11 - DEBUG - send_request_body.started request=<Request [b'POST']>
2025-06-24 11:31:45,407 - httpcore.http11 - DEBUG - send_request_body.complete
2025-06-24 11:31:45,407 - httpcore.http11 - DEBUG - receive_response_headers.started request=<Request [b'POST']>
2025-06-24 11:31:55,462 - httpcore.http11 - DEBUG - receive_response_headers.complete return_value=(b'HTTP/1.1', 200, b'OK', [(b'Server', b'nginx/1.18.0'), (b'Date', b'Tue, 24 Jun 2025 10:31:56 GMT'), (b'Content-Type', b'application/json'), (b'Content-Length', b'23'), (b'Connection', b'keep-alive'), (b'Strict-Transport-Security', b'max-age=31536000; includeSubDomains; preload'), (b'Access-Control-Allow-Origin', b'*'), (b'Access-Control-Allow-Methods', b'GET, POST, OPTIONS'), (b'Access-Control-Expose-Headers', b'Content-Length,Content-Type,Date,Server,Connection')])
2025-06-24 11:31:55,462 - httpx - INFO - HTTP Request: POST https://api.telegram.org/bot7707158318:AAE8rWa4Q8Z_3avql6K0HAmXaooZAReoNF0/getUpdates "HTTP/1.1 200 OK"
2025-06-24 11:31:55,467 - httpcore.http11 - DEBUG - receive_response_body.started request=<Request [b'POST']>
2025-06-24 11:31:55,467 - httpcore.http11 - DEBUG - receive_response_body.complete
2025-06-24 11:31:55,467 - httpcore.http11 - DEBUG - response_closed.started
2025-06-24 11:31:55,467 - httpcore.http11 - DEBUG - response_closed.complete
2025-06-24 11:31:55,467 - telegram.ext.ExtBot - DEBUG - No new updates found.
2025-06-24 11:31:55,467 - telegram.ext.ExtBot - DEBUG - ()
2025-06-24 11:31:55,469 - telegram.ext.ExtBot - DEBUG - Exiting: get_updates
2025-06-24 11:31:55,469 - telegram.ext.ExtBot - DEBUG - Entering: get_updates
2025-06-24 11:31:55,471 - httpcore.http11 - DEBUG - send_request_headers.started request=<Request [b'POST']>
2025-06-24 11:31:55,471 - httpcore.http11 - DEBUG - send_request_headers.complete
2025-06-24 11:31:55,471 - httpcore.http11 - DEBUG - send_request_body.started request=<Request [b'POST']>
2025-06-24 11:31:55,473 - httpcore.http11 - DEBUG - send_request_body.complete
2025-06-24 11:31:55,473 - httpcore.http11 - DEBUG - receive_response_headers.started request=<Request [b'POST']>
2025-06-24 11:32:05,547 - httpcore.http11 - DEBUG - receive_response_headers.complete return_value=(b'HTTP/1.1', 200, b'OK', [(b'Server', b'nginx/1.18.0'), (b'Date', b'Tue, 24 Jun 2025 10:32:06 GMT'), (b'Content-Type', b'application/json'), (b'Content-Length', b'23'), (b'Connection', b'keep-alive'), (b'Strict-Transport-Security', b'max-age=31536000; includeSubDomains; preload'), (b'Access-Control-Allow-Origin', b'*'), (b'Access-Control-Allow-Methods', b'GET, POST, OPTIONS'), (b'Access-Control-Expose-Headers', b'Content-Length,Content-Type,Date,Server,Connection')])
2025-06-24 11:32:05,547 - httpx - INFO - HTTP Request: POST https://api.telegram.org/bot7707158318:AAE8rWa4Q8Z_3avql6K0HAmXaooZAReoNF0/getUpdates "HTTP/1.1 200 OK"
2025-06-24 11:32:05,549 - httpcore.http11 - DEBUG - receive_response_body.started request=<Request [b'POST']>
2025-06-24 11:32:05,550 - httpcore.http11 - DEBUG - receive_response_body.complete
2025-06-24 11:32:05,550 - httpcore.http11 - DEBUG - response_closed.started
2025-06-24 11:32:05,550 - httpcore.http11 - DEBUG - response_closed.complete
2025-06-24 11:32:05,550 - telegram.ext.ExtBot - DEBUG - No new updates found.
2025-06-24 11:32:05,550 - telegram.ext.ExtBot - DEBUG - ()
2025-06-24 11:32:05,550 - telegram.ext.ExtBot - DEBUG - Exiting: get_updates
2025-06-24 11:32:05,552 - telegram.ext.ExtBot - DEBUG - Entering: get_updates
2025-06-24 11:32:05,553 - httpcore.http11 - DEBUG - send_request_headers.started request=<Request [b'POST']>
2025-06-24 11:32:05,556 - httpcore.http11 - DEBUG - send_request_headers.complete
2025-06-24 11:32:05,556 - httpcore.http11 - DEBUG - send_request_body.started request=<Request [b'POST']>
2025-06-24 11:32:05,556 - httpcore.http11 - DEBUG - send_request_body.complete
2025-06-24 11:32:05,556 - httpcore.http11 - DEBUG - receive_response_headers.started request=<Request [b'POST']>
2025-06-24 11:32:15,699 - httpcore.http11 - DEBUG - receive_response_headers.complete return_value=(b'HTTP/1.1', 200, b'OK', [(b'Server', b'nginx/1.18.0'), (b'Date', b'Tue, 24 Jun 2025 10:32:16 GMT'), (b'Content-Type', b'application/json'), (b'Content-Length', b'23'), (b'Connection', b'keep-alive'), (b'Strict-Transport-Security', b'max-age=31536000; includeSubDomains; preload'), (b'Access-Control-Allow-Origin', b'*'), (b'Access-Control-Allow-Methods', b'GET, POST, OPTIONS'), (b'Access-Control-Expose-Headers', b'Content-Length,Content-Type,Date,Server,Connection')])
2025-06-24 11:32:15,699 - httpx - INFO - HTTP Request: POST https://api.telegram.org/bot7707158318:AAE8rWa4Q8Z_3avql6K0HAmXaooZAReoNF0/getUpdates "HTTP/1.1 200 OK"
2025-06-24 11:32:15,701 - httpcore.http11 - DEBUG - receive_response_body.started request=<Request [b'POST']>
2025-06-24 11:32:15,702 - httpcore.http11 - DEBUG - receive_response_body.complete
2025-06-24 11:32:15,703 - httpcore.http11 - DEBUG - response_closed.started
2025-06-24 11:32:15,703 - httpcore.http11 - DEBUG - response_closed.complete
2025-06-24 11:32:15,703 - telegram.ext.ExtBot - DEBUG - No new updates found.
2025-06-24 11:32:15,705 - telegram.ext.ExtBot - DEBUG - ()
2025-06-24 11:32:15,706 - telegram.ext.ExtBot - DEBUG - Exiting: get_updates
2025-06-24 11:32:15,706 - telegram.ext.ExtBot - DEBUG - Entering: get_updates
2025-06-24 11:32:15,707 - httpcore.http11 - DEBUG - send_request_headers.started request=<Request [b'POST']>
2025-06-24 11:32:15,709 - httpcore.http11 - DEBUG - send_request_headers.complete
2025-06-24 11:32:15,709 - httpcore.http11 - DEBUG - send_request_body.started request=<Request [b'POST']>
2025-06-24 11:32:15,709 - httpcore.http11 - DEBUG - send_request_body.complete
2025-06-24 11:32:15,711 - httpcore.http11 - DEBUG - receive_response_headers.started request=<Request [b'POST']>
2025-06-24 11:32:25,772 - httpcore.http11 - DEBUG - receive_response_headers.complete return_value=(b'HTTP/1.1', 200, b'OK', [(b'Server', b'nginx/1.18.0'), (b'Date', b'Tue, 24 Jun 2025 10:32:26 GMT'), (b'Content-Type', b'application/json'), (b'Content-Length', b'23'), (b'Connection', b'keep-alive'), (b'Strict-Transport-Security', b'max-age=31536000; includeSubDomains; preload'), (b'Access-Control-Allow-Origin', b'*'), (b'Access-Control-Allow-Methods', b'GET, POST, OPTIONS'), (b'Access-Control-Expose-Headers', b'Content-Length,Content-Type,Date,Server,Connection')])
2025-06-24 11:32:25,773 - httpx - INFO - HTTP Request: POST https://api.telegram.org/bot7707158318:AAE8rWa4Q8Z_3avql6K0HAmXaooZAReoNF0/getUpdates "HTTP/1.1 200 OK"
2025-06-24 11:32:25,774 - httpcore.http11 - DEBUG - receive_response_body.started request=<Request [b'POST']>
2025-06-24 11:32:25,775 - httpcore.http11 - DEBUG - receive_response_body.complete
2025-06-24 11:32:25,775 - httpcore.http11 - DEBUG - response_closed.started
2025-06-24 11:32:25,775 - httpcore.http11 - DEBUG - response_closed.complete
2025-06-24 11:32:25,777 - telegram.ext.ExtBot - DEBUG - No new updates found.
2025-06-24 11:32:25,777 - telegram.ext.ExtBot - DEBUG - ()
2025-06-24 11:32:25,777 - telegram.ext.ExtBot - DEBUG - Exiting: get_updates
2025-06-24 11:32:25,777 - telegram.ext.ExtBot - DEBUG - Entering: get_updates
2025-06-24 11:32:25,779 - httpcore.http11 - DEBUG - send_request_headers.started request=<Request [b'POST']>
2025-06-24 11:32:25,782 - httpcore.http11 - DEBUG - send_request_headers.complete
2025-06-24 11:32:25,782 - httpcore.http11 - DEBUG - send_request_body.started request=<Request [b'POST']>
2025-06-24 11:32:25,783 - httpcore.http11 - DEBUG - send_request_body.complete
2025-06-24 11:32:25,783 - httpcore.http11 - DEBUG - receive_response_headers.started request=<Request [b'POST']>
2025-06-24 11:32:35,838 - httpcore.http11 - DEBUG - receive_response_headers.complete return_value=(b'HTTP/1.1', 200, b'OK', [(b'Server', b'nginx/1.18.0'), (b'Date', b'Tue, 24 Jun 2025 10:32:36 GMT'), (b'Content-Type', b'application/json'), (b'Content-Length', b'23'), (b'Connection', b'keep-alive'), (b'Strict-Transport-Security', b'max-age=31536000; includeSubDomains; preload'), (b'Access-Control-Allow-Origin', b'*'), (b'Access-Control-Allow-Methods', b'GET, POST, OPTIONS'), (b'Access-Control-Expose-Headers', b'Content-Length,Content-Type,Date,Server,Connection')])
2025-06-24 11:32:35,840 - httpx - INFO - HTTP Request: POST https://api.telegram.org/bot7707158318:AAE8rWa4Q8Z_3avql6K0HAmXaooZAReoNF0/getUpdates "HTTP/1.1 200 OK"
2025-06-24 11:32:35,841 - httpcore.http11 - DEBUG - receive_response_body.started request=<Request [b'POST']>
2025-06-24 11:32:35,842 - httpcore.http11 - DEBUG - receive_response_body.complete
2025-06-24 11:32:35,843 - httpcore.http11 - DEBUG - response_closed.started
2025-06-24 11:32:35,844 - httpcore.http11 - DEBUG - response_closed.complete
2025-06-24 11:32:35,845 - telegram.ext.ExtBot - DEBUG - No new updates found.
2025-06-24 11:32:35,845 - telegram.ext.ExtBot - DEBUG - ()
2025-06-24 11:32:35,845 - telegram.ext.ExtBot - DEBUG - Exiting: get_updates
2025-06-24 11:32:35,845 - telegram.ext.ExtBot - DEBUG - Entering: get_updates
2025-06-24 11:32:35,981 - httpcore.http11 - DEBUG - send_request_headers.started request=<Request [b'POST']>
2025-06-24 11:32:35,989 - httpcore.http11 - DEBUG - send_request_headers.complete
2025-06-24 11:32:35,989 - httpcore.http11 - DEBUG - send_request_body.started request=<Request [b'POST']>
2025-06-24 11:32:35,994 - httpcore.http11 - DEBUG - send_request_body.complete
2025-06-24 11:32:35,995 - httpcore.http11 - DEBUG - receive_response_headers.started request=<Request [b'POST']>
2025-06-24 11:32:46,107 - httpcore.http11 - DEBUG - receive_response_headers.complete return_value=(b'HTTP/1.1', 200, b'OK', [(b'Server', b'nginx/1.18.0'), (b'Date', b'Tue, 24 Jun 2025 10:32:47 GMT'), (b'Content-Type', b'application/json'), (b'Content-Length', b'23'), (b'Connection', b'keep-alive'), (b'Strict-Transport-Security', b'max-age=31536000; includeSubDomains; preload'), (b'Access-Control-Allow-Origin', b'*'), (b'Access-Control-Allow-Methods', b'GET, POST, OPTIONS'), (b'Access-Control-Expose-Headers', b'Content-Length,Content-Type,Date,Server,Connection')])
2025-06-24 11:32:46,115 - httpx - INFO - HTTP Request: POST https://api.telegram.org/bot7707158318:AAE8rWa4Q8Z_3avql6K0HAmXaooZAReoNF0/getUpdates "HTTP/1.1 200 OK"
2025-06-24 11:32:46,119 - httpcore.http11 - DEBUG - receive_response_body.started request=<Request [b'POST']>
2025-06-24 11:32:46,120 - httpcore.http11 - DEBUG - receive_response_body.complete
2025-06-24 11:32:46,120 - httpcore.http11 - DEBUG - response_closed.started
2025-06-24 11:32:46,121 - httpcore.http11 - DEBUG - response_closed.complete
2025-06-24 11:32:46,123 - telegram.ext.ExtBot - DEBUG - No new updates found.
2025-06-24 11:32:46,123 - telegram.ext.ExtBot - DEBUG - ()
2025-06-24 11:32:46,123 - telegram.ext.ExtBot - DEBUG - Exiting: get_updates
2025-06-24 11:32:46,123 - telegram.ext.ExtBot - DEBUG - Entering: get_updates
2025-06-24 11:32:46,130 - httpcore.http11 - DEBUG - send_request_headers.started request=<Request [b'POST']>
2025-06-24 11:32:46,131 - httpcore.http11 - DEBUG - send_request_headers.complete
2025-06-24 11:32:46,131 - httpcore.http11 - DEBUG - send_request_body.started request=<Request [b'POST']>
2025-06-24 11:32:46,133 - httpcore.http11 - DEBUG - send_request_body.complete
2025-06-24 11:32:46,134 - httpcore.http11 - DEBUG - receive_response_headers.started request=<Request [b'POST']>
2025-06-24 11:32:57,431 - httpcore.http11 - DEBUG - receive_response_headers.complete return_value=(b'HTTP/1.1', 200, b'OK', [(b'Server', b'nginx/1.18.0'), (b'Date', b'Tue, 24 Jun 2025 10:32:57 GMT'), (b'Content-Type', b'application/json'), (b'Content-Length', b'23'), (b'Connection', b'keep-alive'), (b'Strict-Transport-Security', b'max-age=31536000; includeSubDomains; preload'), (b'Access-Control-Allow-Origin', b'*'), (b'Access-Control-Allow-Methods', b'GET, POST, OPTIONS'), (b'Access-Control-Expose-Headers', b'Content-Length,Content-Type,Date,Server,Connection')])
2025-06-24 11:32:57,433 - httpx - INFO - HTTP Request: POST https://api.telegram.org/bot7707158318:AAE8rWa4Q8Z_3avql6K0HAmXaooZAReoNF0/getUpdates "HTTP/1.1 200 OK"
2025-06-24 11:32:57,577 - httpcore.http11 - DEBUG - receive_response_body.started request=<Request [b'POST']>
2025-06-24 11:32:57,729 - httpcore.http11 - DEBUG - receive_response_body.complete
2025-06-24 11:32:58,193 - httpcore.http11 - DEBUG - response_closed.started
2025-06-24 11:32:58,195 - httpcore.http11 - DEBUG - response_closed.complete
2025-06-24 11:32:59,377 - telegram.ext.ExtBot - DEBUG - No new updates found.
2025-06-24 11:32:59,767 - telegram.ext.ExtBot - DEBUG - ()
2025-06-24 11:32:59,768 - telegram.ext.ExtBot - DEBUG - Exiting: get_updates
2025-06-24 11:32:59,777 - telegram.ext.ExtBot - DEBUG - Entering: get_updates
2025-06-24 11:33:02,793 - httpcore.http11 - DEBUG - send_request_headers.started request=<Request [b'POST']>
2025-06-24 11:33:03,752 - httpcore.http11 - DEBUG - send_request_headers.complete
2025-06-24 11:33:04,690 - httpcore.http11 - DEBUG - send_request_body.started request=<Request [b'POST']>
2025-06-24 11:33:04,735 - httpcore.http11 - DEBUG - send_request_body.complete
2025-06-24 11:33:04,753 - httpcore.http11 - DEBUG - receive_response_headers.started request=<Request [b'POST']>
2025-06-24 11:33:14,836 - httpcore.http11 - DEBUG - receive_response_headers.complete return_value=(b'HTTP/1.1', 200, b'OK', [(b'Server', b'nginx/1.18.0'), (b'Date', b'Tue, 24 Jun 2025 10:33:15 GMT'), (b'Content-Type', b'application/json'), (b'Content-Length', b'23'), (b'Connection', b'keep-alive'), (b'Strict-Transport-Security', b'max-age=31536000; includeSubDomains; preload'), (b'Access-Control-Allow-Origin', b'*'), (b'Access-Control-Allow-Methods', b'GET, POST, OPTIONS'), (b'Access-Control-Expose-Headers', b'Content-Length,Content-Type,Date,Server,Connection')])
2025-06-24 11:33:14,837 - httpx - INFO - HTTP Request: POST https://api.telegram.org/bot7707158318:AAE8rWa4Q8Z_3avql6K0HAmXaooZAReoNF0/getUpdates "HTTP/1.1 200 OK"
2025-06-24 11:33:14,838 - httpcore.http11 - DEBUG - receive_response_body.started request=<Request [b'POST']>
2025-06-24 11:33:14,838 - httpcore.http11 - DEBUG - receive_response_body.complete
2025-06-24 11:33:14,840 - httpcore.http11 - DEBUG - response_closed.started
2025-06-24 11:33:14,840 - httpcore.http11 - DEBUG - response_closed.complete
2025-06-24 11:33:14,842 - telegram.ext.ExtBot - DEBUG - No new updates found.
2025-06-24 11:33:14,842 - telegram.ext.ExtBot - DEBUG - ()
2025-06-24 11:33:14,842 - telegram.ext.ExtBot - DEBUG - Exiting: get_updates
2025-06-24 11:33:14,842 - telegram.ext.ExtBot - DEBUG - Entering: get_updates
2025-06-24 11:33:14,847 - httpcore.http11 - DEBUG - send_request_headers.started request=<Request [b'POST']>
2025-06-24 11:33:14,848 - httpcore.http11 - DEBUG - send_request_headers.complete
2025-06-24 11:33:14,849 - httpcore.http11 - DEBUG - send_request_body.started request=<Request [b'POST']>
2025-06-24 11:33:14,851 - httpcore.http11 - DEBUG - send_request_body.complete
2025-06-24 11:33:14,852 - httpcore.http11 - DEBUG - receive_response_headers.started request=<Request [b'POST']>
2025-06-24 11:33:24,916 - httpcore.http11 - DEBUG - receive_response_headers.complete return_value=(b'HTTP/1.1', 200, b'OK', [(b'Server', b'nginx/1.18.0'), (b'Date', b'Tue, 24 Jun 2025 10:33:25 GMT'), (b'Content-Type', b'application/json'), (b'Content-Length', b'23'), (b'Connection', b'keep-alive'), (b'Strict-Transport-Security', b'max-age=31536000; includeSubDomains; preload'), (b'Access-Control-Allow-Origin', b'*'), (b'Access-Control-Allow-Methods', b'GET, POST, OPTIONS'), (b'Access-Control-Expose-Headers', b'Content-Length,Content-Type,Date,Server,Connection')])
2025-06-24 11:33:24,923 - httpx - INFO - HTTP Request: POST https://api.telegram.org/bot7707158318:AAE8rWa4Q8Z_3avql6K0HAmXaooZAReoNF0/getUpdates "HTTP/1.1 200 OK"
2025-06-24 11:33:24,925 - httpcore.http11 - DEBUG - receive_response_body.started request=<Request [b'POST']>
2025-06-24 11:33:24,927 - httpcore.http11 - DEBUG - receive_response_body.complete
2025-06-24 11:33:24,927 - httpcore.http11 - DEBUG - response_closed.started
2025-06-24 11:33:24,927 - httpcore.http11 - DEBUG - response_closed.complete
2025-06-24 11:33:24,927 - telegram.ext.ExtBot - DEBUG - No new updates found.
2025-06-24 11:33:24,927 - telegram.ext.ExtBot - DEBUG - ()
2025-06-24 11:33:24,927 - telegram.ext.ExtBot - DEBUG - Exiting: get_updates
2025-06-24 11:33:24,927 - telegram.ext.ExtBot - DEBUG - Entering: get_updates
2025-06-24 11:33:24,935 - httpcore.http11 - DEBUG - send_request_headers.started request=<Request [b'POST']>
2025-06-24 11:33:24,935 - httpcore.http11 - DEBUG - send_request_headers.complete
2025-06-24 11:33:24,937 - httpcore.http11 - DEBUG - send_request_body.started request=<Request [b'POST']>
2025-06-24 11:33:24,941 - httpcore.http11 - DEBUG - send_request_body.complete
2025-06-24 11:33:24,941 - httpcore.http11 - DEBUG - receive_response_headers.started request=<Request [b'POST']>
2025-06-24 11:33:35,004 - httpcore.http11 - DEBUG - receive_response_headers.complete return_value=(b'HTTP/1.1', 200, b'OK', [(b'Server', b'nginx/1.18.0'), (b'Date', b'Tue, 24 Jun 2025 10:33:35 GMT'), (b'Content-Type', b'application/json'), (b'Content-Length', b'23'), (b'Connection', b'keep-alive'), (b'Strict-Transport-Security', b'max-age=31536000; includeSubDomains; preload'), (b'Access-Control-Allow-Origin', b'*'), (b'Access-Control-Allow-Methods', b'GET, POST, OPTIONS'), (b'Access-Control-Expose-Headers', b'Content-Length,Content-Type,Date,Server,Connection')])
2025-06-24 11:33:35,006 - httpx - INFO - HTTP Request: POST https://api.telegram.org/bot7707158318:AAE8rWa4Q8Z_3avql6K0HAmXaooZAReoNF0/getUpdates "HTTP/1.1 200 OK"
2025-06-24 11:33:35,006 - httpcore.http11 - DEBUG - receive_response_body.started request=<Request [b'POST']>
2025-06-24 11:33:35,006 - httpcore.http11 - DEBUG - receive_response_body.complete
2025-06-24 11:33:35,006 - httpcore.http11 - DEBUG - response_closed.started
2025-06-24 11:33:35,006 - httpcore.http11 - DEBUG - response_closed.complete
2025-06-24 11:33:35,006 - telegram.ext.ExtBot - DEBUG - No new updates found.
2025-06-24 11:33:35,011 - telegram.ext.ExtBot - DEBUG - ()
2025-06-24 11:33:35,011 - telegram.ext.ExtBot - DEBUG - Exiting: get_updates
2025-06-24 11:33:35,011 - telegram.ext.ExtBot - DEBUG - Entering: get_updates
2025-06-24 11:33:35,014 - httpcore.http11 - DEBUG - send_request_headers.started request=<Request [b'POST']>
2025-06-24 11:33:35,014 - httpcore.http11 - DEBUG - send_request_headers.complete
2025-06-24 11:33:35,014 - httpcore.http11 - DEBUG - send_request_body.started request=<Request [b'POST']>
2025-06-24 11:33:35,017 - httpcore.http11 - DEBUG - send_request_body.complete
2025-06-24 11:33:35,017 - httpcore.http11 - DEBUG - receive_response_headers.started request=<Request [b'POST']>
2025-06-24 11:33:45,086 - httpcore.http11 - DEBUG - receive_response_headers.complete return_value=(b'HTTP/1.1', 200, b'OK', [(b'Server', b'nginx/1.18.0'), (b'Date', b'Tue, 24 Jun 2025 10:33:46 GMT'), (b'Content-Type', b'application/json'), (b'Content-Length', b'23'), (b'Connection', b'keep-alive'), (b'Strict-Transport-Security', b'max-age=31536000; includeSubDomains; preload'), (b'Access-Control-Allow-Origin', b'*'), (b'Access-Control-Allow-Methods', b'GET, POST, OPTIONS'), (b'Access-Control-Expose-Headers', b'Content-Length,Content-Type,Date,Server,Connection')])
2025-06-24 11:33:45,658 - httpx - INFO - HTTP Request: POST https://api.telegram.org/bot7707158318:AAE8rWa4Q8Z_3avql6K0HAmXaooZAReoNF0/getUpdates "HTTP/1.1 200 OK"
2025-06-24 11:33:46,276 - httpcore.http11 - DEBUG - receive_response_body.started request=<Request [b'POST']>
2025-06-24 11:33:46,550 - httpcore.http11 - DEBUG - receive_response_body.complete
2025-06-24 11:33:46,551 - httpcore.http11 - DEBUG - response_closed.started
2025-06-24 11:33:46,625 - httpcore.http11 - DEBUG - response_closed.complete
2025-06-24 11:33:46,722 - telegram.ext.ExtBot - DEBUG - No new updates found.
2025-06-24 11:33:46,722 - telegram.ext.ExtBot - DEBUG - ()
2025-06-24 11:33:46,722 - telegram.ext.ExtBot - DEBUG - Exiting: get_updates
2025-06-24 11:33:46,722 - telegram.ext.ExtBot - DEBUG - Entering: get_updates
2025-06-24 11:33:46,984 - httpcore.http11 - DEBUG - send_request_headers.started request=<Request [b'POST']>
2025-06-24 11:33:47,027 - httpcore.http11 - DEBUG - send_request_headers.complete
2025-06-24 11:33:47,027 - httpcore.http11 - DEBUG - send_request_body.started request=<Request [b'POST']>
2025-06-24 11:33:47,144 - httpcore.http11 - DEBUG - send_request_body.complete
2025-06-24 11:33:47,260 - httpcore.http11 - DEBUG - receive_response_headers.started request=<Request [b'POST']>
2025-06-24 11:33:57,268 - httpcore.http11 - DEBUG - receive_response_headers.complete return_value=(b'HTTP/1.1', 200, b'OK', [(b'Server', b'nginx/1.18.0'), (b'Date', b'Tue, 24 Jun 2025 10:33:58 GMT'), (b'Content-Type', b'application/json'), (b'Content-Length', b'23'), (b'Connection', b'keep-alive'), (b'Strict-Transport-Security', b'max-age=31536000; includeSubDomains; preload'), (b'Access-Control-Allow-Origin', b'*'), (b'Access-Control-Allow-Methods', b'GET, POST, OPTIONS'), (b'Access-Control-Expose-Headers', b'Content-Length,Content-Type,Date,Server,Connection')])
2025-06-24 11:33:57,290 - httpx - INFO - HTTP Request: POST https://api.telegram.org/bot7707158318:AAE8rWa4Q8Z_3avql6K0HAmXaooZAReoNF0/getUpdates "HTTP/1.1 200 OK"
2025-06-24 11:33:57,306 - httpcore.http11 - DEBUG - receive_response_body.started request=<Request [b'POST']>
2025-06-24 11:33:57,313 - httpcore.http11 - DEBUG - receive_response_body.complete
2025-06-24 11:33:57,320 - httpcore.http11 - DEBUG - response_closed.started
2025-06-24 11:33:57,321 - httpcore.http11 - DEBUG - response_closed.complete
2025-06-24 11:33:57,323 - telegram.ext.ExtBot - DEBUG - No new updates found.
2025-06-24 11:33:57,324 - telegram.ext.ExtBot - DEBUG - ()
2025-06-24 11:33:57,324 - telegram.ext.ExtBot - DEBUG - Exiting: get_updates
2025-06-24 11:33:57,325 - telegram.ext.ExtBot - DEBUG - Entering: get_updates
2025-06-24 11:33:57,448 - httpcore.http11 - DEBUG - send_request_headers.started request=<Request [b'POST']>
2025-06-24 11:33:57,454 - httpcore.http11 - DEBUG - send_request_headers.complete
2025-06-24 11:33:57,454 - httpcore.http11 - DEBUG - send_request_body.started request=<Request [b'POST']>
2025-06-24 11:33:57,459 - httpcore.http11 - DEBUG - send_request_body.complete
2025-06-24 11:33:57,462 - httpcore.http11 - DEBUG - receive_response_headers.started request=<Request [b'POST']>
2025-06-24 11:34:07,606 - httpcore.http11 - DEBUG - receive_response_headers.complete return_value=(b'HTTP/1.1', 200, b'OK', [(b'Server', b'nginx/1.18.0'), (b'Date', b'Tue, 24 Jun 2025 10:34:08 GMT'), (b'Content-Type', b'application/json'), (b'Content-Length', b'23'), (b'Connection', b'keep-alive'), (b'Strict-Transport-Security', b'max-age=31536000; includeSubDomains; preload'), (b'Access-Control-Allow-Origin', b'*'), (b'Access-Control-Allow-Methods', b'GET, POST, OPTIONS'), (b'Access-Control-Expose-Headers', b'Content-Length,Content-Type,Date,Server,Connection')])
2025-06-24 11:34:07,657 - httpx - INFO - HTTP Request: POST https://api.telegram.org/bot7707158318:AAE8rWa4Q8Z_3avql6K0HAmXaooZAReoNF0/getUpdates "HTTP/1.1 200 OK"
2025-06-24 11:34:07,786 - httpcore.http11 - DEBUG - receive_response_body.started request=<Request [b'POST']>
2025-06-24 11:34:07,786 - httpcore.http11 - DEBUG - receive_response_body.complete
2025-06-24 11:34:07,797 - httpcore.http11 - DEBUG - response_closed.started
2025-06-24 11:34:07,800 - httpcore.http11 - DEBUG - response_closed.complete
2025-06-24 11:34:07,952 - telegram.ext.ExtBot - DEBUG - No new updates found.
2025-06-24 11:34:07,952 - telegram.ext.ExtBot - DEBUG - ()
2025-06-24 11:34:07,953 - telegram.ext.ExtBot - DEBUG - Exiting: get_updates
2025-06-24 11:34:07,961 - telegram.ext.ExtBot - DEBUG - Entering: get_updates
2025-06-24 11:34:07,967 - httpcore.http11 - DEBUG - send_request_headers.started request=<Request [b'POST']>
2025-06-24 11:34:07,971 - httpcore.http11 - DEBUG - send_request_headers.complete
2025-06-24 11:34:07,971 - httpcore.http11 - DEBUG - send_request_body.started request=<Request [b'POST']>
2025-06-24 11:34:08,082 - httpcore.http11 - DEBUG - send_request_body.complete
2025-06-24 11:34:08,082 - httpcore.http11 - DEBUG - receive_response_headers.started request=<Request [b'POST']>
2025-06-24 11:34:18,079 - httpcore.http11 - DEBUG - receive_response_headers.complete return_value=(b'HTTP/1.1', 200, b'OK', [(b'Server', b'nginx/1.18.0'), (b'Date', b'Tue, 24 Jun 2025 10:34:19 GMT'), (b'Content-Type', b'application/json'), (b'Content-Length', b'23'), (b'Connection', b'keep-alive'), (b'Strict-Transport-Security', b'max-age=31536000; includeSubDomains; preload'), (b'Access-Control-Allow-Origin', b'*'), (b'Access-Control-Allow-Methods', b'GET, POST, OPTIONS'), (b'Access-Control-Expose-Headers', b'Content-Length,Content-Type,Date,Server,Connection')])
2025-06-24 11:34:18,180 - httpx - INFO - HTTP Request: POST https://api.telegram.org/bot7707158318:AAE8rWa4Q8Z_3avql6K0HAmXaooZAReoNF0/getUpdates "HTTP/1.1 200 OK"
2025-06-24 11:34:18,189 - httpcore.http11 - DEBUG - receive_response_body.started request=<Request [b'POST']>
2025-06-24 11:34:18,190 - httpcore.http11 - DEBUG - receive_response_body.complete
2025-06-24 11:34:18,190 - httpcore.http11 - DEBUG - response_closed.started
2025-06-24 11:34:18,190 - httpcore.http11 - DEBUG - response_closed.complete
2025-06-24 11:34:18,194 - telegram.ext.ExtBot - DEBUG - No new updates found.
2025-06-24 11:34:18,194 - telegram.ext.ExtBot - DEBUG - ()
2025-06-24 11:34:18,194 - telegram.ext.ExtBot - DEBUG - Exiting: get_updates
2025-06-24 11:34:18,195 - telegram.ext.ExtBot - DEBUG - Entering: get_updates
2025-06-24 11:34:18,206 - httpcore.http11 - DEBUG - send_request_headers.started request=<Request [b'POST']>
2025-06-24 11:34:18,207 - httpcore.http11 - DEBUG - send_request_headers.complete
2025-06-24 11:34:18,209 - httpcore.http11 - DEBUG - send_request_body.started request=<Request [b'POST']>
2025-06-24 11:34:18,211 - httpcore.http11 - DEBUG - send_request_body.complete
2025-06-24 11:34:18,211 - httpcore.http11 - DEBUG - receive_response_headers.started request=<Request [b'POST']>
2025-06-24 11:34:28,314 - httpcore.http11 - DEBUG - receive_response_headers.complete return_value=(b'HTTP/1.1', 200, b'OK', [(b'Server', b'nginx/1.18.0'), (b'Date', b'Tue, 24 Jun 2025 10:34:29 GMT'), (b'Content-Type', b'application/json'), (b'Content-Length', b'23'), (b'Connection', b'keep-alive'), (b'Strict-Transport-Security', b'max-age=31536000; includeSubDomains; preload'), (b'Access-Control-Allow-Origin', b'*'), (b'Access-Control-Allow-Methods', b'GET, POST, OPTIONS'), (b'Access-Control-Expose-Headers', b'Content-Length,Content-Type,Date,Server,Connection')])
2025-06-24 11:34:28,384 - httpx - INFO - HTTP Request: POST https://api.telegram.org/bot7707158318:AAE8rWa4Q8Z_3avql6K0HAmXaooZAReoNF0/getUpdates "HTTP/1.1 200 OK"
2025-06-24 11:34:28,409 - httpcore.http11 - DEBUG - receive_response_body.started request=<Request [b'POST']>
2025-06-24 11:34:28,409 - httpcore.http11 - DEBUG - receive_response_body.complete
2025-06-24 11:34:28,409 - httpcore.http11 - DEBUG - response_closed.started
2025-06-24 11:34:28,413 - httpcore.http11 - DEBUG - response_closed.complete
2025-06-24 11:34:28,517 - telegram.ext.ExtBot - DEBUG - No new updates found.
2025-06-24 11:34:28,517 - telegram.ext.ExtBot - DEBUG - ()
2025-06-24 11:34:28,522 - telegram.ext.ExtBot - DEBUG - Exiting: get_updates
2025-06-24 11:34:28,523 - telegram.ext.ExtBot - DEBUG - Entering: get_updates
2025-06-24 11:34:28,537 - httpcore.http11 - DEBUG - send_request_headers.started request=<Request [b'POST']>
2025-06-24 11:34:28,540 - httpcore.http11 - DEBUG - send_request_headers.complete
2025-06-24 11:34:28,540 - httpcore.http11 - DEBUG - send_request_body.started request=<Request [b'POST']>
2025-06-24 11:34:28,540 - httpcore.http11 - DEBUG - send_request_body.complete
2025-06-24 11:34:28,540 - httpcore.http11 - DEBUG - receive_response_headers.started request=<Request [b'POST']>
2025-06-24 11:34:38,664 - httpcore.http11 - DEBUG - receive_response_headers.complete return_value=(b'HTTP/1.1', 200, b'OK', [(b'Server', b'nginx/1.18.0'), (b'Date', b'Tue, 24 Jun 2025 10:34:39 GMT'), (b'Content-Type', b'application/json'), (b'Content-Length', b'23'), (b'Connection', b'keep-alive'), (b'Strict-Transport-Security', b'max-age=31536000; includeSubDomains; preload'), (b'Access-Control-Allow-Origin', b'*'), (b'Access-Control-Allow-Methods', b'GET, POST, OPTIONS'), (b'Access-Control-Expose-Headers', b'Content-Length,Content-Type,Date,Server,Connection')])
2025-06-24 11:34:38,664 - httpx - INFO - HTTP Request: POST https://api.telegram.org/bot7707158318:AAE8rWa4Q8Z_3avql6K0HAmXaooZAReoNF0/getUpdates "HTTP/1.1 200 OK"
2025-06-24 11:34:38,667 - httpcore.http11 - DEBUG - receive_response_body.started request=<Request [b'POST']>
2025-06-24 11:34:38,667 - httpcore.http11 - DEBUG - receive_response_body.complete
2025-06-24 11:34:38,668 - httpcore.http11 - DEBUG - response_closed.started
2025-06-24 11:34:38,668 - httpcore.http11 - DEBUG - response_closed.complete
2025-06-24 11:34:38,668 - telegram.ext.ExtBot - DEBUG - No new updates found.
2025-06-24 11:34:38,668 - telegram.ext.ExtBot - DEBUG - ()
2025-06-24 11:34:38,668 - telegram.ext.ExtBot - DEBUG - Exiting: get_updates
2025-06-24 11:34:38,668 - telegram.ext.ExtBot - DEBUG - Entering: get_updates
2025-06-24 11:34:38,668 - httpcore.http11 - DEBUG - send_request_headers.started request=<Request [b'POST']>
2025-06-24 11:34:38,674 - httpcore.http11 - DEBUG - send_request_headers.complete
2025-06-24 11:34:38,674 - httpcore.http11 - DEBUG - send_request_body.started request=<Request [b'POST']>
2025-06-24 11:34:38,677 - httpcore.http11 - DEBUG - send_request_body.complete
2025-06-24 11:34:38,677 - httpcore.http11 - DEBUG - receive_response_headers.started request=<Request [b'POST']>
2025-06-24 11:34:48,735 - httpcore.http11 - DEBUG - receive_response_headers.complete return_value=(b'HTTP/1.1', 200, b'OK', [(b'Server', b'nginx/1.18.0'), (b'Date', b'Tue, 24 Jun 2025 10:34:49 GMT'), (b'Content-Type', b'application/json'), (b'Content-Length', b'23'), (b'Connection', b'keep-alive'), (b'Strict-Transport-Security', b'max-age=31536000; includeSubDomains; preload'), (b'Access-Control-Allow-Origin', b'*'), (b'Access-Control-Allow-Methods', b'GET, POST, OPTIONS'), (b'Access-Control-Expose-Headers', b'Content-Length,Content-Type,Date,Server,Connection')])
2025-06-24 11:34:48,737 - httpx - INFO - HTTP Request: POST https://api.telegram.org/bot7707158318:AAE8rWa4Q8Z_3avql6K0HAmXaooZAReoNF0/getUpdates "HTTP/1.1 200 OK"
2025-06-24 11:34:48,739 - httpcore.http11 - DEBUG - receive_response_body.started request=<Request [b'POST']>
2025-06-24 11:34:48,742 - httpcore.http11 - DEBUG - receive_response_body.complete
2025-06-24 11:34:48,743 - httpcore.http11 - DEBUG - response_closed.started
2025-06-24 11:34:48,744 - httpcore.http11 - DEBUG - response_closed.complete
2025-06-24 11:34:48,744 - telegram.ext.ExtBot - DEBUG - No new updates found.
2025-06-24 11:34:48,744 - telegram.ext.ExtBot - DEBUG - ()
2025-06-24 11:34:48,744 - telegram.ext.ExtBot - DEBUG - Exiting: get_updates
2025-06-24 11:34:48,744 - telegram.ext.ExtBot - DEBUG - Entering: get_updates
2025-06-24 11:34:48,749 - httpcore.http11 - DEBUG - send_request_headers.started request=<Request [b'POST']>
2025-06-24 11:34:48,751 - httpcore.http11 - DEBUG - send_request_headers.complete
2025-06-24 11:34:48,755 - httpcore.http11 - DEBUG - send_request_body.started request=<Request [b'POST']>
2025-06-24 11:34:48,757 - httpcore.http11 - DEBUG - send_request_body.complete
2025-06-24 11:34:48,757 - httpcore.http11 - DEBUG - receive_response_headers.started request=<Request [b'POST']>
2025-06-24 11:34:58,843 - httpcore.http11 - DEBUG - receive_response_headers.complete return_value=(b'HTTP/1.1', 200, b'OK', [(b'Server', b'nginx/1.18.0'), (b'Date', b'Tue, 24 Jun 2025 10:34:59 GMT'), (b'Content-Type', b'application/json'), (b'Content-Length', b'23'), (b'Connection', b'keep-alive'), (b'Strict-Transport-Security', b'max-age=31536000; includeSubDomains; preload'), (b'Access-Control-Allow-Origin', b'*'), (b'Access-Control-Allow-Methods', b'GET, POST, OPTIONS'), (b'Access-Control-Expose-Headers', b'Content-Length,Content-Type,Date,Server,Connection')])
2025-06-24 11:34:58,893 - httpx - INFO - HTTP Request: POST https://api.telegram.org/bot7707158318:AAE8rWa4Q8Z_3avql6K0HAmXaooZAReoNF0/getUpdates "HTTP/1.1 200 OK"
2025-06-24 11:34:58,926 - httpcore.http11 - DEBUG - receive_response_body.started request=<Request [b'POST']>
2025-06-24 11:34:58,928 - httpcore.http11 - DEBUG - receive_response_body.complete
2025-06-24 11:34:59,022 - httpcore.http11 - DEBUG - response_closed.started
2025-06-24 11:34:59,023 - httpcore.http11 - DEBUG - response_closed.complete
2025-06-24 11:34:59,044 - telegram.ext.ExtBot - DEBUG - No new updates found.
2025-06-24 11:34:59,044 - telegram.ext.ExtBot - DEBUG - ()
2025-06-24 11:34:59,054 - telegram.ext.ExtBot - DEBUG - Exiting: get_updates
2025-06-24 11:34:59,055 - telegram.ext.ExtBot - DEBUG - Entering: get_updates
2025-06-24 11:34:59,068 - httpcore.http11 - DEBUG - send_request_headers.started request=<Request [b'POST']>
2025-06-24 11:34:59,179 - httpcore.http11 - DEBUG - send_request_headers.complete
2025-06-24 11:34:59,180 - httpcore.http11 - DEBUG - send_request_body.started request=<Request [b'POST']>
2025-06-24 11:34:59,195 - httpcore.http11 - DEBUG - send_request_body.complete
2025-06-24 11:34:59,199 - httpcore.http11 - DEBUG - receive_response_headers.started request=<Request [b'POST']>
2025-06-24 11:35:09,272 - httpcore.http11 - DEBUG - receive_response_headers.complete return_value=(b'HTTP/1.1', 200, b'OK', [(b'Server', b'nginx/1.18.0'), (b'Date', b'Tue, 24 Jun 2025 10:35:10 GMT'), (b'Content-Type', b'application/json'), (b'Content-Length', b'23'), (b'Connection', b'keep-alive'), (b'Strict-Transport-Security', b'max-age=31536000; includeSubDomains; preload'), (b'Access-Control-Allow-Origin', b'*'), (b'Access-Control-Allow-Methods', b'GET, POST, OPTIONS'), (b'Access-Control-Expose-Headers', b'Content-Length,Content-Type,Date,Server,Connection')])
2025-06-24 11:35:09,273 - httpx - INFO - HTTP Request: POST https://api.telegram.org/bot7707158318:AAE8rWa4Q8Z_3avql6K0HAmXaooZAReoNF0/getUpdates "HTTP/1.1 200 OK"
2025-06-24 11:35:09,274 - httpcore.http11 - DEBUG - receive_response_body.started request=<Request [b'POST']>
2025-06-24 11:35:09,274 - httpcore.http11 - DEBUG - receive_response_body.complete
2025-06-24 11:35:09,275 - httpcore.http11 - DEBUG - response_closed.started
2025-06-24 11:35:09,275 - httpcore.http11 - DEBUG - response_closed.complete
2025-06-24 11:35:09,277 - telegram.ext.ExtBot - DEBUG - No new updates found.
2025-06-24 11:35:09,277 - telegram.ext.ExtBot - DEBUG - ()
2025-06-24 11:35:09,277 - telegram.ext.ExtBot - DEBUG - Exiting: get_updates
2025-06-24 11:35:09,277 - telegram.ext.ExtBot - DEBUG - Entering: get_updates
2025-06-24 11:35:09,280 - httpcore.http11 - DEBUG - send_request_headers.started request=<Request [b'POST']>
2025-06-24 11:35:09,281 - httpcore.http11 - DEBUG - send_request_headers.complete
2025-06-24 11:35:09,281 - httpcore.http11 - DEBUG - send_request_body.started request=<Request [b'POST']>
2025-06-24 11:35:09,282 - httpcore.http11 - DEBUG - send_request_body.complete
2025-06-24 11:35:09,282 - httpcore.http11 - DEBUG - receive_response_headers.started request=<Request [b'POST']>
2025-06-24 11:35:19,397 - httpcore.http11 - DEBUG - receive_response_headers.complete return_value=(b'HTTP/1.1', 200, b'OK', [(b'Server', b'nginx/1.18.0'), (b'Date', b'Tue, 24 Jun 2025 10:35:20 GMT'), (b'Content-Type', b'application/json'), (b'Content-Length', b'23'), (b'Connection', b'keep-alive'), (b'Strict-Transport-Security', b'max-age=31536000; includeSubDomains; preload'), (b'Access-Control-Allow-Origin', b'*'), (b'Access-Control-Allow-Methods', b'GET, POST, OPTIONS'), (b'Access-Control-Expose-Headers', b'Content-Length,Content-Type,Date,Server,Connection')])
2025-06-24 11:35:19,398 - httpx - INFO - HTTP Request: POST https://api.telegram.org/bot7707158318:AAE8rWa4Q8Z_3avql6K0HAmXaooZAReoNF0/getUpdates "HTTP/1.1 200 OK"
2025-06-24 11:35:19,399 - httpcore.http11 - DEBUG - receive_response_body.started request=<Request [b'POST']>
2025-06-24 11:35:19,399 - httpcore.http11 - DEBUG - receive_response_body.complete
2025-06-24 11:35:19,399 - httpcore.http11 - DEBUG - response_closed.started
2025-06-24 11:35:19,399 - httpcore.http11 - DEBUG - response_closed.complete
2025-06-24 11:35:19,401 - telegram.ext.ExtBot - DEBUG - No new updates found.
2025-06-24 11:35:19,401 - telegram.ext.ExtBot - DEBUG - ()
2025-06-24 11:35:19,401 - telegram.ext.ExtBot - DEBUG - Exiting: get_updates
2025-06-24 11:35:19,401 - telegram.ext.ExtBot - DEBUG - Entering: get_updates
2025-06-24 11:35:19,404 - httpcore.http11 - DEBUG - send_request_headers.started request=<Request [b'POST']>
2025-06-24 11:35:19,405 - httpcore.http11 - DEBUG - send_request_headers.complete
2025-06-24 11:35:19,405 - httpcore.http11 - DEBUG - send_request_body.started request=<Request [b'POST']>
2025-06-24 11:35:19,407 - httpcore.http11 - DEBUG - send_request_body.complete
2025-06-24 11:35:19,407 - httpcore.http11 - DEBUG - receive_response_headers.started request=<Request [b'POST']>
2025-06-24 11:35:29,463 - httpcore.http11 - DEBUG - receive_response_headers.complete return_value=(b'HTTP/1.1', 200, b'OK', [(b'Server', b'nginx/1.18.0'), (b'Date', b'Tue, 24 Jun 2025 10:35:30 GMT'), (b'Content-Type', b'application/json'), (b'Content-Length', b'23'), (b'Connection', b'keep-alive'), (b'Strict-Transport-Security', b'max-age=31536000; includeSubDomains; preload'), (b'Access-Control-Allow-Origin', b'*'), (b'Access-Control-Allow-Methods', b'GET, POST, OPTIONS'), (b'Access-Control-Expose-Headers', b'Content-Length,Content-Type,Date,Server,Connection')])
2025-06-24 11:35:29,464 - httpx - INFO - HTTP Request: POST https://api.telegram.org/bot7707158318:AAE8rWa4Q8Z_3avql6K0HAmXaooZAReoNF0/getUpdates "HTTP/1.1 200 OK"
2025-06-24 11:35:29,464 - httpcore.http11 - DEBUG - receive_response_body.started request=<Request [b'POST']>
2025-06-24 11:35:29,464 - httpcore.http11 - DEBUG - receive_response_body.complete
2025-06-24 11:35:29,466 - httpcore.http11 - DEBUG - response_closed.started
2025-06-24 11:35:29,466 - httpcore.http11 - DEBUG - response_closed.complete
2025-06-24 11:35:29,466 - telegram.ext.ExtBot - DEBUG - No new updates found.
2025-06-24 11:35:29,466 - telegram.ext.ExtBot - DEBUG - ()
2025-06-24 11:35:29,466 - telegram.ext.ExtBot - DEBUG - Exiting: get_updates
2025-06-24 11:35:29,468 - telegram.ext.ExtBot - DEBUG - Entering: get_updates
2025-06-24 11:35:29,471 - httpcore.http11 - DEBUG - send_request_headers.started request=<Request [b'POST']>
2025-06-24 11:35:29,471 - httpcore.http11 - DEBUG - send_request_headers.complete
2025-06-24 11:35:29,473 - httpcore.http11 - DEBUG - send_request_body.started request=<Request [b'POST']>
2025-06-24 11:35:29,473 - httpcore.http11 - DEBUG - send_request_body.complete
2025-06-24 11:35:29,473 - httpcore.http11 - DEBUG - receive_response_headers.started request=<Request [b'POST']>
2025-06-24 11:35:39,562 - httpcore.http11 - DEBUG - receive_response_headers.complete return_value=(b'HTTP/1.1', 200, b'OK', [(b'Server', b'nginx/1.18.0'), (b'Date', b'Tue, 24 Jun 2025 10:35:40 GMT'), (b'Content-Type', b'application/json'), (b'Content-Length', b'23'), (b'Connection', b'keep-alive'), (b'Strict-Transport-Security', b'max-age=31536000; includeSubDomains; preload'), (b'Access-Control-Allow-Origin', b'*'), (b'Access-Control-Allow-Methods', b'GET, POST, OPTIONS'), (b'Access-Control-Expose-Headers', b'Content-Length,Content-Type,Date,Server,Connection')])
2025-06-24 11:35:39,564 - httpx - INFO - HTTP Request: POST https://api.telegram.org/bot7707158318:AAE8rWa4Q8Z_3avql6K0HAmXaooZAReoNF0/getUpdates "HTTP/1.1 200 OK"
2025-06-24 11:35:39,565 - httpcore.http11 - DEBUG - receive_response_body.started request=<Request [b'POST']>
2025-06-24 11:35:39,565 - httpcore.http11 - DEBUG - receive_response_body.complete
2025-06-24 11:35:39,566 - httpcore.http11 - DEBUG - response_closed.started
2025-06-24 11:35:39,566 - httpcore.http11 - DEBUG - response_closed.complete
2025-06-24 11:35:39,567 - telegram.ext.ExtBot - DEBUG - No new updates found.
2025-06-24 11:35:39,567 - telegram.ext.ExtBot - DEBUG - ()
2025-06-24 11:35:39,567 - telegram.ext.ExtBot - DEBUG - Exiting: get_updates
2025-06-24 11:35:39,567 - telegram.ext.ExtBot - DEBUG - Entering: get_updates
2025-06-24 11:35:39,570 - httpcore.http11 - DEBUG - send_request_headers.started request=<Request [b'POST']>
2025-06-24 11:35:39,571 - httpcore.http11 - DEBUG - send_request_headers.complete
2025-06-24 11:35:39,571 - httpcore.http11 - DEBUG - send_request_body.started request=<Request [b'POST']>
2025-06-24 11:35:39,572 - httpcore.http11 - DEBUG - send_request_body.complete
2025-06-24 11:35:39,572 - httpcore.http11 - DEBUG - receive_response_headers.started request=<Request [b'POST']>
2025-06-24 11:35:50,288 - httpcore.http11 - DEBUG - receive_response_headers.complete return_value=(b'HTTP/1.1', 200, b'OK', [(b'Server', b'nginx/1.18.0'), (b'Date', b'Tue, 24 Jun 2025 10:35:51 GMT'), (b'Content-Type', b'application/json'), (b'Content-Length', b'23'), (b'Connection', b'keep-alive'), (b'Strict-Transport-Security', b'max-age=31536000; includeSubDomains; preload'), (b'Access-Control-Allow-Origin', b'*'), (b'Access-Control-Allow-Methods', b'GET, POST, OPTIONS'), (b'Access-Control-Expose-Headers', b'Content-Length,Content-Type,Date,Server,Connection')])
2025-06-24 11:35:50,289 - httpx - INFO - HTTP Request: POST https://api.telegram.org/bot7707158318:AAE8rWa4Q8Z_3avql6K0HAmXaooZAReoNF0/getUpdates "HTTP/1.1 200 OK"
2025-06-24 11:35:50,289 - httpcore.http11 - DEBUG - receive_response_body.started request=<Request [b'POST']>
2025-06-24 11:35:50,290 - httpcore.http11 - DEBUG - receive_response_body.complete
2025-06-24 11:35:50,290 - httpcore.http11 - DEBUG - response_closed.started
2025-06-24 11:35:50,290 - httpcore.http11 - DEBUG - response_closed.complete
2025-06-24 11:35:50,290 - telegram.ext.ExtBot - DEBUG - No new updates found.
2025-06-24 11:35:50,290 - telegram.ext.ExtBot - DEBUG - ()
2025-06-24 11:35:50,290 - telegram.ext.ExtBot - DEBUG - Exiting: get_updates
2025-06-24 11:35:50,290 - telegram.ext.ExtBot - DEBUG - Entering: get_updates
2025-06-24 11:35:50,294 - httpcore.http11 - DEBUG - send_request_headers.started request=<Request [b'POST']>
2025-06-24 11:35:50,294 - httpcore.http11 - DEBUG - send_request_headers.complete
2025-06-24 11:35:50,294 - httpcore.http11 - DEBUG - send_request_body.started request=<Request [b'POST']>
2025-06-24 11:35:50,297 - httpcore.http11 - DEBUG - send_request_body.complete
2025-06-24 11:35:50,297 - httpcore.http11 - DEBUG - receive_response_headers.started request=<Request [b'POST']>
2025-06-24 11:36:00,349 - httpcore.http11 - DEBUG - receive_response_headers.complete return_value=(b'HTTP/1.1', 200, b'OK', [(b'Server', b'nginx/1.18.0'), (b'Date', b'Tue, 24 Jun 2025 10:36:01 GMT'), (b'Content-Type', b'application/json'), (b'Content-Length', b'23'), (b'Connection', b'keep-alive'), (b'Strict-Transport-Security', b'max-age=31536000; includeSubDomains; preload'), (b'Access-Control-Allow-Origin', b'*'), (b'Access-Control-Allow-Methods', b'GET, POST, OPTIONS'), (b'Access-Control-Expose-Headers', b'Content-Length,Content-Type,Date,Server,Connection')])
2025-06-24 11:36:00,349 - httpx - INFO - HTTP Request: POST https://api.telegram.org/bot7707158318:AAE8rWa4Q8Z_3avql6K0HAmXaooZAReoNF0/getUpdates "HTTP/1.1 200 OK"
2025-06-24 11:36:00,352 - httpcore.http11 - DEBUG - receive_response_body.started request=<Request [b'POST']>
2025-06-24 11:36:00,353 - httpcore.http11 - DEBUG - receive_response_body.complete
2025-06-24 11:36:00,353 - httpcore.http11 - DEBUG - response_closed.started
2025-06-24 11:36:00,353 - httpcore.http11 - DEBUG - response_closed.complete
2025-06-24 11:36:00,353 - telegram.ext.ExtBot - DEBUG - No new updates found.
2025-06-24 11:36:00,353 - telegram.ext.ExtBot - DEBUG - ()
2025-06-24 11:36:00,353 - telegram.ext.ExtBot - DEBUG - Exiting: get_updates
2025-06-24 11:36:00,353 - telegram.ext.ExtBot - DEBUG - Entering: get_updates
2025-06-24 11:36:00,357 - httpcore.http11 - DEBUG - send_request_headers.started request=<Request [b'POST']>
2025-06-24 11:36:00,360 - httpcore.http11 - DEBUG - send_request_headers.complete
2025-06-24 11:36:00,360 - httpcore.http11 - DEBUG - send_request_body.started request=<Request [b'POST']>
2025-06-24 11:36:00,362 - httpcore.http11 - DEBUG - send_request_body.complete
2025-06-24 11:36:00,362 - httpcore.http11 - DEBUG - receive_response_headers.started request=<Request [b'POST']>
2025-06-24 11:36:10,419 - httpcore.http11 - DEBUG - receive_response_headers.complete return_value=(b'HTTP/1.1', 200, b'OK', [(b'Server', b'nginx/1.18.0'), (b'Date', b'Tue, 24 Jun 2025 10:36:11 GMT'), (b'Content-Type', b'application/json'), (b'Content-Length', b'23'), (b'Connection', b'keep-alive'), (b'Strict-Transport-Security', b'max-age=31536000; includeSubDomains; preload'), (b'Access-Control-Allow-Origin', b'*'), (b'Access-Control-Allow-Methods', b'GET, POST, OPTIONS'), (b'Access-Control-Expose-Headers', b'Content-Length,Content-Type,Date,Server,Connection')])
2025-06-24 11:36:10,421 - httpx - INFO - HTTP Request: POST https://api.telegram.org/bot7707158318:AAE8rWa4Q8Z_3avql6K0HAmXaooZAReoNF0/getUpdates "HTTP/1.1 200 OK"
2025-06-24 11:36:10,421 - httpcore.http11 - DEBUG - receive_response_body.started request=<Request [b'POST']>
2025-06-24 11:36:10,423 - httpcore.http11 - DEBUG - receive_response_body.complete
2025-06-24 11:36:10,423 - httpcore.http11 - DEBUG - response_closed.started
2025-06-24 11:36:10,423 - httpcore.http11 - DEBUG - response_closed.complete
2025-06-24 11:36:10,423 - telegram.ext.ExtBot - DEBUG - No new updates found.
2025-06-24 11:36:10,425 - telegram.ext.ExtBot - DEBUG - ()
2025-06-24 11:36:10,425 - telegram.ext.ExtBot - DEBUG - Exiting: get_updates
2025-06-24 11:36:10,425 - telegram.ext.ExtBot - DEBUG - Entering: get_updates
2025-06-24 11:36:10,427 - httpcore.http11 - DEBUG - send_request_headers.started request=<Request [b'POST']>
2025-06-24 11:36:10,427 - httpcore.http11 - DEBUG - send_request_headers.complete
2025-06-24 11:36:10,427 - httpcore.http11 - DEBUG - send_request_body.started request=<Request [b'POST']>
2025-06-24 11:36:10,432 - httpcore.http11 - DEBUG - send_request_body.complete
2025-06-24 11:36:10,432 - httpcore.http11 - DEBUG - receive_response_headers.started request=<Request [b'POST']>
2025-06-24 11:36:20,494 - httpcore.http11 - DEBUG - receive_response_headers.complete return_value=(b'HTTP/1.1', 200, b'OK', [(b'Server', b'nginx/1.18.0'), (b'Date', b'Tue, 24 Jun 2025 10:36:21 GMT'), (b'Content-Type', b'application/json'), (b'Content-Length', b'23'), (b'Connection', b'keep-alive'), (b'Strict-Transport-Security', b'max-age=31536000; includeSubDomains; preload'), (b'Access-Control-Allow-Origin', b'*'), (b'Access-Control-Allow-Methods', b'GET, POST, OPTIONS'), (b'Access-Control-Expose-Headers', b'Content-Length,Content-Type,Date,Server,Connection')])
2025-06-24 11:36:20,497 - httpx - INFO - HTTP Request: POST https://api.telegram.org/bot7707158318:AAE8rWa4Q8Z_3avql6K0HAmXaooZAReoNF0/getUpdates "HTTP/1.1 200 OK"
2025-06-24 11:36:20,498 - httpcore.http11 - DEBUG - receive_response_body.started request=<Request [b'POST']>
2025-06-24 11:36:20,499 - httpcore.http11 - DEBUG - receive_response_body.complete
2025-06-24 11:36:20,499 - httpcore.http11 - DEBUG - response_closed.started
2025-06-24 11:36:20,500 - httpcore.http11 - DEBUG - response_closed.complete
2025-06-24 11:36:20,500 - telegram.ext.ExtBot - DEBUG - No new updates found.
2025-06-24 11:36:20,500 - telegram.ext.ExtBot - DEBUG - ()
2025-06-24 11:36:20,500 - telegram.ext.ExtBot - DEBUG - Exiting: get_updates
2025-06-24 11:36:20,500 - telegram.ext.ExtBot - DEBUG - Entering: get_updates
2025-06-24 11:36:20,503 - httpcore.http11 - DEBUG - send_request_headers.started request=<Request [b'POST']>
2025-06-24 11:36:20,503 - httpcore.http11 - DEBUG - send_request_headers.complete
2025-06-24 11:36:20,503 - httpcore.http11 - DEBUG - send_request_body.started request=<Request [b'POST']>
2025-06-24 11:36:20,505 - httpcore.http11 - DEBUG - send_request_body.complete
2025-06-24 11:36:20,505 - httpcore.http11 - DEBUG - receive_response_headers.started request=<Request [b'POST']>
2025-06-24 11:36:30,632 - httpcore.http11 - DEBUG - receive_response_headers.complete return_value=(b'HTTP/1.1', 200, b'OK', [(b'Server', b'nginx/1.18.0'), (b'Date', b'Tue, 24 Jun 2025 10:36:31 GMT'), (b'Content-Type', b'application/json'), (b'Content-Length', b'23'), (b'Connection', b'keep-alive'), (b'Strict-Transport-Security', b'max-age=31536000; includeSubDomains; preload'), (b'Access-Control-Allow-Origin', b'*'), (b'Access-Control-Allow-Methods', b'GET, POST, OPTIONS'), (b'Access-Control-Expose-Headers', b'Content-Length,Content-Type,Date,Server,Connection')])
2025-06-24 11:36:30,634 - httpx - INFO - HTTP Request: POST https://api.telegram.org/bot7707158318:AAE8rWa4Q8Z_3avql6K0HAmXaooZAReoNF0/getUpdates "HTTP/1.1 200 OK"
2025-06-24 11:36:30,634 - httpcore.http11 - DEBUG - receive_response_body.started request=<Request [b'POST']>
2025-06-24 11:36:30,636 - httpcore.http11 - DEBUG - receive_response_body.complete
2025-06-24 11:36:30,636 - httpcore.http11 - DEBUG - response_closed.started
2025-06-24 11:36:30,637 - httpcore.http11 - DEBUG - response_closed.complete
2025-06-24 11:36:30,638 - telegram.ext.ExtBot - DEBUG - No new updates found.
2025-06-24 11:36:30,638 - telegram.ext.ExtBot - DEBUG - ()
2025-06-24 11:36:30,638 - telegram.ext.ExtBot - DEBUG - Exiting: get_updates
2025-06-24 11:36:30,639 - telegram.ext.ExtBot - DEBUG - Entering: get_updates
2025-06-24 11:36:30,642 - httpcore.http11 - DEBUG - send_request_headers.started request=<Request [b'POST']>
2025-06-24 11:36:30,644 - httpcore.http11 - DEBUG - send_request_headers.complete
2025-06-24 11:36:30,644 - httpcore.http11 - DEBUG - send_request_body.started request=<Request [b'POST']>
2025-06-24 11:36:30,644 - httpcore.http11 - DEBUG - send_request_body.complete
2025-06-24 11:36:30,644 - httpcore.http11 - DEBUG - receive_response_headers.started request=<Request [b'POST']>
2025-06-24 11:36:40,699 - httpcore.http11 - DEBUG - receive_response_headers.complete return_value=(b'HTTP/1.1', 200, b'OK', [(b'Server', b'nginx/1.18.0'), (b'Date', b'Tue, 24 Jun 2025 10:36:41 GMT'), (b'Content-Type', b'application/json'), (b'Content-Length', b'23'), (b'Connection', b'keep-alive'), (b'Strict-Transport-Security', b'max-age=31536000; includeSubDomains; preload'), (b'Access-Control-Allow-Origin', b'*'), (b'Access-Control-Allow-Methods', b'GET, POST, OPTIONS'), (b'Access-Control-Expose-Headers', b'Content-Length,Content-Type,Date,Server,Connection')])
2025-06-24 11:36:40,699 - httpx - INFO - HTTP Request: POST https://api.telegram.org/bot7707158318:AAE8rWa4Q8Z_3avql6K0HAmXaooZAReoNF0/getUpdates "HTTP/1.1 200 OK"
2025-06-24 11:36:40,699 - httpcore.http11 - DEBUG - receive_response_body.started request=<Request [b'POST']>
2025-06-24 11:36:40,699 - httpcore.http11 - DEBUG - receive_response_body.complete
2025-06-24 11:36:40,699 - httpcore.http11 - DEBUG - response_closed.started
2025-06-24 11:36:40,702 - httpcore.http11 - DEBUG - response_closed.complete
2025-06-24 11:36:40,703 - telegram.ext.ExtBot - DEBUG - No new updates found.
2025-06-24 11:36:40,703 - telegram.ext.ExtBot - DEBUG - ()
2025-06-24 11:36:40,703 - telegram.ext.ExtBot - DEBUG - Exiting: get_updates
2025-06-24 11:36:40,703 - telegram.ext.ExtBot - DEBUG - Entering: get_updates
2025-06-24 11:36:40,705 - httpcore.http11 - DEBUG - send_request_headers.started request=<Request [b'POST']>
2025-06-24 11:36:40,706 - httpcore.http11 - DEBUG - send_request_headers.complete
2025-06-24 11:36:40,706 - httpcore.http11 - DEBUG - send_request_body.started request=<Request [b'POST']>
2025-06-24 11:36:40,708 - httpcore.http11 - DEBUG - send_request_body.complete
2025-06-24 11:36:40,708 - httpcore.http11 - DEBUG - receive_response_headers.started request=<Request [b'POST']>
2025-06-24 11:36:50,773 - httpcore.http11 - DEBUG - receive_response_headers.complete return_value=(b'HTTP/1.1', 200, b'OK', [(b'Server', b'nginx/1.18.0'), (b'Date', b'Tue, 24 Jun 2025 10:36:51 GMT'), (b'Content-Type', b'application/json'), (b'Content-Length', b'23'), (b'Connection', b'keep-alive'), (b'Strict-Transport-Security', b'max-age=31536000; includeSubDomains; preload'), (b'Access-Control-Allow-Origin', b'*'), (b'Access-Control-Allow-Methods', b'GET, POST, OPTIONS'), (b'Access-Control-Expose-Headers', b'Content-Length,Content-Type,Date,Server,Connection')])
2025-06-24 11:36:50,773 - httpx - INFO - HTTP Request: POST https://api.telegram.org/bot7707158318:AAE8rWa4Q8Z_3avql6K0HAmXaooZAReoNF0/getUpdates "HTTP/1.1 200 OK"
2025-06-24 11:36:50,775 - httpcore.http11 - DEBUG - receive_response_body.started request=<Request [b'POST']>
2025-06-24 11:36:50,775 - httpcore.http11 - DEBUG - receive_response_body.complete
2025-06-24 11:36:50,777 - httpcore.http11 - DEBUG - response_closed.started
2025-06-24 11:36:50,777 - httpcore.http11 - DEBUG - response_closed.complete
2025-06-24 11:36:50,778 - telegram.ext.ExtBot - DEBUG - No new updates found.
2025-06-24 11:36:50,778 - telegram.ext.ExtBot - DEBUG - ()
2025-06-24 11:36:50,778 - telegram.ext.ExtBot - DEBUG - Exiting: get_updates
2025-06-24 11:36:50,778 - telegram.ext.ExtBot - DEBUG - Entering: get_updates
2025-06-24 11:36:50,781 - httpcore.http11 - DEBUG - send_request_headers.started request=<Request [b'POST']>
2025-06-24 11:36:50,783 - httpcore.http11 - DEBUG - send_request_headers.complete
2025-06-24 11:36:50,783 - httpcore.http11 - DEBUG - send_request_body.started request=<Request [b'POST']>
2025-06-24 11:36:50,783 - httpcore.http11 - DEBUG - send_request_body.complete
2025-06-24 11:36:50,785 - httpcore.http11 - DEBUG - receive_response_headers.started request=<Request [b'POST']>
