2025-06-21 02:46:33,728 - asyncio - DEBUG - Using proactor: IocpProactor
2025-06-21 02:46:33,732 - httpx - DEBUG - load_ssl_context verify=True cert=None trust_env=True http2=False
2025-06-21 02:46:33,734 - httpx - DEBUG - load_verify_locations cafile='c:\\Users\\Rachid Aitali\\OneDrive - 4JM Solutions Limited\\Desktop\\SniperX\\SniperX\\.venv\\lib\\site-packages\\certifi\\cacert.pem'
2025-06-21 02:46:33,740 - httpx - DEBUG - load_ssl_context verify=True cert=None trust_env=True http2=False
2025-06-21 02:46:33,741 - httpx - DEBUG - load_verify_locations cafile='c:\\Users\\Rachid Aitali\\OneDrive - 4JM Solutions Limited\\Desktop\\SniperX\\SniperX\\.venv\\lib\\site-packages\\certifi\\cacert.pem'
2025-06-21 02:46:33,748 - __main__ - INFO - Telegram Manager Bot started. Send /menu to interact.
2025-06-21 02:46:33,749 - telegram.ext.ExtBot - DEBUG - Entering: send_message
2025-06-21 02:46:33,752 - httpcore.connection - DEBUG - connect_tcp.started host='api.telegram.org' port=443 local_address=None timeout=5.0 socket_options=None
2025-06-21 02:46:33,859 - httpcore.connection - DEBUG - connect_tcp.complete return_value=<httpcore._backends.anyio.AnyIOStream object at 0x000002A4010CA5F0>
2025-06-21 02:46:33,859 - httpcore.connection - DEBUG - start_tls.started ssl_context=<ssl.SSLContext object at 0x000002A401029AC0> server_hostname='api.telegram.org' timeout=5.0
2025-06-21 02:46:33,930 - httpcore.connection - DEBUG - start_tls.complete return_value=<httpcore._backends.anyio.AnyIOStream object at 0x000002A4010CB430>
2025-06-21 02:46:33,933 - httpcore.http11 - DEBUG - send_request_headers.started request=<Request [b'POST']>
2025-06-21 02:46:33,934 - httpcore.http11 - DEBUG - send_request_headers.complete
2025-06-21 02:46:33,934 - httpcore.http11 - DEBUG - send_request_body.started request=<Request [b'POST']>
2025-06-21 02:46:33,935 - httpcore.http11 - DEBUG - send_request_body.complete
2025-06-21 02:46:33,935 - httpcore.http11 - DEBUG - receive_response_headers.started request=<Request [b'POST']>
2025-06-21 02:46:34,034 - httpcore.http11 - DEBUG - receive_response_headers.complete return_value=(b'HTTP/1.1', 200, b'OK', [(b'Server', b'nginx/1.18.0'), (b'Date', b'Sat, 21 Jun 2025 01:46:33 GMT'), (b'Content-Type', b'application/json'), (b'Content-Length', b'351'), (b'Connection', b'keep-alive'), (b'Strict-Transport-Security', b'max-age=31536000; includeSubDomains; preload'), (b'Access-Control-Allow-Origin', b'*'), (b'Access-Control-Allow-Methods', b'GET, POST, OPTIONS'), (b'Access-Control-Expose-Headers', b'Content-Length,Content-Type,Date,Server,Connection')])
2025-06-21 02:46:34,036 - httpx - INFO - HTTP Request: POST https://api.telegram.org/bot7707158318:AAE8rWa4Q8Z_3avql6K0HAmXaooZAReoNF0/sendMessage "HTTP/1.1 200 OK"
2025-06-21 02:46:34,036 - httpcore.http11 - DEBUG - receive_response_body.started request=<Request [b'POST']>
2025-06-21 02:46:34,037 - httpcore.http11 - DEBUG - receive_response_body.complete
2025-06-21 02:46:34,037 - httpcore.http11 - DEBUG - response_closed.started
2025-06-21 02:46:34,037 - httpcore.http11 - DEBUG - response_closed.complete
2025-06-21 02:46:34,039 - telegram.ext.ExtBot - DEBUG - Message(channel_chat_created=False, chat=Chat(first_name='Ghost', id=7049055170, last_name='Number1', type=<ChatType.PRIVATE>), date=datetime.datetime(2025, 6, 21, 1, 46, 33, tzinfo=<UTC>), delete_chat_photo=False, entities=(MessageEntity(length=5, offset=36, type=<MessageEntityType.BOT_COMMAND>),), from_user=User(first_name='SPRD', id=7707158318, is_bot=True, username='tizi91Bot'), group_chat_created=False, message_id=5731, supergroup_chat_created=False, text='SniperX Control Bot is online! Send /menu to see options.')
2025-06-21 02:46:34,041 - telegram.ext.ExtBot - DEBUG - Exiting: send_message
2025-06-21 02:46:34,041 - telegram.ext.ExtBot - DEBUG - Entering: get_me
2025-06-21 02:46:34,042 - httpcore.http11 - DEBUG - send_request_headers.started request=<Request [b'POST']>
2025-06-21 02:46:34,042 - httpcore.http11 - DEBUG - send_request_headers.complete
2025-06-21 02:46:34,042 - httpcore.http11 - DEBUG - send_request_body.started request=<Request [b'POST']>
2025-06-21 02:46:34,042 - httpcore.http11 - DEBUG - send_request_body.complete
2025-06-21 02:46:34,042 - httpcore.http11 - DEBUG - receive_response_headers.started request=<Request [b'POST']>
2025-06-21 02:46:34,117 - httpcore.http11 - DEBUG - receive_response_headers.complete return_value=(b'HTTP/1.1', 200, b'OK', [(b'Server', b'nginx/1.18.0'), (b'Date', b'Sat, 21 Jun 2025 01:46:33 GMT'), (b'Content-Type', b'application/json'), (b'Content-Length', b'243'), (b'Connection', b'keep-alive'), (b'Strict-Transport-Security', b'max-age=31536000; includeSubDomains; preload'), (b'Access-Control-Allow-Origin', b'*'), (b'Access-Control-Allow-Methods', b'GET, POST, OPTIONS'), (b'Access-Control-Expose-Headers', b'Content-Length,Content-Type,Date,Server,Connection')])
2025-06-21 02:46:34,118 - httpx - INFO - HTTP Request: POST https://api.telegram.org/bot7707158318:AAE8rWa4Q8Z_3avql6K0HAmXaooZAReoNF0/getMe "HTTP/1.1 200 OK"
2025-06-21 02:46:34,119 - httpcore.http11 - DEBUG - receive_response_body.started request=<Request [b'POST']>
2025-06-21 02:46:34,119 - httpcore.http11 - DEBUG - receive_response_body.complete
2025-06-21 02:46:34,119 - httpcore.http11 - DEBUG - response_closed.started
2025-06-21 02:46:34,119 - httpcore.http11 - DEBUG - response_closed.complete
2025-06-21 02:46:34,120 - telegram.ext.ExtBot - DEBUG - User(api_kwargs={'can_connect_to_business': False, 'has_main_web_app': False}, can_join_groups=True, can_read_all_group_messages=False, first_name='SPRD', id=7707158318, is_bot=True, supports_inline_queries=False, username='tizi91Bot')
2025-06-21 02:46:34,120 - telegram.ext.ExtBot - DEBUG - Exiting: get_me
2025-06-21 02:46:34,120 - telegram.ext.ExtBot - DEBUG - This Bot is already initialized.
2025-06-21 02:46:34,120 - telegram.ext.Updater - DEBUG - Updater started (polling)
2025-06-21 02:46:34,120 - telegram.ext.Updater - DEBUG - Start network loop retry bootstrap del webhook
2025-06-21 02:46:34,120 - telegram.ext.Updater - DEBUG - Deleting webhook
2025-06-21 02:46:34,121 - telegram.ext.ExtBot - DEBUG - Entering: delete_webhook
2025-06-21 02:46:34,121 - httpcore.http11 - DEBUG - send_request_headers.started request=<Request [b'POST']>
2025-06-21 02:46:34,122 - httpcore.http11 - DEBUG - send_request_headers.complete
2025-06-21 02:46:34,122 - httpcore.http11 - DEBUG - send_request_body.started request=<Request [b'POST']>
2025-06-21 02:46:34,122 - httpcore.http11 - DEBUG - send_request_body.complete
2025-06-21 02:46:34,122 - httpcore.http11 - DEBUG - receive_response_headers.started request=<Request [b'POST']>
2025-06-21 02:46:34,192 - httpcore.http11 - DEBUG - receive_response_headers.complete return_value=(b'HTTP/1.1', 200, b'OK', [(b'Server', b'nginx/1.18.0'), (b'Date', b'Sat, 21 Jun 2025 01:46:33 GMT'), (b'Content-Type', b'application/json'), (b'Content-Length', b'68'), (b'Connection', b'keep-alive'), (b'Strict-Transport-Security', b'max-age=31536000; includeSubDomains; preload'), (b'Access-Control-Allow-Origin', b'*'), (b'Access-Control-Allow-Methods', b'GET, POST, OPTIONS'), (b'Access-Control-Expose-Headers', b'Content-Length,Content-Type,Date,Server,Connection')])
2025-06-21 02:46:34,192 - httpx - INFO - HTTP Request: POST https://api.telegram.org/bot7707158318:AAE8rWa4Q8Z_3avql6K0HAmXaooZAReoNF0/deleteWebhook "HTTP/1.1 200 OK"
2025-06-21 02:46:34,192 - httpcore.http11 - DEBUG - receive_response_body.started request=<Request [b'POST']>
2025-06-21 02:46:34,192 - httpcore.http11 - DEBUG - receive_response_body.complete
2025-06-21 02:46:34,192 - httpcore.http11 - DEBUG - response_closed.started
2025-06-21 02:46:34,193 - httpcore.http11 - DEBUG - response_closed.complete
2025-06-21 02:46:34,193 - telegram.ext.ExtBot - DEBUG - True
2025-06-21 02:46:34,193 - telegram.ext.ExtBot - DEBUG - Exiting: delete_webhook
2025-06-21 02:46:34,193 - telegram.ext.Updater - DEBUG - Bootstrap done
2025-06-21 02:46:34,193 - telegram.ext.Updater - DEBUG - Waiting for polling to start
2025-06-21 02:46:34,193 - telegram.ext.Updater - DEBUG - Polling updates from Telegram started
2025-06-21 02:46:34,193 - telegram.ext.Updater - DEBUG - Start network loop retry getting Updates
2025-06-21 02:46:34,193 - telegram.ext.ExtBot - DEBUG - Entering: get_updates
2025-06-21 02:46:34,195 - telegram.ext.Application - INFO - Application started
2025-06-21 02:46:34,195 - httpcore.connection - DEBUG - connect_tcp.started host='api.telegram.org' port=443 local_address=None timeout=5.0 socket_options=None
2025-06-21 02:46:34,264 - httpcore.connection - DEBUG - connect_tcp.complete return_value=<httpcore._backends.anyio.AnyIOStream object at 0x000002A40111E950>
2025-06-21 02:46:34,265 - httpcore.connection - DEBUG - start_tls.started ssl_context=<ssl.SSLContext object at 0x000002A401029BC0> server_hostname='api.telegram.org' timeout=5.0
2025-06-21 02:46:34,354 - httpcore.connection - DEBUG - start_tls.complete return_value=<httpcore._backends.anyio.AnyIOStream object at 0x000002A40111E800>
2025-06-21 02:46:34,355 - httpcore.http11 - DEBUG - send_request_headers.started request=<Request [b'POST']>
2025-06-21 02:46:34,356 - httpcore.http11 - DEBUG - send_request_headers.complete
2025-06-21 02:46:34,357 - httpcore.http11 - DEBUG - send_request_body.started request=<Request [b'POST']>
2025-06-21 02:46:34,358 - httpcore.http11 - DEBUG - send_request_body.complete
2025-06-21 02:46:34,358 - httpcore.http11 - DEBUG - receive_response_headers.started request=<Request [b'POST']>
2025-06-21 02:46:44,522 - httpcore.http11 - DEBUG - receive_response_headers.complete return_value=(b'HTTP/1.1', 200, b'OK', [(b'Server', b'nginx/1.18.0'), (b'Date', b'Sat, 21 Jun 2025 01:46:44 GMT'), (b'Content-Type', b'application/json'), (b'Content-Length', b'23'), (b'Connection', b'keep-alive'), (b'Strict-Transport-Security', b'max-age=31536000; includeSubDomains; preload'), (b'Access-Control-Allow-Origin', b'*'), (b'Access-Control-Allow-Methods', b'GET, POST, OPTIONS'), (b'Access-Control-Expose-Headers', b'Content-Length,Content-Type,Date,Server,Connection')])
2025-06-21 02:46:44,524 - httpx - INFO - HTTP Request: POST https://api.telegram.org/bot7707158318:AAE8rWa4Q8Z_3avql6K0HAmXaooZAReoNF0/getUpdates "HTTP/1.1 200 OK"
2025-06-21 02:46:44,524 - httpcore.http11 - DEBUG - receive_response_body.started request=<Request [b'POST']>
2025-06-21 02:46:44,526 - httpcore.http11 - DEBUG - receive_response_body.complete
2025-06-21 02:46:44,526 - httpcore.http11 - DEBUG - response_closed.started
2025-06-21 02:46:44,526 - httpcore.http11 - DEBUG - response_closed.complete
2025-06-21 02:46:44,526 - telegram.ext.ExtBot - DEBUG - No new updates found.
2025-06-21 02:46:44,526 - telegram.ext.ExtBot - DEBUG - ()
2025-06-21 02:46:44,526 - telegram.ext.ExtBot - DEBUG - Exiting: get_updates
2025-06-21 02:46:44,528 - telegram.ext.ExtBot - DEBUG - Entering: get_updates
2025-06-21 02:46:44,529 - httpcore.http11 - DEBUG - send_request_headers.started request=<Request [b'POST']>
2025-06-21 02:46:44,531 - httpcore.http11 - DEBUG - send_request_headers.complete
2025-06-21 02:46:44,531 - httpcore.http11 - DEBUG - send_request_body.started request=<Request [b'POST']>
2025-06-21 02:46:44,531 - httpcore.http11 - DEBUG - send_request_body.complete
2025-06-21 02:46:44,531 - httpcore.http11 - DEBUG - receive_response_headers.started request=<Request [b'POST']>
2025-06-21 02:46:54,629 - httpcore.http11 - DEBUG - receive_response_headers.complete return_value=(b'HTTP/1.1', 200, b'OK', [(b'Server', b'nginx/1.18.0'), (b'Date', b'Sat, 21 Jun 2025 01:46:54 GMT'), (b'Content-Type', b'application/json'), (b'Content-Length', b'23'), (b'Connection', b'keep-alive'), (b'Strict-Transport-Security', b'max-age=31536000; includeSubDomains; preload'), (b'Access-Control-Allow-Origin', b'*'), (b'Access-Control-Allow-Methods', b'GET, POST, OPTIONS'), (b'Access-Control-Expose-Headers', b'Content-Length,Content-Type,Date,Server,Connection')])
2025-06-21 02:46:54,629 - httpx - INFO - HTTP Request: POST https://api.telegram.org/bot7707158318:AAE8rWa4Q8Z_3avql6K0HAmXaooZAReoNF0/getUpdates "HTTP/1.1 200 OK"
2025-06-21 02:46:54,631 - httpcore.http11 - DEBUG - receive_response_body.started request=<Request [b'POST']>
2025-06-21 02:46:54,631 - httpcore.http11 - DEBUG - receive_response_body.complete
2025-06-21 02:46:54,633 - httpcore.http11 - DEBUG - response_closed.started
2025-06-21 02:46:54,633 - httpcore.http11 - DEBUG - response_closed.complete
2025-06-21 02:46:54,634 - telegram.ext.ExtBot - DEBUG - No new updates found.
2025-06-21 02:46:54,634 - telegram.ext.ExtBot - DEBUG - ()
2025-06-21 02:46:54,634 - telegram.ext.ExtBot - DEBUG - Exiting: get_updates
2025-06-21 02:46:54,634 - telegram.ext.ExtBot - DEBUG - Entering: get_updates
2025-06-21 02:46:54,636 - httpcore.http11 - DEBUG - send_request_headers.started request=<Request [b'POST']>
2025-06-21 02:46:54,637 - httpcore.http11 - DEBUG - send_request_headers.complete
2025-06-21 02:46:54,637 - httpcore.http11 - DEBUG - send_request_body.started request=<Request [b'POST']>
2025-06-21 02:46:54,637 - httpcore.http11 - DEBUG - send_request_body.complete
2025-06-21 02:46:54,637 - httpcore.http11 - DEBUG - receive_response_headers.started request=<Request [b'POST']>
2025-06-21 02:47:04,787 - httpcore.http11 - DEBUG - receive_response_headers.complete return_value=(b'HTTP/1.1', 200, b'OK', [(b'Server', b'nginx/1.18.0'), (b'Date', b'Sat, 21 Jun 2025 01:47:04 GMT'), (b'Content-Type', b'application/json'), (b'Content-Length', b'23'), (b'Connection', b'keep-alive'), (b'Strict-Transport-Security', b'max-age=31536000; includeSubDomains; preload'), (b'Access-Control-Allow-Origin', b'*'), (b'Access-Control-Allow-Methods', b'GET, POST, OPTIONS'), (b'Access-Control-Expose-Headers', b'Content-Length,Content-Type,Date,Server,Connection')])
2025-06-21 02:47:04,787 - httpx - INFO - HTTP Request: POST https://api.telegram.org/bot7707158318:AAE8rWa4Q8Z_3avql6K0HAmXaooZAReoNF0/getUpdates "HTTP/1.1 200 OK"
2025-06-21 02:47:04,789 - httpcore.http11 - DEBUG - receive_response_body.started request=<Request [b'POST']>
2025-06-21 02:47:04,789 - httpcore.http11 - DEBUG - receive_response_body.complete
2025-06-21 02:47:04,789 - httpcore.http11 - DEBUG - response_closed.started
2025-06-21 02:47:04,789 - httpcore.http11 - DEBUG - response_closed.complete
2025-06-21 02:47:04,791 - telegram.ext.ExtBot - DEBUG - No new updates found.
2025-06-21 02:47:04,791 - telegram.ext.ExtBot - DEBUG - ()
2025-06-21 02:47:04,791 - telegram.ext.ExtBot - DEBUG - Exiting: get_updates
2025-06-21 02:47:04,791 - telegram.ext.ExtBot - DEBUG - Entering: get_updates
2025-06-21 02:47:04,793 - httpcore.http11 - DEBUG - send_request_headers.started request=<Request [b'POST']>
2025-06-21 02:47:04,795 - httpcore.http11 - DEBUG - send_request_headers.complete
2025-06-21 02:47:04,795 - httpcore.http11 - DEBUG - send_request_body.started request=<Request [b'POST']>
2025-06-21 02:47:04,797 - httpcore.http11 - DEBUG - send_request_body.complete
2025-06-21 02:47:04,797 - httpcore.http11 - DEBUG - receive_response_headers.started request=<Request [b'POST']>
2025-06-21 02:47:15,247 - httpcore.http11 - DEBUG - receive_response_headers.complete return_value=(b'HTTP/1.1', 200, b'OK', [(b'Server', b'nginx/1.18.0'), (b'Date', b'Sat, 21 Jun 2025 01:47:14 GMT'), (b'Content-Type', b'application/json'), (b'Content-Length', b'23'), (b'Connection', b'keep-alive'), (b'Strict-Transport-Security', b'max-age=31536000; includeSubDomains; preload'), (b'Access-Control-Allow-Origin', b'*'), (b'Access-Control-Allow-Methods', b'GET, POST, OPTIONS'), (b'Access-Control-Expose-Headers', b'Content-Length,Content-Type,Date,Server,Connection')])
2025-06-21 02:47:15,247 - httpx - INFO - HTTP Request: POST https://api.telegram.org/bot7707158318:AAE8rWa4Q8Z_3avql6K0HAmXaooZAReoNF0/getUpdates "HTTP/1.1 200 OK"
2025-06-21 02:47:15,249 - httpcore.http11 - DEBUG - receive_response_body.started request=<Request [b'POST']>
2025-06-21 02:47:15,249 - httpcore.http11 - DEBUG - receive_response_body.complete
2025-06-21 02:47:15,249 - httpcore.http11 - DEBUG - response_closed.started
2025-06-21 02:47:15,250 - httpcore.http11 - DEBUG - response_closed.complete
2025-06-21 02:47:15,251 - telegram.ext.ExtBot - DEBUG - No new updates found.
2025-06-21 02:47:15,251 - telegram.ext.ExtBot - DEBUG - ()
2025-06-21 02:47:15,251 - telegram.ext.ExtBot - DEBUG - Exiting: get_updates
2025-06-21 02:47:15,251 - telegram.ext.ExtBot - DEBUG - Entering: get_updates
2025-06-21 02:47:15,254 - httpcore.http11 - DEBUG - send_request_headers.started request=<Request [b'POST']>
2025-06-21 02:47:15,254 - httpcore.http11 - DEBUG - send_request_headers.complete
2025-06-21 02:47:15,254 - httpcore.http11 - DEBUG - send_request_body.started request=<Request [b'POST']>
2025-06-21 02:47:15,256 - httpcore.http11 - DEBUG - send_request_body.complete
2025-06-21 02:47:15,256 - httpcore.http11 - DEBUG - receive_response_headers.started request=<Request [b'POST']>
2025-06-21 02:47:17,895 - httpcore.http11 - DEBUG - receive_response_headers.complete return_value=(b'HTTP/1.1', 200, b'OK', [(b'Server', b'nginx/1.18.0'), (b'Date', b'Sat, 21 Jun 2025 01:47:17 GMT'), (b'Content-Type', b'application/json'), (b'Content-Length', b'356'), (b'Connection', b'keep-alive'), (b'Strict-Transport-Security', b'max-age=31536000; includeSubDomains; preload'), (b'Access-Control-Allow-Origin', b'*'), (b'Access-Control-Allow-Methods', b'GET, POST, OPTIONS'), (b'Access-Control-Expose-Headers', b'Content-Length,Content-Type,Date,Server,Connection')])
2025-06-21 02:47:17,895 - httpx - INFO - HTTP Request: POST https://api.telegram.org/bot7707158318:AAE8rWa4Q8Z_3avql6K0HAmXaooZAReoNF0/getUpdates "HTTP/1.1 200 OK"
2025-06-21 02:47:17,898 - httpcore.http11 - DEBUG - receive_response_body.started request=<Request [b'POST']>
2025-06-21 02:47:17,898 - httpcore.http11 - DEBUG - receive_response_body.complete
2025-06-21 02:47:17,898 - httpcore.http11 - DEBUG - response_closed.started
2025-06-21 02:47:17,898 - httpcore.http11 - DEBUG - response_closed.complete
2025-06-21 02:47:17,900 - telegram.ext.ExtBot - DEBUG - Getting updates: [37529943]
2025-06-21 02:47:17,900 - telegram.ext.ExtBot - DEBUG - (Update(message=Message(channel_chat_created=False, chat=Chat(first_name='Ghost', id=7049055170, last_name='Number1', type=<ChatType.PRIVATE>), date=datetime.datetime(2025, 6, 21, 1, 47, 17, tzinfo=<UTC>), delete_chat_photo=False, entities=(MessageEntity(length=5, offset=0, type=<MessageEntityType.BOT_COMMAND>),), from_user=User(first_name='Ghost', id=7049055170, is_bot=False, language_code='en', last_name='Number1'), group_chat_created=False, message_id=5732, supergroup_chat_created=False, text='/menu'), update_id=37529943),)
2025-06-21 02:47:17,902 - telegram.ext.ExtBot - DEBUG - Exiting: get_updates
2025-06-21 02:47:17,902 - telegram.ext.ExtBot - DEBUG - Entering: get_updates
2025-06-21 02:47:17,904 - telegram.ext.Application - DEBUG - Processing update Update(message=Message(channel_chat_created=False, chat=Chat(first_name='Ghost', id=7049055170, last_name='Number1', type=<ChatType.PRIVATE>), date=datetime.datetime(2025, 6, 21, 1, 47, 17, tzinfo=<UTC>), delete_chat_photo=False, entities=(MessageEntity(length=5, offset=0, type=<MessageEntityType.BOT_COMMAND>),), from_user=User(first_name='Ghost', id=7049055170, is_bot=False, language_code='en', last_name='Number1'), group_chat_created=False, message_id=5732, supergroup_chat_created=False, text='/menu'), update_id=37529943)
2025-06-21 02:47:17,906 - telegram.ext.ExtBot - DEBUG - Entering: send_message
2025-06-21 02:47:17,909 - httpcore.connection - DEBUG - close.started
2025-06-21 02:47:17,911 - httpcore.connection - DEBUG - close.complete
2025-06-21 02:47:17,911 - httpcore.http11 - DEBUG - send_request_headers.started request=<Request [b'POST']>
2025-06-21 02:47:17,911 - httpcore.connection - DEBUG - connect_tcp.started host='api.telegram.org' port=443 local_address=None timeout=5.0 socket_options=None
2025-06-21 02:47:17,911 - httpcore.http11 - DEBUG - send_request_headers.complete
2025-06-21 02:47:17,913 - httpcore.http11 - DEBUG - send_request_body.started request=<Request [b'POST']>
2025-06-21 02:47:17,913 - httpcore.http11 - DEBUG - send_request_body.complete
2025-06-21 02:47:17,913 - httpcore.http11 - DEBUG - receive_response_headers.started request=<Request [b'POST']>
2025-06-21 02:47:17,994 - httpcore.connection - DEBUG - connect_tcp.complete return_value=<httpcore._backends.anyio.AnyIOStream object at 0x000002A40111CF70>
2025-06-21 02:47:17,994 - httpcore.connection - DEBUG - start_tls.started ssl_context=<ssl.SSLContext object at 0x000002A401029AC0> server_hostname='api.telegram.org' timeout=5.0
2025-06-21 02:47:18,087 - httpcore.connection - DEBUG - start_tls.complete return_value=<httpcore._backends.anyio.AnyIOStream object at 0x000002A40111F910>
2025-06-21 02:47:18,088 - httpcore.http11 - DEBUG - send_request_headers.started request=<Request [b'POST']>
2025-06-21 02:47:18,088 - httpcore.http11 - DEBUG - send_request_headers.complete
2025-06-21 02:47:18,088 - httpcore.http11 - DEBUG - send_request_body.started request=<Request [b'POST']>
2025-06-21 02:47:18,091 - httpcore.http11 - DEBUG - send_request_body.complete
2025-06-21 02:47:18,091 - httpcore.http11 - DEBUG - receive_response_headers.started request=<Request [b'POST']>
2025-06-21 02:47:18,187 - httpcore.http11 - DEBUG - receive_response_headers.complete return_value=(b'HTTP/1.1', 200, b'OK', [(b'Server', b'nginx/1.18.0'), (b'Date', b'Sat, 21 Jun 2025 01:47:17 GMT'), (b'Content-Type', b'application/json'), (b'Content-Length', b'569'), (b'Connection', b'keep-alive'), (b'Strict-Transport-Security', b'max-age=31536000; includeSubDomains; preload'), (b'Access-Control-Allow-Origin', b'*'), (b'Access-Control-Allow-Methods', b'GET, POST, OPTIONS'), (b'Access-Control-Expose-Headers', b'Content-Length,Content-Type,Date,Server,Connection')])
2025-06-21 02:47:18,188 - httpx - INFO - HTTP Request: POST https://api.telegram.org/bot7707158318:AAE8rWa4Q8Z_3avql6K0HAmXaooZAReoNF0/sendMessage "HTTP/1.1 200 OK"
2025-06-21 02:47:18,190 - httpcore.http11 - DEBUG - receive_response_body.started request=<Request [b'POST']>
2025-06-21 02:47:18,191 - httpcore.http11 - DEBUG - receive_response_body.complete
2025-06-21 02:47:18,191 - httpcore.http11 - DEBUG - response_closed.started
2025-06-21 02:47:18,192 - httpcore.http11 - DEBUG - response_closed.complete
2025-06-21 02:47:18,194 - telegram.ext.ExtBot - DEBUG - Message(channel_chat_created=False, chat=Chat(first_name='Ghost', id=7049055170, last_name='Number1', type=<ChatType.PRIVATE>), date=datetime.datetime(2025, 6, 21, 1, 47, 17, tzinfo=<UTC>), delete_chat_photo=False, from_user=User(first_name='SPRD', id=7707158318, is_bot=True, username='tizi91Bot'), group_chat_created=False, message_id=5733, reply_markup=InlineKeyboardMarkup(inline_keyboard=((InlineKeyboardButton(callback_data='start_sniperx', text='🚀 Start SniperX'),), (InlineKeyboardButton(callback_data='stop_sniperx', text='🛑 Stop SniperX'), InlineKeyboardButton(callback_data='status_sniperx', text='📊 Status')), (InlineKeyboardButton(callback_data='show_balance', text='💰 Balance'),))), supergroup_chat_created=False, text='SniperX Bot Control Panel:')
2025-06-21 02:47:18,194 - telegram.ext.ExtBot - DEBUG - Exiting: send_message
2025-06-21 02:47:19,737 - httpcore.http11 - DEBUG - receive_response_headers.complete return_value=(b'HTTP/1.1', 200, b'OK', [(b'Server', b'nginx/1.18.0'), (b'Date', b'Sat, 21 Jun 2025 01:47:19 GMT'), (b'Content-Type', b'application/json'), (b'Content-Length', b'817'), (b'Connection', b'keep-alive'), (b'Strict-Transport-Security', b'max-age=31536000; includeSubDomains; preload'), (b'Access-Control-Allow-Origin', b'*'), (b'Access-Control-Allow-Methods', b'GET, POST, OPTIONS'), (b'Access-Control-Expose-Headers', b'Content-Length,Content-Type,Date,Server,Connection')])
2025-06-21 02:47:19,739 - httpx - INFO - HTTP Request: POST https://api.telegram.org/bot7707158318:AAE8rWa4Q8Z_3avql6K0HAmXaooZAReoNF0/getUpdates "HTTP/1.1 200 OK"
2025-06-21 02:47:19,741 - httpcore.http11 - DEBUG - receive_response_body.started request=<Request [b'POST']>
2025-06-21 02:47:19,741 - httpcore.http11 - DEBUG - receive_response_body.complete
2025-06-21 02:47:19,743 - httpcore.http11 - DEBUG - response_closed.started
2025-06-21 02:47:19,743 - httpcore.http11 - DEBUG - response_closed.complete
2025-06-21 02:47:19,743 - telegram.ext.ExtBot - DEBUG - Getting updates: [37529944]
2025-06-21 02:47:19,745 - telegram.ext.ExtBot - DEBUG - (Update(callback_query=CallbackQuery(chat_instance='-1307310250263184334', data='start_sniperx', from_user=User(first_name='Ghost', id=7049055170, is_bot=False, language_code='en', last_name='Number1'), id='2605345316465305505', message=Message(channel_chat_created=False, chat=Chat(first_name='Ghost', id=7049055170, last_name='Number1', type=<ChatType.PRIVATE>), date=datetime.datetime(2025, 6, 21, 1, 47, 17, tzinfo=<UTC>), delete_chat_photo=False, from_user=User(first_name='SPRD', id=7707158318, is_bot=True, username='tizi91Bot'), group_chat_created=False, message_id=5733, reply_markup=InlineKeyboardMarkup(inline_keyboard=((InlineKeyboardButton(callback_data='start_sniperx', text='🚀 Start SniperX'),), (InlineKeyboardButton(callback_data='stop_sniperx', text='🛑 Stop SniperX'), InlineKeyboardButton(callback_data='status_sniperx', text='📊 Status')), (InlineKeyboardButton(callback_data='show_balance', text='💰 Balance'),))), supergroup_chat_created=False, text='SniperX Bot Control Panel:')), update_id=37529944),)
2025-06-21 02:47:19,746 - telegram.ext.ExtBot - DEBUG - Exiting: get_updates
2025-06-21 02:47:19,746 - telegram.ext.ExtBot - DEBUG - Entering: get_updates
2025-06-21 02:47:19,746 - telegram.ext.Application - DEBUG - Processing update Update(callback_query=CallbackQuery(chat_instance='-1307310250263184334', data='start_sniperx', from_user=User(first_name='Ghost', id=7049055170, is_bot=False, language_code='en', last_name='Number1'), id='2605345316465305505', message=Message(channel_chat_created=False, chat=Chat(first_name='Ghost', id=7049055170, last_name='Number1', type=<ChatType.PRIVATE>), date=datetime.datetime(2025, 6, 21, 1, 47, 17, tzinfo=<UTC>), delete_chat_photo=False, from_user=User(first_name='SPRD', id=7707158318, is_bot=True, username='tizi91Bot'), group_chat_created=False, message_id=5733, reply_markup=InlineKeyboardMarkup(inline_keyboard=((InlineKeyboardButton(callback_data='start_sniperx', text='🚀 Start SniperX'),), (InlineKeyboardButton(callback_data='stop_sniperx', text='🛑 Stop SniperX'), InlineKeyboardButton(callback_data='status_sniperx', text='📊 Status')), (InlineKeyboardButton(callback_data='show_balance', text='💰 Balance'),))), supergroup_chat_created=False, text='SniperX Bot Control Panel:')), update_id=37529944)
2025-06-21 02:47:19,748 - __main__ - INFO - Button callback received: Update(callback_query=CallbackQuery(chat_instance='-1307310250263184334', data='start_sniperx', from_user=User(first_name='Ghost', id=7049055170, is_bot=False, language_code='en', last_name='Number1'), id='2605345316465305505', message=Message(channel_chat_created=False, chat=Chat(first_name='Ghost', id=7049055170, last_name='Number1', type=<ChatType.PRIVATE>), date=datetime.datetime(2025, 6, 21, 1, 47, 17, tzinfo=<UTC>), delete_chat_photo=False, from_user=User(first_name='SPRD', id=7707158318, is_bot=True, username='tizi91Bot'), group_chat_created=False, message_id=5733, reply_markup=InlineKeyboardMarkup(inline_keyboard=((InlineKeyboardButton(callback_data='start_sniperx', text='🚀 Start SniperX'),), (InlineKeyboardButton(callback_data='stop_sniperx', text='🛑 Stop SniperX'), InlineKeyboardButton(callback_data='status_sniperx', text='📊 Status')), (InlineKeyboardButton(callback_data='show_balance', text='💰 Balance'),))), supergroup_chat_created=False, text='SniperX Bot Control Panel:')), update_id=37529944)
2025-06-21 02:47:19,800 - telegram.ext.ExtBot - DEBUG - Entering: answer_callback_query
2025-06-21 02:47:19,816 - httpcore.http11 - DEBUG - send_request_headers.started request=<Request [b'POST']>
2025-06-21 02:47:19,817 - httpcore.http11 - DEBUG - send_request_headers.started request=<Request [b'POST']>
2025-06-21 02:47:19,819 - httpcore.http11 - DEBUG - send_request_headers.complete
2025-06-21 02:47:19,819 - httpcore.http11 - DEBUG - send_request_body.started request=<Request [b'POST']>
2025-06-21 02:47:19,819 - httpcore.http11 - DEBUG - send_request_headers.complete
2025-06-21 02:47:19,819 - httpcore.http11 - DEBUG - send_request_body.started request=<Request [b'POST']>
2025-06-21 02:47:19,822 - httpcore.http11 - DEBUG - send_request_body.complete
2025-06-21 02:47:19,823 - httpcore.http11 - DEBUG - receive_response_headers.started request=<Request [b'POST']>
2025-06-21 02:47:19,825 - httpcore.http11 - DEBUG - send_request_body.complete
2025-06-21 02:47:19,825 - httpcore.http11 - DEBUG - receive_response_headers.started request=<Request [b'POST']>
2025-06-21 02:47:20,044 - httpcore.http11 - DEBUG - receive_response_headers.complete return_value=(b'HTTP/1.1', 200, b'OK', [(b'Server', b'nginx/1.18.0'), (b'Date', b'Sat, 21 Jun 2025 01:47:19 GMT'), (b'Content-Type', b'application/json'), (b'Content-Length', b'25'), (b'Connection', b'keep-alive'), (b'Strict-Transport-Security', b'max-age=31536000; includeSubDomains; preload'), (b'Access-Control-Allow-Origin', b'*'), (b'Access-Control-Allow-Methods', b'GET, POST, OPTIONS'), (b'Access-Control-Expose-Headers', b'Content-Length,Content-Type,Date,Server,Connection')])
2025-06-21 02:47:20,044 - httpx - INFO - HTTP Request: POST https://api.telegram.org/bot7707158318:AAE8rWa4Q8Z_3avql6K0HAmXaooZAReoNF0/answerCallbackQuery "HTTP/1.1 200 OK"
2025-06-21 02:47:20,047 - httpcore.http11 - DEBUG - receive_response_body.started request=<Request [b'POST']>
2025-06-21 02:47:20,047 - httpcore.http11 - DEBUG - receive_response_body.complete
2025-06-21 02:47:20,049 - httpcore.http11 - DEBUG - response_closed.started
2025-06-21 02:47:20,049 - httpcore.http11 - DEBUG - response_closed.complete
2025-06-21 02:47:20,050 - telegram.ext.ExtBot - DEBUG - True
2025-06-21 02:47:20,050 - telegram.ext.ExtBot - DEBUG - Exiting: answer_callback_query
2025-06-21 02:47:20,050 - __main__ - INFO - Processing action: start_sniperx
2025-06-21 02:47:20,052 - telegram.ext.ExtBot - DEBUG - Entering: send_message
2025-06-21 02:47:20,052 - httpcore.http11 - DEBUG - send_request_headers.started request=<Request [b'POST']>
2025-06-21 02:47:20,057 - httpcore.http11 - DEBUG - send_request_headers.complete
2025-06-21 02:47:20,059 - httpcore.http11 - DEBUG - send_request_body.started request=<Request [b'POST']>
2025-06-21 02:47:20,059 - httpcore.http11 - DEBUG - send_request_body.complete
2025-06-21 02:47:20,059 - httpcore.http11 - DEBUG - receive_response_headers.started request=<Request [b'POST']>
2025-06-21 02:47:20,249 - httpcore.http11 - DEBUG - receive_response_headers.complete return_value=(b'HTTP/1.1', 200, b'OK', [(b'Server', b'nginx/1.18.0'), (b'Date', b'Sat, 21 Jun 2025 01:47:19 GMT'), (b'Content-Type', b'application/json'), (b'Content-Length', b'261'), (b'Connection', b'keep-alive'), (b'Strict-Transport-Security', b'max-age=31536000; includeSubDomains; preload'), (b'Access-Control-Allow-Origin', b'*'), (b'Access-Control-Allow-Methods', b'GET, POST, OPTIONS'), (b'Access-Control-Expose-Headers', b'Content-Length,Content-Type,Date,Server,Connection')])
2025-06-21 02:47:20,251 - httpx - INFO - HTTP Request: POST https://api.telegram.org/bot7707158318:AAE8rWa4Q8Z_3avql6K0HAmXaooZAReoNF0/sendMessage "HTTP/1.1 200 OK"
2025-06-21 02:47:20,253 - httpcore.http11 - DEBUG - receive_response_body.started request=<Request [b'POST']>
2025-06-21 02:47:20,253 - httpcore.http11 - DEBUG - receive_response_body.complete
2025-06-21 02:47:20,253 - httpcore.http11 - DEBUG - response_closed.started
2025-06-21 02:47:20,253 - httpcore.http11 - DEBUG - response_closed.complete
2025-06-21 02:47:20,255 - telegram.ext.ExtBot - DEBUG - Message(channel_chat_created=False, chat=Chat(first_name='Ghost', id=7049055170, last_name='Number1', type=<ChatType.PRIVATE>), date=datetime.datetime(2025, 6, 21, 1, 47, 19, tzinfo=<UTC>), delete_chat_photo=False, from_user=User(first_name='SPRD', id=7707158318, is_bot=True, username='tizi91Bot'), group_chat_created=False, message_id=5734, supergroup_chat_created=False, text='Starting wallet manager...')
2025-06-21 02:47:20,257 - telegram.ext.ExtBot - DEBUG - Exiting: send_message
2025-06-21 02:47:22,370 - telegram.ext.ExtBot - DEBUG - Entering: send_message
2025-06-21 02:47:22,373 - httpcore.http11 - DEBUG - send_request_headers.started request=<Request [b'POST']>
2025-06-21 02:47:22,375 - httpcore.http11 - DEBUG - send_request_headers.complete
2025-06-21 02:47:22,375 - httpcore.http11 - DEBUG - send_request_body.started request=<Request [b'POST']>
2025-06-21 02:47:22,375 - httpcore.http11 - DEBUG - send_request_body.complete
2025-06-21 02:47:22,375 - httpcore.http11 - DEBUG - receive_response_headers.started request=<Request [b'POST']>
2025-06-21 02:47:22,476 - httpcore.http11 - DEBUG - receive_response_headers.complete return_value=(b'HTTP/1.1', 200, b'OK', [(b'Server', b'nginx/1.18.0'), (b'Date', b'Sat, 21 Jun 2025 01:47:22 GMT'), (b'Content-Type', b'application/json'), (b'Content-Length', b'322'), (b'Connection', b'keep-alive'), (b'Strict-Transport-Security', b'max-age=31536000; includeSubDomains; preload'), (b'Access-Control-Allow-Origin', b'*'), (b'Access-Control-Allow-Methods', b'GET, POST, OPTIONS'), (b'Access-Control-Expose-Headers', b'Content-Length,Content-Type,Date,Server,Connection')])
2025-06-21 02:47:22,478 - httpx - INFO - HTTP Request: POST https://api.telegram.org/bot7707158318:AAE8rWa4Q8Z_3avql6K0HAmXaooZAReoNF0/sendMessage "HTTP/1.1 200 OK"
2025-06-21 02:47:22,478 - httpcore.http11 - DEBUG - receive_response_body.started request=<Request [b'POST']>
2025-06-21 02:47:22,478 - httpcore.http11 - DEBUG - receive_response_body.complete
2025-06-21 02:47:22,478 - httpcore.http11 - DEBUG - response_closed.started
2025-06-21 02:47:22,480 - httpcore.http11 - DEBUG - response_closed.complete
2025-06-21 02:47:22,482 - telegram.ext.ExtBot - DEBUG - Message(channel_chat_created=False, chat=Chat(first_name='Ghost', id=7049055170, last_name='Number1', type=<ChatType.PRIVATE>), date=datetime.datetime(2025, 6, 21, 1, 47, 22, tzinfo=<UTC>), delete_chat_photo=False, entities=(MessageEntity(length=5, offset=8, type=<MessageEntityType.URL>),), from_user=User(first_name='SPRD', id=7707158318, is_bot=True, username='tizi91Bot'), group_chat_created=False, message_id=5735, supergroup_chat_created=False, text='SniperX V2.py started with PID 24208.')
2025-06-21 02:47:22,484 - telegram.ext.ExtBot - DEBUG - Exiting: send_message
2025-06-21 02:47:22,484 - __main__ - INFO - SniperX V2.py started with PID 24208 by user tizi91Bot
2025-06-21 02:47:22,490 - telegram.ext.ExtBot - DEBUG - Entering: edit_message_text
2025-06-21 02:47:22,493 - httpcore.http11 - DEBUG - send_request_headers.started request=<Request [b'POST']>
2025-06-21 02:47:22,493 - httpcore.http11 - DEBUG - send_request_headers.complete
2025-06-21 02:47:22,493 - httpcore.http11 - DEBUG - send_request_body.started request=<Request [b'POST']>
2025-06-21 02:47:22,495 - httpcore.http11 - DEBUG - send_request_body.complete
2025-06-21 02:47:22,495 - httpcore.http11 - DEBUG - receive_response_headers.started request=<Request [b'POST']>
2025-06-21 02:47:22,573 - httpcore.http11 - DEBUG - receive_response_headers.complete return_value=(b'HTTP/1.1', 400, b'Bad Request', [(b'Server', b'nginx/1.18.0'), (b'Date', b'Sat, 21 Jun 2025 01:47:22 GMT'), (b'Content-Type', b'application/json'), (b'Content-Length', b'204'), (b'Connection', b'keep-alive'), (b'Strict-Transport-Security', b'max-age=31536000; includeSubDomains; preload'), (b'Access-Control-Allow-Origin', b'*'), (b'Access-Control-Expose-Headers', b'Content-Length,Content-Type,Date,Server,Connection')])
2025-06-21 02:47:22,581 - httpx - INFO - HTTP Request: POST https://api.telegram.org/bot7707158318:AAE8rWa4Q8Z_3avql6K0HAmXaooZAReoNF0/editMessageText "HTTP/1.1 400 Bad Request"
2025-06-21 02:47:22,581 - httpcore.http11 - DEBUG - receive_response_body.started request=<Request [b'POST']>
2025-06-21 02:47:22,584 - httpcore.http11 - DEBUG - receive_response_body.complete
2025-06-21 02:47:22,584 - httpcore.http11 - DEBUG - response_closed.started
2025-06-21 02:47:22,584 - httpcore.http11 - DEBUG - response_closed.complete
2025-06-21 02:47:22,586 - __main__ - ERROR - Error showing menu: Message is not modified: specified new message content and reply markup are exactly the same as a current content and reply markup of the message
2025-06-21 02:47:22,595 - telegram.ext.ExtBot - DEBUG - Entering: send_message
2025-06-21 02:47:22,602 - httpcore.http11 - DEBUG - send_request_headers.started request=<Request [b'POST']>
2025-06-21 02:47:22,604 - httpcore.http11 - DEBUG - send_request_headers.complete
2025-06-21 02:47:22,604 - httpcore.http11 - DEBUG - send_request_body.started request=<Request [b'POST']>
2025-06-21 02:47:22,607 - httpcore.http11 - DEBUG - send_request_body.complete
2025-06-21 02:47:22,607 - httpcore.http11 - DEBUG - receive_response_headers.started request=<Request [b'POST']>
2025-06-21 02:47:22,709 - httpcore.http11 - DEBUG - receive_response_headers.complete return_value=(b'HTTP/1.1', 200, b'OK', [(b'Server', b'nginx/1.18.0'), (b'Date', b'Sat, 21 Jun 2025 01:47:22 GMT'), (b'Content-Type', b'application/json'), (b'Content-Length', b'569'), (b'Connection', b'keep-alive'), (b'Strict-Transport-Security', b'max-age=31536000; includeSubDomains; preload'), (b'Access-Control-Allow-Origin', b'*'), (b'Access-Control-Allow-Methods', b'GET, POST, OPTIONS'), (b'Access-Control-Expose-Headers', b'Content-Length,Content-Type,Date,Server,Connection')])
2025-06-21 02:47:22,710 - httpx - INFO - HTTP Request: POST https://api.telegram.org/bot7707158318:AAE8rWa4Q8Z_3avql6K0HAmXaooZAReoNF0/sendMessage "HTTP/1.1 200 OK"
2025-06-21 02:47:22,710 - httpcore.http11 - DEBUG - receive_response_body.started request=<Request [b'POST']>
2025-06-21 02:47:22,712 - httpcore.http11 - DEBUG - receive_response_body.complete
2025-06-21 02:47:22,712 - httpcore.http11 - DEBUG - response_closed.started
2025-06-21 02:47:22,712 - httpcore.http11 - DEBUG - response_closed.complete
2025-06-21 02:47:22,714 - telegram.ext.ExtBot - DEBUG - Message(channel_chat_created=False, chat=Chat(first_name='Ghost', id=7049055170, last_name='Number1', type=<ChatType.PRIVATE>), date=datetime.datetime(2025, 6, 21, 1, 47, 22, tzinfo=<UTC>), delete_chat_photo=False, from_user=User(first_name='SPRD', id=7707158318, is_bot=True, username='tizi91Bot'), group_chat_created=False, message_id=5736, reply_markup=InlineKeyboardMarkup(inline_keyboard=((InlineKeyboardButton(callback_data='start_sniperx', text='🚀 Start SniperX'),), (InlineKeyboardButton(callback_data='stop_sniperx', text='🛑 Stop SniperX'), InlineKeyboardButton(callback_data='status_sniperx', text='📊 Status')), (InlineKeyboardButton(callback_data='show_balance', text='💰 Balance'),))), supergroup_chat_created=False, text='SniperX Bot Control Panel:')
2025-06-21 02:47:22,715 - telegram.ext.ExtBot - DEBUG - Exiting: send_message
2025-06-21 02:47:30,010 - httpcore.http11 - DEBUG - receive_response_headers.complete return_value=(b'HTTP/1.1', 200, b'OK', [(b'Server', b'nginx/1.18.0'), (b'Date', b'Sat, 21 Jun 2025 01:47:29 GMT'), (b'Content-Type', b'application/json'), (b'Content-Length', b'23'), (b'Connection', b'keep-alive'), (b'Strict-Transport-Security', b'max-age=31536000; includeSubDomains; preload'), (b'Access-Control-Allow-Origin', b'*'), (b'Access-Control-Allow-Methods', b'GET, POST, OPTIONS'), (b'Access-Control-Expose-Headers', b'Content-Length,Content-Type,Date,Server,Connection')])
2025-06-21 02:47:30,010 - httpx - INFO - HTTP Request: POST https://api.telegram.org/bot7707158318:AAE8rWa4Q8Z_3avql6K0HAmXaooZAReoNF0/getUpdates "HTTP/1.1 200 OK"
2025-06-21 02:47:30,012 - httpcore.http11 - DEBUG - receive_response_body.started request=<Request [b'POST']>
2025-06-21 02:47:30,012 - httpcore.http11 - DEBUG - receive_response_body.complete
2025-06-21 02:47:30,013 - httpcore.http11 - DEBUG - response_closed.started
2025-06-21 02:47:30,013 - httpcore.http11 - DEBUG - response_closed.complete
2025-06-21 02:47:30,015 - telegram.ext.ExtBot - DEBUG - No new updates found.
2025-06-21 02:47:30,015 - telegram.ext.ExtBot - DEBUG - ()
2025-06-21 02:47:30,015 - telegram.ext.ExtBot - DEBUG - Exiting: get_updates
2025-06-21 02:47:30,015 - telegram.ext.ExtBot - DEBUG - Entering: get_updates
2025-06-21 02:47:30,017 - httpcore.http11 - DEBUG - send_request_headers.started request=<Request [b'POST']>
2025-06-21 02:47:30,017 - httpcore.http11 - DEBUG - send_request_headers.complete
2025-06-21 02:47:30,017 - httpcore.http11 - DEBUG - send_request_body.started request=<Request [b'POST']>
2025-06-21 02:47:30,017 - httpcore.http11 - DEBUG - send_request_body.complete
2025-06-21 02:47:30,017 - httpcore.http11 - DEBUG - receive_response_headers.started request=<Request [b'POST']>
2025-06-21 02:47:33,934 - httpcore.http11 - DEBUG - receive_response_headers.complete return_value=(b'HTTP/1.1', 200, b'OK', [(b'Server', b'nginx/1.18.0'), (b'Date', b'Sat, 21 Jun 2025 01:47:33 GMT'), (b'Content-Type', b'application/json'), (b'Content-Length', b'818'), (b'Connection', b'keep-alive'), (b'Strict-Transport-Security', b'max-age=31536000; includeSubDomains; preload'), (b'Access-Control-Allow-Origin', b'*'), (b'Access-Control-Allow-Methods', b'GET, POST, OPTIONS'), (b'Access-Control-Expose-Headers', b'Content-Length,Content-Type,Date,Server,Connection')])
2025-06-21 02:47:33,936 - httpx - INFO - HTTP Request: POST https://api.telegram.org/bot7707158318:AAE8rWa4Q8Z_3avql6K0HAmXaooZAReoNF0/getUpdates "HTTP/1.1 200 OK"
2025-06-21 02:47:33,936 - httpcore.http11 - DEBUG - receive_response_body.started request=<Request [b'POST']>
2025-06-21 02:47:33,936 - httpcore.http11 - DEBUG - receive_response_body.complete
2025-06-21 02:47:33,936 - httpcore.http11 - DEBUG - response_closed.started
2025-06-21 02:47:33,936 - httpcore.http11 - DEBUG - response_closed.complete
2025-06-21 02:47:33,938 - telegram.ext.ExtBot - DEBUG - Getting updates: [37529945]
2025-06-21 02:47:33,940 - telegram.ext.ExtBot - DEBUG - (Update(callback_query=CallbackQuery(chat_instance='-1307310250263184334', data='status_sniperx', from_user=User(first_name='Ghost', id=7049055170, is_bot=False, language_code='en', last_name='Number1'), id='2605345315369888958', message=Message(channel_chat_created=False, chat=Chat(first_name='Ghost', id=7049055170, last_name='Number1', type=<ChatType.PRIVATE>), date=datetime.datetime(2025, 6, 21, 1, 47, 22, tzinfo=<UTC>), delete_chat_photo=False, from_user=User(first_name='SPRD', id=7707158318, is_bot=True, username='tizi91Bot'), group_chat_created=False, message_id=5736, reply_markup=InlineKeyboardMarkup(inline_keyboard=((InlineKeyboardButton(callback_data='start_sniperx', text='🚀 Start SniperX'),), (InlineKeyboardButton(callback_data='stop_sniperx', text='🛑 Stop SniperX'), InlineKeyboardButton(callback_data='status_sniperx', text='📊 Status')), (InlineKeyboardButton(callback_data='show_balance', text='💰 Balance'),))), supergroup_chat_created=False, text='SniperX Bot Control Panel:')), update_id=37529945),)
2025-06-21 02:47:33,940 - telegram.ext.ExtBot - DEBUG - Exiting: get_updates
2025-06-21 02:47:33,942 - telegram.ext.ExtBot - DEBUG - Entering: get_updates
2025-06-21 02:47:33,942 - telegram.ext.Application - DEBUG - Processing update Update(callback_query=CallbackQuery(chat_instance='-1307310250263184334', data='status_sniperx', from_user=User(first_name='Ghost', id=7049055170, is_bot=False, language_code='en', last_name='Number1'), id='2605345315369888958', message=Message(channel_chat_created=False, chat=Chat(first_name='Ghost', id=7049055170, last_name='Number1', type=<ChatType.PRIVATE>), date=datetime.datetime(2025, 6, 21, 1, 47, 22, tzinfo=<UTC>), delete_chat_photo=False, from_user=User(first_name='SPRD', id=7707158318, is_bot=True, username='tizi91Bot'), group_chat_created=False, message_id=5736, reply_markup=InlineKeyboardMarkup(inline_keyboard=((InlineKeyboardButton(callback_data='start_sniperx', text='🚀 Start SniperX'),), (InlineKeyboardButton(callback_data='stop_sniperx', text='🛑 Stop SniperX'), InlineKeyboardButton(callback_data='status_sniperx', text='📊 Status')), (InlineKeyboardButton(callback_data='show_balance', text='💰 Balance'),))), supergroup_chat_created=False, text='SniperX Bot Control Panel:')), update_id=37529945)
2025-06-21 02:47:33,946 - __main__ - INFO - Button callback received: Update(callback_query=CallbackQuery(chat_instance='-1307310250263184334', data='status_sniperx', from_user=User(first_name='Ghost', id=7049055170, is_bot=False, language_code='en', last_name='Number1'), id='2605345315369888958', message=Message(channel_chat_created=False, chat=Chat(first_name='Ghost', id=7049055170, last_name='Number1', type=<ChatType.PRIVATE>), date=datetime.datetime(2025, 6, 21, 1, 47, 22, tzinfo=<UTC>), delete_chat_photo=False, from_user=User(first_name='SPRD', id=7707158318, is_bot=True, username='tizi91Bot'), group_chat_created=False, message_id=5736, reply_markup=InlineKeyboardMarkup(inline_keyboard=((InlineKeyboardButton(callback_data='start_sniperx', text='🚀 Start SniperX'),), (InlineKeyboardButton(callback_data='stop_sniperx', text='🛑 Stop SniperX'), InlineKeyboardButton(callback_data='status_sniperx', text='📊 Status')), (InlineKeyboardButton(callback_data='show_balance', text='💰 Balance'),))), supergroup_chat_created=False, text='SniperX Bot Control Panel:')), update_id=37529945)
2025-06-21 02:47:33,956 - telegram.ext.ExtBot - DEBUG - Entering: answer_callback_query
2025-06-21 02:47:33,959 - httpcore.connection - DEBUG - close.started
2025-06-21 02:47:33,960 - httpcore.connection - DEBUG - close.complete
2025-06-21 02:47:33,960 - httpcore.http11 - DEBUG - send_request_headers.started request=<Request [b'POST']>
2025-06-21 02:47:33,960 - httpcore.connection - DEBUG - connect_tcp.started host='api.telegram.org' port=443 local_address=None timeout=5.0 socket_options=None
2025-06-21 02:47:33,962 - httpcore.http11 - DEBUG - send_request_headers.complete
2025-06-21 02:47:33,962 - httpcore.http11 - DEBUG - send_request_body.started request=<Request [b'POST']>
2025-06-21 02:47:33,962 - httpcore.http11 - DEBUG - send_request_body.complete
2025-06-21 02:47:33,962 - httpcore.http11 - DEBUG - receive_response_headers.started request=<Request [b'POST']>
2025-06-21 02:47:34,076 - httpcore.connection - DEBUG - connect_tcp.complete return_value=<httpcore._backends.anyio.AnyIOStream object at 0x000002A4010CAB60>
2025-06-21 02:47:34,076 - httpcore.connection - DEBUG - start_tls.started ssl_context=<ssl.SSLContext object at 0x000002A401029AC0> server_hostname='api.telegram.org' timeout=5.0
2025-06-21 02:47:34,159 - httpcore.connection - DEBUG - start_tls.complete return_value=<httpcore._backends.anyio.AnyIOStream object at 0x000002A40111C130>
2025-06-21 02:47:34,160 - httpcore.http11 - DEBUG - send_request_headers.started request=<Request [b'POST']>
2025-06-21 02:47:34,161 - httpcore.http11 - DEBUG - send_request_headers.complete
2025-06-21 02:47:34,161 - httpcore.http11 - DEBUG - send_request_body.started request=<Request [b'POST']>
2025-06-21 02:47:34,162 - httpcore.http11 - DEBUG - send_request_body.complete
2025-06-21 02:47:34,162 - httpcore.http11 - DEBUG - receive_response_headers.started request=<Request [b'POST']>
2025-06-21 02:47:34,252 - httpcore.http11 - DEBUG - receive_response_headers.complete return_value=(b'HTTP/1.1', 200, b'OK', [(b'Server', b'nginx/1.18.0'), (b'Date', b'Sat, 21 Jun 2025 01:47:34 GMT'), (b'Content-Type', b'application/json'), (b'Content-Length', b'25'), (b'Connection', b'keep-alive'), (b'Strict-Transport-Security', b'max-age=31536000; includeSubDomains; preload'), (b'Access-Control-Allow-Origin', b'*'), (b'Access-Control-Allow-Methods', b'GET, POST, OPTIONS'), (b'Access-Control-Expose-Headers', b'Content-Length,Content-Type,Date,Server,Connection')])
2025-06-21 02:47:34,253 - httpx - INFO - HTTP Request: POST https://api.telegram.org/bot7707158318:AAE8rWa4Q8Z_3avql6K0HAmXaooZAReoNF0/answerCallbackQuery "HTTP/1.1 200 OK"
2025-06-21 02:47:34,253 - httpcore.http11 - DEBUG - receive_response_body.started request=<Request [b'POST']>
2025-06-21 02:47:34,255 - httpcore.http11 - DEBUG - receive_response_body.complete
2025-06-21 02:47:34,255 - httpcore.http11 - DEBUG - response_closed.started
2025-06-21 02:47:34,256 - httpcore.http11 - DEBUG - response_closed.complete
2025-06-21 02:47:34,256 - telegram.ext.ExtBot - DEBUG - True
2025-06-21 02:47:34,256 - telegram.ext.ExtBot - DEBUG - Exiting: answer_callback_query
2025-06-21 02:47:34,257 - __main__ - INFO - Processing action: status_sniperx
2025-06-21 02:47:34,257 - telegram.ext.ExtBot - DEBUG - Entering: edit_message_text
2025-06-21 02:47:34,260 - httpcore.http11 - DEBUG - send_request_headers.started request=<Request [b'POST']>
2025-06-21 02:47:34,261 - httpcore.http11 - DEBUG - send_request_headers.complete
2025-06-21 02:47:34,261 - httpcore.http11 - DEBUG - send_request_body.started request=<Request [b'POST']>
2025-06-21 02:47:34,262 - httpcore.http11 - DEBUG - send_request_body.complete
2025-06-21 02:47:34,262 - httpcore.http11 - DEBUG - receive_response_headers.started request=<Request [b'POST']>
2025-06-21 02:47:34,365 - httpcore.http11 - DEBUG - receive_response_headers.complete return_value=(b'HTTP/1.1', 200, b'OK', [(b'Server', b'nginx/1.18.0'), (b'Date', b'Sat, 21 Jun 2025 01:47:34 GMT'), (b'Content-Type', b'application/json'), (b'Content-Length', b'463'), (b'Connection', b'keep-alive'), (b'Strict-Transport-Security', b'max-age=31536000; includeSubDomains; preload'), (b'Access-Control-Allow-Origin', b'*'), (b'Access-Control-Allow-Methods', b'GET, POST, OPTIONS'), (b'Access-Control-Expose-Headers', b'Content-Length,Content-Type,Date,Server,Connection')])
2025-06-21 02:47:34,366 - httpx - INFO - HTTP Request: POST https://api.telegram.org/bot7707158318:AAE8rWa4Q8Z_3avql6K0HAmXaooZAReoNF0/editMessageText "HTTP/1.1 200 OK"
2025-06-21 02:47:34,367 - httpcore.http11 - DEBUG - receive_response_body.started request=<Request [b'POST']>
2025-06-21 02:47:34,368 - httpcore.http11 - DEBUG - receive_response_body.complete
2025-06-21 02:47:34,368 - httpcore.http11 - DEBUG - response_closed.started
2025-06-21 02:47:34,368 - httpcore.http11 - DEBUG - response_closed.complete
2025-06-21 02:47:34,370 - telegram.ext.ExtBot - DEBUG - Message(channel_chat_created=False, chat=Chat(first_name='Ghost', id=7049055170, last_name='Number1', type=<ChatType.PRIVATE>), date=datetime.datetime(2025, 6, 21, 1, 47, 22, tzinfo=<UTC>), delete_chat_photo=False, edit_date=datetime.datetime(2025, 6, 21, 1, 47, 34, tzinfo=<UTC>), entities=(MessageEntity(length=5, offset=8, type=<MessageEntityType.URL>),), from_user=User(first_name='SPRD', id=7707158318, is_bot=True, username='tizi91Bot'), group_chat_created=False, message_id=5736, reply_markup=InlineKeyboardMarkup(inline_keyboard=((InlineKeyboardButton(callback_data='back_to_menu', text='🔙 Back to Menu'),),)), supergroup_chat_created=False, text='SniperX V2.py is currently running (PID: 24208).')
2025-06-21 02:47:34,371 - telegram.ext.ExtBot - DEBUG - Exiting: edit_message_text
2025-06-21 02:47:36,122 - httpcore.http11 - DEBUG - receive_response_headers.complete return_value=(b'HTTP/1.1', 200, b'OK', [(b'Server', b'nginx/1.18.0'), (b'Date', b'Sat, 21 Jun 2025 01:47:35 GMT'), (b'Content-Type', b'application/json'), (b'Content-Length', b'710'), (b'Connection', b'keep-alive'), (b'Strict-Transport-Security', b'max-age=31536000; includeSubDomains; preload'), (b'Access-Control-Allow-Origin', b'*'), (b'Access-Control-Allow-Methods', b'GET, POST, OPTIONS'), (b'Access-Control-Expose-Headers', b'Content-Length,Content-Type,Date,Server,Connection')])
2025-06-21 02:47:36,124 - httpx - INFO - HTTP Request: POST https://api.telegram.org/bot7707158318:AAE8rWa4Q8Z_3avql6K0HAmXaooZAReoNF0/getUpdates "HTTP/1.1 200 OK"
2025-06-21 02:47:36,124 - httpcore.http11 - DEBUG - receive_response_body.started request=<Request [b'POST']>
2025-06-21 02:47:36,124 - httpcore.http11 - DEBUG - receive_response_body.complete
2025-06-21 02:47:36,124 - httpcore.http11 - DEBUG - response_closed.started
2025-06-21 02:47:36,124 - httpcore.http11 - DEBUG - response_closed.complete
2025-06-21 02:47:36,126 - telegram.ext.ExtBot - DEBUG - Getting updates: [37529946]
2025-06-21 02:47:36,128 - telegram.ext.ExtBot - DEBUG - (Update(callback_query=CallbackQuery(chat_instance='-1307310250263184334', data='back_to_menu', from_user=User(first_name='Ghost', id=7049055170, is_bot=False, language_code='en', last_name='Number1'), id='2605345312644904877', message=Message(channel_chat_created=False, chat=Chat(first_name='Ghost', id=7049055170, last_name='Number1', type=<ChatType.PRIVATE>), date=datetime.datetime(2025, 6, 21, 1, 47, 22, tzinfo=<UTC>), delete_chat_photo=False, edit_date=datetime.datetime(2025, 6, 21, 1, 47, 34, tzinfo=<UTC>), entities=(MessageEntity(length=5, offset=8, type=<MessageEntityType.URL>),), from_user=User(first_name='SPRD', id=7707158318, is_bot=True, username='tizi91Bot'), group_chat_created=False, message_id=5736, reply_markup=InlineKeyboardMarkup(inline_keyboard=((InlineKeyboardButton(callback_data='back_to_menu', text='🔙 Back to Menu'),),)), supergroup_chat_created=False, text='SniperX V2.py is currently running (PID: 24208).')), update_id=37529946),)
2025-06-21 02:47:36,128 - telegram.ext.ExtBot - DEBUG - Exiting: get_updates
2025-06-21 02:47:36,130 - telegram.ext.ExtBot - DEBUG - Entering: get_updates
2025-06-21 02:47:36,131 - telegram.ext.Application - DEBUG - Processing update Update(callback_query=CallbackQuery(chat_instance='-1307310250263184334', data='back_to_menu', from_user=User(first_name='Ghost', id=7049055170, is_bot=False, language_code='en', last_name='Number1'), id='2605345312644904877', message=Message(channel_chat_created=False, chat=Chat(first_name='Ghost', id=7049055170, last_name='Number1', type=<ChatType.PRIVATE>), date=datetime.datetime(2025, 6, 21, 1, 47, 22, tzinfo=<UTC>), delete_chat_photo=False, edit_date=datetime.datetime(2025, 6, 21, 1, 47, 34, tzinfo=<UTC>), entities=(MessageEntity(length=5, offset=8, type=<MessageEntityType.URL>),), from_user=User(first_name='SPRD', id=7707158318, is_bot=True, username='tizi91Bot'), group_chat_created=False, message_id=5736, reply_markup=InlineKeyboardMarkup(inline_keyboard=((InlineKeyboardButton(callback_data='back_to_menu', text='🔙 Back to Menu'),),)), supergroup_chat_created=False, text='SniperX V2.py is currently running (PID: 24208).')), update_id=37529946)
2025-06-21 02:47:36,134 - __main__ - INFO - Button callback received: Update(callback_query=CallbackQuery(chat_instance='-1307310250263184334', data='back_to_menu', from_user=User(first_name='Ghost', id=7049055170, is_bot=False, language_code='en', last_name='Number1'), id='2605345312644904877', message=Message(channel_chat_created=False, chat=Chat(first_name='Ghost', id=7049055170, last_name='Number1', type=<ChatType.PRIVATE>), date=datetime.datetime(2025, 6, 21, 1, 47, 22, tzinfo=<UTC>), delete_chat_photo=False, edit_date=datetime.datetime(2025, 6, 21, 1, 47, 34, tzinfo=<UTC>), entities=(MessageEntity(length=5, offset=8, type=<MessageEntityType.URL>),), from_user=User(first_name='SPRD', id=7707158318, is_bot=True, username='tizi91Bot'), group_chat_created=False, message_id=5736, reply_markup=InlineKeyboardMarkup(inline_keyboard=((InlineKeyboardButton(callback_data='back_to_menu', text='🔙 Back to Menu'),),)), supergroup_chat_created=False, text='SniperX V2.py is currently running (PID: 24208).')), update_id=37529946)
2025-06-21 02:47:36,136 - telegram.ext.ExtBot - DEBUG - Entering: answer_callback_query
2025-06-21 02:47:36,138 - httpcore.http11 - DEBUG - send_request_headers.started request=<Request [b'POST']>
2025-06-21 02:47:36,141 - httpcore.http11 - DEBUG - send_request_headers.started request=<Request [b'POST']>
2025-06-21 02:47:36,141 - httpcore.http11 - DEBUG - send_request_headers.complete
2025-06-21 02:47:36,143 - httpcore.http11 - DEBUG - send_request_body.started request=<Request [b'POST']>
2025-06-21 02:47:36,144 - httpcore.http11 - DEBUG - send_request_headers.complete
2025-06-21 02:47:36,144 - httpcore.http11 - DEBUG - send_request_body.started request=<Request [b'POST']>
2025-06-21 02:47:36,147 - httpcore.http11 - DEBUG - send_request_body.complete
2025-06-21 02:47:36,147 - httpcore.http11 - DEBUG - receive_response_headers.started request=<Request [b'POST']>
2025-06-21 02:47:36,149 - httpcore.http11 - DEBUG - send_request_body.complete
2025-06-21 02:47:36,149 - httpcore.http11 - DEBUG - receive_response_headers.started request=<Request [b'POST']>
2025-06-21 02:47:36,429 - httpcore.http11 - DEBUG - receive_response_headers.complete return_value=(b'HTTP/1.1', 200, b'OK', [(b'Server', b'nginx/1.18.0'), (b'Date', b'Sat, 21 Jun 2025 01:47:36 GMT'), (b'Content-Type', b'application/json'), (b'Content-Length', b'25'), (b'Connection', b'keep-alive'), (b'Strict-Transport-Security', b'max-age=31536000; includeSubDomains; preload'), (b'Access-Control-Allow-Origin', b'*'), (b'Access-Control-Allow-Methods', b'GET, POST, OPTIONS'), (b'Access-Control-Expose-Headers', b'Content-Length,Content-Type,Date,Server,Connection')])
2025-06-21 02:47:36,430 - httpx - INFO - HTTP Request: POST https://api.telegram.org/bot7707158318:AAE8rWa4Q8Z_3avql6K0HAmXaooZAReoNF0/answerCallbackQuery "HTTP/1.1 200 OK"
2025-06-21 02:47:36,430 - httpcore.http11 - DEBUG - receive_response_body.started request=<Request [b'POST']>
2025-06-21 02:47:36,432 - httpcore.http11 - DEBUG - receive_response_body.complete
2025-06-21 02:47:36,432 - httpcore.http11 - DEBUG - response_closed.started
2025-06-21 02:47:36,432 - httpcore.http11 - DEBUG - response_closed.complete
2025-06-21 02:47:36,433 - telegram.ext.ExtBot - DEBUG - True
2025-06-21 02:47:36,433 - telegram.ext.ExtBot - DEBUG - Exiting: answer_callback_query
2025-06-21 02:47:36,433 - __main__ - INFO - Processing action: back_to_menu
2025-06-21 02:47:36,433 - telegram.ext.ExtBot - DEBUG - Entering: edit_message_text
2025-06-21 02:47:36,435 - httpcore.http11 - DEBUG - send_request_headers.started request=<Request [b'POST']>
2025-06-21 02:47:36,438 - httpcore.http11 - DEBUG - send_request_headers.complete
2025-06-21 02:47:36,438 - httpcore.http11 - DEBUG - send_request_body.started request=<Request [b'POST']>
2025-06-21 02:47:36,440 - httpcore.http11 - DEBUG - send_request_body.complete
2025-06-21 02:47:36,440 - httpcore.http11 - DEBUG - receive_response_headers.started request=<Request [b'POST']>
2025-06-21 02:47:36,535 - httpcore.http11 - DEBUG - receive_response_headers.complete return_value=(b'HTTP/1.1', 200, b'OK', [(b'Server', b'nginx/1.18.0'), (b'Date', b'Sat, 21 Jun 2025 01:47:36 GMT'), (b'Content-Type', b'application/json'), (b'Content-Length', b'592'), (b'Connection', b'keep-alive'), (b'Strict-Transport-Security', b'max-age=31536000; includeSubDomains; preload'), (b'Access-Control-Allow-Origin', b'*'), (b'Access-Control-Allow-Methods', b'GET, POST, OPTIONS'), (b'Access-Control-Expose-Headers', b'Content-Length,Content-Type,Date,Server,Connection')])
2025-06-21 02:47:36,537 - httpx - INFO - HTTP Request: POST https://api.telegram.org/bot7707158318:AAE8rWa4Q8Z_3avql6K0HAmXaooZAReoNF0/editMessageText "HTTP/1.1 200 OK"
2025-06-21 02:47:36,537 - httpcore.http11 - DEBUG - receive_response_body.started request=<Request [b'POST']>
2025-06-21 02:47:36,537 - httpcore.http11 - DEBUG - receive_response_body.complete
2025-06-21 02:47:36,537 - httpcore.http11 - DEBUG - response_closed.started
2025-06-21 02:47:36,537 - httpcore.http11 - DEBUG - response_closed.complete
2025-06-21 02:47:36,541 - telegram.ext.ExtBot - DEBUG - Message(channel_chat_created=False, chat=Chat(first_name='Ghost', id=7049055170, last_name='Number1', type=<ChatType.PRIVATE>), date=datetime.datetime(2025, 6, 21, 1, 47, 22, tzinfo=<UTC>), delete_chat_photo=False, edit_date=datetime.datetime(2025, 6, 21, 1, 47, 36, tzinfo=<UTC>), from_user=User(first_name='SPRD', id=7707158318, is_bot=True, username='tizi91Bot'), group_chat_created=False, message_id=5736, reply_markup=InlineKeyboardMarkup(inline_keyboard=((InlineKeyboardButton(callback_data='start_sniperx', text='🚀 Start SniperX'),), (InlineKeyboardButton(callback_data='stop_sniperx', text='🛑 Stop SniperX'), InlineKeyboardButton(callback_data='status_sniperx', text='📊 Status')), (InlineKeyboardButton(callback_data='show_balance', text='💰 Balance'),))), supergroup_chat_created=False, text='SniperX Bot Control Panel:')
2025-06-21 02:47:36,542 - telegram.ext.ExtBot - DEBUG - Exiting: edit_message_text
2025-06-21 02:47:37,747 - httpcore.http11 - DEBUG - receive_response_headers.complete return_value=(b'HTTP/1.1', 200, b'OK', [(b'Server', b'nginx/1.18.0'), (b'Date', b'Sat, 21 Jun 2025 01:47:37 GMT'), (b'Content-Type', b'application/json'), (b'Content-Length', b'839'), (b'Connection', b'keep-alive'), (b'Strict-Transport-Security', b'max-age=31536000; includeSubDomains; preload'), (b'Access-Control-Allow-Origin', b'*'), (b'Access-Control-Allow-Methods', b'GET, POST, OPTIONS'), (b'Access-Control-Expose-Headers', b'Content-Length,Content-Type,Date,Server,Connection')])
2025-06-21 02:47:37,749 - httpx - INFO - HTTP Request: POST https://api.telegram.org/bot7707158318:AAE8rWa4Q8Z_3avql6K0HAmXaooZAReoNF0/getUpdates "HTTP/1.1 200 OK"
2025-06-21 02:47:37,750 - httpcore.http11 - DEBUG - receive_response_body.started request=<Request [b'POST']>
2025-06-21 02:47:37,751 - httpcore.http11 - DEBUG - receive_response_body.complete
2025-06-21 02:47:37,751 - httpcore.http11 - DEBUG - response_closed.started
2025-06-21 02:47:37,752 - httpcore.http11 - DEBUG - response_closed.complete
2025-06-21 02:47:37,752 - telegram.ext.ExtBot - DEBUG - Getting updates: [37529947]
2025-06-21 02:47:37,754 - telegram.ext.ExtBot - DEBUG - (Update(callback_query=CallbackQuery(chat_instance='-1307310250263184334', data='show_balance', from_user=User(first_name='Ghost', id=7049055170, is_bot=False, language_code='en', last_name='Number1'), id='2605345314162159166', message=Message(channel_chat_created=False, chat=Chat(first_name='Ghost', id=7049055170, last_name='Number1', type=<ChatType.PRIVATE>), date=datetime.datetime(2025, 6, 21, 1, 47, 22, tzinfo=<UTC>), delete_chat_photo=False, edit_date=datetime.datetime(2025, 6, 21, 1, 47, 36, tzinfo=<UTC>), from_user=User(first_name='SPRD', id=7707158318, is_bot=True, username='tizi91Bot'), group_chat_created=False, message_id=5736, reply_markup=InlineKeyboardMarkup(inline_keyboard=((InlineKeyboardButton(callback_data='start_sniperx', text='🚀 Start SniperX'),), (InlineKeyboardButton(callback_data='stop_sniperx', text='🛑 Stop SniperX'), InlineKeyboardButton(callback_data='status_sniperx', text='📊 Status')), (InlineKeyboardButton(callback_data='show_balance', text='💰 Balance'),))), supergroup_chat_created=False, text='SniperX Bot Control Panel:')), update_id=37529947),)
2025-06-21 02:47:37,755 - telegram.ext.ExtBot - DEBUG - Exiting: get_updates
2025-06-21 02:47:37,755 - telegram.ext.ExtBot - DEBUG - Entering: get_updates
2025-06-21 02:47:37,755 - telegram.ext.Application - DEBUG - Processing update Update(callback_query=CallbackQuery(chat_instance='-1307310250263184334', data='show_balance', from_user=User(first_name='Ghost', id=7049055170, is_bot=False, language_code='en', last_name='Number1'), id='2605345314162159166', message=Message(channel_chat_created=False, chat=Chat(first_name='Ghost', id=7049055170, last_name='Number1', type=<ChatType.PRIVATE>), date=datetime.datetime(2025, 6, 21, 1, 47, 22, tzinfo=<UTC>), delete_chat_photo=False, edit_date=datetime.datetime(2025, 6, 21, 1, 47, 36, tzinfo=<UTC>), from_user=User(first_name='SPRD', id=7707158318, is_bot=True, username='tizi91Bot'), group_chat_created=False, message_id=5736, reply_markup=InlineKeyboardMarkup(inline_keyboard=((InlineKeyboardButton(callback_data='start_sniperx', text='🚀 Start SniperX'),), (InlineKeyboardButton(callback_data='stop_sniperx', text='🛑 Stop SniperX'), InlineKeyboardButton(callback_data='status_sniperx', text='📊 Status')), (InlineKeyboardButton(callback_data='show_balance', text='💰 Balance'),))), supergroup_chat_created=False, text='SniperX Bot Control Panel:')), update_id=37529947)
2025-06-21 02:47:37,759 - __main__ - INFO - Button callback received: Update(callback_query=CallbackQuery(chat_instance='-1307310250263184334', data='show_balance', from_user=User(first_name='Ghost', id=7049055170, is_bot=False, language_code='en', last_name='Number1'), id='2605345314162159166', message=Message(channel_chat_created=False, chat=Chat(first_name='Ghost', id=7049055170, last_name='Number1', type=<ChatType.PRIVATE>), date=datetime.datetime(2025, 6, 21, 1, 47, 22, tzinfo=<UTC>), delete_chat_photo=False, edit_date=datetime.datetime(2025, 6, 21, 1, 47, 36, tzinfo=<UTC>), from_user=User(first_name='SPRD', id=7707158318, is_bot=True, username='tizi91Bot'), group_chat_created=False, message_id=5736, reply_markup=InlineKeyboardMarkup(inline_keyboard=((InlineKeyboardButton(callback_data='start_sniperx', text='🚀 Start SniperX'),), (InlineKeyboardButton(callback_data='stop_sniperx', text='🛑 Stop SniperX'), InlineKeyboardButton(callback_data='status_sniperx', text='📊 Status')), (InlineKeyboardButton(callback_data='show_balance', text='💰 Balance'),))), supergroup_chat_created=False, text='SniperX Bot Control Panel:')), update_id=37529947)
2025-06-21 02:47:37,759 - telegram.ext.ExtBot - DEBUG - Entering: answer_callback_query
2025-06-21 02:47:37,764 - httpcore.http11 - DEBUG - send_request_headers.started request=<Request [b'POST']>
2025-06-21 02:47:37,765 - httpcore.http11 - DEBUG - send_request_headers.started request=<Request [b'POST']>
2025-06-21 02:47:37,767 - httpcore.http11 - DEBUG - send_request_headers.complete
2025-06-21 02:47:37,767 - httpcore.http11 - DEBUG - send_request_body.started request=<Request [b'POST']>
2025-06-21 02:47:37,769 - httpcore.http11 - DEBUG - send_request_headers.complete
2025-06-21 02:47:37,769 - httpcore.http11 - DEBUG - send_request_body.started request=<Request [b'POST']>
2025-06-21 02:47:37,769 - httpcore.http11 - DEBUG - send_request_body.complete
2025-06-21 02:47:37,769 - httpcore.http11 - DEBUG - receive_response_headers.started request=<Request [b'POST']>
2025-06-21 02:47:37,772 - httpcore.http11 - DEBUG - send_request_body.complete
2025-06-21 02:47:37,772 - httpcore.http11 - DEBUG - receive_response_headers.started request=<Request [b'POST']>
2025-06-21 02:47:37,850 - httpcore.http11 - DEBUG - receive_response_headers.complete return_value=(b'HTTP/1.1', 200, b'OK', [(b'Server', b'nginx/1.18.0'), (b'Date', b'Sat, 21 Jun 2025 01:47:37 GMT'), (b'Content-Type', b'application/json'), (b'Content-Length', b'25'), (b'Connection', b'keep-alive'), (b'Strict-Transport-Security', b'max-age=31536000; includeSubDomains; preload'), (b'Access-Control-Allow-Origin', b'*'), (b'Access-Control-Allow-Methods', b'GET, POST, OPTIONS'), (b'Access-Control-Expose-Headers', b'Content-Length,Content-Type,Date,Server,Connection')])
2025-06-21 02:47:37,850 - httpx - INFO - HTTP Request: POST https://api.telegram.org/bot7707158318:AAE8rWa4Q8Z_3avql6K0HAmXaooZAReoNF0/answerCallbackQuery "HTTP/1.1 200 OK"
2025-06-21 02:47:37,852 - httpcore.http11 - DEBUG - receive_response_body.started request=<Request [b'POST']>
2025-06-21 02:47:37,852 - httpcore.http11 - DEBUG - receive_response_body.complete
2025-06-21 02:47:37,852 - httpcore.http11 - DEBUG - response_closed.started
2025-06-21 02:47:37,853 - httpcore.http11 - DEBUG - response_closed.complete
2025-06-21 02:47:37,853 - telegram.ext.ExtBot - DEBUG - True
2025-06-21 02:47:37,855 - telegram.ext.ExtBot - DEBUG - Exiting: answer_callback_query
2025-06-21 02:47:37,855 - __main__ - INFO - Processing action: show_balance
2025-06-21 02:47:37,856 - __main__ - INFO - Processing show_balance action
2025-06-21 02:47:37,857 - __main__ - INFO - Reading wallet balance from: C:\Users\Rachid Aitali\OneDrive - 4JM Solutions Limited\Desktop\SniperX\SniperX\SniperX-V3\wallet_balance.json
2025-06-21 02:47:37,860 - __main__ - DEBUG - Raw wallet balance data: {'sol': '0.001771443', 'usd': '0.24879916935', 'sol_price': '140.45', 'timestamp': 1750470442.4840214}
2025-06-21 02:47:37,861 - __main__ - INFO - Successfully read balance - SOL: 0.001771443, USD: 0.24879916935, Age: 0.3 minutes
2025-06-21 02:47:37,861 - __main__ - INFO - Current balance after read: {'sol': Decimal('0.001771443'), 'usd': Decimal('0.24879916935'), 'timestamp': 1750470442.4840214}
2025-06-21 02:47:37,862 - __main__ - INFO - Wallet manager not running, attempting to start it
2025-06-21 02:47:37,862 - __main__ - INFO - Starting wallet manager from: C:\Users\Rachid Aitali\OneDrive - 4JM Solutions Limited\Desktop\SniperX\SniperX\SniperX-V3\wallet_manager.py
2025-06-21 02:47:37,896 - __main__ - INFO - Wallet manager started with PID: 9460
2025-06-21 02:47:39,913 - __main__ - INFO - Wallet manager started successfully, reading balance...
2025-06-21 02:47:39,914 - __main__ - INFO - Reading wallet balance from: C:\Users\Rachid Aitali\OneDrive - 4JM Solutions Limited\Desktop\SniperX\SniperX\SniperX-V3\wallet_balance.json
2025-06-21 02:47:39,915 - __main__ - DEBUG - Raw wallet balance data: {'sol': '0.001771443', 'usd': '0.24879916935', 'sol_price': '140.45', 'timestamp': 1750470442.4840214}
2025-06-21 02:47:39,915 - __main__ - INFO - Successfully read balance - SOL: 0.001771443, USD: 0.24879916935, Age: 0.3 minutes
2025-06-21 02:47:39,915 - __main__ - INFO - Balance after wallet manager start: {'sol': Decimal('0.001771443'), 'usd': Decimal('0.24879916935'), 'timestamp': 1750470442.4840214}
2025-06-21 02:47:39,915 - __main__ - INFO - Balance retrieved successfully
2025-06-21 02:47:39,915 - telegram.ext.ExtBot - DEBUG - Entering: edit_message_text
2025-06-21 02:47:39,915 - httpcore.http11 - DEBUG - send_request_headers.started request=<Request [b'POST']>
2025-06-21 02:47:39,922 - httpcore.http11 - DEBUG - send_request_headers.complete
2025-06-21 02:47:39,922 - httpcore.http11 - DEBUG - send_request_body.started request=<Request [b'POST']>
2025-06-21 02:47:39,922 - httpcore.http11 - DEBUG - send_request_body.complete
2025-06-21 02:47:39,922 - httpcore.http11 - DEBUG - receive_response_headers.started request=<Request [b'POST']>
2025-06-21 02:47:40,060 - httpcore.http11 - DEBUG - receive_response_headers.complete return_value=(b'HTTP/1.1', 200, b'OK', [(b'Server', b'nginx/1.18.0'), (b'Date', b'Sat, 21 Jun 2025 01:47:39 GMT'), (b'Content-Type', b'application/json'), (b'Content-Length', b'496'), (b'Connection', b'keep-alive'), (b'Strict-Transport-Security', b'max-age=31536000; includeSubDomains; preload'), (b'Access-Control-Allow-Origin', b'*'), (b'Access-Control-Allow-Methods', b'GET, POST, OPTIONS'), (b'Access-Control-Expose-Headers', b'Content-Length,Content-Type,Date,Server,Connection')])
2025-06-21 02:47:40,062 - httpx - INFO - HTTP Request: POST https://api.telegram.org/bot7707158318:AAE8rWa4Q8Z_3avql6K0HAmXaooZAReoNF0/editMessageText "HTTP/1.1 200 OK"
2025-06-21 02:47:40,064 - httpcore.http11 - DEBUG - receive_response_body.started request=<Request [b'POST']>
2025-06-21 02:47:40,064 - httpcore.http11 - DEBUG - receive_response_body.complete
2025-06-21 02:47:40,064 - httpcore.http11 - DEBUG - response_closed.started
2025-06-21 02:47:40,065 - httpcore.http11 - DEBUG - response_closed.complete
2025-06-21 02:47:40,065 - telegram.ext.ExtBot - DEBUG - Message(channel_chat_created=False, chat=Chat(first_name='Ghost', id=7049055170, last_name='Number1', type=<ChatType.PRIVATE>), date=datetime.datetime(2025, 6, 21, 1, 47, 22, tzinfo=<UTC>), delete_chat_photo=False, edit_date=datetime.datetime(2025, 6, 21, 1, 47, 39, tzinfo=<UTC>), from_user=User(first_name='SPRD', id=7707158318, is_bot=True, username='tizi91Bot'), group_chat_created=False, message_id=5736, reply_markup=InlineKeyboardMarkup(inline_keyboard=((InlineKeyboardButton(callback_data='show_balance', text='🔄 Refresh'), InlineKeyboardButton(callback_data='back_to_menu', text='🔙 Back to Menu')),)), supergroup_chat_created=False, text='Current Balance:\nSOL: 0.001771\nUSD: $0.25\n\nLast Update: 02:47:22')
2025-06-21 02:47:40,067 - telegram.ext.ExtBot - DEBUG - Exiting: edit_message_text
2025-06-21 02:47:41,595 - httpcore.http11 - DEBUG - receive_response_headers.complete return_value=(b'HTTP/1.1', 200, b'OK', [(b'Server', b'nginx/1.18.0'), (b'Date', b'Sat, 21 Jun 2025 01:47:41 GMT'), (b'Content-Type', b'application/json'), (b'Content-Length', b'743'), (b'Connection', b'keep-alive'), (b'Strict-Transport-Security', b'max-age=31536000; includeSubDomains; preload'), (b'Access-Control-Allow-Origin', b'*'), (b'Access-Control-Allow-Methods', b'GET, POST, OPTIONS'), (b'Access-Control-Expose-Headers', b'Content-Length,Content-Type,Date,Server,Connection')])
2025-06-21 02:47:41,597 - httpx - INFO - HTTP Request: POST https://api.telegram.org/bot7707158318:AAE8rWa4Q8Z_3avql6K0HAmXaooZAReoNF0/getUpdates "HTTP/1.1 200 OK"
2025-06-21 02:47:41,617 - httpcore.http11 - DEBUG - receive_response_body.started request=<Request [b'POST']>
2025-06-21 02:47:41,618 - httpcore.http11 - DEBUG - receive_response_body.complete
2025-06-21 02:47:41,618 - httpcore.http11 - DEBUG - response_closed.started
2025-06-21 02:47:41,619 - httpcore.http11 - DEBUG - response_closed.complete
2025-06-21 02:47:41,619 - telegram.ext.ExtBot - DEBUG - Getting updates: [37529948]
2025-06-21 02:47:41,622 - telegram.ext.ExtBot - DEBUG - (Update(callback_query=CallbackQuery(chat_instance='-1307310250263184334', data='show_balance', from_user=User(first_name='Ghost', id=7049055170, is_bot=False, language_code='en', last_name='Number1'), id='2605345313024676340', message=Message(channel_chat_created=False, chat=Chat(first_name='Ghost', id=7049055170, last_name='Number1', type=<ChatType.PRIVATE>), date=datetime.datetime(2025, 6, 21, 1, 47, 22, tzinfo=<UTC>), delete_chat_photo=False, edit_date=datetime.datetime(2025, 6, 21, 1, 47, 39, tzinfo=<UTC>), from_user=User(first_name='SPRD', id=7707158318, is_bot=True, username='tizi91Bot'), group_chat_created=False, message_id=5736, reply_markup=InlineKeyboardMarkup(inline_keyboard=((InlineKeyboardButton(callback_data='show_balance', text='🔄 Refresh'), InlineKeyboardButton(callback_data='back_to_menu', text='🔙 Back to Menu')),)), supergroup_chat_created=False, text='Current Balance:\nSOL: 0.001771\nUSD: $0.25\n\nLast Update: 02:47:22')), update_id=37529948),)
2025-06-21 02:47:41,622 - telegram.ext.ExtBot - DEBUG - Exiting: get_updates
2025-06-21 02:47:41,622 - telegram.ext.ExtBot - DEBUG - Entering: get_updates
2025-06-21 02:47:41,626 - telegram.ext.Application - DEBUG - Processing update Update(callback_query=CallbackQuery(chat_instance='-1307310250263184334', data='show_balance', from_user=User(first_name='Ghost', id=7049055170, is_bot=False, language_code='en', last_name='Number1'), id='2605345313024676340', message=Message(channel_chat_created=False, chat=Chat(first_name='Ghost', id=7049055170, last_name='Number1', type=<ChatType.PRIVATE>), date=datetime.datetime(2025, 6, 21, 1, 47, 22, tzinfo=<UTC>), delete_chat_photo=False, edit_date=datetime.datetime(2025, 6, 21, 1, 47, 39, tzinfo=<UTC>), from_user=User(first_name='SPRD', id=7707158318, is_bot=True, username='tizi91Bot'), group_chat_created=False, message_id=5736, reply_markup=InlineKeyboardMarkup(inline_keyboard=((InlineKeyboardButton(callback_data='show_balance', text='🔄 Refresh'), InlineKeyboardButton(callback_data='back_to_menu', text='🔙 Back to Menu')),)), supergroup_chat_created=False, text='Current Balance:\nSOL: 0.001771\nUSD: $0.25\n\nLast Update: 02:47:22')), update_id=37529948)
2025-06-21 02:47:41,626 - __main__ - INFO - Button callback received: Update(callback_query=CallbackQuery(chat_instance='-1307310250263184334', data='show_balance', from_user=User(first_name='Ghost', id=7049055170, is_bot=False, language_code='en', last_name='Number1'), id='2605345313024676340', message=Message(channel_chat_created=False, chat=Chat(first_name='Ghost', id=7049055170, last_name='Number1', type=<ChatType.PRIVATE>), date=datetime.datetime(2025, 6, 21, 1, 47, 22, tzinfo=<UTC>), delete_chat_photo=False, edit_date=datetime.datetime(2025, 6, 21, 1, 47, 39, tzinfo=<UTC>), from_user=User(first_name='SPRD', id=7707158318, is_bot=True, username='tizi91Bot'), group_chat_created=False, message_id=5736, reply_markup=InlineKeyboardMarkup(inline_keyboard=((InlineKeyboardButton(callback_data='show_balance', text='🔄 Refresh'), InlineKeyboardButton(callback_data='back_to_menu', text='🔙 Back to Menu')),)), supergroup_chat_created=False, text='Current Balance:\nSOL: 0.001771\nUSD: $0.25\n\nLast Update: 02:47:22')), update_id=37529948)
2025-06-21 02:47:41,630 - telegram.ext.ExtBot - DEBUG - Entering: answer_callback_query
2025-06-21 02:47:41,632 - httpcore.http11 - DEBUG - send_request_headers.started request=<Request [b'POST']>
2025-06-21 02:47:41,635 - httpcore.http11 - DEBUG - send_request_headers.started request=<Request [b'POST']>
2025-06-21 02:47:41,635 - httpcore.http11 - DEBUG - send_request_headers.complete
2025-06-21 02:47:41,635 - httpcore.http11 - DEBUG - send_request_body.started request=<Request [b'POST']>
2025-06-21 02:47:41,637 - httpcore.http11 - DEBUG - send_request_headers.complete
2025-06-21 02:47:41,637 - httpcore.http11 - DEBUG - send_request_body.started request=<Request [b'POST']>
2025-06-21 02:47:41,637 - httpcore.http11 - DEBUG - send_request_body.complete
2025-06-21 02:47:41,637 - httpcore.http11 - DEBUG - receive_response_headers.started request=<Request [b'POST']>
2025-06-21 02:47:41,641 - httpcore.http11 - DEBUG - send_request_body.complete
2025-06-21 02:47:41,641 - httpcore.http11 - DEBUG - receive_response_headers.started request=<Request [b'POST']>
2025-06-21 02:47:41,730 - httpcore.http11 - DEBUG - receive_response_headers.complete return_value=(b'HTTP/1.1', 200, b'OK', [(b'Server', b'nginx/1.18.0'), (b'Date', b'Sat, 21 Jun 2025 01:47:41 GMT'), (b'Content-Type', b'application/json'), (b'Content-Length', b'25'), (b'Connection', b'keep-alive'), (b'Strict-Transport-Security', b'max-age=31536000; includeSubDomains; preload'), (b'Access-Control-Allow-Origin', b'*'), (b'Access-Control-Allow-Methods', b'GET, POST, OPTIONS'), (b'Access-Control-Expose-Headers', b'Content-Length,Content-Type,Date,Server,Connection')])
2025-06-21 02:47:41,733 - httpx - INFO - HTTP Request: POST https://api.telegram.org/bot7707158318:AAE8rWa4Q8Z_3avql6K0HAmXaooZAReoNF0/answerCallbackQuery "HTTP/1.1 200 OK"
2025-06-21 02:47:41,735 - httpcore.http11 - DEBUG - receive_response_body.started request=<Request [b'POST']>
2025-06-21 02:47:41,735 - httpcore.http11 - DEBUG - receive_response_body.complete
2025-06-21 02:47:41,735 - httpcore.http11 - DEBUG - response_closed.started
2025-06-21 02:47:41,735 - httpcore.http11 - DEBUG - response_closed.complete
2025-06-21 02:47:41,735 - telegram.ext.ExtBot - DEBUG - True
2025-06-21 02:47:41,737 - telegram.ext.ExtBot - DEBUG - Exiting: answer_callback_query
2025-06-21 02:47:41,737 - __main__ - INFO - Processing action: show_balance
2025-06-21 02:47:41,737 - __main__ - INFO - Processing show_balance action
2025-06-21 02:47:41,737 - __main__ - INFO - Reading wallet balance from: C:\Users\Rachid Aitali\OneDrive - 4JM Solutions Limited\Desktop\SniperX\SniperX\SniperX-V3\wallet_balance.json
2025-06-21 02:47:41,737 - __main__ - DEBUG - Raw wallet balance data: {'sol': '0.001771443', 'usd': '0.24879916935', 'sol_price': '140.45', 'timestamp': 1750470460.4720128}
2025-06-21 02:47:41,737 - __main__ - INFO - Successfully read balance - SOL: 0.001771443, USD: 0.24879916935, Age: 0.0 minutes
2025-06-21 02:47:41,737 - __main__ - INFO - Current balance after read: {'sol': Decimal('0.001771443'), 'usd': Decimal('0.24879916935'), 'timestamp': 1750470460.4720128}
2025-06-21 02:47:41,737 - __main__ - INFO - Wallet manager not running, attempting to start it
2025-06-21 02:47:41,741 - __main__ - INFO - Starting wallet manager from: C:\Users\Rachid Aitali\OneDrive - 4JM Solutions Limited\Desktop\SniperX\SniperX\SniperX-V3\wallet_manager.py
2025-06-21 02:47:41,799 - __main__ - INFO - Wallet manager started with PID: 21548
2025-06-21 02:47:43,810 - __main__ - INFO - Wallet manager started successfully, reading balance...
2025-06-21 02:47:43,813 - __main__ - INFO - Reading wallet balance from: C:\Users\Rachid Aitali\OneDrive - 4JM Solutions Limited\Desktop\SniperX\SniperX\SniperX-V3\wallet_balance.json
2025-06-21 02:47:43,816 - __main__ - DEBUG - Raw wallet balance data: {'sol': '0.001771443', 'usd': '0.24879916935', 'sol_price': '140.45', 'timestamp': 1750470460.4720128}
2025-06-21 02:47:43,816 - __main__ - INFO - Successfully read balance - SOL: 0.001771443, USD: 0.24879916935, Age: 0.1 minutes
2025-06-21 02:47:43,816 - __main__ - INFO - Balance after wallet manager start: {'sol': Decimal('0.001771443'), 'usd': Decimal('0.24879916935'), 'timestamp': 1750470460.4720128}
2025-06-21 02:47:43,820 - __main__ - INFO - Balance retrieved successfully
2025-06-21 02:47:43,821 - telegram.ext.ExtBot - DEBUG - Entering: edit_message_text
2025-06-21 02:47:43,824 - httpcore.http11 - DEBUG - send_request_headers.started request=<Request [b'POST']>
2025-06-21 02:47:43,827 - httpcore.http11 - DEBUG - send_request_headers.complete
2025-06-21 02:47:43,828 - httpcore.http11 - DEBUG - send_request_body.started request=<Request [b'POST']>
2025-06-21 02:47:43,830 - httpcore.http11 - DEBUG - send_request_body.complete
2025-06-21 02:47:43,832 - httpcore.http11 - DEBUG - receive_response_headers.started request=<Request [b'POST']>
2025-06-21 02:47:44,052 - httpcore.http11 - DEBUG - receive_response_headers.complete return_value=(b'HTTP/1.1', 200, b'OK', [(b'Server', b'nginx/1.18.0'), (b'Date', b'Sat, 21 Jun 2025 01:47:43 GMT'), (b'Content-Type', b'application/json'), (b'Content-Length', b'496'), (b'Connection', b'keep-alive'), (b'Strict-Transport-Security', b'max-age=31536000; includeSubDomains; preload'), (b'Access-Control-Allow-Origin', b'*'), (b'Access-Control-Allow-Methods', b'GET, POST, OPTIONS'), (b'Access-Control-Expose-Headers', b'Content-Length,Content-Type,Date,Server,Connection')])
2025-06-21 02:47:44,052 - httpx - INFO - HTTP Request: POST https://api.telegram.org/bot7707158318:AAE8rWa4Q8Z_3avql6K0HAmXaooZAReoNF0/editMessageText "HTTP/1.1 200 OK"
2025-06-21 02:47:44,054 - httpcore.http11 - DEBUG - receive_response_body.started request=<Request [b'POST']>
2025-06-21 02:47:44,054 - httpcore.http11 - DEBUG - receive_response_body.complete
2025-06-21 02:47:44,054 - httpcore.http11 - DEBUG - response_closed.started
2025-06-21 02:47:44,054 - httpcore.http11 - DEBUG - response_closed.complete
2025-06-21 02:47:44,054 - telegram.ext.ExtBot - DEBUG - Message(channel_chat_created=False, chat=Chat(first_name='Ghost', id=7049055170, last_name='Number1', type=<ChatType.PRIVATE>), date=datetime.datetime(2025, 6, 21, 1, 47, 22, tzinfo=<UTC>), delete_chat_photo=False, edit_date=datetime.datetime(2025, 6, 21, 1, 47, 43, tzinfo=<UTC>), from_user=User(first_name='SPRD', id=7707158318, is_bot=True, username='tizi91Bot'), group_chat_created=False, message_id=5736, reply_markup=InlineKeyboardMarkup(inline_keyboard=((InlineKeyboardButton(callback_data='show_balance', text='🔄 Refresh'), InlineKeyboardButton(callback_data='back_to_menu', text='🔙 Back to Menu')),)), supergroup_chat_created=False, text='Current Balance:\nSOL: 0.001771\nUSD: $0.25\n\nLast Update: 02:47:40')
2025-06-21 02:47:44,058 - telegram.ext.ExtBot - DEBUG - Exiting: edit_message_text
2025-06-21 02:47:45,974 - httpcore.http11 - DEBUG - receive_response_headers.complete return_value=(b'HTTP/1.1', 200, b'OK', [(b'Server', b'nginx/1.18.0'), (b'Date', b'Sat, 21 Jun 2025 01:47:45 GMT'), (b'Content-Type', b'application/json'), (b'Content-Length', b'743'), (b'Connection', b'keep-alive'), (b'Strict-Transport-Security', b'max-age=31536000; includeSubDomains; preload'), (b'Access-Control-Allow-Origin', b'*'), (b'Access-Control-Allow-Methods', b'GET, POST, OPTIONS'), (b'Access-Control-Expose-Headers', b'Content-Length,Content-Type,Date,Server,Connection')])
2025-06-21 02:47:45,974 - httpx - INFO - HTTP Request: POST https://api.telegram.org/bot7707158318:AAE8rWa4Q8Z_3avql6K0HAmXaooZAReoNF0/getUpdates "HTTP/1.1 200 OK"
2025-06-21 02:47:45,991 - httpcore.http11 - DEBUG - receive_response_body.started request=<Request [b'POST']>
2025-06-21 02:47:45,991 - httpcore.http11 - DEBUG - receive_response_body.complete
2025-06-21 02:47:45,992 - httpcore.http11 - DEBUG - response_closed.started
2025-06-21 02:47:45,993 - httpcore.http11 - DEBUG - response_closed.complete
2025-06-21 02:47:45,993 - telegram.ext.ExtBot - DEBUG - Getting updates: [37529949]
2025-06-21 02:47:45,994 - telegram.ext.ExtBot - DEBUG - (Update(callback_query=CallbackQuery(chat_instance='-1307310250263184334', data='back_to_menu', from_user=User(first_name='Ghost', id=7049055170, is_bot=False, language_code='en', last_name='Number1'), id='2605345315596268660', message=Message(channel_chat_created=False, chat=Chat(first_name='Ghost', id=7049055170, last_name='Number1', type=<ChatType.PRIVATE>), date=datetime.datetime(2025, 6, 21, 1, 47, 22, tzinfo=<UTC>), delete_chat_photo=False, edit_date=datetime.datetime(2025, 6, 21, 1, 47, 43, tzinfo=<UTC>), from_user=User(first_name='SPRD', id=7707158318, is_bot=True, username='tizi91Bot'), group_chat_created=False, message_id=5736, reply_markup=InlineKeyboardMarkup(inline_keyboard=((InlineKeyboardButton(callback_data='show_balance', text='🔄 Refresh'), InlineKeyboardButton(callback_data='back_to_menu', text='🔙 Back to Menu')),)), supergroup_chat_created=False, text='Current Balance:\nSOL: 0.001771\nUSD: $0.25\n\nLast Update: 02:47:40')), update_id=37529949),)
2025-06-21 02:47:45,996 - telegram.ext.ExtBot - DEBUG - Exiting: get_updates
2025-06-21 02:47:45,996 - telegram.ext.ExtBot - DEBUG - Entering: get_updates
2025-06-21 02:47:45,998 - telegram.ext.Application - DEBUG - Processing update Update(callback_query=CallbackQuery(chat_instance='-1307310250263184334', data='back_to_menu', from_user=User(first_name='Ghost', id=7049055170, is_bot=False, language_code='en', last_name='Number1'), id='2605345315596268660', message=Message(channel_chat_created=False, chat=Chat(first_name='Ghost', id=7049055170, last_name='Number1', type=<ChatType.PRIVATE>), date=datetime.datetime(2025, 6, 21, 1, 47, 22, tzinfo=<UTC>), delete_chat_photo=False, edit_date=datetime.datetime(2025, 6, 21, 1, 47, 43, tzinfo=<UTC>), from_user=User(first_name='SPRD', id=7707158318, is_bot=True, username='tizi91Bot'), group_chat_created=False, message_id=5736, reply_markup=InlineKeyboardMarkup(inline_keyboard=((InlineKeyboardButton(callback_data='show_balance', text='🔄 Refresh'), InlineKeyboardButton(callback_data='back_to_menu', text='🔙 Back to Menu')),)), supergroup_chat_created=False, text='Current Balance:\nSOL: 0.001771\nUSD: $0.25\n\nLast Update: 02:47:40')), update_id=37529949)
2025-06-21 02:47:46,001 - __main__ - INFO - Button callback received: Update(callback_query=CallbackQuery(chat_instance='-1307310250263184334', data='back_to_menu', from_user=User(first_name='Ghost', id=7049055170, is_bot=False, language_code='en', last_name='Number1'), id='2605345315596268660', message=Message(channel_chat_created=False, chat=Chat(first_name='Ghost', id=7049055170, last_name='Number1', type=<ChatType.PRIVATE>), date=datetime.datetime(2025, 6, 21, 1, 47, 22, tzinfo=<UTC>), delete_chat_photo=False, edit_date=datetime.datetime(2025, 6, 21, 1, 47, 43, tzinfo=<UTC>), from_user=User(first_name='SPRD', id=7707158318, is_bot=True, username='tizi91Bot'), group_chat_created=False, message_id=5736, reply_markup=InlineKeyboardMarkup(inline_keyboard=((InlineKeyboardButton(callback_data='show_balance', text='🔄 Refresh'), InlineKeyboardButton(callback_data='back_to_menu', text='🔙 Back to Menu')),)), supergroup_chat_created=False, text='Current Balance:\nSOL: 0.001771\nUSD: $0.25\n\nLast Update: 02:47:40')), update_id=37529949)
2025-06-21 02:47:46,002 - telegram.ext.ExtBot - DEBUG - Entering: answer_callback_query
2025-06-21 02:47:46,005 - httpcore.http11 - DEBUG - send_request_headers.started request=<Request [b'POST']>
2025-06-21 02:47:46,006 - httpcore.http11 - DEBUG - send_request_headers.started request=<Request [b'POST']>
2025-06-21 02:47:46,008 - httpcore.http11 - DEBUG - send_request_headers.complete
2025-06-21 02:47:46,008 - httpcore.http11 - DEBUG - send_request_body.started request=<Request [b'POST']>
2025-06-21 02:47:46,010 - httpcore.http11 - DEBUG - send_request_headers.complete
2025-06-21 02:47:46,010 - httpcore.http11 - DEBUG - send_request_body.started request=<Request [b'POST']>
2025-06-21 02:47:46,012 - httpcore.http11 - DEBUG - send_request_body.complete
2025-06-21 02:47:46,012 - httpcore.http11 - DEBUG - receive_response_headers.started request=<Request [b'POST']>
2025-06-21 02:47:46,014 - httpcore.http11 - DEBUG - send_request_body.complete
2025-06-21 02:47:46,014 - httpcore.http11 - DEBUG - receive_response_headers.started request=<Request [b'POST']>
2025-06-21 02:47:46,134 - httpcore.http11 - DEBUG - receive_response_headers.complete return_value=(b'HTTP/1.1', 200, b'OK', [(b'Server', b'nginx/1.18.0'), (b'Date', b'Sat, 21 Jun 2025 01:47:45 GMT'), (b'Content-Type', b'application/json'), (b'Content-Length', b'25'), (b'Connection', b'keep-alive'), (b'Strict-Transport-Security', b'max-age=31536000; includeSubDomains; preload'), (b'Access-Control-Allow-Origin', b'*'), (b'Access-Control-Allow-Methods', b'GET, POST, OPTIONS'), (b'Access-Control-Expose-Headers', b'Content-Length,Content-Type,Date,Server,Connection')])
2025-06-21 02:47:46,136 - httpx - INFO - HTTP Request: POST https://api.telegram.org/bot7707158318:AAE8rWa4Q8Z_3avql6K0HAmXaooZAReoNF0/answerCallbackQuery "HTTP/1.1 200 OK"
2025-06-21 02:47:46,138 - httpcore.http11 - DEBUG - receive_response_body.started request=<Request [b'POST']>
2025-06-21 02:47:46,138 - httpcore.http11 - DEBUG - receive_response_body.complete
2025-06-21 02:47:46,138 - httpcore.http11 - DEBUG - response_closed.started
2025-06-21 02:47:46,140 - httpcore.http11 - DEBUG - response_closed.complete
2025-06-21 02:47:46,140 - telegram.ext.ExtBot - DEBUG - True
2025-06-21 02:47:46,140 - telegram.ext.ExtBot - DEBUG - Exiting: answer_callback_query
2025-06-21 02:47:46,141 - __main__ - INFO - Processing action: back_to_menu
2025-06-21 02:47:46,142 - telegram.ext.ExtBot - DEBUG - Entering: edit_message_text
2025-06-21 02:47:46,146 - httpcore.http11 - DEBUG - send_request_headers.started request=<Request [b'POST']>
2025-06-21 02:47:46,148 - httpcore.http11 - DEBUG - send_request_headers.complete
2025-06-21 02:47:46,148 - httpcore.http11 - DEBUG - send_request_body.started request=<Request [b'POST']>
2025-06-21 02:47:46,149 - httpcore.http11 - DEBUG - send_request_body.complete
2025-06-21 02:47:46,149 - httpcore.http11 - DEBUG - receive_response_headers.started request=<Request [b'POST']>
2025-06-21 02:47:46,242 - httpcore.http11 - DEBUG - receive_response_headers.complete return_value=(b'HTTP/1.1', 200, b'OK', [(b'Server', b'nginx/1.18.0'), (b'Date', b'Sat, 21 Jun 2025 01:47:46 GMT'), (b'Content-Type', b'application/json'), (b'Content-Length', b'592'), (b'Connection', b'keep-alive'), (b'Strict-Transport-Security', b'max-age=31536000; includeSubDomains; preload'), (b'Access-Control-Allow-Origin', b'*'), (b'Access-Control-Allow-Methods', b'GET, POST, OPTIONS'), (b'Access-Control-Expose-Headers', b'Content-Length,Content-Type,Date,Server,Connection')])
2025-06-21 02:47:46,244 - httpx - INFO - HTTP Request: POST https://api.telegram.org/bot7707158318:AAE8rWa4Q8Z_3avql6K0HAmXaooZAReoNF0/editMessageText "HTTP/1.1 200 OK"
2025-06-21 02:47:46,244 - httpcore.http11 - DEBUG - receive_response_body.started request=<Request [b'POST']>
2025-06-21 02:47:46,244 - httpcore.http11 - DEBUG - receive_response_body.complete
2025-06-21 02:47:46,244 - httpcore.http11 - DEBUG - response_closed.started
2025-06-21 02:47:46,244 - httpcore.http11 - DEBUG - response_closed.complete
2025-06-21 02:47:46,247 - telegram.ext.ExtBot - DEBUG - Message(channel_chat_created=False, chat=Chat(first_name='Ghost', id=7049055170, last_name='Number1', type=<ChatType.PRIVATE>), date=datetime.datetime(2025, 6, 21, 1, 47, 22, tzinfo=<UTC>), delete_chat_photo=False, edit_date=datetime.datetime(2025, 6, 21, 1, 47, 46, tzinfo=<UTC>), from_user=User(first_name='SPRD', id=7707158318, is_bot=True, username='tizi91Bot'), group_chat_created=False, message_id=5736, reply_markup=InlineKeyboardMarkup(inline_keyboard=((InlineKeyboardButton(callback_data='start_sniperx', text='🚀 Start SniperX'),), (InlineKeyboardButton(callback_data='stop_sniperx', text='🛑 Stop SniperX'), InlineKeyboardButton(callback_data='status_sniperx', text='📊 Status')), (InlineKeyboardButton(callback_data='show_balance', text='💰 Balance'),))), supergroup_chat_created=False, text='SniperX Bot Control Panel:')
2025-06-21 02:47:46,249 - telegram.ext.ExtBot - DEBUG - Exiting: edit_message_text
2025-06-21 02:47:56,402 - httpcore.http11 - DEBUG - receive_response_headers.complete return_value=(b'HTTP/1.1', 200, b'OK', [(b'Server', b'nginx/1.18.0'), (b'Date', b'Sat, 21 Jun 2025 01:47:55 GMT'), (b'Content-Type', b'application/json'), (b'Content-Length', b'23'), (b'Connection', b'keep-alive'), (b'Strict-Transport-Security', b'max-age=31536000; includeSubDomains; preload'), (b'Access-Control-Allow-Origin', b'*'), (b'Access-Control-Allow-Methods', b'GET, POST, OPTIONS'), (b'Access-Control-Expose-Headers', b'Content-Length,Content-Type,Date,Server,Connection')])
2025-06-21 02:47:56,402 - httpx - INFO - HTTP Request: POST https://api.telegram.org/bot7707158318:AAE8rWa4Q8Z_3avql6K0HAmXaooZAReoNF0/getUpdates "HTTP/1.1 200 OK"
2025-06-21 02:47:56,405 - httpcore.http11 - DEBUG - receive_response_body.started request=<Request [b'POST']>
2025-06-21 02:47:56,406 - httpcore.http11 - DEBUG - receive_response_body.complete
2025-06-21 02:47:56,406 - httpcore.http11 - DEBUG - response_closed.started
2025-06-21 02:47:56,406 - httpcore.http11 - DEBUG - response_closed.complete
2025-06-21 02:47:56,407 - telegram.ext.ExtBot - DEBUG - No new updates found.
2025-06-21 02:47:56,407 - telegram.ext.ExtBot - DEBUG - ()
2025-06-21 02:47:56,407 - telegram.ext.ExtBot - DEBUG - Exiting: get_updates
2025-06-21 02:47:56,408 - telegram.ext.ExtBot - DEBUG - Entering: get_updates
2025-06-21 02:47:56,410 - httpcore.http11 - DEBUG - send_request_headers.started request=<Request [b'POST']>
2025-06-21 02:47:56,411 - httpcore.http11 - DEBUG - send_request_headers.complete
2025-06-21 02:47:56,411 - httpcore.http11 - DEBUG - send_request_body.started request=<Request [b'POST']>
2025-06-21 02:47:56,412 - httpcore.http11 - DEBUG - send_request_body.complete
2025-06-21 02:47:56,412 - httpcore.http11 - DEBUG - receive_response_headers.started request=<Request [b'POST']>
2025-06-21 02:48:06,637 - httpcore.http11 - DEBUG - receive_response_headers.complete return_value=(b'HTTP/1.1', 200, b'OK', [(b'Server', b'nginx/1.18.0'), (b'Date', b'Sat, 21 Jun 2025 01:48:06 GMT'), (b'Content-Type', b'application/json'), (b'Content-Length', b'23'), (b'Connection', b'keep-alive'), (b'Strict-Transport-Security', b'max-age=31536000; includeSubDomains; preload'), (b'Access-Control-Allow-Origin', b'*'), (b'Access-Control-Allow-Methods', b'GET, POST, OPTIONS'), (b'Access-Control-Expose-Headers', b'Content-Length,Content-Type,Date,Server,Connection')])
2025-06-21 02:48:06,637 - httpx - INFO - HTTP Request: POST https://api.telegram.org/bot7707158318:AAE8rWa4Q8Z_3avql6K0HAmXaooZAReoNF0/getUpdates "HTTP/1.1 200 OK"
2025-06-21 02:48:06,639 - httpcore.http11 - DEBUG - receive_response_body.started request=<Request [b'POST']>
2025-06-21 02:48:06,640 - httpcore.http11 - DEBUG - receive_response_body.complete
2025-06-21 02:48:06,641 - httpcore.http11 - DEBUG - response_closed.started
2025-06-21 02:48:06,641 - httpcore.http11 - DEBUG - response_closed.complete
2025-06-21 02:48:06,642 - telegram.ext.ExtBot - DEBUG - No new updates found.
2025-06-21 02:48:06,642 - telegram.ext.ExtBot - DEBUG - ()
2025-06-21 02:48:06,642 - telegram.ext.ExtBot - DEBUG - Exiting: get_updates
2025-06-21 02:48:06,642 - telegram.ext.ExtBot - DEBUG - Entering: get_updates
2025-06-21 02:48:06,644 - httpcore.http11 - DEBUG - send_request_headers.started request=<Request [b'POST']>
2025-06-21 02:48:06,644 - httpcore.http11 - DEBUG - send_request_headers.complete
2025-06-21 02:48:06,644 - httpcore.http11 - DEBUG - send_request_body.started request=<Request [b'POST']>
2025-06-21 02:48:06,647 - httpcore.http11 - DEBUG - send_request_body.complete
2025-06-21 02:48:06,647 - httpcore.http11 - DEBUG - receive_response_headers.started request=<Request [b'POST']>
2025-06-21 02:48:16,885 - httpcore.http11 - DEBUG - receive_response_headers.complete return_value=(b'HTTP/1.1', 200, b'OK', [(b'Server', b'nginx/1.18.0'), (b'Date', b'Sat, 21 Jun 2025 01:48:16 GMT'), (b'Content-Type', b'application/json'), (b'Content-Length', b'23'), (b'Connection', b'keep-alive'), (b'Strict-Transport-Security', b'max-age=31536000; includeSubDomains; preload'), (b'Access-Control-Allow-Origin', b'*'), (b'Access-Control-Allow-Methods', b'GET, POST, OPTIONS'), (b'Access-Control-Expose-Headers', b'Content-Length,Content-Type,Date,Server,Connection')])
2025-06-21 02:48:16,885 - httpx - INFO - HTTP Request: POST https://api.telegram.org/bot7707158318:AAE8rWa4Q8Z_3avql6K0HAmXaooZAReoNF0/getUpdates "HTTP/1.1 200 OK"
2025-06-21 02:48:16,887 - httpcore.http11 - DEBUG - receive_response_body.started request=<Request [b'POST']>
2025-06-21 02:48:16,887 - httpcore.http11 - DEBUG - receive_response_body.complete
2025-06-21 02:48:16,887 - httpcore.http11 - DEBUG - response_closed.started
2025-06-21 02:48:16,887 - httpcore.http11 - DEBUG - response_closed.complete
2025-06-21 02:48:16,887 - telegram.ext.ExtBot - DEBUG - No new updates found.
2025-06-21 02:48:16,887 - telegram.ext.ExtBot - DEBUG - ()
2025-06-21 02:48:16,887 - telegram.ext.ExtBot - DEBUG - Exiting: get_updates
2025-06-21 02:48:16,887 - telegram.ext.ExtBot - DEBUG - Entering: get_updates
2025-06-21 02:48:16,892 - httpcore.http11 - DEBUG - send_request_headers.started request=<Request [b'POST']>
2025-06-21 02:48:16,892 - httpcore.http11 - DEBUG - send_request_headers.complete
2025-06-21 02:48:16,892 - httpcore.http11 - DEBUG - send_request_body.started request=<Request [b'POST']>
2025-06-21 02:48:16,892 - httpcore.http11 - DEBUG - send_request_body.complete
2025-06-21 02:48:16,892 - httpcore.http11 - DEBUG - receive_response_headers.started request=<Request [b'POST']>
2025-06-21 02:48:27,116 - httpcore.http11 - DEBUG - receive_response_headers.complete return_value=(b'HTTP/1.1', 200, b'OK', [(b'Server', b'nginx/1.18.0'), (b'Date', b'Sat, 21 Jun 2025 01:48:26 GMT'), (b'Content-Type', b'application/json'), (b'Content-Length', b'23'), (b'Connection', b'keep-alive'), (b'Strict-Transport-Security', b'max-age=31536000; includeSubDomains; preload'), (b'Access-Control-Allow-Origin', b'*'), (b'Access-Control-Allow-Methods', b'GET, POST, OPTIONS'), (b'Access-Control-Expose-Headers', b'Content-Length,Content-Type,Date,Server,Connection')])
2025-06-21 02:48:27,118 - httpx - INFO - HTTP Request: POST https://api.telegram.org/bot7707158318:AAE8rWa4Q8Z_3avql6K0HAmXaooZAReoNF0/getUpdates "HTTP/1.1 200 OK"
2025-06-21 02:48:27,118 - httpcore.http11 - DEBUG - receive_response_body.started request=<Request [b'POST']>
2025-06-21 02:48:27,118 - httpcore.http11 - DEBUG - receive_response_body.complete
2025-06-21 02:48:27,118 - httpcore.http11 - DEBUG - response_closed.started
2025-06-21 02:48:27,118 - httpcore.http11 - DEBUG - response_closed.complete
2025-06-21 02:48:27,122 - telegram.ext.ExtBot - DEBUG - No new updates found.
2025-06-21 02:48:27,122 - telegram.ext.ExtBot - DEBUG - ()
2025-06-21 02:48:27,122 - telegram.ext.ExtBot - DEBUG - Exiting: get_updates
2025-06-21 02:48:27,122 - telegram.ext.ExtBot - DEBUG - Entering: get_updates
2025-06-21 02:48:27,122 - httpcore.http11 - DEBUG - send_request_headers.started request=<Request [b'POST']>
2025-06-21 02:48:27,122 - httpcore.http11 - DEBUG - send_request_headers.complete
2025-06-21 02:48:27,122 - httpcore.http11 - DEBUG - send_request_body.started request=<Request [b'POST']>
2025-06-21 02:48:27,122 - httpcore.http11 - DEBUG - send_request_body.complete
2025-06-21 02:48:27,122 - httpcore.http11 - DEBUG - receive_response_headers.started request=<Request [b'POST']>
2025-06-21 02:48:37,259 - httpcore.http11 - DEBUG - receive_response_headers.complete return_value=(b'HTTP/1.1', 200, b'OK', [(b'Server', b'nginx/1.18.0'), (b'Date', b'Sat, 21 Jun 2025 01:48:36 GMT'), (b'Content-Type', b'application/json'), (b'Content-Length', b'23'), (b'Connection', b'keep-alive'), (b'Strict-Transport-Security', b'max-age=31536000; includeSubDomains; preload'), (b'Access-Control-Allow-Origin', b'*'), (b'Access-Control-Allow-Methods', b'GET, POST, OPTIONS'), (b'Access-Control-Expose-Headers', b'Content-Length,Content-Type,Date,Server,Connection')])
2025-06-21 02:48:37,260 - httpx - INFO - HTTP Request: POST https://api.telegram.org/bot7707158318:AAE8rWa4Q8Z_3avql6K0HAmXaooZAReoNF0/getUpdates "HTTP/1.1 200 OK"
2025-06-21 02:48:37,261 - httpcore.http11 - DEBUG - receive_response_body.started request=<Request [b'POST']>
2025-06-21 02:48:37,261 - httpcore.http11 - DEBUG - receive_response_body.complete
2025-06-21 02:48:37,261 - httpcore.http11 - DEBUG - response_closed.started
2025-06-21 02:48:37,261 - httpcore.http11 - DEBUG - response_closed.complete
2025-06-21 02:48:37,263 - telegram.ext.ExtBot - DEBUG - No new updates found.
2025-06-21 02:48:37,263 - telegram.ext.ExtBot - DEBUG - ()
2025-06-21 02:48:37,263 - telegram.ext.ExtBot - DEBUG - Exiting: get_updates
2025-06-21 02:48:37,263 - telegram.ext.ExtBot - DEBUG - Entering: get_updates
2025-06-21 02:48:37,266 - httpcore.http11 - DEBUG - send_request_headers.started request=<Request [b'POST']>
2025-06-21 02:48:37,266 - httpcore.http11 - DEBUG - send_request_headers.complete
2025-06-21 02:48:37,266 - httpcore.http11 - DEBUG - send_request_body.started request=<Request [b'POST']>
2025-06-21 02:48:37,268 - httpcore.http11 - DEBUG - send_request_body.complete
2025-06-21 02:48:37,268 - httpcore.http11 - DEBUG - receive_response_headers.started request=<Request [b'POST']>
2025-06-21 02:48:47,398 - httpcore.http11 - DEBUG - receive_response_headers.complete return_value=(b'HTTP/1.1', 200, b'OK', [(b'Server', b'nginx/1.18.0'), (b'Date', b'Sat, 21 Jun 2025 01:48:47 GMT'), (b'Content-Type', b'application/json'), (b'Content-Length', b'23'), (b'Connection', b'keep-alive'), (b'Strict-Transport-Security', b'max-age=31536000; includeSubDomains; preload'), (b'Access-Control-Allow-Origin', b'*'), (b'Access-Control-Allow-Methods', b'GET, POST, OPTIONS'), (b'Access-Control-Expose-Headers', b'Content-Length,Content-Type,Date,Server,Connection')])
2025-06-21 02:48:47,400 - httpx - INFO - HTTP Request: POST https://api.telegram.org/bot7707158318:AAE8rWa4Q8Z_3avql6K0HAmXaooZAReoNF0/getUpdates "HTTP/1.1 200 OK"
2025-06-21 02:48:47,402 - httpcore.http11 - DEBUG - receive_response_body.started request=<Request [b'POST']>
2025-06-21 02:48:47,402 - httpcore.http11 - DEBUG - receive_response_body.complete
2025-06-21 02:48:47,402 - httpcore.http11 - DEBUG - response_closed.started
2025-06-21 02:48:47,402 - httpcore.http11 - DEBUG - response_closed.complete
2025-06-21 02:48:47,402 - telegram.ext.ExtBot - DEBUG - No new updates found.
2025-06-21 02:48:47,404 - telegram.ext.ExtBot - DEBUG - ()
2025-06-21 02:48:47,404 - telegram.ext.ExtBot - DEBUG - Exiting: get_updates
2025-06-21 02:48:47,404 - telegram.ext.ExtBot - DEBUG - Entering: get_updates
2025-06-21 02:48:47,406 - httpcore.http11 - DEBUG - send_request_headers.started request=<Request [b'POST']>
2025-06-21 02:48:47,406 - httpcore.http11 - DEBUG - send_request_headers.complete
2025-06-21 02:48:47,406 - httpcore.http11 - DEBUG - send_request_body.started request=<Request [b'POST']>
2025-06-21 02:48:47,408 - httpcore.http11 - DEBUG - send_request_body.complete
2025-06-21 02:48:47,408 - httpcore.http11 - DEBUG - receive_response_headers.started request=<Request [b'POST']>
2025-06-21 02:48:57,635 - httpcore.http11 - DEBUG - receive_response_headers.complete return_value=(b'HTTP/1.1', 200, b'OK', [(b'Server', b'nginx/1.18.0'), (b'Date', b'Sat, 21 Jun 2025 01:48:57 GMT'), (b'Content-Type', b'application/json'), (b'Content-Length', b'23'), (b'Connection', b'keep-alive'), (b'Strict-Transport-Security', b'max-age=31536000; includeSubDomains; preload'), (b'Access-Control-Allow-Origin', b'*'), (b'Access-Control-Allow-Methods', b'GET, POST, OPTIONS'), (b'Access-Control-Expose-Headers', b'Content-Length,Content-Type,Date,Server,Connection')])
2025-06-21 02:48:57,636 - httpx - INFO - HTTP Request: POST https://api.telegram.org/bot7707158318:AAE8rWa4Q8Z_3avql6K0HAmXaooZAReoNF0/getUpdates "HTTP/1.1 200 OK"
2025-06-21 02:48:57,638 - httpcore.http11 - DEBUG - receive_response_body.started request=<Request [b'POST']>
2025-06-21 02:48:57,639 - httpcore.http11 - DEBUG - receive_response_body.complete
2025-06-21 02:48:57,639 - httpcore.http11 - DEBUG - response_closed.started
2025-06-21 02:48:57,639 - httpcore.http11 - DEBUG - response_closed.complete
2025-06-21 02:48:57,641 - telegram.ext.ExtBot - DEBUG - No new updates found.
2025-06-21 02:48:57,641 - telegram.ext.ExtBot - DEBUG - ()
2025-06-21 02:48:57,641 - telegram.ext.ExtBot - DEBUG - Exiting: get_updates
2025-06-21 02:48:57,641 - telegram.ext.ExtBot - DEBUG - Entering: get_updates
2025-06-21 02:48:57,644 - httpcore.http11 - DEBUG - send_request_headers.started request=<Request [b'POST']>
2025-06-21 02:48:57,646 - httpcore.http11 - DEBUG - send_request_headers.complete
2025-06-21 02:48:57,646 - httpcore.http11 - DEBUG - send_request_body.started request=<Request [b'POST']>
2025-06-21 02:48:57,647 - httpcore.http11 - DEBUG - send_request_body.complete
2025-06-21 02:48:57,648 - httpcore.http11 - DEBUG - receive_response_headers.started request=<Request [b'POST']>
2025-06-21 02:49:07,720 - httpcore.http11 - DEBUG - receive_response_headers.complete return_value=(b'HTTP/1.1', 200, b'OK', [(b'Server', b'nginx/1.18.0'), (b'Date', b'Sat, 21 Jun 2025 01:49:07 GMT'), (b'Content-Type', b'application/json'), (b'Content-Length', b'23'), (b'Connection', b'keep-alive'), (b'Strict-Transport-Security', b'max-age=31536000; includeSubDomains; preload'), (b'Access-Control-Allow-Origin', b'*'), (b'Access-Control-Allow-Methods', b'GET, POST, OPTIONS'), (b'Access-Control-Expose-Headers', b'Content-Length,Content-Type,Date,Server,Connection')])
2025-06-21 02:49:07,722 - httpx - INFO - HTTP Request: POST https://api.telegram.org/bot7707158318:AAE8rWa4Q8Z_3avql6K0HAmXaooZAReoNF0/getUpdates "HTTP/1.1 200 OK"
2025-06-21 02:49:07,724 - httpcore.http11 - DEBUG - receive_response_body.started request=<Request [b'POST']>
2025-06-21 02:49:07,725 - httpcore.http11 - DEBUG - receive_response_body.complete
2025-06-21 02:49:07,725 - httpcore.http11 - DEBUG - response_closed.started
2025-06-21 02:49:07,726 - httpcore.http11 - DEBUG - response_closed.complete
2025-06-21 02:49:07,727 - telegram.ext.ExtBot - DEBUG - No new updates found.
2025-06-21 02:49:07,727 - telegram.ext.ExtBot - DEBUG - ()
2025-06-21 02:49:07,727 - telegram.ext.ExtBot - DEBUG - Exiting: get_updates
2025-06-21 02:49:07,727 - telegram.ext.ExtBot - DEBUG - Entering: get_updates
2025-06-21 02:49:07,727 - httpcore.http11 - DEBUG - send_request_headers.started request=<Request [b'POST']>
2025-06-21 02:49:07,731 - httpcore.http11 - DEBUG - send_request_headers.complete
2025-06-21 02:49:07,731 - httpcore.http11 - DEBUG - send_request_body.started request=<Request [b'POST']>
2025-06-21 02:49:07,732 - httpcore.http11 - DEBUG - send_request_body.complete
2025-06-21 02:49:07,732 - httpcore.http11 - DEBUG - receive_response_headers.started request=<Request [b'POST']>
2025-06-21 02:49:17,907 - httpcore.http11 - DEBUG - receive_response_headers.complete return_value=(b'HTTP/1.1', 200, b'OK', [(b'Server', b'nginx/1.18.0'), (b'Date', b'Sat, 21 Jun 2025 01:49:17 GMT'), (b'Content-Type', b'application/json'), (b'Content-Length', b'23'), (b'Connection', b'keep-alive'), (b'Strict-Transport-Security', b'max-age=31536000; includeSubDomains; preload'), (b'Access-Control-Allow-Origin', b'*'), (b'Access-Control-Allow-Methods', b'GET, POST, OPTIONS'), (b'Access-Control-Expose-Headers', b'Content-Length,Content-Type,Date,Server,Connection')])
2025-06-21 02:49:17,909 - httpx - INFO - HTTP Request: POST https://api.telegram.org/bot7707158318:AAE8rWa4Q8Z_3avql6K0HAmXaooZAReoNF0/getUpdates "HTTP/1.1 200 OK"
2025-06-21 02:49:17,910 - httpcore.http11 - DEBUG - receive_response_body.started request=<Request [b'POST']>
2025-06-21 02:49:17,911 - httpcore.http11 - DEBUG - receive_response_body.complete
2025-06-21 02:49:17,911 - httpcore.http11 - DEBUG - response_closed.started
2025-06-21 02:49:17,911 - httpcore.http11 - DEBUG - response_closed.complete
2025-06-21 02:49:17,911 - telegram.ext.ExtBot - DEBUG - No new updates found.
2025-06-21 02:49:17,911 - telegram.ext.ExtBot - DEBUG - ()
2025-06-21 02:49:17,911 - telegram.ext.ExtBot - DEBUG - Exiting: get_updates
2025-06-21 02:49:17,911 - telegram.ext.ExtBot - DEBUG - Entering: get_updates
2025-06-21 02:49:17,915 - httpcore.http11 - DEBUG - send_request_headers.started request=<Request [b'POST']>
2025-06-21 02:49:17,915 - httpcore.http11 - DEBUG - send_request_headers.complete
2025-06-21 02:49:17,915 - httpcore.http11 - DEBUG - send_request_body.started request=<Request [b'POST']>
2025-06-21 02:49:17,915 - httpcore.http11 - DEBUG - send_request_body.complete
2025-06-21 02:49:17,915 - httpcore.http11 - DEBUG - receive_response_headers.started request=<Request [b'POST']>
2025-06-21 02:49:28,147 - httpcore.http11 - DEBUG - receive_response_headers.complete return_value=(b'HTTP/1.1', 200, b'OK', [(b'Server', b'nginx/1.18.0'), (b'Date', b'Sat, 21 Jun 2025 01:49:27 GMT'), (b'Content-Type', b'application/json'), (b'Content-Length', b'23'), (b'Connection', b'keep-alive'), (b'Strict-Transport-Security', b'max-age=31536000; includeSubDomains; preload'), (b'Access-Control-Allow-Origin', b'*'), (b'Access-Control-Allow-Methods', b'GET, POST, OPTIONS'), (b'Access-Control-Expose-Headers', b'Content-Length,Content-Type,Date,Server,Connection')])
2025-06-21 02:49:28,149 - httpx - INFO - HTTP Request: POST https://api.telegram.org/bot7707158318:AAE8rWa4Q8Z_3avql6K0HAmXaooZAReoNF0/getUpdates "HTTP/1.1 200 OK"
2025-06-21 02:49:28,151 - httpcore.http11 - DEBUG - receive_response_body.started request=<Request [b'POST']>
2025-06-21 02:49:28,152 - httpcore.http11 - DEBUG - receive_response_body.complete
2025-06-21 02:49:28,152 - httpcore.http11 - DEBUG - response_closed.started
2025-06-21 02:49:28,152 - httpcore.http11 - DEBUG - response_closed.complete
2025-06-21 02:49:28,152 - telegram.ext.ExtBot - DEBUG - No new updates found.
2025-06-21 02:49:28,152 - telegram.ext.ExtBot - DEBUG - ()
2025-06-21 02:49:28,154 - telegram.ext.ExtBot - DEBUG - Exiting: get_updates
2025-06-21 02:49:28,154 - telegram.ext.ExtBot - DEBUG - Entering: get_updates
2025-06-21 02:49:28,156 - httpcore.http11 - DEBUG - send_request_headers.started request=<Request [b'POST']>
2025-06-21 02:49:28,156 - httpcore.http11 - DEBUG - send_request_headers.complete
2025-06-21 02:49:28,156 - httpcore.http11 - DEBUG - send_request_body.started request=<Request [b'POST']>
2025-06-21 02:49:28,156 - httpcore.http11 - DEBUG - send_request_body.complete
2025-06-21 02:49:28,158 - httpcore.http11 - DEBUG - receive_response_headers.started request=<Request [b'POST']>
2025-06-21 02:49:38,385 - httpcore.http11 - DEBUG - receive_response_headers.complete return_value=(b'HTTP/1.1', 200, b'OK', [(b'Server', b'nginx/1.18.0'), (b'Date', b'Sat, 21 Jun 2025 01:49:38 GMT'), (b'Content-Type', b'application/json'), (b'Content-Length', b'23'), (b'Connection', b'keep-alive'), (b'Strict-Transport-Security', b'max-age=31536000; includeSubDomains; preload'), (b'Access-Control-Allow-Origin', b'*'), (b'Access-Control-Allow-Methods', b'GET, POST, OPTIONS'), (b'Access-Control-Expose-Headers', b'Content-Length,Content-Type,Date,Server,Connection')])
2025-06-21 02:49:38,388 - httpx - INFO - HTTP Request: POST https://api.telegram.org/bot7707158318:AAE8rWa4Q8Z_3avql6K0HAmXaooZAReoNF0/getUpdates "HTTP/1.1 200 OK"
2025-06-21 02:49:38,391 - httpcore.http11 - DEBUG - receive_response_body.started request=<Request [b'POST']>
2025-06-21 02:49:38,392 - httpcore.http11 - DEBUG - receive_response_body.complete
2025-06-21 02:49:38,392 - httpcore.http11 - DEBUG - response_closed.started
2025-06-21 02:49:38,393 - httpcore.http11 - DEBUG - response_closed.complete
2025-06-21 02:49:38,394 - telegram.ext.ExtBot - DEBUG - No new updates found.
2025-06-21 02:49:38,394 - telegram.ext.ExtBot - DEBUG - ()
2025-06-21 02:49:38,394 - telegram.ext.ExtBot - DEBUG - Exiting: get_updates
2025-06-21 02:49:38,394 - telegram.ext.ExtBot - DEBUG - Entering: get_updates
2025-06-21 02:49:38,397 - httpcore.http11 - DEBUG - send_request_headers.started request=<Request [b'POST']>
2025-06-21 02:49:38,398 - httpcore.http11 - DEBUG - send_request_headers.complete
2025-06-21 02:49:38,398 - httpcore.http11 - DEBUG - send_request_body.started request=<Request [b'POST']>
2025-06-21 02:49:38,399 - httpcore.http11 - DEBUG - send_request_body.complete
2025-06-21 02:49:38,399 - httpcore.http11 - DEBUG - receive_response_headers.started request=<Request [b'POST']>
2025-06-21 02:49:48,477 - httpcore.http11 - DEBUG - receive_response_headers.complete return_value=(b'HTTP/1.1', 200, b'OK', [(b'Server', b'nginx/1.18.0'), (b'Date', b'Sat, 21 Jun 2025 01:49:48 GMT'), (b'Content-Type', b'application/json'), (b'Content-Length', b'23'), (b'Connection', b'keep-alive'), (b'Strict-Transport-Security', b'max-age=31536000; includeSubDomains; preload'), (b'Access-Control-Allow-Origin', b'*'), (b'Access-Control-Allow-Methods', b'GET, POST, OPTIONS'), (b'Access-Control-Expose-Headers', b'Content-Length,Content-Type,Date,Server,Connection')])
2025-06-21 02:49:48,479 - httpx - INFO - HTTP Request: POST https://api.telegram.org/bot7707158318:AAE8rWa4Q8Z_3avql6K0HAmXaooZAReoNF0/getUpdates "HTTP/1.1 200 OK"
2025-06-21 02:49:48,494 - httpcore.http11 - DEBUG - receive_response_body.started request=<Request [b'POST']>
2025-06-21 02:49:48,494 - httpcore.http11 - DEBUG - receive_response_body.complete
2025-06-21 02:49:48,496 - httpcore.http11 - DEBUG - response_closed.started
2025-06-21 02:49:48,496 - httpcore.http11 - DEBUG - response_closed.complete
2025-06-21 02:49:48,496 - telegram.ext.ExtBot - DEBUG - No new updates found.
2025-06-21 02:49:48,496 - telegram.ext.ExtBot - DEBUG - ()
2025-06-21 02:49:48,498 - telegram.ext.ExtBot - DEBUG - Exiting: get_updates
2025-06-21 02:49:48,498 - telegram.ext.ExtBot - DEBUG - Entering: get_updates
2025-06-21 02:49:48,500 - httpcore.http11 - DEBUG - send_request_headers.started request=<Request [b'POST']>
2025-06-21 02:49:48,500 - httpcore.http11 - DEBUG - send_request_headers.complete
2025-06-21 02:49:48,502 - httpcore.http11 - DEBUG - send_request_body.started request=<Request [b'POST']>
2025-06-21 02:49:48,502 - httpcore.http11 - DEBUG - send_request_body.complete
2025-06-21 02:49:48,502 - httpcore.http11 - DEBUG - receive_response_headers.started request=<Request [b'POST']>
2025-06-21 02:49:58,575 - httpcore.http11 - DEBUG - receive_response_headers.complete return_value=(b'HTTP/1.1', 200, b'OK', [(b'Server', b'nginx/1.18.0'), (b'Date', b'Sat, 21 Jun 2025 01:49:58 GMT'), (b'Content-Type', b'application/json'), (b'Content-Length', b'23'), (b'Connection', b'keep-alive'), (b'Strict-Transport-Security', b'max-age=31536000; includeSubDomains; preload'), (b'Access-Control-Allow-Origin', b'*'), (b'Access-Control-Allow-Methods', b'GET, POST, OPTIONS'), (b'Access-Control-Expose-Headers', b'Content-Length,Content-Type,Date,Server,Connection')])
2025-06-21 02:49:58,577 - httpx - INFO - HTTP Request: POST https://api.telegram.org/bot7707158318:AAE8rWa4Q8Z_3avql6K0HAmXaooZAReoNF0/getUpdates "HTTP/1.1 200 OK"
2025-06-21 02:49:58,579 - httpcore.http11 - DEBUG - receive_response_body.started request=<Request [b'POST']>
2025-06-21 02:49:58,580 - httpcore.http11 - DEBUG - receive_response_body.complete
2025-06-21 02:49:58,580 - httpcore.http11 - DEBUG - response_closed.started
2025-06-21 02:49:58,580 - httpcore.http11 - DEBUG - response_closed.complete
2025-06-21 02:49:58,580 - telegram.ext.ExtBot - DEBUG - No new updates found.
2025-06-21 02:49:58,580 - telegram.ext.ExtBot - DEBUG - ()
2025-06-21 02:49:58,580 - telegram.ext.ExtBot - DEBUG - Exiting: get_updates
2025-06-21 02:49:58,580 - telegram.ext.ExtBot - DEBUG - Entering: get_updates
2025-06-21 02:49:58,584 - httpcore.http11 - DEBUG - send_request_headers.started request=<Request [b'POST']>
2025-06-21 02:49:58,584 - httpcore.http11 - DEBUG - send_request_headers.complete
2025-06-21 02:49:58,584 - httpcore.http11 - DEBUG - send_request_body.started request=<Request [b'POST']>
2025-06-21 02:49:58,584 - httpcore.http11 - DEBUG - send_request_body.complete
2025-06-21 02:49:58,586 - httpcore.http11 - DEBUG - receive_response_headers.started request=<Request [b'POST']>
2025-06-21 02:50:08,697 - httpcore.http11 - DEBUG - receive_response_headers.complete return_value=(b'HTTP/1.1', 200, b'OK', [(b'Server', b'nginx/1.18.0'), (b'Date', b'Sat, 21 Jun 2025 01:50:08 GMT'), (b'Content-Type', b'application/json'), (b'Content-Length', b'23'), (b'Connection', b'keep-alive'), (b'Strict-Transport-Security', b'max-age=31536000; includeSubDomains; preload'), (b'Access-Control-Allow-Origin', b'*'), (b'Access-Control-Allow-Methods', b'GET, POST, OPTIONS'), (b'Access-Control-Expose-Headers', b'Content-Length,Content-Type,Date,Server,Connection')])
2025-06-21 02:50:08,697 - httpx - INFO - HTTP Request: POST https://api.telegram.org/bot7707158318:AAE8rWa4Q8Z_3avql6K0HAmXaooZAReoNF0/getUpdates "HTTP/1.1 200 OK"
2025-06-21 02:50:08,699 - httpcore.http11 - DEBUG - receive_response_body.started request=<Request [b'POST']>
2025-06-21 02:50:08,699 - httpcore.http11 - DEBUG - receive_response_body.complete
2025-06-21 02:50:08,700 - httpcore.http11 - DEBUG - response_closed.started
2025-06-21 02:50:08,700 - httpcore.http11 - DEBUG - response_closed.complete
2025-06-21 02:50:08,701 - telegram.ext.ExtBot - DEBUG - No new updates found.
2025-06-21 02:50:08,701 - telegram.ext.ExtBot - DEBUG - ()
2025-06-21 02:50:08,701 - telegram.ext.ExtBot - DEBUG - Exiting: get_updates
2025-06-21 02:50:08,701 - telegram.ext.ExtBot - DEBUG - Entering: get_updates
2025-06-21 02:50:08,703 - httpcore.http11 - DEBUG - send_request_headers.started request=<Request [b'POST']>
2025-06-21 02:50:08,705 - httpcore.http11 - DEBUG - send_request_headers.complete
2025-06-21 02:50:08,705 - httpcore.http11 - DEBUG - send_request_body.started request=<Request [b'POST']>
2025-06-21 02:50:08,705 - httpcore.http11 - DEBUG - send_request_body.complete
2025-06-21 02:50:08,705 - httpcore.http11 - DEBUG - receive_response_headers.started request=<Request [b'POST']>
2025-06-21 02:50:18,843 - httpcore.http11 - DEBUG - receive_response_headers.complete return_value=(b'HTTP/1.1', 200, b'OK', [(b'Server', b'nginx/1.18.0'), (b'Date', b'Sat, 21 Jun 2025 01:50:18 GMT'), (b'Content-Type', b'application/json'), (b'Content-Length', b'23'), (b'Connection', b'keep-alive'), (b'Strict-Transport-Security', b'max-age=31536000; includeSubDomains; preload'), (b'Access-Control-Allow-Origin', b'*'), (b'Access-Control-Allow-Methods', b'GET, POST, OPTIONS'), (b'Access-Control-Expose-Headers', b'Content-Length,Content-Type,Date,Server,Connection')])
2025-06-21 02:50:18,843 - httpx - INFO - HTTP Request: POST https://api.telegram.org/bot7707158318:AAE8rWa4Q8Z_3avql6K0HAmXaooZAReoNF0/getUpdates "HTTP/1.1 200 OK"
2025-06-21 02:50:18,846 - httpcore.http11 - DEBUG - receive_response_body.started request=<Request [b'POST']>
2025-06-21 02:50:18,847 - httpcore.http11 - DEBUG - receive_response_body.complete
2025-06-21 02:50:18,847 - httpcore.http11 - DEBUG - response_closed.started
2025-06-21 02:50:18,847 - httpcore.http11 - DEBUG - response_closed.complete
2025-06-21 02:50:18,847 - telegram.ext.ExtBot - DEBUG - No new updates found.
2025-06-21 02:50:18,847 - telegram.ext.ExtBot - DEBUG - ()
2025-06-21 02:50:18,847 - telegram.ext.ExtBot - DEBUG - Exiting: get_updates
2025-06-21 02:50:18,847 - telegram.ext.ExtBot - DEBUG - Entering: get_updates
2025-06-21 02:50:18,850 - httpcore.http11 - DEBUG - send_request_headers.started request=<Request [b'POST']>
2025-06-21 02:50:18,851 - httpcore.http11 - DEBUG - send_request_headers.complete
2025-06-21 02:50:18,851 - httpcore.http11 - DEBUG - send_request_body.started request=<Request [b'POST']>
2025-06-21 02:50:18,851 - httpcore.http11 - DEBUG - send_request_body.complete
2025-06-21 02:50:18,851 - httpcore.http11 - DEBUG - receive_response_headers.started request=<Request [b'POST']>
2025-06-21 02:50:29,172 - httpcore.http11 - DEBUG - receive_response_headers.complete return_value=(b'HTTP/1.1', 200, b'OK', [(b'Server', b'nginx/1.18.0'), (b'Date', b'Sat, 21 Jun 2025 01:50:28 GMT'), (b'Content-Type', b'application/json'), (b'Content-Length', b'23'), (b'Connection', b'keep-alive'), (b'Strict-Transport-Security', b'max-age=31536000; includeSubDomains; preload'), (b'Access-Control-Allow-Origin', b'*'), (b'Access-Control-Allow-Methods', b'GET, POST, OPTIONS'), (b'Access-Control-Expose-Headers', b'Content-Length,Content-Type,Date,Server,Connection')])
2025-06-21 02:50:29,180 - httpx - INFO - HTTP Request: POST https://api.telegram.org/bot7707158318:AAE8rWa4Q8Z_3avql6K0HAmXaooZAReoNF0/getUpdates "HTTP/1.1 200 OK"
2025-06-21 02:50:29,181 - httpcore.http11 - DEBUG - receive_response_body.started request=<Request [b'POST']>
2025-06-21 02:50:29,181 - httpcore.http11 - DEBUG - receive_response_body.complete
2025-06-21 02:50:29,181 - httpcore.http11 - DEBUG - response_closed.started
2025-06-21 02:50:29,181 - httpcore.http11 - DEBUG - response_closed.complete
2025-06-21 02:50:29,183 - telegram.ext.ExtBot - DEBUG - No new updates found.
2025-06-21 02:50:29,183 - telegram.ext.ExtBot - DEBUG - ()
2025-06-21 02:50:29,183 - telegram.ext.ExtBot - DEBUG - Exiting: get_updates
2025-06-21 02:50:29,183 - telegram.ext.ExtBot - DEBUG - Entering: get_updates
2025-06-21 02:50:29,185 - httpcore.http11 - DEBUG - send_request_headers.started request=<Request [b'POST']>
2025-06-21 02:50:29,187 - httpcore.http11 - DEBUG - send_request_headers.complete
2025-06-21 02:50:29,187 - httpcore.http11 - DEBUG - send_request_body.started request=<Request [b'POST']>
2025-06-21 02:50:29,187 - httpcore.http11 - DEBUG - send_request_body.complete
2025-06-21 02:50:29,187 - httpcore.http11 - DEBUG - receive_response_headers.started request=<Request [b'POST']>
2025-06-21 02:50:39,280 - httpcore.http11 - DEBUG - receive_response_headers.complete return_value=(b'HTTP/1.1', 200, b'OK', [(b'Server', b'nginx/1.18.0'), (b'Date', b'Sat, 21 Jun 2025 01:50:39 GMT'), (b'Content-Type', b'application/json'), (b'Content-Length', b'23'), (b'Connection', b'keep-alive'), (b'Strict-Transport-Security', b'max-age=31536000; includeSubDomains; preload'), (b'Access-Control-Allow-Origin', b'*'), (b'Access-Control-Allow-Methods', b'GET, POST, OPTIONS'), (b'Access-Control-Expose-Headers', b'Content-Length,Content-Type,Date,Server,Connection')])
2025-06-21 02:50:39,283 - httpx - INFO - HTTP Request: POST https://api.telegram.org/bot7707158318:AAE8rWa4Q8Z_3avql6K0HAmXaooZAReoNF0/getUpdates "HTTP/1.1 200 OK"
2025-06-21 02:50:39,285 - httpcore.http11 - DEBUG - receive_response_body.started request=<Request [b'POST']>
2025-06-21 02:50:39,285 - httpcore.http11 - DEBUG - receive_response_body.complete
2025-06-21 02:50:39,286 - httpcore.http11 - DEBUG - response_closed.started
2025-06-21 02:50:39,287 - httpcore.http11 - DEBUG - response_closed.complete
2025-06-21 02:50:39,287 - telegram.ext.ExtBot - DEBUG - No new updates found.
2025-06-21 02:50:39,287 - telegram.ext.ExtBot - DEBUG - ()
2025-06-21 02:50:39,287 - telegram.ext.ExtBot - DEBUG - Exiting: get_updates
2025-06-21 02:50:39,287 - telegram.ext.ExtBot - DEBUG - Entering: get_updates
2025-06-21 02:50:39,292 - httpcore.http11 - DEBUG - send_request_headers.started request=<Request [b'POST']>
2025-06-21 02:50:39,294 - httpcore.http11 - DEBUG - send_request_headers.complete
2025-06-21 02:50:39,294 - httpcore.http11 - DEBUG - send_request_body.started request=<Request [b'POST']>
2025-06-21 02:50:39,296 - httpcore.http11 - DEBUG - send_request_body.complete
2025-06-21 02:50:39,296 - httpcore.http11 - DEBUG - receive_response_headers.started request=<Request [b'POST']>
2025-06-21 02:50:49,374 - httpcore.http11 - DEBUG - receive_response_headers.complete return_value=(b'HTTP/1.1', 200, b'OK', [(b'Server', b'nginx/1.18.0'), (b'Date', b'Sat, 21 Jun 2025 01:50:49 GMT'), (b'Content-Type', b'application/json'), (b'Content-Length', b'23'), (b'Connection', b'keep-alive'), (b'Strict-Transport-Security', b'max-age=31536000; includeSubDomains; preload'), (b'Access-Control-Allow-Origin', b'*'), (b'Access-Control-Allow-Methods', b'GET, POST, OPTIONS'), (b'Access-Control-Expose-Headers', b'Content-Length,Content-Type,Date,Server,Connection')])
2025-06-21 02:50:49,374 - httpx - INFO - HTTP Request: POST https://api.telegram.org/bot7707158318:AAE8rWa4Q8Z_3avql6K0HAmXaooZAReoNF0/getUpdates "HTTP/1.1 200 OK"
2025-06-21 02:50:49,379 - httpcore.http11 - DEBUG - receive_response_body.started request=<Request [b'POST']>
2025-06-21 02:50:49,380 - httpcore.http11 - DEBUG - receive_response_body.complete
2025-06-21 02:50:49,381 - httpcore.http11 - DEBUG - response_closed.started
2025-06-21 02:50:49,381 - httpcore.http11 - DEBUG - response_closed.complete
2025-06-21 02:50:49,381 - telegram.ext.ExtBot - DEBUG - No new updates found.
2025-06-21 02:50:49,381 - telegram.ext.ExtBot - DEBUG - ()
2025-06-21 02:50:49,383 - telegram.ext.ExtBot - DEBUG - Exiting: get_updates
2025-06-21 02:50:49,383 - telegram.ext.ExtBot - DEBUG - Entering: get_updates
2025-06-21 02:50:49,387 - httpcore.http11 - DEBUG - send_request_headers.started request=<Request [b'POST']>
2025-06-21 02:50:49,388 - httpcore.http11 - DEBUG - send_request_headers.complete
2025-06-21 02:50:49,388 - httpcore.http11 - DEBUG - send_request_body.started request=<Request [b'POST']>
2025-06-21 02:50:49,391 - httpcore.http11 - DEBUG - send_request_body.complete
2025-06-21 02:50:49,391 - httpcore.http11 - DEBUG - receive_response_headers.started request=<Request [b'POST']>
2025-06-21 02:50:59,490 - httpcore.http11 - DEBUG - receive_response_headers.complete return_value=(b'HTTP/1.1', 200, b'OK', [(b'Server', b'nginx/1.18.0'), (b'Date', b'Sat, 21 Jun 2025 01:50:59 GMT'), (b'Content-Type', b'application/json'), (b'Content-Length', b'23'), (b'Connection', b'keep-alive'), (b'Strict-Transport-Security', b'max-age=31536000; includeSubDomains; preload'), (b'Access-Control-Allow-Origin', b'*'), (b'Access-Control-Allow-Methods', b'GET, POST, OPTIONS'), (b'Access-Control-Expose-Headers', b'Content-Length,Content-Type,Date,Server,Connection')])
2025-06-21 02:50:59,490 - httpx - INFO - HTTP Request: POST https://api.telegram.org/bot7707158318:AAE8rWa4Q8Z_3avql6K0HAmXaooZAReoNF0/getUpdates "HTTP/1.1 200 OK"
2025-06-21 02:50:59,492 - httpcore.http11 - DEBUG - receive_response_body.started request=<Request [b'POST']>
2025-06-21 02:50:59,492 - httpcore.http11 - DEBUG - receive_response_body.complete
2025-06-21 02:50:59,492 - httpcore.http11 - DEBUG - response_closed.started
2025-06-21 02:50:59,492 - httpcore.http11 - DEBUG - response_closed.complete
2025-06-21 02:50:59,494 - telegram.ext.ExtBot - DEBUG - No new updates found.
2025-06-21 02:50:59,494 - telegram.ext.ExtBot - DEBUG - ()
2025-06-21 02:50:59,494 - telegram.ext.ExtBot - DEBUG - Exiting: get_updates
2025-06-21 02:50:59,494 - telegram.ext.ExtBot - DEBUG - Entering: get_updates
2025-06-21 02:50:59,496 - httpcore.http11 - DEBUG - send_request_headers.started request=<Request [b'POST']>
2025-06-21 02:50:59,498 - httpcore.http11 - DEBUG - send_request_headers.complete
2025-06-21 02:50:59,498 - httpcore.http11 - DEBUG - send_request_body.started request=<Request [b'POST']>
2025-06-21 02:50:59,500 - httpcore.http11 - DEBUG - send_request_body.complete
2025-06-21 02:50:59,500 - httpcore.http11 - DEBUG - receive_response_headers.started request=<Request [b'POST']>
2025-06-21 02:51:09,627 - httpcore.http11 - DEBUG - receive_response_headers.complete return_value=(b'HTTP/1.1', 200, b'OK', [(b'Server', b'nginx/1.18.0'), (b'Date', b'Sat, 21 Jun 2025 01:51:09 GMT'), (b'Content-Type', b'application/json'), (b'Content-Length', b'23'), (b'Connection', b'keep-alive'), (b'Strict-Transport-Security', b'max-age=31536000; includeSubDomains; preload'), (b'Access-Control-Allow-Origin', b'*'), (b'Access-Control-Allow-Methods', b'GET, POST, OPTIONS'), (b'Access-Control-Expose-Headers', b'Content-Length,Content-Type,Date,Server,Connection')])
2025-06-21 02:51:09,627 - httpx - INFO - HTTP Request: POST https://api.telegram.org/bot7707158318:AAE8rWa4Q8Z_3avql6K0HAmXaooZAReoNF0/getUpdates "HTTP/1.1 200 OK"
2025-06-21 02:51:09,627 - httpcore.http11 - DEBUG - receive_response_body.started request=<Request [b'POST']>
2025-06-21 02:51:09,630 - httpcore.http11 - DEBUG - receive_response_body.complete
2025-06-21 02:51:09,630 - httpcore.http11 - DEBUG - response_closed.started
2025-06-21 02:51:09,630 - httpcore.http11 - DEBUG - response_closed.complete
2025-06-21 02:51:09,632 - telegram.ext.ExtBot - DEBUG - No new updates found.
2025-06-21 02:51:09,633 - telegram.ext.ExtBot - DEBUG - ()
2025-06-21 02:51:09,633 - telegram.ext.ExtBot - DEBUG - Exiting: get_updates
2025-06-21 02:51:09,633 - telegram.ext.ExtBot - DEBUG - Entering: get_updates
2025-06-21 02:51:09,637 - httpcore.http11 - DEBUG - send_request_headers.started request=<Request [b'POST']>
2025-06-21 02:51:09,639 - httpcore.http11 - DEBUG - send_request_headers.complete
2025-06-21 02:51:09,639 - httpcore.http11 - DEBUG - send_request_body.started request=<Request [b'POST']>
2025-06-21 02:51:09,641 - httpcore.http11 - DEBUG - send_request_body.complete
2025-06-21 02:51:09,642 - httpcore.http11 - DEBUG - receive_response_headers.started request=<Request [b'POST']>
2025-06-21 02:51:19,716 - httpcore.http11 - DEBUG - receive_response_headers.complete return_value=(b'HTTP/1.1', 200, b'OK', [(b'Server', b'nginx/1.18.0'), (b'Date', b'Sat, 21 Jun 2025 01:51:19 GMT'), (b'Content-Type', b'application/json'), (b'Content-Length', b'23'), (b'Connection', b'keep-alive'), (b'Strict-Transport-Security', b'max-age=31536000; includeSubDomains; preload'), (b'Access-Control-Allow-Origin', b'*'), (b'Access-Control-Allow-Methods', b'GET, POST, OPTIONS'), (b'Access-Control-Expose-Headers', b'Content-Length,Content-Type,Date,Server,Connection')])
2025-06-21 02:51:19,717 - httpx - INFO - HTTP Request: POST https://api.telegram.org/bot7707158318:AAE8rWa4Q8Z_3avql6K0HAmXaooZAReoNF0/getUpdates "HTTP/1.1 200 OK"
2025-06-21 02:51:19,719 - httpcore.http11 - DEBUG - receive_response_body.started request=<Request [b'POST']>
2025-06-21 02:51:19,720 - httpcore.http11 - DEBUG - receive_response_body.complete
2025-06-21 02:51:19,720 - httpcore.http11 - DEBUG - response_closed.started
2025-06-21 02:51:19,720 - httpcore.http11 - DEBUG - response_closed.complete
2025-06-21 02:51:19,722 - telegram.ext.ExtBot - DEBUG - No new updates found.
2025-06-21 02:51:19,722 - telegram.ext.ExtBot - DEBUG - ()
2025-06-21 02:51:19,722 - telegram.ext.ExtBot - DEBUG - Exiting: get_updates
2025-06-21 02:51:19,722 - telegram.ext.ExtBot - DEBUG - Entering: get_updates
2025-06-21 02:51:19,726 - httpcore.http11 - DEBUG - send_request_headers.started request=<Request [b'POST']>
2025-06-21 02:51:19,728 - httpcore.http11 - DEBUG - send_request_headers.complete
2025-06-21 02:51:19,728 - httpcore.http11 - DEBUG - send_request_body.started request=<Request [b'POST']>
2025-06-21 02:51:19,730 - httpcore.http11 - DEBUG - send_request_body.complete
2025-06-21 02:51:19,730 - httpcore.http11 - DEBUG - receive_response_headers.started request=<Request [b'POST']>
2025-06-21 02:51:30,006 - httpcore.http11 - DEBUG - receive_response_headers.complete return_value=(b'HTTP/1.1', 200, b'OK', [(b'Server', b'nginx/1.18.0'), (b'Date', b'Sat, 21 Jun 2025 01:51:29 GMT'), (b'Content-Type', b'application/json'), (b'Content-Length', b'23'), (b'Connection', b'keep-alive'), (b'Strict-Transport-Security', b'max-age=31536000; includeSubDomains; preload'), (b'Access-Control-Allow-Origin', b'*'), (b'Access-Control-Allow-Methods', b'GET, POST, OPTIONS'), (b'Access-Control-Expose-Headers', b'Content-Length,Content-Type,Date,Server,Connection')])
2025-06-21 02:51:30,006 - httpx - INFO - HTTP Request: POST https://api.telegram.org/bot7707158318:AAE8rWa4Q8Z_3avql6K0HAmXaooZAReoNF0/getUpdates "HTTP/1.1 200 OK"
2025-06-21 02:51:30,009 - httpcore.http11 - DEBUG - receive_response_body.started request=<Request [b'POST']>
2025-06-21 02:51:30,011 - httpcore.http11 - DEBUG - receive_response_body.complete
2025-06-21 02:51:30,011 - httpcore.http11 - DEBUG - response_closed.started
2025-06-21 02:51:30,011 - httpcore.http11 - DEBUG - response_closed.complete
2025-06-21 02:51:30,011 - telegram.ext.ExtBot - DEBUG - No new updates found.
2025-06-21 02:51:30,011 - telegram.ext.ExtBot - DEBUG - ()
2025-06-21 02:51:30,011 - telegram.ext.ExtBot - DEBUG - Exiting: get_updates
2025-06-21 02:51:30,013 - telegram.ext.ExtBot - DEBUG - Entering: get_updates
2025-06-21 02:51:30,015 - httpcore.http11 - DEBUG - send_request_headers.started request=<Request [b'POST']>
2025-06-21 02:51:30,015 - httpcore.http11 - DEBUG - send_request_headers.complete
2025-06-21 02:51:30,017 - httpcore.http11 - DEBUG - send_request_body.started request=<Request [b'POST']>
2025-06-21 02:51:30,017 - httpcore.http11 - DEBUG - send_request_body.complete
2025-06-21 02:51:30,017 - httpcore.http11 - DEBUG - receive_response_headers.started request=<Request [b'POST']>
2025-06-21 02:51:40,242 - httpcore.http11 - DEBUG - receive_response_headers.complete return_value=(b'HTTP/1.1', 200, b'OK', [(b'Server', b'nginx/1.18.0'), (b'Date', b'Sat, 21 Jun 2025 01:51:39 GMT'), (b'Content-Type', b'application/json'), (b'Content-Length', b'23'), (b'Connection', b'keep-alive'), (b'Strict-Transport-Security', b'max-age=31536000; includeSubDomains; preload'), (b'Access-Control-Allow-Origin', b'*'), (b'Access-Control-Allow-Methods', b'GET, POST, OPTIONS'), (b'Access-Control-Expose-Headers', b'Content-Length,Content-Type,Date,Server,Connection')])
2025-06-21 02:51:40,243 - httpx - INFO - HTTP Request: POST https://api.telegram.org/bot7707158318:AAE8rWa4Q8Z_3avql6K0HAmXaooZAReoNF0/getUpdates "HTTP/1.1 200 OK"
2025-06-21 02:51:40,244 - httpcore.http11 - DEBUG - receive_response_body.started request=<Request [b'POST']>
2025-06-21 02:51:40,245 - httpcore.http11 - DEBUG - receive_response_body.complete
2025-06-21 02:51:40,245 - httpcore.http11 - DEBUG - response_closed.started
2025-06-21 02:51:40,247 - httpcore.http11 - DEBUG - response_closed.complete
2025-06-21 02:51:40,248 - telegram.ext.ExtBot - DEBUG - No new updates found.
2025-06-21 02:51:40,248 - telegram.ext.ExtBot - DEBUG - ()
2025-06-21 02:51:40,248 - telegram.ext.ExtBot - DEBUG - Exiting: get_updates
2025-06-21 02:51:40,249 - telegram.ext.ExtBot - DEBUG - Entering: get_updates
2025-06-21 02:51:40,252 - httpcore.http11 - DEBUG - send_request_headers.started request=<Request [b'POST']>
2025-06-21 02:51:40,254 - httpcore.http11 - DEBUG - send_request_headers.complete
2025-06-21 02:51:40,254 - httpcore.http11 - DEBUG - send_request_body.started request=<Request [b'POST']>
2025-06-21 02:51:40,256 - httpcore.http11 - DEBUG - send_request_body.complete
2025-06-21 02:51:40,256 - httpcore.http11 - DEBUG - receive_response_headers.started request=<Request [b'POST']>
2025-06-21 02:51:50,382 - httpcore.http11 - DEBUG - receive_response_headers.complete return_value=(b'HTTP/1.1', 200, b'OK', [(b'Server', b'nginx/1.18.0'), (b'Date', b'Sat, 21 Jun 2025 01:51:50 GMT'), (b'Content-Type', b'application/json'), (b'Content-Length', b'23'), (b'Connection', b'keep-alive'), (b'Strict-Transport-Security', b'max-age=31536000; includeSubDomains; preload'), (b'Access-Control-Allow-Origin', b'*'), (b'Access-Control-Allow-Methods', b'GET, POST, OPTIONS'), (b'Access-Control-Expose-Headers', b'Content-Length,Content-Type,Date,Server,Connection')])
2025-06-21 02:51:50,384 - httpx - INFO - HTTP Request: POST https://api.telegram.org/bot7707158318:AAE8rWa4Q8Z_3avql6K0HAmXaooZAReoNF0/getUpdates "HTTP/1.1 200 OK"
2025-06-21 02:51:50,386 - httpcore.http11 - DEBUG - receive_response_body.started request=<Request [b'POST']>
2025-06-21 02:51:50,387 - httpcore.http11 - DEBUG - receive_response_body.complete
2025-06-21 02:51:50,388 - httpcore.http11 - DEBUG - response_closed.started
2025-06-21 02:51:50,388 - httpcore.http11 - DEBUG - response_closed.complete
2025-06-21 02:51:50,390 - telegram.ext.ExtBot - DEBUG - No new updates found.
2025-06-21 02:51:50,390 - telegram.ext.ExtBot - DEBUG - ()
2025-06-21 02:51:50,390 - telegram.ext.ExtBot - DEBUG - Exiting: get_updates
2025-06-21 02:51:50,390 - telegram.ext.ExtBot - DEBUG - Entering: get_updates
2025-06-21 02:51:50,392 - httpcore.http11 - DEBUG - send_request_headers.started request=<Request [b'POST']>
2025-06-21 02:51:50,395 - httpcore.http11 - DEBUG - send_request_headers.complete
2025-06-21 02:51:50,395 - httpcore.http11 - DEBUG - send_request_body.started request=<Request [b'POST']>
2025-06-21 02:51:50,396 - httpcore.http11 - DEBUG - send_request_body.complete
2025-06-21 02:51:50,396 - httpcore.http11 - DEBUG - receive_response_headers.started request=<Request [b'POST']>
2025-06-21 02:52:00,518 - httpcore.http11 - DEBUG - receive_response_headers.complete return_value=(b'HTTP/1.1', 200, b'OK', [(b'Server', b'nginx/1.18.0'), (b'Date', b'Sat, 21 Jun 2025 01:52:00 GMT'), (b'Content-Type', b'application/json'), (b'Content-Length', b'23'), (b'Connection', b'keep-alive'), (b'Strict-Transport-Security', b'max-age=31536000; includeSubDomains; preload'), (b'Access-Control-Allow-Origin', b'*'), (b'Access-Control-Allow-Methods', b'GET, POST, OPTIONS'), (b'Access-Control-Expose-Headers', b'Content-Length,Content-Type,Date,Server,Connection')])
2025-06-21 02:52:00,518 - httpx - INFO - HTTP Request: POST https://api.telegram.org/bot7707158318:AAE8rWa4Q8Z_3avql6K0HAmXaooZAReoNF0/getUpdates "HTTP/1.1 200 OK"
2025-06-21 02:52:00,520 - httpcore.http11 - DEBUG - receive_response_body.started request=<Request [b'POST']>
2025-06-21 02:52:00,520 - httpcore.http11 - DEBUG - receive_response_body.complete
2025-06-21 02:52:00,522 - httpcore.http11 - DEBUG - response_closed.started
2025-06-21 02:52:00,522 - httpcore.http11 - DEBUG - response_closed.complete
2025-06-21 02:52:00,522 - telegram.ext.ExtBot - DEBUG - No new updates found.
2025-06-21 02:52:00,522 - telegram.ext.ExtBot - DEBUG - ()
2025-06-21 02:52:00,522 - telegram.ext.ExtBot - DEBUG - Exiting: get_updates
2025-06-21 02:52:00,522 - telegram.ext.ExtBot - DEBUG - Entering: get_updates
2025-06-21 02:52:00,524 - httpcore.http11 - DEBUG - send_request_headers.started request=<Request [b'POST']>
2025-06-21 02:52:00,526 - httpcore.http11 - DEBUG - send_request_headers.complete
2025-06-21 02:52:00,526 - httpcore.http11 - DEBUG - send_request_body.started request=<Request [b'POST']>
2025-06-21 02:52:00,528 - httpcore.http11 - DEBUG - send_request_body.complete
2025-06-21 02:52:00,528 - httpcore.http11 - DEBUG - receive_response_headers.started request=<Request [b'POST']>
2025-06-21 02:52:10,758 - httpcore.http11 - DEBUG - receive_response_headers.complete return_value=(b'HTTP/1.1', 200, b'OK', [(b'Server', b'nginx/1.18.0'), (b'Date', b'Sat, 21 Jun 2025 01:52:10 GMT'), (b'Content-Type', b'application/json'), (b'Content-Length', b'23'), (b'Connection', b'keep-alive'), (b'Strict-Transport-Security', b'max-age=31536000; includeSubDomains; preload'), (b'Access-Control-Allow-Origin', b'*'), (b'Access-Control-Allow-Methods', b'GET, POST, OPTIONS'), (b'Access-Control-Expose-Headers', b'Content-Length,Content-Type,Date,Server,Connection')])
2025-06-21 02:52:10,760 - httpx - INFO - HTTP Request: POST https://api.telegram.org/bot7707158318:AAE8rWa4Q8Z_3avql6K0HAmXaooZAReoNF0/getUpdates "HTTP/1.1 200 OK"
2025-06-21 02:52:10,760 - httpcore.http11 - DEBUG - receive_response_body.started request=<Request [b'POST']>
2025-06-21 02:52:10,762 - httpcore.http11 - DEBUG - receive_response_body.complete
2025-06-21 02:52:10,762 - httpcore.http11 - DEBUG - response_closed.started
2025-06-21 02:52:10,764 - httpcore.http11 - DEBUG - response_closed.complete
2025-06-21 02:52:10,765 - telegram.ext.ExtBot - DEBUG - No new updates found.
2025-06-21 02:52:10,765 - telegram.ext.ExtBot - DEBUG - ()
2025-06-21 02:52:10,766 - telegram.ext.ExtBot - DEBUG - Exiting: get_updates
2025-06-21 02:52:10,766 - telegram.ext.ExtBot - DEBUG - Entering: get_updates
2025-06-21 02:52:10,769 - httpcore.http11 - DEBUG - send_request_headers.started request=<Request [b'POST']>
2025-06-21 02:52:10,769 - httpcore.http11 - DEBUG - send_request_headers.complete
2025-06-21 02:52:10,772 - httpcore.http11 - DEBUG - send_request_body.started request=<Request [b'POST']>
2025-06-21 02:52:10,775 - httpcore.http11 - DEBUG - send_request_body.complete
2025-06-21 02:52:10,775 - httpcore.http11 - DEBUG - receive_response_headers.started request=<Request [b'POST']>
2025-06-21 02:52:21,006 - httpcore.http11 - DEBUG - receive_response_headers.complete return_value=(b'HTTP/1.1', 200, b'OK', [(b'Server', b'nginx/1.18.0'), (b'Date', b'Sat, 21 Jun 2025 01:52:20 GMT'), (b'Content-Type', b'application/json'), (b'Content-Length', b'23'), (b'Connection', b'keep-alive'), (b'Strict-Transport-Security', b'max-age=31536000; includeSubDomains; preload'), (b'Access-Control-Allow-Origin', b'*'), (b'Access-Control-Allow-Methods', b'GET, POST, OPTIONS'), (b'Access-Control-Expose-Headers', b'Content-Length,Content-Type,Date,Server,Connection')])
2025-06-21 02:52:21,007 - httpx - INFO - HTTP Request: POST https://api.telegram.org/bot7707158318:AAE8rWa4Q8Z_3avql6K0HAmXaooZAReoNF0/getUpdates "HTTP/1.1 200 OK"
2025-06-21 02:52:21,009 - httpcore.http11 - DEBUG - receive_response_body.started request=<Request [b'POST']>
2025-06-21 02:52:21,010 - httpcore.http11 - DEBUG - receive_response_body.complete
2025-06-21 02:52:21,010 - httpcore.http11 - DEBUG - response_closed.started
2025-06-21 02:52:21,011 - httpcore.http11 - DEBUG - response_closed.complete
2025-06-21 02:52:21,012 - telegram.ext.ExtBot - DEBUG - No new updates found.
2025-06-21 02:52:21,012 - telegram.ext.ExtBot - DEBUG - ()
2025-06-21 02:52:21,012 - telegram.ext.ExtBot - DEBUG - Exiting: get_updates
2025-06-21 02:52:21,012 - telegram.ext.ExtBot - DEBUG - Entering: get_updates
2025-06-21 02:52:21,017 - httpcore.http11 - DEBUG - send_request_headers.started request=<Request [b'POST']>
2025-06-21 02:52:21,019 - httpcore.http11 - DEBUG - send_request_headers.complete
2025-06-21 02:52:21,019 - httpcore.http11 - DEBUG - send_request_body.started request=<Request [b'POST']>
2025-06-21 02:52:21,021 - httpcore.http11 - DEBUG - send_request_body.complete
2025-06-21 02:52:21,021 - httpcore.http11 - DEBUG - receive_response_headers.started request=<Request [b'POST']>
2025-06-21 02:52:31,246 - httpcore.http11 - DEBUG - receive_response_headers.complete return_value=(b'HTTP/1.1', 200, b'OK', [(b'Server', b'nginx/1.18.0'), (b'Date', b'Sat, 21 Jun 2025 01:52:30 GMT'), (b'Content-Type', b'application/json'), (b'Content-Length', b'23'), (b'Connection', b'keep-alive'), (b'Strict-Transport-Security', b'max-age=31536000; includeSubDomains; preload'), (b'Access-Control-Allow-Origin', b'*'), (b'Access-Control-Allow-Methods', b'GET, POST, OPTIONS'), (b'Access-Control-Expose-Headers', b'Content-Length,Content-Type,Date,Server,Connection')])
2025-06-21 02:52:31,247 - httpx - INFO - HTTP Request: POST https://api.telegram.org/bot7707158318:AAE8rWa4Q8Z_3avql6K0HAmXaooZAReoNF0/getUpdates "HTTP/1.1 200 OK"
2025-06-21 02:52:31,249 - httpcore.http11 - DEBUG - receive_response_body.started request=<Request [b'POST']>
2025-06-21 02:52:31,249 - httpcore.http11 - DEBUG - receive_response_body.complete
2025-06-21 02:52:31,249 - httpcore.http11 - DEBUG - response_closed.started
2025-06-21 02:52:31,249 - httpcore.http11 - DEBUG - response_closed.complete
2025-06-21 02:52:31,252 - telegram.ext.ExtBot - DEBUG - No new updates found.
2025-06-21 02:52:31,252 - telegram.ext.ExtBot - DEBUG - ()
2025-06-21 02:52:31,252 - telegram.ext.ExtBot - DEBUG - Exiting: get_updates
2025-06-21 02:52:31,252 - telegram.ext.ExtBot - DEBUG - Entering: get_updates
2025-06-21 02:52:31,254 - httpcore.http11 - DEBUG - send_request_headers.started request=<Request [b'POST']>
2025-06-21 02:52:31,255 - httpcore.http11 - DEBUG - send_request_headers.complete
2025-06-21 02:52:31,255 - httpcore.http11 - DEBUG - send_request_body.started request=<Request [b'POST']>
2025-06-21 02:52:31,257 - httpcore.http11 - DEBUG - send_request_body.complete
2025-06-21 02:52:31,257 - httpcore.http11 - DEBUG - receive_response_headers.started request=<Request [b'POST']>
2025-06-21 02:52:41,489 - httpcore.http11 - DEBUG - receive_response_headers.complete return_value=(b'HTTP/1.1', 200, b'OK', [(b'Server', b'nginx/1.18.0'), (b'Date', b'Sat, 21 Jun 2025 01:52:41 GMT'), (b'Content-Type', b'application/json'), (b'Content-Length', b'23'), (b'Connection', b'keep-alive'), (b'Strict-Transport-Security', b'max-age=31536000; includeSubDomains; preload'), (b'Access-Control-Allow-Origin', b'*'), (b'Access-Control-Allow-Methods', b'GET, POST, OPTIONS'), (b'Access-Control-Expose-Headers', b'Content-Length,Content-Type,Date,Server,Connection')])
2025-06-21 02:52:41,491 - httpx - INFO - HTTP Request: POST https://api.telegram.org/bot7707158318:AAE8rWa4Q8Z_3avql6K0HAmXaooZAReoNF0/getUpdates "HTTP/1.1 200 OK"
2025-06-21 02:52:41,492 - httpcore.http11 - DEBUG - receive_response_body.started request=<Request [b'POST']>
2025-06-21 02:52:41,493 - httpcore.http11 - DEBUG - receive_response_body.complete
2025-06-21 02:52:41,493 - httpcore.http11 - DEBUG - response_closed.started
2025-06-21 02:52:41,494 - httpcore.http11 - DEBUG - response_closed.complete
2025-06-21 02:52:41,495 - telegram.ext.ExtBot - DEBUG - No new updates found.
2025-06-21 02:52:41,495 - telegram.ext.ExtBot - DEBUG - ()
2025-06-21 02:52:41,495 - telegram.ext.ExtBot - DEBUG - Exiting: get_updates
2025-06-21 02:52:41,497 - telegram.ext.ExtBot - DEBUG - Entering: get_updates
2025-06-21 02:52:41,500 - httpcore.http11 - DEBUG - send_request_headers.started request=<Request [b'POST']>
2025-06-21 02:52:41,502 - httpcore.http11 - DEBUG - send_request_headers.complete
2025-06-21 02:52:41,502 - httpcore.http11 - DEBUG - send_request_body.started request=<Request [b'POST']>
2025-06-21 02:52:41,504 - httpcore.http11 - DEBUG - send_request_body.complete
2025-06-21 02:52:41,504 - httpcore.http11 - DEBUG - receive_response_headers.started request=<Request [b'POST']>
2025-06-21 02:52:51,715 - httpcore.http11 - DEBUG - receive_response_headers.complete return_value=(b'HTTP/1.1', 200, b'OK', [(b'Server', b'nginx/1.18.0'), (b'Date', b'Sat, 21 Jun 2025 01:52:51 GMT'), (b'Content-Type', b'application/json'), (b'Content-Length', b'23'), (b'Connection', b'keep-alive'), (b'Strict-Transport-Security', b'max-age=31536000; includeSubDomains; preload'), (b'Access-Control-Allow-Origin', b'*'), (b'Access-Control-Allow-Methods', b'GET, POST, OPTIONS'), (b'Access-Control-Expose-Headers', b'Content-Length,Content-Type,Date,Server,Connection')])
2025-06-21 02:52:51,715 - httpx - INFO - HTTP Request: POST https://api.telegram.org/bot7707158318:AAE8rWa4Q8Z_3avql6K0HAmXaooZAReoNF0/getUpdates "HTTP/1.1 200 OK"
2025-06-21 02:52:51,715 - httpcore.http11 - DEBUG - receive_response_body.started request=<Request [b'POST']>
2025-06-21 02:52:51,715 - httpcore.http11 - DEBUG - receive_response_body.complete
2025-06-21 02:52:51,715 - httpcore.http11 - DEBUG - response_closed.started
2025-06-21 02:52:51,715 - httpcore.http11 - DEBUG - response_closed.complete
2025-06-21 02:52:51,722 - telegram.ext.ExtBot - DEBUG - No new updates found.
2025-06-21 02:52:51,722 - telegram.ext.ExtBot - DEBUG - ()
2025-06-21 02:52:51,722 - telegram.ext.ExtBot - DEBUG - Exiting: get_updates
2025-06-21 02:52:51,722 - telegram.ext.ExtBot - DEBUG - Entering: get_updates
2025-06-21 02:52:51,724 - httpcore.http11 - DEBUG - send_request_headers.started request=<Request [b'POST']>
2025-06-21 02:52:51,724 - httpcore.http11 - DEBUG - send_request_headers.complete
2025-06-21 02:52:51,724 - httpcore.http11 - DEBUG - send_request_body.started request=<Request [b'POST']>
2025-06-21 02:52:51,730 - httpcore.http11 - DEBUG - send_request_body.complete
2025-06-21 02:52:51,730 - httpcore.http11 - DEBUG - receive_response_headers.started request=<Request [b'POST']>
2025-06-21 02:53:01,960 - httpcore.http11 - DEBUG - receive_response_headers.complete return_value=(b'HTTP/1.1', 200, b'OK', [(b'Server', b'nginx/1.18.0'), (b'Date', b'Sat, 21 Jun 2025 01:53:01 GMT'), (b'Content-Type', b'application/json'), (b'Content-Length', b'23'), (b'Connection', b'keep-alive'), (b'Strict-Transport-Security', b'max-age=31536000; includeSubDomains; preload'), (b'Access-Control-Allow-Origin', b'*'), (b'Access-Control-Allow-Methods', b'GET, POST, OPTIONS'), (b'Access-Control-Expose-Headers', b'Content-Length,Content-Type,Date,Server,Connection')])
2025-06-21 02:53:01,960 - httpx - INFO - HTTP Request: POST https://api.telegram.org/bot7707158318:AAE8rWa4Q8Z_3avql6K0HAmXaooZAReoNF0/getUpdates "HTTP/1.1 200 OK"
2025-06-21 02:53:01,962 - httpcore.http11 - DEBUG - receive_response_body.started request=<Request [b'POST']>
2025-06-21 02:53:01,962 - httpcore.http11 - DEBUG - receive_response_body.complete
2025-06-21 02:53:01,964 - httpcore.http11 - DEBUG - response_closed.started
2025-06-21 02:53:01,964 - httpcore.http11 - DEBUG - response_closed.complete
2025-06-21 02:53:01,965 - telegram.ext.ExtBot - DEBUG - No new updates found.
2025-06-21 02:53:01,965 - telegram.ext.ExtBot - DEBUG - ()
2025-06-21 02:53:01,965 - telegram.ext.ExtBot - DEBUG - Exiting: get_updates
2025-06-21 02:53:01,965 - telegram.ext.ExtBot - DEBUG - Entering: get_updates
2025-06-21 02:53:01,967 - httpcore.http11 - DEBUG - send_request_headers.started request=<Request [b'POST']>
2025-06-21 02:53:01,969 - httpcore.http11 - DEBUG - send_request_headers.complete
2025-06-21 02:53:01,969 - httpcore.http11 - DEBUG - send_request_body.started request=<Request [b'POST']>
2025-06-21 02:53:01,971 - httpcore.http11 - DEBUG - send_request_body.complete
2025-06-21 02:53:01,971 - httpcore.http11 - DEBUG - receive_response_headers.started request=<Request [b'POST']>
2025-06-21 02:53:12,200 - httpcore.http11 - DEBUG - receive_response_headers.complete return_value=(b'HTTP/1.1', 200, b'OK', [(b'Server', b'nginx/1.18.0'), (b'Date', b'Sat, 21 Jun 2025 01:53:11 GMT'), (b'Content-Type', b'application/json'), (b'Content-Length', b'23'), (b'Connection', b'keep-alive'), (b'Strict-Transport-Security', b'max-age=31536000; includeSubDomains; preload'), (b'Access-Control-Allow-Origin', b'*'), (b'Access-Control-Allow-Methods', b'GET, POST, OPTIONS'), (b'Access-Control-Expose-Headers', b'Content-Length,Content-Type,Date,Server,Connection')])
2025-06-21 02:53:12,203 - httpx - INFO - HTTP Request: POST https://api.telegram.org/bot7707158318:AAE8rWa4Q8Z_3avql6K0HAmXaooZAReoNF0/getUpdates "HTTP/1.1 200 OK"
2025-06-21 02:53:12,203 - httpcore.http11 - DEBUG - receive_response_body.started request=<Request [b'POST']>
2025-06-21 02:53:12,203 - httpcore.http11 - DEBUG - receive_response_body.complete
2025-06-21 02:53:12,205 - httpcore.http11 - DEBUG - response_closed.started
2025-06-21 02:53:12,205 - httpcore.http11 - DEBUG - response_closed.complete
2025-06-21 02:53:12,205 - telegram.ext.ExtBot - DEBUG - No new updates found.
2025-06-21 02:53:12,205 - telegram.ext.ExtBot - DEBUG - ()
2025-06-21 02:53:12,207 - telegram.ext.ExtBot - DEBUG - Exiting: get_updates
2025-06-21 02:53:12,207 - telegram.ext.ExtBot - DEBUG - Entering: get_updates
2025-06-21 02:53:12,210 - httpcore.http11 - DEBUG - send_request_headers.started request=<Request [b'POST']>
2025-06-21 02:53:12,210 - httpcore.http11 - DEBUG - send_request_headers.complete
2025-06-21 02:53:12,212 - httpcore.http11 - DEBUG - send_request_body.started request=<Request [b'POST']>
2025-06-21 02:53:12,213 - httpcore.http11 - DEBUG - send_request_body.complete
2025-06-21 02:53:12,214 - httpcore.http11 - DEBUG - receive_response_headers.started request=<Request [b'POST']>
2025-06-21 02:53:22,298 - httpcore.http11 - DEBUG - receive_response_headers.complete return_value=(b'HTTP/1.1', 200, b'OK', [(b'Server', b'nginx/1.18.0'), (b'Date', b'Sat, 21 Jun 2025 01:53:22 GMT'), (b'Content-Type', b'application/json'), (b'Content-Length', b'23'), (b'Connection', b'keep-alive'), (b'Strict-Transport-Security', b'max-age=31536000; includeSubDomains; preload'), (b'Access-Control-Allow-Origin', b'*'), (b'Access-Control-Allow-Methods', b'GET, POST, OPTIONS'), (b'Access-Control-Expose-Headers', b'Content-Length,Content-Type,Date,Server,Connection')])
2025-06-21 02:53:22,300 - httpx - INFO - HTTP Request: POST https://api.telegram.org/bot7707158318:AAE8rWa4Q8Z_3avql6K0HAmXaooZAReoNF0/getUpdates "HTTP/1.1 200 OK"
2025-06-21 02:53:22,300 - httpcore.http11 - DEBUG - receive_response_body.started request=<Request [b'POST']>
2025-06-21 02:53:22,302 - httpcore.http11 - DEBUG - receive_response_body.complete
2025-06-21 02:53:22,302 - httpcore.http11 - DEBUG - response_closed.started
2025-06-21 02:53:22,302 - httpcore.http11 - DEBUG - response_closed.complete
2025-06-21 02:53:22,304 - telegram.ext.ExtBot - DEBUG - No new updates found.
2025-06-21 02:53:22,304 - telegram.ext.ExtBot - DEBUG - ()
2025-06-21 02:53:22,304 - telegram.ext.ExtBot - DEBUG - Exiting: get_updates
2025-06-21 02:53:22,304 - telegram.ext.ExtBot - DEBUG - Entering: get_updates
2025-06-21 02:53:22,308 - httpcore.http11 - DEBUG - send_request_headers.started request=<Request [b'POST']>
2025-06-21 02:53:22,310 - httpcore.http11 - DEBUG - send_request_headers.complete
2025-06-21 02:53:22,310 - httpcore.http11 - DEBUG - send_request_body.started request=<Request [b'POST']>
2025-06-21 02:53:22,312 - httpcore.http11 - DEBUG - send_request_body.complete
2025-06-21 02:53:22,312 - httpcore.http11 - DEBUG - receive_response_headers.started request=<Request [b'POST']>
2025-06-21 02:53:32,388 - httpcore.http11 - DEBUG - receive_response_headers.complete return_value=(b'HTTP/1.1', 200, b'OK', [(b'Server', b'nginx/1.18.0'), (b'Date', b'Sat, 21 Jun 2025 01:53:32 GMT'), (b'Content-Type', b'application/json'), (b'Content-Length', b'23'), (b'Connection', b'keep-alive'), (b'Strict-Transport-Security', b'max-age=31536000; includeSubDomains; preload'), (b'Access-Control-Allow-Origin', b'*'), (b'Access-Control-Allow-Methods', b'GET, POST, OPTIONS'), (b'Access-Control-Expose-Headers', b'Content-Length,Content-Type,Date,Server,Connection')])
2025-06-21 02:53:32,390 - httpx - INFO - HTTP Request: POST https://api.telegram.org/bot7707158318:AAE8rWa4Q8Z_3avql6K0HAmXaooZAReoNF0/getUpdates "HTTP/1.1 200 OK"
2025-06-21 02:53:32,396 - httpcore.http11 - DEBUG - receive_response_body.started request=<Request [b'POST']>
2025-06-21 02:53:32,398 - httpcore.http11 - DEBUG - receive_response_body.complete
2025-06-21 02:53:32,398 - httpcore.http11 - DEBUG - response_closed.started
2025-06-21 02:53:32,398 - httpcore.http11 - DEBUG - response_closed.complete
2025-06-21 02:53:32,398 - telegram.ext.ExtBot - DEBUG - No new updates found.
2025-06-21 02:53:32,400 - telegram.ext.ExtBot - DEBUG - ()
2025-06-21 02:53:32,400 - telegram.ext.ExtBot - DEBUG - Exiting: get_updates
2025-06-21 02:53:32,400 - telegram.ext.ExtBot - DEBUG - Entering: get_updates
2025-06-21 02:53:32,402 - httpcore.http11 - DEBUG - send_request_headers.started request=<Request [b'POST']>
2025-06-21 02:53:32,404 - httpcore.http11 - DEBUG - send_request_headers.complete
2025-06-21 02:53:32,404 - httpcore.http11 - DEBUG - send_request_body.started request=<Request [b'POST']>
2025-06-21 02:53:32,404 - httpcore.http11 - DEBUG - send_request_body.complete
2025-06-21 02:53:32,404 - httpcore.http11 - DEBUG - receive_response_headers.started request=<Request [b'POST']>
2025-06-21 02:53:42,506 - httpcore.http11 - DEBUG - receive_response_headers.complete return_value=(b'HTTP/1.1', 200, b'OK', [(b'Server', b'nginx/1.18.0'), (b'Date', b'Sat, 21 Jun 2025 01:53:42 GMT'), (b'Content-Type', b'application/json'), (b'Content-Length', b'23'), (b'Connection', b'keep-alive'), (b'Strict-Transport-Security', b'max-age=31536000; includeSubDomains; preload'), (b'Access-Control-Allow-Origin', b'*'), (b'Access-Control-Allow-Methods', b'GET, POST, OPTIONS'), (b'Access-Control-Expose-Headers', b'Content-Length,Content-Type,Date,Server,Connection')])
2025-06-21 02:53:42,509 - httpx - INFO - HTTP Request: POST https://api.telegram.org/bot7707158318:AAE8rWa4Q8Z_3avql6K0HAmXaooZAReoNF0/getUpdates "HTTP/1.1 200 OK"
2025-06-21 02:53:42,510 - httpcore.http11 - DEBUG - receive_response_body.started request=<Request [b'POST']>
2025-06-21 02:53:42,510 - httpcore.http11 - DEBUG - receive_response_body.complete
2025-06-21 02:53:42,510 - httpcore.http11 - DEBUG - response_closed.started
2025-06-21 02:53:42,510 - httpcore.http11 - DEBUG - response_closed.complete
2025-06-21 02:53:42,513 - telegram.ext.ExtBot - DEBUG - No new updates found.
2025-06-21 02:53:42,513 - telegram.ext.ExtBot - DEBUG - ()
2025-06-21 02:53:42,513 - telegram.ext.ExtBot - DEBUG - Exiting: get_updates
2025-06-21 02:53:42,514 - telegram.ext.ExtBot - DEBUG - Entering: get_updates
2025-06-21 02:53:42,517 - httpcore.http11 - DEBUG - send_request_headers.started request=<Request [b'POST']>
2025-06-21 02:53:42,519 - httpcore.http11 - DEBUG - send_request_headers.complete
2025-06-21 02:53:42,519 - httpcore.http11 - DEBUG - send_request_body.started request=<Request [b'POST']>
2025-06-21 02:53:42,521 - httpcore.http11 - DEBUG - send_request_body.complete
2025-06-21 02:53:42,522 - httpcore.http11 - DEBUG - receive_response_headers.started request=<Request [b'POST']>
2025-06-21 02:53:52,604 - httpcore.http11 - DEBUG - receive_response_headers.complete return_value=(b'HTTP/1.1', 200, b'OK', [(b'Server', b'nginx/1.18.0'), (b'Date', b'Sat, 21 Jun 2025 01:53:52 GMT'), (b'Content-Type', b'application/json'), (b'Content-Length', b'23'), (b'Connection', b'keep-alive'), (b'Strict-Transport-Security', b'max-age=31536000; includeSubDomains; preload'), (b'Access-Control-Allow-Origin', b'*'), (b'Access-Control-Allow-Methods', b'GET, POST, OPTIONS'), (b'Access-Control-Expose-Headers', b'Content-Length,Content-Type,Date,Server,Connection')])
2025-06-21 02:53:52,606 - httpx - INFO - HTTP Request: POST https://api.telegram.org/bot7707158318:AAE8rWa4Q8Z_3avql6K0HAmXaooZAReoNF0/getUpdates "HTTP/1.1 200 OK"
2025-06-21 02:53:52,609 - httpcore.http11 - DEBUG - receive_response_body.started request=<Request [b'POST']>
2025-06-21 02:53:52,609 - httpcore.http11 - DEBUG - receive_response_body.complete
2025-06-21 02:53:52,610 - httpcore.http11 - DEBUG - response_closed.started
2025-06-21 02:53:52,610 - httpcore.http11 - DEBUG - response_closed.complete
2025-06-21 02:53:52,610 - telegram.ext.ExtBot - DEBUG - No new updates found.
2025-06-21 02:53:52,612 - telegram.ext.ExtBot - DEBUG - ()
2025-06-21 02:53:52,612 - telegram.ext.ExtBot - DEBUG - Exiting: get_updates
2025-06-21 02:53:52,612 - telegram.ext.ExtBot - DEBUG - Entering: get_updates
2025-06-21 02:53:52,615 - httpcore.http11 - DEBUG - send_request_headers.started request=<Request [b'POST']>
2025-06-21 02:53:52,617 - httpcore.http11 - DEBUG - send_request_headers.complete
2025-06-21 02:53:52,617 - httpcore.http11 - DEBUG - send_request_body.started request=<Request [b'POST']>
2025-06-21 02:53:52,619 - httpcore.http11 - DEBUG - send_request_body.complete
2025-06-21 02:53:52,620 - httpcore.http11 - DEBUG - receive_response_headers.started request=<Request [b'POST']>
2025-06-21 02:54:02,712 - httpcore.http11 - DEBUG - receive_response_headers.complete return_value=(b'HTTP/1.1', 200, b'OK', [(b'Server', b'nginx/1.18.0'), (b'Date', b'Sat, 21 Jun 2025 01:54:02 GMT'), (b'Content-Type', b'application/json'), (b'Content-Length', b'23'), (b'Connection', b'keep-alive'), (b'Strict-Transport-Security', b'max-age=31536000; includeSubDomains; preload'), (b'Access-Control-Allow-Origin', b'*'), (b'Access-Control-Allow-Methods', b'GET, POST, OPTIONS'), (b'Access-Control-Expose-Headers', b'Content-Length,Content-Type,Date,Server,Connection')])
2025-06-21 02:54:02,714 - httpx - INFO - HTTP Request: POST https://api.telegram.org/bot7707158318:AAE8rWa4Q8Z_3avql6K0HAmXaooZAReoNF0/getUpdates "HTTP/1.1 200 OK"
2025-06-21 02:54:02,714 - httpcore.http11 - DEBUG - receive_response_body.started request=<Request [b'POST']>
2025-06-21 02:54:02,716 - httpcore.http11 - DEBUG - receive_response_body.complete
2025-06-21 02:54:02,716 - httpcore.http11 - DEBUG - response_closed.started
2025-06-21 02:54:02,716 - httpcore.http11 - DEBUG - response_closed.complete
2025-06-21 02:54:02,716 - telegram.ext.ExtBot - DEBUG - No new updates found.
2025-06-21 02:54:02,716 - telegram.ext.ExtBot - DEBUG - ()
2025-06-21 02:54:02,716 - telegram.ext.ExtBot - DEBUG - Exiting: get_updates
2025-06-21 02:54:02,716 - telegram.ext.ExtBot - DEBUG - Entering: get_updates
2025-06-21 02:54:02,720 - httpcore.http11 - DEBUG - send_request_headers.started request=<Request [b'POST']>
2025-06-21 02:54:02,720 - httpcore.http11 - DEBUG - send_request_headers.complete
2025-06-21 02:54:02,720 - httpcore.http11 - DEBUG - send_request_body.started request=<Request [b'POST']>
2025-06-21 02:54:02,723 - httpcore.http11 - DEBUG - send_request_body.complete
2025-06-21 02:54:02,723 - httpcore.http11 - DEBUG - receive_response_headers.started request=<Request [b'POST']>
2025-06-21 02:54:13,432 - httpcore.http11 - DEBUG - receive_response_headers.complete return_value=(b'HTTP/1.1', 200, b'OK', [(b'Server', b'nginx/1.18.0'), (b'Date', b'Sat, 21 Jun 2025 01:54:12 GMT'), (b'Content-Type', b'application/json'), (b'Content-Length', b'23'), (b'Connection', b'keep-alive'), (b'Strict-Transport-Security', b'max-age=31536000; includeSubDomains; preload'), (b'Access-Control-Allow-Origin', b'*'), (b'Access-Control-Allow-Methods', b'GET, POST, OPTIONS'), (b'Access-Control-Expose-Headers', b'Content-Length,Content-Type,Date,Server,Connection')])
2025-06-21 02:54:13,434 - httpx - INFO - HTTP Request: POST https://api.telegram.org/bot7707158318:AAE8rWa4Q8Z_3avql6K0HAmXaooZAReoNF0/getUpdates "HTTP/1.1 200 OK"
2025-06-21 02:54:13,435 - httpcore.http11 - DEBUG - receive_response_body.started request=<Request [b'POST']>
2025-06-21 02:54:13,435 - httpcore.http11 - DEBUG - receive_response_body.complete
2025-06-21 02:54:13,436 - httpcore.http11 - DEBUG - response_closed.started
2025-06-21 02:54:13,436 - httpcore.http11 - DEBUG - response_closed.complete
2025-06-21 02:54:13,437 - telegram.ext.ExtBot - DEBUG - No new updates found.
2025-06-21 02:54:13,437 - telegram.ext.ExtBot - DEBUG - ()
2025-06-21 02:54:13,437 - telegram.ext.ExtBot - DEBUG - Exiting: get_updates
2025-06-21 02:54:13,437 - telegram.ext.ExtBot - DEBUG - Entering: get_updates
2025-06-21 02:54:13,442 - httpcore.http11 - DEBUG - send_request_headers.started request=<Request [b'POST']>
2025-06-21 02:54:13,442 - httpcore.http11 - DEBUG - send_request_headers.complete
2025-06-21 02:54:13,444 - httpcore.http11 - DEBUG - send_request_body.started request=<Request [b'POST']>
2025-06-21 02:54:13,444 - httpcore.http11 - DEBUG - send_request_body.complete
2025-06-21 02:54:13,444 - httpcore.http11 - DEBUG - receive_response_headers.started request=<Request [b'POST']>
2025-06-21 02:54:23,522 - httpcore.http11 - DEBUG - receive_response_headers.complete return_value=(b'HTTP/1.1', 200, b'OK', [(b'Server', b'nginx/1.18.0'), (b'Date', b'Sat, 21 Jun 2025 01:54:23 GMT'), (b'Content-Type', b'application/json'), (b'Content-Length', b'23'), (b'Connection', b'keep-alive'), (b'Strict-Transport-Security', b'max-age=31536000; includeSubDomains; preload'), (b'Access-Control-Allow-Origin', b'*'), (b'Access-Control-Allow-Methods', b'GET, POST, OPTIONS'), (b'Access-Control-Expose-Headers', b'Content-Length,Content-Type,Date,Server,Connection')])
2025-06-21 02:54:23,530 - httpx - INFO - HTTP Request: POST https://api.telegram.org/bot7707158318:AAE8rWa4Q8Z_3avql6K0HAmXaooZAReoNF0/getUpdates "HTTP/1.1 200 OK"
2025-06-21 02:54:23,532 - httpcore.http11 - DEBUG - receive_response_body.started request=<Request [b'POST']>
2025-06-21 02:54:23,532 - httpcore.http11 - DEBUG - receive_response_body.complete
2025-06-21 02:54:23,534 - httpcore.http11 - DEBUG - response_closed.started
2025-06-21 02:54:23,534 - httpcore.http11 - DEBUG - response_closed.complete
2025-06-21 02:54:23,534 - telegram.ext.ExtBot - DEBUG - No new updates found.
2025-06-21 02:54:23,534 - telegram.ext.ExtBot - DEBUG - ()
2025-06-21 02:54:23,534 - telegram.ext.ExtBot - DEBUG - Exiting: get_updates
2025-06-21 02:54:23,536 - telegram.ext.ExtBot - DEBUG - Entering: get_updates
2025-06-21 02:54:23,538 - httpcore.http11 - DEBUG - send_request_headers.started request=<Request [b'POST']>
2025-06-21 02:54:23,538 - httpcore.http11 - DEBUG - send_request_headers.complete
2025-06-21 02:54:23,540 - httpcore.http11 - DEBUG - send_request_body.started request=<Request [b'POST']>
2025-06-21 02:54:23,540 - httpcore.http11 - DEBUG - send_request_body.complete
2025-06-21 02:54:23,540 - httpcore.http11 - DEBUG - receive_response_headers.started request=<Request [b'POST']>
2025-06-21 02:54:33,648 - httpcore.http11 - DEBUG - receive_response_headers.complete return_value=(b'HTTP/1.1', 200, b'OK', [(b'Server', b'nginx/1.18.0'), (b'Date', b'Sat, 21 Jun 2025 01:54:33 GMT'), (b'Content-Type', b'application/json'), (b'Content-Length', b'23'), (b'Connection', b'keep-alive'), (b'Strict-Transport-Security', b'max-age=31536000; includeSubDomains; preload'), (b'Access-Control-Allow-Origin', b'*'), (b'Access-Control-Allow-Methods', b'GET, POST, OPTIONS'), (b'Access-Control-Expose-Headers', b'Content-Length,Content-Type,Date,Server,Connection')])
2025-06-21 02:54:33,648 - httpx - INFO - HTTP Request: POST https://api.telegram.org/bot7707158318:AAE8rWa4Q8Z_3avql6K0HAmXaooZAReoNF0/getUpdates "HTTP/1.1 200 OK"
2025-06-21 02:54:33,651 - httpcore.http11 - DEBUG - receive_response_body.started request=<Request [b'POST']>
2025-06-21 02:54:33,651 - httpcore.http11 - DEBUG - receive_response_body.complete
2025-06-21 02:54:33,651 - httpcore.http11 - DEBUG - response_closed.started
2025-06-21 02:54:33,651 - httpcore.http11 - DEBUG - response_closed.complete
2025-06-21 02:54:33,651 - telegram.ext.ExtBot - DEBUG - No new updates found.
2025-06-21 02:54:33,651 - telegram.ext.ExtBot - DEBUG - ()
2025-06-21 02:54:33,651 - telegram.ext.ExtBot - DEBUG - Exiting: get_updates
2025-06-21 02:54:33,653 - telegram.ext.ExtBot - DEBUG - Entering: get_updates
2025-06-21 02:54:33,653 - httpcore.http11 - DEBUG - send_request_headers.started request=<Request [b'POST']>
2025-06-21 02:54:33,655 - httpcore.http11 - DEBUG - send_request_headers.complete
2025-06-21 02:54:33,655 - httpcore.http11 - DEBUG - send_request_body.started request=<Request [b'POST']>
2025-06-21 02:54:33,656 - httpcore.http11 - DEBUG - send_request_body.complete
2025-06-21 02:54:33,656 - httpcore.http11 - DEBUG - receive_response_headers.started request=<Request [b'POST']>
2025-06-21 02:54:44,161 - httpcore.http11 - DEBUG - receive_response_headers.complete return_value=(b'HTTP/1.1', 200, b'OK', [(b'Server', b'nginx/1.18.0'), (b'Date', b'Sat, 21 Jun 2025 01:54:43 GMT'), (b'Content-Type', b'application/json'), (b'Content-Length', b'23'), (b'Connection', b'keep-alive'), (b'Strict-Transport-Security', b'max-age=31536000; includeSubDomains; preload'), (b'Access-Control-Allow-Origin', b'*'), (b'Access-Control-Allow-Methods', b'GET, POST, OPTIONS'), (b'Access-Control-Expose-Headers', b'Content-Length,Content-Type,Date,Server,Connection')])
2025-06-21 02:54:44,161 - httpx - INFO - HTTP Request: POST https://api.telegram.org/bot7707158318:AAE8rWa4Q8Z_3avql6K0HAmXaooZAReoNF0/getUpdates "HTTP/1.1 200 OK"
2025-06-21 02:54:44,164 - httpcore.http11 - DEBUG - receive_response_body.started request=<Request [b'POST']>
2025-06-21 02:54:44,164 - httpcore.http11 - DEBUG - receive_response_body.complete
2025-06-21 02:54:44,165 - httpcore.http11 - DEBUG - response_closed.started
2025-06-21 02:54:44,165 - httpcore.http11 - DEBUG - response_closed.complete
2025-06-21 02:54:44,166 - telegram.ext.ExtBot - DEBUG - No new updates found.
2025-06-21 02:54:44,166 - telegram.ext.ExtBot - DEBUG - ()
2025-06-21 02:54:44,166 - telegram.ext.ExtBot - DEBUG - Exiting: get_updates
2025-06-21 02:54:44,166 - telegram.ext.ExtBot - DEBUG - Entering: get_updates
2025-06-21 02:54:44,166 - httpcore.http11 - DEBUG - send_request_headers.started request=<Request [b'POST']>
2025-06-21 02:54:44,166 - httpcore.http11 - DEBUG - send_request_headers.complete
2025-06-21 02:54:44,166 - httpcore.http11 - DEBUG - send_request_body.started request=<Request [b'POST']>
2025-06-21 02:54:44,166 - httpcore.http11 - DEBUG - send_request_body.complete
2025-06-21 02:54:44,166 - httpcore.http11 - DEBUG - receive_response_headers.started request=<Request [b'POST']>
2025-06-21 02:54:54,409 - httpcore.http11 - DEBUG - receive_response_headers.complete return_value=(b'HTTP/1.1', 200, b'OK', [(b'Server', b'nginx/1.18.0'), (b'Date', b'Sat, 21 Jun 2025 01:54:54 GMT'), (b'Content-Type', b'application/json'), (b'Content-Length', b'23'), (b'Connection', b'keep-alive'), (b'Strict-Transport-Security', b'max-age=31536000; includeSubDomains; preload'), (b'Access-Control-Allow-Origin', b'*'), (b'Access-Control-Allow-Methods', b'GET, POST, OPTIONS'), (b'Access-Control-Expose-Headers', b'Content-Length,Content-Type,Date,Server,Connection')])
2025-06-21 02:54:54,410 - httpx - INFO - HTTP Request: POST https://api.telegram.org/bot7707158318:AAE8rWa4Q8Z_3avql6K0HAmXaooZAReoNF0/getUpdates "HTTP/1.1 200 OK"
2025-06-21 02:54:54,410 - httpcore.http11 - DEBUG - receive_response_body.started request=<Request [b'POST']>
2025-06-21 02:54:54,410 - httpcore.http11 - DEBUG - receive_response_body.complete
2025-06-21 02:54:54,410 - httpcore.http11 - DEBUG - response_closed.started
2025-06-21 02:54:54,410 - httpcore.http11 - DEBUG - response_closed.complete
2025-06-21 02:54:54,413 - telegram.ext.ExtBot - DEBUG - No new updates found.
2025-06-21 02:54:54,413 - telegram.ext.ExtBot - DEBUG - ()
2025-06-21 02:54:54,413 - telegram.ext.ExtBot - DEBUG - Exiting: get_updates
2025-06-21 02:54:54,414 - telegram.ext.ExtBot - DEBUG - Entering: get_updates
2025-06-21 02:54:54,416 - httpcore.http11 - DEBUG - send_request_headers.started request=<Request [b'POST']>
2025-06-21 02:54:54,416 - httpcore.http11 - DEBUG - send_request_headers.complete
2025-06-21 02:54:54,416 - httpcore.http11 - DEBUG - send_request_body.started request=<Request [b'POST']>
2025-06-21 02:54:54,416 - httpcore.http11 - DEBUG - send_request_body.complete
2025-06-21 02:54:54,416 - httpcore.http11 - DEBUG - receive_response_headers.started request=<Request [b'POST']>
2025-06-21 02:55:04,656 - httpcore.http11 - DEBUG - receive_response_headers.complete return_value=(b'HTTP/1.1', 200, b'OK', [(b'Server', b'nginx/1.18.0'), (b'Date', b'Sat, 21 Jun 2025 01:55:04 GMT'), (b'Content-Type', b'application/json'), (b'Content-Length', b'23'), (b'Connection', b'keep-alive'), (b'Strict-Transport-Security', b'max-age=31536000; includeSubDomains; preload'), (b'Access-Control-Allow-Origin', b'*'), (b'Access-Control-Allow-Methods', b'GET, POST, OPTIONS'), (b'Access-Control-Expose-Headers', b'Content-Length,Content-Type,Date,Server,Connection')])
2025-06-21 02:55:04,657 - httpx - INFO - HTTP Request: POST https://api.telegram.org/bot7707158318:AAE8rWa4Q8Z_3avql6K0HAmXaooZAReoNF0/getUpdates "HTTP/1.1 200 OK"
2025-06-21 02:55:04,659 - httpcore.http11 - DEBUG - receive_response_body.started request=<Request [b'POST']>
2025-06-21 02:55:04,659 - httpcore.http11 - DEBUG - receive_response_body.complete
2025-06-21 02:55:04,660 - httpcore.http11 - DEBUG - response_closed.started
2025-06-21 02:55:04,660 - httpcore.http11 - DEBUG - response_closed.complete
2025-06-21 02:55:04,661 - telegram.ext.ExtBot - DEBUG - No new updates found.
2025-06-21 02:55:04,661 - telegram.ext.ExtBot - DEBUG - ()
2025-06-21 02:55:04,661 - telegram.ext.ExtBot - DEBUG - Exiting: get_updates
2025-06-21 02:55:04,661 - telegram.ext.ExtBot - DEBUG - Entering: get_updates
2025-06-21 02:55:04,663 - httpcore.http11 - DEBUG - send_request_headers.started request=<Request [b'POST']>
2025-06-21 02:55:04,664 - httpcore.http11 - DEBUG - send_request_headers.complete
2025-06-21 02:55:04,664 - httpcore.http11 - DEBUG - send_request_body.started request=<Request [b'POST']>
2025-06-21 02:55:04,665 - httpcore.http11 - DEBUG - send_request_body.complete
2025-06-21 02:55:04,665 - httpcore.http11 - DEBUG - receive_response_headers.started request=<Request [b'POST']>
2025-06-21 02:55:14,777 - httpcore.http11 - DEBUG - receive_response_headers.complete return_value=(b'HTTP/1.1', 200, b'OK', [(b'Server', b'nginx/1.18.0'), (b'Date', b'Sat, 21 Jun 2025 01:55:14 GMT'), (b'Content-Type', b'application/json'), (b'Content-Length', b'23'), (b'Connection', b'keep-alive'), (b'Strict-Transport-Security', b'max-age=31536000; includeSubDomains; preload'), (b'Access-Control-Allow-Origin', b'*'), (b'Access-Control-Allow-Methods', b'GET, POST, OPTIONS'), (b'Access-Control-Expose-Headers', b'Content-Length,Content-Type,Date,Server,Connection')])
2025-06-21 02:55:14,778 - httpx - INFO - HTTP Request: POST https://api.telegram.org/bot7707158318:AAE8rWa4Q8Z_3avql6K0HAmXaooZAReoNF0/getUpdates "HTTP/1.1 200 OK"
2025-06-21 02:55:14,779 - httpcore.http11 - DEBUG - receive_response_body.started request=<Request [b'POST']>
2025-06-21 02:55:14,780 - httpcore.http11 - DEBUG - receive_response_body.complete
2025-06-21 02:55:14,781 - httpcore.http11 - DEBUG - response_closed.started
2025-06-21 02:55:14,781 - httpcore.http11 - DEBUG - response_closed.complete
2025-06-21 02:55:14,782 - telegram.ext.ExtBot - DEBUG - No new updates found.
2025-06-21 02:55:14,782 - telegram.ext.ExtBot - DEBUG - ()
2025-06-21 02:55:14,782 - telegram.ext.ExtBot - DEBUG - Exiting: get_updates
2025-06-21 02:55:14,782 - telegram.ext.ExtBot - DEBUG - Entering: get_updates
2025-06-21 02:55:14,784 - httpcore.http11 - DEBUG - send_request_headers.started request=<Request [b'POST']>
2025-06-21 02:55:14,785 - httpcore.http11 - DEBUG - send_request_headers.complete
2025-06-21 02:55:14,786 - httpcore.http11 - DEBUG - send_request_body.started request=<Request [b'POST']>
2025-06-21 02:55:14,786 - httpcore.http11 - DEBUG - send_request_body.complete
2025-06-21 02:55:14,787 - httpcore.http11 - DEBUG - receive_response_headers.started request=<Request [b'POST']>
2025-06-21 02:55:25,110 - httpcore.http11 - DEBUG - receive_response_headers.complete return_value=(b'HTTP/1.1', 200, b'OK', [(b'Server', b'nginx/1.18.0'), (b'Date', b'Sat, 21 Jun 2025 01:55:24 GMT'), (b'Content-Type', b'application/json'), (b'Content-Length', b'23'), (b'Connection', b'keep-alive'), (b'Strict-Transport-Security', b'max-age=31536000; includeSubDomains; preload'), (b'Access-Control-Allow-Origin', b'*'), (b'Access-Control-Allow-Methods', b'GET, POST, OPTIONS'), (b'Access-Control-Expose-Headers', b'Content-Length,Content-Type,Date,Server,Connection')])
2025-06-21 02:55:25,112 - httpx - INFO - HTTP Request: POST https://api.telegram.org/bot7707158318:AAE8rWa4Q8Z_3avql6K0HAmXaooZAReoNF0/getUpdates "HTTP/1.1 200 OK"
2025-06-21 02:55:25,114 - httpcore.http11 - DEBUG - receive_response_body.started request=<Request [b'POST']>
2025-06-21 02:55:25,115 - httpcore.http11 - DEBUG - receive_response_body.complete
2025-06-21 02:55:25,115 - httpcore.http11 - DEBUG - response_closed.started
2025-06-21 02:55:25,116 - httpcore.http11 - DEBUG - response_closed.complete
2025-06-21 02:55:25,116 - telegram.ext.ExtBot - DEBUG - No new updates found.
2025-06-21 02:55:25,116 - telegram.ext.ExtBot - DEBUG - ()
2025-06-21 02:55:25,116 - telegram.ext.ExtBot - DEBUG - Exiting: get_updates
2025-06-21 02:55:25,116 - telegram.ext.ExtBot - DEBUG - Entering: get_updates
2025-06-21 02:55:25,116 - httpcore.http11 - DEBUG - send_request_headers.started request=<Request [b'POST']>
2025-06-21 02:55:25,116 - httpcore.http11 - DEBUG - send_request_headers.complete
2025-06-21 02:55:25,116 - httpcore.http11 - DEBUG - send_request_body.started request=<Request [b'POST']>
2025-06-21 02:55:25,116 - httpcore.http11 - DEBUG - send_request_body.complete
2025-06-21 02:55:25,116 - httpcore.http11 - DEBUG - receive_response_headers.started request=<Request [b'POST']>
2025-06-21 02:55:35,231 - httpcore.http11 - DEBUG - receive_response_headers.complete return_value=(b'HTTP/1.1', 200, b'OK', [(b'Server', b'nginx/1.18.0'), (b'Date', b'Sat, 21 Jun 2025 01:55:35 GMT'), (b'Content-Type', b'application/json'), (b'Content-Length', b'23'), (b'Connection', b'keep-alive'), (b'Strict-Transport-Security', b'max-age=31536000; includeSubDomains; preload'), (b'Access-Control-Allow-Origin', b'*'), (b'Access-Control-Allow-Methods', b'GET, POST, OPTIONS'), (b'Access-Control-Expose-Headers', b'Content-Length,Content-Type,Date,Server,Connection')])
2025-06-21 02:55:35,233 - httpx - INFO - HTTP Request: POST https://api.telegram.org/bot7707158318:AAE8rWa4Q8Z_3avql6K0HAmXaooZAReoNF0/getUpdates "HTTP/1.1 200 OK"
2025-06-21 02:55:35,236 - httpcore.http11 - DEBUG - receive_response_body.started request=<Request [b'POST']>
2025-06-21 02:55:35,237 - httpcore.http11 - DEBUG - receive_response_body.complete
2025-06-21 02:55:35,237 - httpcore.http11 - DEBUG - response_closed.started
2025-06-21 02:55:35,237 - httpcore.http11 - DEBUG - response_closed.complete
2025-06-21 02:55:35,237 - telegram.ext.ExtBot - DEBUG - No new updates found.
2025-06-21 02:55:35,237 - telegram.ext.ExtBot - DEBUG - ()
2025-06-21 02:55:35,237 - telegram.ext.ExtBot - DEBUG - Exiting: get_updates
2025-06-21 02:55:35,237 - telegram.ext.ExtBot - DEBUG - Entering: get_updates
2025-06-21 02:55:35,241 - httpcore.http11 - DEBUG - send_request_headers.started request=<Request [b'POST']>
2025-06-21 02:55:35,241 - httpcore.http11 - DEBUG - send_request_headers.complete
2025-06-21 02:55:35,242 - httpcore.http11 - DEBUG - send_request_body.started request=<Request [b'POST']>
2025-06-21 02:55:35,242 - httpcore.http11 - DEBUG - send_request_body.complete
2025-06-21 02:55:35,242 - httpcore.http11 - DEBUG - receive_response_headers.started request=<Request [b'POST']>
2025-06-21 02:55:45,325 - httpcore.http11 - DEBUG - receive_response_headers.complete return_value=(b'HTTP/1.1', 200, b'OK', [(b'Server', b'nginx/1.18.0'), (b'Date', b'Sat, 21 Jun 2025 01:55:45 GMT'), (b'Content-Type', b'application/json'), (b'Content-Length', b'23'), (b'Connection', b'keep-alive'), (b'Strict-Transport-Security', b'max-age=31536000; includeSubDomains; preload'), (b'Access-Control-Allow-Origin', b'*'), (b'Access-Control-Allow-Methods', b'GET, POST, OPTIONS'), (b'Access-Control-Expose-Headers', b'Content-Length,Content-Type,Date,Server,Connection')])
2025-06-21 02:55:45,331 - httpx - INFO - HTTP Request: POST https://api.telegram.org/bot7707158318:AAE8rWa4Q8Z_3avql6K0HAmXaooZAReoNF0/getUpdates "HTTP/1.1 200 OK"
2025-06-21 02:55:45,331 - httpcore.http11 - DEBUG - receive_response_body.started request=<Request [b'POST']>
2025-06-21 02:55:45,331 - httpcore.http11 - DEBUG - receive_response_body.complete
2025-06-21 02:55:45,331 - httpcore.http11 - DEBUG - response_closed.started
2025-06-21 02:55:45,334 - httpcore.http11 - DEBUG - response_closed.complete
2025-06-21 02:55:45,334 - telegram.ext.ExtBot - DEBUG - No new updates found.
2025-06-21 02:55:45,334 - telegram.ext.ExtBot - DEBUG - ()
2025-06-21 02:55:45,334 - telegram.ext.ExtBot - DEBUG - Exiting: get_updates
2025-06-21 02:55:45,334 - telegram.ext.ExtBot - DEBUG - Entering: get_updates
2025-06-21 02:55:45,335 - httpcore.http11 - DEBUG - send_request_headers.started request=<Request [b'POST']>
2025-06-21 02:55:45,337 - httpcore.http11 - DEBUG - send_request_headers.complete
2025-06-21 02:55:45,337 - httpcore.http11 - DEBUG - send_request_body.started request=<Request [b'POST']>
2025-06-21 02:55:45,337 - httpcore.http11 - DEBUG - send_request_body.complete
2025-06-21 02:55:45,337 - httpcore.http11 - DEBUG - receive_response_headers.started request=<Request [b'POST']>
2025-06-21 02:55:55,525 - httpcore.http11 - DEBUG - receive_response_headers.complete return_value=(b'HTTP/1.1', 200, b'OK', [(b'Server', b'nginx/1.18.0'), (b'Date', b'Sat, 21 Jun 2025 01:55:55 GMT'), (b'Content-Type', b'application/json'), (b'Content-Length', b'23'), (b'Connection', b'keep-alive'), (b'Strict-Transport-Security', b'max-age=31536000; includeSubDomains; preload'), (b'Access-Control-Allow-Origin', b'*'), (b'Access-Control-Allow-Methods', b'GET, POST, OPTIONS'), (b'Access-Control-Expose-Headers', b'Content-Length,Content-Type,Date,Server,Connection')])
2025-06-21 02:55:55,527 - httpx - INFO - HTTP Request: POST https://api.telegram.org/bot7707158318:AAE8rWa4Q8Z_3avql6K0HAmXaooZAReoNF0/getUpdates "HTTP/1.1 200 OK"
2025-06-21 02:55:55,528 - httpcore.http11 - DEBUG - receive_response_body.started request=<Request [b'POST']>
2025-06-21 02:55:55,528 - httpcore.http11 - DEBUG - receive_response_body.complete
2025-06-21 02:55:55,528 - httpcore.http11 - DEBUG - response_closed.started
2025-06-21 02:55:55,530 - httpcore.http11 - DEBUG - response_closed.complete
2025-06-21 02:55:55,530 - telegram.ext.ExtBot - DEBUG - No new updates found.
2025-06-21 02:55:55,530 - telegram.ext.ExtBot - DEBUG - ()
2025-06-21 02:55:55,530 - telegram.ext.ExtBot - DEBUG - Exiting: get_updates
2025-06-21 02:55:55,530 - telegram.ext.ExtBot - DEBUG - Entering: get_updates
2025-06-21 02:55:55,532 - httpcore.http11 - DEBUG - send_request_headers.started request=<Request [b'POST']>
2025-06-21 02:55:55,532 - httpcore.http11 - DEBUG - send_request_headers.complete
2025-06-21 02:55:55,534 - httpcore.http11 - DEBUG - send_request_body.started request=<Request [b'POST']>
2025-06-21 02:55:55,535 - httpcore.http11 - DEBUG - send_request_body.complete
2025-06-21 02:55:55,535 - httpcore.http11 - DEBUG - receive_response_headers.started request=<Request [b'POST']>
2025-06-21 02:56:05,662 - httpcore.http11 - DEBUG - receive_response_headers.complete return_value=(b'HTTP/1.1', 200, b'OK', [(b'Server', b'nginx/1.18.0'), (b'Date', b'Sat, 21 Jun 2025 01:56:05 GMT'), (b'Content-Type', b'application/json'), (b'Content-Length', b'23'), (b'Connection', b'keep-alive'), (b'Strict-Transport-Security', b'max-age=31536000; includeSubDomains; preload'), (b'Access-Control-Allow-Origin', b'*'), (b'Access-Control-Allow-Methods', b'GET, POST, OPTIONS'), (b'Access-Control-Expose-Headers', b'Content-Length,Content-Type,Date,Server,Connection')])
2025-06-21 02:56:05,662 - httpx - INFO - HTTP Request: POST https://api.telegram.org/bot7707158318:AAE8rWa4Q8Z_3avql6K0HAmXaooZAReoNF0/getUpdates "HTTP/1.1 200 OK"
2025-06-21 02:56:05,665 - httpcore.http11 - DEBUG - receive_response_body.started request=<Request [b'POST']>
2025-06-21 02:56:05,665 - httpcore.http11 - DEBUG - receive_response_body.complete
2025-06-21 02:56:05,665 - httpcore.http11 - DEBUG - response_closed.started
2025-06-21 02:56:05,665 - httpcore.http11 - DEBUG - response_closed.complete
2025-06-21 02:56:05,665 - telegram.ext.ExtBot - DEBUG - No new updates found.
2025-06-21 02:56:05,667 - telegram.ext.ExtBot - DEBUG - ()
2025-06-21 02:56:05,667 - telegram.ext.ExtBot - DEBUG - Exiting: get_updates
2025-06-21 02:56:05,667 - telegram.ext.ExtBot - DEBUG - Entering: get_updates
2025-06-21 02:56:05,669 - httpcore.http11 - DEBUG - send_request_headers.started request=<Request [b'POST']>
2025-06-21 02:56:05,669 - httpcore.http11 - DEBUG - send_request_headers.complete
2025-06-21 02:56:05,669 - httpcore.http11 - DEBUG - send_request_body.started request=<Request [b'POST']>
2025-06-21 02:56:05,671 - httpcore.http11 - DEBUG - send_request_body.complete
2025-06-21 02:56:05,671 - httpcore.http11 - DEBUG - receive_response_headers.started request=<Request [b'POST']>
2025-06-21 02:56:16,105 - httpcore.http11 - DEBUG - receive_response_headers.complete return_value=(b'HTTP/1.1', 200, b'OK', [(b'Server', b'nginx/1.18.0'), (b'Date', b'Sat, 21 Jun 2025 01:56:15 GMT'), (b'Content-Type', b'application/json'), (b'Content-Length', b'23'), (b'Connection', b'keep-alive'), (b'Strict-Transport-Security', b'max-age=31536000; includeSubDomains; preload'), (b'Access-Control-Allow-Origin', b'*'), (b'Access-Control-Allow-Methods', b'GET, POST, OPTIONS'), (b'Access-Control-Expose-Headers', b'Content-Length,Content-Type,Date,Server,Connection')])
2025-06-21 02:56:16,107 - httpx - INFO - HTTP Request: POST https://api.telegram.org/bot7707158318:AAE8rWa4Q8Z_3avql6K0HAmXaooZAReoNF0/getUpdates "HTTP/1.1 200 OK"
2025-06-21 02:56:16,109 - httpcore.http11 - DEBUG - receive_response_body.started request=<Request [b'POST']>
2025-06-21 02:56:16,109 - httpcore.http11 - DEBUG - receive_response_body.complete
2025-06-21 02:56:16,109 - httpcore.http11 - DEBUG - response_closed.started
2025-06-21 02:56:16,111 - httpcore.http11 - DEBUG - response_closed.complete
2025-06-21 02:56:16,111 - telegram.ext.ExtBot - DEBUG - No new updates found.
2025-06-21 02:56:16,111 - telegram.ext.ExtBot - DEBUG - ()
2025-06-21 02:56:16,111 - telegram.ext.ExtBot - DEBUG - Exiting: get_updates
2025-06-21 02:56:16,111 - telegram.ext.ExtBot - DEBUG - Entering: get_updates
2025-06-21 02:56:16,113 - httpcore.http11 - DEBUG - send_request_headers.started request=<Request [b'POST']>
2025-06-21 02:56:16,115 - httpcore.http11 - DEBUG - send_request_headers.complete
2025-06-21 02:56:16,115 - httpcore.http11 - DEBUG - send_request_body.started request=<Request [b'POST']>
2025-06-21 02:56:16,115 - httpcore.http11 - DEBUG - send_request_body.complete
2025-06-21 02:56:16,115 - httpcore.http11 - DEBUG - receive_response_headers.started request=<Request [b'POST']>
2025-06-21 02:56:26,242 - httpcore.http11 - DEBUG - receive_response_headers.complete return_value=(b'HTTP/1.1', 200, b'OK', [(b'Server', b'nginx/1.18.0'), (b'Date', b'Sat, 21 Jun 2025 01:56:26 GMT'), (b'Content-Type', b'application/json'), (b'Content-Length', b'23'), (b'Connection', b'keep-alive'), (b'Strict-Transport-Security', b'max-age=31536000; includeSubDomains; preload'), (b'Access-Control-Allow-Origin', b'*'), (b'Access-Control-Allow-Methods', b'GET, POST, OPTIONS'), (b'Access-Control-Expose-Headers', b'Content-Length,Content-Type,Date,Server,Connection')])
2025-06-21 02:56:26,245 - httpx - INFO - HTTP Request: POST https://api.telegram.org/bot7707158318:AAE8rWa4Q8Z_3avql6K0HAmXaooZAReoNF0/getUpdates "HTTP/1.1 200 OK"
2025-06-21 02:56:26,247 - httpcore.http11 - DEBUG - receive_response_body.started request=<Request [b'POST']>
2025-06-21 02:56:26,248 - httpcore.http11 - DEBUG - receive_response_body.complete
2025-06-21 02:56:26,248 - httpcore.http11 - DEBUG - response_closed.started
2025-06-21 02:56:26,250 - httpcore.http11 - DEBUG - response_closed.complete
2025-06-21 02:56:26,250 - telegram.ext.ExtBot - DEBUG - No new updates found.
2025-06-21 02:56:26,250 - telegram.ext.ExtBot - DEBUG - ()
2025-06-21 02:56:26,250 - telegram.ext.ExtBot - DEBUG - Exiting: get_updates
2025-06-21 02:56:26,250 - telegram.ext.ExtBot - DEBUG - Entering: get_updates
2025-06-21 02:56:26,252 - httpcore.http11 - DEBUG - send_request_headers.started request=<Request [b'POST']>
2025-06-21 02:56:26,254 - httpcore.http11 - DEBUG - send_request_headers.complete
2025-06-21 02:56:26,254 - httpcore.http11 - DEBUG - send_request_body.started request=<Request [b'POST']>
2025-06-21 02:56:26,254 - httpcore.http11 - DEBUG - send_request_body.complete
2025-06-21 02:56:26,254 - httpcore.http11 - DEBUG - receive_response_headers.started request=<Request [b'POST']>
2025-06-21 02:56:36,385 - httpcore.http11 - DEBUG - receive_response_headers.complete return_value=(b'HTTP/1.1', 200, b'OK', [(b'Server', b'nginx/1.18.0'), (b'Date', b'Sat, 21 Jun 2025 01:56:36 GMT'), (b'Content-Type', b'application/json'), (b'Content-Length', b'23'), (b'Connection', b'keep-alive'), (b'Strict-Transport-Security', b'max-age=31536000; includeSubDomains; preload'), (b'Access-Control-Allow-Origin', b'*'), (b'Access-Control-Allow-Methods', b'GET, POST, OPTIONS'), (b'Access-Control-Expose-Headers', b'Content-Length,Content-Type,Date,Server,Connection')])
2025-06-21 02:56:36,385 - httpx - INFO - HTTP Request: POST https://api.telegram.org/bot7707158318:AAE8rWa4Q8Z_3avql6K0HAmXaooZAReoNF0/getUpdates "HTTP/1.1 200 OK"
2025-06-21 02:56:36,387 - httpcore.http11 - DEBUG - receive_response_body.started request=<Request [b'POST']>
2025-06-21 02:56:36,388 - httpcore.http11 - DEBUG - receive_response_body.complete
2025-06-21 02:56:36,388 - httpcore.http11 - DEBUG - response_closed.started
2025-06-21 02:56:36,388 - httpcore.http11 - DEBUG - response_closed.complete
2025-06-21 02:56:36,388 - telegram.ext.ExtBot - DEBUG - No new updates found.
2025-06-21 02:56:36,388 - telegram.ext.ExtBot - DEBUG - ()
2025-06-21 02:56:36,390 - telegram.ext.ExtBot - DEBUG - Exiting: get_updates
2025-06-21 02:56:36,390 - telegram.ext.ExtBot - DEBUG - Entering: get_updates
2025-06-21 02:56:36,392 - httpcore.http11 - DEBUG - send_request_headers.started request=<Request [b'POST']>
2025-06-21 02:56:36,394 - httpcore.http11 - DEBUG - send_request_headers.complete
2025-06-21 02:56:36,394 - httpcore.http11 - DEBUG - send_request_body.started request=<Request [b'POST']>
2025-06-21 02:56:36,394 - httpcore.http11 - DEBUG - send_request_body.complete
2025-06-21 02:56:36,394 - httpcore.http11 - DEBUG - receive_response_headers.started request=<Request [b'POST']>
2025-06-21 02:56:46,622 - httpcore.http11 - DEBUG - receive_response_headers.complete return_value=(b'HTTP/1.1', 200, b'OK', [(b'Server', b'nginx/1.18.0'), (b'Date', b'Sat, 21 Jun 2025 01:56:46 GMT'), (b'Content-Type', b'application/json'), (b'Content-Length', b'23'), (b'Connection', b'keep-alive'), (b'Strict-Transport-Security', b'max-age=31536000; includeSubDomains; preload'), (b'Access-Control-Allow-Origin', b'*'), (b'Access-Control-Allow-Methods', b'GET, POST, OPTIONS'), (b'Access-Control-Expose-Headers', b'Content-Length,Content-Type,Date,Server,Connection')])
2025-06-21 02:56:46,624 - httpx - INFO - HTTP Request: POST https://api.telegram.org/bot7707158318:AAE8rWa4Q8Z_3avql6K0HAmXaooZAReoNF0/getUpdates "HTTP/1.1 200 OK"
2025-06-21 02:56:46,625 - httpcore.http11 - DEBUG - receive_response_body.started request=<Request [b'POST']>
2025-06-21 02:56:46,625 - httpcore.http11 - DEBUG - receive_response_body.complete
2025-06-21 02:56:46,625 - httpcore.http11 - DEBUG - response_closed.started
2025-06-21 02:56:46,627 - httpcore.http11 - DEBUG - response_closed.complete
2025-06-21 02:56:46,627 - telegram.ext.ExtBot - DEBUG - No new updates found.
2025-06-21 02:56:46,627 - telegram.ext.ExtBot - DEBUG - ()
2025-06-21 02:56:46,627 - telegram.ext.ExtBot - DEBUG - Exiting: get_updates
2025-06-21 02:56:46,627 - telegram.ext.ExtBot - DEBUG - Entering: get_updates
2025-06-21 02:56:46,629 - httpcore.http11 - DEBUG - send_request_headers.started request=<Request [b'POST']>
2025-06-21 02:56:46,631 - httpcore.http11 - DEBUG - send_request_headers.complete
2025-06-21 02:56:46,631 - httpcore.http11 - DEBUG - send_request_body.started request=<Request [b'POST']>
2025-06-21 02:56:46,631 - httpcore.http11 - DEBUG - send_request_body.complete
2025-06-21 02:56:46,631 - httpcore.http11 - DEBUG - receive_response_headers.started request=<Request [b'POST']>
2025-06-21 02:56:57,065 - httpcore.http11 - DEBUG - receive_response_headers.complete return_value=(b'HTTP/1.1', 200, b'OK', [(b'Server', b'nginx/1.18.0'), (b'Date', b'Sat, 21 Jun 2025 01:56:56 GMT'), (b'Content-Type', b'application/json'), (b'Content-Length', b'23'), (b'Connection', b'keep-alive'), (b'Strict-Transport-Security', b'max-age=31536000; includeSubDomains; preload'), (b'Access-Control-Allow-Origin', b'*'), (b'Access-Control-Allow-Methods', b'GET, POST, OPTIONS'), (b'Access-Control-Expose-Headers', b'Content-Length,Content-Type,Date,Server,Connection')])
2025-06-21 02:56:57,065 - httpx - INFO - HTTP Request: POST https://api.telegram.org/bot7707158318:AAE8rWa4Q8Z_3avql6K0HAmXaooZAReoNF0/getUpdates "HTTP/1.1 200 OK"
2025-06-21 02:56:57,067 - httpcore.http11 - DEBUG - receive_response_body.started request=<Request [b'POST']>
2025-06-21 02:56:57,067 - httpcore.http11 - DEBUG - receive_response_body.complete
2025-06-21 02:56:57,067 - httpcore.http11 - DEBUG - response_closed.started
2025-06-21 02:56:57,067 - httpcore.http11 - DEBUG - response_closed.complete
2025-06-21 02:56:57,069 - telegram.ext.ExtBot - DEBUG - No new updates found.
2025-06-21 02:56:57,069 - telegram.ext.ExtBot - DEBUG - ()
2025-06-21 02:56:57,069 - telegram.ext.ExtBot - DEBUG - Exiting: get_updates
2025-06-21 02:56:57,069 - telegram.ext.ExtBot - DEBUG - Entering: get_updates
2025-06-21 02:56:57,071 - httpcore.http11 - DEBUG - send_request_headers.started request=<Request [b'POST']>
2025-06-21 02:56:57,071 - httpcore.http11 - DEBUG - send_request_headers.complete
2025-06-21 02:56:57,071 - httpcore.http11 - DEBUG - send_request_body.started request=<Request [b'POST']>
2025-06-21 02:56:57,073 - httpcore.http11 - DEBUG - send_request_body.complete
2025-06-21 02:56:57,073 - httpcore.http11 - DEBUG - receive_response_headers.started request=<Request [b'POST']>
2025-06-21 02:57:07,352 - httpcore.http11 - DEBUG - receive_response_headers.complete return_value=(b'HTTP/1.1', 200, b'OK', [(b'Server', b'nginx/1.18.0'), (b'Date', b'Sat, 21 Jun 2025 01:57:06 GMT'), (b'Content-Type', b'application/json'), (b'Content-Length', b'23'), (b'Connection', b'keep-alive'), (b'Strict-Transport-Security', b'max-age=31536000; includeSubDomains; preload'), (b'Access-Control-Allow-Origin', b'*'), (b'Access-Control-Allow-Methods', b'GET, POST, OPTIONS'), (b'Access-Control-Expose-Headers', b'Content-Length,Content-Type,Date,Server,Connection')])
2025-06-21 02:57:07,356 - httpx - INFO - HTTP Request: POST https://api.telegram.org/bot7707158318:AAE8rWa4Q8Z_3avql6K0HAmXaooZAReoNF0/getUpdates "HTTP/1.1 200 OK"
2025-06-21 02:57:07,356 - httpcore.http11 - DEBUG - receive_response_body.started request=<Request [b'POST']>
2025-06-21 02:57:07,356 - httpcore.http11 - DEBUG - receive_response_body.complete
2025-06-21 02:57:07,356 - httpcore.http11 - DEBUG - response_closed.started
2025-06-21 02:57:07,359 - httpcore.http11 - DEBUG - response_closed.complete
2025-06-21 02:57:07,359 - telegram.ext.ExtBot - DEBUG - No new updates found.
2025-06-21 02:57:07,359 - telegram.ext.ExtBot - DEBUG - ()
2025-06-21 02:57:07,360 - telegram.ext.ExtBot - DEBUG - Exiting: get_updates
2025-06-21 02:57:07,360 - telegram.ext.ExtBot - DEBUG - Entering: get_updates
2025-06-21 02:57:07,361 - httpcore.http11 - DEBUG - send_request_headers.started request=<Request [b'POST']>
2025-06-21 02:57:07,361 - httpcore.http11 - DEBUG - send_request_headers.complete
2025-06-21 02:57:07,364 - httpcore.http11 - DEBUG - send_request_body.started request=<Request [b'POST']>
2025-06-21 02:57:07,364 - httpcore.http11 - DEBUG - send_request_body.complete
2025-06-21 02:57:07,364 - httpcore.http11 - DEBUG - receive_response_headers.started request=<Request [b'POST']>
2025-06-21 02:57:17,547 - httpcore.http11 - DEBUG - receive_response_headers.complete return_value=(b'HTTP/1.1', 200, b'OK', [(b'Server', b'nginx/1.18.0'), (b'Date', b'Sat, 21 Jun 2025 01:57:17 GMT'), (b'Content-Type', b'application/json'), (b'Content-Length', b'23'), (b'Connection', b'keep-alive'), (b'Strict-Transport-Security', b'max-age=31536000; includeSubDomains; preload'), (b'Access-Control-Allow-Origin', b'*'), (b'Access-Control-Allow-Methods', b'GET, POST, OPTIONS'), (b'Access-Control-Expose-Headers', b'Content-Length,Content-Type,Date,Server,Connection')])
2025-06-21 02:57:17,547 - httpx - INFO - HTTP Request: POST https://api.telegram.org/bot7707158318:AAE8rWa4Q8Z_3avql6K0HAmXaooZAReoNF0/getUpdates "HTTP/1.1 200 OK"
2025-06-21 02:57:17,549 - httpcore.http11 - DEBUG - receive_response_body.started request=<Request [b'POST']>
2025-06-21 02:57:17,551 - httpcore.http11 - DEBUG - receive_response_body.complete
2025-06-21 02:57:17,551 - httpcore.http11 - DEBUG - response_closed.started
2025-06-21 02:57:17,551 - httpcore.http11 - DEBUG - response_closed.complete
2025-06-21 02:57:17,551 - telegram.ext.ExtBot - DEBUG - No new updates found.
2025-06-21 02:57:17,553 - telegram.ext.ExtBot - DEBUG - ()
2025-06-21 02:57:17,553 - telegram.ext.ExtBot - DEBUG - Exiting: get_updates
2025-06-21 02:57:17,553 - telegram.ext.ExtBot - DEBUG - Entering: get_updates
2025-06-21 02:57:17,555 - httpcore.http11 - DEBUG - send_request_headers.started request=<Request [b'POST']>
2025-06-21 02:57:17,555 - httpcore.http11 - DEBUG - send_request_headers.complete
2025-06-21 02:57:17,555 - httpcore.http11 - DEBUG - send_request_body.started request=<Request [b'POST']>
2025-06-21 02:57:17,557 - httpcore.http11 - DEBUG - send_request_body.complete
2025-06-21 02:57:17,557 - httpcore.http11 - DEBUG - receive_response_headers.started request=<Request [b'POST']>
2025-06-21 02:57:27,699 - httpcore.http11 - DEBUG - receive_response_headers.complete return_value=(b'HTTP/1.1', 200, b'OK', [(b'Server', b'nginx/1.18.0'), (b'Date', b'Sat, 21 Jun 2025 01:57:27 GMT'), (b'Content-Type', b'application/json'), (b'Content-Length', b'23'), (b'Connection', b'keep-alive'), (b'Strict-Transport-Security', b'max-age=31536000; includeSubDomains; preload'), (b'Access-Control-Allow-Origin', b'*'), (b'Access-Control-Allow-Methods', b'GET, POST, OPTIONS'), (b'Access-Control-Expose-Headers', b'Content-Length,Content-Type,Date,Server,Connection')])
2025-06-21 02:57:27,699 - httpx - INFO - HTTP Request: POST https://api.telegram.org/bot7707158318:AAE8rWa4Q8Z_3avql6K0HAmXaooZAReoNF0/getUpdates "HTTP/1.1 200 OK"
2025-06-21 02:57:27,701 - httpcore.http11 - DEBUG - receive_response_body.started request=<Request [b'POST']>
2025-06-21 02:57:27,701 - httpcore.http11 - DEBUG - receive_response_body.complete
2025-06-21 02:57:27,701 - httpcore.http11 - DEBUG - response_closed.started
2025-06-21 02:57:27,703 - httpcore.http11 - DEBUG - response_closed.complete
2025-06-21 02:57:27,703 - telegram.ext.ExtBot - DEBUG - No new updates found.
2025-06-21 02:57:27,703 - telegram.ext.ExtBot - DEBUG - ()
2025-06-21 02:57:27,703 - telegram.ext.ExtBot - DEBUG - Exiting: get_updates
2025-06-21 02:57:27,703 - telegram.ext.ExtBot - DEBUG - Entering: get_updates
2025-06-21 02:57:27,705 - httpcore.http11 - DEBUG - send_request_headers.started request=<Request [b'POST']>
2025-06-21 02:57:27,706 - httpcore.http11 - DEBUG - send_request_headers.complete
2025-06-21 02:57:27,706 - httpcore.http11 - DEBUG - send_request_body.started request=<Request [b'POST']>
2025-06-21 02:57:27,706 - httpcore.http11 - DEBUG - send_request_body.complete
2025-06-21 02:57:27,706 - httpcore.http11 - DEBUG - receive_response_headers.started request=<Request [b'POST']>
2025-06-21 02:57:37,777 - httpcore.http11 - DEBUG - receive_response_headers.complete return_value=(b'HTTP/1.1', 200, b'OK', [(b'Server', b'nginx/1.18.0'), (b'Date', b'Sat, 21 Jun 2025 01:57:37 GMT'), (b'Content-Type', b'application/json'), (b'Content-Length', b'23'), (b'Connection', b'keep-alive'), (b'Strict-Transport-Security', b'max-age=31536000; includeSubDomains; preload'), (b'Access-Control-Allow-Origin', b'*'), (b'Access-Control-Allow-Methods', b'GET, POST, OPTIONS'), (b'Access-Control-Expose-Headers', b'Content-Length,Content-Type,Date,Server,Connection')])
2025-06-21 02:57:37,780 - httpx - INFO - HTTP Request: POST https://api.telegram.org/bot7707158318:AAE8rWa4Q8Z_3avql6K0HAmXaooZAReoNF0/getUpdates "HTTP/1.1 200 OK"
2025-06-21 02:57:37,780 - httpcore.http11 - DEBUG - receive_response_body.started request=<Request [b'POST']>
2025-06-21 02:57:37,780 - httpcore.http11 - DEBUG - receive_response_body.complete
2025-06-21 02:57:37,780 - httpcore.http11 - DEBUG - response_closed.started
2025-06-21 02:57:37,780 - httpcore.http11 - DEBUG - response_closed.complete
2025-06-21 02:57:37,780 - telegram.ext.ExtBot - DEBUG - No new updates found.
2025-06-21 02:57:37,780 - telegram.ext.ExtBot - DEBUG - ()
2025-06-21 02:57:37,780 - telegram.ext.ExtBot - DEBUG - Exiting: get_updates
2025-06-21 02:57:37,780 - telegram.ext.ExtBot - DEBUG - Entering: get_updates
2025-06-21 02:57:37,785 - httpcore.http11 - DEBUG - send_request_headers.started request=<Request [b'POST']>
2025-06-21 02:57:37,785 - httpcore.http11 - DEBUG - send_request_headers.complete
2025-06-21 02:57:37,787 - httpcore.http11 - DEBUG - send_request_body.started request=<Request [b'POST']>
2025-06-21 02:57:37,787 - httpcore.http11 - DEBUG - send_request_body.complete
2025-06-21 02:57:37,787 - httpcore.http11 - DEBUG - receive_response_headers.started request=<Request [b'POST']>
2025-06-21 02:57:47,921 - httpcore.http11 - DEBUG - receive_response_headers.complete return_value=(b'HTTP/1.1', 200, b'OK', [(b'Server', b'nginx/1.18.0'), (b'Date', b'Sat, 21 Jun 2025 01:57:47 GMT'), (b'Content-Type', b'application/json'), (b'Content-Length', b'23'), (b'Connection', b'keep-alive'), (b'Strict-Transport-Security', b'max-age=31536000; includeSubDomains; preload'), (b'Access-Control-Allow-Origin', b'*'), (b'Access-Control-Allow-Methods', b'GET, POST, OPTIONS'), (b'Access-Control-Expose-Headers', b'Content-Length,Content-Type,Date,Server,Connection')])
2025-06-21 02:57:47,922 - httpx - INFO - HTTP Request: POST https://api.telegram.org/bot7707158318:AAE8rWa4Q8Z_3avql6K0HAmXaooZAReoNF0/getUpdates "HTTP/1.1 200 OK"
2025-06-21 02:57:47,924 - httpcore.http11 - DEBUG - receive_response_body.started request=<Request [b'POST']>
2025-06-21 02:57:47,925 - httpcore.http11 - DEBUG - receive_response_body.complete
2025-06-21 02:57:47,925 - httpcore.http11 - DEBUG - response_closed.started
2025-06-21 02:57:47,925 - httpcore.http11 - DEBUG - response_closed.complete
2025-06-21 02:57:47,925 - telegram.ext.ExtBot - DEBUG - No new updates found.
2025-06-21 02:57:47,925 - telegram.ext.ExtBot - DEBUG - ()
2025-06-21 02:57:47,925 - telegram.ext.ExtBot - DEBUG - Exiting: get_updates
2025-06-21 02:57:47,925 - telegram.ext.ExtBot - DEBUG - Entering: get_updates
2025-06-21 02:57:47,925 - httpcore.http11 - DEBUG - send_request_headers.started request=<Request [b'POST']>
2025-06-21 02:57:47,930 - httpcore.http11 - DEBUG - send_request_headers.complete
2025-06-21 02:57:47,930 - httpcore.http11 - DEBUG - send_request_body.started request=<Request [b'POST']>
2025-06-21 02:57:47,930 - httpcore.http11 - DEBUG - send_request_body.complete
2025-06-21 02:57:47,930 - httpcore.http11 - DEBUG - receive_response_headers.started request=<Request [b'POST']>
2025-06-21 02:57:58,097 - httpcore.http11 - DEBUG - receive_response_headers.complete return_value=(b'HTTP/1.1', 200, b'OK', [(b'Server', b'nginx/1.18.0'), (b'Date', b'Sat, 21 Jun 2025 01:57:57 GMT'), (b'Content-Type', b'application/json'), (b'Content-Length', b'23'), (b'Connection', b'keep-alive'), (b'Strict-Transport-Security', b'max-age=31536000; includeSubDomains; preload'), (b'Access-Control-Allow-Origin', b'*'), (b'Access-Control-Allow-Methods', b'GET, POST, OPTIONS'), (b'Access-Control-Expose-Headers', b'Content-Length,Content-Type,Date,Server,Connection')])
2025-06-21 02:57:58,099 - httpx - INFO - HTTP Request: POST https://api.telegram.org/bot7707158318:AAE8rWa4Q8Z_3avql6K0HAmXaooZAReoNF0/getUpdates "HTTP/1.1 200 OK"
2025-06-21 02:57:58,102 - httpcore.http11 - DEBUG - receive_response_body.started request=<Request [b'POST']>
2025-06-21 02:57:58,102 - httpcore.http11 - DEBUG - receive_response_body.complete
2025-06-21 02:57:58,102 - httpcore.http11 - DEBUG - response_closed.started
2025-06-21 02:57:58,102 - httpcore.http11 - DEBUG - response_closed.complete
2025-06-21 02:57:58,104 - telegram.ext.ExtBot - DEBUG - No new updates found.
2025-06-21 02:57:58,104 - telegram.ext.ExtBot - DEBUG - ()
2025-06-21 02:57:58,104 - telegram.ext.ExtBot - DEBUG - Exiting: get_updates
2025-06-21 02:57:58,104 - telegram.ext.ExtBot - DEBUG - Entering: get_updates
2025-06-21 02:57:58,106 - httpcore.http11 - DEBUG - send_request_headers.started request=<Request [b'POST']>
2025-06-21 02:57:58,108 - httpcore.http11 - DEBUG - send_request_headers.complete
2025-06-21 02:57:58,108 - httpcore.http11 - DEBUG - send_request_body.started request=<Request [b'POST']>
2025-06-21 02:57:58,108 - httpcore.http11 - DEBUG - send_request_body.complete
2025-06-21 02:57:58,108 - httpcore.http11 - DEBUG - receive_response_headers.started request=<Request [b'POST']>
2025-06-21 02:58:08,276 - httpcore.http11 - DEBUG - receive_response_headers.complete return_value=(b'HTTP/1.1', 200, b'OK', [(b'Server', b'nginx/1.18.0'), (b'Date', b'Sat, 21 Jun 2025 01:58:07 GMT'), (b'Content-Type', b'application/json'), (b'Content-Length', b'23'), (b'Connection', b'keep-alive'), (b'Strict-Transport-Security', b'max-age=31536000; includeSubDomains; preload'), (b'Access-Control-Allow-Origin', b'*'), (b'Access-Control-Allow-Methods', b'GET, POST, OPTIONS'), (b'Access-Control-Expose-Headers', b'Content-Length,Content-Type,Date,Server,Connection')])
2025-06-21 02:58:08,276 - httpx - INFO - HTTP Request: POST https://api.telegram.org/bot7707158318:AAE8rWa4Q8Z_3avql6K0HAmXaooZAReoNF0/getUpdates "HTTP/1.1 200 OK"
2025-06-21 02:58:08,278 - httpcore.http11 - DEBUG - receive_response_body.started request=<Request [b'POST']>
2025-06-21 02:58:08,278 - httpcore.http11 - DEBUG - receive_response_body.complete
2025-06-21 02:58:08,278 - httpcore.http11 - DEBUG - response_closed.started
2025-06-21 02:58:08,282 - httpcore.http11 - DEBUG - response_closed.complete
2025-06-21 02:58:08,282 - telegram.ext.ExtBot - DEBUG - No new updates found.
2025-06-21 02:58:08,282 - telegram.ext.ExtBot - DEBUG - ()
2025-06-21 02:58:08,284 - telegram.ext.ExtBot - DEBUG - Exiting: get_updates
2025-06-21 02:58:08,284 - telegram.ext.ExtBot - DEBUG - Entering: get_updates
2025-06-21 02:58:08,286 - httpcore.http11 - DEBUG - send_request_headers.started request=<Request [b'POST']>
2025-06-21 02:58:08,286 - httpcore.http11 - DEBUG - send_request_headers.complete
2025-06-21 02:58:08,286 - httpcore.http11 - DEBUG - send_request_body.started request=<Request [b'POST']>
2025-06-21 02:58:08,288 - httpcore.http11 - DEBUG - send_request_body.complete
2025-06-21 02:58:08,288 - httpcore.http11 - DEBUG - receive_response_headers.started request=<Request [b'POST']>
2025-06-21 02:58:18,377 - httpcore.http11 - DEBUG - receive_response_headers.complete return_value=(b'HTTP/1.1', 200, b'OK', [(b'Server', b'nginx/1.18.0'), (b'Date', b'Sat, 21 Jun 2025 01:58:18 GMT'), (b'Content-Type', b'application/json'), (b'Content-Length', b'23'), (b'Connection', b'keep-alive'), (b'Strict-Transport-Security', b'max-age=31536000; includeSubDomains; preload'), (b'Access-Control-Allow-Origin', b'*'), (b'Access-Control-Allow-Methods', b'GET, POST, OPTIONS'), (b'Access-Control-Expose-Headers', b'Content-Length,Content-Type,Date,Server,Connection')])
2025-06-21 02:58:18,379 - httpx - INFO - HTTP Request: POST https://api.telegram.org/bot7707158318:AAE8rWa4Q8Z_3avql6K0HAmXaooZAReoNF0/getUpdates "HTTP/1.1 200 OK"
2025-06-21 02:58:18,380 - httpcore.http11 - DEBUG - receive_response_body.started request=<Request [b'POST']>
2025-06-21 02:58:18,380 - httpcore.http11 - DEBUG - receive_response_body.complete
2025-06-21 02:58:18,380 - httpcore.http11 - DEBUG - response_closed.started
2025-06-21 02:58:18,380 - httpcore.http11 - DEBUG - response_closed.complete
2025-06-21 02:58:18,382 - telegram.ext.ExtBot - DEBUG - No new updates found.
2025-06-21 02:58:18,382 - telegram.ext.ExtBot - DEBUG - ()
2025-06-21 02:58:18,382 - telegram.ext.ExtBot - DEBUG - Exiting: get_updates
2025-06-21 02:58:18,382 - telegram.ext.ExtBot - DEBUG - Entering: get_updates
2025-06-21 02:58:18,384 - httpcore.http11 - DEBUG - send_request_headers.started request=<Request [b'POST']>
2025-06-21 02:58:18,384 - httpcore.http11 - DEBUG - send_request_headers.complete
2025-06-21 02:58:18,384 - httpcore.http11 - DEBUG - send_request_body.started request=<Request [b'POST']>
2025-06-21 02:58:18,386 - httpcore.http11 - DEBUG - send_request_body.complete
2025-06-21 02:58:18,386 - httpcore.http11 - DEBUG - receive_response_headers.started request=<Request [b'POST']>
2025-06-21 02:58:28,548 - httpcore.http11 - DEBUG - receive_response_headers.complete return_value=(b'HTTP/1.1', 200, b'OK', [(b'Server', b'nginx/1.18.0'), (b'Date', b'Sat, 21 Jun 2025 01:58:28 GMT'), (b'Content-Type', b'application/json'), (b'Content-Length', b'23'), (b'Connection', b'keep-alive'), (b'Strict-Transport-Security', b'max-age=31536000; includeSubDomains; preload'), (b'Access-Control-Allow-Origin', b'*'), (b'Access-Control-Allow-Methods', b'GET, POST, OPTIONS'), (b'Access-Control-Expose-Headers', b'Content-Length,Content-Type,Date,Server,Connection')])
2025-06-21 02:58:28,548 - httpx - INFO - HTTP Request: POST https://api.telegram.org/bot7707158318:AAE8rWa4Q8Z_3avql6K0HAmXaooZAReoNF0/getUpdates "HTTP/1.1 200 OK"
2025-06-21 02:58:28,550 - httpcore.http11 - DEBUG - receive_response_body.started request=<Request [b'POST']>
2025-06-21 02:58:28,550 - httpcore.http11 - DEBUG - receive_response_body.complete
2025-06-21 02:58:28,552 - httpcore.http11 - DEBUG - response_closed.started
2025-06-21 02:58:28,552 - httpcore.http11 - DEBUG - response_closed.complete
2025-06-21 02:58:28,552 - telegram.ext.ExtBot - DEBUG - No new updates found.
2025-06-21 02:58:28,552 - telegram.ext.ExtBot - DEBUG - ()
2025-06-21 02:58:28,552 - telegram.ext.ExtBot - DEBUG - Exiting: get_updates
2025-06-21 02:58:28,552 - telegram.ext.ExtBot - DEBUG - Entering: get_updates
2025-06-21 02:58:28,555 - httpcore.http11 - DEBUG - send_request_headers.started request=<Request [b'POST']>
2025-06-21 02:58:28,555 - httpcore.http11 - DEBUG - send_request_headers.complete
2025-06-21 02:58:28,555 - httpcore.http11 - DEBUG - send_request_body.started request=<Request [b'POST']>
2025-06-21 02:58:28,557 - httpcore.http11 - DEBUG - send_request_body.complete
2025-06-21 02:58:28,557 - httpcore.http11 - DEBUG - receive_response_headers.started request=<Request [b'POST']>
2025-06-21 02:58:38,649 - httpcore.http11 - DEBUG - receive_response_headers.complete return_value=(b'HTTP/1.1', 200, b'OK', [(b'Server', b'nginx/1.18.0'), (b'Date', b'Sat, 21 Jun 2025 01:58:38 GMT'), (b'Content-Type', b'application/json'), (b'Content-Length', b'23'), (b'Connection', b'keep-alive'), (b'Strict-Transport-Security', b'max-age=31536000; includeSubDomains; preload'), (b'Access-Control-Allow-Origin', b'*'), (b'Access-Control-Allow-Methods', b'GET, POST, OPTIONS'), (b'Access-Control-Expose-Headers', b'Content-Length,Content-Type,Date,Server,Connection')])
2025-06-21 02:58:38,650 - httpx - INFO - HTTP Request: POST https://api.telegram.org/bot7707158318:AAE8rWa4Q8Z_3avql6K0HAmXaooZAReoNF0/getUpdates "HTTP/1.1 200 OK"
2025-06-21 02:58:38,652 - httpcore.http11 - DEBUG - receive_response_body.started request=<Request [b'POST']>
2025-06-21 02:58:38,652 - httpcore.http11 - DEBUG - receive_response_body.complete
2025-06-21 02:58:38,652 - httpcore.http11 - DEBUG - response_closed.started
2025-06-21 02:58:38,654 - httpcore.http11 - DEBUG - response_closed.complete
2025-06-21 02:58:38,655 - telegram.ext.ExtBot - DEBUG - No new updates found.
2025-06-21 02:58:38,655 - telegram.ext.ExtBot - DEBUG - ()
2025-06-21 02:58:38,656 - telegram.ext.ExtBot - DEBUG - Exiting: get_updates
2025-06-21 02:58:38,656 - telegram.ext.ExtBot - DEBUG - Entering: get_updates
2025-06-21 02:58:38,658 - httpcore.http11 - DEBUG - send_request_headers.started request=<Request [b'POST']>
2025-06-21 02:58:38,660 - httpcore.http11 - DEBUG - send_request_headers.complete
2025-06-21 02:58:38,661 - httpcore.http11 - DEBUG - send_request_body.started request=<Request [b'POST']>
2025-06-21 02:58:38,662 - httpcore.http11 - DEBUG - send_request_body.complete
2025-06-21 02:58:38,662 - httpcore.http11 - DEBUG - receive_response_headers.started request=<Request [b'POST']>
2025-06-21 02:58:48,750 - httpcore.http11 - DEBUG - receive_response_headers.complete return_value=(b'HTTP/1.1', 200, b'OK', [(b'Server', b'nginx/1.18.0'), (b'Date', b'Sat, 21 Jun 2025 01:58:48 GMT'), (b'Content-Type', b'application/json'), (b'Content-Length', b'23'), (b'Connection', b'keep-alive'), (b'Strict-Transport-Security', b'max-age=31536000; includeSubDomains; preload'), (b'Access-Control-Allow-Origin', b'*'), (b'Access-Control-Allow-Methods', b'GET, POST, OPTIONS'), (b'Access-Control-Expose-Headers', b'Content-Length,Content-Type,Date,Server,Connection')])
2025-06-21 02:58:48,752 - httpx - INFO - HTTP Request: POST https://api.telegram.org/bot7707158318:AAE8rWa4Q8Z_3avql6K0HAmXaooZAReoNF0/getUpdates "HTTP/1.1 200 OK"
2025-06-21 02:58:48,753 - httpcore.http11 - DEBUG - receive_response_body.started request=<Request [b'POST']>
2025-06-21 02:58:48,753 - httpcore.http11 - DEBUG - receive_response_body.complete
2025-06-21 02:58:48,755 - httpcore.http11 - DEBUG - response_closed.started
2025-06-21 02:58:48,755 - httpcore.http11 - DEBUG - response_closed.complete
2025-06-21 02:58:48,755 - telegram.ext.ExtBot - DEBUG - No new updates found.
2025-06-21 02:58:48,755 - telegram.ext.ExtBot - DEBUG - ()
2025-06-21 02:58:48,755 - telegram.ext.ExtBot - DEBUG - Exiting: get_updates
2025-06-21 02:58:48,755 - telegram.ext.ExtBot - DEBUG - Entering: get_updates
2025-06-21 02:58:48,759 - httpcore.http11 - DEBUG - send_request_headers.started request=<Request [b'POST']>
2025-06-21 02:58:48,759 - httpcore.http11 - DEBUG - send_request_headers.complete
2025-06-21 02:58:48,759 - httpcore.http11 - DEBUG - send_request_body.started request=<Request [b'POST']>
2025-06-21 02:58:48,761 - httpcore.http11 - DEBUG - send_request_body.complete
2025-06-21 02:58:48,761 - httpcore.http11 - DEBUG - receive_response_headers.started request=<Request [b'POST']>
2025-06-21 02:58:59,138 - httpcore.http11 - DEBUG - receive_response_headers.complete return_value=(b'HTTP/1.1', 200, b'OK', [(b'Server', b'nginx/1.18.0'), (b'Date', b'Sat, 21 Jun 2025 01:58:58 GMT'), (b'Content-Type', b'application/json'), (b'Content-Length', b'23'), (b'Connection', b'keep-alive'), (b'Strict-Transport-Security', b'max-age=31536000; includeSubDomains; preload'), (b'Access-Control-Allow-Origin', b'*'), (b'Access-Control-Allow-Methods', b'GET, POST, OPTIONS'), (b'Access-Control-Expose-Headers', b'Content-Length,Content-Type,Date,Server,Connection')])
2025-06-21 02:58:59,140 - httpx - INFO - HTTP Request: POST https://api.telegram.org/bot7707158318:AAE8rWa4Q8Z_3avql6K0HAmXaooZAReoNF0/getUpdates "HTTP/1.1 200 OK"
2025-06-21 02:58:59,175 - httpcore.http11 - DEBUG - receive_response_body.started request=<Request [b'POST']>
2025-06-21 02:58:59,179 - httpcore.http11 - DEBUG - receive_response_body.complete
2025-06-21 02:58:59,179 - httpcore.http11 - DEBUG - response_closed.started
2025-06-21 02:58:59,179 - httpcore.http11 - DEBUG - response_closed.complete
2025-06-21 02:58:59,181 - telegram.ext.ExtBot - DEBUG - No new updates found.
2025-06-21 02:58:59,181 - telegram.ext.ExtBot - DEBUG - ()
2025-06-21 02:58:59,181 - telegram.ext.ExtBot - DEBUG - Exiting: get_updates
2025-06-21 02:58:59,181 - telegram.ext.ExtBot - DEBUG - Entering: get_updates
2025-06-21 02:58:59,183 - httpcore.http11 - DEBUG - send_request_headers.started request=<Request [b'POST']>
2025-06-21 02:58:59,185 - httpcore.http11 - DEBUG - send_request_headers.complete
2025-06-21 02:58:59,185 - httpcore.http11 - DEBUG - send_request_body.started request=<Request [b'POST']>
2025-06-21 02:58:59,185 - httpcore.http11 - DEBUG - send_request_body.complete
2025-06-21 02:58:59,185 - httpcore.http11 - DEBUG - receive_response_headers.started request=<Request [b'POST']>
2025-06-21 02:59:09,275 - httpcore.http11 - DEBUG - receive_response_headers.complete return_value=(b'HTTP/1.1', 200, b'OK', [(b'Server', b'nginx/1.18.0'), (b'Date', b'Sat, 21 Jun 2025 01:59:09 GMT'), (b'Content-Type', b'application/json'), (b'Content-Length', b'23'), (b'Connection', b'keep-alive'), (b'Strict-Transport-Security', b'max-age=31536000; includeSubDomains; preload'), (b'Access-Control-Allow-Origin', b'*'), (b'Access-Control-Allow-Methods', b'GET, POST, OPTIONS'), (b'Access-Control-Expose-Headers', b'Content-Length,Content-Type,Date,Server,Connection')])
2025-06-21 02:59:09,275 - httpx - INFO - HTTP Request: POST https://api.telegram.org/bot7707158318:AAE8rWa4Q8Z_3avql6K0HAmXaooZAReoNF0/getUpdates "HTTP/1.1 200 OK"
2025-06-21 02:59:09,277 - httpcore.http11 - DEBUG - receive_response_body.started request=<Request [b'POST']>
2025-06-21 02:59:09,277 - httpcore.http11 - DEBUG - receive_response_body.complete
2025-06-21 02:59:09,277 - httpcore.http11 - DEBUG - response_closed.started
2025-06-21 02:59:09,277 - httpcore.http11 - DEBUG - response_closed.complete
2025-06-21 02:59:09,280 - telegram.ext.ExtBot - DEBUG - No new updates found.
2025-06-21 02:59:09,280 - telegram.ext.ExtBot - DEBUG - ()
2025-06-21 02:59:09,280 - telegram.ext.ExtBot - DEBUG - Exiting: get_updates
2025-06-21 02:59:09,280 - telegram.ext.ExtBot - DEBUG - Entering: get_updates
2025-06-21 02:59:09,283 - httpcore.http11 - DEBUG - send_request_headers.started request=<Request [b'POST']>
2025-06-21 02:59:09,283 - httpcore.http11 - DEBUG - send_request_headers.complete
2025-06-21 02:59:09,283 - httpcore.http11 - DEBUG - send_request_body.started request=<Request [b'POST']>
2025-06-21 02:59:09,286 - httpcore.http11 - DEBUG - send_request_body.complete
2025-06-21 02:59:09,286 - httpcore.http11 - DEBUG - receive_response_headers.started request=<Request [b'POST']>
2025-06-21 02:59:19,352 - httpcore.http11 - DEBUG - receive_response_headers.complete return_value=(b'HTTP/1.1', 200, b'OK', [(b'Server', b'nginx/1.18.0'), (b'Date', b'Sat, 21 Jun 2025 01:59:19 GMT'), (b'Content-Type', b'application/json'), (b'Content-Length', b'23'), (b'Connection', b'keep-alive'), (b'Strict-Transport-Security', b'max-age=31536000; includeSubDomains; preload'), (b'Access-Control-Allow-Origin', b'*'), (b'Access-Control-Allow-Methods', b'GET, POST, OPTIONS'), (b'Access-Control-Expose-Headers', b'Content-Length,Content-Type,Date,Server,Connection')])
2025-06-21 02:59:19,358 - httpx - INFO - HTTP Request: POST https://api.telegram.org/bot7707158318:AAE8rWa4Q8Z_3avql6K0HAmXaooZAReoNF0/getUpdates "HTTP/1.1 200 OK"
2025-06-21 02:59:19,359 - httpcore.http11 - DEBUG - receive_response_body.started request=<Request [b'POST']>
2025-06-21 02:59:19,360 - httpcore.http11 - DEBUG - receive_response_body.complete
2025-06-21 02:59:19,360 - httpcore.http11 - DEBUG - response_closed.started
2025-06-21 02:59:19,360 - httpcore.http11 - DEBUG - response_closed.complete
2025-06-21 02:59:19,360 - telegram.ext.ExtBot - DEBUG - No new updates found.
2025-06-21 02:59:19,362 - telegram.ext.ExtBot - DEBUG - ()
2025-06-21 02:59:19,362 - telegram.ext.ExtBot - DEBUG - Exiting: get_updates
2025-06-21 02:59:19,362 - telegram.ext.ExtBot - DEBUG - Entering: get_updates
2025-06-21 02:59:19,365 - httpcore.http11 - DEBUG - send_request_headers.started request=<Request [b'POST']>
2025-06-21 02:59:19,367 - httpcore.http11 - DEBUG - send_request_headers.complete
2025-06-21 02:59:19,369 - httpcore.http11 - DEBUG - send_request_body.started request=<Request [b'POST']>
2025-06-21 02:59:19,371 - httpcore.http11 - DEBUG - send_request_body.complete
2025-06-21 02:59:19,371 - httpcore.http11 - DEBUG - receive_response_headers.started request=<Request [b'POST']>
2025-06-21 02:59:29,459 - httpcore.http11 - DEBUG - receive_response_headers.complete return_value=(b'HTTP/1.1', 200, b'OK', [(b'Server', b'nginx/1.18.0'), (b'Date', b'Sat, 21 Jun 2025 01:59:29 GMT'), (b'Content-Type', b'application/json'), (b'Content-Length', b'23'), (b'Connection', b'keep-alive'), (b'Strict-Transport-Security', b'max-age=31536000; includeSubDomains; preload'), (b'Access-Control-Allow-Origin', b'*'), (b'Access-Control-Allow-Methods', b'GET, POST, OPTIONS'), (b'Access-Control-Expose-Headers', b'Content-Length,Content-Type,Date,Server,Connection')])
2025-06-21 02:59:29,459 - httpx - INFO - HTTP Request: POST https://api.telegram.org/bot7707158318:AAE8rWa4Q8Z_3avql6K0HAmXaooZAReoNF0/getUpdates "HTTP/1.1 200 OK"
2025-06-21 02:59:29,471 - httpcore.http11 - DEBUG - receive_response_body.started request=<Request [b'POST']>
2025-06-21 02:59:29,472 - httpcore.http11 - DEBUG - receive_response_body.complete
2025-06-21 02:59:29,472 - httpcore.http11 - DEBUG - response_closed.started
2025-06-21 02:59:29,472 - httpcore.http11 - DEBUG - response_closed.complete
2025-06-21 02:59:29,474 - telegram.ext.ExtBot - DEBUG - No new updates found.
2025-06-21 02:59:29,474 - telegram.ext.ExtBot - DEBUG - ()
2025-06-21 02:59:29,475 - telegram.ext.ExtBot - DEBUG - Exiting: get_updates
2025-06-21 02:59:29,475 - telegram.ext.ExtBot - DEBUG - Entering: get_updates
2025-06-21 02:59:29,478 - httpcore.http11 - DEBUG - send_request_headers.started request=<Request [b'POST']>
2025-06-21 02:59:29,479 - httpcore.http11 - DEBUG - send_request_headers.complete
2025-06-21 02:59:29,479 - httpcore.http11 - DEBUG - send_request_body.started request=<Request [b'POST']>
2025-06-21 02:59:29,480 - httpcore.http11 - DEBUG - send_request_body.complete
2025-06-21 02:59:29,480 - httpcore.http11 - DEBUG - receive_response_headers.started request=<Request [b'POST']>
2025-06-21 02:59:39,563 - httpcore.http11 - DEBUG - receive_response_headers.complete return_value=(b'HTTP/1.1', 200, b'OK', [(b'Server', b'nginx/1.18.0'), (b'Date', b'Sat, 21 Jun 2025 01:59:39 GMT'), (b'Content-Type', b'application/json'), (b'Content-Length', b'23'), (b'Connection', b'keep-alive'), (b'Strict-Transport-Security', b'max-age=31536000; includeSubDomains; preload'), (b'Access-Control-Allow-Origin', b'*'), (b'Access-Control-Allow-Methods', b'GET, POST, OPTIONS'), (b'Access-Control-Expose-Headers', b'Content-Length,Content-Type,Date,Server,Connection')])
2025-06-21 02:59:39,565 - httpx - INFO - HTTP Request: POST https://api.telegram.org/bot7707158318:AAE8rWa4Q8Z_3avql6K0HAmXaooZAReoNF0/getUpdates "HTTP/1.1 200 OK"
2025-06-21 02:59:39,568 - httpcore.http11 - DEBUG - receive_response_body.started request=<Request [b'POST']>
2025-06-21 02:59:39,568 - httpcore.http11 - DEBUG - receive_response_body.complete
2025-06-21 02:59:39,570 - httpcore.http11 - DEBUG - response_closed.started
2025-06-21 02:59:39,570 - httpcore.http11 - DEBUG - response_closed.complete
2025-06-21 02:59:39,572 - telegram.ext.ExtBot - DEBUG - No new updates found.
2025-06-21 02:59:39,572 - telegram.ext.ExtBot - DEBUG - ()
2025-06-21 02:59:39,574 - telegram.ext.ExtBot - DEBUG - Exiting: get_updates
2025-06-21 02:59:39,574 - telegram.ext.ExtBot - DEBUG - Entering: get_updates
2025-06-21 02:59:39,579 - httpcore.http11 - DEBUG - send_request_headers.started request=<Request [b'POST']>
2025-06-21 02:59:39,581 - httpcore.http11 - DEBUG - send_request_headers.complete
2025-06-21 02:59:39,583 - httpcore.http11 - DEBUG - send_request_body.started request=<Request [b'POST']>
2025-06-21 02:59:39,586 - httpcore.http11 - DEBUG - send_request_body.complete
2025-06-21 02:59:39,587 - httpcore.http11 - DEBUG - receive_response_headers.started request=<Request [b'POST']>
2025-06-21 02:59:49,694 - httpcore.http11 - DEBUG - receive_response_headers.complete return_value=(b'HTTP/1.1', 200, b'OK', [(b'Server', b'nginx/1.18.0'), (b'Date', b'Sat, 21 Jun 2025 01:59:49 GMT'), (b'Content-Type', b'application/json'), (b'Content-Length', b'23'), (b'Connection', b'keep-alive'), (b'Strict-Transport-Security', b'max-age=31536000; includeSubDomains; preload'), (b'Access-Control-Allow-Origin', b'*'), (b'Access-Control-Allow-Methods', b'GET, POST, OPTIONS'), (b'Access-Control-Expose-Headers', b'Content-Length,Content-Type,Date,Server,Connection')])
2025-06-21 02:59:49,694 - httpx - INFO - HTTP Request: POST https://api.telegram.org/bot7707158318:AAE8rWa4Q8Z_3avql6K0HAmXaooZAReoNF0/getUpdates "HTTP/1.1 200 OK"
2025-06-21 02:59:49,697 - httpcore.http11 - DEBUG - receive_response_body.started request=<Request [b'POST']>
2025-06-21 02:59:49,698 - httpcore.http11 - DEBUG - receive_response_body.complete
2025-06-21 02:59:49,698 - httpcore.http11 - DEBUG - response_closed.started
2025-06-21 02:59:49,699 - httpcore.http11 - DEBUG - response_closed.complete
2025-06-21 02:59:49,700 - telegram.ext.ExtBot - DEBUG - No new updates found.
2025-06-21 02:59:49,700 - telegram.ext.ExtBot - DEBUG - ()
2025-06-21 02:59:49,700 - telegram.ext.ExtBot - DEBUG - Exiting: get_updates
2025-06-21 02:59:49,700 - telegram.ext.ExtBot - DEBUG - Entering: get_updates
2025-06-21 02:59:49,702 - httpcore.http11 - DEBUG - send_request_headers.started request=<Request [b'POST']>
2025-06-21 02:59:49,702 - httpcore.http11 - DEBUG - send_request_headers.complete
2025-06-21 02:59:49,702 - httpcore.http11 - DEBUG - send_request_body.started request=<Request [b'POST']>
2025-06-21 02:59:49,702 - httpcore.http11 - DEBUG - send_request_body.complete
2025-06-21 02:59:49,706 - httpcore.http11 - DEBUG - receive_response_headers.started request=<Request [b'POST']>
2025-06-21 02:59:59,833 - httpcore.http11 - DEBUG - receive_response_headers.complete return_value=(b'HTTP/1.1', 200, b'OK', [(b'Server', b'nginx/1.18.0'), (b'Date', b'Sat, 21 Jun 2025 01:59:59 GMT'), (b'Content-Type', b'application/json'), (b'Content-Length', b'23'), (b'Connection', b'keep-alive'), (b'Strict-Transport-Security', b'max-age=31536000; includeSubDomains; preload'), (b'Access-Control-Allow-Origin', b'*'), (b'Access-Control-Allow-Methods', b'GET, POST, OPTIONS'), (b'Access-Control-Expose-Headers', b'Content-Length,Content-Type,Date,Server,Connection')])
2025-06-21 02:59:59,835 - httpx - INFO - HTTP Request: POST https://api.telegram.org/bot7707158318:AAE8rWa4Q8Z_3avql6K0HAmXaooZAReoNF0/getUpdates "HTTP/1.1 200 OK"
2025-06-21 02:59:59,837 - httpcore.http11 - DEBUG - receive_response_body.started request=<Request [b'POST']>
2025-06-21 02:59:59,837 - httpcore.http11 - DEBUG - receive_response_body.complete
2025-06-21 02:59:59,837 - httpcore.http11 - DEBUG - response_closed.started
2025-06-21 02:59:59,839 - httpcore.http11 - DEBUG - response_closed.complete
2025-06-21 02:59:59,839 - telegram.ext.ExtBot - DEBUG - No new updates found.
2025-06-21 02:59:59,839 - telegram.ext.ExtBot - DEBUG - ()
2025-06-21 02:59:59,839 - telegram.ext.ExtBot - DEBUG - Exiting: get_updates
2025-06-21 02:59:59,839 - telegram.ext.ExtBot - DEBUG - Entering: get_updates
2025-06-21 02:59:59,841 - httpcore.http11 - DEBUG - send_request_headers.started request=<Request [b'POST']>
2025-06-21 02:59:59,843 - httpcore.http11 - DEBUG - send_request_headers.complete
2025-06-21 02:59:59,843 - httpcore.http11 - DEBUG - send_request_body.started request=<Request [b'POST']>
2025-06-21 02:59:59,845 - httpcore.http11 - DEBUG - send_request_body.complete
2025-06-21 02:59:59,845 - httpcore.http11 - DEBUG - receive_response_headers.started request=<Request [b'POST']>
2025-06-21 03:00:09,986 - httpcore.http11 - DEBUG - receive_response_headers.complete return_value=(b'HTTP/1.1', 200, b'OK', [(b'Server', b'nginx/1.18.0'), (b'Date', b'Sat, 21 Jun 2025 02:00:09 GMT'), (b'Content-Type', b'application/json'), (b'Content-Length', b'23'), (b'Connection', b'keep-alive'), (b'Strict-Transport-Security', b'max-age=31536000; includeSubDomains; preload'), (b'Access-Control-Allow-Origin', b'*'), (b'Access-Control-Allow-Methods', b'GET, POST, OPTIONS'), (b'Access-Control-Expose-Headers', b'Content-Length,Content-Type,Date,Server,Connection')])
2025-06-21 03:00:09,988 - httpx - INFO - HTTP Request: POST https://api.telegram.org/bot7707158318:AAE8rWa4Q8Z_3avql6K0HAmXaooZAReoNF0/getUpdates "HTTP/1.1 200 OK"
2025-06-21 03:00:09,990 - httpcore.http11 - DEBUG - receive_response_body.started request=<Request [b'POST']>
2025-06-21 03:00:09,991 - httpcore.http11 - DEBUG - receive_response_body.complete
2025-06-21 03:00:09,991 - httpcore.http11 - DEBUG - response_closed.started
2025-06-21 03:00:09,992 - httpcore.http11 - DEBUG - response_closed.complete
2025-06-21 03:00:09,993 - telegram.ext.ExtBot - DEBUG - No new updates found.
2025-06-21 03:00:09,993 - telegram.ext.ExtBot - DEBUG - ()
2025-06-21 03:00:09,993 - telegram.ext.ExtBot - DEBUG - Exiting: get_updates
2025-06-21 03:00:09,993 - telegram.ext.ExtBot - DEBUG - Entering: get_updates
2025-06-21 03:00:09,996 - httpcore.http11 - DEBUG - send_request_headers.started request=<Request [b'POST']>
2025-06-21 03:00:09,998 - httpcore.http11 - DEBUG - send_request_headers.complete
2025-06-21 03:00:09,998 - httpcore.http11 - DEBUG - send_request_body.started request=<Request [b'POST']>
2025-06-21 03:00:09,999 - httpcore.http11 - DEBUG - send_request_body.complete
2025-06-21 03:00:09,999 - httpcore.http11 - DEBUG - receive_response_headers.started request=<Request [b'POST']>
2025-06-21 03:00:20,070 - httpcore.http11 - DEBUG - receive_response_headers.complete return_value=(b'HTTP/1.1', 200, b'OK', [(b'Server', b'nginx/1.18.0'), (b'Date', b'Sat, 21 Jun 2025 02:00:19 GMT'), (b'Content-Type', b'application/json'), (b'Content-Length', b'23'), (b'Connection', b'keep-alive'), (b'Strict-Transport-Security', b'max-age=31536000; includeSubDomains; preload'), (b'Access-Control-Allow-Origin', b'*'), (b'Access-Control-Allow-Methods', b'GET, POST, OPTIONS'), (b'Access-Control-Expose-Headers', b'Content-Length,Content-Type,Date,Server,Connection')])
2025-06-21 03:00:20,070 - httpx - INFO - HTTP Request: POST https://api.telegram.org/bot7707158318:AAE8rWa4Q8Z_3avql6K0HAmXaooZAReoNF0/getUpdates "HTTP/1.1 200 OK"
2025-06-21 03:00:20,073 - httpcore.http11 - DEBUG - receive_response_body.started request=<Request [b'POST']>
2025-06-21 03:00:20,073 - httpcore.http11 - DEBUG - receive_response_body.complete
2025-06-21 03:00:20,073 - httpcore.http11 - DEBUG - response_closed.started
2025-06-21 03:00:20,073 - httpcore.http11 - DEBUG - response_closed.complete
2025-06-21 03:00:20,075 - telegram.ext.ExtBot - DEBUG - No new updates found.
2025-06-21 03:00:20,075 - telegram.ext.ExtBot - DEBUG - ()
2025-06-21 03:00:20,075 - telegram.ext.ExtBot - DEBUG - Exiting: get_updates
2025-06-21 03:00:20,075 - telegram.ext.ExtBot - DEBUG - Entering: get_updates
2025-06-21 03:00:20,077 - httpcore.http11 - DEBUG - send_request_headers.started request=<Request [b'POST']>
2025-06-21 03:00:20,079 - httpcore.http11 - DEBUG - send_request_headers.complete
2025-06-21 03:00:20,079 - httpcore.http11 - DEBUG - send_request_body.started request=<Request [b'POST']>
2025-06-21 03:00:20,081 - httpcore.http11 - DEBUG - send_request_body.complete
2025-06-21 03:00:20,081 - httpcore.http11 - DEBUG - receive_response_headers.started request=<Request [b'POST']>
2025-06-21 03:00:30,161 - httpcore.http11 - DEBUG - receive_response_headers.complete return_value=(b'HTTP/1.1', 200, b'OK', [(b'Server', b'nginx/1.18.0'), (b'Date', b'Sat, 21 Jun 2025 02:00:29 GMT'), (b'Content-Type', b'application/json'), (b'Content-Length', b'23'), (b'Connection', b'keep-alive'), (b'Strict-Transport-Security', b'max-age=31536000; includeSubDomains; preload'), (b'Access-Control-Allow-Origin', b'*'), (b'Access-Control-Allow-Methods', b'GET, POST, OPTIONS'), (b'Access-Control-Expose-Headers', b'Content-Length,Content-Type,Date,Server,Connection')])
2025-06-21 03:00:30,162 - httpx - INFO - HTTP Request: POST https://api.telegram.org/bot7707158318:AAE8rWa4Q8Z_3avql6K0HAmXaooZAReoNF0/getUpdates "HTTP/1.1 200 OK"
2025-06-21 03:00:30,166 - httpcore.http11 - DEBUG - receive_response_body.started request=<Request [b'POST']>
2025-06-21 03:00:30,166 - httpcore.http11 - DEBUG - receive_response_body.complete
2025-06-21 03:00:30,168 - httpcore.http11 - DEBUG - response_closed.started
2025-06-21 03:00:30,168 - httpcore.http11 - DEBUG - response_closed.complete
2025-06-21 03:00:30,168 - telegram.ext.ExtBot - DEBUG - No new updates found.
2025-06-21 03:00:30,168 - telegram.ext.ExtBot - DEBUG - ()
2025-06-21 03:00:30,168 - telegram.ext.ExtBot - DEBUG - Exiting: get_updates
2025-06-21 03:00:30,168 - telegram.ext.ExtBot - DEBUG - Entering: get_updates
2025-06-21 03:00:30,172 - httpcore.http11 - DEBUG - send_request_headers.started request=<Request [b'POST']>
2025-06-21 03:00:30,172 - httpcore.http11 - DEBUG - send_request_headers.complete
2025-06-21 03:00:30,172 - httpcore.http11 - DEBUG - send_request_body.started request=<Request [b'POST']>
2025-06-21 03:00:30,174 - httpcore.http11 - DEBUG - send_request_body.complete
2025-06-21 03:00:30,174 - httpcore.http11 - DEBUG - receive_response_headers.started request=<Request [b'POST']>
2025-06-21 03:00:40,297 - httpcore.http11 - DEBUG - receive_response_headers.complete return_value=(b'HTTP/1.1', 200, b'OK', [(b'Server', b'nginx/1.18.0'), (b'Date', b'Sat, 21 Jun 2025 02:00:40 GMT'), (b'Content-Type', b'application/json'), (b'Content-Length', b'23'), (b'Connection', b'keep-alive'), (b'Strict-Transport-Security', b'max-age=31536000; includeSubDomains; preload'), (b'Access-Control-Allow-Origin', b'*'), (b'Access-Control-Allow-Methods', b'GET, POST, OPTIONS'), (b'Access-Control-Expose-Headers', b'Content-Length,Content-Type,Date,Server,Connection')])
2025-06-21 03:00:40,299 - httpx - INFO - HTTP Request: POST https://api.telegram.org/bot7707158318:AAE8rWa4Q8Z_3avql6K0HAmXaooZAReoNF0/getUpdates "HTTP/1.1 200 OK"
2025-06-21 03:00:40,301 - httpcore.http11 - DEBUG - receive_response_body.started request=<Request [b'POST']>
2025-06-21 03:00:40,301 - httpcore.http11 - DEBUG - receive_response_body.complete
2025-06-21 03:00:40,301 - httpcore.http11 - DEBUG - response_closed.started
2025-06-21 03:00:40,301 - httpcore.http11 - DEBUG - response_closed.complete
2025-06-21 03:00:40,303 - telegram.ext.ExtBot - DEBUG - No new updates found.
2025-06-21 03:00:40,303 - telegram.ext.ExtBot - DEBUG - ()
2025-06-21 03:00:40,303 - telegram.ext.ExtBot - DEBUG - Exiting: get_updates
2025-06-21 03:00:40,303 - telegram.ext.ExtBot - DEBUG - Entering: get_updates
2025-06-21 03:00:40,305 - httpcore.http11 - DEBUG - send_request_headers.started request=<Request [b'POST']>
2025-06-21 03:00:40,307 - httpcore.http11 - DEBUG - send_request_headers.complete
2025-06-21 03:00:40,307 - httpcore.http11 - DEBUG - send_request_body.started request=<Request [b'POST']>
2025-06-21 03:00:40,309 - httpcore.http11 - DEBUG - send_request_body.complete
2025-06-21 03:00:40,309 - httpcore.http11 - DEBUG - receive_response_headers.started request=<Request [b'POST']>
2025-06-21 03:00:50,433 - httpcore.http11 - DEBUG - receive_response_headers.complete return_value=(b'HTTP/1.1', 200, b'OK', [(b'Server', b'nginx/1.18.0'), (b'Date', b'Sat, 21 Jun 2025 02:00:50 GMT'), (b'Content-Type', b'application/json'), (b'Content-Length', b'23'), (b'Connection', b'keep-alive'), (b'Strict-Transport-Security', b'max-age=31536000; includeSubDomains; preload'), (b'Access-Control-Allow-Origin', b'*'), (b'Access-Control-Allow-Methods', b'GET, POST, OPTIONS'), (b'Access-Control-Expose-Headers', b'Content-Length,Content-Type,Date,Server,Connection')])
2025-06-21 03:00:50,435 - httpx - INFO - HTTP Request: POST https://api.telegram.org/bot7707158318:AAE8rWa4Q8Z_3avql6K0HAmXaooZAReoNF0/getUpdates "HTTP/1.1 200 OK"
2025-06-21 03:00:50,435 - httpcore.http11 - DEBUG - receive_response_body.started request=<Request [b'POST']>
2025-06-21 03:00:50,437 - httpcore.http11 - DEBUG - receive_response_body.complete
2025-06-21 03:00:50,437 - httpcore.http11 - DEBUG - response_closed.started
2025-06-21 03:00:50,437 - httpcore.http11 - DEBUG - response_closed.complete
2025-06-21 03:00:50,439 - telegram.ext.ExtBot - DEBUG - No new updates found.
2025-06-21 03:00:50,439 - telegram.ext.ExtBot - DEBUG - ()
2025-06-21 03:00:50,439 - telegram.ext.ExtBot - DEBUG - Exiting: get_updates
2025-06-21 03:00:50,439 - telegram.ext.ExtBot - DEBUG - Entering: get_updates
2025-06-21 03:00:50,440 - httpcore.http11 - DEBUG - send_request_headers.started request=<Request [b'POST']>
2025-06-21 03:00:50,443 - httpcore.http11 - DEBUG - send_request_headers.complete
2025-06-21 03:00:50,444 - httpcore.http11 - DEBUG - send_request_body.started request=<Request [b'POST']>
2025-06-21 03:00:50,444 - httpcore.http11 - DEBUG - send_request_body.complete
2025-06-21 03:00:50,444 - httpcore.http11 - DEBUG - receive_response_headers.started request=<Request [b'POST']>
2025-06-21 03:01:00,572 - httpcore.http11 - DEBUG - receive_response_headers.complete return_value=(b'HTTP/1.1', 200, b'OK', [(b'Server', b'nginx/1.18.0'), (b'Date', b'Sat, 21 Jun 2025 02:01:00 GMT'), (b'Content-Type', b'application/json'), (b'Content-Length', b'23'), (b'Connection', b'keep-alive'), (b'Strict-Transport-Security', b'max-age=31536000; includeSubDomains; preload'), (b'Access-Control-Allow-Origin', b'*'), (b'Access-Control-Allow-Methods', b'GET, POST, OPTIONS'), (b'Access-Control-Expose-Headers', b'Content-Length,Content-Type,Date,Server,Connection')])
2025-06-21 03:01:00,572 - httpx - INFO - HTTP Request: POST https://api.telegram.org/bot7707158318:AAE8rWa4Q8Z_3avql6K0HAmXaooZAReoNF0/getUpdates "HTTP/1.1 200 OK"
2025-06-21 03:01:00,574 - httpcore.http11 - DEBUG - receive_response_body.started request=<Request [b'POST']>
2025-06-21 03:01:00,576 - httpcore.http11 - DEBUG - receive_response_body.complete
2025-06-21 03:01:00,576 - httpcore.http11 - DEBUG - response_closed.started
2025-06-21 03:01:00,576 - httpcore.http11 - DEBUG - response_closed.complete
2025-06-21 03:01:00,576 - telegram.ext.ExtBot - DEBUG - No new updates found.
2025-06-21 03:01:00,576 - telegram.ext.ExtBot - DEBUG - ()
2025-06-21 03:01:00,576 - telegram.ext.ExtBot - DEBUG - Exiting: get_updates
2025-06-21 03:01:00,578 - telegram.ext.ExtBot - DEBUG - Entering: get_updates
2025-06-21 03:01:00,580 - httpcore.http11 - DEBUG - send_request_headers.started request=<Request [b'POST']>
2025-06-21 03:01:00,580 - httpcore.http11 - DEBUG - send_request_headers.complete
2025-06-21 03:01:00,582 - httpcore.http11 - DEBUG - send_request_body.started request=<Request [b'POST']>
2025-06-21 03:01:00,582 - httpcore.http11 - DEBUG - send_request_body.complete
2025-06-21 03:01:00,582 - httpcore.http11 - DEBUG - receive_response_headers.started request=<Request [b'POST']>
2025-06-21 03:01:10,811 - httpcore.http11 - DEBUG - receive_response_headers.complete return_value=(b'HTTP/1.1', 200, b'OK', [(b'Server', b'nginx/1.18.0'), (b'Date', b'Sat, 21 Jun 2025 02:01:10 GMT'), (b'Content-Type', b'application/json'), (b'Content-Length', b'23'), (b'Connection', b'keep-alive'), (b'Strict-Transport-Security', b'max-age=31536000; includeSubDomains; preload'), (b'Access-Control-Allow-Origin', b'*'), (b'Access-Control-Allow-Methods', b'GET, POST, OPTIONS'), (b'Access-Control-Expose-Headers', b'Content-Length,Content-Type,Date,Server,Connection')])
2025-06-21 03:01:10,813 - httpx - INFO - HTTP Request: POST https://api.telegram.org/bot7707158318:AAE8rWa4Q8Z_3avql6K0HAmXaooZAReoNF0/getUpdates "HTTP/1.1 200 OK"
2025-06-21 03:01:10,815 - httpcore.http11 - DEBUG - receive_response_body.started request=<Request [b'POST']>
2025-06-21 03:01:10,818 - httpcore.http11 - DEBUG - receive_response_body.complete
2025-06-21 03:01:10,818 - httpcore.http11 - DEBUG - response_closed.started
2025-06-21 03:01:10,818 - httpcore.http11 - DEBUG - response_closed.complete
2025-06-21 03:01:10,818 - telegram.ext.ExtBot - DEBUG - No new updates found.
2025-06-21 03:01:10,818 - telegram.ext.ExtBot - DEBUG - ()
2025-06-21 03:01:10,820 - telegram.ext.ExtBot - DEBUG - Exiting: get_updates
2025-06-21 03:01:10,820 - telegram.ext.ExtBot - DEBUG - Entering: get_updates
2025-06-21 03:01:10,822 - httpcore.http11 - DEBUG - send_request_headers.started request=<Request [b'POST']>
2025-06-21 03:01:10,822 - httpcore.http11 - DEBUG - send_request_headers.complete
2025-06-21 03:01:10,824 - httpcore.http11 - DEBUG - send_request_body.started request=<Request [b'POST']>
2025-06-21 03:01:10,824 - httpcore.http11 - DEBUG - send_request_body.complete
2025-06-21 03:01:10,824 - httpcore.http11 - DEBUG - receive_response_headers.started request=<Request [b'POST']>
2025-06-21 03:01:21,059 - httpcore.http11 - DEBUG - receive_response_headers.complete return_value=(b'HTTP/1.1', 200, b'OK', [(b'Server', b'nginx/1.18.0'), (b'Date', b'Sat, 21 Jun 2025 02:01:20 GMT'), (b'Content-Type', b'application/json'), (b'Content-Length', b'23'), (b'Connection', b'keep-alive'), (b'Strict-Transport-Security', b'max-age=31536000; includeSubDomains; preload'), (b'Access-Control-Allow-Origin', b'*'), (b'Access-Control-Allow-Methods', b'GET, POST, OPTIONS'), (b'Access-Control-Expose-Headers', b'Content-Length,Content-Type,Date,Server,Connection')])
2025-06-21 03:01:21,061 - httpx - INFO - HTTP Request: POST https://api.telegram.org/bot7707158318:AAE8rWa4Q8Z_3avql6K0HAmXaooZAReoNF0/getUpdates "HTTP/1.1 200 OK"
2025-06-21 03:01:21,063 - httpcore.http11 - DEBUG - receive_response_body.started request=<Request [b'POST']>
2025-06-21 03:01:21,063 - httpcore.http11 - DEBUG - receive_response_body.complete
2025-06-21 03:01:21,063 - httpcore.http11 - DEBUG - response_closed.started
2025-06-21 03:01:21,065 - httpcore.http11 - DEBUG - response_closed.complete
2025-06-21 03:01:21,065 - telegram.ext.ExtBot - DEBUG - No new updates found.
2025-06-21 03:01:21,065 - telegram.ext.ExtBot - DEBUG - ()
2025-06-21 03:01:21,065 - telegram.ext.ExtBot - DEBUG - Exiting: get_updates
2025-06-21 03:01:21,065 - telegram.ext.ExtBot - DEBUG - Entering: get_updates
2025-06-21 03:01:21,070 - httpcore.http11 - DEBUG - send_request_headers.started request=<Request [b'POST']>
2025-06-21 03:01:21,070 - httpcore.http11 - DEBUG - send_request_headers.complete
2025-06-21 03:01:21,070 - httpcore.http11 - DEBUG - send_request_body.started request=<Request [b'POST']>
2025-06-21 03:01:21,072 - httpcore.http11 - DEBUG - send_request_body.complete
2025-06-21 03:01:21,072 - httpcore.http11 - DEBUG - receive_response_headers.started request=<Request [b'POST']>
2025-06-21 03:01:31,394 - httpcore.http11 - DEBUG - receive_response_headers.complete return_value=(b'HTTP/1.1', 200, b'OK', [(b'Server', b'nginx/1.18.0'), (b'Date', b'Sat, 21 Jun 2025 02:01:30 GMT'), (b'Content-Type', b'application/json'), (b'Content-Length', b'23'), (b'Connection', b'keep-alive'), (b'Strict-Transport-Security', b'max-age=31536000; includeSubDomains; preload'), (b'Access-Control-Allow-Origin', b'*'), (b'Access-Control-Allow-Methods', b'GET, POST, OPTIONS'), (b'Access-Control-Expose-Headers', b'Content-Length,Content-Type,Date,Server,Connection')])
2025-06-21 03:01:31,394 - httpx - INFO - HTTP Request: POST https://api.telegram.org/bot7707158318:AAE8rWa4Q8Z_3avql6K0HAmXaooZAReoNF0/getUpdates "HTTP/1.1 200 OK"
2025-06-21 03:01:31,397 - httpcore.http11 - DEBUG - receive_response_body.started request=<Request [b'POST']>
2025-06-21 03:01:31,398 - httpcore.http11 - DEBUG - receive_response_body.complete
2025-06-21 03:01:31,399 - httpcore.http11 - DEBUG - response_closed.started
2025-06-21 03:01:31,399 - httpcore.http11 - DEBUG - response_closed.complete
2025-06-21 03:01:31,400 - telegram.ext.ExtBot - DEBUG - No new updates found.
2025-06-21 03:01:31,400 - telegram.ext.ExtBot - DEBUG - ()
2025-06-21 03:01:31,400 - telegram.ext.ExtBot - DEBUG - Exiting: get_updates
2025-06-21 03:01:31,400 - telegram.ext.ExtBot - DEBUG - Entering: get_updates
2025-06-21 03:01:31,402 - httpcore.http11 - DEBUG - send_request_headers.started request=<Request [b'POST']>
2025-06-21 03:01:31,402 - httpcore.http11 - DEBUG - send_request_headers.complete
2025-06-21 03:01:31,402 - httpcore.http11 - DEBUG - send_request_body.started request=<Request [b'POST']>
2025-06-21 03:01:31,402 - httpcore.http11 - DEBUG - send_request_body.complete
2025-06-21 03:01:31,402 - httpcore.http11 - DEBUG - receive_response_headers.started request=<Request [b'POST']>
2025-06-21 03:01:41,503 - httpcore.http11 - DEBUG - receive_response_headers.complete return_value=(b'HTTP/1.1', 200, b'OK', [(b'Server', b'nginx/1.18.0'), (b'Date', b'Sat, 21 Jun 2025 02:01:41 GMT'), (b'Content-Type', b'application/json'), (b'Content-Length', b'23'), (b'Connection', b'keep-alive'), (b'Strict-Transport-Security', b'max-age=31536000; includeSubDomains; preload'), (b'Access-Control-Allow-Origin', b'*'), (b'Access-Control-Allow-Methods', b'GET, POST, OPTIONS'), (b'Access-Control-Expose-Headers', b'Content-Length,Content-Type,Date,Server,Connection')])
2025-06-21 03:01:41,505 - httpx - INFO - HTTP Request: POST https://api.telegram.org/bot7707158318:AAE8rWa4Q8Z_3avql6K0HAmXaooZAReoNF0/getUpdates "HTTP/1.1 200 OK"
2025-06-21 03:01:41,507 - httpcore.http11 - DEBUG - receive_response_body.started request=<Request [b'POST']>
2025-06-21 03:01:41,507 - httpcore.http11 - DEBUG - receive_response_body.complete
2025-06-21 03:01:41,508 - httpcore.http11 - DEBUG - response_closed.started
2025-06-21 03:01:41,508 - httpcore.http11 - DEBUG - response_closed.complete
2025-06-21 03:01:41,509 - telegram.ext.ExtBot - DEBUG - No new updates found.
2025-06-21 03:01:41,510 - telegram.ext.ExtBot - DEBUG - ()
2025-06-21 03:01:41,510 - telegram.ext.ExtBot - DEBUG - Exiting: get_updates
2025-06-21 03:01:41,510 - telegram.ext.ExtBot - DEBUG - Entering: get_updates
2025-06-21 03:01:41,512 - httpcore.http11 - DEBUG - send_request_headers.started request=<Request [b'POST']>
2025-06-21 03:01:41,513 - httpcore.http11 - DEBUG - send_request_headers.complete
2025-06-21 03:01:41,514 - httpcore.http11 - DEBUG - send_request_body.started request=<Request [b'POST']>
2025-06-21 03:01:41,515 - httpcore.http11 - DEBUG - send_request_body.complete
2025-06-21 03:01:41,515 - httpcore.http11 - DEBUG - receive_response_headers.started request=<Request [b'POST']>
2025-06-21 03:01:51,771 - httpcore.http11 - DEBUG - receive_response_headers.complete return_value=(b'HTTP/1.1', 200, b'OK', [(b'Server', b'nginx/1.18.0'), (b'Date', b'Sat, 21 Jun 2025 02:01:51 GMT'), (b'Content-Type', b'application/json'), (b'Content-Length', b'23'), (b'Connection', b'keep-alive'), (b'Strict-Transport-Security', b'max-age=31536000; includeSubDomains; preload'), (b'Access-Control-Allow-Origin', b'*'), (b'Access-Control-Allow-Methods', b'GET, POST, OPTIONS'), (b'Access-Control-Expose-Headers', b'Content-Length,Content-Type,Date,Server,Connection')])
2025-06-21 03:01:51,772 - httpx - INFO - HTTP Request: POST https://api.telegram.org/bot7707158318:AAE8rWa4Q8Z_3avql6K0HAmXaooZAReoNF0/getUpdates "HTTP/1.1 200 OK"
2025-06-21 03:01:51,773 - httpcore.http11 - DEBUG - receive_response_body.started request=<Request [b'POST']>
2025-06-21 03:01:51,774 - httpcore.http11 - DEBUG - receive_response_body.complete
2025-06-21 03:01:51,775 - httpcore.http11 - DEBUG - response_closed.started
2025-06-21 03:01:51,775 - httpcore.http11 - DEBUG - response_closed.complete
2025-06-21 03:01:51,777 - telegram.ext.ExtBot - DEBUG - No new updates found.
2025-06-21 03:01:51,777 - telegram.ext.ExtBot - DEBUG - ()
2025-06-21 03:01:51,777 - telegram.ext.ExtBot - DEBUG - Exiting: get_updates
2025-06-21 03:01:51,778 - telegram.ext.ExtBot - DEBUG - Entering: get_updates
2025-06-21 03:01:51,781 - httpcore.http11 - DEBUG - send_request_headers.started request=<Request [b'POST']>
2025-06-21 03:01:51,783 - httpcore.http11 - DEBUG - send_request_headers.complete
2025-06-21 03:01:51,783 - httpcore.http11 - DEBUG - send_request_body.started request=<Request [b'POST']>
2025-06-21 03:01:51,785 - httpcore.http11 - DEBUG - send_request_body.complete
2025-06-21 03:01:51,785 - httpcore.http11 - DEBUG - receive_response_headers.started request=<Request [b'POST']>
2025-06-21 03:02:02,033 - httpcore.http11 - DEBUG - receive_response_headers.complete return_value=(b'HTTP/1.1', 200, b'OK', [(b'Server', b'nginx/1.18.0'), (b'Date', b'Sat, 21 Jun 2025 02:02:01 GMT'), (b'Content-Type', b'application/json'), (b'Content-Length', b'23'), (b'Connection', b'keep-alive'), (b'Strict-Transport-Security', b'max-age=31536000; includeSubDomains; preload'), (b'Access-Control-Allow-Origin', b'*'), (b'Access-Control-Allow-Methods', b'GET, POST, OPTIONS'), (b'Access-Control-Expose-Headers', b'Content-Length,Content-Type,Date,Server,Connection')])
2025-06-21 03:02:02,035 - httpx - INFO - HTTP Request: POST https://api.telegram.org/bot7707158318:AAE8rWa4Q8Z_3avql6K0HAmXaooZAReoNF0/getUpdates "HTTP/1.1 200 OK"
2025-06-21 03:02:02,035 - httpcore.http11 - DEBUG - receive_response_body.started request=<Request [b'POST']>
2025-06-21 03:02:02,037 - httpcore.http11 - DEBUG - receive_response_body.complete
2025-06-21 03:02:02,037 - httpcore.http11 - DEBUG - response_closed.started
2025-06-21 03:02:02,037 - httpcore.http11 - DEBUG - response_closed.complete
2025-06-21 03:02:02,037 - telegram.ext.ExtBot - DEBUG - No new updates found.
2025-06-21 03:02:02,039 - telegram.ext.ExtBot - DEBUG - ()
2025-06-21 03:02:02,039 - telegram.ext.ExtBot - DEBUG - Exiting: get_updates
2025-06-21 03:02:02,039 - telegram.ext.ExtBot - DEBUG - Entering: get_updates
2025-06-21 03:02:02,041 - httpcore.http11 - DEBUG - send_request_headers.started request=<Request [b'POST']>
2025-06-21 03:02:02,043 - httpcore.http11 - DEBUG - send_request_headers.complete
2025-06-21 03:02:02,043 - httpcore.http11 - DEBUG - send_request_body.started request=<Request [b'POST']>
2025-06-21 03:02:02,045 - httpcore.http11 - DEBUG - send_request_body.complete
2025-06-21 03:02:02,045 - httpcore.http11 - DEBUG - receive_response_headers.started request=<Request [b'POST']>
2025-06-21 03:02:12,153 - httpcore.http11 - DEBUG - receive_response_headers.complete return_value=(b'HTTP/1.1', 200, b'OK', [(b'Server', b'nginx/1.18.0'), (b'Date', b'Sat, 21 Jun 2025 02:02:11 GMT'), (b'Content-Type', b'application/json'), (b'Content-Length', b'23'), (b'Connection', b'keep-alive'), (b'Strict-Transport-Security', b'max-age=31536000; includeSubDomains; preload'), (b'Access-Control-Allow-Origin', b'*'), (b'Access-Control-Allow-Methods', b'GET, POST, OPTIONS'), (b'Access-Control-Expose-Headers', b'Content-Length,Content-Type,Date,Server,Connection')])
2025-06-21 03:02:12,157 - httpx - INFO - HTTP Request: POST https://api.telegram.org/bot7707158318:AAE8rWa4Q8Z_3avql6K0HAmXaooZAReoNF0/getUpdates "HTTP/1.1 200 OK"
2025-06-21 03:02:12,158 - httpcore.http11 - DEBUG - receive_response_body.started request=<Request [b'POST']>
2025-06-21 03:02:12,158 - httpcore.http11 - DEBUG - receive_response_body.complete
2025-06-21 03:02:12,158 - httpcore.http11 - DEBUG - response_closed.started
2025-06-21 03:02:12,158 - httpcore.http11 - DEBUG - response_closed.complete
2025-06-21 03:02:12,158 - telegram.ext.ExtBot - DEBUG - No new updates found.
2025-06-21 03:02:12,160 - telegram.ext.ExtBot - DEBUG - ()
2025-06-21 03:02:12,160 - telegram.ext.ExtBot - DEBUG - Exiting: get_updates
2025-06-21 03:02:12,160 - telegram.ext.ExtBot - DEBUG - Entering: get_updates
2025-06-21 03:02:12,162 - httpcore.http11 - DEBUG - send_request_headers.started request=<Request [b'POST']>
2025-06-21 03:02:12,164 - httpcore.http11 - DEBUG - send_request_headers.complete
2025-06-21 03:02:12,164 - httpcore.http11 - DEBUG - send_request_body.started request=<Request [b'POST']>
2025-06-21 03:02:12,164 - httpcore.http11 - DEBUG - send_request_body.complete
2025-06-21 03:02:12,164 - httpcore.http11 - DEBUG - receive_response_headers.started request=<Request [b'POST']>
2025-06-21 03:02:22,285 - httpcore.http11 - DEBUG - receive_response_headers.complete return_value=(b'HTTP/1.1', 200, b'OK', [(b'Server', b'nginx/1.18.0'), (b'Date', b'Sat, 21 Jun 2025 02:02:22 GMT'), (b'Content-Type', b'application/json'), (b'Content-Length', b'23'), (b'Connection', b'keep-alive'), (b'Strict-Transport-Security', b'max-age=31536000; includeSubDomains; preload'), (b'Access-Control-Allow-Origin', b'*'), (b'Access-Control-Allow-Methods', b'GET, POST, OPTIONS'), (b'Access-Control-Expose-Headers', b'Content-Length,Content-Type,Date,Server,Connection')])
2025-06-21 03:02:22,287 - httpx - INFO - HTTP Request: POST https://api.telegram.org/bot7707158318:AAE8rWa4Q8Z_3avql6K0HAmXaooZAReoNF0/getUpdates "HTTP/1.1 200 OK"
2025-06-21 03:02:22,287 - httpcore.http11 - DEBUG - receive_response_body.started request=<Request [b'POST']>
2025-06-21 03:02:22,289 - httpcore.http11 - DEBUG - receive_response_body.complete
2025-06-21 03:02:22,289 - httpcore.http11 - DEBUG - response_closed.started
2025-06-21 03:02:22,289 - httpcore.http11 - DEBUG - response_closed.complete
2025-06-21 03:02:22,291 - telegram.ext.ExtBot - DEBUG - No new updates found.
2025-06-21 03:02:22,291 - telegram.ext.ExtBot - DEBUG - ()
2025-06-21 03:02:22,291 - telegram.ext.ExtBot - DEBUG - Exiting: get_updates
2025-06-21 03:02:22,291 - telegram.ext.ExtBot - DEBUG - Entering: get_updates
2025-06-21 03:02:22,293 - httpcore.http11 - DEBUG - send_request_headers.started request=<Request [b'POST']>
2025-06-21 03:02:22,295 - httpcore.http11 - DEBUG - send_request_headers.complete
2025-06-21 03:02:22,295 - httpcore.http11 - DEBUG - send_request_body.started request=<Request [b'POST']>
2025-06-21 03:02:22,295 - httpcore.http11 - DEBUG - send_request_body.complete
2025-06-21 03:02:22,295 - httpcore.http11 - DEBUG - receive_response_headers.started request=<Request [b'POST']>
2025-06-21 03:02:32,437 - httpcore.http11 - DEBUG - receive_response_headers.complete return_value=(b'HTTP/1.1', 200, b'OK', [(b'Server', b'nginx/1.18.0'), (b'Date', b'Sat, 21 Jun 2025 02:02:32 GMT'), (b'Content-Type', b'application/json'), (b'Content-Length', b'23'), (b'Connection', b'keep-alive'), (b'Strict-Transport-Security', b'max-age=31536000; includeSubDomains; preload'), (b'Access-Control-Allow-Origin', b'*'), (b'Access-Control-Allow-Methods', b'GET, POST, OPTIONS'), (b'Access-Control-Expose-Headers', b'Content-Length,Content-Type,Date,Server,Connection')])
2025-06-21 03:02:32,440 - httpx - INFO - HTTP Request: POST https://api.telegram.org/bot7707158318:AAE8rWa4Q8Z_3avql6K0HAmXaooZAReoNF0/getUpdates "HTTP/1.1 200 OK"
2025-06-21 03:02:32,441 - httpcore.http11 - DEBUG - receive_response_body.started request=<Request [b'POST']>
2025-06-21 03:02:32,441 - httpcore.http11 - DEBUG - receive_response_body.complete
2025-06-21 03:02:32,441 - httpcore.http11 - DEBUG - response_closed.started
2025-06-21 03:02:32,441 - httpcore.http11 - DEBUG - response_closed.complete
2025-06-21 03:02:32,443 - telegram.ext.ExtBot - DEBUG - No new updates found.
2025-06-21 03:02:32,443 - telegram.ext.ExtBot - DEBUG - ()
2025-06-21 03:02:32,443 - telegram.ext.ExtBot - DEBUG - Exiting: get_updates
2025-06-21 03:02:32,443 - telegram.ext.ExtBot - DEBUG - Entering: get_updates
2025-06-21 03:02:32,445 - httpcore.http11 - DEBUG - send_request_headers.started request=<Request [b'POST']>
2025-06-21 03:02:32,447 - httpcore.http11 - DEBUG - send_request_headers.complete
2025-06-21 03:02:32,447 - httpcore.http11 - DEBUG - send_request_body.started request=<Request [b'POST']>
2025-06-21 03:02:32,448 - httpcore.http11 - DEBUG - send_request_body.complete
2025-06-21 03:02:32,448 - httpcore.http11 - DEBUG - receive_response_headers.started request=<Request [b'POST']>
2025-06-21 03:02:42,561 - httpcore.http11 - DEBUG - receive_response_headers.complete return_value=(b'HTTP/1.1', 200, b'OK', [(b'Server', b'nginx/1.18.0'), (b'Date', b'Sat, 21 Jun 2025 02:02:42 GMT'), (b'Content-Type', b'application/json'), (b'Content-Length', b'23'), (b'Connection', b'close'), (b'Strict-Transport-Security', b'max-age=31536000; includeSubDomains; preload'), (b'Access-Control-Allow-Origin', b'*'), (b'Access-Control-Allow-Methods', b'GET, POST, OPTIONS'), (b'Access-Control-Expose-Headers', b'Content-Length,Content-Type,Date,Server,Connection')])
2025-06-21 03:02:42,563 - httpx - INFO - HTTP Request: POST https://api.telegram.org/bot7707158318:AAE8rWa4Q8Z_3avql6K0HAmXaooZAReoNF0/getUpdates "HTTP/1.1 200 OK"
2025-06-21 03:02:42,563 - httpcore.http11 - DEBUG - receive_response_body.started request=<Request [b'POST']>
2025-06-21 03:02:42,565 - httpcore.http11 - DEBUG - receive_response_body.complete
2025-06-21 03:02:42,565 - httpcore.http11 - DEBUG - response_closed.started
2025-06-21 03:02:42,565 - httpcore.http11 - DEBUG - response_closed.complete
2025-06-21 03:02:42,567 - telegram.ext.ExtBot - DEBUG - No new updates found.
2025-06-21 03:02:42,567 - telegram.ext.ExtBot - DEBUG - ()
2025-06-21 03:02:42,567 - telegram.ext.ExtBot - DEBUG - Exiting: get_updates
2025-06-21 03:02:42,567 - telegram.ext.ExtBot - DEBUG - Entering: get_updates
2025-06-21 03:02:42,569 - httpcore.connection - DEBUG - connect_tcp.started host='api.telegram.org' port=443 local_address=None timeout=5.0 socket_options=None
2025-06-21 03:02:42,709 - httpcore.connection - DEBUG - connect_tcp.complete return_value=<httpcore._backends.anyio.AnyIOStream object at 0x000002A40117F520>
2025-06-21 03:02:42,709 - httpcore.connection - DEBUG - start_tls.started ssl_context=<ssl.SSLContext object at 0x000002A401029BC0> server_hostname='api.telegram.org' timeout=5.0
2025-06-21 03:02:42,809 - httpcore.connection - DEBUG - start_tls.complete return_value=<httpcore._backends.anyio.AnyIOStream object at 0x000002A40117F9A0>
2025-06-21 03:02:42,809 - httpcore.http11 - DEBUG - send_request_headers.started request=<Request [b'POST']>
2025-06-21 03:02:42,810 - httpcore.http11 - DEBUG - send_request_headers.complete
2025-06-21 03:02:42,810 - httpcore.http11 - DEBUG - send_request_body.started request=<Request [b'POST']>
2025-06-21 03:02:42,812 - httpcore.http11 - DEBUG - send_request_body.complete
2025-06-21 03:02:42,812 - httpcore.http11 - DEBUG - receive_response_headers.started request=<Request [b'POST']>
2025-06-21 03:02:52,984 - httpcore.http11 - DEBUG - receive_response_headers.complete return_value=(b'HTTP/1.1', 200, b'OK', [(b'Server', b'nginx/1.18.0'), (b'Date', b'Sat, 21 Jun 2025 02:02:52 GMT'), (b'Content-Type', b'application/json'), (b'Content-Length', b'23'), (b'Connection', b'keep-alive'), (b'Strict-Transport-Security', b'max-age=31536000; includeSubDomains; preload'), (b'Access-Control-Allow-Origin', b'*'), (b'Access-Control-Allow-Methods', b'GET, POST, OPTIONS'), (b'Access-Control-Expose-Headers', b'Content-Length,Content-Type,Date,Server,Connection')])
2025-06-21 03:02:52,984 - httpx - INFO - HTTP Request: POST https://api.telegram.org/bot7707158318:AAE8rWa4Q8Z_3avql6K0HAmXaooZAReoNF0/getUpdates "HTTP/1.1 200 OK"
2025-06-21 03:02:52,986 - httpcore.http11 - DEBUG - receive_response_body.started request=<Request [b'POST']>
2025-06-21 03:02:52,986 - httpcore.http11 - DEBUG - receive_response_body.complete
2025-06-21 03:02:52,986 - httpcore.http11 - DEBUG - response_closed.started
2025-06-21 03:02:52,986 - httpcore.http11 - DEBUG - response_closed.complete
2025-06-21 03:02:52,988 - telegram.ext.ExtBot - DEBUG - No new updates found.
2025-06-21 03:02:52,988 - telegram.ext.ExtBot - DEBUG - ()
2025-06-21 03:02:52,988 - telegram.ext.ExtBot - DEBUG - Exiting: get_updates
2025-06-21 03:02:52,988 - telegram.ext.ExtBot - DEBUG - Entering: get_updates
2025-06-21 03:02:52,991 - httpcore.http11 - DEBUG - send_request_headers.started request=<Request [b'POST']>
2025-06-21 03:02:52,991 - httpcore.http11 - DEBUG - send_request_headers.complete
2025-06-21 03:02:52,991 - httpcore.http11 - DEBUG - send_request_body.started request=<Request [b'POST']>
2025-06-21 03:02:52,993 - httpcore.http11 - DEBUG - send_request_body.complete
2025-06-21 03:02:52,993 - httpcore.http11 - DEBUG - receive_response_headers.started request=<Request [b'POST']>
2025-06-21 03:03:03,245 - httpcore.http11 - DEBUG - receive_response_headers.complete return_value=(b'HTTP/1.1', 200, b'OK', [(b'Server', b'nginx/1.18.0'), (b'Date', b'Sat, 21 Jun 2025 02:03:02 GMT'), (b'Content-Type', b'application/json'), (b'Content-Length', b'23'), (b'Connection', b'keep-alive'), (b'Strict-Transport-Security', b'max-age=31536000; includeSubDomains; preload'), (b'Access-Control-Allow-Origin', b'*'), (b'Access-Control-Allow-Methods', b'GET, POST, OPTIONS'), (b'Access-Control-Expose-Headers', b'Content-Length,Content-Type,Date,Server,Connection')])
2025-06-21 03:03:03,249 - httpx - INFO - HTTP Request: POST https://api.telegram.org/bot7707158318:AAE8rWa4Q8Z_3avql6K0HAmXaooZAReoNF0/getUpdates "HTTP/1.1 200 OK"
2025-06-21 03:03:03,250 - httpcore.http11 - DEBUG - receive_response_body.started request=<Request [b'POST']>
2025-06-21 03:03:03,251 - httpcore.http11 - DEBUG - receive_response_body.complete
2025-06-21 03:03:03,251 - httpcore.http11 - DEBUG - response_closed.started
2025-06-21 03:03:03,251 - httpcore.http11 - DEBUG - response_closed.complete
2025-06-21 03:03:03,252 - telegram.ext.ExtBot - DEBUG - No new updates found.
2025-06-21 03:03:03,252 - telegram.ext.ExtBot - DEBUG - ()
2025-06-21 03:03:03,252 - telegram.ext.ExtBot - DEBUG - Exiting: get_updates
2025-06-21 03:03:03,252 - telegram.ext.ExtBot - DEBUG - Entering: get_updates
2025-06-21 03:03:03,255 - httpcore.http11 - DEBUG - send_request_headers.started request=<Request [b'POST']>
2025-06-21 03:03:03,257 - httpcore.http11 - DEBUG - send_request_headers.complete
2025-06-21 03:03:03,259 - httpcore.http11 - DEBUG - send_request_body.started request=<Request [b'POST']>
2025-06-21 03:03:03,261 - httpcore.http11 - DEBUG - send_request_body.complete
2025-06-21 03:03:03,261 - httpcore.http11 - DEBUG - receive_response_headers.started request=<Request [b'POST']>
2025-06-21 03:03:13,352 - httpcore.http11 - DEBUG - receive_response_headers.complete return_value=(b'HTTP/1.1', 200, b'OK', [(b'Server', b'nginx/1.18.0'), (b'Date', b'Sat, 21 Jun 2025 02:03:13 GMT'), (b'Content-Type', b'application/json'), (b'Content-Length', b'23'), (b'Connection', b'keep-alive'), (b'Strict-Transport-Security', b'max-age=31536000; includeSubDomains; preload'), (b'Access-Control-Allow-Origin', b'*'), (b'Access-Control-Allow-Methods', b'GET, POST, OPTIONS'), (b'Access-Control-Expose-Headers', b'Content-Length,Content-Type,Date,Server,Connection')])
2025-06-21 03:03:13,352 - httpx - INFO - HTTP Request: POST https://api.telegram.org/bot7707158318:AAE8rWa4Q8Z_3avql6K0HAmXaooZAReoNF0/getUpdates "HTTP/1.1 200 OK"
2025-06-21 03:03:13,354 - httpcore.http11 - DEBUG - receive_response_body.started request=<Request [b'POST']>
2025-06-21 03:03:13,354 - httpcore.http11 - DEBUG - receive_response_body.complete
2025-06-21 03:03:13,354 - httpcore.http11 - DEBUG - response_closed.started
2025-06-21 03:03:13,354 - httpcore.http11 - DEBUG - response_closed.complete
2025-06-21 03:03:13,356 - telegram.ext.ExtBot - DEBUG - No new updates found.
2025-06-21 03:03:13,356 - telegram.ext.ExtBot - DEBUG - ()
2025-06-21 03:03:13,356 - telegram.ext.ExtBot - DEBUG - Exiting: get_updates
2025-06-21 03:03:13,356 - telegram.ext.ExtBot - DEBUG - Entering: get_updates
2025-06-21 03:03:13,358 - httpcore.http11 - DEBUG - send_request_headers.started request=<Request [b'POST']>
2025-06-21 03:03:13,360 - httpcore.http11 - DEBUG - send_request_headers.complete
2025-06-21 03:03:13,360 - httpcore.http11 - DEBUG - send_request_body.started request=<Request [b'POST']>
2025-06-21 03:03:13,362 - httpcore.http11 - DEBUG - send_request_body.complete
2025-06-21 03:03:13,362 - httpcore.http11 - DEBUG - receive_response_headers.started request=<Request [b'POST']>
2025-06-21 03:03:23,521 - httpcore.http11 - DEBUG - receive_response_headers.complete return_value=(b'HTTP/1.1', 200, b'OK', [(b'Server', b'nginx/1.18.0'), (b'Date', b'Sat, 21 Jun 2025 02:03:23 GMT'), (b'Content-Type', b'application/json'), (b'Content-Length', b'23'), (b'Connection', b'keep-alive'), (b'Strict-Transport-Security', b'max-age=31536000; includeSubDomains; preload'), (b'Access-Control-Allow-Origin', b'*'), (b'Access-Control-Allow-Methods', b'GET, POST, OPTIONS'), (b'Access-Control-Expose-Headers', b'Content-Length,Content-Type,Date,Server,Connection')])
2025-06-21 03:03:23,522 - httpx - INFO - HTTP Request: POST https://api.telegram.org/bot7707158318:AAE8rWa4Q8Z_3avql6K0HAmXaooZAReoNF0/getUpdates "HTTP/1.1 200 OK"
2025-06-21 03:03:23,522 - httpcore.http11 - DEBUG - receive_response_body.started request=<Request [b'POST']>
2025-06-21 03:03:23,524 - httpcore.http11 - DEBUG - receive_response_body.complete
2025-06-21 03:03:23,524 - httpcore.http11 - DEBUG - response_closed.started
2025-06-21 03:03:23,524 - httpcore.http11 - DEBUG - response_closed.complete
2025-06-21 03:03:23,524 - telegram.ext.ExtBot - DEBUG - No new updates found.
2025-06-21 03:03:23,524 - telegram.ext.ExtBot - DEBUG - ()
2025-06-21 03:03:23,526 - telegram.ext.ExtBot - DEBUG - Exiting: get_updates
2025-06-21 03:03:23,526 - telegram.ext.ExtBot - DEBUG - Entering: get_updates
2025-06-21 03:03:23,528 - httpcore.http11 - DEBUG - send_request_headers.started request=<Request [b'POST']>
2025-06-21 03:03:23,530 - httpcore.http11 - DEBUG - send_request_headers.complete
2025-06-21 03:03:23,530 - httpcore.http11 - DEBUG - send_request_body.started request=<Request [b'POST']>
2025-06-21 03:03:23,531 - httpcore.http11 - DEBUG - send_request_body.complete
2025-06-21 03:03:23,531 - httpcore.http11 - DEBUG - receive_response_headers.started request=<Request [b'POST']>
2025-06-21 03:03:33,606 - httpcore.http11 - DEBUG - receive_response_headers.complete return_value=(b'HTTP/1.1', 200, b'OK', [(b'Server', b'nginx/1.18.0'), (b'Date', b'Sat, 21 Jun 2025 02:03:33 GMT'), (b'Content-Type', b'application/json'), (b'Content-Length', b'23'), (b'Connection', b'keep-alive'), (b'Strict-Transport-Security', b'max-age=31536000; includeSubDomains; preload'), (b'Access-Control-Allow-Origin', b'*'), (b'Access-Control-Allow-Methods', b'GET, POST, OPTIONS'), (b'Access-Control-Expose-Headers', b'Content-Length,Content-Type,Date,Server,Connection')])
2025-06-21 03:03:33,606 - httpx - INFO - HTTP Request: POST https://api.telegram.org/bot7707158318:AAE8rWa4Q8Z_3avql6K0HAmXaooZAReoNF0/getUpdates "HTTP/1.1 200 OK"
2025-06-21 03:03:33,608 - httpcore.http11 - DEBUG - receive_response_body.started request=<Request [b'POST']>
2025-06-21 03:03:33,609 - httpcore.http11 - DEBUG - receive_response_body.complete
2025-06-21 03:03:33,609 - httpcore.http11 - DEBUG - response_closed.started
2025-06-21 03:03:33,609 - httpcore.http11 - DEBUG - response_closed.complete
2025-06-21 03:03:33,609 - telegram.ext.ExtBot - DEBUG - No new updates found.
2025-06-21 03:03:33,611 - telegram.ext.ExtBot - DEBUG - ()
2025-06-21 03:03:33,611 - telegram.ext.ExtBot - DEBUG - Exiting: get_updates
2025-06-21 03:03:33,611 - telegram.ext.ExtBot - DEBUG - Entering: get_updates
2025-06-21 03:03:33,613 - httpcore.http11 - DEBUG - send_request_headers.started request=<Request [b'POST']>
2025-06-21 03:03:33,613 - httpcore.http11 - DEBUG - send_request_headers.complete
2025-06-21 03:03:33,615 - httpcore.http11 - DEBUG - send_request_body.started request=<Request [b'POST']>
2025-06-21 03:03:33,615 - httpcore.http11 - DEBUG - send_request_body.complete
2025-06-21 03:03:33,615 - httpcore.http11 - DEBUG - receive_response_headers.started request=<Request [b'POST']>
2025-06-21 03:03:43,776 - httpcore.http11 - DEBUG - receive_response_headers.complete return_value=(b'HTTP/1.1', 200, b'OK', [(b'Server', b'nginx/1.18.0'), (b'Date', b'Sat, 21 Jun 2025 02:03:43 GMT'), (b'Content-Type', b'application/json'), (b'Content-Length', b'23'), (b'Connection', b'keep-alive'), (b'Strict-Transport-Security', b'max-age=31536000; includeSubDomains; preload'), (b'Access-Control-Allow-Origin', b'*'), (b'Access-Control-Allow-Methods', b'GET, POST, OPTIONS'), (b'Access-Control-Expose-Headers', b'Content-Length,Content-Type,Date,Server,Connection')])
2025-06-21 03:03:43,776 - httpx - INFO - HTTP Request: POST https://api.telegram.org/bot7707158318:AAE8rWa4Q8Z_3avql6K0HAmXaooZAReoNF0/getUpdates "HTTP/1.1 200 OK"
2025-06-21 03:03:43,778 - httpcore.http11 - DEBUG - receive_response_body.started request=<Request [b'POST']>
2025-06-21 03:03:43,778 - httpcore.http11 - DEBUG - receive_response_body.complete
2025-06-21 03:03:43,778 - httpcore.http11 - DEBUG - response_closed.started
2025-06-21 03:03:43,778 - httpcore.http11 - DEBUG - response_closed.complete
2025-06-21 03:03:43,780 - telegram.ext.ExtBot - DEBUG - No new updates found.
2025-06-21 03:03:43,780 - telegram.ext.ExtBot - DEBUG - ()
2025-06-21 03:03:43,780 - telegram.ext.ExtBot - DEBUG - Exiting: get_updates
2025-06-21 03:03:43,780 - telegram.ext.ExtBot - DEBUG - Entering: get_updates
2025-06-21 03:03:43,782 - httpcore.http11 - DEBUG - send_request_headers.started request=<Request [b'POST']>
2025-06-21 03:03:43,784 - httpcore.http11 - DEBUG - send_request_headers.complete
2025-06-21 03:03:43,784 - httpcore.http11 - DEBUG - send_request_body.started request=<Request [b'POST']>
2025-06-21 03:03:43,786 - httpcore.http11 - DEBUG - send_request_body.complete
2025-06-21 03:03:43,786 - httpcore.http11 - DEBUG - receive_response_headers.started request=<Request [b'POST']>
2025-06-21 03:03:54,042 - httpcore.http11 - DEBUG - receive_response_headers.complete return_value=(b'HTTP/1.1', 200, b'OK', [(b'Server', b'nginx/1.18.0'), (b'Date', b'Sat, 21 Jun 2025 02:03:53 GMT'), (b'Content-Type', b'application/json'), (b'Content-Length', b'23'), (b'Connection', b'keep-alive'), (b'Strict-Transport-Security', b'max-age=31536000; includeSubDomains; preload'), (b'Access-Control-Allow-Origin', b'*'), (b'Access-Control-Allow-Methods', b'GET, POST, OPTIONS'), (b'Access-Control-Expose-Headers', b'Content-Length,Content-Type,Date,Server,Connection')])
2025-06-21 03:03:54,045 - httpx - INFO - HTTP Request: POST https://api.telegram.org/bot7707158318:AAE8rWa4Q8Z_3avql6K0HAmXaooZAReoNF0/getUpdates "HTTP/1.1 200 OK"
2025-06-21 03:03:54,046 - httpcore.http11 - DEBUG - receive_response_body.started request=<Request [b'POST']>
2025-06-21 03:03:54,047 - httpcore.http11 - DEBUG - receive_response_body.complete
2025-06-21 03:03:54,047 - httpcore.http11 - DEBUG - response_closed.started
2025-06-21 03:03:54,048 - httpcore.http11 - DEBUG - response_closed.complete
2025-06-21 03:03:54,048 - telegram.ext.ExtBot - DEBUG - No new updates found.
2025-06-21 03:03:54,048 - telegram.ext.ExtBot - DEBUG - ()
2025-06-21 03:03:54,049 - telegram.ext.ExtBot - DEBUG - Exiting: get_updates
2025-06-21 03:03:54,049 - telegram.ext.ExtBot - DEBUG - Entering: get_updates
2025-06-21 03:03:54,050 - httpcore.http11 - DEBUG - send_request_headers.started request=<Request [b'POST']>
2025-06-21 03:03:54,052 - httpcore.http11 - DEBUG - send_request_headers.complete
2025-06-21 03:03:54,052 - httpcore.http11 - DEBUG - send_request_body.started request=<Request [b'POST']>
2025-06-21 03:03:54,053 - httpcore.http11 - DEBUG - send_request_body.complete
2025-06-21 03:03:54,053 - httpcore.http11 - DEBUG - receive_response_headers.started request=<Request [b'POST']>
2025-06-21 03:04:04,179 - httpcore.http11 - DEBUG - receive_response_headers.complete return_value=(b'HTTP/1.1', 200, b'OK', [(b'Server', b'nginx/1.18.0'), (b'Date', b'Sat, 21 Jun 2025 02:04:03 GMT'), (b'Content-Type', b'application/json'), (b'Content-Length', b'23'), (b'Connection', b'keep-alive'), (b'Strict-Transport-Security', b'max-age=31536000; includeSubDomains; preload'), (b'Access-Control-Allow-Origin', b'*'), (b'Access-Control-Allow-Methods', b'GET, POST, OPTIONS'), (b'Access-Control-Expose-Headers', b'Content-Length,Content-Type,Date,Server,Connection')])
2025-06-21 03:04:04,180 - httpx - INFO - HTTP Request: POST https://api.telegram.org/bot7707158318:AAE8rWa4Q8Z_3avql6K0HAmXaooZAReoNF0/getUpdates "HTTP/1.1 200 OK"
2025-06-21 03:04:04,180 - httpcore.http11 - DEBUG - receive_response_body.started request=<Request [b'POST']>
2025-06-21 03:04:04,180 - httpcore.http11 - DEBUG - receive_response_body.complete
2025-06-21 03:04:04,180 - httpcore.http11 - DEBUG - response_closed.started
2025-06-21 03:04:04,183 - httpcore.http11 - DEBUG - response_closed.complete
2025-06-21 03:04:04,183 - telegram.ext.ExtBot - DEBUG - No new updates found.
2025-06-21 03:04:04,183 - telegram.ext.ExtBot - DEBUG - ()
2025-06-21 03:04:04,183 - telegram.ext.ExtBot - DEBUG - Exiting: get_updates
2025-06-21 03:04:04,185 - telegram.ext.ExtBot - DEBUG - Entering: get_updates
2025-06-21 03:04:04,187 - httpcore.http11 - DEBUG - send_request_headers.started request=<Request [b'POST']>
2025-06-21 03:04:04,187 - httpcore.http11 - DEBUG - send_request_headers.complete
2025-06-21 03:04:04,187 - httpcore.http11 - DEBUG - send_request_body.started request=<Request [b'POST']>
2025-06-21 03:04:04,187 - httpcore.http11 - DEBUG - send_request_body.complete
2025-06-21 03:04:04,187 - httpcore.http11 - DEBUG - receive_response_headers.started request=<Request [b'POST']>
2025-06-21 03:04:14,310 - httpcore.http11 - DEBUG - receive_response_headers.complete return_value=(b'HTTP/1.1', 200, b'OK', [(b'Server', b'nginx/1.18.0'), (b'Date', b'Sat, 21 Jun 2025 02:04:14 GMT'), (b'Content-Type', b'application/json'), (b'Content-Length', b'23'), (b'Connection', b'keep-alive'), (b'Strict-Transport-Security', b'max-age=31536000; includeSubDomains; preload'), (b'Access-Control-Allow-Origin', b'*'), (b'Access-Control-Allow-Methods', b'GET, POST, OPTIONS'), (b'Access-Control-Expose-Headers', b'Content-Length,Content-Type,Date,Server,Connection')])
2025-06-21 03:04:14,313 - httpx - INFO - HTTP Request: POST https://api.telegram.org/bot7707158318:AAE8rWa4Q8Z_3avql6K0HAmXaooZAReoNF0/getUpdates "HTTP/1.1 200 OK"
2025-06-21 03:04:14,314 - httpcore.http11 - DEBUG - receive_response_body.started request=<Request [b'POST']>
2025-06-21 03:04:14,314 - httpcore.http11 - DEBUG - receive_response_body.complete
2025-06-21 03:04:14,314 - httpcore.http11 - DEBUG - response_closed.started
2025-06-21 03:04:14,314 - httpcore.http11 - DEBUG - response_closed.complete
2025-06-21 03:04:14,316 - telegram.ext.ExtBot - DEBUG - No new updates found.
2025-06-21 03:04:14,316 - telegram.ext.ExtBot - DEBUG - ()
2025-06-21 03:04:14,316 - telegram.ext.ExtBot - DEBUG - Exiting: get_updates
2025-06-21 03:04:14,316 - telegram.ext.ExtBot - DEBUG - Entering: get_updates
2025-06-21 03:04:14,318 - httpcore.http11 - DEBUG - send_request_headers.started request=<Request [b'POST']>
2025-06-21 03:04:14,320 - httpcore.http11 - DEBUG - send_request_headers.complete
2025-06-21 03:04:14,320 - httpcore.http11 - DEBUG - send_request_body.started request=<Request [b'POST']>
2025-06-21 03:04:14,322 - httpcore.http11 - DEBUG - send_request_body.complete
2025-06-21 03:04:14,322 - httpcore.http11 - DEBUG - receive_response_headers.started request=<Request [b'POST']>
2025-06-21 03:04:24,552 - httpcore.http11 - DEBUG - receive_response_headers.complete return_value=(b'HTTP/1.1', 200, b'OK', [(b'Server', b'nginx/1.18.0'), (b'Date', b'Sat, 21 Jun 2025 02:04:24 GMT'), (b'Content-Type', b'application/json'), (b'Content-Length', b'23'), (b'Connection', b'keep-alive'), (b'Strict-Transport-Security', b'max-age=31536000; includeSubDomains; preload'), (b'Access-Control-Allow-Origin', b'*'), (b'Access-Control-Allow-Methods', b'GET, POST, OPTIONS'), (b'Access-Control-Expose-Headers', b'Content-Length,Content-Type,Date,Server,Connection')])
2025-06-21 03:04:24,554 - httpx - INFO - HTTP Request: POST https://api.telegram.org/bot7707158318:AAE8rWa4Q8Z_3avql6K0HAmXaooZAReoNF0/getUpdates "HTTP/1.1 200 OK"
2025-06-21 03:04:24,554 - httpcore.http11 - DEBUG - receive_response_body.started request=<Request [b'POST']>
2025-06-21 03:04:24,554 - httpcore.http11 - DEBUG - receive_response_body.complete
2025-06-21 03:04:24,554 - httpcore.http11 - DEBUG - response_closed.started
2025-06-21 03:04:24,556 - httpcore.http11 - DEBUG - response_closed.complete
2025-06-21 03:04:24,556 - telegram.ext.ExtBot - DEBUG - No new updates found.
2025-06-21 03:04:24,556 - telegram.ext.ExtBot - DEBUG - ()
2025-06-21 03:04:24,558 - telegram.ext.ExtBot - DEBUG - Exiting: get_updates
2025-06-21 03:04:24,558 - telegram.ext.ExtBot - DEBUG - Entering: get_updates
2025-06-21 03:04:24,562 - httpcore.http11 - DEBUG - send_request_headers.started request=<Request [b'POST']>
2025-06-21 03:04:24,562 - httpcore.http11 - DEBUG - send_request_headers.complete
2025-06-21 03:04:24,562 - httpcore.http11 - DEBUG - send_request_body.started request=<Request [b'POST']>
2025-06-21 03:04:24,565 - httpcore.http11 - DEBUG - send_request_body.complete
2025-06-21 03:04:24,565 - httpcore.http11 - DEBUG - receive_response_headers.started request=<Request [b'POST']>
2025-06-21 03:04:34,793 - httpcore.http11 - DEBUG - receive_response_headers.complete return_value=(b'HTTP/1.1', 200, b'OK', [(b'Server', b'nginx/1.18.0'), (b'Date', b'Sat, 21 Jun 2025 02:04:34 GMT'), (b'Content-Type', b'application/json'), (b'Content-Length', b'23'), (b'Connection', b'keep-alive'), (b'Strict-Transport-Security', b'max-age=31536000; includeSubDomains; preload'), (b'Access-Control-Allow-Origin', b'*'), (b'Access-Control-Allow-Methods', b'GET, POST, OPTIONS'), (b'Access-Control-Expose-Headers', b'Content-Length,Content-Type,Date,Server,Connection')])
2025-06-21 03:04:34,794 - httpx - INFO - HTTP Request: POST https://api.telegram.org/bot7707158318:AAE8rWa4Q8Z_3avql6K0HAmXaooZAReoNF0/getUpdates "HTTP/1.1 200 OK"
2025-06-21 03:04:34,795 - httpcore.http11 - DEBUG - receive_response_body.started request=<Request [b'POST']>
2025-06-21 03:04:34,795 - httpcore.http11 - DEBUG - receive_response_body.complete
2025-06-21 03:04:34,795 - httpcore.http11 - DEBUG - response_closed.started
2025-06-21 03:04:34,798 - httpcore.http11 - DEBUG - response_closed.complete
2025-06-21 03:04:34,798 - telegram.ext.ExtBot - DEBUG - No new updates found.
2025-06-21 03:04:34,798 - telegram.ext.ExtBot - DEBUG - ()
2025-06-21 03:04:34,798 - telegram.ext.ExtBot - DEBUG - Exiting: get_updates
2025-06-21 03:04:34,798 - telegram.ext.ExtBot - DEBUG - Entering: get_updates
2025-06-21 03:04:34,800 - httpcore.http11 - DEBUG - send_request_headers.started request=<Request [b'POST']>
2025-06-21 03:04:34,802 - httpcore.http11 - DEBUG - send_request_headers.complete
2025-06-21 03:04:34,802 - httpcore.http11 - DEBUG - send_request_body.started request=<Request [b'POST']>
2025-06-21 03:04:34,804 - httpcore.http11 - DEBUG - send_request_body.complete
2025-06-21 03:04:34,804 - httpcore.http11 - DEBUG - receive_response_headers.started request=<Request [b'POST']>
2025-06-21 03:04:45,064 - httpcore.http11 - DEBUG - receive_response_headers.complete return_value=(b'HTTP/1.1', 200, b'OK', [(b'Server', b'nginx/1.18.0'), (b'Date', b'Sat, 21 Jun 2025 02:04:44 GMT'), (b'Content-Type', b'application/json'), (b'Content-Length', b'23'), (b'Connection', b'keep-alive'), (b'Strict-Transport-Security', b'max-age=31536000; includeSubDomains; preload'), (b'Access-Control-Allow-Origin', b'*'), (b'Access-Control-Allow-Methods', b'GET, POST, OPTIONS'), (b'Access-Control-Expose-Headers', b'Content-Length,Content-Type,Date,Server,Connection')])
2025-06-21 03:04:45,066 - httpx - INFO - HTTP Request: POST https://api.telegram.org/bot7707158318:AAE8rWa4Q8Z_3avql6K0HAmXaooZAReoNF0/getUpdates "HTTP/1.1 200 OK"
2025-06-21 03:04:45,066 - httpcore.http11 - DEBUG - receive_response_body.started request=<Request [b'POST']>
2025-06-21 03:04:45,066 - httpcore.http11 - DEBUG - receive_response_body.complete
2025-06-21 03:04:45,066 - httpcore.http11 - DEBUG - response_closed.started
2025-06-21 03:04:45,066 - httpcore.http11 - DEBUG - response_closed.complete
2025-06-21 03:04:45,066 - telegram.ext.ExtBot - DEBUG - No new updates found.
2025-06-21 03:04:45,066 - telegram.ext.ExtBot - DEBUG - ()
2025-06-21 03:04:45,066 - telegram.ext.ExtBot - DEBUG - Exiting: get_updates
2025-06-21 03:04:45,066 - telegram.ext.ExtBot - DEBUG - Entering: get_updates
2025-06-21 03:04:45,073 - httpcore.http11 - DEBUG - send_request_headers.started request=<Request [b'POST']>
2025-06-21 03:04:45,074 - httpcore.http11 - DEBUG - send_request_headers.complete
2025-06-21 03:04:45,074 - httpcore.http11 - DEBUG - send_request_body.started request=<Request [b'POST']>
2025-06-21 03:04:45,074 - httpcore.http11 - DEBUG - send_request_body.complete
2025-06-21 03:04:45,074 - httpcore.http11 - DEBUG - receive_response_headers.started request=<Request [b'POST']>
2025-06-21 03:04:55,178 - httpcore.http11 - DEBUG - receive_response_headers.complete return_value=(b'HTTP/1.1', 200, b'OK', [(b'Server', b'nginx/1.18.0'), (b'Date', b'Sat, 21 Jun 2025 02:04:54 GMT'), (b'Content-Type', b'application/json'), (b'Content-Length', b'23'), (b'Connection', b'keep-alive'), (b'Strict-Transport-Security', b'max-age=31536000; includeSubDomains; preload'), (b'Access-Control-Allow-Origin', b'*'), (b'Access-Control-Allow-Methods', b'GET, POST, OPTIONS'), (b'Access-Control-Expose-Headers', b'Content-Length,Content-Type,Date,Server,Connection')])
2025-06-21 03:04:55,178 - httpx - INFO - HTTP Request: POST https://api.telegram.org/bot7707158318:AAE8rWa4Q8Z_3avql6K0HAmXaooZAReoNF0/getUpdates "HTTP/1.1 200 OK"
2025-06-21 03:04:55,180 - httpcore.http11 - DEBUG - receive_response_body.started request=<Request [b'POST']>
2025-06-21 03:04:55,183 - httpcore.http11 - DEBUG - receive_response_body.complete
2025-06-21 03:04:55,183 - httpcore.http11 - DEBUG - response_closed.started
2025-06-21 03:04:55,183 - httpcore.http11 - DEBUG - response_closed.complete
2025-06-21 03:04:55,183 - telegram.ext.ExtBot - DEBUG - No new updates found.
2025-06-21 03:04:55,183 - telegram.ext.ExtBot - DEBUG - ()
2025-06-21 03:04:55,183 - telegram.ext.ExtBot - DEBUG - Exiting: get_updates
2025-06-21 03:04:55,183 - telegram.ext.ExtBot - DEBUG - Entering: get_updates
2025-06-21 03:04:55,187 - httpcore.http11 - DEBUG - send_request_headers.started request=<Request [b'POST']>
2025-06-21 03:04:55,187 - httpcore.http11 - DEBUG - send_request_headers.complete
2025-06-21 03:04:55,187 - httpcore.http11 - DEBUG - send_request_body.started request=<Request [b'POST']>
2025-06-21 03:04:55,189 - httpcore.http11 - DEBUG - send_request_body.complete
2025-06-21 03:04:55,189 - httpcore.http11 - DEBUG - receive_response_headers.started request=<Request [b'POST']>
2025-06-21 03:05:05,317 - httpcore.http11 - DEBUG - receive_response_headers.complete return_value=(b'HTTP/1.1', 200, b'OK', [(b'Server', b'nginx/1.18.0'), (b'Date', b'Sat, 21 Jun 2025 02:05:05 GMT'), (b'Content-Type', b'application/json'), (b'Content-Length', b'23'), (b'Connection', b'keep-alive'), (b'Strict-Transport-Security', b'max-age=31536000; includeSubDomains; preload'), (b'Access-Control-Allow-Origin', b'*'), (b'Access-Control-Allow-Methods', b'GET, POST, OPTIONS'), (b'Access-Control-Expose-Headers', b'Content-Length,Content-Type,Date,Server,Connection')])
2025-06-21 03:05:05,319 - httpx - INFO - HTTP Request: POST https://api.telegram.org/bot7707158318:AAE8rWa4Q8Z_3avql6K0HAmXaooZAReoNF0/getUpdates "HTTP/1.1 200 OK"
2025-06-21 03:05:05,320 - httpcore.http11 - DEBUG - receive_response_body.started request=<Request [b'POST']>
2025-06-21 03:05:05,320 - httpcore.http11 - DEBUG - receive_response_body.complete
2025-06-21 03:05:05,320 - httpcore.http11 - DEBUG - response_closed.started
2025-06-21 03:05:05,322 - httpcore.http11 - DEBUG - response_closed.complete
2025-06-21 03:05:05,322 - telegram.ext.ExtBot - DEBUG - No new updates found.
2025-06-21 03:05:05,322 - telegram.ext.ExtBot - DEBUG - ()
2025-06-21 03:05:05,322 - telegram.ext.ExtBot - DEBUG - Exiting: get_updates
2025-06-21 03:05:05,322 - telegram.ext.ExtBot - DEBUG - Entering: get_updates
2025-06-21 03:05:05,324 - httpcore.http11 - DEBUG - send_request_headers.started request=<Request [b'POST']>
2025-06-21 03:05:05,327 - httpcore.http11 - DEBUG - send_request_headers.complete
2025-06-21 03:05:05,327 - httpcore.http11 - DEBUG - send_request_body.started request=<Request [b'POST']>
2025-06-21 03:05:05,329 - httpcore.http11 - DEBUG - send_request_body.complete
2025-06-21 03:05:05,329 - httpcore.http11 - DEBUG - receive_response_headers.started request=<Request [b'POST']>
2025-06-21 03:05:15,415 - httpcore.http11 - DEBUG - receive_response_headers.complete return_value=(b'HTTP/1.1', 200, b'OK', [(b'Server', b'nginx/1.18.0'), (b'Date', b'Sat, 21 Jun 2025 02:05:15 GMT'), (b'Content-Type', b'application/json'), (b'Content-Length', b'23'), (b'Connection', b'keep-alive'), (b'Strict-Transport-Security', b'max-age=31536000; includeSubDomains; preload'), (b'Access-Control-Allow-Origin', b'*'), (b'Access-Control-Allow-Methods', b'GET, POST, OPTIONS'), (b'Access-Control-Expose-Headers', b'Content-Length,Content-Type,Date,Server,Connection')])
2025-06-21 03:05:15,418 - httpx - INFO - HTTP Request: POST https://api.telegram.org/bot7707158318:AAE8rWa4Q8Z_3avql6K0HAmXaooZAReoNF0/getUpdates "HTTP/1.1 200 OK"
2025-06-21 03:05:15,420 - httpcore.http11 - DEBUG - receive_response_body.started request=<Request [b'POST']>
2025-06-21 03:05:15,420 - httpcore.http11 - DEBUG - receive_response_body.complete
2025-06-21 03:05:15,422 - httpcore.http11 - DEBUG - response_closed.started
2025-06-21 03:05:15,422 - httpcore.http11 - DEBUG - response_closed.complete
2025-06-21 03:05:15,423 - telegram.ext.ExtBot - DEBUG - No new updates found.
2025-06-21 03:05:15,424 - telegram.ext.ExtBot - DEBUG - ()
2025-06-21 03:05:15,424 - telegram.ext.ExtBot - DEBUG - Exiting: get_updates
2025-06-21 03:05:15,424 - telegram.ext.ExtBot - DEBUG - Entering: get_updates
2025-06-21 03:05:15,425 - httpcore.http11 - DEBUG - send_request_headers.started request=<Request [b'POST']>
2025-06-21 03:05:15,428 - httpcore.http11 - DEBUG - send_request_headers.complete
2025-06-21 03:05:15,428 - httpcore.http11 - DEBUG - send_request_body.started request=<Request [b'POST']>
2025-06-21 03:05:15,430 - httpcore.http11 - DEBUG - send_request_body.complete
2025-06-21 03:05:15,430 - httpcore.http11 - DEBUG - receive_response_headers.started request=<Request [b'POST']>
2025-06-21 03:05:25,600 - httpcore.http11 - DEBUG - receive_response_headers.complete return_value=(b'HTTP/1.1', 200, b'OK', [(b'Server', b'nginx/1.18.0'), (b'Date', b'Sat, 21 Jun 2025 02:05:25 GMT'), (b'Content-Type', b'application/json'), (b'Content-Length', b'23'), (b'Connection', b'keep-alive'), (b'Strict-Transport-Security', b'max-age=31536000; includeSubDomains; preload'), (b'Access-Control-Allow-Origin', b'*'), (b'Access-Control-Allow-Methods', b'GET, POST, OPTIONS'), (b'Access-Control-Expose-Headers', b'Content-Length,Content-Type,Date,Server,Connection')])
2025-06-21 03:05:25,603 - httpx - INFO - HTTP Request: POST https://api.telegram.org/bot7707158318:AAE8rWa4Q8Z_3avql6K0HAmXaooZAReoNF0/getUpdates "HTTP/1.1 200 OK"
2025-06-21 03:05:25,626 - httpcore.http11 - DEBUG - receive_response_body.started request=<Request [b'POST']>
2025-06-21 03:05:25,626 - httpcore.http11 - DEBUG - receive_response_body.complete
2025-06-21 03:05:25,693 - httpcore.http11 - DEBUG - response_closed.started
2025-06-21 03:05:25,693 - httpcore.http11 - DEBUG - response_closed.complete
2025-06-21 03:05:25,703 - telegram.ext.ExtBot - DEBUG - No new updates found.
2025-06-21 03:05:25,703 - telegram.ext.ExtBot - DEBUG - ()
2025-06-21 03:05:25,705 - telegram.ext.ExtBot - DEBUG - Exiting: get_updates
2025-06-21 03:05:25,705 - telegram.ext.ExtBot - DEBUG - Entering: get_updates
2025-06-21 03:05:25,710 - httpcore.http11 - DEBUG - send_request_headers.started request=<Request [b'POST']>
2025-06-21 03:05:25,710 - httpcore.http11 - DEBUG - send_request_headers.complete
2025-06-21 03:05:25,710 - httpcore.http11 - DEBUG - send_request_body.started request=<Request [b'POST']>
2025-06-21 03:05:25,710 - httpcore.http11 - DEBUG - send_request_body.complete
2025-06-21 03:05:25,710 - httpcore.http11 - DEBUG - receive_response_headers.started request=<Request [b'POST']>
2025-06-21 03:05:36,045 - httpcore.http11 - DEBUG - receive_response_headers.complete return_value=(b'HTTP/1.1', 200, b'OK', [(b'Server', b'nginx/1.18.0'), (b'Date', b'Sat, 21 Jun 2025 02:05:35 GMT'), (b'Content-Type', b'application/json'), (b'Content-Length', b'23'), (b'Connection', b'keep-alive'), (b'Strict-Transport-Security', b'max-age=31536000; includeSubDomains; preload'), (b'Access-Control-Allow-Origin', b'*'), (b'Access-Control-Allow-Methods', b'GET, POST, OPTIONS'), (b'Access-Control-Expose-Headers', b'Content-Length,Content-Type,Date,Server,Connection')])
2025-06-21 03:05:36,050 - httpx - INFO - HTTP Request: POST https://api.telegram.org/bot7707158318:AAE8rWa4Q8Z_3avql6K0HAmXaooZAReoNF0/getUpdates "HTTP/1.1 200 OK"
2025-06-21 03:05:36,056 - httpcore.http11 - DEBUG - receive_response_body.started request=<Request [b'POST']>
2025-06-21 03:05:36,057 - httpcore.http11 - DEBUG - receive_response_body.complete
2025-06-21 03:05:36,059 - httpcore.http11 - DEBUG - response_closed.started
2025-06-21 03:05:36,060 - httpcore.http11 - DEBUG - response_closed.complete
2025-06-21 03:05:36,060 - telegram.ext.ExtBot - DEBUG - No new updates found.
2025-06-21 03:05:36,060 - telegram.ext.ExtBot - DEBUG - ()
2025-06-21 03:05:36,060 - telegram.ext.ExtBot - DEBUG - Exiting: get_updates
2025-06-21 03:05:36,060 - telegram.ext.ExtBot - DEBUG - Entering: get_updates
2025-06-21 03:05:36,075 - httpcore.http11 - DEBUG - send_request_headers.started request=<Request [b'POST']>
2025-06-21 03:05:36,077 - httpcore.http11 - DEBUG - send_request_headers.complete
2025-06-21 03:05:36,077 - httpcore.http11 - DEBUG - send_request_body.started request=<Request [b'POST']>
2025-06-21 03:05:36,091 - httpcore.http11 - DEBUG - send_request_body.complete
2025-06-21 03:05:36,093 - httpcore.http11 - DEBUG - receive_response_headers.started request=<Request [b'POST']>
2025-06-21 03:05:46,266 - httpcore.http11 - DEBUG - receive_response_headers.complete return_value=(b'HTTP/1.1', 200, b'OK', [(b'Server', b'nginx/1.18.0'), (b'Date', b'Sat, 21 Jun 2025 02:05:45 GMT'), (b'Content-Type', b'application/json'), (b'Content-Length', b'23'), (b'Connection', b'keep-alive'), (b'Strict-Transport-Security', b'max-age=31536000; includeSubDomains; preload'), (b'Access-Control-Allow-Origin', b'*'), (b'Access-Control-Allow-Methods', b'GET, POST, OPTIONS'), (b'Access-Control-Expose-Headers', b'Content-Length,Content-Type,Date,Server,Connection')])
2025-06-21 03:05:46,268 - httpx - INFO - HTTP Request: POST https://api.telegram.org/bot7707158318:AAE8rWa4Q8Z_3avql6K0HAmXaooZAReoNF0/getUpdates "HTTP/1.1 200 OK"
2025-06-21 03:05:46,268 - httpcore.http11 - DEBUG - receive_response_body.started request=<Request [b'POST']>
2025-06-21 03:05:46,268 - httpcore.http11 - DEBUG - receive_response_body.complete
2025-06-21 03:05:46,271 - httpcore.http11 - DEBUG - response_closed.started
2025-06-21 03:05:46,272 - httpcore.http11 - DEBUG - response_closed.complete
2025-06-21 03:05:46,272 - telegram.ext.ExtBot - DEBUG - No new updates found.
2025-06-21 03:05:46,272 - telegram.ext.ExtBot - DEBUG - ()
2025-06-21 03:05:46,274 - telegram.ext.ExtBot - DEBUG - Exiting: get_updates
2025-06-21 03:05:46,274 - telegram.ext.ExtBot - DEBUG - Entering: get_updates
2025-06-21 03:05:46,279 - httpcore.http11 - DEBUG - send_request_headers.started request=<Request [b'POST']>
2025-06-21 03:05:46,283 - httpcore.http11 - DEBUG - send_request_headers.complete
2025-06-21 03:05:46,286 - httpcore.http11 - DEBUG - send_request_body.started request=<Request [b'POST']>
2025-06-21 03:05:46,287 - httpcore.http11 - DEBUG - send_request_body.complete
2025-06-21 03:05:46,289 - httpcore.http11 - DEBUG - receive_response_headers.started request=<Request [b'POST']>
2025-06-21 03:05:56,405 - httpcore.http11 - DEBUG - receive_response_headers.complete return_value=(b'HTTP/1.1', 200, b'OK', [(b'Server', b'nginx/1.18.0'), (b'Date', b'Sat, 21 Jun 2025 02:05:56 GMT'), (b'Content-Type', b'application/json'), (b'Content-Length', b'23'), (b'Connection', b'keep-alive'), (b'Strict-Transport-Security', b'max-age=31536000; includeSubDomains; preload'), (b'Access-Control-Allow-Origin', b'*'), (b'Access-Control-Allow-Methods', b'GET, POST, OPTIONS'), (b'Access-Control-Expose-Headers', b'Content-Length,Content-Type,Date,Server,Connection')])
2025-06-21 03:05:56,405 - httpx - INFO - HTTP Request: POST https://api.telegram.org/bot7707158318:AAE8rWa4Q8Z_3avql6K0HAmXaooZAReoNF0/getUpdates "HTTP/1.1 200 OK"
2025-06-21 03:05:56,409 - httpcore.http11 - DEBUG - receive_response_body.started request=<Request [b'POST']>
2025-06-21 03:05:56,409 - httpcore.http11 - DEBUG - receive_response_body.complete
2025-06-21 03:05:56,410 - httpcore.http11 - DEBUG - response_closed.started
2025-06-21 03:05:56,410 - httpcore.http11 - DEBUG - response_closed.complete
2025-06-21 03:05:56,410 - telegram.ext.ExtBot - DEBUG - No new updates found.
2025-06-21 03:05:56,410 - telegram.ext.ExtBot - DEBUG - ()
2025-06-21 03:05:56,410 - telegram.ext.ExtBot - DEBUG - Exiting: get_updates
2025-06-21 03:05:56,410 - telegram.ext.ExtBot - DEBUG - Entering: get_updates
2025-06-21 03:05:56,415 - httpcore.http11 - DEBUG - send_request_headers.started request=<Request [b'POST']>
2025-06-21 03:05:56,416 - httpcore.http11 - DEBUG - send_request_headers.complete
2025-06-21 03:05:56,416 - httpcore.http11 - DEBUG - send_request_body.started request=<Request [b'POST']>
2025-06-21 03:05:56,416 - httpcore.http11 - DEBUG - send_request_body.complete
2025-06-21 03:05:56,416 - httpcore.http11 - DEBUG - receive_response_headers.started request=<Request [b'POST']>
2025-06-21 03:06:06,524 - httpcore.http11 - DEBUG - receive_response_headers.complete return_value=(b'HTTP/1.1', 200, b'OK', [(b'Server', b'nginx/1.18.0'), (b'Date', b'Sat, 21 Jun 2025 02:06:06 GMT'), (b'Content-Type', b'application/json'), (b'Content-Length', b'23'), (b'Connection', b'keep-alive'), (b'Strict-Transport-Security', b'max-age=31536000; includeSubDomains; preload'), (b'Access-Control-Allow-Origin', b'*'), (b'Access-Control-Allow-Methods', b'GET, POST, OPTIONS'), (b'Access-Control-Expose-Headers', b'Content-Length,Content-Type,Date,Server,Connection')])
2025-06-21 03:06:06,526 - httpx - INFO - HTTP Request: POST https://api.telegram.org/bot7707158318:AAE8rWa4Q8Z_3avql6K0HAmXaooZAReoNF0/getUpdates "HTTP/1.1 200 OK"
2025-06-21 03:06:06,534 - httpcore.http11 - DEBUG - receive_response_body.started request=<Request [b'POST']>
2025-06-21 03:06:06,535 - httpcore.http11 - DEBUG - receive_response_body.complete
2025-06-21 03:06:06,535 - httpcore.http11 - DEBUG - response_closed.started
2025-06-21 03:06:06,536 - httpcore.http11 - DEBUG - response_closed.complete
2025-06-21 03:06:06,537 - telegram.ext.ExtBot - DEBUG - No new updates found.
2025-06-21 03:06:06,537 - telegram.ext.ExtBot - DEBUG - ()
2025-06-21 03:06:06,537 - telegram.ext.ExtBot - DEBUG - Exiting: get_updates
2025-06-21 03:06:06,537 - telegram.ext.ExtBot - DEBUG - Entering: get_updates
2025-06-21 03:06:06,540 - httpcore.http11 - DEBUG - send_request_headers.started request=<Request [b'POST']>
2025-06-21 03:06:06,541 - httpcore.http11 - DEBUG - send_request_headers.complete
2025-06-21 03:06:06,542 - httpcore.http11 - DEBUG - send_request_body.started request=<Request [b'POST']>
2025-06-21 03:06:06,542 - httpcore.http11 - DEBUG - send_request_body.complete
2025-06-21 03:06:06,543 - httpcore.http11 - DEBUG - receive_response_headers.started request=<Request [b'POST']>
2025-06-21 03:06:16,681 - httpcore.http11 - DEBUG - receive_response_headers.complete return_value=(b'HTTP/1.1', 200, b'OK', [(b'Server', b'nginx/1.18.0'), (b'Date', b'Sat, 21 Jun 2025 02:06:16 GMT'), (b'Content-Type', b'application/json'), (b'Content-Length', b'23'), (b'Connection', b'keep-alive'), (b'Strict-Transport-Security', b'max-age=31536000; includeSubDomains; preload'), (b'Access-Control-Allow-Origin', b'*'), (b'Access-Control-Allow-Methods', b'GET, POST, OPTIONS'), (b'Access-Control-Expose-Headers', b'Content-Length,Content-Type,Date,Server,Connection')])
2025-06-21 03:06:16,682 - httpx - INFO - HTTP Request: POST https://api.telegram.org/bot7707158318:AAE8rWa4Q8Z_3avql6K0HAmXaooZAReoNF0/getUpdates "HTTP/1.1 200 OK"
2025-06-21 03:06:16,684 - httpcore.http11 - DEBUG - receive_response_body.started request=<Request [b'POST']>
2025-06-21 03:06:16,685 - httpcore.http11 - DEBUG - receive_response_body.complete
2025-06-21 03:06:16,685 - httpcore.http11 - DEBUG - response_closed.started
2025-06-21 03:06:16,685 - httpcore.http11 - DEBUG - response_closed.complete
2025-06-21 03:06:16,686 - telegram.ext.ExtBot - DEBUG - No new updates found.
2025-06-21 03:06:16,686 - telegram.ext.ExtBot - DEBUG - ()
2025-06-21 03:06:16,686 - telegram.ext.ExtBot - DEBUG - Exiting: get_updates
2025-06-21 03:06:16,687 - telegram.ext.ExtBot - DEBUG - Entering: get_updates
2025-06-21 03:06:16,687 - httpcore.http11 - DEBUG - send_request_headers.started request=<Request [b'POST']>
2025-06-21 03:06:16,687 - httpcore.http11 - DEBUG - send_request_headers.complete
2025-06-21 03:06:16,691 - httpcore.http11 - DEBUG - send_request_body.started request=<Request [b'POST']>
2025-06-21 03:06:16,692 - httpcore.http11 - DEBUG - send_request_body.complete
2025-06-21 03:06:16,692 - httpcore.http11 - DEBUG - receive_response_headers.started request=<Request [b'POST']>
2025-06-21 03:06:26,775 - httpcore.http11 - DEBUG - receive_response_headers.complete return_value=(b'HTTP/1.1', 200, b'OK', [(b'Server', b'nginx/1.18.0'), (b'Date', b'Sat, 21 Jun 2025 02:06:26 GMT'), (b'Content-Type', b'application/json'), (b'Content-Length', b'23'), (b'Connection', b'keep-alive'), (b'Strict-Transport-Security', b'max-age=31536000; includeSubDomains; preload'), (b'Access-Control-Allow-Origin', b'*'), (b'Access-Control-Allow-Methods', b'GET, POST, OPTIONS'), (b'Access-Control-Expose-Headers', b'Content-Length,Content-Type,Date,Server,Connection')])
2025-06-21 03:06:26,777 - httpx - INFO - HTTP Request: POST https://api.telegram.org/bot7707158318:AAE8rWa4Q8Z_3avql6K0HAmXaooZAReoNF0/getUpdates "HTTP/1.1 200 OK"
2025-06-21 03:06:26,779 - httpcore.http11 - DEBUG - receive_response_body.started request=<Request [b'POST']>
2025-06-21 03:06:26,779 - httpcore.http11 - DEBUG - receive_response_body.complete
2025-06-21 03:06:26,780 - httpcore.http11 - DEBUG - response_closed.started
2025-06-21 03:06:26,780 - httpcore.http11 - DEBUG - response_closed.complete
2025-06-21 03:06:26,780 - telegram.ext.ExtBot - DEBUG - No new updates found.
2025-06-21 03:06:26,780 - telegram.ext.ExtBot - DEBUG - ()
2025-06-21 03:06:26,780 - telegram.ext.ExtBot - DEBUG - Exiting: get_updates
2025-06-21 03:06:26,782 - telegram.ext.ExtBot - DEBUG - Entering: get_updates
2025-06-21 03:06:26,785 - httpcore.http11 - DEBUG - send_request_headers.started request=<Request [b'POST']>
2025-06-21 03:06:26,785 - httpcore.http11 - DEBUG - send_request_headers.complete
2025-06-21 03:06:26,785 - httpcore.http11 - DEBUG - send_request_body.started request=<Request [b'POST']>
2025-06-21 03:06:26,787 - httpcore.http11 - DEBUG - send_request_body.complete
2025-06-21 03:06:26,787 - httpcore.http11 - DEBUG - receive_response_headers.started request=<Request [b'POST']>
2025-06-21 03:06:36,974 - httpcore.http11 - DEBUG - receive_response_headers.complete return_value=(b'HTTP/1.1', 200, b'OK', [(b'Server', b'nginx/1.18.0'), (b'Date', b'Sat, 21 Jun 2025 02:06:36 GMT'), (b'Content-Type', b'application/json'), (b'Content-Length', b'23'), (b'Connection', b'keep-alive'), (b'Strict-Transport-Security', b'max-age=31536000; includeSubDomains; preload'), (b'Access-Control-Allow-Origin', b'*'), (b'Access-Control-Allow-Methods', b'GET, POST, OPTIONS'), (b'Access-Control-Expose-Headers', b'Content-Length,Content-Type,Date,Server,Connection')])
2025-06-21 03:06:36,981 - httpx - INFO - HTTP Request: POST https://api.telegram.org/bot7707158318:AAE8rWa4Q8Z_3avql6K0HAmXaooZAReoNF0/getUpdates "HTTP/1.1 200 OK"
2025-06-21 03:06:36,991 - httpcore.http11 - DEBUG - receive_response_body.started request=<Request [b'POST']>
2025-06-21 03:06:36,996 - httpcore.http11 - DEBUG - receive_response_body.complete
2025-06-21 03:06:36,998 - httpcore.http11 - DEBUG - response_closed.started
2025-06-21 03:06:36,999 - httpcore.http11 - DEBUG - response_closed.complete
2025-06-21 03:06:37,063 - telegram.ext.ExtBot - DEBUG - No new updates found.
2025-06-21 03:06:37,063 - telegram.ext.ExtBot - DEBUG - ()
2025-06-21 03:06:37,084 - telegram.ext.ExtBot - DEBUG - Exiting: get_updates
2025-06-21 03:06:37,084 - telegram.ext.ExtBot - DEBUG - Entering: get_updates
2025-06-21 03:06:37,133 - httpcore.http11 - DEBUG - send_request_headers.started request=<Request [b'POST']>
2025-06-21 03:06:37,142 - httpcore.http11 - DEBUG - send_request_headers.complete
2025-06-21 03:06:37,142 - httpcore.http11 - DEBUG - send_request_body.started request=<Request [b'POST']>
2025-06-21 03:06:37,146 - httpcore.http11 - DEBUG - send_request_body.complete
2025-06-21 03:06:37,148 - httpcore.http11 - DEBUG - receive_response_headers.started request=<Request [b'POST']>
2025-06-21 03:06:47,325 - httpcore.http11 - DEBUG - receive_response_headers.complete return_value=(b'HTTP/1.1', 200, b'OK', [(b'Server', b'nginx/1.18.0'), (b'Date', b'Sat, 21 Jun 2025 02:06:47 GMT'), (b'Content-Type', b'application/json'), (b'Content-Length', b'23'), (b'Connection', b'keep-alive'), (b'Strict-Transport-Security', b'max-age=31536000; includeSubDomains; preload'), (b'Access-Control-Allow-Origin', b'*'), (b'Access-Control-Allow-Methods', b'GET, POST, OPTIONS'), (b'Access-Control-Expose-Headers', b'Content-Length,Content-Type,Date,Server,Connection')])
2025-06-21 03:06:47,378 - httpx - INFO - HTTP Request: POST https://api.telegram.org/bot7707158318:AAE8rWa4Q8Z_3avql6K0HAmXaooZAReoNF0/getUpdates "HTTP/1.1 200 OK"
2025-06-21 03:06:47,464 - httpcore.http11 - DEBUG - receive_response_body.started request=<Request [b'POST']>
2025-06-21 03:06:47,496 - httpcore.http11 - DEBUG - receive_response_body.complete
2025-06-21 03:06:47,777 - httpcore.http11 - DEBUG - response_closed.started
2025-06-21 03:06:47,778 - httpcore.http11 - DEBUG - response_closed.complete
2025-06-21 03:06:47,779 - telegram.ext.ExtBot - DEBUG - No new updates found.
2025-06-21 03:06:48,005 - telegram.ext.ExtBot - DEBUG - ()
2025-06-21 03:06:48,006 - telegram.ext.ExtBot - DEBUG - Exiting: get_updates
2025-06-21 03:06:48,007 - telegram.ext.ExtBot - DEBUG - Entering: get_updates
2025-06-21 03:06:48,387 - httpcore.http11 - DEBUG - send_request_headers.started request=<Request [b'POST']>
2025-06-21 03:06:48,501 - httpcore.http11 - DEBUG - send_request_headers.complete
2025-06-21 03:06:48,567 - httpcore.http11 - DEBUG - send_request_body.started request=<Request [b'POST']>
2025-06-21 03:06:48,593 - httpcore.http11 - DEBUG - send_request_body.complete
2025-06-21 03:06:48,594 - httpcore.http11 - DEBUG - receive_response_headers.started request=<Request [b'POST']>
2025-06-21 03:06:58,647 - httpcore.http11 - DEBUG - receive_response_headers.complete return_value=(b'HTTP/1.1', 200, b'OK', [(b'Server', b'nginx/1.18.0'), (b'Date', b'Sat, 21 Jun 2025 02:06:58 GMT'), (b'Content-Type', b'application/json'), (b'Content-Length', b'23'), (b'Connection', b'keep-alive'), (b'Strict-Transport-Security', b'max-age=31536000; includeSubDomains; preload'), (b'Access-Control-Allow-Origin', b'*'), (b'Access-Control-Allow-Methods', b'GET, POST, OPTIONS'), (b'Access-Control-Expose-Headers', b'Content-Length,Content-Type,Date,Server,Connection')])
2025-06-21 03:06:58,650 - httpx - INFO - HTTP Request: POST https://api.telegram.org/bot7707158318:AAE8rWa4Q8Z_3avql6K0HAmXaooZAReoNF0/getUpdates "HTTP/1.1 200 OK"
2025-06-21 03:06:58,652 - httpcore.http11 - DEBUG - receive_response_body.started request=<Request [b'POST']>
2025-06-21 03:06:58,653 - httpcore.http11 - DEBUG - receive_response_body.complete
2025-06-21 03:06:58,655 - httpcore.http11 - DEBUG - response_closed.started
2025-06-21 03:06:58,655 - httpcore.http11 - DEBUG - response_closed.complete
2025-06-21 03:06:58,657 - telegram.ext.ExtBot - DEBUG - No new updates found.
2025-06-21 03:06:58,657 - telegram.ext.ExtBot - DEBUG - ()
2025-06-21 03:06:58,657 - telegram.ext.ExtBot - DEBUG - Exiting: get_updates
2025-06-21 03:06:58,659 - telegram.ext.ExtBot - DEBUG - Entering: get_updates
2025-06-21 03:06:58,690 - httpcore.http11 - DEBUG - send_request_headers.started request=<Request [b'POST']>
2025-06-21 03:06:58,694 - httpcore.http11 - DEBUG - send_request_headers.complete
2025-06-21 03:06:58,695 - httpcore.http11 - DEBUG - send_request_body.started request=<Request [b'POST']>
2025-06-21 03:06:58,725 - httpcore.http11 - DEBUG - send_request_body.complete
2025-06-21 03:06:58,726 - httpcore.http11 - DEBUG - receive_response_headers.started request=<Request [b'POST']>
2025-06-21 03:07:08,832 - httpcore.http11 - DEBUG - receive_response_headers.complete return_value=(b'HTTP/1.1', 200, b'OK', [(b'Server', b'nginx/1.18.0'), (b'Date', b'Sat, 21 Jun 2025 02:07:08 GMT'), (b'Content-Type', b'application/json'), (b'Content-Length', b'23'), (b'Connection', b'keep-alive'), (b'Strict-Transport-Security', b'max-age=31536000; includeSubDomains; preload'), (b'Access-Control-Allow-Origin', b'*'), (b'Access-Control-Allow-Methods', b'GET, POST, OPTIONS'), (b'Access-Control-Expose-Headers', b'Content-Length,Content-Type,Date,Server,Connection')])
2025-06-21 03:07:08,838 - httpx - INFO - HTTP Request: POST https://api.telegram.org/bot7707158318:AAE8rWa4Q8Z_3avql6K0HAmXaooZAReoNF0/getUpdates "HTTP/1.1 200 OK"
2025-06-21 03:07:08,845 - httpcore.http11 - DEBUG - receive_response_body.started request=<Request [b'POST']>
2025-06-21 03:07:08,850 - httpcore.http11 - DEBUG - receive_response_body.complete
2025-06-21 03:07:08,850 - httpcore.http11 - DEBUG - response_closed.started
2025-06-21 03:07:08,850 - httpcore.http11 - DEBUG - response_closed.complete
2025-06-21 03:07:08,850 - telegram.ext.ExtBot - DEBUG - No new updates found.
2025-06-21 03:07:08,862 - telegram.ext.ExtBot - DEBUG - ()
2025-06-21 03:07:08,864 - telegram.ext.ExtBot - DEBUG - Exiting: get_updates
2025-06-21 03:07:08,864 - telegram.ext.ExtBot - DEBUG - Entering: get_updates
2025-06-21 03:07:08,907 - httpcore.http11 - DEBUG - send_request_headers.started request=<Request [b'POST']>
2025-06-21 03:07:08,912 - httpcore.http11 - DEBUG - send_request_headers.complete
2025-06-21 03:07:08,912 - httpcore.http11 - DEBUG - send_request_body.started request=<Request [b'POST']>
2025-06-21 03:07:08,913 - httpcore.http11 - DEBUG - send_request_body.complete
2025-06-21 03:07:08,913 - httpcore.http11 - DEBUG - receive_response_headers.started request=<Request [b'POST']>
2025-06-21 03:07:19,044 - httpcore.http11 - DEBUG - receive_response_headers.complete return_value=(b'HTTP/1.1', 200, b'OK', [(b'Server', b'nginx/1.18.0'), (b'Date', b'Sat, 21 Jun 2025 02:07:18 GMT'), (b'Content-Type', b'application/json'), (b'Content-Length', b'23'), (b'Connection', b'keep-alive'), (b'Strict-Transport-Security', b'max-age=31536000; includeSubDomains; preload'), (b'Access-Control-Allow-Origin', b'*'), (b'Access-Control-Allow-Methods', b'GET, POST, OPTIONS'), (b'Access-Control-Expose-Headers', b'Content-Length,Content-Type,Date,Server,Connection')])
2025-06-21 03:07:19,044 - httpx - INFO - HTTP Request: POST https://api.telegram.org/bot7707158318:AAE8rWa4Q8Z_3avql6K0HAmXaooZAReoNF0/getUpdates "HTTP/1.1 200 OK"
2025-06-21 03:07:19,050 - httpcore.http11 - DEBUG - receive_response_body.started request=<Request [b'POST']>
2025-06-21 03:07:19,050 - httpcore.http11 - DEBUG - receive_response_body.complete
2025-06-21 03:07:19,050 - httpcore.http11 - DEBUG - response_closed.started
2025-06-21 03:07:19,050 - httpcore.http11 - DEBUG - response_closed.complete
2025-06-21 03:07:19,050 - telegram.ext.ExtBot - DEBUG - No new updates found.
2025-06-21 03:07:19,050 - telegram.ext.ExtBot - DEBUG - ()
2025-06-21 03:07:19,050 - telegram.ext.ExtBot - DEBUG - Exiting: get_updates
2025-06-21 03:07:19,050 - telegram.ext.ExtBot - DEBUG - Entering: get_updates
2025-06-21 03:07:19,056 - httpcore.http11 - DEBUG - send_request_headers.started request=<Request [b'POST']>
2025-06-21 03:07:19,056 - httpcore.http11 - DEBUG - send_request_headers.complete
2025-06-21 03:07:19,056 - httpcore.http11 - DEBUG - send_request_body.started request=<Request [b'POST']>
2025-06-21 03:07:19,056 - httpcore.http11 - DEBUG - send_request_body.complete
2025-06-21 03:07:19,056 - httpcore.http11 - DEBUG - receive_response_headers.started request=<Request [b'POST']>
2025-06-21 03:07:29,178 - httpcore.http11 - DEBUG - receive_response_headers.complete return_value=(b'HTTP/1.1', 200, b'OK', [(b'Server', b'nginx/1.18.0'), (b'Date', b'Sat, 21 Jun 2025 02:07:28 GMT'), (b'Content-Type', b'application/json'), (b'Content-Length', b'23'), (b'Connection', b'keep-alive'), (b'Strict-Transport-Security', b'max-age=31536000; includeSubDomains; preload'), (b'Access-Control-Allow-Origin', b'*'), (b'Access-Control-Allow-Methods', b'GET, POST, OPTIONS'), (b'Access-Control-Expose-Headers', b'Content-Length,Content-Type,Date,Server,Connection')])
2025-06-21 03:07:29,179 - httpx - INFO - HTTP Request: POST https://api.telegram.org/bot7707158318:AAE8rWa4Q8Z_3avql6K0HAmXaooZAReoNF0/getUpdates "HTTP/1.1 200 OK"
2025-06-21 03:07:29,180 - httpcore.http11 - DEBUG - receive_response_body.started request=<Request [b'POST']>
2025-06-21 03:07:29,180 - httpcore.http11 - DEBUG - receive_response_body.complete
2025-06-21 03:07:29,182 - httpcore.http11 - DEBUG - response_closed.started
2025-06-21 03:07:29,182 - httpcore.http11 - DEBUG - response_closed.complete
2025-06-21 03:07:29,183 - telegram.ext.ExtBot - DEBUG - No new updates found.
2025-06-21 03:07:29,183 - telegram.ext.ExtBot - DEBUG - ()
2025-06-21 03:07:29,183 - telegram.ext.ExtBot - DEBUG - Exiting: get_updates
2025-06-21 03:07:29,183 - telegram.ext.ExtBot - DEBUG - Entering: get_updates
2025-06-21 03:07:29,186 - httpcore.http11 - DEBUG - send_request_headers.started request=<Request [b'POST']>
2025-06-21 03:07:29,188 - httpcore.http11 - DEBUG - send_request_headers.complete
2025-06-21 03:07:29,188 - httpcore.http11 - DEBUG - send_request_body.started request=<Request [b'POST']>
2025-06-21 03:07:29,188 - httpcore.http11 - DEBUG - send_request_body.complete
2025-06-21 03:07:29,191 - httpcore.http11 - DEBUG - receive_response_headers.started request=<Request [b'POST']>
2025-06-21 03:07:39,320 - httpcore.http11 - DEBUG - receive_response_headers.complete return_value=(b'HTTP/1.1', 200, b'OK', [(b'Server', b'nginx/1.18.0'), (b'Date', b'Sat, 21 Jun 2025 02:07:39 GMT'), (b'Content-Type', b'application/json'), (b'Content-Length', b'23'), (b'Connection', b'keep-alive'), (b'Strict-Transport-Security', b'max-age=31536000; includeSubDomains; preload'), (b'Access-Control-Allow-Origin', b'*'), (b'Access-Control-Allow-Methods', b'GET, POST, OPTIONS'), (b'Access-Control-Expose-Headers', b'Content-Length,Content-Type,Date,Server,Connection')])
2025-06-21 03:07:39,321 - httpx - INFO - HTTP Request: POST https://api.telegram.org/bot7707158318:AAE8rWa4Q8Z_3avql6K0HAmXaooZAReoNF0/getUpdates "HTTP/1.1 200 OK"
2025-06-21 03:07:39,322 - httpcore.http11 - DEBUG - receive_response_body.started request=<Request [b'POST']>
2025-06-21 03:07:39,323 - httpcore.http11 - DEBUG - receive_response_body.complete
2025-06-21 03:07:39,323 - httpcore.http11 - DEBUG - response_closed.started
2025-06-21 03:07:39,323 - httpcore.http11 - DEBUG - response_closed.complete
2025-06-21 03:07:39,324 - telegram.ext.ExtBot - DEBUG - No new updates found.
2025-06-21 03:07:39,324 - telegram.ext.ExtBot - DEBUG - ()
2025-06-21 03:07:39,325 - telegram.ext.ExtBot - DEBUG - Exiting: get_updates
2025-06-21 03:07:39,325 - telegram.ext.ExtBot - DEBUG - Entering: get_updates
2025-06-21 03:07:39,328 - httpcore.http11 - DEBUG - send_request_headers.started request=<Request [b'POST']>
2025-06-21 03:07:39,329 - httpcore.http11 - DEBUG - send_request_headers.complete
2025-06-21 03:07:39,329 - httpcore.http11 - DEBUG - send_request_body.started request=<Request [b'POST']>
2025-06-21 03:07:39,331 - httpcore.http11 - DEBUG - send_request_body.complete
2025-06-21 03:07:39,331 - httpcore.http11 - DEBUG - receive_response_headers.started request=<Request [b'POST']>
2025-06-21 03:07:49,405 - httpcore.http11 - DEBUG - receive_response_headers.complete return_value=(b'HTTP/1.1', 200, b'OK', [(b'Server', b'nginx/1.18.0'), (b'Date', b'Sat, 21 Jun 2025 02:07:49 GMT'), (b'Content-Type', b'application/json'), (b'Content-Length', b'23'), (b'Connection', b'keep-alive'), (b'Strict-Transport-Security', b'max-age=31536000; includeSubDomains; preload'), (b'Access-Control-Allow-Origin', b'*'), (b'Access-Control-Allow-Methods', b'GET, POST, OPTIONS'), (b'Access-Control-Expose-Headers', b'Content-Length,Content-Type,Date,Server,Connection')])
2025-06-21 03:07:49,407 - httpx - INFO - HTTP Request: POST https://api.telegram.org/bot7707158318:AAE8rWa4Q8Z_3avql6K0HAmXaooZAReoNF0/getUpdates "HTTP/1.1 200 OK"
2025-06-21 03:07:49,407 - httpcore.http11 - DEBUG - receive_response_body.started request=<Request [b'POST']>
2025-06-21 03:07:49,409 - httpcore.http11 - DEBUG - receive_response_body.complete
2025-06-21 03:07:49,409 - httpcore.http11 - DEBUG - response_closed.started
2025-06-21 03:07:49,410 - httpcore.http11 - DEBUG - response_closed.complete
2025-06-21 03:07:49,410 - telegram.ext.ExtBot - DEBUG - No new updates found.
2025-06-21 03:07:49,414 - telegram.ext.ExtBot - DEBUG - ()
2025-06-21 03:07:49,414 - telegram.ext.ExtBot - DEBUG - Exiting: get_updates
2025-06-21 03:07:49,414 - telegram.ext.ExtBot - DEBUG - Entering: get_updates
2025-06-21 03:07:49,417 - httpcore.http11 - DEBUG - send_request_headers.started request=<Request [b'POST']>
2025-06-21 03:07:49,418 - httpcore.http11 - DEBUG - send_request_headers.complete
2025-06-21 03:07:49,419 - httpcore.http11 - DEBUG - send_request_body.started request=<Request [b'POST']>
2025-06-21 03:07:49,422 - httpcore.http11 - DEBUG - send_request_body.complete
2025-06-21 03:07:49,423 - httpcore.http11 - DEBUG - receive_response_headers.started request=<Request [b'POST']>
2025-06-21 03:07:59,588 - httpcore.http11 - DEBUG - receive_response_headers.complete return_value=(b'HTTP/1.1', 200, b'OK', [(b'Server', b'nginx/1.18.0'), (b'Date', b'Sat, 21 Jun 2025 02:07:59 GMT'), (b'Content-Type', b'application/json'), (b'Content-Length', b'23'), (b'Connection', b'keep-alive'), (b'Strict-Transport-Security', b'max-age=31536000; includeSubDomains; preload'), (b'Access-Control-Allow-Origin', b'*'), (b'Access-Control-Allow-Methods', b'GET, POST, OPTIONS'), (b'Access-Control-Expose-Headers', b'Content-Length,Content-Type,Date,Server,Connection')])
2025-06-21 03:07:59,591 - httpx - INFO - HTTP Request: POST https://api.telegram.org/bot7707158318:AAE8rWa4Q8Z_3avql6K0HAmXaooZAReoNF0/getUpdates "HTTP/1.1 200 OK"
2025-06-21 03:07:59,592 - httpcore.http11 - DEBUG - receive_response_body.started request=<Request [b'POST']>
2025-06-21 03:07:59,593 - httpcore.http11 - DEBUG - receive_response_body.complete
2025-06-21 03:07:59,593 - httpcore.http11 - DEBUG - response_closed.started
2025-06-21 03:07:59,593 - httpcore.http11 - DEBUG - response_closed.complete
2025-06-21 03:07:59,593 - telegram.ext.ExtBot - DEBUG - No new updates found.
2025-06-21 03:07:59,595 - telegram.ext.ExtBot - DEBUG - ()
2025-06-21 03:07:59,595 - telegram.ext.ExtBot - DEBUG - Exiting: get_updates
2025-06-21 03:07:59,595 - telegram.ext.ExtBot - DEBUG - Entering: get_updates
2025-06-21 03:07:59,597 - httpcore.http11 - DEBUG - send_request_headers.started request=<Request [b'POST']>
2025-06-21 03:07:59,599 - httpcore.http11 - DEBUG - send_request_headers.complete
2025-06-21 03:07:59,599 - httpcore.http11 - DEBUG - send_request_body.started request=<Request [b'POST']>
2025-06-21 03:07:59,600 - httpcore.http11 - DEBUG - send_request_body.complete
2025-06-21 03:07:59,601 - httpcore.http11 - DEBUG - receive_response_headers.started request=<Request [b'POST']>
2025-06-21 03:08:09,678 - httpcore.http11 - DEBUG - receive_response_headers.complete return_value=(b'HTTP/1.1', 200, b'OK', [(b'Server', b'nginx/1.18.0'), (b'Date', b'Sat, 21 Jun 2025 02:08:09 GMT'), (b'Content-Type', b'application/json'), (b'Content-Length', b'23'), (b'Connection', b'keep-alive'), (b'Strict-Transport-Security', b'max-age=31536000; includeSubDomains; preload'), (b'Access-Control-Allow-Origin', b'*'), (b'Access-Control-Allow-Methods', b'GET, POST, OPTIONS'), (b'Access-Control-Expose-Headers', b'Content-Length,Content-Type,Date,Server,Connection')])
2025-06-21 03:08:09,680 - httpx - INFO - HTTP Request: POST https://api.telegram.org/bot7707158318:AAE8rWa4Q8Z_3avql6K0HAmXaooZAReoNF0/getUpdates "HTTP/1.1 200 OK"
2025-06-21 03:08:09,686 - httpcore.http11 - DEBUG - receive_response_body.started request=<Request [b'POST']>
2025-06-21 03:08:09,688 - httpcore.http11 - DEBUG - receive_response_body.complete
2025-06-21 03:08:09,688 - httpcore.http11 - DEBUG - response_closed.started
2025-06-21 03:08:09,688 - httpcore.http11 - DEBUG - response_closed.complete
2025-06-21 03:08:09,690 - telegram.ext.ExtBot - DEBUG - No new updates found.
2025-06-21 03:08:09,690 - telegram.ext.ExtBot - DEBUG - ()
2025-06-21 03:08:09,690 - telegram.ext.ExtBot - DEBUG - Exiting: get_updates
2025-06-21 03:08:09,690 - telegram.ext.ExtBot - DEBUG - Entering: get_updates
2025-06-21 03:08:09,692 - httpcore.http11 - DEBUG - send_request_headers.started request=<Request [b'POST']>
2025-06-21 03:08:09,695 - httpcore.http11 - DEBUG - send_request_headers.complete
2025-06-21 03:08:09,696 - httpcore.http11 - DEBUG - send_request_body.started request=<Request [b'POST']>
2025-06-21 03:08:09,696 - httpcore.http11 - DEBUG - send_request_body.complete
2025-06-21 03:08:09,696 - httpcore.http11 - DEBUG - receive_response_headers.started request=<Request [b'POST']>
2025-06-21 03:08:19,866 - httpcore.http11 - DEBUG - receive_response_headers.complete return_value=(b'HTTP/1.1', 200, b'OK', [(b'Server', b'nginx/1.18.0'), (b'Date', b'Sat, 21 Jun 2025 02:08:19 GMT'), (b'Content-Type', b'application/json'), (b'Content-Length', b'23'), (b'Connection', b'keep-alive'), (b'Strict-Transport-Security', b'max-age=31536000; includeSubDomains; preload'), (b'Access-Control-Allow-Origin', b'*'), (b'Access-Control-Allow-Methods', b'GET, POST, OPTIONS'), (b'Access-Control-Expose-Headers', b'Content-Length,Content-Type,Date,Server,Connection')])
2025-06-21 03:08:19,868 - httpx - INFO - HTTP Request: POST https://api.telegram.org/bot7707158318:AAE8rWa4Q8Z_3avql6K0HAmXaooZAReoNF0/getUpdates "HTTP/1.1 200 OK"
2025-06-21 03:08:19,870 - httpcore.http11 - DEBUG - receive_response_body.started request=<Request [b'POST']>
2025-06-21 03:08:19,872 - httpcore.http11 - DEBUG - receive_response_body.complete
2025-06-21 03:08:19,872 - httpcore.http11 - DEBUG - response_closed.started
2025-06-21 03:08:19,872 - httpcore.http11 - DEBUG - response_closed.complete
2025-06-21 03:08:19,872 - telegram.ext.ExtBot - DEBUG - No new updates found.
2025-06-21 03:08:19,872 - telegram.ext.ExtBot - DEBUG - ()
2025-06-21 03:08:19,872 - telegram.ext.ExtBot - DEBUG - Exiting: get_updates
2025-06-21 03:08:19,872 - telegram.ext.ExtBot - DEBUG - Entering: get_updates
2025-06-21 03:08:19,872 - httpcore.http11 - DEBUG - send_request_headers.started request=<Request [b'POST']>
2025-06-21 03:08:19,872 - httpcore.http11 - DEBUG - send_request_headers.complete
2025-06-21 03:08:19,872 - httpcore.http11 - DEBUG - send_request_body.started request=<Request [b'POST']>
2025-06-21 03:08:19,872 - httpcore.http11 - DEBUG - send_request_body.complete
2025-06-21 03:08:19,872 - httpcore.http11 - DEBUG - receive_response_headers.started request=<Request [b'POST']>
2025-06-21 03:08:30,002 - httpcore.http11 - DEBUG - receive_response_headers.complete return_value=(b'HTTP/1.1', 200, b'OK', [(b'Server', b'nginx/1.18.0'), (b'Date', b'Sat, 21 Jun 2025 02:08:29 GMT'), (b'Content-Type', b'application/json'), (b'Content-Length', b'23'), (b'Connection', b'keep-alive'), (b'Strict-Transport-Security', b'max-age=31536000; includeSubDomains; preload'), (b'Access-Control-Allow-Origin', b'*'), (b'Access-Control-Allow-Methods', b'GET, POST, OPTIONS'), (b'Access-Control-Expose-Headers', b'Content-Length,Content-Type,Date,Server,Connection')])
2025-06-21 03:08:30,002 - httpx - INFO - HTTP Request: POST https://api.telegram.org/bot7707158318:AAE8rWa4Q8Z_3avql6K0HAmXaooZAReoNF0/getUpdates "HTTP/1.1 200 OK"
2025-06-21 03:08:30,002 - httpcore.http11 - DEBUG - receive_response_body.started request=<Request [b'POST']>
2025-06-21 03:08:30,002 - httpcore.http11 - DEBUG - receive_response_body.complete
2025-06-21 03:08:30,002 - httpcore.http11 - DEBUG - response_closed.started
2025-06-21 03:08:30,002 - httpcore.http11 - DEBUG - response_closed.complete
2025-06-21 03:08:30,002 - telegram.ext.ExtBot - DEBUG - No new updates found.
2025-06-21 03:08:30,002 - telegram.ext.ExtBot - DEBUG - ()
2025-06-21 03:08:30,002 - telegram.ext.ExtBot - DEBUG - Exiting: get_updates
2025-06-21 03:08:30,002 - telegram.ext.ExtBot - DEBUG - Entering: get_updates
2025-06-21 03:08:30,002 - httpcore.http11 - DEBUG - send_request_headers.started request=<Request [b'POST']>
2025-06-21 03:08:30,002 - httpcore.http11 - DEBUG - send_request_headers.complete
2025-06-21 03:08:30,002 - httpcore.http11 - DEBUG - send_request_body.started request=<Request [b'POST']>
2025-06-21 03:08:30,015 - httpcore.http11 - DEBUG - send_request_body.complete
2025-06-21 03:08:30,015 - httpcore.http11 - DEBUG - receive_response_headers.started request=<Request [b'POST']>
2025-06-21 03:08:40,153 - httpcore.http11 - DEBUG - receive_response_headers.complete return_value=(b'HTTP/1.1', 200, b'OK', [(b'Server', b'nginx/1.18.0'), (b'Date', b'Sat, 21 Jun 2025 02:08:39 GMT'), (b'Content-Type', b'application/json'), (b'Content-Length', b'23'), (b'Connection', b'keep-alive'), (b'Strict-Transport-Security', b'max-age=31536000; includeSubDomains; preload'), (b'Access-Control-Allow-Origin', b'*'), (b'Access-Control-Allow-Methods', b'GET, POST, OPTIONS'), (b'Access-Control-Expose-Headers', b'Content-Length,Content-Type,Date,Server,Connection')])
2025-06-21 03:08:40,153 - httpx - INFO - HTTP Request: POST https://api.telegram.org/bot7707158318:AAE8rWa4Q8Z_3avql6K0HAmXaooZAReoNF0/getUpdates "HTTP/1.1 200 OK"
2025-06-21 03:08:40,155 - httpcore.http11 - DEBUG - receive_response_body.started request=<Request [b'POST']>
2025-06-21 03:08:40,155 - httpcore.http11 - DEBUG - receive_response_body.complete
2025-06-21 03:08:40,155 - httpcore.http11 - DEBUG - response_closed.started
2025-06-21 03:08:40,155 - httpcore.http11 - DEBUG - response_closed.complete
2025-06-21 03:08:40,157 - telegram.ext.ExtBot - DEBUG - No new updates found.
2025-06-21 03:08:40,157 - telegram.ext.ExtBot - DEBUG - ()
2025-06-21 03:08:40,157 - telegram.ext.ExtBot - DEBUG - Exiting: get_updates
2025-06-21 03:08:40,157 - telegram.ext.ExtBot - DEBUG - Entering: get_updates
2025-06-21 03:08:40,159 - httpcore.http11 - DEBUG - send_request_headers.started request=<Request [b'POST']>
2025-06-21 03:08:40,161 - httpcore.http11 - DEBUG - send_request_headers.complete
2025-06-21 03:08:40,161 - httpcore.http11 - DEBUG - send_request_body.started request=<Request [b'POST']>
2025-06-21 03:08:40,161 - httpcore.http11 - DEBUG - send_request_body.complete
2025-06-21 03:08:40,161 - httpcore.http11 - DEBUG - receive_response_headers.started request=<Request [b'POST']>
2025-06-21 03:08:50,235 - httpcore.http11 - DEBUG - receive_response_headers.complete return_value=(b'HTTP/1.1', 200, b'OK', [(b'Server', b'nginx/1.18.0'), (b'Date', b'Sat, 21 Jun 2025 02:08:50 GMT'), (b'Content-Type', b'application/json'), (b'Content-Length', b'23'), (b'Connection', b'keep-alive'), (b'Strict-Transport-Security', b'max-age=31536000; includeSubDomains; preload'), (b'Access-Control-Allow-Origin', b'*'), (b'Access-Control-Allow-Methods', b'GET, POST, OPTIONS'), (b'Access-Control-Expose-Headers', b'Content-Length,Content-Type,Date,Server,Connection')])
2025-06-21 03:08:50,235 - httpx - INFO - HTTP Request: POST https://api.telegram.org/bot7707158318:AAE8rWa4Q8Z_3avql6K0HAmXaooZAReoNF0/getUpdates "HTTP/1.1 200 OK"
2025-06-21 03:08:50,237 - httpcore.http11 - DEBUG - receive_response_body.started request=<Request [b'POST']>
2025-06-21 03:08:50,237 - httpcore.http11 - DEBUG - receive_response_body.complete
2025-06-21 03:08:50,237 - httpcore.http11 - DEBUG - response_closed.started
2025-06-21 03:08:50,237 - httpcore.http11 - DEBUG - response_closed.complete
2025-06-21 03:08:50,237 - telegram.ext.ExtBot - DEBUG - No new updates found.
2025-06-21 03:08:50,237 - telegram.ext.ExtBot - DEBUG - ()
2025-06-21 03:08:50,237 - telegram.ext.ExtBot - DEBUG - Exiting: get_updates
2025-06-21 03:08:50,237 - telegram.ext.ExtBot - DEBUG - Entering: get_updates
2025-06-21 03:08:50,241 - httpcore.http11 - DEBUG - send_request_headers.started request=<Request [b'POST']>
2025-06-21 03:08:50,242 - httpcore.http11 - DEBUG - send_request_headers.complete
2025-06-21 03:08:50,242 - httpcore.http11 - DEBUG - send_request_body.started request=<Request [b'POST']>
2025-06-21 03:08:50,243 - httpcore.http11 - DEBUG - send_request_body.complete
2025-06-21 03:08:50,243 - httpcore.http11 - DEBUG - receive_response_headers.started request=<Request [b'POST']>
2025-06-21 03:09:00,423 - httpcore.http11 - DEBUG - receive_response_headers.complete return_value=(b'HTTP/1.1', 200, b'OK', [(b'Server', b'nginx/1.18.0'), (b'Date', b'Sat, 21 Jun 2025 02:09:00 GMT'), (b'Content-Type', b'application/json'), (b'Content-Length', b'23'), (b'Connection', b'keep-alive'), (b'Strict-Transport-Security', b'max-age=31536000; includeSubDomains; preload'), (b'Access-Control-Allow-Origin', b'*'), (b'Access-Control-Allow-Methods', b'GET, POST, OPTIONS'), (b'Access-Control-Expose-Headers', b'Content-Length,Content-Type,Date,Server,Connection')])
2025-06-21 03:09:00,423 - httpx - INFO - HTTP Request: POST https://api.telegram.org/bot7707158318:AAE8rWa4Q8Z_3avql6K0HAmXaooZAReoNF0/getUpdates "HTTP/1.1 200 OK"
2025-06-21 03:09:00,438 - httpcore.http11 - DEBUG - receive_response_body.started request=<Request [b'POST']>
2025-06-21 03:09:00,440 - httpcore.http11 - DEBUG - receive_response_body.complete
2025-06-21 03:09:00,440 - httpcore.http11 - DEBUG - response_closed.started
2025-06-21 03:09:00,442 - httpcore.http11 - DEBUG - response_closed.complete
2025-06-21 03:09:00,443 - telegram.ext.ExtBot - DEBUG - No new updates found.
2025-06-21 03:09:00,443 - telegram.ext.ExtBot - DEBUG - ()
2025-06-21 03:09:00,443 - telegram.ext.ExtBot - DEBUG - Exiting: get_updates
2025-06-21 03:09:00,444 - telegram.ext.ExtBot - DEBUG - Entering: get_updates
2025-06-21 03:09:00,448 - httpcore.http11 - DEBUG - send_request_headers.started request=<Request [b'POST']>
2025-06-21 03:09:00,449 - httpcore.http11 - DEBUG - send_request_headers.complete
2025-06-21 03:09:00,449 - httpcore.http11 - DEBUG - send_request_body.started request=<Request [b'POST']>
2025-06-21 03:09:00,451 - httpcore.http11 - DEBUG - send_request_body.complete
2025-06-21 03:09:00,451 - httpcore.http11 - DEBUG - receive_response_headers.started request=<Request [b'POST']>
2025-06-21 03:09:10,655 - httpcore.http11 - DEBUG - receive_response_headers.complete return_value=(b'HTTP/1.1', 200, b'OK', [(b'Server', b'nginx/1.18.0'), (b'Date', b'Sat, 21 Jun 2025 02:09:10 GMT'), (b'Content-Type', b'application/json'), (b'Content-Length', b'23'), (b'Connection', b'keep-alive'), (b'Strict-Transport-Security', b'max-age=31536000; includeSubDomains; preload'), (b'Access-Control-Allow-Origin', b'*'), (b'Access-Control-Allow-Methods', b'GET, POST, OPTIONS'), (b'Access-Control-Expose-Headers', b'Content-Length,Content-Type,Date,Server,Connection')])
2025-06-21 03:09:10,655 - httpx - INFO - HTTP Request: POST https://api.telegram.org/bot7707158318:AAE8rWa4Q8Z_3avql6K0HAmXaooZAReoNF0/getUpdates "HTTP/1.1 200 OK"
2025-06-21 03:09:10,655 - httpcore.http11 - DEBUG - receive_response_body.started request=<Request [b'POST']>
2025-06-21 03:09:10,659 - httpcore.http11 - DEBUG - receive_response_body.complete
2025-06-21 03:09:10,659 - httpcore.http11 - DEBUG - response_closed.started
2025-06-21 03:09:10,659 - httpcore.http11 - DEBUG - response_closed.complete
2025-06-21 03:09:10,660 - telegram.ext.ExtBot - DEBUG - No new updates found.
2025-06-21 03:09:10,660 - telegram.ext.ExtBot - DEBUG - ()
2025-06-21 03:09:10,660 - telegram.ext.ExtBot - DEBUG - Exiting: get_updates
2025-06-21 03:09:10,660 - telegram.ext.ExtBot - DEBUG - Entering: get_updates
2025-06-21 03:09:10,663 - httpcore.http11 - DEBUG - send_request_headers.started request=<Request [b'POST']>
2025-06-21 03:09:10,664 - httpcore.http11 - DEBUG - send_request_headers.complete
2025-06-21 03:09:10,664 - httpcore.http11 - DEBUG - send_request_body.started request=<Request [b'POST']>
2025-06-21 03:09:10,664 - httpcore.http11 - DEBUG - send_request_body.complete
2025-06-21 03:09:10,664 - httpcore.http11 - DEBUG - receive_response_headers.started request=<Request [b'POST']>
2025-06-21 03:09:20,909 - httpcore.http11 - DEBUG - receive_response_headers.complete return_value=(b'HTTP/1.1', 200, b'OK', [(b'Server', b'nginx/1.18.0'), (b'Date', b'Sat, 21 Jun 2025 02:09:20 GMT'), (b'Content-Type', b'application/json'), (b'Content-Length', b'23'), (b'Connection', b'keep-alive'), (b'Strict-Transport-Security', b'max-age=31536000; includeSubDomains; preload'), (b'Access-Control-Allow-Origin', b'*'), (b'Access-Control-Allow-Methods', b'GET, POST, OPTIONS'), (b'Access-Control-Expose-Headers', b'Content-Length,Content-Type,Date,Server,Connection')])
2025-06-21 03:09:20,909 - httpx - INFO - HTTP Request: POST https://api.telegram.org/bot7707158318:AAE8rWa4Q8Z_3avql6K0HAmXaooZAReoNF0/getUpdates "HTTP/1.1 200 OK"
2025-06-21 03:09:20,919 - httpcore.http11 - DEBUG - receive_response_body.started request=<Request [b'POST']>
2025-06-21 03:09:20,919 - httpcore.http11 - DEBUG - receive_response_body.complete
2025-06-21 03:09:20,920 - httpcore.http11 - DEBUG - response_closed.started
2025-06-21 03:09:20,920 - httpcore.http11 - DEBUG - response_closed.complete
2025-06-21 03:09:20,921 - telegram.ext.ExtBot - DEBUG - No new updates found.
2025-06-21 03:09:20,921 - telegram.ext.ExtBot - DEBUG - ()
2025-06-21 03:09:20,921 - telegram.ext.ExtBot - DEBUG - Exiting: get_updates
2025-06-21 03:09:20,921 - telegram.ext.ExtBot - DEBUG - Entering: get_updates
2025-06-21 03:09:20,923 - httpcore.http11 - DEBUG - send_request_headers.started request=<Request [b'POST']>
2025-06-21 03:09:20,924 - httpcore.http11 - DEBUG - send_request_headers.complete
2025-06-21 03:09:20,924 - httpcore.http11 - DEBUG - send_request_body.started request=<Request [b'POST']>
2025-06-21 03:09:20,924 - httpcore.http11 - DEBUG - send_request_body.complete
2025-06-21 03:09:20,925 - httpcore.http11 - DEBUG - receive_response_headers.started request=<Request [b'POST']>
2025-06-21 03:09:31,135 - httpcore.http11 - DEBUG - receive_response_headers.complete return_value=(b'HTTP/1.1', 200, b'OK', [(b'Server', b'nginx/1.18.0'), (b'Date', b'Sat, 21 Jun 2025 02:09:30 GMT'), (b'Content-Type', b'application/json'), (b'Content-Length', b'23'), (b'Connection', b'keep-alive'), (b'Strict-Transport-Security', b'max-age=31536000; includeSubDomains; preload'), (b'Access-Control-Allow-Origin', b'*'), (b'Access-Control-Allow-Methods', b'GET, POST, OPTIONS'), (b'Access-Control-Expose-Headers', b'Content-Length,Content-Type,Date,Server,Connection')])
2025-06-21 03:09:31,137 - httpx - INFO - HTTP Request: POST https://api.telegram.org/bot7707158318:AAE8rWa4Q8Z_3avql6K0HAmXaooZAReoNF0/getUpdates "HTTP/1.1 200 OK"
2025-06-21 03:09:31,139 - httpcore.http11 - DEBUG - receive_response_body.started request=<Request [b'POST']>
2025-06-21 03:09:31,139 - httpcore.http11 - DEBUG - receive_response_body.complete
2025-06-21 03:09:31,139 - httpcore.http11 - DEBUG - response_closed.started
2025-06-21 03:09:31,139 - httpcore.http11 - DEBUG - response_closed.complete
2025-06-21 03:09:31,141 - telegram.ext.ExtBot - DEBUG - No new updates found.
2025-06-21 03:09:31,141 - telegram.ext.ExtBot - DEBUG - ()
2025-06-21 03:09:31,141 - telegram.ext.ExtBot - DEBUG - Exiting: get_updates
2025-06-21 03:09:31,141 - telegram.ext.ExtBot - DEBUG - Entering: get_updates
2025-06-21 03:09:31,144 - httpcore.http11 - DEBUG - send_request_headers.started request=<Request [b'POST']>
2025-06-21 03:09:31,145 - httpcore.http11 - DEBUG - send_request_headers.complete
2025-06-21 03:09:31,145 - httpcore.http11 - DEBUG - send_request_body.started request=<Request [b'POST']>
2025-06-21 03:09:31,145 - httpcore.http11 - DEBUG - send_request_body.complete
2025-06-21 03:09:31,145 - httpcore.http11 - DEBUG - receive_response_headers.started request=<Request [b'POST']>
2025-06-21 03:09:41,273 - httpcore.http11 - DEBUG - receive_response_headers.complete return_value=(b'HTTP/1.1', 200, b'OK', [(b'Server', b'nginx/1.18.0'), (b'Date', b'Sat, 21 Jun 2025 02:09:41 GMT'), (b'Content-Type', b'application/json'), (b'Content-Length', b'23'), (b'Connection', b'keep-alive'), (b'Strict-Transport-Security', b'max-age=31536000; includeSubDomains; preload'), (b'Access-Control-Allow-Origin', b'*'), (b'Access-Control-Allow-Methods', b'GET, POST, OPTIONS'), (b'Access-Control-Expose-Headers', b'Content-Length,Content-Type,Date,Server,Connection')])
2025-06-21 03:09:41,273 - httpx - INFO - HTTP Request: POST https://api.telegram.org/bot7707158318:AAE8rWa4Q8Z_3avql6K0HAmXaooZAReoNF0/getUpdates "HTTP/1.1 200 OK"
2025-06-21 03:09:41,273 - httpcore.http11 - DEBUG - receive_response_body.started request=<Request [b'POST']>
2025-06-21 03:09:41,273 - httpcore.http11 - DEBUG - receive_response_body.complete
2025-06-21 03:09:41,273 - httpcore.http11 - DEBUG - response_closed.started
2025-06-21 03:09:41,273 - httpcore.http11 - DEBUG - response_closed.complete
2025-06-21 03:09:41,273 - telegram.ext.ExtBot - DEBUG - No new updates found.
2025-06-21 03:09:41,273 - telegram.ext.ExtBot - DEBUG - ()
2025-06-21 03:09:41,273 - telegram.ext.ExtBot - DEBUG - Exiting: get_updates
2025-06-21 03:09:41,278 - telegram.ext.ExtBot - DEBUG - Entering: get_updates
2025-06-21 03:09:41,280 - httpcore.http11 - DEBUG - send_request_headers.started request=<Request [b'POST']>
2025-06-21 03:09:41,282 - httpcore.http11 - DEBUG - send_request_headers.complete
2025-06-21 03:09:41,282 - httpcore.http11 - DEBUG - send_request_body.started request=<Request [b'POST']>
2025-06-21 03:09:41,282 - httpcore.http11 - DEBUG - send_request_body.complete
2025-06-21 03:09:41,284 - httpcore.http11 - DEBUG - receive_response_headers.started request=<Request [b'POST']>
2025-06-21 03:09:51,358 - httpcore.http11 - DEBUG - receive_response_headers.complete return_value=(b'HTTP/1.1', 200, b'OK', [(b'Server', b'nginx/1.18.0'), (b'Date', b'Sat, 21 Jun 2025 02:09:51 GMT'), (b'Content-Type', b'application/json'), (b'Content-Length', b'23'), (b'Connection', b'keep-alive'), (b'Strict-Transport-Security', b'max-age=31536000; includeSubDomains; preload'), (b'Access-Control-Allow-Origin', b'*'), (b'Access-Control-Allow-Methods', b'GET, POST, OPTIONS'), (b'Access-Control-Expose-Headers', b'Content-Length,Content-Type,Date,Server,Connection')])
2025-06-21 03:09:51,359 - httpx - INFO - HTTP Request: POST https://api.telegram.org/bot7707158318:AAE8rWa4Q8Z_3avql6K0HAmXaooZAReoNF0/getUpdates "HTTP/1.1 200 OK"
2025-06-21 03:09:51,366 - httpcore.http11 - DEBUG - receive_response_body.started request=<Request [b'POST']>
2025-06-21 03:09:51,367 - httpcore.http11 - DEBUG - receive_response_body.complete
2025-06-21 03:09:51,367 - httpcore.http11 - DEBUG - response_closed.started
2025-06-21 03:09:51,367 - httpcore.http11 - DEBUG - response_closed.complete
2025-06-21 03:09:51,369 - telegram.ext.ExtBot - DEBUG - No new updates found.
2025-06-21 03:09:51,369 - telegram.ext.ExtBot - DEBUG - ()
2025-06-21 03:09:51,369 - telegram.ext.ExtBot - DEBUG - Exiting: get_updates
2025-06-21 03:09:51,369 - telegram.ext.ExtBot - DEBUG - Entering: get_updates
2025-06-21 03:09:51,372 - httpcore.http11 - DEBUG - send_request_headers.started request=<Request [b'POST']>
2025-06-21 03:09:51,374 - httpcore.http11 - DEBUG - send_request_headers.complete
2025-06-21 03:09:51,374 - httpcore.http11 - DEBUG - send_request_body.started request=<Request [b'POST']>
2025-06-21 03:09:51,375 - httpcore.http11 - DEBUG - send_request_body.complete
2025-06-21 03:09:51,376 - httpcore.http11 - DEBUG - receive_response_headers.started request=<Request [b'POST']>
2025-06-21 03:10:01,650 - httpcore.http11 - DEBUG - receive_response_headers.complete return_value=(b'HTTP/1.1', 200, b'OK', [(b'Server', b'nginx/1.18.0'), (b'Date', b'Sat, 21 Jun 2025 02:10:01 GMT'), (b'Content-Type', b'application/json'), (b'Content-Length', b'23'), (b'Connection', b'keep-alive'), (b'Strict-Transport-Security', b'max-age=31536000; includeSubDomains; preload'), (b'Access-Control-Allow-Origin', b'*'), (b'Access-Control-Allow-Methods', b'GET, POST, OPTIONS'), (b'Access-Control-Expose-Headers', b'Content-Length,Content-Type,Date,Server,Connection')])
2025-06-21 03:10:01,653 - httpx - INFO - HTTP Request: POST https://api.telegram.org/bot7707158318:AAE8rWa4Q8Z_3avql6K0HAmXaooZAReoNF0/getUpdates "HTTP/1.1 200 OK"
2025-06-21 03:10:01,654 - httpcore.http11 - DEBUG - receive_response_body.started request=<Request [b'POST']>
2025-06-21 03:10:01,655 - httpcore.http11 - DEBUG - receive_response_body.complete
2025-06-21 03:10:01,655 - httpcore.http11 - DEBUG - response_closed.started
2025-06-21 03:10:01,656 - httpcore.http11 - DEBUG - response_closed.complete
2025-06-21 03:10:01,656 - telegram.ext.ExtBot - DEBUG - No new updates found.
2025-06-21 03:10:01,657 - telegram.ext.ExtBot - DEBUG - ()
2025-06-21 03:10:01,657 - telegram.ext.ExtBot - DEBUG - Exiting: get_updates
2025-06-21 03:10:01,657 - telegram.ext.ExtBot - DEBUG - Entering: get_updates
2025-06-21 03:10:01,660 - httpcore.http11 - DEBUG - send_request_headers.started request=<Request [b'POST']>
2025-06-21 03:10:01,660 - httpcore.http11 - DEBUG - send_request_headers.complete
2025-06-21 03:10:01,661 - httpcore.http11 - DEBUG - send_request_body.started request=<Request [b'POST']>
2025-06-21 03:10:01,662 - httpcore.http11 - DEBUG - send_request_body.complete
2025-06-21 03:10:01,662 - httpcore.http11 - DEBUG - receive_response_headers.started request=<Request [b'POST']>
