2025-06-19 18:15:56,946 - asyncio - DEBUG - Using proactor: IocpProactor
2025-06-19 18:15:56,956 - httpx - DEBUG - load_ssl_context verify=True cert=None trust_env=True http2=False
2025-06-19 18:15:56,956 - httpx - DEBUG - load_verify_locations cafile='c:\\Users\\Rachid Aitali\\OneDrive - 4JM Solutions Limited\\Desktop\\SniperX\\SniperX\\.venv\\lib\\site-packages\\certifi\\cacert.pem'
2025-06-19 18:15:56,976 - httpx - DEBUG - load_ssl_context verify=True cert=None trust_env=True http2=False
2025-06-19 18:15:56,977 - httpx - DEBUG - load_verify_locations cafile='c:\\Users\\Rachid Aitali\\OneDrive - 4JM Solutions Limited\\Desktop\\SniperX\\SniperX\\.venv\\lib\\site-packages\\certifi\\cacert.pem'
2025-06-19 18:15:56,987 - __main__ - INFO - Telegram Manager Bot started. Send /menu to interact.
2025-06-19 18:15:56,996 - telegram.ext.ExtBot - DEBUG - Entering: send_message
2025-06-19 18:15:57,015 - httpcore.connection - DEBUG - connect_tcp.started host='api.telegram.org' port=443 local_address=None timeout=5.0 socket_options=None
2025-06-19 18:15:57,155 - httpcore.connection - DEBUG - connect_tcp.complete return_value=<httpcore._backends.anyio.AnyIOStream object at 0x000002B02570ACB0>
2025-06-19 18:15:57,155 - httpcore.connection - DEBUG - start_tls.started ssl_context=<ssl.SSLContext object at 0x000002B025669B40> server_hostname='api.telegram.org' timeout=5.0
2025-06-19 18:15:57,250 - httpcore.connection - DEBUG - start_tls.complete return_value=<httpcore._backends.anyio.AnyIOStream object at 0x000002B02570AA10>
2025-06-19 18:15:57,251 - httpcore.http11 - DEBUG - send_request_headers.started request=<Request [b'POST']>
2025-06-19 18:15:57,251 - httpcore.http11 - DEBUG - send_request_headers.complete
2025-06-19 18:15:57,251 - httpcore.http11 - DEBUG - send_request_body.started request=<Request [b'POST']>
2025-06-19 18:15:57,254 - httpcore.http11 - DEBUG - send_request_body.complete
2025-06-19 18:15:57,254 - httpcore.http11 - DEBUG - receive_response_headers.started request=<Request [b'POST']>
2025-06-19 18:15:57,367 - httpcore.http11 - DEBUG - receive_response_headers.complete return_value=(b'HTTP/1.1', 200, b'OK', [(b'Server', b'nginx/1.18.0'), (b'Date', b'Thu, 19 Jun 2025 17:15:58 GMT'), (b'Content-Type', b'application/json'), (b'Content-Length', b'351'), (b'Connection', b'keep-alive'), (b'Strict-Transport-Security', b'max-age=31536000; includeSubDomains; preload'), (b'Access-Control-Allow-Origin', b'*'), (b'Access-Control-Allow-Methods', b'GET, POST, OPTIONS'), (b'Access-Control-Expose-Headers', b'Content-Length,Content-Type,Date,Server,Connection')])
2025-06-19 18:15:57,371 - httpx - INFO - HTTP Request: POST https://api.telegram.org/bot7707158318:AAE8rWa4Q8Z_3avql6K0HAmXaooZAReoNF0/sendMessage "HTTP/1.1 200 OK"
2025-06-19 18:15:57,372 - httpcore.http11 - DEBUG - receive_response_body.started request=<Request [b'POST']>
2025-06-19 18:15:57,372 - httpcore.http11 - DEBUG - receive_response_body.complete
2025-06-19 18:15:57,374 - httpcore.http11 - DEBUG - response_closed.started
2025-06-19 18:15:57,376 - httpcore.http11 - DEBUG - response_closed.complete
2025-06-19 18:15:57,381 - telegram.ext.ExtBot - DEBUG - Message(channel_chat_created=False, chat=Chat(first_name='Ghost', id=7049055170, last_name='Number1', type=<ChatType.PRIVATE>), date=datetime.datetime(2025, 6, 19, 17, 15, 58, tzinfo=<UTC>), delete_chat_photo=False, entities=(MessageEntity(length=5, offset=36, type=<MessageEntityType.BOT_COMMAND>),), from_user=User(first_name='SPRD', id=7707158318, is_bot=True, username='tizi91Bot'), group_chat_created=False, message_id=5636, supergroup_chat_created=False, text='SniperX Control Bot is online! Send /menu to see options.')
2025-06-19 18:15:57,383 - telegram.ext.ExtBot - DEBUG - Exiting: send_message
2025-06-19 18:15:57,385 - telegram.ext.ExtBot - DEBUG - Entering: get_me
2025-06-19 18:15:57,386 - httpcore.http11 - DEBUG - send_request_headers.started request=<Request [b'POST']>
2025-06-19 18:15:57,389 - httpcore.http11 - DEBUG - send_request_headers.complete
2025-06-19 18:15:57,389 - httpcore.http11 - DEBUG - send_request_body.started request=<Request [b'POST']>
2025-06-19 18:15:57,390 - httpcore.http11 - DEBUG - send_request_body.complete
2025-06-19 18:15:57,390 - httpcore.http11 - DEBUG - receive_response_headers.started request=<Request [b'POST']>
2025-06-19 18:15:57,509 - httpcore.http11 - DEBUG - receive_response_headers.complete return_value=(b'HTTP/1.1', 200, b'OK', [(b'Server', b'nginx/1.18.0'), (b'Date', b'Thu, 19 Jun 2025 17:15:58 GMT'), (b'Content-Type', b'application/json'), (b'Content-Length', b'243'), (b'Connection', b'keep-alive'), (b'Strict-Transport-Security', b'max-age=31536000; includeSubDomains; preload'), (b'Access-Control-Allow-Origin', b'*'), (b'Access-Control-Allow-Methods', b'GET, POST, OPTIONS'), (b'Access-Control-Expose-Headers', b'Content-Length,Content-Type,Date,Server,Connection')])
2025-06-19 18:15:57,511 - httpx - INFO - HTTP Request: POST https://api.telegram.org/bot7707158318:AAE8rWa4Q8Z_3avql6K0HAmXaooZAReoNF0/getMe "HTTP/1.1 200 OK"
2025-06-19 18:15:57,511 - httpcore.http11 - DEBUG - receive_response_body.started request=<Request [b'POST']>
2025-06-19 18:15:57,511 - httpcore.http11 - DEBUG - receive_response_body.complete
2025-06-19 18:15:57,514 - httpcore.http11 - DEBUG - response_closed.started
2025-06-19 18:15:57,514 - httpcore.http11 - DEBUG - response_closed.complete
2025-06-19 18:15:57,516 - telegram.ext.ExtBot - DEBUG - User(api_kwargs={'can_connect_to_business': False, 'has_main_web_app': False}, can_join_groups=True, can_read_all_group_messages=False, first_name='SPRD', id=7707158318, is_bot=True, supports_inline_queries=False, username='tizi91Bot')
2025-06-19 18:15:57,517 - telegram.ext.ExtBot - DEBUG - Exiting: get_me
2025-06-19 18:15:57,517 - telegram.ext.ExtBot - DEBUG - This Bot is already initialized.
2025-06-19 18:15:57,517 - telegram.ext.Updater - DEBUG - Updater started (polling)
2025-06-19 18:15:57,517 - telegram.ext.Updater - DEBUG - Start network loop retry bootstrap del webhook
2025-06-19 18:15:57,517 - telegram.ext.Updater - DEBUG - Deleting webhook
2025-06-19 18:15:57,517 - telegram.ext.ExtBot - DEBUG - Entering: delete_webhook
2025-06-19 18:15:57,519 - httpcore.http11 - DEBUG - send_request_headers.started request=<Request [b'POST']>
2025-06-19 18:15:57,519 - httpcore.http11 - DEBUG - send_request_headers.complete
2025-06-19 18:15:57,521 - httpcore.http11 - DEBUG - send_request_body.started request=<Request [b'POST']>
2025-06-19 18:15:57,521 - httpcore.http11 - DEBUG - send_request_body.complete
2025-06-19 18:15:57,521 - httpcore.http11 - DEBUG - receive_response_headers.started request=<Request [b'POST']>
2025-06-19 18:15:57,604 - httpcore.http11 - DEBUG - receive_response_headers.complete return_value=(b'HTTP/1.1', 200, b'OK', [(b'Server', b'nginx/1.18.0'), (b'Date', b'Thu, 19 Jun 2025 17:15:58 GMT'), (b'Content-Type', b'application/json'), (b'Content-Length', b'68'), (b'Connection', b'keep-alive'), (b'Strict-Transport-Security', b'max-age=31536000; includeSubDomains; preload'), (b'Access-Control-Allow-Origin', b'*'), (b'Access-Control-Allow-Methods', b'GET, POST, OPTIONS'), (b'Access-Control-Expose-Headers', b'Content-Length,Content-Type,Date,Server,Connection')])
2025-06-19 18:15:57,606 - httpx - INFO - HTTP Request: POST https://api.telegram.org/bot7707158318:AAE8rWa4Q8Z_3avql6K0HAmXaooZAReoNF0/deleteWebhook "HTTP/1.1 200 OK"
2025-06-19 18:15:57,606 - httpcore.http11 - DEBUG - receive_response_body.started request=<Request [b'POST']>
2025-06-19 18:15:57,609 - httpcore.http11 - DEBUG - receive_response_body.complete
2025-06-19 18:15:57,609 - httpcore.http11 - DEBUG - response_closed.started
2025-06-19 18:15:57,611 - httpcore.http11 - DEBUG - response_closed.complete
2025-06-19 18:15:57,611 - telegram.ext.ExtBot - DEBUG - True
2025-06-19 18:15:57,611 - telegram.ext.ExtBot - DEBUG - Exiting: delete_webhook
2025-06-19 18:15:57,613 - telegram.ext.Updater - DEBUG - Bootstrap done
2025-06-19 18:15:57,613 - telegram.ext.Updater - DEBUG - Waiting for polling to start
2025-06-19 18:15:57,613 - telegram.ext.Updater - DEBUG - Polling updates from Telegram started
2025-06-19 18:15:57,613 - telegram.ext.Updater - DEBUG - Start network loop retry getting Updates
2025-06-19 18:15:57,613 - telegram.ext.ExtBot - DEBUG - Entering: get_updates
2025-06-19 18:15:57,618 - telegram.ext.Application - INFO - Application started
2025-06-19 18:15:57,622 - httpcore.connection - DEBUG - connect_tcp.started host='api.telegram.org' port=443 local_address=None timeout=5.0 socket_options=None
2025-06-19 18:15:57,708 - httpcore.connection - DEBUG - connect_tcp.complete return_value=<httpcore._backends.anyio.AnyIOStream object at 0x000002B02672AA10>
2025-06-19 18:15:57,708 - httpcore.connection - DEBUG - start_tls.started ssl_context=<ssl.SSLContext object at 0x000002B025669C40> server_hostname='api.telegram.org' timeout=5.0
2025-06-19 18:15:57,822 - httpcore.connection - DEBUG - start_tls.complete return_value=<httpcore._backends.anyio.AnyIOStream object at 0x000002B02672A8C0>
2025-06-19 18:15:57,823 - httpcore.http11 - DEBUG - send_request_headers.started request=<Request [b'POST']>
2025-06-19 18:15:57,825 - httpcore.http11 - DEBUG - send_request_headers.complete
2025-06-19 18:15:57,825 - httpcore.http11 - DEBUG - send_request_body.started request=<Request [b'POST']>
2025-06-19 18:15:57,825 - httpcore.http11 - DEBUG - send_request_body.complete
2025-06-19 18:15:57,825 - httpcore.http11 - DEBUG - receive_response_headers.started request=<Request [b'POST']>
2025-06-19 18:16:01,916 - httpcore.http11 - DEBUG - receive_response_headers.complete return_value=(b'HTTP/1.1', 200, b'OK', [(b'Server', b'nginx/1.18.0'), (b'Date', b'Thu, 19 Jun 2025 17:16:03 GMT'), (b'Content-Type', b'application/json'), (b'Content-Length', b'356'), (b'Connection', b'keep-alive'), (b'Strict-Transport-Security', b'max-age=31536000; includeSubDomains; preload'), (b'Access-Control-Allow-Origin', b'*'), (b'Access-Control-Allow-Methods', b'GET, POST, OPTIONS'), (b'Access-Control-Expose-Headers', b'Content-Length,Content-Type,Date,Server,Connection')])
2025-06-19 18:16:01,917 - httpx - INFO - HTTP Request: POST https://api.telegram.org/bot7707158318:AAE8rWa4Q8Z_3avql6K0HAmXaooZAReoNF0/getUpdates "HTTP/1.1 200 OK"
2025-06-19 18:16:01,918 - httpcore.http11 - DEBUG - receive_response_body.started request=<Request [b'POST']>
2025-06-19 18:16:01,918 - httpcore.http11 - DEBUG - receive_response_body.complete
2025-06-19 18:16:01,919 - httpcore.http11 - DEBUG - response_closed.started
2025-06-19 18:16:01,919 - httpcore.http11 - DEBUG - response_closed.complete
2025-06-19 18:16:01,920 - telegram.ext.ExtBot - DEBUG - Getting updates: [37529841]
2025-06-19 18:16:01,921 - telegram.ext.ExtBot - DEBUG - (Update(message=Message(channel_chat_created=False, chat=Chat(first_name='Ghost', id=7049055170, last_name='Number1', type=<ChatType.PRIVATE>), date=datetime.datetime(2025, 6, 19, 17, 16, 2, tzinfo=<UTC>), delete_chat_photo=False, entities=(MessageEntity(length=5, offset=0, type=<MessageEntityType.BOT_COMMAND>),), from_user=User(first_name='Ghost', id=7049055170, is_bot=False, language_code='en', last_name='Number1'), group_chat_created=False, message_id=5637, supergroup_chat_created=False, text='/menu'), update_id=37529841),)
2025-06-19 18:16:01,921 - telegram.ext.ExtBot - DEBUG - Exiting: get_updates
2025-06-19 18:16:01,922 - telegram.ext.ExtBot - DEBUG - Entering: get_updates
2025-06-19 18:16:01,924 - telegram.ext.Application - DEBUG - Processing update Update(message=Message(channel_chat_created=False, chat=Chat(first_name='Ghost', id=7049055170, last_name='Number1', type=<ChatType.PRIVATE>), date=datetime.datetime(2025, 6, 19, 17, 16, 2, tzinfo=<UTC>), delete_chat_photo=False, entities=(MessageEntity(length=5, offset=0, type=<MessageEntityType.BOT_COMMAND>),), from_user=User(first_name='Ghost', id=7049055170, is_bot=False, language_code='en', last_name='Number1'), group_chat_created=False, message_id=5637, supergroup_chat_created=False, text='/menu'), update_id=37529841)
2025-06-19 18:16:01,927 - telegram.ext.ExtBot - DEBUG - Entering: send_message
2025-06-19 18:16:01,932 - httpcore.http11 - DEBUG - send_request_headers.started request=<Request [b'POST']>
2025-06-19 18:16:01,934 - httpcore.http11 - DEBUG - send_request_headers.started request=<Request [b'POST']>
2025-06-19 18:16:01,935 - httpcore.http11 - DEBUG - send_request_headers.complete
2025-06-19 18:16:01,935 - httpcore.http11 - DEBUG - send_request_body.started request=<Request [b'POST']>
2025-06-19 18:16:01,936 - httpcore.http11 - DEBUG - send_request_headers.complete
2025-06-19 18:16:01,937 - httpcore.http11 - DEBUG - send_request_body.started request=<Request [b'POST']>
2025-06-19 18:16:01,938 - httpcore.http11 - DEBUG - send_request_body.complete
2025-06-19 18:16:01,938 - httpcore.http11 - DEBUG - receive_response_headers.started request=<Request [b'POST']>
2025-06-19 18:16:01,939 - httpcore.http11 - DEBUG - send_request_body.complete
2025-06-19 18:16:01,940 - httpcore.http11 - DEBUG - receive_response_headers.started request=<Request [b'POST']>
2025-06-19 18:16:02,054 - httpcore.http11 - DEBUG - receive_response_headers.complete return_value=(b'HTTP/1.1', 200, b'OK', [(b'Server', b'nginx/1.18.0'), (b'Date', b'Thu, 19 Jun 2025 17:16:03 GMT'), (b'Content-Type', b'application/json'), (b'Content-Length', b'569'), (b'Connection', b'keep-alive'), (b'Strict-Transport-Security', b'max-age=31536000; includeSubDomains; preload'), (b'Access-Control-Allow-Origin', b'*'), (b'Access-Control-Allow-Methods', b'GET, POST, OPTIONS'), (b'Access-Control-Expose-Headers', b'Content-Length,Content-Type,Date,Server,Connection')])
2025-06-19 18:16:02,055 - httpx - INFO - HTTP Request: POST https://api.telegram.org/bot7707158318:AAE8rWa4Q8Z_3avql6K0HAmXaooZAReoNF0/sendMessage "HTTP/1.1 200 OK"
2025-06-19 18:16:02,055 - httpcore.http11 - DEBUG - receive_response_body.started request=<Request [b'POST']>
2025-06-19 18:16:02,056 - httpcore.http11 - DEBUG - receive_response_body.complete
2025-06-19 18:16:02,056 - httpcore.http11 - DEBUG - response_closed.started
2025-06-19 18:16:02,057 - httpcore.http11 - DEBUG - response_closed.complete
2025-06-19 18:16:02,060 - telegram.ext.ExtBot - DEBUG - Message(channel_chat_created=False, chat=Chat(first_name='Ghost', id=7049055170, last_name='Number1', type=<ChatType.PRIVATE>), date=datetime.datetime(2025, 6, 19, 17, 16, 3, tzinfo=<UTC>), delete_chat_photo=False, from_user=User(first_name='SPRD', id=7707158318, is_bot=True, username='tizi91Bot'), group_chat_created=False, message_id=5638, reply_markup=InlineKeyboardMarkup(inline_keyboard=((InlineKeyboardButton(callback_data='start_sniperx', text='🚀 Start SniperX'),), (InlineKeyboardButton(callback_data='stop_sniperx', text='🛑 Stop SniperX'), InlineKeyboardButton(callback_data='status_sniperx', text='📊 Status')), (InlineKeyboardButton(callback_data='show_balance', text='💰 Balance'),))), supergroup_chat_created=False, text='SniperX Bot Control Panel:')
2025-06-19 18:16:02,062 - telegram.ext.ExtBot - DEBUG - Exiting: send_message
2025-06-19 18:16:04,771 - httpcore.http11 - DEBUG - receive_response_headers.complete return_value=(b'HTTP/1.1', 200, b'OK', [(b'Server', b'nginx/1.18.0'), (b'Date', b'Thu, 19 Jun 2025 17:16:05 GMT'), (b'Content-Type', b'application/json'), (b'Content-Length', b'817'), (b'Connection', b'keep-alive'), (b'Strict-Transport-Security', b'max-age=31536000; includeSubDomains; preload'), (b'Access-Control-Allow-Origin', b'*'), (b'Access-Control-Allow-Methods', b'GET, POST, OPTIONS'), (b'Access-Control-Expose-Headers', b'Content-Length,Content-Type,Date,Server,Connection')])
2025-06-19 18:16:04,772 - httpx - INFO - HTTP Request: POST https://api.telegram.org/bot7707158318:AAE8rWa4Q8Z_3avql6K0HAmXaooZAReoNF0/getUpdates "HTTP/1.1 200 OK"
2025-06-19 18:16:04,775 - httpcore.http11 - DEBUG - receive_response_body.started request=<Request [b'POST']>
2025-06-19 18:16:04,775 - httpcore.http11 - DEBUG - receive_response_body.complete
2025-06-19 18:16:04,776 - httpcore.http11 - DEBUG - response_closed.started
2025-06-19 18:16:04,777 - httpcore.http11 - DEBUG - response_closed.complete
2025-06-19 18:16:04,778 - telegram.ext.ExtBot - DEBUG - Getting updates: [37529842]
2025-06-19 18:16:04,781 - telegram.ext.ExtBot - DEBUG - (Update(callback_query=CallbackQuery(chat_instance='-1307310250263184334', data='start_sniperx', from_user=User(first_name='Ghost', id=7049055170, is_bot=False, language_code='en', last_name='Number1'), id='2605345315988507702', message=Message(channel_chat_created=False, chat=Chat(first_name='Ghost', id=7049055170, last_name='Number1', type=<ChatType.PRIVATE>), date=datetime.datetime(2025, 6, 19, 17, 16, 3, tzinfo=<UTC>), delete_chat_photo=False, from_user=User(first_name='SPRD', id=7707158318, is_bot=True, username='tizi91Bot'), group_chat_created=False, message_id=5638, reply_markup=InlineKeyboardMarkup(inline_keyboard=((InlineKeyboardButton(callback_data='start_sniperx', text='🚀 Start SniperX'),), (InlineKeyboardButton(callback_data='stop_sniperx', text='🛑 Stop SniperX'), InlineKeyboardButton(callback_data='status_sniperx', text='📊 Status')), (InlineKeyboardButton(callback_data='show_balance', text='💰 Balance'),))), supergroup_chat_created=False, text='SniperX Bot Control Panel:')), update_id=37529842),)
2025-06-19 18:16:04,784 - telegram.ext.ExtBot - DEBUG - Exiting: get_updates
2025-06-19 18:16:04,784 - telegram.ext.ExtBot - DEBUG - Entering: get_updates
2025-06-19 18:16:04,787 - telegram.ext.Application - DEBUG - Processing update Update(callback_query=CallbackQuery(chat_instance='-1307310250263184334', data='start_sniperx', from_user=User(first_name='Ghost', id=7049055170, is_bot=False, language_code='en', last_name='Number1'), id='2605345315988507702', message=Message(channel_chat_created=False, chat=Chat(first_name='Ghost', id=7049055170, last_name='Number1', type=<ChatType.PRIVATE>), date=datetime.datetime(2025, 6, 19, 17, 16, 3, tzinfo=<UTC>), delete_chat_photo=False, from_user=User(first_name='SPRD', id=7707158318, is_bot=True, username='tizi91Bot'), group_chat_created=False, message_id=5638, reply_markup=InlineKeyboardMarkup(inline_keyboard=((InlineKeyboardButton(callback_data='start_sniperx', text='🚀 Start SniperX'),), (InlineKeyboardButton(callback_data='stop_sniperx', text='🛑 Stop SniperX'), InlineKeyboardButton(callback_data='status_sniperx', text='📊 Status')), (InlineKeyboardButton(callback_data='show_balance', text='💰 Balance'),))), supergroup_chat_created=False, text='SniperX Bot Control Panel:')), update_id=37529842)
2025-06-19 18:16:04,792 - __main__ - INFO - Button callback received: Update(callback_query=CallbackQuery(chat_instance='-1307310250263184334', data='start_sniperx', from_user=User(first_name='Ghost', id=7049055170, is_bot=False, language_code='en', last_name='Number1'), id='2605345315988507702', message=Message(channel_chat_created=False, chat=Chat(first_name='Ghost', id=7049055170, last_name='Number1', type=<ChatType.PRIVATE>), date=datetime.datetime(2025, 6, 19, 17, 16, 3, tzinfo=<UTC>), delete_chat_photo=False, from_user=User(first_name='SPRD', id=7707158318, is_bot=True, username='tizi91Bot'), group_chat_created=False, message_id=5638, reply_markup=InlineKeyboardMarkup(inline_keyboard=((InlineKeyboardButton(callback_data='start_sniperx', text='🚀 Start SniperX'),), (InlineKeyboardButton(callback_data='stop_sniperx', text='🛑 Stop SniperX'), InlineKeyboardButton(callback_data='status_sniperx', text='📊 Status')), (InlineKeyboardButton(callback_data='show_balance', text='💰 Balance'),))), supergroup_chat_created=False, text='SniperX Bot Control Panel:')), update_id=37529842)
2025-06-19 18:16:04,797 - telegram.ext.ExtBot - DEBUG - Entering: answer_callback_query
2025-06-19 18:16:04,811 - httpcore.http11 - DEBUG - send_request_headers.started request=<Request [b'POST']>
2025-06-19 18:16:04,813 - httpcore.http11 - DEBUG - send_request_headers.started request=<Request [b'POST']>
2025-06-19 18:16:04,815 - httpcore.http11 - DEBUG - send_request_headers.complete
2025-06-19 18:16:04,815 - httpcore.http11 - DEBUG - send_request_body.started request=<Request [b'POST']>
2025-06-19 18:16:04,816 - httpcore.http11 - DEBUG - send_request_headers.complete
2025-06-19 18:16:04,817 - httpcore.http11 - DEBUG - send_request_body.started request=<Request [b'POST']>
2025-06-19 18:16:04,820 - httpcore.http11 - DEBUG - send_request_body.complete
2025-06-19 18:16:04,820 - httpcore.http11 - DEBUG - receive_response_headers.started request=<Request [b'POST']>
2025-06-19 18:16:04,822 - httpcore.http11 - DEBUG - send_request_body.complete
2025-06-19 18:16:04,824 - httpcore.http11 - DEBUG - receive_response_headers.started request=<Request [b'POST']>
2025-06-19 18:16:04,903 - httpcore.http11 - DEBUG - receive_response_headers.complete return_value=(b'HTTP/1.1', 200, b'OK', [(b'Server', b'nginx/1.18.0'), (b'Date', b'Thu, 19 Jun 2025 17:16:06 GMT'), (b'Content-Type', b'application/json'), (b'Content-Length', b'25'), (b'Connection', b'keep-alive'), (b'Strict-Transport-Security', b'max-age=31536000; includeSubDomains; preload'), (b'Access-Control-Allow-Origin', b'*'), (b'Access-Control-Allow-Methods', b'GET, POST, OPTIONS'), (b'Access-Control-Expose-Headers', b'Content-Length,Content-Type,Date,Server,Connection')])
2025-06-19 18:16:04,906 - httpx - INFO - HTTP Request: POST https://api.telegram.org/bot7707158318:AAE8rWa4Q8Z_3avql6K0HAmXaooZAReoNF0/answerCallbackQuery "HTTP/1.1 200 OK"
2025-06-19 18:16:04,911 - httpcore.http11 - DEBUG - receive_response_body.started request=<Request [b'POST']>
2025-06-19 18:16:04,912 - httpcore.http11 - DEBUG - receive_response_body.complete
2025-06-19 18:16:04,913 - httpcore.http11 - DEBUG - response_closed.started
2025-06-19 18:16:04,914 - httpcore.http11 - DEBUG - response_closed.complete
2025-06-19 18:16:04,916 - telegram.ext.ExtBot - DEBUG - True
2025-06-19 18:16:04,916 - telegram.ext.ExtBot - DEBUG - Exiting: answer_callback_query
2025-06-19 18:16:04,916 - __main__ - INFO - Processing action: start_sniperx
2025-06-19 18:16:04,923 - telegram.ext.ExtBot - DEBUG - Entering: send_message
2025-06-19 18:16:04,929 - httpcore.http11 - DEBUG - send_request_headers.started request=<Request [b'POST']>
2025-06-19 18:16:04,931 - httpcore.http11 - DEBUG - send_request_headers.complete
2025-06-19 18:16:04,932 - httpcore.http11 - DEBUG - send_request_body.started request=<Request [b'POST']>
2025-06-19 18:16:04,933 - httpcore.http11 - DEBUG - send_request_body.complete
2025-06-19 18:16:04,934 - httpcore.http11 - DEBUG - receive_response_headers.started request=<Request [b'POST']>
2025-06-19 18:16:05,041 - httpcore.http11 - DEBUG - receive_response_headers.complete return_value=(b'HTTP/1.1', 200, b'OK', [(b'Server', b'nginx/1.18.0'), (b'Date', b'Thu, 19 Jun 2025 17:16:06 GMT'), (b'Content-Type', b'application/json'), (b'Content-Length', b'261'), (b'Connection', b'keep-alive'), (b'Strict-Transport-Security', b'max-age=31536000; includeSubDomains; preload'), (b'Access-Control-Allow-Origin', b'*'), (b'Access-Control-Allow-Methods', b'GET, POST, OPTIONS'), (b'Access-Control-Expose-Headers', b'Content-Length,Content-Type,Date,Server,Connection')])
2025-06-19 18:16:05,043 - httpx - INFO - HTTP Request: POST https://api.telegram.org/bot7707158318:AAE8rWa4Q8Z_3avql6K0HAmXaooZAReoNF0/sendMessage "HTTP/1.1 200 OK"
2025-06-19 18:16:05,044 - httpcore.http11 - DEBUG - receive_response_body.started request=<Request [b'POST']>
2025-06-19 18:16:05,046 - httpcore.http11 - DEBUG - receive_response_body.complete
2025-06-19 18:16:05,047 - httpcore.http11 - DEBUG - response_closed.started
2025-06-19 18:16:05,048 - httpcore.http11 - DEBUG - response_closed.complete
2025-06-19 18:16:05,050 - telegram.ext.ExtBot - DEBUG - Message(channel_chat_created=False, chat=Chat(first_name='Ghost', id=7049055170, last_name='Number1', type=<ChatType.PRIVATE>), date=datetime.datetime(2025, 6, 19, 17, 16, 6, tzinfo=<UTC>), delete_chat_photo=False, from_user=User(first_name='SPRD', id=7707158318, is_bot=True, username='tizi91Bot'), group_chat_created=False, message_id=5639, supergroup_chat_created=False, text='Starting wallet manager...')
2025-06-19 18:16:05,052 - telegram.ext.ExtBot - DEBUG - Exiting: send_message
2025-06-19 18:16:07,173 - telegram.ext.ExtBot - DEBUG - Entering: send_message
2025-06-19 18:16:07,178 - httpcore.http11 - DEBUG - send_request_headers.started request=<Request [b'POST']>
2025-06-19 18:16:07,180 - httpcore.http11 - DEBUG - send_request_headers.complete
2025-06-19 18:16:07,180 - httpcore.http11 - DEBUG - send_request_body.started request=<Request [b'POST']>
2025-06-19 18:16:07,181 - httpcore.http11 - DEBUG - send_request_body.complete
2025-06-19 18:16:07,182 - httpcore.http11 - DEBUG - receive_response_headers.started request=<Request [b'POST']>
2025-06-19 18:16:07,346 - httpcore.http11 - DEBUG - receive_response_headers.complete return_value=(b'HTTP/1.1', 200, b'OK', [(b'Server', b'nginx/1.18.0'), (b'Date', b'Thu, 19 Jun 2025 17:16:08 GMT'), (b'Content-Type', b'application/json'), (b'Content-Length', b'322'), (b'Connection', b'keep-alive'), (b'Strict-Transport-Security', b'max-age=31536000; includeSubDomains; preload'), (b'Access-Control-Allow-Origin', b'*'), (b'Access-Control-Allow-Methods', b'GET, POST, OPTIONS'), (b'Access-Control-Expose-Headers', b'Content-Length,Content-Type,Date,Server,Connection')])
2025-06-19 18:16:07,348 - httpx - INFO - HTTP Request: POST https://api.telegram.org/bot7707158318:AAE8rWa4Q8Z_3avql6K0HAmXaooZAReoNF0/sendMessage "HTTP/1.1 200 OK"
2025-06-19 18:16:07,349 - httpcore.http11 - DEBUG - receive_response_body.started request=<Request [b'POST']>
2025-06-19 18:16:07,350 - httpcore.http11 - DEBUG - receive_response_body.complete
2025-06-19 18:16:07,350 - httpcore.http11 - DEBUG - response_closed.started
2025-06-19 18:16:07,351 - httpcore.http11 - DEBUG - response_closed.complete
2025-06-19 18:16:07,354 - telegram.ext.ExtBot - DEBUG - Message(channel_chat_created=False, chat=Chat(first_name='Ghost', id=7049055170, last_name='Number1', type=<ChatType.PRIVATE>), date=datetime.datetime(2025, 6, 19, 17, 16, 8, tzinfo=<UTC>), delete_chat_photo=False, entities=(MessageEntity(length=5, offset=8, type=<MessageEntityType.URL>),), from_user=User(first_name='SPRD', id=7707158318, is_bot=True, username='tizi91Bot'), group_chat_created=False, message_id=5640, supergroup_chat_created=False, text='SniperX V2.py started with PID 11288.')
2025-06-19 18:16:07,355 - telegram.ext.ExtBot - DEBUG - Exiting: send_message
2025-06-19 18:16:07,356 - __main__ - INFO - SniperX V2.py started with PID 11288 by user tizi91Bot
2025-06-19 18:16:07,360 - telegram.ext.ExtBot - DEBUG - Entering: edit_message_text
2025-06-19 18:16:07,364 - httpcore.http11 - DEBUG - send_request_headers.started request=<Request [b'POST']>
2025-06-19 18:16:07,366 - httpcore.http11 - DEBUG - send_request_headers.complete
2025-06-19 18:16:07,366 - httpcore.http11 - DEBUG - send_request_body.started request=<Request [b'POST']>
2025-06-19 18:16:07,368 - httpcore.http11 - DEBUG - send_request_body.complete
2025-06-19 18:16:07,368 - httpcore.http11 - DEBUG - receive_response_headers.started request=<Request [b'POST']>
2025-06-19 18:16:07,457 - httpcore.http11 - DEBUG - receive_response_headers.complete return_value=(b'HTTP/1.1', 400, b'Bad Request', [(b'Server', b'nginx/1.18.0'), (b'Date', b'Thu, 19 Jun 2025 17:16:08 GMT'), (b'Content-Type', b'application/json'), (b'Content-Length', b'204'), (b'Connection', b'keep-alive'), (b'Strict-Transport-Security', b'max-age=31536000; includeSubDomains; preload'), (b'Access-Control-Allow-Origin', b'*'), (b'Access-Control-Expose-Headers', b'Content-Length,Content-Type,Date,Server,Connection')])
2025-06-19 18:16:07,462 - httpx - INFO - HTTP Request: POST https://api.telegram.org/bot7707158318:AAE8rWa4Q8Z_3avql6K0HAmXaooZAReoNF0/editMessageText "HTTP/1.1 400 Bad Request"
2025-06-19 18:16:07,463 - httpcore.http11 - DEBUG - receive_response_body.started request=<Request [b'POST']>
2025-06-19 18:16:07,463 - httpcore.http11 - DEBUG - receive_response_body.complete
2025-06-19 18:16:07,463 - httpcore.http11 - DEBUG - response_closed.started
2025-06-19 18:16:07,465 - httpcore.http11 - DEBUG - response_closed.complete
2025-06-19 18:16:07,466 - __main__ - ERROR - Error showing menu: Message is not modified: specified new message content and reply markup are exactly the same as a current content and reply markup of the message
2025-06-19 18:16:07,468 - telegram.ext.ExtBot - DEBUG - Entering: send_message
2025-06-19 18:16:07,473 - httpcore.http11 - DEBUG - send_request_headers.started request=<Request [b'POST']>
2025-06-19 18:16:07,476 - httpcore.http11 - DEBUG - send_request_headers.complete
2025-06-19 18:16:07,477 - httpcore.http11 - DEBUG - send_request_body.started request=<Request [b'POST']>
2025-06-19 18:16:07,478 - httpcore.http11 - DEBUG - send_request_body.complete
2025-06-19 18:16:07,478 - httpcore.http11 - DEBUG - receive_response_headers.started request=<Request [b'POST']>
2025-06-19 18:16:07,568 - httpcore.http11 - DEBUG - receive_response_headers.complete return_value=(b'HTTP/1.1', 200, b'OK', [(b'Server', b'nginx/1.18.0'), (b'Date', b'Thu, 19 Jun 2025 17:16:08 GMT'), (b'Content-Type', b'application/json'), (b'Content-Length', b'569'), (b'Connection', b'keep-alive'), (b'Strict-Transport-Security', b'max-age=31536000; includeSubDomains; preload'), (b'Access-Control-Allow-Origin', b'*'), (b'Access-Control-Allow-Methods', b'GET, POST, OPTIONS'), (b'Access-Control-Expose-Headers', b'Content-Length,Content-Type,Date,Server,Connection')])
2025-06-19 18:16:07,569 - httpx - INFO - HTTP Request: POST https://api.telegram.org/bot7707158318:AAE8rWa4Q8Z_3avql6K0HAmXaooZAReoNF0/sendMessage "HTTP/1.1 200 OK"
2025-06-19 18:16:07,574 - httpcore.http11 - DEBUG - receive_response_body.started request=<Request [b'POST']>
2025-06-19 18:16:07,574 - httpcore.http11 - DEBUG - receive_response_body.complete
2025-06-19 18:16:07,574 - httpcore.http11 - DEBUG - response_closed.started
2025-06-19 18:16:07,575 - httpcore.http11 - DEBUG - response_closed.complete
2025-06-19 18:16:07,577 - telegram.ext.ExtBot - DEBUG - Message(channel_chat_created=False, chat=Chat(first_name='Ghost', id=7049055170, last_name='Number1', type=<ChatType.PRIVATE>), date=datetime.datetime(2025, 6, 19, 17, 16, 8, tzinfo=<UTC>), delete_chat_photo=False, from_user=User(first_name='SPRD', id=7707158318, is_bot=True, username='tizi91Bot'), group_chat_created=False, message_id=5641, reply_markup=InlineKeyboardMarkup(inline_keyboard=((InlineKeyboardButton(callback_data='start_sniperx', text='🚀 Start SniperX'),), (InlineKeyboardButton(callback_data='stop_sniperx', text='🛑 Stop SniperX'), InlineKeyboardButton(callback_data='status_sniperx', text='📊 Status')), (InlineKeyboardButton(callback_data='show_balance', text='💰 Balance'),))), supergroup_chat_created=False, text='SniperX Bot Control Panel:')
2025-06-19 18:16:07,580 - telegram.ext.ExtBot - DEBUG - Exiting: send_message
2025-06-19 18:16:15,031 - httpcore.http11 - DEBUG - receive_response_headers.complete return_value=(b'HTTP/1.1', 200, b'OK', [(b'Server', b'nginx/1.18.0'), (b'Date', b'Thu, 19 Jun 2025 17:16:16 GMT'), (b'Content-Type', b'application/json'), (b'Content-Length', b'23'), (b'Connection', b'keep-alive'), (b'Strict-Transport-Security', b'max-age=31536000; includeSubDomains; preload'), (b'Access-Control-Allow-Origin', b'*'), (b'Access-Control-Allow-Methods', b'GET, POST, OPTIONS'), (b'Access-Control-Expose-Headers', b'Content-Length,Content-Type,Date,Server,Connection')])
2025-06-19 18:16:15,032 - httpx - INFO - HTTP Request: POST https://api.telegram.org/bot7707158318:AAE8rWa4Q8Z_3avql6K0HAmXaooZAReoNF0/getUpdates "HTTP/1.1 200 OK"
2025-06-19 18:16:15,040 - httpcore.http11 - DEBUG - receive_response_body.started request=<Request [b'POST']>
2025-06-19 18:16:15,040 - httpcore.http11 - DEBUG - receive_response_body.complete
2025-06-19 18:16:15,041 - httpcore.http11 - DEBUG - response_closed.started
2025-06-19 18:16:15,042 - httpcore.http11 - DEBUG - response_closed.complete
2025-06-19 18:16:15,043 - telegram.ext.ExtBot - DEBUG - No new updates found.
2025-06-19 18:16:15,043 - telegram.ext.ExtBot - DEBUG - ()
2025-06-19 18:16:15,043 - telegram.ext.ExtBot - DEBUG - Exiting: get_updates
2025-06-19 18:16:15,044 - telegram.ext.ExtBot - DEBUG - Entering: get_updates
2025-06-19 18:16:15,049 - httpcore.http11 - DEBUG - send_request_headers.started request=<Request [b'POST']>
2025-06-19 18:16:15,051 - httpcore.http11 - DEBUG - send_request_headers.complete
2025-06-19 18:16:15,051 - httpcore.http11 - DEBUG - send_request_body.started request=<Request [b'POST']>
2025-06-19 18:16:15,054 - httpcore.http11 - DEBUG - send_request_body.complete
2025-06-19 18:16:15,054 - httpcore.http11 - DEBUG - receive_response_headers.started request=<Request [b'POST']>
2025-06-19 18:16:15,225 - httpcore.http11 - DEBUG - receive_response_headers.complete return_value=(b'HTTP/1.1', 200, b'OK', [(b'Server', b'nginx/1.18.0'), (b'Date', b'Thu, 19 Jun 2025 17:16:16 GMT'), (b'Content-Type', b'application/json'), (b'Content-Length', b'816'), (b'Connection', b'keep-alive'), (b'Strict-Transport-Security', b'max-age=31536000; includeSubDomains; preload'), (b'Access-Control-Allow-Origin', b'*'), (b'Access-Control-Allow-Methods', b'GET, POST, OPTIONS'), (b'Access-Control-Expose-Headers', b'Content-Length,Content-Type,Date,Server,Connection')])
2025-06-19 18:16:15,228 - httpx - INFO - HTTP Request: POST https://api.telegram.org/bot7707158318:AAE8rWa4Q8Z_3avql6K0HAmXaooZAReoNF0/getUpdates "HTTP/1.1 200 OK"
2025-06-19 18:16:15,229 - httpcore.http11 - DEBUG - receive_response_body.started request=<Request [b'POST']>
2025-06-19 18:16:15,230 - httpcore.http11 - DEBUG - receive_response_body.complete
2025-06-19 18:16:15,230 - httpcore.http11 - DEBUG - response_closed.started
2025-06-19 18:16:15,230 - httpcore.http11 - DEBUG - response_closed.complete
2025-06-19 18:16:15,232 - telegram.ext.ExtBot - DEBUG - Getting updates: [37529843]
2025-06-19 18:16:15,234 - telegram.ext.ExtBot - DEBUG - (Update(callback_query=CallbackQuery(chat_instance='-1307310250263184334', data='show_balance', from_user=User(first_name='Ghost', id=7049055170, is_bot=False, language_code='en', last_name='Number1'), id='2605345312377822503', message=Message(channel_chat_created=False, chat=Chat(first_name='Ghost', id=7049055170, last_name='Number1', type=<ChatType.PRIVATE>), date=datetime.datetime(2025, 6, 19, 17, 16, 8, tzinfo=<UTC>), delete_chat_photo=False, from_user=User(first_name='SPRD', id=7707158318, is_bot=True, username='tizi91Bot'), group_chat_created=False, message_id=5641, reply_markup=InlineKeyboardMarkup(inline_keyboard=((InlineKeyboardButton(callback_data='start_sniperx', text='🚀 Start SniperX'),), (InlineKeyboardButton(callback_data='stop_sniperx', text='🛑 Stop SniperX'), InlineKeyboardButton(callback_data='status_sniperx', text='📊 Status')), (InlineKeyboardButton(callback_data='show_balance', text='💰 Balance'),))), supergroup_chat_created=False, text='SniperX Bot Control Panel:')), update_id=37529843),)
2025-06-19 18:16:15,235 - telegram.ext.ExtBot - DEBUG - Exiting: get_updates
2025-06-19 18:16:15,237 - telegram.ext.ExtBot - DEBUG - Entering: get_updates
2025-06-19 18:16:15,239 - telegram.ext.Application - DEBUG - Processing update Update(callback_query=CallbackQuery(chat_instance='-1307310250263184334', data='show_balance', from_user=User(first_name='Ghost', id=7049055170, is_bot=False, language_code='en', last_name='Number1'), id='2605345312377822503', message=Message(channel_chat_created=False, chat=Chat(first_name='Ghost', id=7049055170, last_name='Number1', type=<ChatType.PRIVATE>), date=datetime.datetime(2025, 6, 19, 17, 16, 8, tzinfo=<UTC>), delete_chat_photo=False, from_user=User(first_name='SPRD', id=7707158318, is_bot=True, username='tizi91Bot'), group_chat_created=False, message_id=5641, reply_markup=InlineKeyboardMarkup(inline_keyboard=((InlineKeyboardButton(callback_data='start_sniperx', text='🚀 Start SniperX'),), (InlineKeyboardButton(callback_data='stop_sniperx', text='🛑 Stop SniperX'), InlineKeyboardButton(callback_data='status_sniperx', text='📊 Status')), (InlineKeyboardButton(callback_data='show_balance', text='💰 Balance'),))), supergroup_chat_created=False, text='SniperX Bot Control Panel:')), update_id=37529843)
2025-06-19 18:16:15,243 - __main__ - INFO - Button callback received: Update(callback_query=CallbackQuery(chat_instance='-1307310250263184334', data='show_balance', from_user=User(first_name='Ghost', id=7049055170, is_bot=False, language_code='en', last_name='Number1'), id='2605345312377822503', message=Message(channel_chat_created=False, chat=Chat(first_name='Ghost', id=7049055170, last_name='Number1', type=<ChatType.PRIVATE>), date=datetime.datetime(2025, 6, 19, 17, 16, 8, tzinfo=<UTC>), delete_chat_photo=False, from_user=User(first_name='SPRD', id=7707158318, is_bot=True, username='tizi91Bot'), group_chat_created=False, message_id=5641, reply_markup=InlineKeyboardMarkup(inline_keyboard=((InlineKeyboardButton(callback_data='start_sniperx', text='🚀 Start SniperX'),), (InlineKeyboardButton(callback_data='stop_sniperx', text='🛑 Stop SniperX'), InlineKeyboardButton(callback_data='status_sniperx', text='📊 Status')), (InlineKeyboardButton(callback_data='show_balance', text='💰 Balance'),))), supergroup_chat_created=False, text='SniperX Bot Control Panel:')), update_id=37529843)
2025-06-19 18:16:15,251 - telegram.ext.ExtBot - DEBUG - Entering: answer_callback_query
2025-06-19 18:16:15,255 - httpcore.connection - DEBUG - close.started
2025-06-19 18:16:15,259 - httpcore.connection - DEBUG - close.complete
2025-06-19 18:16:15,260 - httpcore.http11 - DEBUG - send_request_headers.started request=<Request [b'POST']>
2025-06-19 18:16:15,262 - httpcore.connection - DEBUG - connect_tcp.started host='api.telegram.org' port=443 local_address=None timeout=5.0 socket_options=None
2025-06-19 18:16:15,263 - httpcore.http11 - DEBUG - send_request_headers.complete
2025-06-19 18:16:15,263 - httpcore.http11 - DEBUG - send_request_body.started request=<Request [b'POST']>
2025-06-19 18:16:15,264 - httpcore.http11 - DEBUG - send_request_body.complete
2025-06-19 18:16:15,265 - httpcore.http11 - DEBUG - receive_response_headers.started request=<Request [b'POST']>
2025-06-19 18:16:15,375 - httpcore.connection - DEBUG - connect_tcp.complete return_value=<httpcore._backends.anyio.AnyIOStream object at 0x000002B0267D9420>
2025-06-19 18:16:15,375 - httpcore.connection - DEBUG - start_tls.started ssl_context=<ssl.SSLContext object at 0x000002B025669B40> server_hostname='api.telegram.org' timeout=5.0
2025-06-19 18:16:15,494 - httpcore.connection - DEBUG - start_tls.complete return_value=<httpcore._backends.anyio.AnyIOStream object at 0x000002B0267D9480>
2025-06-19 18:16:15,496 - httpcore.http11 - DEBUG - send_request_headers.started request=<Request [b'POST']>
2025-06-19 18:16:15,497 - httpcore.http11 - DEBUG - send_request_headers.complete
2025-06-19 18:16:15,497 - httpcore.http11 - DEBUG - send_request_body.started request=<Request [b'POST']>
2025-06-19 18:16:15,500 - httpcore.http11 - DEBUG - send_request_body.complete
2025-06-19 18:16:15,500 - httpcore.http11 - DEBUG - receive_response_headers.started request=<Request [b'POST']>
2025-06-19 18:16:15,589 - httpcore.http11 - DEBUG - receive_response_headers.complete return_value=(b'HTTP/1.1', 200, b'OK', [(b'Server', b'nginx/1.18.0'), (b'Date', b'Thu, 19 Jun 2025 17:16:16 GMT'), (b'Content-Type', b'application/json'), (b'Content-Length', b'25'), (b'Connection', b'keep-alive'), (b'Strict-Transport-Security', b'max-age=31536000; includeSubDomains; preload'), (b'Access-Control-Allow-Origin', b'*'), (b'Access-Control-Allow-Methods', b'GET, POST, OPTIONS'), (b'Access-Control-Expose-Headers', b'Content-Length,Content-Type,Date,Server,Connection')])
2025-06-19 18:16:15,591 - httpx - INFO - HTTP Request: POST https://api.telegram.org/bot7707158318:AAE8rWa4Q8Z_3avql6K0HAmXaooZAReoNF0/answerCallbackQuery "HTTP/1.1 200 OK"
2025-06-19 18:16:15,595 - httpcore.http11 - DEBUG - receive_response_body.started request=<Request [b'POST']>
2025-06-19 18:16:15,595 - httpcore.http11 - DEBUG - receive_response_body.complete
2025-06-19 18:16:15,596 - httpcore.http11 - DEBUG - response_closed.started
2025-06-19 18:16:15,597 - httpcore.http11 - DEBUG - response_closed.complete
2025-06-19 18:16:15,598 - telegram.ext.ExtBot - DEBUG - True
2025-06-19 18:16:15,598 - telegram.ext.ExtBot - DEBUG - Exiting: answer_callback_query
2025-06-19 18:16:15,599 - __main__ - INFO - Processing action: show_balance
2025-06-19 18:16:15,606 - __main__ - INFO - Processing show_balance action
2025-06-19 18:16:15,607 - __main__ - INFO - Reading wallet balance from: C:\Users\Rachid Aitali\OneDrive - 4JM Solutions Limited\Desktop\SniperX\SniperX\SniperX-V3\wallet_balance.json
2025-06-19 18:16:15,610 - __main__ - DEBUG - Raw wallet balance data: {'sol': '0.001771443', 'usd': '0.25473350340', 'sol_price': '143.80', 'timestamp': 1750353369.3924668}
2025-06-19 18:16:15,611 - __main__ - INFO - Successfully read balance - SOL: 0.001771443, USD: 0.25473350340, Age: 0.1 minutes
2025-06-19 18:16:15,612 - __main__ - INFO - Current balance after read: {'sol': Decimal('0.001771443'), 'usd': Decimal('0.25473350340'), 'timestamp': 1750353369.3924668}
2025-06-19 18:16:15,613 - __main__ - INFO - Wallet manager not running, attempting to start it
2025-06-19 18:16:15,613 - __main__ - INFO - Starting wallet manager from: C:\Users\Rachid Aitali\OneDrive - 4JM Solutions Limited\Desktop\SniperX\SniperX\SniperX-V3\wallet_manager.py
2025-06-19 18:16:15,758 - __main__ - INFO - Wallet manager started with PID: 21404
2025-06-19 18:16:17,765 - __main__ - INFO - Wallet manager started successfully, reading balance...
2025-06-19 18:16:17,771 - __main__ - INFO - Reading wallet balance from: C:\Users\Rachid Aitali\OneDrive - 4JM Solutions Limited\Desktop\SniperX\SniperX\SniperX-V3\wallet_balance.json
2025-06-19 18:16:17,772 - __main__ - DEBUG - Raw wallet balance data: {'sol': '0.001771443', 'usd': '0.25473350340', 'sol_price': '143.80', 'timestamp': 1750353369.3924668}
2025-06-19 18:16:17,772 - __main__ - INFO - Successfully read balance - SOL: 0.001771443, USD: 0.25473350340, Age: 0.1 minutes
2025-06-19 18:16:17,772 - __main__ - INFO - Balance after wallet manager start: {'sol': Decimal('0.001771443'), 'usd': Decimal('0.25473350340'), 'timestamp': 1750353369.3924668}
2025-06-19 18:16:17,774 - __main__ - INFO - Balance retrieved successfully
2025-06-19 18:16:17,777 - telegram.ext.ExtBot - DEBUG - Entering: edit_message_text
2025-06-19 18:16:17,780 - httpcore.http11 - DEBUG - send_request_headers.started request=<Request [b'POST']>
2025-06-19 18:16:17,784 - httpcore.http11 - DEBUG - send_request_headers.complete
2025-06-19 18:16:17,785 - httpcore.http11 - DEBUG - send_request_body.started request=<Request [b'POST']>
2025-06-19 18:16:17,789 - httpcore.http11 - DEBUG - send_request_body.complete
2025-06-19 18:16:17,789 - httpcore.http11 - DEBUG - receive_response_headers.started request=<Request [b'POST']>
2025-06-19 18:16:17,901 - httpcore.http11 - DEBUG - receive_response_headers.complete return_value=(b'HTTP/1.1', 200, b'OK', [(b'Server', b'nginx/1.18.0'), (b'Date', b'Thu, 19 Jun 2025 17:16:19 GMT'), (b'Content-Type', b'application/json'), (b'Content-Length', b'496'), (b'Connection', b'keep-alive'), (b'Strict-Transport-Security', b'max-age=31536000; includeSubDomains; preload'), (b'Access-Control-Allow-Origin', b'*'), (b'Access-Control-Allow-Methods', b'GET, POST, OPTIONS'), (b'Access-Control-Expose-Headers', b'Content-Length,Content-Type,Date,Server,Connection')])
2025-06-19 18:16:17,903 - httpx - INFO - HTTP Request: POST https://api.telegram.org/bot7707158318:AAE8rWa4Q8Z_3avql6K0HAmXaooZAReoNF0/editMessageText "HTTP/1.1 200 OK"
2025-06-19 18:16:17,904 - httpcore.http11 - DEBUG - receive_response_body.started request=<Request [b'POST']>
2025-06-19 18:16:17,905 - httpcore.http11 - DEBUG - receive_response_body.complete
2025-06-19 18:16:17,906 - httpcore.http11 - DEBUG - response_closed.started
2025-06-19 18:16:17,906 - httpcore.http11 - DEBUG - response_closed.complete
2025-06-19 18:16:17,909 - telegram.ext.ExtBot - DEBUG - Message(channel_chat_created=False, chat=Chat(first_name='Ghost', id=7049055170, last_name='Number1', type=<ChatType.PRIVATE>), date=datetime.datetime(2025, 6, 19, 17, 16, 8, tzinfo=<UTC>), delete_chat_photo=False, edit_date=datetime.datetime(2025, 6, 19, 17, 16, 18, tzinfo=<UTC>), from_user=User(first_name='SPRD', id=7707158318, is_bot=True, username='tizi91Bot'), group_chat_created=False, message_id=5641, reply_markup=InlineKeyboardMarkup(inline_keyboard=((InlineKeyboardButton(callback_data='show_balance', text='🔄 Refresh'), InlineKeyboardButton(callback_data='back_to_menu', text='🔙 Back to Menu')),)), supergroup_chat_created=False, text='Current Balance:\nSOL: 0.001771\nUSD: $0.25\n\nLast Update: 18:16:09')
2025-06-19 18:16:17,910 - telegram.ext.ExtBot - DEBUG - Exiting: edit_message_text
2025-06-19 18:16:20,152 - httpcore.http11 - DEBUG - receive_response_headers.complete return_value=(b'HTTP/1.1', 200, b'OK', [(b'Server', b'nginx/1.18.0'), (b'Date', b'Thu, 19 Jun 2025 17:16:21 GMT'), (b'Content-Type', b'application/json'), (b'Content-Length', b'743'), (b'Connection', b'keep-alive'), (b'Strict-Transport-Security', b'max-age=31536000; includeSubDomains; preload'), (b'Access-Control-Allow-Origin', b'*'), (b'Access-Control-Allow-Methods', b'GET, POST, OPTIONS'), (b'Access-Control-Expose-Headers', b'Content-Length,Content-Type,Date,Server,Connection')])
2025-06-19 18:16:20,154 - httpx - INFO - HTTP Request: POST https://api.telegram.org/bot7707158318:AAE8rWa4Q8Z_3avql6K0HAmXaooZAReoNF0/getUpdates "HTTP/1.1 200 OK"
2025-06-19 18:16:20,224 - httpcore.http11 - DEBUG - receive_response_body.started request=<Request [b'POST']>
2025-06-19 18:16:20,225 - httpcore.http11 - DEBUG - receive_response_body.complete
2025-06-19 18:16:20,226 - httpcore.http11 - DEBUG - response_closed.started
2025-06-19 18:16:20,227 - httpcore.http11 - DEBUG - response_closed.complete
2025-06-19 18:16:20,228 - telegram.ext.ExtBot - DEBUG - Getting updates: [37529844]
2025-06-19 18:16:20,233 - telegram.ext.ExtBot - DEBUG - (Update(callback_query=CallbackQuery(chat_instance='-1307310250263184334', data='show_balance', from_user=User(first_name='Ghost', id=7049055170, is_bot=False, language_code='en', last_name='Number1'), id='2605345316574384737', message=Message(channel_chat_created=False, chat=Chat(first_name='Ghost', id=7049055170, last_name='Number1', type=<ChatType.PRIVATE>), date=datetime.datetime(2025, 6, 19, 17, 16, 8, tzinfo=<UTC>), delete_chat_photo=False, edit_date=datetime.datetime(2025, 6, 19, 17, 16, 18, tzinfo=<UTC>), from_user=User(first_name='SPRD', id=7707158318, is_bot=True, username='tizi91Bot'), group_chat_created=False, message_id=5641, reply_markup=InlineKeyboardMarkup(inline_keyboard=((InlineKeyboardButton(callback_data='show_balance', text='🔄 Refresh'), InlineKeyboardButton(callback_data='back_to_menu', text='🔙 Back to Menu')),)), supergroup_chat_created=False, text='Current Balance:\nSOL: 0.001771\nUSD: $0.25\n\nLast Update: 18:16:09')), update_id=37529844),)
2025-06-19 18:16:20,237 - telegram.ext.ExtBot - DEBUG - Exiting: get_updates
2025-06-19 18:16:20,238 - telegram.ext.ExtBot - DEBUG - Entering: get_updates
2025-06-19 18:16:20,253 - telegram.ext.Application - DEBUG - Processing update Update(callback_query=CallbackQuery(chat_instance='-1307310250263184334', data='show_balance', from_user=User(first_name='Ghost', id=7049055170, is_bot=False, language_code='en', last_name='Number1'), id='2605345316574384737', message=Message(channel_chat_created=False, chat=Chat(first_name='Ghost', id=7049055170, last_name='Number1', type=<ChatType.PRIVATE>), date=datetime.datetime(2025, 6, 19, 17, 16, 8, tzinfo=<UTC>), delete_chat_photo=False, edit_date=datetime.datetime(2025, 6, 19, 17, 16, 18, tzinfo=<UTC>), from_user=User(first_name='SPRD', id=7707158318, is_bot=True, username='tizi91Bot'), group_chat_created=False, message_id=5641, reply_markup=InlineKeyboardMarkup(inline_keyboard=((InlineKeyboardButton(callback_data='show_balance', text='🔄 Refresh'), InlineKeyboardButton(callback_data='back_to_menu', text='🔙 Back to Menu')),)), supergroup_chat_created=False, text='Current Balance:\nSOL: 0.001771\nUSD: $0.25\n\nLast Update: 18:16:09')), update_id=37529844)
2025-06-19 18:16:20,261 - __main__ - INFO - Button callback received: Update(callback_query=CallbackQuery(chat_instance='-1307310250263184334', data='show_balance', from_user=User(first_name='Ghost', id=7049055170, is_bot=False, language_code='en', last_name='Number1'), id='2605345316574384737', message=Message(channel_chat_created=False, chat=Chat(first_name='Ghost', id=7049055170, last_name='Number1', type=<ChatType.PRIVATE>), date=datetime.datetime(2025, 6, 19, 17, 16, 8, tzinfo=<UTC>), delete_chat_photo=False, edit_date=datetime.datetime(2025, 6, 19, 17, 16, 18, tzinfo=<UTC>), from_user=User(first_name='SPRD', id=7707158318, is_bot=True, username='tizi91Bot'), group_chat_created=False, message_id=5641, reply_markup=InlineKeyboardMarkup(inline_keyboard=((InlineKeyboardButton(callback_data='show_balance', text='🔄 Refresh'), InlineKeyboardButton(callback_data='back_to_menu', text='🔙 Back to Menu')),)), supergroup_chat_created=False, text='Current Balance:\nSOL: 0.001771\nUSD: $0.25\n\nLast Update: 18:16:09')), update_id=37529844)
2025-06-19 18:16:20,296 - telegram.ext.ExtBot - DEBUG - Entering: answer_callback_query
2025-06-19 18:16:20,320 - httpcore.http11 - DEBUG - send_request_headers.started request=<Request [b'POST']>
2025-06-19 18:16:20,325 - httpcore.http11 - DEBUG - send_request_headers.started request=<Request [b'POST']>
2025-06-19 18:16:20,327 - httpcore.http11 - DEBUG - send_request_headers.complete
2025-06-19 18:16:20,328 - httpcore.http11 - DEBUG - send_request_body.started request=<Request [b'POST']>
2025-06-19 18:16:20,330 - httpcore.http11 - DEBUG - send_request_headers.complete
2025-06-19 18:16:20,331 - httpcore.http11 - DEBUG - send_request_body.started request=<Request [b'POST']>
2025-06-19 18:16:20,335 - httpcore.http11 - DEBUG - send_request_body.complete
2025-06-19 18:16:20,336 - httpcore.http11 - DEBUG - receive_response_headers.started request=<Request [b'POST']>
2025-06-19 18:16:20,339 - httpcore.http11 - DEBUG - send_request_body.complete
2025-06-19 18:16:20,340 - httpcore.http11 - DEBUG - receive_response_headers.started request=<Request [b'POST']>
2025-06-19 18:16:20,442 - httpcore.http11 - DEBUG - receive_response_headers.complete return_value=(b'HTTP/1.1', 200, b'OK', [(b'Server', b'nginx/1.18.0'), (b'Date', b'Thu, 19 Jun 2025 17:16:21 GMT'), (b'Content-Type', b'application/json'), (b'Content-Length', b'25'), (b'Connection', b'keep-alive'), (b'Strict-Transport-Security', b'max-age=31536000; includeSubDomains; preload'), (b'Access-Control-Allow-Origin', b'*'), (b'Access-Control-Allow-Methods', b'GET, POST, OPTIONS'), (b'Access-Control-Expose-Headers', b'Content-Length,Content-Type,Date,Server,Connection')])
2025-06-19 18:16:20,446 - httpx - INFO - HTTP Request: POST https://api.telegram.org/bot7707158318:AAE8rWa4Q8Z_3avql6K0HAmXaooZAReoNF0/answerCallbackQuery "HTTP/1.1 200 OK"
2025-06-19 18:16:20,450 - httpcore.http11 - DEBUG - receive_response_body.started request=<Request [b'POST']>
2025-06-19 18:16:20,452 - httpcore.http11 - DEBUG - receive_response_body.complete
2025-06-19 18:16:20,453 - httpcore.http11 - DEBUG - response_closed.started
2025-06-19 18:16:20,454 - httpcore.http11 - DEBUG - response_closed.complete
2025-06-19 18:16:20,457 - telegram.ext.ExtBot - DEBUG - True
2025-06-19 18:16:20,458 - telegram.ext.ExtBot - DEBUG - Exiting: answer_callback_query
2025-06-19 18:16:20,459 - __main__ - INFO - Processing action: show_balance
2025-06-19 18:16:20,459 - __main__ - INFO - Processing show_balance action
2025-06-19 18:16:20,462 - __main__ - INFO - Reading wallet balance from: C:\Users\Rachid Aitali\OneDrive - 4JM Solutions Limited\Desktop\SniperX\SniperX\SniperX-V3\wallet_balance.json
2025-06-19 18:16:20,485 - __main__ - DEBUG - Raw wallet balance data: {'sol': '0.001771443', 'usd': '0.25473350340', 'sol_price': '143.80', 'timestamp': 1750353379.9174175}
2025-06-19 18:16:20,486 - __main__ - INFO - Successfully read balance - SOL: 0.001771443, USD: 0.25473350340, Age: 0.0 minutes
2025-06-19 18:16:20,489 - __main__ - INFO - Current balance after read: {'sol': Decimal('0.001771443'), 'usd': Decimal('0.25473350340'), 'timestamp': 1750353379.9174175}
2025-06-19 18:16:20,491 - __main__ - INFO - Wallet manager is running, reading balance...
2025-06-19 18:16:20,492 - __main__ - INFO - Reading wallet balance from: C:\Users\Rachid Aitali\OneDrive - 4JM Solutions Limited\Desktop\SniperX\SniperX\SniperX-V3\wallet_balance.json
2025-06-19 18:16:20,494 - __main__ - DEBUG - Raw wallet balance data: {'sol': '0.001771443', 'usd': '0.25473350340', 'sol_price': '143.80', 'timestamp': 1750353379.9174175}
2025-06-19 18:16:20,496 - __main__ - INFO - Successfully read balance - SOL: 0.001771443, USD: 0.25473350340, Age: 0.0 minutes
2025-06-19 18:16:20,497 - __main__ - INFO - Current balance: {'sol': Decimal('0.001771443'), 'usd': Decimal('0.25473350340'), 'timestamp': 1750353379.9174175}
2025-06-19 18:16:20,499 - __main__ - INFO - Balance retrieved successfully
2025-06-19 18:16:20,501 - telegram.ext.ExtBot - DEBUG - Entering: edit_message_text
2025-06-19 18:16:20,509 - httpcore.http11 - DEBUG - send_request_headers.started request=<Request [b'POST']>
2025-06-19 18:16:20,513 - httpcore.http11 - DEBUG - send_request_headers.complete
2025-06-19 18:16:20,515 - httpcore.http11 - DEBUG - send_request_body.started request=<Request [b'POST']>
2025-06-19 18:16:20,519 - httpcore.http11 - DEBUG - send_request_body.complete
2025-06-19 18:16:20,520 - httpcore.http11 - DEBUG - receive_response_headers.started request=<Request [b'POST']>
2025-06-19 18:16:20,617 - httpcore.http11 - DEBUG - receive_response_headers.complete return_value=(b'HTTP/1.1', 200, b'OK', [(b'Server', b'nginx/1.18.0'), (b'Date', b'Thu, 19 Jun 2025 17:16:21 GMT'), (b'Content-Type', b'application/json'), (b'Content-Length', b'496'), (b'Connection', b'keep-alive'), (b'Strict-Transport-Security', b'max-age=31536000; includeSubDomains; preload'), (b'Access-Control-Allow-Origin', b'*'), (b'Access-Control-Allow-Methods', b'GET, POST, OPTIONS'), (b'Access-Control-Expose-Headers', b'Content-Length,Content-Type,Date,Server,Connection')])
2025-06-19 18:16:20,619 - httpx - INFO - HTTP Request: POST https://api.telegram.org/bot7707158318:AAE8rWa4Q8Z_3avql6K0HAmXaooZAReoNF0/editMessageText "HTTP/1.1 200 OK"
2025-06-19 18:16:20,620 - httpcore.http11 - DEBUG - receive_response_body.started request=<Request [b'POST']>
2025-06-19 18:16:20,621 - httpcore.http11 - DEBUG - receive_response_body.complete
2025-06-19 18:16:20,621 - httpcore.http11 - DEBUG - response_closed.started
2025-06-19 18:16:20,622 - httpcore.http11 - DEBUG - response_closed.complete
2025-06-19 18:16:20,625 - telegram.ext.ExtBot - DEBUG - Message(channel_chat_created=False, chat=Chat(first_name='Ghost', id=7049055170, last_name='Number1', type=<ChatType.PRIVATE>), date=datetime.datetime(2025, 6, 19, 17, 16, 8, tzinfo=<UTC>), delete_chat_photo=False, edit_date=datetime.datetime(2025, 6, 19, 17, 16, 21, tzinfo=<UTC>), from_user=User(first_name='SPRD', id=7707158318, is_bot=True, username='tizi91Bot'), group_chat_created=False, message_id=5641, reply_markup=InlineKeyboardMarkup(inline_keyboard=((InlineKeyboardButton(callback_data='show_balance', text='🔄 Refresh'), InlineKeyboardButton(callback_data='back_to_menu', text='🔙 Back to Menu')),)), supergroup_chat_created=False, text='Current Balance:\nSOL: 0.001771\nUSD: $0.25\n\nLast Update: 18:16:19')
2025-06-19 18:16:20,625 - telegram.ext.ExtBot - DEBUG - Exiting: edit_message_text
2025-06-19 18:16:21,589 - httpcore.http11 - DEBUG - receive_response_headers.complete return_value=(b'HTTP/1.1', 200, b'OK', [(b'Server', b'nginx/1.18.0'), (b'Date', b'Thu, 19 Jun 2025 17:16:22 GMT'), (b'Content-Type', b'application/json'), (b'Content-Length', b'743'), (b'Connection', b'keep-alive'), (b'Strict-Transport-Security', b'max-age=31536000; includeSubDomains; preload'), (b'Access-Control-Allow-Origin', b'*'), (b'Access-Control-Allow-Methods', b'GET, POST, OPTIONS'), (b'Access-Control-Expose-Headers', b'Content-Length,Content-Type,Date,Server,Connection')])
2025-06-19 18:16:21,591 - httpx - INFO - HTTP Request: POST https://api.telegram.org/bot7707158318:AAE8rWa4Q8Z_3avql6K0HAmXaooZAReoNF0/getUpdates "HTTP/1.1 200 OK"
2025-06-19 18:16:21,592 - httpcore.http11 - DEBUG - receive_response_body.started request=<Request [b'POST']>
2025-06-19 18:16:21,593 - httpcore.http11 - DEBUG - receive_response_body.complete
2025-06-19 18:16:21,593 - httpcore.http11 - DEBUG - response_closed.started
2025-06-19 18:16:21,594 - httpcore.http11 - DEBUG - response_closed.complete
2025-06-19 18:16:21,596 - telegram.ext.ExtBot - DEBUG - Getting updates: [37529845]
2025-06-19 18:16:21,599 - telegram.ext.ExtBot - DEBUG - (Update(callback_query=CallbackQuery(chat_instance='-1307310250263184334', data='show_balance', from_user=User(first_name='Ghost', id=7049055170, is_bot=False, language_code='en', last_name='Number1'), id='2605345315003731343', message=Message(channel_chat_created=False, chat=Chat(first_name='Ghost', id=7049055170, last_name='Number1', type=<ChatType.PRIVATE>), date=datetime.datetime(2025, 6, 19, 17, 16, 8, tzinfo=<UTC>), delete_chat_photo=False, edit_date=datetime.datetime(2025, 6, 19, 17, 16, 21, tzinfo=<UTC>), from_user=User(first_name='SPRD', id=7707158318, is_bot=True, username='tizi91Bot'), group_chat_created=False, message_id=5641, reply_markup=InlineKeyboardMarkup(inline_keyboard=((InlineKeyboardButton(callback_data='show_balance', text='🔄 Refresh'), InlineKeyboardButton(callback_data='back_to_menu', text='🔙 Back to Menu')),)), supergroup_chat_created=False, text='Current Balance:\nSOL: 0.001771\nUSD: $0.25\n\nLast Update: 18:16:19')), update_id=37529845),)
2025-06-19 18:16:21,602 - telegram.ext.ExtBot - DEBUG - Exiting: get_updates
2025-06-19 18:16:21,602 - telegram.ext.ExtBot - DEBUG - Entering: get_updates
2025-06-19 18:16:21,605 - telegram.ext.Application - DEBUG - Processing update Update(callback_query=CallbackQuery(chat_instance='-1307310250263184334', data='show_balance', from_user=User(first_name='Ghost', id=7049055170, is_bot=False, language_code='en', last_name='Number1'), id='2605345315003731343', message=Message(channel_chat_created=False, chat=Chat(first_name='Ghost', id=7049055170, last_name='Number1', type=<ChatType.PRIVATE>), date=datetime.datetime(2025, 6, 19, 17, 16, 8, tzinfo=<UTC>), delete_chat_photo=False, edit_date=datetime.datetime(2025, 6, 19, 17, 16, 21, tzinfo=<UTC>), from_user=User(first_name='SPRD', id=7707158318, is_bot=True, username='tizi91Bot'), group_chat_created=False, message_id=5641, reply_markup=InlineKeyboardMarkup(inline_keyboard=((InlineKeyboardButton(callback_data='show_balance', text='🔄 Refresh'), InlineKeyboardButton(callback_data='back_to_menu', text='🔙 Back to Menu')),)), supergroup_chat_created=False, text='Current Balance:\nSOL: 0.001771\nUSD: $0.25\n\nLast Update: 18:16:19')), update_id=37529845)
2025-06-19 18:16:21,609 - __main__ - INFO - Button callback received: Update(callback_query=CallbackQuery(chat_instance='-1307310250263184334', data='show_balance', from_user=User(first_name='Ghost', id=7049055170, is_bot=False, language_code='en', last_name='Number1'), id='2605345315003731343', message=Message(channel_chat_created=False, chat=Chat(first_name='Ghost', id=7049055170, last_name='Number1', type=<ChatType.PRIVATE>), date=datetime.datetime(2025, 6, 19, 17, 16, 8, tzinfo=<UTC>), delete_chat_photo=False, edit_date=datetime.datetime(2025, 6, 19, 17, 16, 21, tzinfo=<UTC>), from_user=User(first_name='SPRD', id=7707158318, is_bot=True, username='tizi91Bot'), group_chat_created=False, message_id=5641, reply_markup=InlineKeyboardMarkup(inline_keyboard=((InlineKeyboardButton(callback_data='show_balance', text='🔄 Refresh'), InlineKeyboardButton(callback_data='back_to_menu', text='🔙 Back to Menu')),)), supergroup_chat_created=False, text='Current Balance:\nSOL: 0.001771\nUSD: $0.25\n\nLast Update: 18:16:19')), update_id=37529845)
2025-06-19 18:16:21,610 - telegram.ext.ExtBot - DEBUG - Entering: answer_callback_query
2025-06-19 18:16:21,619 - httpcore.http11 - DEBUG - send_request_headers.started request=<Request [b'POST']>
2025-06-19 18:16:21,620 - httpcore.http11 - DEBUG - send_request_headers.started request=<Request [b'POST']>
2025-06-19 18:16:21,623 - httpcore.http11 - DEBUG - send_request_headers.complete
2025-06-19 18:16:21,624 - httpcore.http11 - DEBUG - send_request_body.started request=<Request [b'POST']>
2025-06-19 18:16:21,625 - httpcore.http11 - DEBUG - send_request_headers.complete
2025-06-19 18:16:21,625 - httpcore.http11 - DEBUG - send_request_body.started request=<Request [b'POST']>
2025-06-19 18:16:21,627 - httpcore.http11 - DEBUG - send_request_body.complete
2025-06-19 18:16:21,634 - httpcore.http11 - DEBUG - receive_response_headers.started request=<Request [b'POST']>
2025-06-19 18:16:21,636 - httpcore.http11 - DEBUG - send_request_body.complete
2025-06-19 18:16:21,636 - httpcore.http11 - DEBUG - receive_response_headers.started request=<Request [b'POST']>
2025-06-19 18:16:21,800 - httpcore.http11 - DEBUG - receive_response_headers.complete return_value=(b'HTTP/1.1', 200, b'OK', [(b'Server', b'nginx/1.18.0'), (b'Date', b'Thu, 19 Jun 2025 17:16:22 GMT'), (b'Content-Type', b'application/json'), (b'Content-Length', b'25'), (b'Connection', b'keep-alive'), (b'Strict-Transport-Security', b'max-age=31536000; includeSubDomains; preload'), (b'Access-Control-Allow-Origin', b'*'), (b'Access-Control-Allow-Methods', b'GET, POST, OPTIONS'), (b'Access-Control-Expose-Headers', b'Content-Length,Content-Type,Date,Server,Connection')])
2025-06-19 18:16:21,802 - httpx - INFO - HTTP Request: POST https://api.telegram.org/bot7707158318:AAE8rWa4Q8Z_3avql6K0HAmXaooZAReoNF0/answerCallbackQuery "HTTP/1.1 200 OK"
2025-06-19 18:16:21,803 - httpcore.http11 - DEBUG - receive_response_body.started request=<Request [b'POST']>
2025-06-19 18:16:21,803 - httpcore.http11 - DEBUG - receive_response_body.complete
2025-06-19 18:16:21,803 - httpcore.http11 - DEBUG - response_closed.started
2025-06-19 18:16:21,805 - httpcore.http11 - DEBUG - response_closed.complete
2025-06-19 18:16:21,806 - telegram.ext.ExtBot - DEBUG - True
2025-06-19 18:16:21,806 - telegram.ext.ExtBot - DEBUG - Exiting: answer_callback_query
2025-06-19 18:16:21,806 - __main__ - INFO - Processing action: show_balance
2025-06-19 18:16:21,806 - __main__ - INFO - Processing show_balance action
2025-06-19 18:16:21,808 - __main__ - INFO - Reading wallet balance from: C:\Users\Rachid Aitali\OneDrive - 4JM Solutions Limited\Desktop\SniperX\SniperX\SniperX-V3\wallet_balance.json
2025-06-19 18:16:21,811 - __main__ - DEBUG - Raw wallet balance data: {'sol': '0.001771443', 'usd': '0.25473350340', 'sol_price': '143.80', 'timestamp': 1750353379.9174175}
2025-06-19 18:16:21,812 - __main__ - INFO - Successfully read balance - SOL: 0.001771443, USD: 0.25473350340, Age: 0.0 minutes
2025-06-19 18:16:21,812 - __main__ - INFO - Current balance after read: {'sol': Decimal('0.001771443'), 'usd': Decimal('0.25473350340'), 'timestamp': 1750353379.9174175}
2025-06-19 18:16:21,824 - __main__ - INFO - Wallet manager not running, attempting to start it
2025-06-19 18:16:21,827 - __main__ - INFO - Starting wallet manager from: C:\Users\Rachid Aitali\OneDrive - 4JM Solutions Limited\Desktop\SniperX\SniperX\SniperX-V3\wallet_manager.py
2025-06-19 18:16:21,945 - __main__ - INFO - Wallet manager started with PID: 3352
2025-06-19 18:16:22,622 - httpcore.http11 - DEBUG - receive_response_headers.complete return_value=(b'HTTP/1.1', 200, b'OK', [(b'Server', b'nginx/1.18.0'), (b'Date', b'Thu, 19 Jun 2025 17:16:23 GMT'), (b'Content-Type', b'application/json'), (b'Content-Length', b'743'), (b'Connection', b'keep-alive'), (b'Strict-Transport-Security', b'max-age=31536000; includeSubDomains; preload'), (b'Access-Control-Allow-Origin', b'*'), (b'Access-Control-Allow-Methods', b'GET, POST, OPTIONS'), (b'Access-Control-Expose-Headers', b'Content-Length,Content-Type,Date,Server,Connection')])
2025-06-19 18:16:22,623 - httpx - INFO - HTTP Request: POST https://api.telegram.org/bot7707158318:AAE8rWa4Q8Z_3avql6K0HAmXaooZAReoNF0/getUpdates "HTTP/1.1 200 OK"
2025-06-19 18:16:22,625 - httpcore.http11 - DEBUG - receive_response_body.started request=<Request [b'POST']>
2025-06-19 18:16:22,626 - httpcore.http11 - DEBUG - receive_response_body.complete
2025-06-19 18:16:22,627 - httpcore.http11 - DEBUG - response_closed.started
2025-06-19 18:16:22,627 - httpcore.http11 - DEBUG - response_closed.complete
2025-06-19 18:16:22,629 - telegram.ext.ExtBot - DEBUG - Getting updates: [37529846]
2025-06-19 18:16:22,634 - telegram.ext.ExtBot - DEBUG - (Update(callback_query=CallbackQuery(chat_instance='-1307310250263184334', data='show_balance', from_user=User(first_name='Ghost', id=7049055170, is_bot=False, language_code='en', last_name='Number1'), id='2605345313867707844', message=Message(channel_chat_created=False, chat=Chat(first_name='Ghost', id=7049055170, last_name='Number1', type=<ChatType.PRIVATE>), date=datetime.datetime(2025, 6, 19, 17, 16, 8, tzinfo=<UTC>), delete_chat_photo=False, edit_date=datetime.datetime(2025, 6, 19, 17, 16, 21, tzinfo=<UTC>), from_user=User(first_name='SPRD', id=7707158318, is_bot=True, username='tizi91Bot'), group_chat_created=False, message_id=5641, reply_markup=InlineKeyboardMarkup(inline_keyboard=((InlineKeyboardButton(callback_data='show_balance', text='🔄 Refresh'), InlineKeyboardButton(callback_data='back_to_menu', text='🔙 Back to Menu')),)), supergroup_chat_created=False, text='Current Balance:\nSOL: 0.001771\nUSD: $0.25\n\nLast Update: 18:16:19')), update_id=37529846),)
2025-06-19 18:16:22,635 - telegram.ext.ExtBot - DEBUG - Exiting: get_updates
2025-06-19 18:16:22,636 - telegram.ext.ExtBot - DEBUG - Entering: get_updates
2025-06-19 18:16:22,641 - httpcore.http11 - DEBUG - send_request_headers.started request=<Request [b'POST']>
2025-06-19 18:16:22,642 - httpcore.http11 - DEBUG - send_request_headers.complete
2025-06-19 18:16:22,643 - httpcore.http11 - DEBUG - send_request_body.started request=<Request [b'POST']>
2025-06-19 18:16:22,644 - httpcore.http11 - DEBUG - send_request_body.complete
2025-06-19 18:16:22,644 - httpcore.http11 - DEBUG - receive_response_headers.started request=<Request [b'POST']>
2025-06-19 18:16:23,945 - __main__ - INFO - Wallet manager started successfully, reading balance...
2025-06-19 18:16:23,951 - __main__ - INFO - Reading wallet balance from: C:\Users\Rachid Aitali\OneDrive - 4JM Solutions Limited\Desktop\SniperX\SniperX\SniperX-V3\wallet_balance.json
2025-06-19 18:16:23,952 - __main__ - DEBUG - Raw wallet balance data: {'sol': '0.001771443', 'usd': '0.25473350340', 'sol_price': '143.80', 'timestamp': 1750353379.9174175}
2025-06-19 18:16:23,953 - __main__ - INFO - Successfully read balance - SOL: 0.001771443, USD: 0.25473350340, Age: 0.1 minutes
2025-06-19 18:16:23,954 - __main__ - INFO - Balance after wallet manager start: {'sol': Decimal('0.001771443'), 'usd': Decimal('0.25473350340'), 'timestamp': 1750353379.9174175}
2025-06-19 18:16:23,954 - __main__ - INFO - Balance retrieved successfully
2025-06-19 18:16:23,955 - telegram.ext.ExtBot - DEBUG - Entering: edit_message_text
2025-06-19 18:16:23,961 - httpcore.http11 - DEBUG - send_request_headers.started request=<Request [b'POST']>
2025-06-19 18:16:23,963 - httpcore.http11 - DEBUG - send_request_headers.complete
2025-06-19 18:16:23,963 - httpcore.http11 - DEBUG - send_request_body.started request=<Request [b'POST']>
2025-06-19 18:16:23,966 - httpcore.http11 - DEBUG - send_request_body.complete
2025-06-19 18:16:23,966 - httpcore.http11 - DEBUG - receive_response_headers.started request=<Request [b'POST']>
2025-06-19 18:16:24,071 - httpcore.http11 - DEBUG - receive_response_headers.complete return_value=(b'HTTP/1.1', 400, b'Bad Request', [(b'Server', b'nginx/1.18.0'), (b'Date', b'Thu, 19 Jun 2025 17:16:25 GMT'), (b'Content-Type', b'application/json'), (b'Content-Length', b'204'), (b'Connection', b'keep-alive'), (b'Strict-Transport-Security', b'max-age=31536000; includeSubDomains; preload'), (b'Access-Control-Allow-Origin', b'*'), (b'Access-Control-Expose-Headers', b'Content-Length,Content-Type,Date,Server,Connection')])
2025-06-19 18:16:24,072 - httpx - INFO - HTTP Request: POST https://api.telegram.org/bot7707158318:AAE8rWa4Q8Z_3avql6K0HAmXaooZAReoNF0/editMessageText "HTTP/1.1 400 Bad Request"
2025-06-19 18:16:24,074 - httpcore.http11 - DEBUG - receive_response_body.started request=<Request [b'POST']>
2025-06-19 18:16:24,074 - httpcore.http11 - DEBUG - receive_response_body.complete
2025-06-19 18:16:24,074 - httpcore.http11 - DEBUG - response_closed.started
2025-06-19 18:16:24,075 - httpcore.http11 - DEBUG - response_closed.complete
2025-06-19 18:16:24,077 - __main__ - ERROR - Error updating balance message: Message is not modified: specified new message content and reply markup are exactly the same as a current content and reply markup of the message
2025-06-19 18:16:24,079 - telegram.ext.ExtBot - DEBUG - Entering: delete_message
2025-06-19 18:16:24,084 - httpcore.http11 - DEBUG - send_request_headers.started request=<Request [b'POST']>
2025-06-19 18:16:24,086 - httpcore.http11 - DEBUG - send_request_headers.complete
2025-06-19 18:16:24,086 - httpcore.http11 - DEBUG - send_request_body.started request=<Request [b'POST']>
2025-06-19 18:16:24,089 - httpcore.http11 - DEBUG - send_request_body.complete
2025-06-19 18:16:24,089 - httpcore.http11 - DEBUG - receive_response_headers.started request=<Request [b'POST']>
2025-06-19 18:16:24,170 - httpcore.http11 - DEBUG - receive_response_headers.complete return_value=(b'HTTP/1.1', 200, b'OK', [(b'Server', b'nginx/1.18.0'), (b'Date', b'Thu, 19 Jun 2025 17:16:25 GMT'), (b'Content-Type', b'application/json'), (b'Content-Length', b'25'), (b'Connection', b'keep-alive'), (b'Strict-Transport-Security', b'max-age=31536000; includeSubDomains; preload'), (b'Access-Control-Allow-Origin', b'*'), (b'Access-Control-Allow-Methods', b'GET, POST, OPTIONS'), (b'Access-Control-Expose-Headers', b'Content-Length,Content-Type,Date,Server,Connection')])
2025-06-19 18:16:24,172 - httpx - INFO - HTTP Request: POST https://api.telegram.org/bot7707158318:AAE8rWa4Q8Z_3avql6K0HAmXaooZAReoNF0/deleteMessage "HTTP/1.1 200 OK"
2025-06-19 18:16:24,173 - httpcore.http11 - DEBUG - receive_response_body.started request=<Request [b'POST']>
2025-06-19 18:16:24,174 - httpcore.http11 - DEBUG - receive_response_body.complete
2025-06-19 18:16:24,174 - httpcore.http11 - DEBUG - response_closed.started
2025-06-19 18:16:24,175 - httpcore.http11 - DEBUG - response_closed.complete
2025-06-19 18:16:24,176 - telegram.ext.ExtBot - DEBUG - True
2025-06-19 18:16:24,176 - telegram.ext.ExtBot - DEBUG - Exiting: delete_message
2025-06-19 18:16:24,177 - telegram.ext.ExtBot - DEBUG - Entering: send_message
2025-06-19 18:16:24,182 - httpcore.http11 - DEBUG - send_request_headers.started request=<Request [b'POST']>
2025-06-19 18:16:24,185 - httpcore.http11 - DEBUG - send_request_headers.complete
2025-06-19 18:16:24,186 - httpcore.http11 - DEBUG - send_request_body.started request=<Request [b'POST']>
2025-06-19 18:16:24,188 - httpcore.http11 - DEBUG - send_request_body.complete
2025-06-19 18:16:24,188 - httpcore.http11 - DEBUG - receive_response_headers.started request=<Request [b'POST']>
2025-06-19 18:16:24,285 - httpcore.http11 - DEBUG - receive_response_headers.complete return_value=(b'HTTP/1.1', 200, b'OK', [(b'Server', b'nginx/1.18.0'), (b'Date', b'Thu, 19 Jun 2025 17:16:25 GMT'), (b'Content-Type', b'application/json'), (b'Content-Length', b'473'), (b'Connection', b'keep-alive'), (b'Strict-Transport-Security', b'max-age=31536000; includeSubDomains; preload'), (b'Access-Control-Allow-Origin', b'*'), (b'Access-Control-Allow-Methods', b'GET, POST, OPTIONS'), (b'Access-Control-Expose-Headers', b'Content-Length,Content-Type,Date,Server,Connection')])
2025-06-19 18:16:24,287 - httpx - INFO - HTTP Request: POST https://api.telegram.org/bot7707158318:AAE8rWa4Q8Z_3avql6K0HAmXaooZAReoNF0/sendMessage "HTTP/1.1 200 OK"
2025-06-19 18:16:24,287 - httpcore.http11 - DEBUG - receive_response_body.started request=<Request [b'POST']>
2025-06-19 18:16:24,288 - httpcore.http11 - DEBUG - receive_response_body.complete
2025-06-19 18:16:24,288 - httpcore.http11 - DEBUG - response_closed.started
2025-06-19 18:16:24,288 - httpcore.http11 - DEBUG - response_closed.complete
2025-06-19 18:16:24,291 - telegram.ext.ExtBot - DEBUG - Message(channel_chat_created=False, chat=Chat(first_name='Ghost', id=7049055170, last_name='Number1', type=<ChatType.PRIVATE>), date=datetime.datetime(2025, 6, 19, 17, 16, 25, tzinfo=<UTC>), delete_chat_photo=False, from_user=User(first_name='SPRD', id=7707158318, is_bot=True, username='tizi91Bot'), group_chat_created=False, message_id=5642, reply_markup=InlineKeyboardMarkup(inline_keyboard=((InlineKeyboardButton(callback_data='show_balance', text='🔄 Refresh'), InlineKeyboardButton(callback_data='back_to_menu', text='🔙 Back to Menu')),)), supergroup_chat_created=False, text='Current Balance:\nSOL: 0.001771\nUSD: $0.25\n\nLast Update: 18:16:19')
2025-06-19 18:16:24,292 - telegram.ext.ExtBot - DEBUG - Exiting: send_message
2025-06-19 18:16:24,292 - telegram.ext.Application - DEBUG - Processing update Update(callback_query=CallbackQuery(chat_instance='-1307310250263184334', data='show_balance', from_user=User(first_name='Ghost', id=7049055170, is_bot=False, language_code='en', last_name='Number1'), id='2605345313867707844', message=Message(channel_chat_created=False, chat=Chat(first_name='Ghost', id=7049055170, last_name='Number1', type=<ChatType.PRIVATE>), date=datetime.datetime(2025, 6, 19, 17, 16, 8, tzinfo=<UTC>), delete_chat_photo=False, edit_date=datetime.datetime(2025, 6, 19, 17, 16, 21, tzinfo=<UTC>), from_user=User(first_name='SPRD', id=7707158318, is_bot=True, username='tizi91Bot'), group_chat_created=False, message_id=5641, reply_markup=InlineKeyboardMarkup(inline_keyboard=((InlineKeyboardButton(callback_data='show_balance', text='🔄 Refresh'), InlineKeyboardButton(callback_data='back_to_menu', text='🔙 Back to Menu')),)), supergroup_chat_created=False, text='Current Balance:\nSOL: 0.001771\nUSD: $0.25\n\nLast Update: 18:16:19')), update_id=37529846)
2025-06-19 18:16:24,295 - __main__ - INFO - Button callback received: Update(callback_query=CallbackQuery(chat_instance='-1307310250263184334', data='show_balance', from_user=User(first_name='Ghost', id=7049055170, is_bot=False, language_code='en', last_name='Number1'), id='2605345313867707844', message=Message(channel_chat_created=False, chat=Chat(first_name='Ghost', id=7049055170, last_name='Number1', type=<ChatType.PRIVATE>), date=datetime.datetime(2025, 6, 19, 17, 16, 8, tzinfo=<UTC>), delete_chat_photo=False, edit_date=datetime.datetime(2025, 6, 19, 17, 16, 21, tzinfo=<UTC>), from_user=User(first_name='SPRD', id=7707158318, is_bot=True, username='tizi91Bot'), group_chat_created=False, message_id=5641, reply_markup=InlineKeyboardMarkup(inline_keyboard=((InlineKeyboardButton(callback_data='show_balance', text='🔄 Refresh'), InlineKeyboardButton(callback_data='back_to_menu', text='🔙 Back to Menu')),)), supergroup_chat_created=False, text='Current Balance:\nSOL: 0.001771\nUSD: $0.25\n\nLast Update: 18:16:19')), update_id=37529846)
2025-06-19 18:16:24,295 - telegram.ext.ExtBot - DEBUG - Entering: answer_callback_query
2025-06-19 18:16:24,299 - httpcore.http11 - DEBUG - send_request_headers.started request=<Request [b'POST']>
2025-06-19 18:16:24,301 - httpcore.http11 - DEBUG - send_request_headers.complete
2025-06-19 18:16:24,301 - httpcore.http11 - DEBUG - send_request_body.started request=<Request [b'POST']>
2025-06-19 18:16:24,304 - httpcore.http11 - DEBUG - send_request_body.complete
2025-06-19 18:16:24,304 - httpcore.http11 - DEBUG - receive_response_headers.started request=<Request [b'POST']>
2025-06-19 18:16:24,394 - httpcore.http11 - DEBUG - receive_response_headers.complete return_value=(b'HTTP/1.1', 200, b'OK', [(b'Server', b'nginx/1.18.0'), (b'Date', b'Thu, 19 Jun 2025 17:16:25 GMT'), (b'Content-Type', b'application/json'), (b'Content-Length', b'25'), (b'Connection', b'keep-alive'), (b'Strict-Transport-Security', b'max-age=31536000; includeSubDomains; preload'), (b'Access-Control-Allow-Origin', b'*'), (b'Access-Control-Allow-Methods', b'GET, POST, OPTIONS'), (b'Access-Control-Expose-Headers', b'Content-Length,Content-Type,Date,Server,Connection')])
2025-06-19 18:16:24,396 - httpx - INFO - HTTP Request: POST https://api.telegram.org/bot7707158318:AAE8rWa4Q8Z_3avql6K0HAmXaooZAReoNF0/answerCallbackQuery "HTTP/1.1 200 OK"
2025-06-19 18:16:24,396 - httpcore.http11 - DEBUG - receive_response_body.started request=<Request [b'POST']>
2025-06-19 18:16:24,397 - httpcore.http11 - DEBUG - receive_response_body.complete
2025-06-19 18:16:24,397 - httpcore.http11 - DEBUG - response_closed.started
2025-06-19 18:16:24,398 - httpcore.http11 - DEBUG - response_closed.complete
2025-06-19 18:16:24,400 - telegram.ext.ExtBot - DEBUG - True
2025-06-19 18:16:24,400 - telegram.ext.ExtBot - DEBUG - Exiting: answer_callback_query
2025-06-19 18:16:24,401 - __main__ - INFO - Processing action: show_balance
2025-06-19 18:16:24,401 - __main__ - INFO - Processing show_balance action
2025-06-19 18:16:24,402 - __main__ - INFO - Reading wallet balance from: C:\Users\Rachid Aitali\OneDrive - 4JM Solutions Limited\Desktop\SniperX\SniperX\SniperX-V3\wallet_balance.json
2025-06-19 18:16:24,403 - __main__ - DEBUG - Raw wallet balance data: {'sol': '0.001771443', 'usd': '0.25473350340', 'sol_price': '143.80', 'timestamp': 1750353379.9174175}
2025-06-19 18:16:24,404 - __main__ - INFO - Successfully read balance - SOL: 0.001771443, USD: 0.25473350340, Age: 0.1 minutes
2025-06-19 18:16:24,405 - __main__ - INFO - Current balance after read: {'sol': Decimal('0.001771443'), 'usd': Decimal('0.25473350340'), 'timestamp': 1750353379.9174175}
2025-06-19 18:16:24,405 - __main__ - INFO - Wallet manager is running, reading balance...
2025-06-19 18:16:24,407 - __main__ - INFO - Reading wallet balance from: C:\Users\Rachid Aitali\OneDrive - 4JM Solutions Limited\Desktop\SniperX\SniperX\SniperX-V3\wallet_balance.json
2025-06-19 18:16:24,409 - __main__ - DEBUG - Raw wallet balance data: {'sol': '0.001771443', 'usd': '0.25473350340', 'sol_price': '143.80', 'timestamp': 1750353379.9174175}
2025-06-19 18:16:24,410 - __main__ - INFO - Successfully read balance - SOL: 0.001771443, USD: 0.25473350340, Age: 0.1 minutes
2025-06-19 18:16:24,411 - __main__ - INFO - Current balance: {'sol': Decimal('0.001771443'), 'usd': Decimal('0.25473350340'), 'timestamp': 1750353379.9174175}
2025-06-19 18:16:24,412 - __main__ - INFO - Balance retrieved successfully
2025-06-19 18:16:24,414 - telegram.ext.ExtBot - DEBUG - Entering: edit_message_text
2025-06-19 18:16:24,421 - httpcore.http11 - DEBUG - send_request_headers.started request=<Request [b'POST']>
2025-06-19 18:16:24,426 - httpcore.http11 - DEBUG - send_request_headers.complete
2025-06-19 18:16:24,426 - httpcore.http11 - DEBUG - send_request_body.started request=<Request [b'POST']>
2025-06-19 18:16:24,428 - httpcore.http11 - DEBUG - send_request_body.complete
2025-06-19 18:16:24,429 - httpcore.http11 - DEBUG - receive_response_headers.started request=<Request [b'POST']>
2025-06-19 18:16:24,505 - httpcore.http11 - DEBUG - receive_response_headers.complete return_value=(b'HTTP/1.1', 400, b'Bad Request', [(b'Server', b'nginx/1.18.0'), (b'Date', b'Thu, 19 Jun 2025 17:16:25 GMT'), (b'Content-Type', b'application/json'), (b'Content-Length', b'84'), (b'Connection', b'keep-alive'), (b'Strict-Transport-Security', b'max-age=31536000; includeSubDomains; preload'), (b'Access-Control-Allow-Origin', b'*'), (b'Access-Control-Expose-Headers', b'Content-Length,Content-Type,Date,Server,Connection')])
2025-06-19 18:16:24,505 - httpx - INFO - HTTP Request: POST https://api.telegram.org/bot7707158318:AAE8rWa4Q8Z_3avql6K0HAmXaooZAReoNF0/editMessageText "HTTP/1.1 400 Bad Request"
2025-06-19 18:16:24,506 - httpcore.http11 - DEBUG - receive_response_body.started request=<Request [b'POST']>
2025-06-19 18:16:24,507 - httpcore.http11 - DEBUG - receive_response_body.complete
2025-06-19 18:16:24,508 - httpcore.http11 - DEBUG - response_closed.started
2025-06-19 18:16:24,508 - httpcore.http11 - DEBUG - response_closed.complete
2025-06-19 18:16:24,510 - __main__ - ERROR - Error updating balance message: Message to edit not found
2025-06-19 18:16:24,511 - telegram.ext.ExtBot - DEBUG - Entering: delete_message
2025-06-19 18:16:24,514 - httpcore.http11 - DEBUG - send_request_headers.started request=<Request [b'POST']>
2025-06-19 18:16:24,515 - httpcore.http11 - DEBUG - send_request_headers.complete
2025-06-19 18:16:24,515 - httpcore.http11 - DEBUG - send_request_body.started request=<Request [b'POST']>
2025-06-19 18:16:24,517 - httpcore.http11 - DEBUG - send_request_body.complete
2025-06-19 18:16:24,518 - httpcore.http11 - DEBUG - receive_response_headers.started request=<Request [b'POST']>
2025-06-19 18:16:24,589 - httpcore.http11 - DEBUG - receive_response_headers.complete return_value=(b'HTTP/1.1', 400, b'Bad Request', [(b'Server', b'nginx/1.18.0'), (b'Date', b'Thu, 19 Jun 2025 17:16:25 GMT'), (b'Content-Type', b'application/json'), (b'Content-Length', b'86'), (b'Connection', b'keep-alive'), (b'Strict-Transport-Security', b'max-age=31536000; includeSubDomains; preload'), (b'Access-Control-Allow-Origin', b'*'), (b'Access-Control-Expose-Headers', b'Content-Length,Content-Type,Date,Server,Connection')])
2025-06-19 18:16:24,591 - httpx - INFO - HTTP Request: POST https://api.telegram.org/bot7707158318:AAE8rWa4Q8Z_3avql6K0HAmXaooZAReoNF0/deleteMessage "HTTP/1.1 400 Bad Request"
2025-06-19 18:16:24,593 - httpcore.http11 - DEBUG - receive_response_body.started request=<Request [b'POST']>
2025-06-19 18:16:24,594 - httpcore.http11 - DEBUG - receive_response_body.complete
2025-06-19 18:16:24,594 - httpcore.http11 - DEBUG - response_closed.started
2025-06-19 18:16:24,596 - httpcore.http11 - DEBUG - response_closed.complete
2025-06-19 18:16:24,598 - __main__ - ERROR - Error handling message update: Message to delete not found
2025-06-19 18:16:25,827 - httpcore.http11 - DEBUG - receive_response_headers.complete return_value=(b'HTTP/1.1', 200, b'OK', [(b'Server', b'nginx/1.18.0'), (b'Date', b'Thu, 19 Jun 2025 17:16:26 GMT'), (b'Content-Type', b'application/json'), (b'Content-Length', b'720'), (b'Connection', b'keep-alive'), (b'Strict-Transport-Security', b'max-age=31536000; includeSubDomains; preload'), (b'Access-Control-Allow-Origin', b'*'), (b'Access-Control-Allow-Methods', b'GET, POST, OPTIONS'), (b'Access-Control-Expose-Headers', b'Content-Length,Content-Type,Date,Server,Connection')])
2025-06-19 18:16:25,832 - httpx - INFO - HTTP Request: POST https://api.telegram.org/bot7707158318:AAE8rWa4Q8Z_3avql6K0HAmXaooZAReoNF0/getUpdates "HTTP/1.1 200 OK"
2025-06-19 18:16:25,834 - httpcore.http11 - DEBUG - receive_response_body.started request=<Request [b'POST']>
2025-06-19 18:16:25,835 - httpcore.http11 - DEBUG - receive_response_body.complete
2025-06-19 18:16:25,835 - httpcore.http11 - DEBUG - response_closed.started
2025-06-19 18:16:25,837 - httpcore.http11 - DEBUG - response_closed.complete
2025-06-19 18:16:25,838 - telegram.ext.ExtBot - DEBUG - Getting updates: [37529847]
2025-06-19 18:16:25,840 - telegram.ext.ExtBot - DEBUG - (Update(callback_query=CallbackQuery(chat_instance='-1307310250263184334', data='show_balance', from_user=User(first_name='Ghost', id=7049055170, is_bot=False, language_code='en', last_name='Number1'), id='2605345316469179078', message=Message(channel_chat_created=False, chat=Chat(first_name='Ghost', id=7049055170, last_name='Number1', type=<ChatType.PRIVATE>), date=datetime.datetime(2025, 6, 19, 17, 16, 25, tzinfo=<UTC>), delete_chat_photo=False, from_user=User(first_name='SPRD', id=7707158318, is_bot=True, username='tizi91Bot'), group_chat_created=False, message_id=5642, reply_markup=InlineKeyboardMarkup(inline_keyboard=((InlineKeyboardButton(callback_data='show_balance', text='🔄 Refresh'), InlineKeyboardButton(callback_data='back_to_menu', text='🔙 Back to Menu')),)), supergroup_chat_created=False, text='Current Balance:\nSOL: 0.001771\nUSD: $0.25\n\nLast Update: 18:16:19')), update_id=37529847),)
2025-06-19 18:16:25,842 - telegram.ext.ExtBot - DEBUG - Exiting: get_updates
2025-06-19 18:16:25,842 - telegram.ext.ExtBot - DEBUG - Entering: get_updates
2025-06-19 18:16:25,850 - telegram.ext.Application - DEBUG - Processing update Update(callback_query=CallbackQuery(chat_instance='-1307310250263184334', data='show_balance', from_user=User(first_name='Ghost', id=7049055170, is_bot=False, language_code='en', last_name='Number1'), id='2605345316469179078', message=Message(channel_chat_created=False, chat=Chat(first_name='Ghost', id=7049055170, last_name='Number1', type=<ChatType.PRIVATE>), date=datetime.datetime(2025, 6, 19, 17, 16, 25, tzinfo=<UTC>), delete_chat_photo=False, from_user=User(first_name='SPRD', id=7707158318, is_bot=True, username='tizi91Bot'), group_chat_created=False, message_id=5642, reply_markup=InlineKeyboardMarkup(inline_keyboard=((InlineKeyboardButton(callback_data='show_balance', text='🔄 Refresh'), InlineKeyboardButton(callback_data='back_to_menu', text='🔙 Back to Menu')),)), supergroup_chat_created=False, text='Current Balance:\nSOL: 0.001771\nUSD: $0.25\n\nLast Update: 18:16:19')), update_id=37529847)
2025-06-19 18:16:25,855 - __main__ - INFO - Button callback received: Update(callback_query=CallbackQuery(chat_instance='-1307310250263184334', data='show_balance', from_user=User(first_name='Ghost', id=7049055170, is_bot=False, language_code='en', last_name='Number1'), id='2605345316469179078', message=Message(channel_chat_created=False, chat=Chat(first_name='Ghost', id=7049055170, last_name='Number1', type=<ChatType.PRIVATE>), date=datetime.datetime(2025, 6, 19, 17, 16, 25, tzinfo=<UTC>), delete_chat_photo=False, from_user=User(first_name='SPRD', id=7707158318, is_bot=True, username='tizi91Bot'), group_chat_created=False, message_id=5642, reply_markup=InlineKeyboardMarkup(inline_keyboard=((InlineKeyboardButton(callback_data='show_balance', text='🔄 Refresh'), InlineKeyboardButton(callback_data='back_to_menu', text='🔙 Back to Menu')),)), supergroup_chat_created=False, text='Current Balance:\nSOL: 0.001771\nUSD: $0.25\n\nLast Update: 18:16:19')), update_id=37529847)
2025-06-19 18:16:25,856 - telegram.ext.ExtBot - DEBUG - Entering: answer_callback_query
2025-06-19 18:16:25,865 - httpcore.http11 - DEBUG - send_request_headers.started request=<Request [b'POST']>
2025-06-19 18:16:25,867 - httpcore.http11 - DEBUG - send_request_headers.started request=<Request [b'POST']>
2025-06-19 18:16:25,869 - httpcore.http11 - DEBUG - send_request_headers.complete
2025-06-19 18:16:25,871 - httpcore.http11 - DEBUG - send_request_body.started request=<Request [b'POST']>
2025-06-19 18:16:25,872 - httpcore.http11 - DEBUG - send_request_headers.complete
2025-06-19 18:16:25,872 - httpcore.http11 - DEBUG - send_request_body.started request=<Request [b'POST']>
2025-06-19 18:16:25,874 - httpcore.http11 - DEBUG - send_request_body.complete
2025-06-19 18:16:25,875 - httpcore.http11 - DEBUG - receive_response_headers.started request=<Request [b'POST']>
2025-06-19 18:16:25,878 - httpcore.http11 - DEBUG - send_request_body.complete
2025-06-19 18:16:25,879 - httpcore.http11 - DEBUG - receive_response_headers.started request=<Request [b'POST']>
2025-06-19 18:16:25,972 - httpcore.http11 - DEBUG - receive_response_headers.complete return_value=(b'HTTP/1.1', 200, b'OK', [(b'Server', b'nginx/1.18.0'), (b'Date', b'Thu, 19 Jun 2025 17:16:27 GMT'), (b'Content-Type', b'application/json'), (b'Content-Length', b'25'), (b'Connection', b'keep-alive'), (b'Strict-Transport-Security', b'max-age=31536000; includeSubDomains; preload'), (b'Access-Control-Allow-Origin', b'*'), (b'Access-Control-Allow-Methods', b'GET, POST, OPTIONS'), (b'Access-Control-Expose-Headers', b'Content-Length,Content-Type,Date,Server,Connection')])
2025-06-19 18:16:25,974 - httpx - INFO - HTTP Request: POST https://api.telegram.org/bot7707158318:AAE8rWa4Q8Z_3avql6K0HAmXaooZAReoNF0/answerCallbackQuery "HTTP/1.1 200 OK"
2025-06-19 18:16:25,975 - httpcore.http11 - DEBUG - receive_response_body.started request=<Request [b'POST']>
2025-06-19 18:16:25,976 - httpcore.http11 - DEBUG - receive_response_body.complete
2025-06-19 18:16:25,976 - httpcore.http11 - DEBUG - response_closed.started
2025-06-19 18:16:25,977 - httpcore.http11 - DEBUG - response_closed.complete
2025-06-19 18:16:25,977 - telegram.ext.ExtBot - DEBUG - True
2025-06-19 18:16:25,977 - telegram.ext.ExtBot - DEBUG - Exiting: answer_callback_query
2025-06-19 18:16:25,979 - __main__ - INFO - Processing action: show_balance
2025-06-19 18:16:25,980 - __main__ - INFO - Processing show_balance action
2025-06-19 18:16:25,982 - __main__ - INFO - Reading wallet balance from: C:\Users\Rachid Aitali\OneDrive - 4JM Solutions Limited\Desktop\SniperX\SniperX\SniperX-V3\wallet_balance.json
2025-06-19 18:16:25,983 - __main__ - DEBUG - Raw wallet balance data: {'sol': '0.001771443', 'usd': '0.25473350340', 'sol_price': '143.80', 'timestamp': 1750353379.9174175}
2025-06-19 18:16:25,985 - __main__ - INFO - Successfully read balance - SOL: 0.001771443, USD: 0.25473350340, Age: 0.1 minutes
2025-06-19 18:16:25,985 - __main__ - INFO - Current balance after read: {'sol': Decimal('0.001771443'), 'usd': Decimal('0.25473350340'), 'timestamp': 1750353379.9174175}
2025-06-19 18:16:25,987 - __main__ - INFO - Wallet manager is running, reading balance...
2025-06-19 18:16:25,988 - __main__ - INFO - Reading wallet balance from: C:\Users\Rachid Aitali\OneDrive - 4JM Solutions Limited\Desktop\SniperX\SniperX\SniperX-V3\wallet_balance.json
2025-06-19 18:16:25,990 - __main__ - DEBUG - Raw wallet balance data: {'sol': '0.001771443', 'usd': '0.25473350340', 'sol_price': '143.80', 'timestamp': 1750353379.9174175}
2025-06-19 18:16:25,990 - __main__ - INFO - Successfully read balance - SOL: 0.001771443, USD: 0.25473350340, Age: 0.1 minutes
2025-06-19 18:16:25,991 - __main__ - INFO - Current balance: {'sol': Decimal('0.001771443'), 'usd': Decimal('0.25473350340'), 'timestamp': 1750353379.9174175}
2025-06-19 18:16:25,992 - __main__ - INFO - Balance retrieved successfully
2025-06-19 18:16:25,993 - telegram.ext.ExtBot - DEBUG - Entering: edit_message_text
2025-06-19 18:16:25,996 - httpcore.http11 - DEBUG - send_request_headers.started request=<Request [b'POST']>
2025-06-19 18:16:26,000 - httpcore.http11 - DEBUG - send_request_headers.complete
2025-06-19 18:16:26,001 - httpcore.http11 - DEBUG - send_request_body.started request=<Request [b'POST']>
2025-06-19 18:16:26,003 - httpcore.http11 - DEBUG - send_request_body.complete
2025-06-19 18:16:26,003 - httpcore.http11 - DEBUG - receive_response_headers.started request=<Request [b'POST']>
2025-06-19 18:16:26,100 - httpcore.http11 - DEBUG - receive_response_headers.complete return_value=(b'HTTP/1.1', 400, b'Bad Request', [(b'Server', b'nginx/1.18.0'), (b'Date', b'Thu, 19 Jun 2025 17:16:27 GMT'), (b'Content-Type', b'application/json'), (b'Content-Length', b'204'), (b'Connection', b'keep-alive'), (b'Strict-Transport-Security', b'max-age=31536000; includeSubDomains; preload'), (b'Access-Control-Allow-Origin', b'*'), (b'Access-Control-Expose-Headers', b'Content-Length,Content-Type,Date,Server,Connection')])
2025-06-19 18:16:26,102 - httpx - INFO - HTTP Request: POST https://api.telegram.org/bot7707158318:AAE8rWa4Q8Z_3avql6K0HAmXaooZAReoNF0/editMessageText "HTTP/1.1 400 Bad Request"
2025-06-19 18:16:26,104 - httpcore.http11 - DEBUG - receive_response_body.started request=<Request [b'POST']>
2025-06-19 18:16:26,105 - httpcore.http11 - DEBUG - receive_response_body.complete
2025-06-19 18:16:26,106 - httpcore.http11 - DEBUG - response_closed.started
2025-06-19 18:16:26,106 - httpcore.http11 - DEBUG - response_closed.complete
2025-06-19 18:16:26,107 - __main__ - ERROR - Error updating balance message: Message is not modified: specified new message content and reply markup are exactly the same as a current content and reply markup of the message
2025-06-19 18:16:26,109 - telegram.ext.ExtBot - DEBUG - Entering: delete_message
2025-06-19 18:16:26,114 - httpcore.http11 - DEBUG - send_request_headers.started request=<Request [b'POST']>
2025-06-19 18:16:26,117 - httpcore.http11 - DEBUG - send_request_headers.complete
2025-06-19 18:16:26,118 - httpcore.http11 - DEBUG - send_request_body.started request=<Request [b'POST']>
2025-06-19 18:16:26,121 - httpcore.http11 - DEBUG - send_request_body.complete
2025-06-19 18:16:26,121 - httpcore.http11 - DEBUG - receive_response_headers.started request=<Request [b'POST']>
2025-06-19 18:16:26,216 - httpcore.http11 - DEBUG - receive_response_headers.complete return_value=(b'HTTP/1.1', 200, b'OK', [(b'Server', b'nginx/1.18.0'), (b'Date', b'Thu, 19 Jun 2025 17:16:27 GMT'), (b'Content-Type', b'application/json'), (b'Content-Length', b'25'), (b'Connection', b'keep-alive'), (b'Strict-Transport-Security', b'max-age=31536000; includeSubDomains; preload'), (b'Access-Control-Allow-Origin', b'*'), (b'Access-Control-Allow-Methods', b'GET, POST, OPTIONS'), (b'Access-Control-Expose-Headers', b'Content-Length,Content-Type,Date,Server,Connection')])
2025-06-19 18:16:26,218 - httpx - INFO - HTTP Request: POST https://api.telegram.org/bot7707158318:AAE8rWa4Q8Z_3avql6K0HAmXaooZAReoNF0/deleteMessage "HTTP/1.1 200 OK"
2025-06-19 18:16:26,219 - httpcore.http11 - DEBUG - receive_response_body.started request=<Request [b'POST']>
2025-06-19 18:16:26,221 - httpcore.http11 - DEBUG - receive_response_body.complete
2025-06-19 18:16:26,221 - httpcore.http11 - DEBUG - response_closed.started
2025-06-19 18:16:26,222 - httpcore.http11 - DEBUG - response_closed.complete
2025-06-19 18:16:26,225 - telegram.ext.ExtBot - DEBUG - True
2025-06-19 18:16:26,225 - telegram.ext.ExtBot - DEBUG - Exiting: delete_message
2025-06-19 18:16:26,225 - telegram.ext.ExtBot - DEBUG - Entering: send_message
2025-06-19 18:16:26,233 - httpcore.http11 - DEBUG - send_request_headers.started request=<Request [b'POST']>
2025-06-19 18:16:26,236 - httpcore.http11 - DEBUG - send_request_headers.complete
2025-06-19 18:16:26,237 - httpcore.http11 - DEBUG - send_request_body.started request=<Request [b'POST']>
2025-06-19 18:16:26,239 - httpcore.http11 - DEBUG - send_request_body.complete
2025-06-19 18:16:26,240 - httpcore.http11 - DEBUG - receive_response_headers.started request=<Request [b'POST']>
2025-06-19 18:16:26,449 - httpcore.http11 - DEBUG - receive_response_headers.complete return_value=(b'HTTP/1.1', 200, b'OK', [(b'Server', b'nginx/1.18.0'), (b'Date', b'Thu, 19 Jun 2025 17:16:27 GMT'), (b'Content-Type', b'application/json'), (b'Content-Length', b'473'), (b'Connection', b'keep-alive'), (b'Strict-Transport-Security', b'max-age=31536000; includeSubDomains; preload'), (b'Access-Control-Allow-Origin', b'*'), (b'Access-Control-Allow-Methods', b'GET, POST, OPTIONS'), (b'Access-Control-Expose-Headers', b'Content-Length,Content-Type,Date,Server,Connection')])
2025-06-19 18:16:26,450 - httpx - INFO - HTTP Request: POST https://api.telegram.org/bot7707158318:AAE8rWa4Q8Z_3avql6K0HAmXaooZAReoNF0/sendMessage "HTTP/1.1 200 OK"
2025-06-19 18:16:26,451 - httpcore.http11 - DEBUG - receive_response_body.started request=<Request [b'POST']>
2025-06-19 18:16:26,453 - httpcore.http11 - DEBUG - receive_response_body.complete
2025-06-19 18:16:26,453 - httpcore.http11 - DEBUG - response_closed.started
2025-06-19 18:16:26,453 - httpcore.http11 - DEBUG - response_closed.complete
2025-06-19 18:16:26,457 - telegram.ext.ExtBot - DEBUG - Message(channel_chat_created=False, chat=Chat(first_name='Ghost', id=7049055170, last_name='Number1', type=<ChatType.PRIVATE>), date=datetime.datetime(2025, 6, 19, 17, 16, 27, tzinfo=<UTC>), delete_chat_photo=False, from_user=User(first_name='SPRD', id=7707158318, is_bot=True, username='tizi91Bot'), group_chat_created=False, message_id=5643, reply_markup=InlineKeyboardMarkup(inline_keyboard=((InlineKeyboardButton(callback_data='show_balance', text='🔄 Refresh'), InlineKeyboardButton(callback_data='back_to_menu', text='🔙 Back to Menu')),)), supergroup_chat_created=False, text='Current Balance:\nSOL: 0.001771\nUSD: $0.25\n\nLast Update: 18:16:19')
2025-06-19 18:16:26,458 - telegram.ext.ExtBot - DEBUG - Exiting: send_message
2025-06-19 18:16:28,183 - httpcore.http11 - DEBUG - receive_response_headers.complete return_value=(b'HTTP/1.1', 200, b'OK', [(b'Server', b'nginx/1.18.0'), (b'Date', b'Thu, 19 Jun 2025 17:16:29 GMT'), (b'Content-Type', b'application/json'), (b'Content-Length', b'720'), (b'Connection', b'keep-alive'), (b'Strict-Transport-Security', b'max-age=31536000; includeSubDomains; preload'), (b'Access-Control-Allow-Origin', b'*'), (b'Access-Control-Allow-Methods', b'GET, POST, OPTIONS'), (b'Access-Control-Expose-Headers', b'Content-Length,Content-Type,Date,Server,Connection')])
2025-06-19 18:16:28,185 - httpx - INFO - HTTP Request: POST https://api.telegram.org/bot7707158318:AAE8rWa4Q8Z_3avql6K0HAmXaooZAReoNF0/getUpdates "HTTP/1.1 200 OK"
2025-06-19 18:16:28,188 - httpcore.http11 - DEBUG - receive_response_body.started request=<Request [b'POST']>
2025-06-19 18:16:28,189 - httpcore.http11 - DEBUG - receive_response_body.complete
2025-06-19 18:16:28,189 - httpcore.http11 - DEBUG - response_closed.started
2025-06-19 18:16:28,190 - httpcore.http11 - DEBUG - response_closed.complete
2025-06-19 18:16:28,191 - telegram.ext.ExtBot - DEBUG - Getting updates: [37529848]
2025-06-19 18:16:28,193 - telegram.ext.ExtBot - DEBUG - (Update(callback_query=CallbackQuery(chat_instance='-1307310250263184334', data='back_to_menu', from_user=User(first_name='Ghost', id=7049055170, is_bot=False, language_code='en', last_name='Number1'), id='2605345314753581786', message=Message(channel_chat_created=False, chat=Chat(first_name='Ghost', id=7049055170, last_name='Number1', type=<ChatType.PRIVATE>), date=datetime.datetime(2025, 6, 19, 17, 16, 27, tzinfo=<UTC>), delete_chat_photo=False, from_user=User(first_name='SPRD', id=7707158318, is_bot=True, username='tizi91Bot'), group_chat_created=False, message_id=5643, reply_markup=InlineKeyboardMarkup(inline_keyboard=((InlineKeyboardButton(callback_data='show_balance', text='🔄 Refresh'), InlineKeyboardButton(callback_data='back_to_menu', text='🔙 Back to Menu')),)), supergroup_chat_created=False, text='Current Balance:\nSOL: 0.001771\nUSD: $0.25\n\nLast Update: 18:16:19')), update_id=37529848),)
2025-06-19 18:16:28,198 - telegram.ext.ExtBot - DEBUG - Exiting: get_updates
2025-06-19 18:16:28,199 - telegram.ext.ExtBot - DEBUG - Entering: get_updates
2025-06-19 18:16:28,202 - telegram.ext.Application - DEBUG - Processing update Update(callback_query=CallbackQuery(chat_instance='-1307310250263184334', data='back_to_menu', from_user=User(first_name='Ghost', id=7049055170, is_bot=False, language_code='en', last_name='Number1'), id='2605345314753581786', message=Message(channel_chat_created=False, chat=Chat(first_name='Ghost', id=7049055170, last_name='Number1', type=<ChatType.PRIVATE>), date=datetime.datetime(2025, 6, 19, 17, 16, 27, tzinfo=<UTC>), delete_chat_photo=False, from_user=User(first_name='SPRD', id=7707158318, is_bot=True, username='tizi91Bot'), group_chat_created=False, message_id=5643, reply_markup=InlineKeyboardMarkup(inline_keyboard=((InlineKeyboardButton(callback_data='show_balance', text='🔄 Refresh'), InlineKeyboardButton(callback_data='back_to_menu', text='🔙 Back to Menu')),)), supergroup_chat_created=False, text='Current Balance:\nSOL: 0.001771\nUSD: $0.25\n\nLast Update: 18:16:19')), update_id=37529848)
2025-06-19 18:16:28,207 - __main__ - INFO - Button callback received: Update(callback_query=CallbackQuery(chat_instance='-1307310250263184334', data='back_to_menu', from_user=User(first_name='Ghost', id=7049055170, is_bot=False, language_code='en', last_name='Number1'), id='2605345314753581786', message=Message(channel_chat_created=False, chat=Chat(first_name='Ghost', id=7049055170, last_name='Number1', type=<ChatType.PRIVATE>), date=datetime.datetime(2025, 6, 19, 17, 16, 27, tzinfo=<UTC>), delete_chat_photo=False, from_user=User(first_name='SPRD', id=7707158318, is_bot=True, username='tizi91Bot'), group_chat_created=False, message_id=5643, reply_markup=InlineKeyboardMarkup(inline_keyboard=((InlineKeyboardButton(callback_data='show_balance', text='🔄 Refresh'), InlineKeyboardButton(callback_data='back_to_menu', text='🔙 Back to Menu')),)), supergroup_chat_created=False, text='Current Balance:\nSOL: 0.001771\nUSD: $0.25\n\nLast Update: 18:16:19')), update_id=37529848)
2025-06-19 18:16:28,216 - telegram.ext.ExtBot - DEBUG - Entering: answer_callback_query
2025-06-19 18:16:28,220 - httpcore.http11 - DEBUG - send_request_headers.started request=<Request [b'POST']>
2025-06-19 18:16:28,221 - httpcore.http11 - DEBUG - send_request_headers.started request=<Request [b'POST']>
2025-06-19 18:16:28,223 - httpcore.http11 - DEBUG - send_request_headers.complete
2025-06-19 18:16:28,223 - httpcore.http11 - DEBUG - send_request_body.started request=<Request [b'POST']>
2025-06-19 18:16:28,231 - httpcore.http11 - DEBUG - send_request_headers.complete
2025-06-19 18:16:28,233 - httpcore.http11 - DEBUG - send_request_body.started request=<Request [b'POST']>
2025-06-19 18:16:28,245 - httpcore.http11 - DEBUG - send_request_body.complete
2025-06-19 18:16:28,245 - httpcore.http11 - DEBUG - receive_response_headers.started request=<Request [b'POST']>
2025-06-19 18:16:28,249 - httpcore.http11 - DEBUG - send_request_body.complete
2025-06-19 18:16:28,251 - httpcore.http11 - DEBUG - receive_response_headers.started request=<Request [b'POST']>
2025-06-19 18:16:28,337 - httpcore.http11 - DEBUG - receive_response_headers.complete return_value=(b'HTTP/1.1', 200, b'OK', [(b'Server', b'nginx/1.18.0'), (b'Date', b'Thu, 19 Jun 2025 17:16:29 GMT'), (b'Content-Type', b'application/json'), (b'Content-Length', b'25'), (b'Connection', b'keep-alive'), (b'Strict-Transport-Security', b'max-age=31536000; includeSubDomains; preload'), (b'Access-Control-Allow-Origin', b'*'), (b'Access-Control-Allow-Methods', b'GET, POST, OPTIONS'), (b'Access-Control-Expose-Headers', b'Content-Length,Content-Type,Date,Server,Connection')])
2025-06-19 18:16:28,338 - httpx - INFO - HTTP Request: POST https://api.telegram.org/bot7707158318:AAE8rWa4Q8Z_3avql6K0HAmXaooZAReoNF0/answerCallbackQuery "HTTP/1.1 200 OK"
2025-06-19 18:16:28,340 - httpcore.http11 - DEBUG - receive_response_body.started request=<Request [b'POST']>
2025-06-19 18:16:28,340 - httpcore.http11 - DEBUG - receive_response_body.complete
2025-06-19 18:16:28,341 - httpcore.http11 - DEBUG - response_closed.started
2025-06-19 18:16:28,342 - httpcore.http11 - DEBUG - response_closed.complete
2025-06-19 18:16:28,343 - telegram.ext.ExtBot - DEBUG - True
2025-06-19 18:16:28,344 - telegram.ext.ExtBot - DEBUG - Exiting: answer_callback_query
2025-06-19 18:16:28,344 - __main__ - INFO - Processing action: back_to_menu
2025-06-19 18:16:28,346 - telegram.ext.ExtBot - DEBUG - Entering: edit_message_text
2025-06-19 18:16:28,353 - httpcore.http11 - DEBUG - send_request_headers.started request=<Request [b'POST']>
2025-06-19 18:16:28,355 - httpcore.http11 - DEBUG - send_request_headers.complete
2025-06-19 18:16:28,356 - httpcore.http11 - DEBUG - send_request_body.started request=<Request [b'POST']>
2025-06-19 18:16:28,357 - httpcore.http11 - DEBUG - send_request_body.complete
2025-06-19 18:16:28,357 - httpcore.http11 - DEBUG - receive_response_headers.started request=<Request [b'POST']>
2025-06-19 18:16:28,465 - httpcore.http11 - DEBUG - receive_response_headers.complete return_value=(b'HTTP/1.1', 200, b'OK', [(b'Server', b'nginx/1.18.0'), (b'Date', b'Thu, 19 Jun 2025 17:16:29 GMT'), (b'Content-Type', b'application/json'), (b'Content-Length', b'592'), (b'Connection', b'keep-alive'), (b'Strict-Transport-Security', b'max-age=31536000; includeSubDomains; preload'), (b'Access-Control-Allow-Origin', b'*'), (b'Access-Control-Allow-Methods', b'GET, POST, OPTIONS'), (b'Access-Control-Expose-Headers', b'Content-Length,Content-Type,Date,Server,Connection')])
2025-06-19 18:16:28,468 - httpx - INFO - HTTP Request: POST https://api.telegram.org/bot7707158318:AAE8rWa4Q8Z_3avql6K0HAmXaooZAReoNF0/editMessageText "HTTP/1.1 200 OK"
2025-06-19 18:16:28,470 - httpcore.http11 - DEBUG - receive_response_body.started request=<Request [b'POST']>
2025-06-19 18:16:28,471 - httpcore.http11 - DEBUG - receive_response_body.complete
2025-06-19 18:16:28,471 - httpcore.http11 - DEBUG - response_closed.started
2025-06-19 18:16:28,472 - httpcore.http11 - DEBUG - response_closed.complete
2025-06-19 18:16:28,475 - telegram.ext.ExtBot - DEBUG - Message(channel_chat_created=False, chat=Chat(first_name='Ghost', id=7049055170, last_name='Number1', type=<ChatType.PRIVATE>), date=datetime.datetime(2025, 6, 19, 17, 16, 27, tzinfo=<UTC>), delete_chat_photo=False, edit_date=datetime.datetime(2025, 6, 19, 17, 16, 29, tzinfo=<UTC>), from_user=User(first_name='SPRD', id=7707158318, is_bot=True, username='tizi91Bot'), group_chat_created=False, message_id=5643, reply_markup=InlineKeyboardMarkup(inline_keyboard=((InlineKeyboardButton(callback_data='start_sniperx', text='🚀 Start SniperX'),), (InlineKeyboardButton(callback_data='stop_sniperx', text='🛑 Stop SniperX'), InlineKeyboardButton(callback_data='status_sniperx', text='📊 Status')), (InlineKeyboardButton(callback_data='show_balance', text='💰 Balance'),))), supergroup_chat_created=False, text='SniperX Bot Control Panel:')
2025-06-19 18:16:28,477 - telegram.ext.ExtBot - DEBUG - Exiting: edit_message_text
2025-06-19 18:16:38,325 - httpcore.http11 - DEBUG - receive_response_headers.complete return_value=(b'HTTP/1.1', 200, b'OK', [(b'Server', b'nginx/1.18.0'), (b'Date', b'Thu, 19 Jun 2025 17:16:39 GMT'), (b'Content-Type', b'application/json'), (b'Content-Length', b'23'), (b'Connection', b'keep-alive'), (b'Strict-Transport-Security', b'max-age=31536000; includeSubDomains; preload'), (b'Access-Control-Allow-Origin', b'*'), (b'Access-Control-Allow-Methods', b'GET, POST, OPTIONS'), (b'Access-Control-Expose-Headers', b'Content-Length,Content-Type,Date,Server,Connection')])
2025-06-19 18:16:38,327 - httpx - INFO - HTTP Request: POST https://api.telegram.org/bot7707158318:AAE8rWa4Q8Z_3avql6K0HAmXaooZAReoNF0/getUpdates "HTTP/1.1 200 OK"
2025-06-19 18:16:38,330 - httpcore.http11 - DEBUG - receive_response_body.started request=<Request [b'POST']>
2025-06-19 18:16:38,330 - httpcore.http11 - DEBUG - receive_response_body.complete
2025-06-19 18:16:38,330 - httpcore.http11 - DEBUG - response_closed.started
2025-06-19 18:16:38,331 - httpcore.http11 - DEBUG - response_closed.complete
2025-06-19 18:16:38,331 - telegram.ext.ExtBot - DEBUG - No new updates found.
2025-06-19 18:16:38,331 - telegram.ext.ExtBot - DEBUG - ()
2025-06-19 18:16:38,333 - telegram.ext.ExtBot - DEBUG - Exiting: get_updates
2025-06-19 18:16:38,333 - telegram.ext.ExtBot - DEBUG - Entering: get_updates
2025-06-19 18:16:38,337 - httpcore.http11 - DEBUG - send_request_headers.started request=<Request [b'POST']>
2025-06-19 18:16:38,339 - httpcore.http11 - DEBUG - send_request_headers.complete
2025-06-19 18:16:38,339 - httpcore.http11 - DEBUG - send_request_body.started request=<Request [b'POST']>
2025-06-19 18:16:38,339 - httpcore.http11 - DEBUG - send_request_body.complete
2025-06-19 18:16:38,339 - httpcore.http11 - DEBUG - receive_response_headers.started request=<Request [b'POST']>
2025-06-19 18:16:48,613 - httpcore.http11 - DEBUG - receive_response_headers.complete return_value=(b'HTTP/1.1', 200, b'OK', [(b'Server', b'nginx/1.18.0'), (b'Date', b'Thu, 19 Jun 2025 17:16:49 GMT'), (b'Content-Type', b'application/json'), (b'Content-Length', b'23'), (b'Connection', b'keep-alive'), (b'Strict-Transport-Security', b'max-age=31536000; includeSubDomains; preload'), (b'Access-Control-Allow-Origin', b'*'), (b'Access-Control-Allow-Methods', b'GET, POST, OPTIONS'), (b'Access-Control-Expose-Headers', b'Content-Length,Content-Type,Date,Server,Connection')])
2025-06-19 18:16:48,614 - httpx - INFO - HTTP Request: POST https://api.telegram.org/bot7707158318:AAE8rWa4Q8Z_3avql6K0HAmXaooZAReoNF0/getUpdates "HTTP/1.1 200 OK"
2025-06-19 18:16:48,615 - httpcore.http11 - DEBUG - receive_response_body.started request=<Request [b'POST']>
2025-06-19 18:16:48,615 - httpcore.http11 - DEBUG - receive_response_body.complete
2025-06-19 18:16:48,615 - httpcore.http11 - DEBUG - response_closed.started
2025-06-19 18:16:48,615 - httpcore.http11 - DEBUG - response_closed.complete
2025-06-19 18:16:48,618 - telegram.ext.ExtBot - DEBUG - No new updates found.
2025-06-19 18:16:48,618 - telegram.ext.ExtBot - DEBUG - ()
2025-06-19 18:16:48,619 - telegram.ext.ExtBot - DEBUG - Exiting: get_updates
2025-06-19 18:16:48,620 - telegram.ext.ExtBot - DEBUG - Entering: get_updates
2025-06-19 18:16:48,623 - httpcore.http11 - DEBUG - send_request_headers.started request=<Request [b'POST']>
2025-06-19 18:16:48,627 - httpcore.http11 - DEBUG - send_request_headers.complete
2025-06-19 18:16:48,627 - httpcore.http11 - DEBUG - send_request_body.started request=<Request [b'POST']>
2025-06-19 18:16:48,628 - httpcore.http11 - DEBUG - send_request_body.complete
2025-06-19 18:16:48,629 - httpcore.http11 - DEBUG - receive_response_headers.started request=<Request [b'POST']>
2025-06-19 18:16:58,717 - httpcore.http11 - DEBUG - receive_response_headers.complete return_value=(b'HTTP/1.1', 200, b'OK', [(b'Server', b'nginx/1.18.0'), (b'Date', b'Thu, 19 Jun 2025 17:16:59 GMT'), (b'Content-Type', b'application/json'), (b'Content-Length', b'23'), (b'Connection', b'keep-alive'), (b'Strict-Transport-Security', b'max-age=31536000; includeSubDomains; preload'), (b'Access-Control-Allow-Origin', b'*'), (b'Access-Control-Allow-Methods', b'GET, POST, OPTIONS'), (b'Access-Control-Expose-Headers', b'Content-Length,Content-Type,Date,Server,Connection')])
2025-06-19 18:16:58,718 - httpx - INFO - HTTP Request: POST https://api.telegram.org/bot7707158318:AAE8rWa4Q8Z_3avql6K0HAmXaooZAReoNF0/getUpdates "HTTP/1.1 200 OK"
2025-06-19 18:16:58,730 - httpcore.http11 - DEBUG - receive_response_body.started request=<Request [b'POST']>
2025-06-19 18:16:58,731 - httpcore.http11 - DEBUG - receive_response_body.complete
2025-06-19 18:16:58,731 - httpcore.http11 - DEBUG - response_closed.started
2025-06-19 18:16:58,732 - httpcore.http11 - DEBUG - response_closed.complete
2025-06-19 18:16:58,733 - telegram.ext.ExtBot - DEBUG - No new updates found.
2025-06-19 18:16:58,748 - telegram.ext.ExtBot - DEBUG - ()
2025-06-19 18:16:58,749 - telegram.ext.ExtBot - DEBUG - Exiting: get_updates
2025-06-19 18:16:58,749 - telegram.ext.ExtBot - DEBUG - Entering: get_updates
2025-06-19 18:16:58,759 - httpcore.http11 - DEBUG - send_request_headers.started request=<Request [b'POST']>
2025-06-19 18:16:58,775 - httpcore.http11 - DEBUG - send_request_headers.complete
2025-06-19 18:16:58,779 - httpcore.http11 - DEBUG - send_request_body.started request=<Request [b'POST']>
2025-06-19 18:16:58,791 - httpcore.http11 - DEBUG - send_request_body.complete
2025-06-19 18:16:58,792 - httpcore.http11 - DEBUG - receive_response_headers.started request=<Request [b'POST']>
2025-06-19 18:17:08,867 - httpcore.http11 - DEBUG - receive_response_headers.complete return_value=(b'HTTP/1.1', 200, b'OK', [(b'Server', b'nginx/1.18.0'), (b'Date', b'Thu, 19 Jun 2025 17:17:09 GMT'), (b'Content-Type', b'application/json'), (b'Content-Length', b'23'), (b'Connection', b'keep-alive'), (b'Strict-Transport-Security', b'max-age=31536000; includeSubDomains; preload'), (b'Access-Control-Allow-Origin', b'*'), (b'Access-Control-Allow-Methods', b'GET, POST, OPTIONS'), (b'Access-Control-Expose-Headers', b'Content-Length,Content-Type,Date,Server,Connection')])
2025-06-19 18:17:08,871 - httpx - INFO - HTTP Request: POST https://api.telegram.org/bot7707158318:AAE8rWa4Q8Z_3avql6K0HAmXaooZAReoNF0/getUpdates "HTTP/1.1 200 OK"
2025-06-19 18:17:08,889 - httpcore.http11 - DEBUG - receive_response_body.started request=<Request [b'POST']>
2025-06-19 18:17:08,889 - httpcore.http11 - DEBUG - receive_response_body.complete
2025-06-19 18:17:08,889 - httpcore.http11 - DEBUG - response_closed.started
2025-06-19 18:17:08,889 - httpcore.http11 - DEBUG - response_closed.complete
2025-06-19 18:17:08,891 - telegram.ext.ExtBot - DEBUG - No new updates found.
2025-06-19 18:17:08,891 - telegram.ext.ExtBot - DEBUG - ()
2025-06-19 18:17:08,891 - telegram.ext.ExtBot - DEBUG - Exiting: get_updates
2025-06-19 18:17:08,891 - telegram.ext.ExtBot - DEBUG - Entering: get_updates
2025-06-19 18:17:08,895 - httpcore.http11 - DEBUG - send_request_headers.started request=<Request [b'POST']>
2025-06-19 18:17:08,896 - httpcore.http11 - DEBUG - send_request_headers.complete
2025-06-19 18:17:08,896 - httpcore.http11 - DEBUG - send_request_body.started request=<Request [b'POST']>
2025-06-19 18:17:08,898 - httpcore.http11 - DEBUG - send_request_body.complete
2025-06-19 18:17:08,898 - httpcore.http11 - DEBUG - receive_response_headers.started request=<Request [b'POST']>
2025-06-19 18:17:18,974 - httpcore.http11 - DEBUG - receive_response_headers.complete return_value=(b'HTTP/1.1', 200, b'OK', [(b'Server', b'nginx/1.18.0'), (b'Date', b'Thu, 19 Jun 2025 17:17:20 GMT'), (b'Content-Type', b'application/json'), (b'Content-Length', b'23'), (b'Connection', b'keep-alive'), (b'Strict-Transport-Security', b'max-age=31536000; includeSubDomains; preload'), (b'Access-Control-Allow-Origin', b'*'), (b'Access-Control-Allow-Methods', b'GET, POST, OPTIONS'), (b'Access-Control-Expose-Headers', b'Content-Length,Content-Type,Date,Server,Connection')])
2025-06-19 18:17:18,975 - httpx - INFO - HTTP Request: POST https://api.telegram.org/bot7707158318:AAE8rWa4Q8Z_3avql6K0HAmXaooZAReoNF0/getUpdates "HTTP/1.1 200 OK"
2025-06-19 18:17:18,977 - httpcore.http11 - DEBUG - receive_response_body.started request=<Request [b'POST']>
2025-06-19 18:17:18,977 - httpcore.http11 - DEBUG - receive_response_body.complete
2025-06-19 18:17:18,977 - httpcore.http11 - DEBUG - response_closed.started
2025-06-19 18:17:18,978 - httpcore.http11 - DEBUG - response_closed.complete
2025-06-19 18:17:18,978 - telegram.ext.ExtBot - DEBUG - No new updates found.
2025-06-19 18:17:18,978 - telegram.ext.ExtBot - DEBUG - ()
2025-06-19 18:17:18,978 - telegram.ext.ExtBot - DEBUG - Exiting: get_updates
2025-06-19 18:17:18,978 - telegram.ext.ExtBot - DEBUG - Entering: get_updates
2025-06-19 18:17:18,981 - httpcore.http11 - DEBUG - send_request_headers.started request=<Request [b'POST']>
2025-06-19 18:17:18,982 - httpcore.http11 - DEBUG - send_request_headers.complete
2025-06-19 18:17:18,982 - httpcore.http11 - DEBUG - send_request_body.started request=<Request [b'POST']>
2025-06-19 18:17:18,984 - httpcore.http11 - DEBUG - send_request_body.complete
2025-06-19 18:17:18,984 - httpcore.http11 - DEBUG - receive_response_headers.started request=<Request [b'POST']>
2025-06-19 18:17:29,254 - httpcore.http11 - DEBUG - receive_response_headers.complete return_value=(b'HTTP/1.1', 200, b'OK', [(b'Server', b'nginx/1.18.0'), (b'Date', b'Thu, 19 Jun 2025 17:17:30 GMT'), (b'Content-Type', b'application/json'), (b'Content-Length', b'23'), (b'Connection', b'keep-alive'), (b'Strict-Transport-Security', b'max-age=31536000; includeSubDomains; preload'), (b'Access-Control-Allow-Origin', b'*'), (b'Access-Control-Allow-Methods', b'GET, POST, OPTIONS'), (b'Access-Control-Expose-Headers', b'Content-Length,Content-Type,Date,Server,Connection')])
2025-06-19 18:17:29,258 - httpx - INFO - HTTP Request: POST https://api.telegram.org/bot7707158318:AAE8rWa4Q8Z_3avql6K0HAmXaooZAReoNF0/getUpdates "HTTP/1.1 200 OK"
2025-06-19 18:17:29,267 - httpcore.http11 - DEBUG - receive_response_body.started request=<Request [b'POST']>
2025-06-19 18:17:29,267 - httpcore.http11 - DEBUG - receive_response_body.complete
2025-06-19 18:17:29,269 - httpcore.http11 - DEBUG - response_closed.started
2025-06-19 18:17:29,269 - httpcore.http11 - DEBUG - response_closed.complete
2025-06-19 18:17:29,273 - telegram.ext.ExtBot - DEBUG - No new updates found.
2025-06-19 18:17:29,273 - telegram.ext.ExtBot - DEBUG - ()
2025-06-19 18:17:29,273 - telegram.ext.ExtBot - DEBUG - Exiting: get_updates
2025-06-19 18:17:29,273 - telegram.ext.ExtBot - DEBUG - Entering: get_updates
2025-06-19 18:17:29,277 - httpcore.http11 - DEBUG - send_request_headers.started request=<Request [b'POST']>
2025-06-19 18:17:29,278 - httpcore.http11 - DEBUG - send_request_headers.complete
2025-06-19 18:17:29,280 - httpcore.http11 - DEBUG - send_request_body.started request=<Request [b'POST']>
2025-06-19 18:17:29,280 - httpcore.http11 - DEBUG - send_request_body.complete
2025-06-19 18:17:29,280 - httpcore.http11 - DEBUG - receive_response_headers.started request=<Request [b'POST']>
2025-06-19 18:17:32,292 - httpcore.http11 - DEBUG - receive_response_headers.complete return_value=(b'HTTP/1.1', 200, b'OK', [(b'Server', b'nginx/1.18.0'), (b'Date', b'Thu, 19 Jun 2025 17:17:33 GMT'), (b'Content-Type', b'application/json'), (b'Content-Length', b'839'), (b'Connection', b'keep-alive'), (b'Strict-Transport-Security', b'max-age=31536000; includeSubDomains; preload'), (b'Access-Control-Allow-Origin', b'*'), (b'Access-Control-Allow-Methods', b'GET, POST, OPTIONS'), (b'Access-Control-Expose-Headers', b'Content-Length,Content-Type,Date,Server,Connection')])
2025-06-19 18:17:32,293 - httpx - INFO - HTTP Request: POST https://api.telegram.org/bot7707158318:AAE8rWa4Q8Z_3avql6K0HAmXaooZAReoNF0/getUpdates "HTTP/1.1 200 OK"
2025-06-19 18:17:32,295 - httpcore.http11 - DEBUG - receive_response_body.started request=<Request [b'POST']>
2025-06-19 18:17:32,295 - httpcore.http11 - DEBUG - receive_response_body.complete
2025-06-19 18:17:32,295 - httpcore.http11 - DEBUG - response_closed.started
2025-06-19 18:17:32,296 - httpcore.http11 - DEBUG - response_closed.complete
2025-06-19 18:17:32,297 - telegram.ext.ExtBot - DEBUG - Getting updates: [37529849]
2025-06-19 18:17:32,300 - telegram.ext.ExtBot - DEBUG - (Update(callback_query=CallbackQuery(chat_instance='-1307310250263184334', data='show_balance', from_user=User(first_name='Ghost', id=7049055170, is_bot=False, language_code='en', last_name='Number1'), id='2605345315054124148', message=Message(channel_chat_created=False, chat=Chat(first_name='Ghost', id=7049055170, last_name='Number1', type=<ChatType.PRIVATE>), date=datetime.datetime(2025, 6, 19, 17, 16, 27, tzinfo=<UTC>), delete_chat_photo=False, edit_date=datetime.datetime(2025, 6, 19, 17, 16, 29, tzinfo=<UTC>), from_user=User(first_name='SPRD', id=7707158318, is_bot=True, username='tizi91Bot'), group_chat_created=False, message_id=5643, reply_markup=InlineKeyboardMarkup(inline_keyboard=((InlineKeyboardButton(callback_data='start_sniperx', text='🚀 Start SniperX'),), (InlineKeyboardButton(callback_data='stop_sniperx', text='🛑 Stop SniperX'), InlineKeyboardButton(callback_data='status_sniperx', text='📊 Status')), (InlineKeyboardButton(callback_data='show_balance', text='💰 Balance'),))), supergroup_chat_created=False, text='SniperX Bot Control Panel:')), update_id=37529849),)
2025-06-19 18:17:32,302 - telegram.ext.ExtBot - DEBUG - Exiting: get_updates
2025-06-19 18:17:32,302 - telegram.ext.ExtBot - DEBUG - Entering: get_updates
2025-06-19 18:17:32,304 - telegram.ext.Application - DEBUG - Processing update Update(callback_query=CallbackQuery(chat_instance='-1307310250263184334', data='show_balance', from_user=User(first_name='Ghost', id=7049055170, is_bot=False, language_code='en', last_name='Number1'), id='2605345315054124148', message=Message(channel_chat_created=False, chat=Chat(first_name='Ghost', id=7049055170, last_name='Number1', type=<ChatType.PRIVATE>), date=datetime.datetime(2025, 6, 19, 17, 16, 27, tzinfo=<UTC>), delete_chat_photo=False, edit_date=datetime.datetime(2025, 6, 19, 17, 16, 29, tzinfo=<UTC>), from_user=User(first_name='SPRD', id=7707158318, is_bot=True, username='tizi91Bot'), group_chat_created=False, message_id=5643, reply_markup=InlineKeyboardMarkup(inline_keyboard=((InlineKeyboardButton(callback_data='start_sniperx', text='🚀 Start SniperX'),), (InlineKeyboardButton(callback_data='stop_sniperx', text='🛑 Stop SniperX'), InlineKeyboardButton(callback_data='status_sniperx', text='📊 Status')), (InlineKeyboardButton(callback_data='show_balance', text='💰 Balance'),))), supergroup_chat_created=False, text='SniperX Bot Control Panel:')), update_id=37529849)
2025-06-19 18:17:32,307 - __main__ - INFO - Button callback received: Update(callback_query=CallbackQuery(chat_instance='-1307310250263184334', data='show_balance', from_user=User(first_name='Ghost', id=7049055170, is_bot=False, language_code='en', last_name='Number1'), id='2605345315054124148', message=Message(channel_chat_created=False, chat=Chat(first_name='Ghost', id=7049055170, last_name='Number1', type=<ChatType.PRIVATE>), date=datetime.datetime(2025, 6, 19, 17, 16, 27, tzinfo=<UTC>), delete_chat_photo=False, edit_date=datetime.datetime(2025, 6, 19, 17, 16, 29, tzinfo=<UTC>), from_user=User(first_name='SPRD', id=7707158318, is_bot=True, username='tizi91Bot'), group_chat_created=False, message_id=5643, reply_markup=InlineKeyboardMarkup(inline_keyboard=((InlineKeyboardButton(callback_data='start_sniperx', text='🚀 Start SniperX'),), (InlineKeyboardButton(callback_data='stop_sniperx', text='🛑 Stop SniperX'), InlineKeyboardButton(callback_data='status_sniperx', text='📊 Status')), (InlineKeyboardButton(callback_data='show_balance', text='💰 Balance'),))), supergroup_chat_created=False, text='SniperX Bot Control Panel:')), update_id=37529849)
2025-06-19 18:17:32,309 - telegram.ext.ExtBot - DEBUG - Entering: answer_callback_query
2025-06-19 18:17:32,312 - httpcore.connection - DEBUG - close.started
2025-06-19 18:17:32,314 - httpcore.connection - DEBUG - close.complete
2025-06-19 18:17:32,316 - httpcore.http11 - DEBUG - send_request_headers.started request=<Request [b'POST']>
2025-06-19 18:17:32,317 - httpcore.connection - DEBUG - connect_tcp.started host='api.telegram.org' port=443 local_address=None timeout=5.0 socket_options=None
2025-06-19 18:17:32,319 - httpcore.http11 - DEBUG - send_request_headers.complete
2025-06-19 18:17:32,319 - httpcore.http11 - DEBUG - send_request_body.started request=<Request [b'POST']>
2025-06-19 18:17:32,321 - httpcore.http11 - DEBUG - send_request_body.complete
2025-06-19 18:17:32,321 - httpcore.http11 - DEBUG - receive_response_headers.started request=<Request [b'POST']>
2025-06-19 18:17:32,430 - httpcore.connection - DEBUG - connect_tcp.complete return_value=<httpcore._backends.anyio.AnyIOStream object at 0x000002B0267BA920>
2025-06-19 18:17:32,432 - httpcore.connection - DEBUG - start_tls.started ssl_context=<ssl.SSLContext object at 0x000002B025669B40> server_hostname='api.telegram.org' timeout=5.0
2025-06-19 18:17:32,523 - httpcore.connection - DEBUG - start_tls.complete return_value=<httpcore._backends.anyio.AnyIOStream object at 0x000002B0267BAA70>
2025-06-19 18:17:32,524 - httpcore.http11 - DEBUG - send_request_headers.started request=<Request [b'POST']>
2025-06-19 18:17:32,525 - httpcore.http11 - DEBUG - send_request_headers.complete
2025-06-19 18:17:32,526 - httpcore.http11 - DEBUG - send_request_body.started request=<Request [b'POST']>
2025-06-19 18:17:32,526 - httpcore.http11 - DEBUG - send_request_body.complete
2025-06-19 18:17:32,526 - httpcore.http11 - DEBUG - receive_response_headers.started request=<Request [b'POST']>
2025-06-19 18:17:32,621 - httpcore.http11 - DEBUG - receive_response_headers.complete return_value=(b'HTTP/1.1', 200, b'OK', [(b'Server', b'nginx/1.18.0'), (b'Date', b'Thu, 19 Jun 2025 17:17:33 GMT'), (b'Content-Type', b'application/json'), (b'Content-Length', b'25'), (b'Connection', b'keep-alive'), (b'Strict-Transport-Security', b'max-age=31536000; includeSubDomains; preload'), (b'Access-Control-Allow-Origin', b'*'), (b'Access-Control-Allow-Methods', b'GET, POST, OPTIONS'), (b'Access-Control-Expose-Headers', b'Content-Length,Content-Type,Date,Server,Connection')])
2025-06-19 18:17:32,622 - httpx - INFO - HTTP Request: POST https://api.telegram.org/bot7707158318:AAE8rWa4Q8Z_3avql6K0HAmXaooZAReoNF0/answerCallbackQuery "HTTP/1.1 200 OK"
2025-06-19 18:17:32,626 - httpcore.http11 - DEBUG - receive_response_body.started request=<Request [b'POST']>
2025-06-19 18:17:32,627 - httpcore.http11 - DEBUG - receive_response_body.complete
2025-06-19 18:17:32,627 - httpcore.http11 - DEBUG - response_closed.started
2025-06-19 18:17:32,627 - httpcore.http11 - DEBUG - response_closed.complete
2025-06-19 18:17:32,629 - telegram.ext.ExtBot - DEBUG - True
2025-06-19 18:17:32,629 - telegram.ext.ExtBot - DEBUG - Exiting: answer_callback_query
2025-06-19 18:17:32,629 - __main__ - INFO - Processing action: show_balance
2025-06-19 18:17:32,629 - __main__ - INFO - Processing show_balance action
2025-06-19 18:17:32,630 - __main__ - INFO - Reading wallet balance from: C:\Users\Rachid Aitali\OneDrive - 4JM Solutions Limited\Desktop\SniperX\SniperX\SniperX-V3\wallet_balance.json
2025-06-19 18:17:32,631 - __main__ - DEBUG - Raw wallet balance data: {'sol': '0.001771443', 'usd': '0.25473350340', 'sol_price': '143.80', 'timestamp': 1750353386.6753526}
2025-06-19 18:17:32,631 - __main__ - INFO - Successfully read balance - SOL: 0.001771443, USD: 0.25473350340, Age: 1.1 minutes
2025-06-19 18:17:32,632 - __main__ - INFO - Current balance after read: {'sol': Decimal('0.001771443'), 'usd': Decimal('0.25473350340'), 'timestamp': 1750353386.6753526}
2025-06-19 18:17:32,633 - __main__ - INFO - Wallet manager not running, attempting to start it
2025-06-19 18:17:32,635 - __main__ - INFO - Starting wallet manager from: C:\Users\Rachid Aitali\OneDrive - 4JM Solutions Limited\Desktop\SniperX\SniperX\SniperX-V3\wallet_manager.py
2025-06-19 18:17:32,704 - __main__ - INFO - Wallet manager started with PID: 6256
2025-06-19 18:17:34,717 - __main__ - INFO - Wallet manager started successfully, reading balance...
2025-06-19 18:17:34,719 - __main__ - INFO - Reading wallet balance from: C:\Users\Rachid Aitali\OneDrive - 4JM Solutions Limited\Desktop\SniperX\SniperX\SniperX-V3\wallet_balance.json
2025-06-19 18:17:34,721 - __main__ - DEBUG - Raw wallet balance data: {'sol': '0.001771443', 'usd': '0.25473350340', 'sol_price': '143.80', 'timestamp': 1750353386.6753526}
2025-06-19 18:17:34,721 - __main__ - INFO - Successfully read balance - SOL: 0.001771443, USD: 0.25473350340, Age: 1.1 minutes
2025-06-19 18:17:34,723 - __main__ - INFO - Balance after wallet manager start: {'sol': Decimal('0.001771443'), 'usd': Decimal('0.25473350340'), 'timestamp': 1750353386.6753526}
2025-06-19 18:17:34,723 - __main__ - INFO - Balance retrieved successfully
2025-06-19 18:17:34,726 - telegram.ext.ExtBot - DEBUG - Entering: edit_message_text
2025-06-19 18:17:34,736 - httpcore.http11 - DEBUG - send_request_headers.started request=<Request [b'POST']>
2025-06-19 18:17:34,737 - httpcore.http11 - DEBUG - send_request_headers.complete
2025-06-19 18:17:34,737 - httpcore.http11 - DEBUG - send_request_body.started request=<Request [b'POST']>
2025-06-19 18:17:34,737 - httpcore.http11 - DEBUG - send_request_body.complete
2025-06-19 18:17:34,739 - httpcore.http11 - DEBUG - receive_response_headers.started request=<Request [b'POST']>
2025-06-19 18:17:34,895 - httpcore.http11 - DEBUG - receive_response_headers.complete return_value=(b'HTTP/1.1', 200, b'OK', [(b'Server', b'nginx/1.18.0'), (b'Date', b'Thu, 19 Jun 2025 17:17:35 GMT'), (b'Content-Type', b'application/json'), (b'Content-Length', b'496'), (b'Connection', b'keep-alive'), (b'Strict-Transport-Security', b'max-age=31536000; includeSubDomains; preload'), (b'Access-Control-Allow-Origin', b'*'), (b'Access-Control-Allow-Methods', b'GET, POST, OPTIONS'), (b'Access-Control-Expose-Headers', b'Content-Length,Content-Type,Date,Server,Connection')])
2025-06-19 18:17:34,895 - httpx - INFO - HTTP Request: POST https://api.telegram.org/bot7707158318:AAE8rWa4Q8Z_3avql6K0HAmXaooZAReoNF0/editMessageText "HTTP/1.1 200 OK"
2025-06-19 18:17:34,898 - httpcore.http11 - DEBUG - receive_response_body.started request=<Request [b'POST']>
2025-06-19 18:17:34,900 - httpcore.http11 - DEBUG - receive_response_body.complete
2025-06-19 18:17:34,900 - httpcore.http11 - DEBUG - response_closed.started
2025-06-19 18:17:34,901 - httpcore.http11 - DEBUG - response_closed.complete
2025-06-19 18:17:34,904 - telegram.ext.ExtBot - DEBUG - Message(channel_chat_created=False, chat=Chat(first_name='Ghost', id=7049055170, last_name='Number1', type=<ChatType.PRIVATE>), date=datetime.datetime(2025, 6, 19, 17, 16, 27, tzinfo=<UTC>), delete_chat_photo=False, edit_date=datetime.datetime(2025, 6, 19, 17, 17, 35, tzinfo=<UTC>), from_user=User(first_name='SPRD', id=7707158318, is_bot=True, username='tizi91Bot'), group_chat_created=False, message_id=5643, reply_markup=InlineKeyboardMarkup(inline_keyboard=((InlineKeyboardButton(callback_data='show_balance', text='🔄 Refresh'), InlineKeyboardButton(callback_data='back_to_menu', text='🔙 Back to Menu')),)), supergroup_chat_created=False, text='Current Balance:\nSOL: 0.001771\nUSD: $0.25\n\nLast Update: 18:16:26')
2025-06-19 18:17:34,905 - telegram.ext.ExtBot - DEBUG - Exiting: edit_message_text
2025-06-19 18:17:38,332 - httpcore.http11 - DEBUG - receive_response_headers.complete return_value=(b'HTTP/1.1', 200, b'OK', [(b'Server', b'nginx/1.18.0'), (b'Date', b'Thu, 19 Jun 2025 17:17:39 GMT'), (b'Content-Type', b'application/json'), (b'Content-Length', b'743'), (b'Connection', b'keep-alive'), (b'Strict-Transport-Security', b'max-age=31536000; includeSubDomains; preload'), (b'Access-Control-Allow-Origin', b'*'), (b'Access-Control-Allow-Methods', b'GET, POST, OPTIONS'), (b'Access-Control-Expose-Headers', b'Content-Length,Content-Type,Date,Server,Connection')])
2025-06-19 18:17:38,335 - httpx - INFO - HTTP Request: POST https://api.telegram.org/bot7707158318:AAE8rWa4Q8Z_3avql6K0HAmXaooZAReoNF0/getUpdates "HTTP/1.1 200 OK"
2025-06-19 18:17:38,337 - httpcore.http11 - DEBUG - receive_response_body.started request=<Request [b'POST']>
2025-06-19 18:17:38,338 - httpcore.http11 - DEBUG - receive_response_body.complete
2025-06-19 18:17:38,338 - httpcore.http11 - DEBUG - response_closed.started
2025-06-19 18:17:38,339 - httpcore.http11 - DEBUG - response_closed.complete
2025-06-19 18:17:38,341 - telegram.ext.ExtBot - DEBUG - Getting updates: [37529850]
2025-06-19 18:17:38,344 - telegram.ext.ExtBot - DEBUG - (Update(callback_query=CallbackQuery(chat_instance='-1307310250263184334', data='show_balance', from_user=User(first_name='Ghost', id=7049055170, is_bot=False, language_code='en', last_name='Number1'), id='2605345313518978296', message=Message(channel_chat_created=False, chat=Chat(first_name='Ghost', id=7049055170, last_name='Number1', type=<ChatType.PRIVATE>), date=datetime.datetime(2025, 6, 19, 17, 16, 27, tzinfo=<UTC>), delete_chat_photo=False, edit_date=datetime.datetime(2025, 6, 19, 17, 17, 35, tzinfo=<UTC>), from_user=User(first_name='SPRD', id=7707158318, is_bot=True, username='tizi91Bot'), group_chat_created=False, message_id=5643, reply_markup=InlineKeyboardMarkup(inline_keyboard=((InlineKeyboardButton(callback_data='show_balance', text='🔄 Refresh'), InlineKeyboardButton(callback_data='back_to_menu', text='🔙 Back to Menu')),)), supergroup_chat_created=False, text='Current Balance:\nSOL: 0.001771\nUSD: $0.25\n\nLast Update: 18:16:26')), update_id=37529850),)
2025-06-19 18:17:38,346 - telegram.ext.ExtBot - DEBUG - Exiting: get_updates
2025-06-19 18:17:38,347 - telegram.ext.ExtBot - DEBUG - Entering: get_updates
2025-06-19 18:17:38,353 - telegram.ext.Application - DEBUG - Processing update Update(callback_query=CallbackQuery(chat_instance='-1307310250263184334', data='show_balance', from_user=User(first_name='Ghost', id=7049055170, is_bot=False, language_code='en', last_name='Number1'), id='2605345313518978296', message=Message(channel_chat_created=False, chat=Chat(first_name='Ghost', id=7049055170, last_name='Number1', type=<ChatType.PRIVATE>), date=datetime.datetime(2025, 6, 19, 17, 16, 27, tzinfo=<UTC>), delete_chat_photo=False, edit_date=datetime.datetime(2025, 6, 19, 17, 17, 35, tzinfo=<UTC>), from_user=User(first_name='SPRD', id=7707158318, is_bot=True, username='tizi91Bot'), group_chat_created=False, message_id=5643, reply_markup=InlineKeyboardMarkup(inline_keyboard=((InlineKeyboardButton(callback_data='show_balance', text='🔄 Refresh'), InlineKeyboardButton(callback_data='back_to_menu', text='🔙 Back to Menu')),)), supergroup_chat_created=False, text='Current Balance:\nSOL: 0.001771\nUSD: $0.25\n\nLast Update: 18:16:26')), update_id=37529850)
2025-06-19 18:17:38,359 - __main__ - INFO - Button callback received: Update(callback_query=CallbackQuery(chat_instance='-1307310250263184334', data='show_balance', from_user=User(first_name='Ghost', id=7049055170, is_bot=False, language_code='en', last_name='Number1'), id='2605345313518978296', message=Message(channel_chat_created=False, chat=Chat(first_name='Ghost', id=7049055170, last_name='Number1', type=<ChatType.PRIVATE>), date=datetime.datetime(2025, 6, 19, 17, 16, 27, tzinfo=<UTC>), delete_chat_photo=False, edit_date=datetime.datetime(2025, 6, 19, 17, 17, 35, tzinfo=<UTC>), from_user=User(first_name='SPRD', id=7707158318, is_bot=True, username='tizi91Bot'), group_chat_created=False, message_id=5643, reply_markup=InlineKeyboardMarkup(inline_keyboard=((InlineKeyboardButton(callback_data='show_balance', text='🔄 Refresh'), InlineKeyboardButton(callback_data='back_to_menu', text='🔙 Back to Menu')),)), supergroup_chat_created=False, text='Current Balance:\nSOL: 0.001771\nUSD: $0.25\n\nLast Update: 18:16:26')), update_id=37529850)
2025-06-19 18:17:38,360 - telegram.ext.ExtBot - DEBUG - Entering: answer_callback_query
2025-06-19 18:17:38,368 - httpcore.http11 - DEBUG - send_request_headers.started request=<Request [b'POST']>
2025-06-19 18:17:38,369 - httpcore.http11 - DEBUG - send_request_headers.started request=<Request [b'POST']>
2025-06-19 18:17:38,372 - httpcore.http11 - DEBUG - send_request_headers.complete
2025-06-19 18:17:38,372 - httpcore.http11 - DEBUG - send_request_body.started request=<Request [b'POST']>
2025-06-19 18:17:38,374 - httpcore.http11 - DEBUG - send_request_headers.complete
2025-06-19 18:17:38,376 - httpcore.http11 - DEBUG - send_request_body.started request=<Request [b'POST']>
2025-06-19 18:17:38,377 - httpcore.http11 - DEBUG - send_request_body.complete
2025-06-19 18:17:38,378 - httpcore.http11 - DEBUG - receive_response_headers.started request=<Request [b'POST']>
2025-06-19 18:17:38,385 - httpcore.http11 - DEBUG - send_request_body.complete
2025-06-19 18:17:38,386 - httpcore.http11 - DEBUG - receive_response_headers.started request=<Request [b'POST']>
2025-06-19 18:17:38,468 - httpcore.http11 - DEBUG - receive_response_headers.complete return_value=(b'HTTP/1.1', 200, b'OK', [(b'Server', b'nginx/1.18.0'), (b'Date', b'Thu, 19 Jun 2025 17:17:39 GMT'), (b'Content-Type', b'application/json'), (b'Content-Length', b'25'), (b'Connection', b'keep-alive'), (b'Strict-Transport-Security', b'max-age=31536000; includeSubDomains; preload'), (b'Access-Control-Allow-Origin', b'*'), (b'Access-Control-Allow-Methods', b'GET, POST, OPTIONS'), (b'Access-Control-Expose-Headers', b'Content-Length,Content-Type,Date,Server,Connection')])
2025-06-19 18:17:38,471 - httpx - INFO - HTTP Request: POST https://api.telegram.org/bot7707158318:AAE8rWa4Q8Z_3avql6K0HAmXaooZAReoNF0/answerCallbackQuery "HTTP/1.1 200 OK"
2025-06-19 18:17:38,473 - httpcore.http11 - DEBUG - receive_response_body.started request=<Request [b'POST']>
2025-06-19 18:17:38,474 - httpcore.http11 - DEBUG - receive_response_body.complete
2025-06-19 18:17:38,476 - httpcore.http11 - DEBUG - response_closed.started
2025-06-19 18:17:38,476 - httpcore.http11 - DEBUG - response_closed.complete
2025-06-19 18:17:38,479 - telegram.ext.ExtBot - DEBUG - True
2025-06-19 18:17:38,479 - telegram.ext.ExtBot - DEBUG - Exiting: answer_callback_query
2025-06-19 18:17:38,480 - __main__ - INFO - Processing action: show_balance
2025-06-19 18:17:38,486 - __main__ - INFO - Processing show_balance action
2025-06-19 18:17:38,488 - __main__ - INFO - Reading wallet balance from: C:\Users\Rachid Aitali\OneDrive - 4JM Solutions Limited\Desktop\SniperX\SniperX\SniperX-V3\wallet_balance.json
2025-06-19 18:17:38,492 - __main__ - DEBUG - Raw wallet balance data: {'sol': '0.001771443', 'usd': '0.25469807454', 'sol_price': '143.78', 'timestamp': 1750353456.6291158}
2025-06-19 18:17:38,493 - __main__ - INFO - Successfully read balance - SOL: 0.001771443, USD: 0.25469807454, Age: 0.0 minutes
2025-06-19 18:17:38,497 - __main__ - INFO - Current balance after read: {'sol': Decimal('0.001771443'), 'usd': Decimal('0.25469807454'), 'timestamp': 1750353456.6291158}
2025-06-19 18:17:38,501 - __main__ - INFO - Wallet manager not running, attempting to start it
2025-06-19 18:17:38,503 - __main__ - INFO - Starting wallet manager from: C:\Users\Rachid Aitali\OneDrive - 4JM Solutions Limited\Desktop\SniperX\SniperX\SniperX-V3\wallet_manager.py
2025-06-19 18:17:38,569 - __main__ - INFO - Wallet manager started with PID: 23012
2025-06-19 18:17:40,105 - httpcore.http11 - DEBUG - receive_response_headers.complete return_value=(b'HTTP/1.1', 200, b'OK', [(b'Server', b'nginx/1.18.0'), (b'Date', b'Thu, 19 Jun 2025 17:17:41 GMT'), (b'Content-Type', b'application/json'), (b'Content-Length', b'743'), (b'Connection', b'keep-alive'), (b'Strict-Transport-Security', b'max-age=31536000; includeSubDomains; preload'), (b'Access-Control-Allow-Origin', b'*'), (b'Access-Control-Allow-Methods', b'GET, POST, OPTIONS'), (b'Access-Control-Expose-Headers', b'Content-Length,Content-Type,Date,Server,Connection')])
2025-06-19 18:17:40,106 - httpx - INFO - HTTP Request: POST https://api.telegram.org/bot7707158318:AAE8rWa4Q8Z_3avql6K0HAmXaooZAReoNF0/getUpdates "HTTP/1.1 200 OK"
2025-06-19 18:17:40,108 - httpcore.http11 - DEBUG - receive_response_body.started request=<Request [b'POST']>
2025-06-19 18:17:40,108 - httpcore.http11 - DEBUG - receive_response_body.complete
2025-06-19 18:17:40,108 - httpcore.http11 - DEBUG - response_closed.started
2025-06-19 18:17:40,109 - httpcore.http11 - DEBUG - response_closed.complete
2025-06-19 18:17:40,110 - telegram.ext.ExtBot - DEBUG - Getting updates: [37529851]
2025-06-19 18:17:40,112 - telegram.ext.ExtBot - DEBUG - (Update(callback_query=CallbackQuery(chat_instance='-1307310250263184334', data='back_to_menu', from_user=User(first_name='Ghost', id=7049055170, is_bot=False, language_code='en', last_name='Number1'), id='2605345315677793376', message=Message(channel_chat_created=False, chat=Chat(first_name='Ghost', id=7049055170, last_name='Number1', type=<ChatType.PRIVATE>), date=datetime.datetime(2025, 6, 19, 17, 16, 27, tzinfo=<UTC>), delete_chat_photo=False, edit_date=datetime.datetime(2025, 6, 19, 17, 17, 35, tzinfo=<UTC>), from_user=User(first_name='SPRD', id=7707158318, is_bot=True, username='tizi91Bot'), group_chat_created=False, message_id=5643, reply_markup=InlineKeyboardMarkup(inline_keyboard=((InlineKeyboardButton(callback_data='show_balance', text='🔄 Refresh'), InlineKeyboardButton(callback_data='back_to_menu', text='🔙 Back to Menu')),)), supergroup_chat_created=False, text='Current Balance:\nSOL: 0.001771\nUSD: $0.25\n\nLast Update: 18:16:26')), update_id=37529851),)
2025-06-19 18:17:40,115 - telegram.ext.ExtBot - DEBUG - Exiting: get_updates
2025-06-19 18:17:40,115 - telegram.ext.ExtBot - DEBUG - Entering: get_updates
2025-06-19 18:17:40,119 - httpcore.http11 - DEBUG - send_request_headers.started request=<Request [b'POST']>
2025-06-19 18:17:40,121 - httpcore.http11 - DEBUG - send_request_headers.complete
2025-06-19 18:17:40,121 - httpcore.http11 - DEBUG - send_request_body.started request=<Request [b'POST']>
2025-06-19 18:17:40,123 - httpcore.http11 - DEBUG - send_request_body.complete
2025-06-19 18:17:40,123 - httpcore.http11 - DEBUG - receive_response_headers.started request=<Request [b'POST']>
2025-06-19 18:17:40,565 - __main__ - INFO - Wallet manager started successfully, reading balance...
2025-06-19 18:17:40,568 - __main__ - INFO - Reading wallet balance from: C:\Users\Rachid Aitali\OneDrive - 4JM Solutions Limited\Desktop\SniperX\SniperX\SniperX-V3\wallet_balance.json
2025-06-19 18:17:40,569 - __main__ - DEBUG - Raw wallet balance data: {'sol': '0.001771443', 'usd': '0.25469807454', 'sol_price': '143.78', 'timestamp': 1750353456.6291158}
2025-06-19 18:17:40,570 - __main__ - INFO - Successfully read balance - SOL: 0.001771443, USD: 0.25469807454, Age: 0.1 minutes
2025-06-19 18:17:40,571 - __main__ - INFO - Balance after wallet manager start: {'sol': Decimal('0.001771443'), 'usd': Decimal('0.25469807454'), 'timestamp': 1750353456.6291158}
2025-06-19 18:17:40,574 - __main__ - INFO - Balance retrieved successfully
2025-06-19 18:17:40,589 - telegram.ext.ExtBot - DEBUG - Entering: edit_message_text
2025-06-19 18:17:40,593 - httpcore.http11 - DEBUG - send_request_headers.started request=<Request [b'POST']>
2025-06-19 18:17:40,602 - httpcore.http11 - DEBUG - send_request_headers.complete
2025-06-19 18:17:40,602 - httpcore.http11 - DEBUG - send_request_body.started request=<Request [b'POST']>
2025-06-19 18:17:40,605 - httpcore.http11 - DEBUG - send_request_body.complete
2025-06-19 18:17:40,605 - httpcore.http11 - DEBUG - receive_response_headers.started request=<Request [b'POST']>
2025-06-19 18:17:40,713 - httpcore.http11 - DEBUG - receive_response_headers.complete return_value=(b'HTTP/1.1', 200, b'OK', [(b'Server', b'nginx/1.18.0'), (b'Date', b'Thu, 19 Jun 2025 17:17:41 GMT'), (b'Content-Type', b'application/json'), (b'Content-Length', b'496'), (b'Connection', b'keep-alive'), (b'Strict-Transport-Security', b'max-age=31536000; includeSubDomains; preload'), (b'Access-Control-Allow-Origin', b'*'), (b'Access-Control-Allow-Methods', b'GET, POST, OPTIONS'), (b'Access-Control-Expose-Headers', b'Content-Length,Content-Type,Date,Server,Connection')])
2025-06-19 18:17:40,715 - httpx - INFO - HTTP Request: POST https://api.telegram.org/bot7707158318:AAE8rWa4Q8Z_3avql6K0HAmXaooZAReoNF0/editMessageText "HTTP/1.1 200 OK"
2025-06-19 18:17:40,717 - httpcore.http11 - DEBUG - receive_response_body.started request=<Request [b'POST']>
2025-06-19 18:17:40,717 - httpcore.http11 - DEBUG - receive_response_body.complete
2025-06-19 18:17:40,717 - httpcore.http11 - DEBUG - response_closed.started
2025-06-19 18:17:40,717 - httpcore.http11 - DEBUG - response_closed.complete
2025-06-19 18:17:40,721 - telegram.ext.ExtBot - DEBUG - Message(channel_chat_created=False, chat=Chat(first_name='Ghost', id=7049055170, last_name='Number1', type=<ChatType.PRIVATE>), date=datetime.datetime(2025, 6, 19, 17, 16, 27, tzinfo=<UTC>), delete_chat_photo=False, edit_date=datetime.datetime(2025, 6, 19, 17, 17, 41, tzinfo=<UTC>), from_user=User(first_name='SPRD', id=7707158318, is_bot=True, username='tizi91Bot'), group_chat_created=False, message_id=5643, reply_markup=InlineKeyboardMarkup(inline_keyboard=((InlineKeyboardButton(callback_data='show_balance', text='🔄 Refresh'), InlineKeyboardButton(callback_data='back_to_menu', text='🔙 Back to Menu')),)), supergroup_chat_created=False, text='Current Balance:\nSOL: 0.001771\nUSD: $0.25\n\nLast Update: 18:17:36')
2025-06-19 18:17:40,723 - telegram.ext.ExtBot - DEBUG - Exiting: edit_message_text
2025-06-19 18:17:40,724 - telegram.ext.Application - DEBUG - Processing update Update(callback_query=CallbackQuery(chat_instance='-1307310250263184334', data='back_to_menu', from_user=User(first_name='Ghost', id=7049055170, is_bot=False, language_code='en', last_name='Number1'), id='2605345315677793376', message=Message(channel_chat_created=False, chat=Chat(first_name='Ghost', id=7049055170, last_name='Number1', type=<ChatType.PRIVATE>), date=datetime.datetime(2025, 6, 19, 17, 16, 27, tzinfo=<UTC>), delete_chat_photo=False, edit_date=datetime.datetime(2025, 6, 19, 17, 17, 35, tzinfo=<UTC>), from_user=User(first_name='SPRD', id=7707158318, is_bot=True, username='tizi91Bot'), group_chat_created=False, message_id=5643, reply_markup=InlineKeyboardMarkup(inline_keyboard=((InlineKeyboardButton(callback_data='show_balance', text='🔄 Refresh'), InlineKeyboardButton(callback_data='back_to_menu', text='🔙 Back to Menu')),)), supergroup_chat_created=False, text='Current Balance:\nSOL: 0.001771\nUSD: $0.25\n\nLast Update: 18:16:26')), update_id=37529851)
2025-06-19 18:17:40,727 - __main__ - INFO - Button callback received: Update(callback_query=CallbackQuery(chat_instance='-1307310250263184334', data='back_to_menu', from_user=User(first_name='Ghost', id=7049055170, is_bot=False, language_code='en', last_name='Number1'), id='2605345315677793376', message=Message(channel_chat_created=False, chat=Chat(first_name='Ghost', id=7049055170, last_name='Number1', type=<ChatType.PRIVATE>), date=datetime.datetime(2025, 6, 19, 17, 16, 27, tzinfo=<UTC>), delete_chat_photo=False, edit_date=datetime.datetime(2025, 6, 19, 17, 17, 35, tzinfo=<UTC>), from_user=User(first_name='SPRD', id=7707158318, is_bot=True, username='tizi91Bot'), group_chat_created=False, message_id=5643, reply_markup=InlineKeyboardMarkup(inline_keyboard=((InlineKeyboardButton(callback_data='show_balance', text='🔄 Refresh'), InlineKeyboardButton(callback_data='back_to_menu', text='🔙 Back to Menu')),)), supergroup_chat_created=False, text='Current Balance:\nSOL: 0.001771\nUSD: $0.25\n\nLast Update: 18:16:26')), update_id=37529851)
2025-06-19 18:17:40,728 - telegram.ext.ExtBot - DEBUG - Entering: answer_callback_query
2025-06-19 18:17:40,733 - httpcore.http11 - DEBUG - send_request_headers.started request=<Request [b'POST']>
2025-06-19 18:17:40,736 - httpcore.http11 - DEBUG - send_request_headers.complete
2025-06-19 18:17:40,736 - httpcore.http11 - DEBUG - send_request_body.started request=<Request [b'POST']>
2025-06-19 18:17:40,740 - httpcore.http11 - DEBUG - send_request_body.complete
2025-06-19 18:17:40,741 - httpcore.http11 - DEBUG - receive_response_headers.started request=<Request [b'POST']>
2025-06-19 18:17:40,828 - httpcore.http11 - DEBUG - receive_response_headers.complete return_value=(b'HTTP/1.1', 200, b'OK', [(b'Server', b'nginx/1.18.0'), (b'Date', b'Thu, 19 Jun 2025 17:17:41 GMT'), (b'Content-Type', b'application/json'), (b'Content-Length', b'25'), (b'Connection', b'keep-alive'), (b'Strict-Transport-Security', b'max-age=31536000; includeSubDomains; preload'), (b'Access-Control-Allow-Origin', b'*'), (b'Access-Control-Allow-Methods', b'GET, POST, OPTIONS'), (b'Access-Control-Expose-Headers', b'Content-Length,Content-Type,Date,Server,Connection')])
2025-06-19 18:17:40,830 - httpx - INFO - HTTP Request: POST https://api.telegram.org/bot7707158318:AAE8rWa4Q8Z_3avql6K0HAmXaooZAReoNF0/answerCallbackQuery "HTTP/1.1 200 OK"
2025-06-19 18:17:40,832 - httpcore.http11 - DEBUG - receive_response_body.started request=<Request [b'POST']>
2025-06-19 18:17:40,833 - httpcore.http11 - DEBUG - receive_response_body.complete
2025-06-19 18:17:40,834 - httpcore.http11 - DEBUG - response_closed.started
2025-06-19 18:17:40,835 - httpcore.http11 - DEBUG - response_closed.complete
2025-06-19 18:17:40,835 - telegram.ext.ExtBot - DEBUG - True
2025-06-19 18:17:40,835 - telegram.ext.ExtBot - DEBUG - Exiting: answer_callback_query
2025-06-19 18:17:40,835 - __main__ - INFO - Processing action: back_to_menu
2025-06-19 18:17:40,838 - telegram.ext.ExtBot - DEBUG - Entering: edit_message_text
2025-06-19 18:17:40,844 - httpcore.http11 - DEBUG - send_request_headers.started request=<Request [b'POST']>
2025-06-19 18:17:40,852 - httpcore.http11 - DEBUG - send_request_headers.complete
2025-06-19 18:17:40,853 - httpcore.http11 - DEBUG - send_request_body.started request=<Request [b'POST']>
2025-06-19 18:17:40,856 - httpcore.http11 - DEBUG - send_request_body.complete
2025-06-19 18:17:40,856 - httpcore.http11 - DEBUG - receive_response_headers.started request=<Request [b'POST']>
2025-06-19 18:17:40,953 - httpcore.http11 - DEBUG - receive_response_headers.complete return_value=(b'HTTP/1.1', 200, b'OK', [(b'Server', b'nginx/1.18.0'), (b'Date', b'Thu, 19 Jun 2025 17:17:42 GMT'), (b'Content-Type', b'application/json'), (b'Content-Length', b'592'), (b'Connection', b'keep-alive'), (b'Strict-Transport-Security', b'max-age=31536000; includeSubDomains; preload'), (b'Access-Control-Allow-Origin', b'*'), (b'Access-Control-Allow-Methods', b'GET, POST, OPTIONS'), (b'Access-Control-Expose-Headers', b'Content-Length,Content-Type,Date,Server,Connection')])
2025-06-19 18:17:40,953 - httpx - INFO - HTTP Request: POST https://api.telegram.org/bot7707158318:AAE8rWa4Q8Z_3avql6K0HAmXaooZAReoNF0/editMessageText "HTTP/1.1 200 OK"
2025-06-19 18:17:40,955 - httpcore.http11 - DEBUG - receive_response_body.started request=<Request [b'POST']>
2025-06-19 18:17:40,956 - httpcore.http11 - DEBUG - receive_response_body.complete
2025-06-19 18:17:40,956 - httpcore.http11 - DEBUG - response_closed.started
2025-06-19 18:17:40,957 - httpcore.http11 - DEBUG - response_closed.complete
2025-06-19 18:17:40,960 - telegram.ext.ExtBot - DEBUG - Message(channel_chat_created=False, chat=Chat(first_name='Ghost', id=7049055170, last_name='Number1', type=<ChatType.PRIVATE>), date=datetime.datetime(2025, 6, 19, 17, 16, 27, tzinfo=<UTC>), delete_chat_photo=False, edit_date=datetime.datetime(2025, 6, 19, 17, 17, 42, tzinfo=<UTC>), from_user=User(first_name='SPRD', id=7707158318, is_bot=True, username='tizi91Bot'), group_chat_created=False, message_id=5643, reply_markup=InlineKeyboardMarkup(inline_keyboard=((InlineKeyboardButton(callback_data='start_sniperx', text='🚀 Start SniperX'),), (InlineKeyboardButton(callback_data='stop_sniperx', text='🛑 Stop SniperX'), InlineKeyboardButton(callback_data='status_sniperx', text='📊 Status')), (InlineKeyboardButton(callback_data='show_balance', text='💰 Balance'),))), supergroup_chat_created=False, text='SniperX Bot Control Panel:')
2025-06-19 18:17:40,961 - telegram.ext.ExtBot - DEBUG - Exiting: edit_message_text
2025-06-19 18:17:50,353 - httpcore.http11 - DEBUG - receive_response_headers.complete return_value=(b'HTTP/1.1', 200, b'OK', [(b'Server', b'nginx/1.18.0'), (b'Date', b'Thu, 19 Jun 2025 17:17:51 GMT'), (b'Content-Type', b'application/json'), (b'Content-Length', b'23'), (b'Connection', b'keep-alive'), (b'Strict-Transport-Security', b'max-age=31536000; includeSubDomains; preload'), (b'Access-Control-Allow-Origin', b'*'), (b'Access-Control-Allow-Methods', b'GET, POST, OPTIONS'), (b'Access-Control-Expose-Headers', b'Content-Length,Content-Type,Date,Server,Connection')])
2025-06-19 18:17:50,355 - httpx - INFO - HTTP Request: POST https://api.telegram.org/bot7707158318:AAE8rWa4Q8Z_3avql6K0HAmXaooZAReoNF0/getUpdates "HTTP/1.1 200 OK"
2025-06-19 18:17:50,359 - httpcore.http11 - DEBUG - receive_response_body.started request=<Request [b'POST']>
2025-06-19 18:17:50,359 - httpcore.http11 - DEBUG - receive_response_body.complete
2025-06-19 18:17:50,359 - httpcore.http11 - DEBUG - response_closed.started
2025-06-19 18:17:50,361 - httpcore.http11 - DEBUG - response_closed.complete
2025-06-19 18:17:50,361 - telegram.ext.ExtBot - DEBUG - No new updates found.
2025-06-19 18:17:50,361 - telegram.ext.ExtBot - DEBUG - ()
2025-06-19 18:17:50,361 - telegram.ext.ExtBot - DEBUG - Exiting: get_updates
2025-06-19 18:17:50,361 - telegram.ext.ExtBot - DEBUG - Entering: get_updates
2025-06-19 18:17:50,363 - httpcore.http11 - DEBUG - send_request_headers.started request=<Request [b'POST']>
2025-06-19 18:17:50,365 - httpcore.http11 - DEBUG - send_request_headers.complete
2025-06-19 18:17:50,365 - httpcore.http11 - DEBUG - send_request_body.started request=<Request [b'POST']>
2025-06-19 18:17:50,365 - httpcore.http11 - DEBUG - send_request_body.complete
2025-06-19 18:17:50,365 - httpcore.http11 - DEBUG - receive_response_headers.started request=<Request [b'POST']>
2025-06-19 18:18:00,707 - httpcore.http11 - DEBUG - receive_response_headers.complete return_value=(b'HTTP/1.1', 200, b'OK', [(b'Server', b'nginx/1.18.0'), (b'Date', b'Thu, 19 Jun 2025 17:18:01 GMT'), (b'Content-Type', b'application/json'), (b'Content-Length', b'23'), (b'Connection', b'keep-alive'), (b'Strict-Transport-Security', b'max-age=31536000; includeSubDomains; preload'), (b'Access-Control-Allow-Origin', b'*'), (b'Access-Control-Allow-Methods', b'GET, POST, OPTIONS'), (b'Access-Control-Expose-Headers', b'Content-Length,Content-Type,Date,Server,Connection')])
2025-06-19 18:18:00,708 - httpx - INFO - HTTP Request: POST https://api.telegram.org/bot7707158318:AAE8rWa4Q8Z_3avql6K0HAmXaooZAReoNF0/getUpdates "HTTP/1.1 200 OK"
2025-06-19 18:18:00,711 - httpcore.http11 - DEBUG - receive_response_body.started request=<Request [b'POST']>
2025-06-19 18:18:00,711 - httpcore.http11 - DEBUG - receive_response_body.complete
2025-06-19 18:18:00,711 - httpcore.http11 - DEBUG - response_closed.started
2025-06-19 18:18:00,711 - httpcore.http11 - DEBUG - response_closed.complete
2025-06-19 18:18:00,713 - telegram.ext.ExtBot - DEBUG - No new updates found.
2025-06-19 18:18:00,713 - telegram.ext.ExtBot - DEBUG - ()
2025-06-19 18:18:00,713 - telegram.ext.ExtBot - DEBUG - Exiting: get_updates
2025-06-19 18:18:00,713 - telegram.ext.ExtBot - DEBUG - Entering: get_updates
2025-06-19 18:18:00,715 - httpcore.http11 - DEBUG - send_request_headers.started request=<Request [b'POST']>
2025-06-19 18:18:00,717 - httpcore.http11 - DEBUG - send_request_headers.complete
2025-06-19 18:18:00,717 - httpcore.http11 - DEBUG - send_request_body.started request=<Request [b'POST']>
2025-06-19 18:18:00,719 - httpcore.http11 - DEBUG - send_request_body.complete
2025-06-19 18:18:00,719 - httpcore.http11 - DEBUG - receive_response_headers.started request=<Request [b'POST']>
2025-06-19 18:18:11,150 - httpcore.http11 - DEBUG - receive_response_headers.complete return_value=(b'HTTP/1.1', 200, b'OK', [(b'Server', b'nginx/1.18.0'), (b'Date', b'Thu, 19 Jun 2025 17:18:11 GMT'), (b'Content-Type', b'application/json'), (b'Content-Length', b'23'), (b'Connection', b'keep-alive'), (b'Strict-Transport-Security', b'max-age=31536000; includeSubDomains; preload'), (b'Access-Control-Allow-Origin', b'*'), (b'Access-Control-Allow-Methods', b'GET, POST, OPTIONS'), (b'Access-Control-Expose-Headers', b'Content-Length,Content-Type,Date,Server,Connection')])
2025-06-19 18:18:11,151 - httpx - INFO - HTTP Request: POST https://api.telegram.org/bot7707158318:AAE8rWa4Q8Z_3avql6K0HAmXaooZAReoNF0/getUpdates "HTTP/1.1 200 OK"
2025-06-19 18:18:11,154 - httpcore.http11 - DEBUG - receive_response_body.started request=<Request [b'POST']>
2025-06-19 18:18:11,155 - httpcore.http11 - DEBUG - receive_response_body.complete
2025-06-19 18:18:11,155 - httpcore.http11 - DEBUG - response_closed.started
2025-06-19 18:18:11,155 - httpcore.http11 - DEBUG - response_closed.complete
2025-06-19 18:18:11,158 - telegram.ext.ExtBot - DEBUG - No new updates found.
2025-06-19 18:18:11,158 - telegram.ext.ExtBot - DEBUG - ()
2025-06-19 18:18:11,158 - telegram.ext.ExtBot - DEBUG - Exiting: get_updates
2025-06-19 18:18:11,158 - telegram.ext.ExtBot - DEBUG - Entering: get_updates
2025-06-19 18:18:11,159 - httpcore.http11 - DEBUG - send_request_headers.started request=<Request [b'POST']>
2025-06-19 18:18:11,160 - httpcore.http11 - DEBUG - send_request_headers.complete
2025-06-19 18:18:11,160 - httpcore.http11 - DEBUG - send_request_body.started request=<Request [b'POST']>
2025-06-19 18:18:11,160 - httpcore.http11 - DEBUG - send_request_body.complete
2025-06-19 18:18:11,160 - httpcore.http11 - DEBUG - receive_response_headers.started request=<Request [b'POST']>
2025-06-19 18:18:21,246 - httpcore.http11 - DEBUG - receive_response_headers.complete return_value=(b'HTTP/1.1', 200, b'OK', [(b'Server', b'nginx/1.18.0'), (b'Date', b'Thu, 19 Jun 2025 17:18:22 GMT'), (b'Content-Type', b'application/json'), (b'Content-Length', b'23'), (b'Connection', b'keep-alive'), (b'Strict-Transport-Security', b'max-age=31536000; includeSubDomains; preload'), (b'Access-Control-Allow-Origin', b'*'), (b'Access-Control-Allow-Methods', b'GET, POST, OPTIONS'), (b'Access-Control-Expose-Headers', b'Content-Length,Content-Type,Date,Server,Connection')])
2025-06-19 18:18:21,246 - httpx - INFO - HTTP Request: POST https://api.telegram.org/bot7707158318:AAE8rWa4Q8Z_3avql6K0HAmXaooZAReoNF0/getUpdates "HTTP/1.1 200 OK"
2025-06-19 18:18:21,248 - httpcore.http11 - DEBUG - receive_response_body.started request=<Request [b'POST']>
2025-06-19 18:18:21,249 - httpcore.http11 - DEBUG - receive_response_body.complete
2025-06-19 18:18:21,249 - httpcore.http11 - DEBUG - response_closed.started
2025-06-19 18:18:21,249 - httpcore.http11 - DEBUG - response_closed.complete
2025-06-19 18:18:21,249 - telegram.ext.ExtBot - DEBUG - No new updates found.
2025-06-19 18:18:21,251 - telegram.ext.ExtBot - DEBUG - ()
2025-06-19 18:18:21,251 - telegram.ext.ExtBot - DEBUG - Exiting: get_updates
2025-06-19 18:18:21,251 - telegram.ext.ExtBot - DEBUG - Entering: get_updates
2025-06-19 18:18:21,251 - httpcore.http11 - DEBUG - send_request_headers.started request=<Request [b'POST']>
2025-06-19 18:18:21,254 - httpcore.http11 - DEBUG - send_request_headers.complete
2025-06-19 18:18:21,254 - httpcore.http11 - DEBUG - send_request_body.started request=<Request [b'POST']>
2025-06-19 18:18:21,254 - httpcore.http11 - DEBUG - send_request_body.complete
2025-06-19 18:18:21,256 - httpcore.http11 - DEBUG - receive_response_headers.started request=<Request [b'POST']>
2025-06-19 18:18:31,423 - httpcore.http11 - DEBUG - receive_response_headers.complete return_value=(b'HTTP/1.1', 200, b'OK', [(b'Server', b'nginx/1.18.0'), (b'Date', b'Thu, 19 Jun 2025 17:18:32 GMT'), (b'Content-Type', b'application/json'), (b'Content-Length', b'23'), (b'Connection', b'keep-alive'), (b'Strict-Transport-Security', b'max-age=31536000; includeSubDomains; preload'), (b'Access-Control-Allow-Origin', b'*'), (b'Access-Control-Allow-Methods', b'GET, POST, OPTIONS'), (b'Access-Control-Expose-Headers', b'Content-Length,Content-Type,Date,Server,Connection')])
2025-06-19 18:18:31,425 - httpx - INFO - HTTP Request: POST https://api.telegram.org/bot7707158318:AAE8rWa4Q8Z_3avql6K0HAmXaooZAReoNF0/getUpdates "HTTP/1.1 200 OK"
2025-06-19 18:18:31,428 - httpcore.http11 - DEBUG - receive_response_body.started request=<Request [b'POST']>
2025-06-19 18:18:31,429 - httpcore.http11 - DEBUG - receive_response_body.complete
2025-06-19 18:18:31,429 - httpcore.http11 - DEBUG - response_closed.started
2025-06-19 18:18:31,429 - httpcore.http11 - DEBUG - response_closed.complete
2025-06-19 18:18:31,429 - telegram.ext.ExtBot - DEBUG - No new updates found.
2025-06-19 18:18:31,429 - telegram.ext.ExtBot - DEBUG - ()
2025-06-19 18:18:31,429 - telegram.ext.ExtBot - DEBUG - Exiting: get_updates
2025-06-19 18:18:31,431 - telegram.ext.ExtBot - DEBUG - Entering: get_updates
2025-06-19 18:18:31,431 - httpcore.http11 - DEBUG - send_request_headers.started request=<Request [b'POST']>
2025-06-19 18:18:31,431 - httpcore.http11 - DEBUG - send_request_headers.complete
2025-06-19 18:18:31,431 - httpcore.http11 - DEBUG - send_request_body.started request=<Request [b'POST']>
2025-06-19 18:18:31,431 - httpcore.http11 - DEBUG - send_request_body.complete
2025-06-19 18:18:31,431 - httpcore.http11 - DEBUG - receive_response_headers.started request=<Request [b'POST']>
2025-06-19 18:18:41,667 - httpcore.http11 - DEBUG - receive_response_headers.complete return_value=(b'HTTP/1.1', 200, b'OK', [(b'Server', b'nginx/1.18.0'), (b'Date', b'Thu, 19 Jun 2025 17:18:42 GMT'), (b'Content-Type', b'application/json'), (b'Content-Length', b'23'), (b'Connection', b'keep-alive'), (b'Strict-Transport-Security', b'max-age=31536000; includeSubDomains; preload'), (b'Access-Control-Allow-Origin', b'*'), (b'Access-Control-Allow-Methods', b'GET, POST, OPTIONS'), (b'Access-Control-Expose-Headers', b'Content-Length,Content-Type,Date,Server,Connection')])
2025-06-19 18:18:41,668 - httpx - INFO - HTTP Request: POST https://api.telegram.org/bot7707158318:AAE8rWa4Q8Z_3avql6K0HAmXaooZAReoNF0/getUpdates "HTTP/1.1 200 OK"
2025-06-19 18:18:41,671 - httpcore.http11 - DEBUG - receive_response_body.started request=<Request [b'POST']>
2025-06-19 18:18:41,671 - httpcore.http11 - DEBUG - receive_response_body.complete
2025-06-19 18:18:41,672 - httpcore.http11 - DEBUG - response_closed.started
2025-06-19 18:18:41,672 - httpcore.http11 - DEBUG - response_closed.complete
2025-06-19 18:18:41,674 - telegram.ext.ExtBot - DEBUG - No new updates found.
2025-06-19 18:18:41,674 - telegram.ext.ExtBot - DEBUG - ()
2025-06-19 18:18:41,674 - telegram.ext.ExtBot - DEBUG - Exiting: get_updates
2025-06-19 18:18:41,674 - telegram.ext.ExtBot - DEBUG - Entering: get_updates
2025-06-19 18:18:41,676 - httpcore.http11 - DEBUG - send_request_headers.started request=<Request [b'POST']>
2025-06-19 18:18:41,677 - httpcore.http11 - DEBUG - send_request_headers.complete
2025-06-19 18:18:41,677 - httpcore.http11 - DEBUG - send_request_body.started request=<Request [b'POST']>
2025-06-19 18:18:41,677 - httpcore.http11 - DEBUG - send_request_body.complete
2025-06-19 18:18:41,677 - httpcore.http11 - DEBUG - receive_response_headers.started request=<Request [b'POST']>
2025-06-19 18:18:51,875 - httpcore.http11 - DEBUG - receive_response_headers.complete return_value=(b'HTTP/1.1', 200, b'OK', [(b'Server', b'nginx/1.18.0'), (b'Date', b'Thu, 19 Jun 2025 17:18:52 GMT'), (b'Content-Type', b'application/json'), (b'Content-Length', b'23'), (b'Connection', b'keep-alive'), (b'Strict-Transport-Security', b'max-age=31536000; includeSubDomains; preload'), (b'Access-Control-Allow-Origin', b'*'), (b'Access-Control-Allow-Methods', b'GET, POST, OPTIONS'), (b'Access-Control-Expose-Headers', b'Content-Length,Content-Type,Date,Server,Connection')])
2025-06-19 18:18:51,875 - httpx - INFO - HTTP Request: POST https://api.telegram.org/bot7707158318:AAE8rWa4Q8Z_3avql6K0HAmXaooZAReoNF0/getUpdates "HTTP/1.1 200 OK"
2025-06-19 18:18:51,877 - httpcore.http11 - DEBUG - receive_response_body.started request=<Request [b'POST']>
2025-06-19 18:18:51,877 - httpcore.http11 - DEBUG - receive_response_body.complete
2025-06-19 18:18:51,877 - httpcore.http11 - DEBUG - response_closed.started
2025-06-19 18:18:51,880 - httpcore.http11 - DEBUG - response_closed.complete
2025-06-19 18:18:51,880 - telegram.ext.ExtBot - DEBUG - No new updates found.
2025-06-19 18:18:51,880 - telegram.ext.ExtBot - DEBUG - ()
2025-06-19 18:18:51,880 - telegram.ext.ExtBot - DEBUG - Exiting: get_updates
2025-06-19 18:18:51,880 - telegram.ext.ExtBot - DEBUG - Entering: get_updates
2025-06-19 18:18:51,885 - httpcore.http11 - DEBUG - send_request_headers.started request=<Request [b'POST']>
2025-06-19 18:18:51,885 - httpcore.http11 - DEBUG - send_request_headers.complete
2025-06-19 18:18:51,887 - httpcore.http11 - DEBUG - send_request_body.started request=<Request [b'POST']>
2025-06-19 18:18:51,887 - httpcore.http11 - DEBUG - send_request_body.complete
2025-06-19 18:18:51,887 - httpcore.http11 - DEBUG - receive_response_headers.started request=<Request [b'POST']>
2025-06-19 18:19:02,142 - httpcore.http11 - DEBUG - receive_response_headers.complete return_value=(b'HTTP/1.1', 200, b'OK', [(b'Server', b'nginx/1.18.0'), (b'Date', b'Thu, 19 Jun 2025 17:19:03 GMT'), (b'Content-Type', b'application/json'), (b'Content-Length', b'23'), (b'Connection', b'keep-alive'), (b'Strict-Transport-Security', b'max-age=31536000; includeSubDomains; preload'), (b'Access-Control-Allow-Origin', b'*'), (b'Access-Control-Allow-Methods', b'GET, POST, OPTIONS'), (b'Access-Control-Expose-Headers', b'Content-Length,Content-Type,Date,Server,Connection')])
2025-06-19 18:19:02,143 - httpx - INFO - HTTP Request: POST https://api.telegram.org/bot7707158318:AAE8rWa4Q8Z_3avql6K0HAmXaooZAReoNF0/getUpdates "HTTP/1.1 200 OK"
2025-06-19 18:19:02,144 - httpcore.http11 - DEBUG - receive_response_body.started request=<Request [b'POST']>
2025-06-19 18:19:02,144 - httpcore.http11 - DEBUG - receive_response_body.complete
2025-06-19 18:19:02,146 - httpcore.http11 - DEBUG - response_closed.started
2025-06-19 18:19:02,146 - httpcore.http11 - DEBUG - response_closed.complete
2025-06-19 18:19:02,146 - telegram.ext.ExtBot - DEBUG - No new updates found.
2025-06-19 18:19:02,146 - telegram.ext.ExtBot - DEBUG - ()
2025-06-19 18:19:02,147 - telegram.ext.ExtBot - DEBUG - Exiting: get_updates
2025-06-19 18:19:02,147 - telegram.ext.ExtBot - DEBUG - Entering: get_updates
2025-06-19 18:19:02,149 - httpcore.http11 - DEBUG - send_request_headers.started request=<Request [b'POST']>
2025-06-19 18:19:02,150 - httpcore.http11 - DEBUG - send_request_headers.complete
2025-06-19 18:19:02,153 - httpcore.http11 - DEBUG - send_request_body.started request=<Request [b'POST']>
2025-06-19 18:19:02,155 - httpcore.http11 - DEBUG - send_request_body.complete
2025-06-19 18:19:02,155 - httpcore.http11 - DEBUG - receive_response_headers.started request=<Request [b'POST']>
2025-06-19 18:19:05,022 - httpcore.http11 - DEBUG - receive_response_headers.complete return_value=(b'HTTP/1.1', 200, b'OK', [(b'Server', b'nginx/1.18.0'), (b'Date', b'Thu, 19 Jun 2025 17:19:06 GMT'), (b'Content-Type', b'application/json'), (b'Content-Length', b'839'), (b'Connection', b'keep-alive'), (b'Strict-Transport-Security', b'max-age=31536000; includeSubDomains; preload'), (b'Access-Control-Allow-Origin', b'*'), (b'Access-Control-Allow-Methods', b'GET, POST, OPTIONS'), (b'Access-Control-Expose-Headers', b'Content-Length,Content-Type,Date,Server,Connection')])
2025-06-19 18:19:05,022 - httpx - INFO - HTTP Request: POST https://api.telegram.org/bot7707158318:AAE8rWa4Q8Z_3avql6K0HAmXaooZAReoNF0/getUpdates "HTTP/1.1 200 OK"
2025-06-19 18:19:05,024 - httpcore.http11 - DEBUG - receive_response_body.started request=<Request [b'POST']>
2025-06-19 18:19:05,024 - httpcore.http11 - DEBUG - receive_response_body.complete
2025-06-19 18:19:05,024 - httpcore.http11 - DEBUG - response_closed.started
2025-06-19 18:19:05,025 - httpcore.http11 - DEBUG - response_closed.complete
2025-06-19 18:19:05,025 - telegram.ext.ExtBot - DEBUG - Getting updates: [37529852]
2025-06-19 18:19:05,027 - telegram.ext.ExtBot - DEBUG - (Update(callback_query=CallbackQuery(chat_instance='-1307310250263184334', data='show_balance', from_user=User(first_name='Ghost', id=7049055170, is_bot=False, language_code='en', last_name='Number1'), id='2605345313748280903', message=Message(channel_chat_created=False, chat=Chat(first_name='Ghost', id=7049055170, last_name='Number1', type=<ChatType.PRIVATE>), date=datetime.datetime(2025, 6, 19, 17, 16, 27, tzinfo=<UTC>), delete_chat_photo=False, edit_date=datetime.datetime(2025, 6, 19, 17, 17, 42, tzinfo=<UTC>), from_user=User(first_name='SPRD', id=7707158318, is_bot=True, username='tizi91Bot'), group_chat_created=False, message_id=5643, reply_markup=InlineKeyboardMarkup(inline_keyboard=((InlineKeyboardButton(callback_data='start_sniperx', text='🚀 Start SniperX'),), (InlineKeyboardButton(callback_data='stop_sniperx', text='🛑 Stop SniperX'), InlineKeyboardButton(callback_data='status_sniperx', text='📊 Status')), (InlineKeyboardButton(callback_data='show_balance', text='💰 Balance'),))), supergroup_chat_created=False, text='SniperX Bot Control Panel:')), update_id=37529852),)
2025-06-19 18:19:05,029 - telegram.ext.ExtBot - DEBUG - Exiting: get_updates
2025-06-19 18:19:05,030 - telegram.ext.ExtBot - DEBUG - Entering: get_updates
2025-06-19 18:19:05,032 - telegram.ext.Application - DEBUG - Processing update Update(callback_query=CallbackQuery(chat_instance='-1307310250263184334', data='show_balance', from_user=User(first_name='Ghost', id=7049055170, is_bot=False, language_code='en', last_name='Number1'), id='2605345313748280903', message=Message(channel_chat_created=False, chat=Chat(first_name='Ghost', id=7049055170, last_name='Number1', type=<ChatType.PRIVATE>), date=datetime.datetime(2025, 6, 19, 17, 16, 27, tzinfo=<UTC>), delete_chat_photo=False, edit_date=datetime.datetime(2025, 6, 19, 17, 17, 42, tzinfo=<UTC>), from_user=User(first_name='SPRD', id=7707158318, is_bot=True, username='tizi91Bot'), group_chat_created=False, message_id=5643, reply_markup=InlineKeyboardMarkup(inline_keyboard=((InlineKeyboardButton(callback_data='start_sniperx', text='🚀 Start SniperX'),), (InlineKeyboardButton(callback_data='stop_sniperx', text='🛑 Stop SniperX'), InlineKeyboardButton(callback_data='status_sniperx', text='📊 Status')), (InlineKeyboardButton(callback_data='show_balance', text='💰 Balance'),))), supergroup_chat_created=False, text='SniperX Bot Control Panel:')), update_id=37529852)
2025-06-19 18:19:05,036 - __main__ - INFO - Button callback received: Update(callback_query=CallbackQuery(chat_instance='-1307310250263184334', data='show_balance', from_user=User(first_name='Ghost', id=7049055170, is_bot=False, language_code='en', last_name='Number1'), id='2605345313748280903', message=Message(channel_chat_created=False, chat=Chat(first_name='Ghost', id=7049055170, last_name='Number1', type=<ChatType.PRIVATE>), date=datetime.datetime(2025, 6, 19, 17, 16, 27, tzinfo=<UTC>), delete_chat_photo=False, edit_date=datetime.datetime(2025, 6, 19, 17, 17, 42, tzinfo=<UTC>), from_user=User(first_name='SPRD', id=7707158318, is_bot=True, username='tizi91Bot'), group_chat_created=False, message_id=5643, reply_markup=InlineKeyboardMarkup(inline_keyboard=((InlineKeyboardButton(callback_data='start_sniperx', text='🚀 Start SniperX'),), (InlineKeyboardButton(callback_data='stop_sniperx', text='🛑 Stop SniperX'), InlineKeyboardButton(callback_data='status_sniperx', text='📊 Status')), (InlineKeyboardButton(callback_data='show_balance', text='💰 Balance'),))), supergroup_chat_created=False, text='SniperX Bot Control Panel:')), update_id=37529852)
2025-06-19 18:19:05,037 - telegram.ext.ExtBot - DEBUG - Entering: answer_callback_query
2025-06-19 18:19:05,041 - httpcore.connection - DEBUG - close.started
2025-06-19 18:19:05,043 - httpcore.connection - DEBUG - close.complete
2025-06-19 18:19:05,043 - httpcore.http11 - DEBUG - send_request_headers.started request=<Request [b'POST']>
2025-06-19 18:19:05,045 - httpcore.connection - DEBUG - connect_tcp.started host='api.telegram.org' port=443 local_address=None timeout=5.0 socket_options=None
2025-06-19 18:19:05,046 - httpcore.http11 - DEBUG - send_request_headers.complete
2025-06-19 18:19:05,046 - httpcore.http11 - DEBUG - send_request_body.started request=<Request [b'POST']>
2025-06-19 18:19:05,048 - httpcore.http11 - DEBUG - send_request_body.complete
2025-06-19 18:19:05,048 - httpcore.http11 - DEBUG - receive_response_headers.started request=<Request [b'POST']>
2025-06-19 18:19:05,346 - httpcore.connection - DEBUG - connect_tcp.complete return_value=<httpcore._backends.anyio.AnyIOStream object at 0x000002B0256AAD40>
2025-06-19 18:19:05,347 - httpcore.connection - DEBUG - start_tls.started ssl_context=<ssl.SSLContext object at 0x000002B025669B40> server_hostname='api.telegram.org' timeout=5.0
2025-06-19 18:19:05,480 - httpcore.connection - DEBUG - start_tls.complete return_value=<httpcore._backends.anyio.AnyIOStream object at 0x000002B0256AAAD0>
2025-06-19 18:19:05,481 - httpcore.http11 - DEBUG - send_request_headers.started request=<Request [b'POST']>
2025-06-19 18:19:05,481 - httpcore.http11 - DEBUG - send_request_headers.complete
2025-06-19 18:19:05,481 - httpcore.http11 - DEBUG - send_request_body.started request=<Request [b'POST']>
2025-06-19 18:19:05,483 - httpcore.http11 - DEBUG - send_request_body.complete
2025-06-19 18:19:05,483 - httpcore.http11 - DEBUG - receive_response_headers.started request=<Request [b'POST']>
2025-06-19 18:19:05,595 - httpcore.http11 - DEBUG - receive_response_headers.complete return_value=(b'HTTP/1.1', 200, b'OK', [(b'Server', b'nginx/1.18.0'), (b'Date', b'Thu, 19 Jun 2025 17:19:06 GMT'), (b'Content-Type', b'application/json'), (b'Content-Length', b'25'), (b'Connection', b'keep-alive'), (b'Strict-Transport-Security', b'max-age=31536000; includeSubDomains; preload'), (b'Access-Control-Allow-Origin', b'*'), (b'Access-Control-Allow-Methods', b'GET, POST, OPTIONS'), (b'Access-Control-Expose-Headers', b'Content-Length,Content-Type,Date,Server,Connection')])
2025-06-19 18:19:05,595 - httpx - INFO - HTTP Request: POST https://api.telegram.org/bot7707158318:AAE8rWa4Q8Z_3avql6K0HAmXaooZAReoNF0/answerCallbackQuery "HTTP/1.1 200 OK"
2025-06-19 18:19:05,598 - httpcore.http11 - DEBUG - receive_response_body.started request=<Request [b'POST']>
2025-06-19 18:19:05,598 - httpcore.http11 - DEBUG - receive_response_body.complete
2025-06-19 18:19:05,600 - httpcore.http11 - DEBUG - response_closed.started
2025-06-19 18:19:05,601 - httpcore.http11 - DEBUG - response_closed.complete
2025-06-19 18:19:05,601 - telegram.ext.ExtBot - DEBUG - True
2025-06-19 18:19:05,601 - telegram.ext.ExtBot - DEBUG - Exiting: answer_callback_query
2025-06-19 18:19:05,601 - __main__ - INFO - Processing action: show_balance
2025-06-19 18:19:05,601 - __main__ - INFO - Processing show_balance action
2025-06-19 18:19:05,605 - __main__ - INFO - Reading wallet balance from: C:\Users\Rachid Aitali\OneDrive - 4JM Solutions Limited\Desktop\SniperX\SniperX\SniperX-V3\wallet_balance.json
2025-06-19 18:19:05,606 - __main__ - DEBUG - Raw wallet balance data: {'sol': '0.001771443', 'usd': '0.25469807454', 'sol_price': '143.78', 'timestamp': 1750353462.912395}
2025-06-19 18:19:05,606 - __main__ - INFO - Successfully read balance - SOL: 0.001771443, USD: 0.25469807454, Age: 1.4 minutes
2025-06-19 18:19:05,608 - __main__ - INFO - Current balance after read: {'sol': Decimal('0.001771443'), 'usd': Decimal('0.25469807454'), 'timestamp': 1750353462.912395}
2025-06-19 18:19:05,608 - __main__ - INFO - Wallet manager not running, attempting to start it
2025-06-19 18:19:05,608 - __main__ - INFO - Starting wallet manager from: C:\Users\Rachid Aitali\OneDrive - 4JM Solutions Limited\Desktop\SniperX\SniperX\SniperX-V3\wallet_manager.py
2025-06-19 18:19:05,685 - __main__ - INFO - Wallet manager started with PID: 132
2025-06-19 18:19:07,688 - __main__ - INFO - Wallet manager started successfully, reading balance...
2025-06-19 18:19:07,690 - __main__ - INFO - Reading wallet balance from: C:\Users\Rachid Aitali\OneDrive - 4JM Solutions Limited\Desktop\SniperX\SniperX\SniperX-V3\wallet_balance.json
2025-06-19 18:19:07,692 - __main__ - DEBUG - Raw wallet balance data: {'sol': '0.001771443', 'usd': '0.25469807454', 'sol_price': '143.78', 'timestamp': 1750353462.912395}
2025-06-19 18:19:07,692 - __main__ - INFO - Successfully read balance - SOL: 0.001771443, USD: 0.25469807454, Age: 1.4 minutes
2025-06-19 18:19:07,693 - __main__ - INFO - Balance after wallet manager start: {'sol': Decimal('0.001771443'), 'usd': Decimal('0.25469807454'), 'timestamp': 1750353462.912395}
2025-06-19 18:19:07,694 - __main__ - INFO - Balance retrieved successfully
2025-06-19 18:19:07,697 - telegram.ext.ExtBot - DEBUG - Entering: edit_message_text
2025-06-19 18:19:07,705 - httpcore.http11 - DEBUG - send_request_headers.started request=<Request [b'POST']>
2025-06-19 18:19:07,715 - httpcore.http11 - DEBUG - send_request_headers.complete
2025-06-19 18:19:07,716 - httpcore.http11 - DEBUG - send_request_body.started request=<Request [b'POST']>
2025-06-19 18:19:07,720 - httpcore.http11 - DEBUG - send_request_body.complete
2025-06-19 18:19:07,720 - httpcore.http11 - DEBUG - receive_response_headers.started request=<Request [b'POST']>
2025-06-19 18:19:07,922 - httpcore.http11 - DEBUG - receive_response_headers.complete return_value=(b'HTTP/1.1', 200, b'OK', [(b'Server', b'nginx/1.18.0'), (b'Date', b'Thu, 19 Jun 2025 17:19:09 GMT'), (b'Content-Type', b'application/json'), (b'Content-Length', b'496'), (b'Connection', b'keep-alive'), (b'Strict-Transport-Security', b'max-age=31536000; includeSubDomains; preload'), (b'Access-Control-Allow-Origin', b'*'), (b'Access-Control-Allow-Methods', b'GET, POST, OPTIONS'), (b'Access-Control-Expose-Headers', b'Content-Length,Content-Type,Date,Server,Connection')])
2025-06-19 18:19:07,924 - httpx - INFO - HTTP Request: POST https://api.telegram.org/bot7707158318:AAE8rWa4Q8Z_3avql6K0HAmXaooZAReoNF0/editMessageText "HTTP/1.1 200 OK"
2025-06-19 18:19:07,927 - httpcore.http11 - DEBUG - receive_response_body.started request=<Request [b'POST']>
2025-06-19 18:19:07,928 - httpcore.http11 - DEBUG - receive_response_body.complete
2025-06-19 18:19:07,928 - httpcore.http11 - DEBUG - response_closed.started
2025-06-19 18:19:07,929 - httpcore.http11 - DEBUG - response_closed.complete
2025-06-19 18:19:07,932 - telegram.ext.ExtBot - DEBUG - Message(channel_chat_created=False, chat=Chat(first_name='Ghost', id=7049055170, last_name='Number1', type=<ChatType.PRIVATE>), date=datetime.datetime(2025, 6, 19, 17, 16, 27, tzinfo=<UTC>), delete_chat_photo=False, edit_date=datetime.datetime(2025, 6, 19, 17, 19, 8, tzinfo=<UTC>), from_user=User(first_name='SPRD', id=7707158318, is_bot=True, username='tizi91Bot'), group_chat_created=False, message_id=5643, reply_markup=InlineKeyboardMarkup(inline_keyboard=((InlineKeyboardButton(callback_data='show_balance', text='🔄 Refresh'), InlineKeyboardButton(callback_data='back_to_menu', text='🔙 Back to Menu')),)), supergroup_chat_created=False, text='Current Balance:\nSOL: 0.001771\nUSD: $0.25\n\nLast Update: 18:17:42')
2025-06-19 18:19:07,933 - telegram.ext.ExtBot - DEBUG - Exiting: edit_message_text
2025-06-19 18:19:10,843 - httpcore.http11 - DEBUG - receive_response_headers.complete return_value=(b'HTTP/1.1', 200, b'OK', [(b'Server', b'nginx/1.18.0'), (b'Date', b'Thu, 19 Jun 2025 17:19:11 GMT'), (b'Content-Type', b'application/json'), (b'Content-Length', b'743'), (b'Connection', b'keep-alive'), (b'Strict-Transport-Security', b'max-age=31536000; includeSubDomains; preload'), (b'Access-Control-Allow-Origin', b'*'), (b'Access-Control-Allow-Methods', b'GET, POST, OPTIONS'), (b'Access-Control-Expose-Headers', b'Content-Length,Content-Type,Date,Server,Connection')])
2025-06-19 18:19:10,845 - httpx - INFO - HTTP Request: POST https://api.telegram.org/bot7707158318:AAE8rWa4Q8Z_3avql6K0HAmXaooZAReoNF0/getUpdates "HTTP/1.1 200 OK"
2025-06-19 18:19:10,846 - httpcore.http11 - DEBUG - receive_response_body.started request=<Request [b'POST']>
2025-06-19 18:19:10,847 - httpcore.http11 - DEBUG - receive_response_body.complete
2025-06-19 18:19:10,847 - httpcore.http11 - DEBUG - response_closed.started
2025-06-19 18:19:10,848 - httpcore.http11 - DEBUG - response_closed.complete
2025-06-19 18:19:10,849 - telegram.ext.ExtBot - DEBUG - Getting updates: [37529853]
2025-06-19 18:19:10,851 - telegram.ext.ExtBot - DEBUG - (Update(callback_query=CallbackQuery(chat_instance='-1307310250263184334', data='back_to_menu', from_user=User(first_name='Ghost', id=7049055170, is_bot=False, language_code='en', last_name='Number1'), id='2605345313308604993', message=Message(channel_chat_created=False, chat=Chat(first_name='Ghost', id=7049055170, last_name='Number1', type=<ChatType.PRIVATE>), date=datetime.datetime(2025, 6, 19, 17, 16, 27, tzinfo=<UTC>), delete_chat_photo=False, edit_date=datetime.datetime(2025, 6, 19, 17, 19, 8, tzinfo=<UTC>), from_user=User(first_name='SPRD', id=7707158318, is_bot=True, username='tizi91Bot'), group_chat_created=False, message_id=5643, reply_markup=InlineKeyboardMarkup(inline_keyboard=((InlineKeyboardButton(callback_data='show_balance', text='🔄 Refresh'), InlineKeyboardButton(callback_data='back_to_menu', text='🔙 Back to Menu')),)), supergroup_chat_created=False, text='Current Balance:\nSOL: 0.001771\nUSD: $0.25\n\nLast Update: 18:17:42')), update_id=37529853),)
2025-06-19 18:19:10,853 - telegram.ext.ExtBot - DEBUG - Exiting: get_updates
2025-06-19 18:19:10,854 - telegram.ext.ExtBot - DEBUG - Entering: get_updates
2025-06-19 18:19:10,858 - telegram.ext.Application - DEBUG - Processing update Update(callback_query=CallbackQuery(chat_instance='-1307310250263184334', data='back_to_menu', from_user=User(first_name='Ghost', id=7049055170, is_bot=False, language_code='en', last_name='Number1'), id='2605345313308604993', message=Message(channel_chat_created=False, chat=Chat(first_name='Ghost', id=7049055170, last_name='Number1', type=<ChatType.PRIVATE>), date=datetime.datetime(2025, 6, 19, 17, 16, 27, tzinfo=<UTC>), delete_chat_photo=False, edit_date=datetime.datetime(2025, 6, 19, 17, 19, 8, tzinfo=<UTC>), from_user=User(first_name='SPRD', id=7707158318, is_bot=True, username='tizi91Bot'), group_chat_created=False, message_id=5643, reply_markup=InlineKeyboardMarkup(inline_keyboard=((InlineKeyboardButton(callback_data='show_balance', text='🔄 Refresh'), InlineKeyboardButton(callback_data='back_to_menu', text='🔙 Back to Menu')),)), supergroup_chat_created=False, text='Current Balance:\nSOL: 0.001771\nUSD: $0.25\n\nLast Update: 18:17:42')), update_id=37529853)
2025-06-19 18:19:10,861 - __main__ - INFO - Button callback received: Update(callback_query=CallbackQuery(chat_instance='-1307310250263184334', data='back_to_menu', from_user=User(first_name='Ghost', id=7049055170, is_bot=False, language_code='en', last_name='Number1'), id='2605345313308604993', message=Message(channel_chat_created=False, chat=Chat(first_name='Ghost', id=7049055170, last_name='Number1', type=<ChatType.PRIVATE>), date=datetime.datetime(2025, 6, 19, 17, 16, 27, tzinfo=<UTC>), delete_chat_photo=False, edit_date=datetime.datetime(2025, 6, 19, 17, 19, 8, tzinfo=<UTC>), from_user=User(first_name='SPRD', id=7707158318, is_bot=True, username='tizi91Bot'), group_chat_created=False, message_id=5643, reply_markup=InlineKeyboardMarkup(inline_keyboard=((InlineKeyboardButton(callback_data='show_balance', text='🔄 Refresh'), InlineKeyboardButton(callback_data='back_to_menu', text='🔙 Back to Menu')),)), supergroup_chat_created=False, text='Current Balance:\nSOL: 0.001771\nUSD: $0.25\n\nLast Update: 18:17:42')), update_id=37529853)
2025-06-19 18:19:10,862 - telegram.ext.ExtBot - DEBUG - Entering: answer_callback_query
2025-06-19 18:19:10,868 - httpcore.http11 - DEBUG - send_request_headers.started request=<Request [b'POST']>
2025-06-19 18:19:10,872 - httpcore.http11 - DEBUG - send_request_headers.started request=<Request [b'POST']>
2025-06-19 18:19:10,875 - httpcore.http11 - DEBUG - send_request_headers.complete
2025-06-19 18:19:10,875 - httpcore.http11 - DEBUG - send_request_body.started request=<Request [b'POST']>
2025-06-19 18:19:10,877 - httpcore.http11 - DEBUG - send_request_headers.complete
2025-06-19 18:19:10,877 - httpcore.http11 - DEBUG - send_request_body.started request=<Request [b'POST']>
2025-06-19 18:19:10,878 - httpcore.http11 - DEBUG - send_request_body.complete
2025-06-19 18:19:10,880 - httpcore.http11 - DEBUG - receive_response_headers.started request=<Request [b'POST']>
2025-06-19 18:19:10,881 - httpcore.http11 - DEBUG - send_request_body.complete
2025-06-19 18:19:10,882 - httpcore.http11 - DEBUG - receive_response_headers.started request=<Request [b'POST']>
2025-06-19 18:19:11,047 - httpcore.http11 - DEBUG - receive_response_headers.complete return_value=(b'HTTP/1.1', 200, b'OK', [(b'Server', b'nginx/1.18.0'), (b'Date', b'Thu, 19 Jun 2025 17:19:12 GMT'), (b'Content-Type', b'application/json'), (b'Content-Length', b'25'), (b'Connection', b'keep-alive'), (b'Strict-Transport-Security', b'max-age=31536000; includeSubDomains; preload'), (b'Access-Control-Allow-Origin', b'*'), (b'Access-Control-Allow-Methods', b'GET, POST, OPTIONS'), (b'Access-Control-Expose-Headers', b'Content-Length,Content-Type,Date,Server,Connection')])
2025-06-19 18:19:11,049 - httpx - INFO - HTTP Request: POST https://api.telegram.org/bot7707158318:AAE8rWa4Q8Z_3avql6K0HAmXaooZAReoNF0/answerCallbackQuery "HTTP/1.1 200 OK"
2025-06-19 18:19:11,051 - httpcore.http11 - DEBUG - receive_response_body.started request=<Request [b'POST']>
2025-06-19 18:19:11,052 - httpcore.http11 - DEBUG - receive_response_body.complete
2025-06-19 18:19:11,053 - httpcore.http11 - DEBUG - response_closed.started
2025-06-19 18:19:11,054 - httpcore.http11 - DEBUG - response_closed.complete
2025-06-19 18:19:11,056 - telegram.ext.ExtBot - DEBUG - True
2025-06-19 18:19:11,056 - telegram.ext.ExtBot - DEBUG - Exiting: answer_callback_query
2025-06-19 18:19:11,056 - __main__ - INFO - Processing action: back_to_menu
2025-06-19 18:19:11,058 - telegram.ext.ExtBot - DEBUG - Entering: edit_message_text
2025-06-19 18:19:11,065 - httpcore.http11 - DEBUG - send_request_headers.started request=<Request [b'POST']>
2025-06-19 18:19:11,069 - httpcore.http11 - DEBUG - send_request_headers.complete
2025-06-19 18:19:11,069 - httpcore.http11 - DEBUG - send_request_body.started request=<Request [b'POST']>
2025-06-19 18:19:11,072 - httpcore.http11 - DEBUG - send_request_body.complete
2025-06-19 18:19:11,073 - httpcore.http11 - DEBUG - receive_response_headers.started request=<Request [b'POST']>
2025-06-19 18:19:11,225 - httpcore.http11 - DEBUG - receive_response_headers.complete return_value=(b'HTTP/1.1', 200, b'OK', [(b'Server', b'nginx/1.18.0'), (b'Date', b'Thu, 19 Jun 2025 17:19:12 GMT'), (b'Content-Type', b'application/json'), (b'Content-Length', b'592'), (b'Connection', b'keep-alive'), (b'Strict-Transport-Security', b'max-age=31536000; includeSubDomains; preload'), (b'Access-Control-Allow-Origin', b'*'), (b'Access-Control-Allow-Methods', b'GET, POST, OPTIONS'), (b'Access-Control-Expose-Headers', b'Content-Length,Content-Type,Date,Server,Connection')])
2025-06-19 18:19:11,227 - httpx - INFO - HTTP Request: POST https://api.telegram.org/bot7707158318:AAE8rWa4Q8Z_3avql6K0HAmXaooZAReoNF0/editMessageText "HTTP/1.1 200 OK"
2025-06-19 18:19:11,229 - httpcore.http11 - DEBUG - receive_response_body.started request=<Request [b'POST']>
2025-06-19 18:19:11,229 - httpcore.http11 - DEBUG - receive_response_body.complete
2025-06-19 18:19:11,229 - httpcore.http11 - DEBUG - response_closed.started
2025-06-19 18:19:11,230 - httpcore.http11 - DEBUG - response_closed.complete
2025-06-19 18:19:11,234 - telegram.ext.ExtBot - DEBUG - Message(channel_chat_created=False, chat=Chat(first_name='Ghost', id=7049055170, last_name='Number1', type=<ChatType.PRIVATE>), date=datetime.datetime(2025, 6, 19, 17, 16, 27, tzinfo=<UTC>), delete_chat_photo=False, edit_date=datetime.datetime(2025, 6, 19, 17, 19, 12, tzinfo=<UTC>), from_user=User(first_name='SPRD', id=7707158318, is_bot=True, username='tizi91Bot'), group_chat_created=False, message_id=5643, reply_markup=InlineKeyboardMarkup(inline_keyboard=((InlineKeyboardButton(callback_data='start_sniperx', text='🚀 Start SniperX'),), (InlineKeyboardButton(callback_data='stop_sniperx', text='🛑 Stop SniperX'), InlineKeyboardButton(callback_data='status_sniperx', text='📊 Status')), (InlineKeyboardButton(callback_data='show_balance', text='💰 Balance'),))), supergroup_chat_created=False, text='SniperX Bot Control Panel:')
2025-06-19 18:19:11,237 - telegram.ext.ExtBot - DEBUG - Exiting: edit_message_text
2025-06-19 18:19:21,185 - httpcore.http11 - DEBUG - receive_response_headers.complete return_value=(b'HTTP/1.1', 200, b'OK', [(b'Server', b'nginx/1.18.0'), (b'Date', b'Thu, 19 Jun 2025 17:19:22 GMT'), (b'Content-Type', b'application/json'), (b'Content-Length', b'23'), (b'Connection', b'keep-alive'), (b'Strict-Transport-Security', b'max-age=31536000; includeSubDomains; preload'), (b'Access-Control-Allow-Origin', b'*'), (b'Access-Control-Allow-Methods', b'GET, POST, OPTIONS'), (b'Access-Control-Expose-Headers', b'Content-Length,Content-Type,Date,Server,Connection')])
2025-06-19 18:19:21,187 - httpx - INFO - HTTP Request: POST https://api.telegram.org/bot7707158318:AAE8rWa4Q8Z_3avql6K0HAmXaooZAReoNF0/getUpdates "HTTP/1.1 200 OK"
2025-06-19 18:19:21,188 - httpcore.http11 - DEBUG - receive_response_body.started request=<Request [b'POST']>
2025-06-19 18:19:21,188 - httpcore.http11 - DEBUG - receive_response_body.complete
2025-06-19 18:19:21,190 - httpcore.http11 - DEBUG - response_closed.started
2025-06-19 18:19:21,190 - httpcore.http11 - DEBUG - response_closed.complete
2025-06-19 18:19:21,190 - telegram.ext.ExtBot - DEBUG - No new updates found.
2025-06-19 18:19:21,190 - telegram.ext.ExtBot - DEBUG - ()
2025-06-19 18:19:21,190 - telegram.ext.ExtBot - DEBUG - Exiting: get_updates
2025-06-19 18:19:21,190 - telegram.ext.ExtBot - DEBUG - Entering: get_updates
2025-06-19 18:19:21,194 - httpcore.http11 - DEBUG - send_request_headers.started request=<Request [b'POST']>
2025-06-19 18:19:21,194 - httpcore.http11 - DEBUG - send_request_headers.complete
2025-06-19 18:19:21,194 - httpcore.http11 - DEBUG - send_request_body.started request=<Request [b'POST']>
2025-06-19 18:19:21,196 - httpcore.http11 - DEBUG - send_request_body.complete
2025-06-19 18:19:21,196 - httpcore.http11 - DEBUG - receive_response_headers.started request=<Request [b'POST']>
2025-06-19 18:19:31,305 - httpcore.http11 - DEBUG - receive_response_headers.complete return_value=(b'HTTP/1.1', 200, b'OK', [(b'Server', b'nginx/1.18.0'), (b'Date', b'Thu, 19 Jun 2025 17:19:32 GMT'), (b'Content-Type', b'application/json'), (b'Content-Length', b'23'), (b'Connection', b'keep-alive'), (b'Strict-Transport-Security', b'max-age=31536000; includeSubDomains; preload'), (b'Access-Control-Allow-Origin', b'*'), (b'Access-Control-Allow-Methods', b'GET, POST, OPTIONS'), (b'Access-Control-Expose-Headers', b'Content-Length,Content-Type,Date,Server,Connection')])
2025-06-19 18:19:31,308 - httpx - INFO - HTTP Request: POST https://api.telegram.org/bot7707158318:AAE8rWa4Q8Z_3avql6K0HAmXaooZAReoNF0/getUpdates "HTTP/1.1 200 OK"
2025-06-19 18:19:31,309 - httpcore.http11 - DEBUG - receive_response_body.started request=<Request [b'POST']>
2025-06-19 18:19:31,309 - httpcore.http11 - DEBUG - receive_response_body.complete
2025-06-19 18:19:31,309 - httpcore.http11 - DEBUG - response_closed.started
2025-06-19 18:19:31,311 - httpcore.http11 - DEBUG - response_closed.complete
2025-06-19 18:19:31,311 - telegram.ext.ExtBot - DEBUG - No new updates found.
2025-06-19 18:19:31,311 - telegram.ext.ExtBot - DEBUG - ()
2025-06-19 18:19:31,311 - telegram.ext.ExtBot - DEBUG - Exiting: get_updates
2025-06-19 18:19:31,313 - telegram.ext.ExtBot - DEBUG - Entering: get_updates
2025-06-19 18:19:31,316 - httpcore.http11 - DEBUG - send_request_headers.started request=<Request [b'POST']>
2025-06-19 18:19:31,317 - httpcore.http11 - DEBUG - send_request_headers.complete
2025-06-19 18:19:31,317 - httpcore.http11 - DEBUG - send_request_body.started request=<Request [b'POST']>
2025-06-19 18:19:31,317 - httpcore.http11 - DEBUG - send_request_body.complete
2025-06-19 18:19:31,317 - httpcore.http11 - DEBUG - receive_response_headers.started request=<Request [b'POST']>
2025-06-19 18:19:42,904 - httpcore.http11 - DEBUG - receive_response_headers.complete return_value=(b'HTTP/1.1', 200, b'OK', [(b'Server', b'nginx/1.18.0'), (b'Date', b'Thu, 19 Jun 2025 17:19:43 GMT'), (b'Content-Type', b'application/json'), (b'Content-Length', b'23'), (b'Connection', b'keep-alive'), (b'Strict-Transport-Security', b'max-age=31536000; includeSubDomains; preload'), (b'Access-Control-Allow-Origin', b'*'), (b'Access-Control-Allow-Methods', b'GET, POST, OPTIONS'), (b'Access-Control-Expose-Headers', b'Content-Length,Content-Type,Date,Server,Connection')])
2025-06-19 18:19:42,905 - httpx - INFO - HTTP Request: POST https://api.telegram.org/bot7707158318:AAE8rWa4Q8Z_3avql6K0HAmXaooZAReoNF0/getUpdates "HTTP/1.1 200 OK"
2025-06-19 18:19:42,905 - httpcore.http11 - DEBUG - receive_response_body.started request=<Request [b'POST']>
2025-06-19 18:19:42,908 - httpcore.http11 - DEBUG - receive_response_body.complete
2025-06-19 18:19:42,908 - httpcore.http11 - DEBUG - response_closed.started
2025-06-19 18:19:42,909 - httpcore.http11 - DEBUG - response_closed.complete
2025-06-19 18:19:42,909 - telegram.ext.ExtBot - DEBUG - No new updates found.
2025-06-19 18:19:42,909 - telegram.ext.ExtBot - DEBUG - ()
2025-06-19 18:19:42,909 - telegram.ext.ExtBot - DEBUG - Exiting: get_updates
2025-06-19 18:19:42,909 - telegram.ext.ExtBot - DEBUG - Entering: get_updates
2025-06-19 18:19:42,913 - httpcore.http11 - DEBUG - send_request_headers.started request=<Request [b'POST']>
2025-06-19 18:19:42,915 - httpcore.http11 - DEBUG - send_request_headers.complete
2025-06-19 18:19:42,915 - httpcore.http11 - DEBUG - send_request_body.started request=<Request [b'POST']>
2025-06-19 18:19:42,915 - httpcore.http11 - DEBUG - send_request_body.complete
2025-06-19 18:19:42,915 - httpcore.http11 - DEBUG - receive_response_headers.started request=<Request [b'POST']>
2025-06-19 18:19:53,337 - httpcore.http11 - DEBUG - receive_response_headers.complete return_value=(b'HTTP/1.1', 200, b'OK', [(b'Server', b'nginx/1.18.0'), (b'Date', b'Thu, 19 Jun 2025 17:19:54 GMT'), (b'Content-Type', b'application/json'), (b'Content-Length', b'23'), (b'Connection', b'keep-alive'), (b'Strict-Transport-Security', b'max-age=31536000; includeSubDomains; preload'), (b'Access-Control-Allow-Origin', b'*'), (b'Access-Control-Allow-Methods', b'GET, POST, OPTIONS'), (b'Access-Control-Expose-Headers', b'Content-Length,Content-Type,Date,Server,Connection')])
2025-06-19 18:19:53,344 - httpx - INFO - HTTP Request: POST https://api.telegram.org/bot7707158318:AAE8rWa4Q8Z_3avql6K0HAmXaooZAReoNF0/getUpdates "HTTP/1.1 200 OK"
2025-06-19 18:19:53,345 - httpcore.http11 - DEBUG - receive_response_body.started request=<Request [b'POST']>
2025-06-19 18:19:53,345 - httpcore.http11 - DEBUG - receive_response_body.complete
2025-06-19 18:19:53,345 - httpcore.http11 - DEBUG - response_closed.started
2025-06-19 18:19:53,347 - httpcore.http11 - DEBUG - response_closed.complete
2025-06-19 18:19:53,347 - telegram.ext.ExtBot - DEBUG - No new updates found.
2025-06-19 18:19:53,348 - telegram.ext.ExtBot - DEBUG - ()
2025-06-19 18:19:53,348 - telegram.ext.ExtBot - DEBUG - Exiting: get_updates
2025-06-19 18:19:53,348 - telegram.ext.ExtBot - DEBUG - Entering: get_updates
2025-06-19 18:19:53,350 - httpcore.http11 - DEBUG - send_request_headers.started request=<Request [b'POST']>
2025-06-19 18:19:53,350 - httpcore.http11 - DEBUG - send_request_headers.complete
2025-06-19 18:19:53,350 - httpcore.http11 - DEBUG - send_request_body.started request=<Request [b'POST']>
2025-06-19 18:19:53,353 - httpcore.http11 - DEBUG - send_request_body.complete
2025-06-19 18:19:53,353 - httpcore.http11 - DEBUG - receive_response_headers.started request=<Request [b'POST']>
2025-06-19 18:20:03,783 - httpcore.http11 - DEBUG - receive_response_headers.complete return_value=(b'HTTP/1.1', 200, b'OK', [(b'Server', b'nginx/1.18.0'), (b'Date', b'Thu, 19 Jun 2025 17:20:04 GMT'), (b'Content-Type', b'application/json'), (b'Content-Length', b'23'), (b'Connection', b'keep-alive'), (b'Strict-Transport-Security', b'max-age=31536000; includeSubDomains; preload'), (b'Access-Control-Allow-Origin', b'*'), (b'Access-Control-Allow-Methods', b'GET, POST, OPTIONS'), (b'Access-Control-Expose-Headers', b'Content-Length,Content-Type,Date,Server,Connection')])
2025-06-19 18:20:03,785 - httpx - INFO - HTTP Request: POST https://api.telegram.org/bot7707158318:AAE8rWa4Q8Z_3avql6K0HAmXaooZAReoNF0/getUpdates "HTTP/1.1 200 OK"
2025-06-19 18:20:03,787 - httpcore.http11 - DEBUG - receive_response_body.started request=<Request [b'POST']>
2025-06-19 18:20:03,787 - httpcore.http11 - DEBUG - receive_response_body.complete
2025-06-19 18:20:03,788 - httpcore.http11 - DEBUG - response_closed.started
2025-06-19 18:20:03,788 - httpcore.http11 - DEBUG - response_closed.complete
2025-06-19 18:20:03,788 - telegram.ext.ExtBot - DEBUG - No new updates found.
2025-06-19 18:20:03,788 - telegram.ext.ExtBot - DEBUG - ()
2025-06-19 18:20:03,788 - telegram.ext.ExtBot - DEBUG - Exiting: get_updates
2025-06-19 18:20:03,788 - telegram.ext.ExtBot - DEBUG - Entering: get_updates
2025-06-19 18:20:03,788 - httpcore.http11 - DEBUG - send_request_headers.started request=<Request [b'POST']>
2025-06-19 18:20:03,792 - httpcore.http11 - DEBUG - send_request_headers.complete
2025-06-19 18:20:03,792 - httpcore.http11 - DEBUG - send_request_body.started request=<Request [b'POST']>
2025-06-19 18:20:03,792 - httpcore.http11 - DEBUG - send_request_body.complete
2025-06-19 18:20:03,792 - httpcore.http11 - DEBUG - receive_response_headers.started request=<Request [b'POST']>
2025-06-19 18:20:14,024 - httpcore.http11 - DEBUG - receive_response_headers.complete return_value=(b'HTTP/1.1', 200, b'OK', [(b'Server', b'nginx/1.18.0'), (b'Date', b'Thu, 19 Jun 2025 17:20:15 GMT'), (b'Content-Type', b'application/json'), (b'Content-Length', b'23'), (b'Connection', b'keep-alive'), (b'Strict-Transport-Security', b'max-age=31536000; includeSubDomains; preload'), (b'Access-Control-Allow-Origin', b'*'), (b'Access-Control-Allow-Methods', b'GET, POST, OPTIONS'), (b'Access-Control-Expose-Headers', b'Content-Length,Content-Type,Date,Server,Connection')])
2025-06-19 18:20:14,025 - httpx - INFO - HTTP Request: POST https://api.telegram.org/bot7707158318:AAE8rWa4Q8Z_3avql6K0HAmXaooZAReoNF0/getUpdates "HTTP/1.1 200 OK"
2025-06-19 18:20:14,029 - httpcore.http11 - DEBUG - receive_response_body.started request=<Request [b'POST']>
2025-06-19 18:20:14,029 - httpcore.http11 - DEBUG - receive_response_body.complete
2025-06-19 18:20:14,029 - httpcore.http11 - DEBUG - response_closed.started
2025-06-19 18:20:14,029 - httpcore.http11 - DEBUG - response_closed.complete
2025-06-19 18:20:14,029 - telegram.ext.ExtBot - DEBUG - No new updates found.
2025-06-19 18:20:14,029 - telegram.ext.ExtBot - DEBUG - ()
2025-06-19 18:20:14,029 - telegram.ext.ExtBot - DEBUG - Exiting: get_updates
2025-06-19 18:20:14,029 - telegram.ext.ExtBot - DEBUG - Entering: get_updates
2025-06-19 18:20:14,032 - httpcore.http11 - DEBUG - send_request_headers.started request=<Request [b'POST']>
2025-06-19 18:20:14,032 - httpcore.http11 - DEBUG - send_request_headers.complete
2025-06-19 18:20:14,032 - httpcore.http11 - DEBUG - send_request_body.started request=<Request [b'POST']>
2025-06-19 18:20:14,032 - httpcore.http11 - DEBUG - send_request_body.complete
2025-06-19 18:20:14,032 - httpcore.http11 - DEBUG - receive_response_headers.started request=<Request [b'POST']>
2025-06-19 18:20:24,368 - httpcore.http11 - DEBUG - receive_response_headers.complete return_value=(b'HTTP/1.1', 200, b'OK', [(b'Server', b'nginx/1.18.0'), (b'Date', b'Thu, 19 Jun 2025 17:20:25 GMT'), (b'Content-Type', b'application/json'), (b'Content-Length', b'23'), (b'Connection', b'keep-alive'), (b'Strict-Transport-Security', b'max-age=31536000; includeSubDomains; preload'), (b'Access-Control-Allow-Origin', b'*'), (b'Access-Control-Allow-Methods', b'GET, POST, OPTIONS'), (b'Access-Control-Expose-Headers', b'Content-Length,Content-Type,Date,Server,Connection')])
2025-06-19 18:20:24,370 - httpx - INFO - HTTP Request: POST https://api.telegram.org/bot7707158318:AAE8rWa4Q8Z_3avql6K0HAmXaooZAReoNF0/getUpdates "HTTP/1.1 200 OK"
2025-06-19 18:20:24,373 - httpcore.http11 - DEBUG - receive_response_body.started request=<Request [b'POST']>
2025-06-19 18:20:24,374 - httpcore.http11 - DEBUG - receive_response_body.complete
2025-06-19 18:20:24,374 - httpcore.http11 - DEBUG - response_closed.started
2025-06-19 18:20:24,374 - httpcore.http11 - DEBUG - response_closed.complete
2025-06-19 18:20:24,375 - telegram.ext.ExtBot - DEBUG - No new updates found.
2025-06-19 18:20:24,375 - telegram.ext.ExtBot - DEBUG - ()
2025-06-19 18:20:24,375 - telegram.ext.ExtBot - DEBUG - Exiting: get_updates
2025-06-19 18:20:24,375 - telegram.ext.ExtBot - DEBUG - Entering: get_updates
2025-06-19 18:20:24,378 - httpcore.http11 - DEBUG - send_request_headers.started request=<Request [b'POST']>
2025-06-19 18:20:24,379 - httpcore.http11 - DEBUG - send_request_headers.complete
2025-06-19 18:20:24,379 - httpcore.http11 - DEBUG - send_request_body.started request=<Request [b'POST']>
2025-06-19 18:20:24,380 - httpcore.http11 - DEBUG - send_request_body.complete
2025-06-19 18:20:24,380 - httpcore.http11 - DEBUG - receive_response_headers.started request=<Request [b'POST']>
2025-06-19 18:20:34,707 - httpcore.http11 - DEBUG - receive_response_headers.complete return_value=(b'HTTP/1.1', 200, b'OK', [(b'Server', b'nginx/1.18.0'), (b'Date', b'Thu, 19 Jun 2025 17:20:35 GMT'), (b'Content-Type', b'application/json'), (b'Content-Length', b'23'), (b'Connection', b'keep-alive'), (b'Strict-Transport-Security', b'max-age=31536000; includeSubDomains; preload'), (b'Access-Control-Allow-Origin', b'*'), (b'Access-Control-Allow-Methods', b'GET, POST, OPTIONS'), (b'Access-Control-Expose-Headers', b'Content-Length,Content-Type,Date,Server,Connection')])
2025-06-19 18:20:34,709 - httpx - INFO - HTTP Request: POST https://api.telegram.org/bot7707158318:AAE8rWa4Q8Z_3avql6K0HAmXaooZAReoNF0/getUpdates "HTTP/1.1 200 OK"
2025-06-19 18:20:34,710 - httpcore.http11 - DEBUG - receive_response_body.started request=<Request [b'POST']>
2025-06-19 18:20:34,710 - httpcore.http11 - DEBUG - receive_response_body.complete
2025-06-19 18:20:34,710 - httpcore.http11 - DEBUG - response_closed.started
2025-06-19 18:20:34,710 - httpcore.http11 - DEBUG - response_closed.complete
2025-06-19 18:20:34,710 - telegram.ext.ExtBot - DEBUG - No new updates found.
2025-06-19 18:20:34,710 - telegram.ext.ExtBot - DEBUG - ()
2025-06-19 18:20:34,710 - telegram.ext.ExtBot - DEBUG - Exiting: get_updates
2025-06-19 18:20:34,710 - telegram.ext.ExtBot - DEBUG - Entering: get_updates
2025-06-19 18:20:34,715 - httpcore.http11 - DEBUG - send_request_headers.started request=<Request [b'POST']>
2025-06-19 18:20:34,715 - httpcore.http11 - DEBUG - send_request_headers.complete
2025-06-19 18:20:34,715 - httpcore.http11 - DEBUG - send_request_body.started request=<Request [b'POST']>
2025-06-19 18:20:34,717 - httpcore.http11 - DEBUG - send_request_body.complete
2025-06-19 18:20:34,718 - httpcore.http11 - DEBUG - receive_response_headers.started request=<Request [b'POST']>
2025-06-19 18:20:45,247 - httpcore.http11 - DEBUG - receive_response_headers.complete return_value=(b'HTTP/1.1', 200, b'OK', [(b'Server', b'nginx/1.18.0'), (b'Date', b'Thu, 19 Jun 2025 17:20:45 GMT'), (b'Content-Type', b'application/json'), (b'Content-Length', b'23'), (b'Connection', b'keep-alive'), (b'Strict-Transport-Security', b'max-age=31536000; includeSubDomains; preload'), (b'Access-Control-Allow-Origin', b'*'), (b'Access-Control-Allow-Methods', b'GET, POST, OPTIONS'), (b'Access-Control-Expose-Headers', b'Content-Length,Content-Type,Date,Server,Connection')])
2025-06-19 18:20:45,249 - httpx - INFO - HTTP Request: POST https://api.telegram.org/bot7707158318:AAE8rWa4Q8Z_3avql6K0HAmXaooZAReoNF0/getUpdates "HTTP/1.1 200 OK"
2025-06-19 18:20:45,250 - httpcore.http11 - DEBUG - receive_response_body.started request=<Request [b'POST']>
2025-06-19 18:20:45,250 - httpcore.http11 - DEBUG - receive_response_body.complete
2025-06-19 18:20:45,250 - httpcore.http11 - DEBUG - response_closed.started
2025-06-19 18:20:45,250 - httpcore.http11 - DEBUG - response_closed.complete
2025-06-19 18:20:45,250 - telegram.ext.ExtBot - DEBUG - No new updates found.
2025-06-19 18:20:45,253 - telegram.ext.ExtBot - DEBUG - ()
2025-06-19 18:20:45,253 - telegram.ext.ExtBot - DEBUG - Exiting: get_updates
2025-06-19 18:20:45,253 - telegram.ext.ExtBot - DEBUG - Entering: get_updates
2025-06-19 18:20:45,254 - httpcore.http11 - DEBUG - send_request_headers.started request=<Request [b'POST']>
2025-06-19 18:20:45,254 - httpcore.http11 - DEBUG - send_request_headers.complete
2025-06-19 18:20:45,254 - httpcore.http11 - DEBUG - send_request_body.started request=<Request [b'POST']>
2025-06-19 18:20:45,257 - httpcore.http11 - DEBUG - send_request_body.complete
2025-06-19 18:20:45,257 - httpcore.http11 - DEBUG - receive_response_headers.started request=<Request [b'POST']>
2025-06-19 18:20:55,398 - httpcore.http11 - DEBUG - receive_response_headers.complete return_value=(b'HTTP/1.1', 200, b'OK', [(b'Server', b'nginx/1.18.0'), (b'Date', b'Thu, 19 Jun 2025 17:20:56 GMT'), (b'Content-Type', b'application/json'), (b'Content-Length', b'23'), (b'Connection', b'keep-alive'), (b'Strict-Transport-Security', b'max-age=31536000; includeSubDomains; preload'), (b'Access-Control-Allow-Origin', b'*'), (b'Access-Control-Allow-Methods', b'GET, POST, OPTIONS'), (b'Access-Control-Expose-Headers', b'Content-Length,Content-Type,Date,Server,Connection')])
2025-06-19 18:20:55,399 - httpx - INFO - HTTP Request: POST https://api.telegram.org/bot7707158318:AAE8rWa4Q8Z_3avql6K0HAmXaooZAReoNF0/getUpdates "HTTP/1.1 200 OK"
2025-06-19 18:20:55,420 - httpcore.http11 - DEBUG - receive_response_body.started request=<Request [b'POST']>
2025-06-19 18:20:55,422 - httpcore.http11 - DEBUG - receive_response_body.complete
2025-06-19 18:20:55,422 - httpcore.http11 - DEBUG - response_closed.started
2025-06-19 18:20:55,424 - httpcore.http11 - DEBUG - response_closed.complete
2025-06-19 18:20:55,424 - telegram.ext.ExtBot - DEBUG - No new updates found.
2025-06-19 18:20:55,427 - telegram.ext.ExtBot - DEBUG - ()
2025-06-19 18:20:55,428 - telegram.ext.ExtBot - DEBUG - Exiting: get_updates
2025-06-19 18:20:55,428 - telegram.ext.ExtBot - DEBUG - Entering: get_updates
2025-06-19 18:20:55,434 - httpcore.http11 - DEBUG - send_request_headers.started request=<Request [b'POST']>
2025-06-19 18:20:55,444 - httpcore.http11 - DEBUG - send_request_headers.complete
2025-06-19 18:20:55,446 - httpcore.http11 - DEBUG - send_request_body.started request=<Request [b'POST']>
2025-06-19 18:20:55,463 - httpcore.http11 - DEBUG - send_request_body.complete
2025-06-19 18:20:55,466 - httpcore.http11 - DEBUG - receive_response_headers.started request=<Request [b'POST']>
2025-06-19 18:21:05,634 - httpcore.http11 - DEBUG - receive_response_headers.complete return_value=(b'HTTP/1.1', 200, b'OK', [(b'Server', b'nginx/1.18.0'), (b'Date', b'Thu, 19 Jun 2025 17:21:06 GMT'), (b'Content-Type', b'application/json'), (b'Content-Length', b'23'), (b'Connection', b'keep-alive'), (b'Strict-Transport-Security', b'max-age=31536000; includeSubDomains; preload'), (b'Access-Control-Allow-Origin', b'*'), (b'Access-Control-Allow-Methods', b'GET, POST, OPTIONS'), (b'Access-Control-Expose-Headers', b'Content-Length,Content-Type,Date,Server,Connection')])
2025-06-19 18:21:05,643 - httpx - INFO - HTTP Request: POST https://api.telegram.org/bot7707158318:AAE8rWa4Q8Z_3avql6K0HAmXaooZAReoNF0/getUpdates "HTTP/1.1 200 OK"
2025-06-19 18:21:05,649 - httpcore.http11 - DEBUG - receive_response_body.started request=<Request [b'POST']>
2025-06-19 18:21:05,649 - httpcore.http11 - DEBUG - receive_response_body.complete
2025-06-19 18:21:05,649 - httpcore.http11 - DEBUG - response_closed.started
2025-06-19 18:21:05,651 - httpcore.http11 - DEBUG - response_closed.complete
2025-06-19 18:21:05,683 - telegram.ext.ExtBot - DEBUG - No new updates found.
2025-06-19 18:21:05,683 - telegram.ext.ExtBot - DEBUG - ()
2025-06-19 18:21:05,684 - telegram.ext.ExtBot - DEBUG - Exiting: get_updates
2025-06-19 18:21:05,684 - telegram.ext.ExtBot - DEBUG - Entering: get_updates
2025-06-19 18:21:05,688 - httpcore.http11 - DEBUG - send_request_headers.started request=<Request [b'POST']>
2025-06-19 18:21:05,690 - httpcore.http11 - DEBUG - send_request_headers.complete
2025-06-19 18:21:05,690 - httpcore.http11 - DEBUG - send_request_body.started request=<Request [b'POST']>
2025-06-19 18:21:05,692 - httpcore.http11 - DEBUG - send_request_body.complete
2025-06-19 18:21:05,692 - httpcore.http11 - DEBUG - receive_response_headers.started request=<Request [b'POST']>
2025-06-19 18:21:15,882 - httpcore.http11 - DEBUG - receive_response_headers.complete return_value=(b'HTTP/1.1', 200, b'OK', [(b'Server', b'nginx/1.18.0'), (b'Date', b'Thu, 19 Jun 2025 17:21:16 GMT'), (b'Content-Type', b'application/json'), (b'Content-Length', b'23'), (b'Connection', b'keep-alive'), (b'Strict-Transport-Security', b'max-age=31536000; includeSubDomains; preload'), (b'Access-Control-Allow-Origin', b'*'), (b'Access-Control-Allow-Methods', b'GET, POST, OPTIONS'), (b'Access-Control-Expose-Headers', b'Content-Length,Content-Type,Date,Server,Connection')])
2025-06-19 18:21:15,883 - httpx - INFO - HTTP Request: POST https://api.telegram.org/bot7707158318:AAE8rWa4Q8Z_3avql6K0HAmXaooZAReoNF0/getUpdates "HTTP/1.1 200 OK"
2025-06-19 18:21:15,886 - httpcore.http11 - DEBUG - receive_response_body.started request=<Request [b'POST']>
2025-06-19 18:21:15,887 - httpcore.http11 - DEBUG - receive_response_body.complete
2025-06-19 18:21:15,888 - httpcore.http11 - DEBUG - response_closed.started
2025-06-19 18:21:15,890 - httpcore.http11 - DEBUG - response_closed.complete
2025-06-19 18:21:15,892 - telegram.ext.ExtBot - DEBUG - No new updates found.
2025-06-19 18:21:15,892 - telegram.ext.ExtBot - DEBUG - ()
2025-06-19 18:21:15,892 - telegram.ext.ExtBot - DEBUG - Exiting: get_updates
2025-06-19 18:21:15,892 - telegram.ext.ExtBot - DEBUG - Entering: get_updates
2025-06-19 18:21:15,896 - httpcore.http11 - DEBUG - send_request_headers.started request=<Request [b'POST']>
2025-06-19 18:21:15,900 - httpcore.http11 - DEBUG - send_request_headers.complete
2025-06-19 18:21:15,900 - httpcore.http11 - DEBUG - send_request_body.started request=<Request [b'POST']>
2025-06-19 18:21:15,905 - httpcore.http11 - DEBUG - send_request_body.complete
2025-06-19 18:21:15,907 - httpcore.http11 - DEBUG - receive_response_headers.started request=<Request [b'POST']>
2025-06-19 18:21:26,048 - httpcore.http11 - DEBUG - receive_response_headers.complete return_value=(b'HTTP/1.1', 200, b'OK', [(b'Server', b'nginx/1.18.0'), (b'Date', b'Thu, 19 Jun 2025 17:21:27 GMT'), (b'Content-Type', b'application/json'), (b'Content-Length', b'23'), (b'Connection', b'keep-alive'), (b'Strict-Transport-Security', b'max-age=31536000; includeSubDomains; preload'), (b'Access-Control-Allow-Origin', b'*'), (b'Access-Control-Allow-Methods', b'GET, POST, OPTIONS'), (b'Access-Control-Expose-Headers', b'Content-Length,Content-Type,Date,Server,Connection')])
2025-06-19 18:21:26,048 - httpx - INFO - HTTP Request: POST https://api.telegram.org/bot7707158318:AAE8rWa4Q8Z_3avql6K0HAmXaooZAReoNF0/getUpdates "HTTP/1.1 200 OK"
2025-06-19 18:21:26,051 - httpcore.http11 - DEBUG - receive_response_body.started request=<Request [b'POST']>
2025-06-19 18:21:26,051 - httpcore.http11 - DEBUG - receive_response_body.complete
2025-06-19 18:21:26,051 - httpcore.http11 - DEBUG - response_closed.started
2025-06-19 18:21:26,052 - httpcore.http11 - DEBUG - response_closed.complete
2025-06-19 18:21:26,053 - telegram.ext.ExtBot - DEBUG - No new updates found.
2025-06-19 18:21:26,053 - telegram.ext.ExtBot - DEBUG - ()
2025-06-19 18:21:26,053 - telegram.ext.ExtBot - DEBUG - Exiting: get_updates
2025-06-19 18:21:26,053 - telegram.ext.ExtBot - DEBUG - Entering: get_updates
2025-06-19 18:21:26,056 - httpcore.http11 - DEBUG - send_request_headers.started request=<Request [b'POST']>
2025-06-19 18:21:26,057 - httpcore.http11 - DEBUG - send_request_headers.complete
2025-06-19 18:21:26,057 - httpcore.http11 - DEBUG - send_request_body.started request=<Request [b'POST']>
2025-06-19 18:21:26,057 - httpcore.http11 - DEBUG - send_request_body.complete
2025-06-19 18:21:26,062 - httpcore.http11 - DEBUG - receive_response_headers.started request=<Request [b'POST']>
2025-06-19 18:21:36,250 - httpcore.http11 - DEBUG - receive_response_headers.complete return_value=(b'HTTP/1.1', 200, b'OK', [(b'Server', b'nginx/1.18.0'), (b'Date', b'Thu, 19 Jun 2025 17:21:37 GMT'), (b'Content-Type', b'application/json'), (b'Content-Length', b'23'), (b'Connection', b'keep-alive'), (b'Strict-Transport-Security', b'max-age=31536000; includeSubDomains; preload'), (b'Access-Control-Allow-Origin', b'*'), (b'Access-Control-Allow-Methods', b'GET, POST, OPTIONS'), (b'Access-Control-Expose-Headers', b'Content-Length,Content-Type,Date,Server,Connection')])
2025-06-19 18:21:36,252 - httpx - INFO - HTTP Request: POST https://api.telegram.org/bot7707158318:AAE8rWa4Q8Z_3avql6K0HAmXaooZAReoNF0/getUpdates "HTTP/1.1 200 OK"
2025-06-19 18:21:36,253 - httpcore.http11 - DEBUG - receive_response_body.started request=<Request [b'POST']>
2025-06-19 18:21:36,253 - httpcore.http11 - DEBUG - receive_response_body.complete
2025-06-19 18:21:36,255 - httpcore.http11 - DEBUG - response_closed.started
2025-06-19 18:21:36,259 - httpcore.http11 - DEBUG - response_closed.complete
2025-06-19 18:21:36,262 - telegram.ext.ExtBot - DEBUG - No new updates found.
2025-06-19 18:21:36,274 - telegram.ext.ExtBot - DEBUG - ()
2025-06-19 18:21:36,274 - telegram.ext.ExtBot - DEBUG - Exiting: get_updates
2025-06-19 18:21:36,274 - telegram.ext.ExtBot - DEBUG - Entering: get_updates
2025-06-19 18:21:36,282 - httpcore.http11 - DEBUG - send_request_headers.started request=<Request [b'POST']>
2025-06-19 18:21:36,284 - httpcore.http11 - DEBUG - send_request_headers.complete
2025-06-19 18:21:36,284 - httpcore.http11 - DEBUG - send_request_body.started request=<Request [b'POST']>
2025-06-19 18:21:36,285 - httpcore.http11 - DEBUG - send_request_body.complete
2025-06-19 18:21:36,285 - httpcore.http11 - DEBUG - receive_response_headers.started request=<Request [b'POST']>
2025-06-19 18:21:46,523 - httpcore.http11 - DEBUG - receive_response_headers.complete return_value=(b'HTTP/1.1', 200, b'OK', [(b'Server', b'nginx/1.18.0'), (b'Date', b'Thu, 19 Jun 2025 17:21:47 GMT'), (b'Content-Type', b'application/json'), (b'Content-Length', b'23'), (b'Connection', b'keep-alive'), (b'Strict-Transport-Security', b'max-age=31536000; includeSubDomains; preload'), (b'Access-Control-Allow-Origin', b'*'), (b'Access-Control-Allow-Methods', b'GET, POST, OPTIONS'), (b'Access-Control-Expose-Headers', b'Content-Length,Content-Type,Date,Server,Connection')])
2025-06-19 18:21:46,525 - httpx - INFO - HTTP Request: POST https://api.telegram.org/bot7707158318:AAE8rWa4Q8Z_3avql6K0HAmXaooZAReoNF0/getUpdates "HTTP/1.1 200 OK"
2025-06-19 18:21:46,528 - httpcore.http11 - DEBUG - receive_response_body.started request=<Request [b'POST']>
2025-06-19 18:21:46,528 - httpcore.http11 - DEBUG - receive_response_body.complete
2025-06-19 18:21:46,528 - httpcore.http11 - DEBUG - response_closed.started
2025-06-19 18:21:46,530 - httpcore.http11 - DEBUG - response_closed.complete
2025-06-19 18:21:46,532 - telegram.ext.ExtBot - DEBUG - No new updates found.
2025-06-19 18:21:46,532 - telegram.ext.ExtBot - DEBUG - ()
2025-06-19 18:21:46,532 - telegram.ext.ExtBot - DEBUG - Exiting: get_updates
2025-06-19 18:21:46,532 - telegram.ext.ExtBot - DEBUG - Entering: get_updates
2025-06-19 18:21:46,545 - httpcore.http11 - DEBUG - send_request_headers.started request=<Request [b'POST']>
2025-06-19 18:21:46,559 - httpcore.http11 - DEBUG - send_request_headers.complete
2025-06-19 18:21:46,559 - httpcore.http11 - DEBUG - send_request_body.started request=<Request [b'POST']>
2025-06-19 18:21:46,561 - httpcore.http11 - DEBUG - send_request_body.complete
2025-06-19 18:21:46,561 - httpcore.http11 - DEBUG - receive_response_headers.started request=<Request [b'POST']>
2025-06-19 18:21:56,659 - httpcore.http11 - DEBUG - receive_response_headers.complete return_value=(b'HTTP/1.1', 200, b'OK', [(b'Server', b'nginx/1.18.0'), (b'Date', b'Thu, 19 Jun 2025 17:21:57 GMT'), (b'Content-Type', b'application/json'), (b'Content-Length', b'23'), (b'Connection', b'keep-alive'), (b'Strict-Transport-Security', b'max-age=31536000; includeSubDomains; preload'), (b'Access-Control-Allow-Origin', b'*'), (b'Access-Control-Allow-Methods', b'GET, POST, OPTIONS'), (b'Access-Control-Expose-Headers', b'Content-Length,Content-Type,Date,Server,Connection')])
2025-06-19 18:21:56,660 - httpx - INFO - HTTP Request: POST https://api.telegram.org/bot7707158318:AAE8rWa4Q8Z_3avql6K0HAmXaooZAReoNF0/getUpdates "HTTP/1.1 200 OK"
2025-06-19 18:21:56,660 - httpcore.http11 - DEBUG - receive_response_body.started request=<Request [b'POST']>
2025-06-19 18:21:56,664 - httpcore.http11 - DEBUG - receive_response_body.complete
2025-06-19 18:21:56,664 - httpcore.http11 - DEBUG - response_closed.started
2025-06-19 18:21:56,667 - httpcore.http11 - DEBUG - response_closed.complete
2025-06-19 18:21:56,669 - telegram.ext.ExtBot - DEBUG - No new updates found.
2025-06-19 18:21:56,669 - telegram.ext.ExtBot - DEBUG - ()
2025-06-19 18:21:56,669 - telegram.ext.ExtBot - DEBUG - Exiting: get_updates
2025-06-19 18:21:56,671 - telegram.ext.ExtBot - DEBUG - Entering: get_updates
2025-06-19 18:21:56,674 - httpcore.http11 - DEBUG - send_request_headers.started request=<Request [b'POST']>
2025-06-19 18:21:56,675 - httpcore.http11 - DEBUG - send_request_headers.complete
2025-06-19 18:21:56,677 - httpcore.http11 - DEBUG - send_request_body.started request=<Request [b'POST']>
2025-06-19 18:21:56,677 - httpcore.http11 - DEBUG - send_request_body.complete
2025-06-19 18:21:56,677 - httpcore.http11 - DEBUG - receive_response_headers.started request=<Request [b'POST']>
2025-06-19 18:22:06,867 - httpcore.http11 - DEBUG - receive_response_headers.complete return_value=(b'HTTP/1.1', 200, b'OK', [(b'Server', b'nginx/1.18.0'), (b'Date', b'Thu, 19 Jun 2025 17:22:07 GMT'), (b'Content-Type', b'application/json'), (b'Content-Length', b'23'), (b'Connection', b'keep-alive'), (b'Strict-Transport-Security', b'max-age=31536000; includeSubDomains; preload'), (b'Access-Control-Allow-Origin', b'*'), (b'Access-Control-Allow-Methods', b'GET, POST, OPTIONS'), (b'Access-Control-Expose-Headers', b'Content-Length,Content-Type,Date,Server,Connection')])
2025-06-19 18:22:06,869 - httpx - INFO - HTTP Request: POST https://api.telegram.org/bot7707158318:AAE8rWa4Q8Z_3avql6K0HAmXaooZAReoNF0/getUpdates "HTTP/1.1 200 OK"
2025-06-19 18:22:06,871 - httpcore.http11 - DEBUG - receive_response_body.started request=<Request [b'POST']>
2025-06-19 18:22:06,871 - httpcore.http11 - DEBUG - receive_response_body.complete
2025-06-19 18:22:06,871 - httpcore.http11 - DEBUG - response_closed.started
2025-06-19 18:22:06,871 - httpcore.http11 - DEBUG - response_closed.complete
2025-06-19 18:22:06,871 - telegram.ext.ExtBot - DEBUG - No new updates found.
2025-06-19 18:22:06,876 - telegram.ext.ExtBot - DEBUG - ()
2025-06-19 18:22:06,876 - telegram.ext.ExtBot - DEBUG - Exiting: get_updates
2025-06-19 18:22:06,876 - telegram.ext.ExtBot - DEBUG - Entering: get_updates
2025-06-19 18:22:06,881 - httpcore.http11 - DEBUG - send_request_headers.started request=<Request [b'POST']>
2025-06-19 18:22:06,946 - httpcore.http11 - DEBUG - send_request_headers.complete
2025-06-19 18:22:06,946 - httpcore.http11 - DEBUG - send_request_body.started request=<Request [b'POST']>
2025-06-19 18:22:06,951 - httpcore.http11 - DEBUG - send_request_body.complete
2025-06-19 18:22:06,951 - httpcore.http11 - DEBUG - receive_response_headers.started request=<Request [b'POST']>
2025-06-19 18:22:17,038 - httpcore.http11 - DEBUG - receive_response_headers.complete return_value=(b'HTTP/1.1', 200, b'OK', [(b'Server', b'nginx/1.18.0'), (b'Date', b'Thu, 19 Jun 2025 17:22:18 GMT'), (b'Content-Type', b'application/json'), (b'Content-Length', b'23'), (b'Connection', b'keep-alive'), (b'Strict-Transport-Security', b'max-age=31536000; includeSubDomains; preload'), (b'Access-Control-Allow-Origin', b'*'), (b'Access-Control-Allow-Methods', b'GET, POST, OPTIONS'), (b'Access-Control-Expose-Headers', b'Content-Length,Content-Type,Date,Server,Connection')])
2025-06-19 18:22:17,038 - httpx - INFO - HTTP Request: POST https://api.telegram.org/bot7707158318:AAE8rWa4Q8Z_3avql6K0HAmXaooZAReoNF0/getUpdates "HTTP/1.1 200 OK"
2025-06-19 18:22:17,038 - httpcore.http11 - DEBUG - receive_response_body.started request=<Request [b'POST']>
2025-06-19 18:22:17,042 - httpcore.http11 - DEBUG - receive_response_body.complete
2025-06-19 18:22:17,042 - httpcore.http11 - DEBUG - response_closed.started
2025-06-19 18:22:17,042 - httpcore.http11 - DEBUG - response_closed.complete
2025-06-19 18:22:17,044 - telegram.ext.ExtBot - DEBUG - No new updates found.
2025-06-19 18:22:17,044 - telegram.ext.ExtBot - DEBUG - ()
2025-06-19 18:22:17,044 - telegram.ext.ExtBot - DEBUG - Exiting: get_updates
2025-06-19 18:22:17,044 - telegram.ext.ExtBot - DEBUG - Entering: get_updates
2025-06-19 18:22:17,046 - httpcore.http11 - DEBUG - send_request_headers.started request=<Request [b'POST']>
2025-06-19 18:22:17,049 - httpcore.http11 - DEBUG - send_request_headers.complete
2025-06-19 18:22:17,049 - httpcore.http11 - DEBUG - send_request_body.started request=<Request [b'POST']>
2025-06-19 18:22:17,050 - httpcore.http11 - DEBUG - send_request_body.complete
2025-06-19 18:22:17,051 - httpcore.http11 - DEBUG - receive_response_headers.started request=<Request [b'POST']>
2025-06-19 18:22:27,180 - httpcore.http11 - DEBUG - receive_response_headers.complete return_value=(b'HTTP/1.1', 200, b'OK', [(b'Server', b'nginx/1.18.0'), (b'Date', b'Thu, 19 Jun 2025 17:22:28 GMT'), (b'Content-Type', b'application/json'), (b'Content-Length', b'23'), (b'Connection', b'keep-alive'), (b'Strict-Transport-Security', b'max-age=31536000; includeSubDomains; preload'), (b'Access-Control-Allow-Origin', b'*'), (b'Access-Control-Allow-Methods', b'GET, POST, OPTIONS'), (b'Access-Control-Expose-Headers', b'Content-Length,Content-Type,Date,Server,Connection')])
2025-06-19 18:22:27,183 - httpx - INFO - HTTP Request: POST https://api.telegram.org/bot7707158318:AAE8rWa4Q8Z_3avql6K0HAmXaooZAReoNF0/getUpdates "HTTP/1.1 200 OK"
2025-06-19 18:22:27,187 - httpcore.http11 - DEBUG - receive_response_body.started request=<Request [b'POST']>
2025-06-19 18:22:27,187 - httpcore.http11 - DEBUG - receive_response_body.complete
2025-06-19 18:22:27,187 - httpcore.http11 - DEBUG - response_closed.started
2025-06-19 18:22:27,189 - httpcore.http11 - DEBUG - response_closed.complete
2025-06-19 18:22:27,189 - telegram.ext.ExtBot - DEBUG - No new updates found.
2025-06-19 18:22:27,189 - telegram.ext.ExtBot - DEBUG - ()
2025-06-19 18:22:27,189 - telegram.ext.ExtBot - DEBUG - Exiting: get_updates
2025-06-19 18:22:27,189 - telegram.ext.ExtBot - DEBUG - Entering: get_updates
2025-06-19 18:22:27,193 - httpcore.http11 - DEBUG - send_request_headers.started request=<Request [b'POST']>
2025-06-19 18:22:27,195 - httpcore.http11 - DEBUG - send_request_headers.complete
2025-06-19 18:22:27,195 - httpcore.http11 - DEBUG - send_request_body.started request=<Request [b'POST']>
2025-06-19 18:22:27,195 - httpcore.http11 - DEBUG - send_request_body.complete
2025-06-19 18:22:27,196 - httpcore.http11 - DEBUG - receive_response_headers.started request=<Request [b'POST']>
2025-06-19 18:22:37,389 - httpcore.http11 - DEBUG - receive_response_headers.complete return_value=(b'HTTP/1.1', 200, b'OK', [(b'Server', b'nginx/1.18.0'), (b'Date', b'Thu, 19 Jun 2025 17:22:38 GMT'), (b'Content-Type', b'application/json'), (b'Content-Length', b'23'), (b'Connection', b'keep-alive'), (b'Strict-Transport-Security', b'max-age=31536000; includeSubDomains; preload'), (b'Access-Control-Allow-Origin', b'*'), (b'Access-Control-Allow-Methods', b'GET, POST, OPTIONS'), (b'Access-Control-Expose-Headers', b'Content-Length,Content-Type,Date,Server,Connection')])
2025-06-19 18:22:37,389 - httpx - INFO - HTTP Request: POST https://api.telegram.org/bot7707158318:AAE8rWa4Q8Z_3avql6K0HAmXaooZAReoNF0/getUpdates "HTTP/1.1 200 OK"
2025-06-19 18:22:37,392 - httpcore.http11 - DEBUG - receive_response_body.started request=<Request [b'POST']>
2025-06-19 18:22:37,392 - httpcore.http11 - DEBUG - receive_response_body.complete
2025-06-19 18:22:37,392 - httpcore.http11 - DEBUG - response_closed.started
2025-06-19 18:22:37,392 - httpcore.http11 - DEBUG - response_closed.complete
2025-06-19 18:22:37,396 - telegram.ext.ExtBot - DEBUG - No new updates found.
2025-06-19 18:22:37,396 - telegram.ext.ExtBot - DEBUG - ()
2025-06-19 18:22:37,396 - telegram.ext.ExtBot - DEBUG - Exiting: get_updates
2025-06-19 18:22:37,396 - telegram.ext.ExtBot - DEBUG - Entering: get_updates
2025-06-19 18:22:37,399 - httpcore.http11 - DEBUG - send_request_headers.started request=<Request [b'POST']>
2025-06-19 18:22:37,400 - httpcore.http11 - DEBUG - send_request_headers.complete
2025-06-19 18:22:37,400 - httpcore.http11 - DEBUG - send_request_body.started request=<Request [b'POST']>
2025-06-19 18:22:37,400 - httpcore.http11 - DEBUG - send_request_body.complete
2025-06-19 18:22:37,402 - httpcore.http11 - DEBUG - receive_response_headers.started request=<Request [b'POST']>
2025-06-19 18:22:47,818 - httpcore.http11 - DEBUG - receive_response_headers.complete return_value=(b'HTTP/1.1', 200, b'OK', [(b'Server', b'nginx/1.18.0'), (b'Date', b'Thu, 19 Jun 2025 17:22:48 GMT'), (b'Content-Type', b'application/json'), (b'Content-Length', b'23'), (b'Connection', b'keep-alive'), (b'Strict-Transport-Security', b'max-age=31536000; includeSubDomains; preload'), (b'Access-Control-Allow-Origin', b'*'), (b'Access-Control-Allow-Methods', b'GET, POST, OPTIONS'), (b'Access-Control-Expose-Headers', b'Content-Length,Content-Type,Date,Server,Connection')])
2025-06-19 18:22:47,827 - httpx - INFO - HTTP Request: POST https://api.telegram.org/bot7707158318:AAE8rWa4Q8Z_3avql6K0HAmXaooZAReoNF0/getUpdates "HTTP/1.1 200 OK"
2025-06-19 18:22:47,948 - httpcore.http11 - DEBUG - receive_response_body.started request=<Request [b'POST']>
2025-06-19 18:22:47,949 - httpcore.http11 - DEBUG - receive_response_body.complete
2025-06-19 18:22:47,961 - httpcore.http11 - DEBUG - response_closed.started
2025-06-19 18:22:47,963 - httpcore.http11 - DEBUG - response_closed.complete
2025-06-19 18:22:47,972 - telegram.ext.ExtBot - DEBUG - No new updates found.
2025-06-19 18:22:47,973 - telegram.ext.ExtBot - DEBUG - ()
2025-06-19 18:22:47,973 - telegram.ext.ExtBot - DEBUG - Exiting: get_updates
2025-06-19 18:22:47,973 - telegram.ext.ExtBot - DEBUG - Entering: get_updates
2025-06-19 18:22:47,983 - httpcore.http11 - DEBUG - send_request_headers.started request=<Request [b'POST']>
2025-06-19 18:22:47,986 - httpcore.http11 - DEBUG - send_request_headers.complete
2025-06-19 18:22:47,986 - httpcore.http11 - DEBUG - send_request_body.started request=<Request [b'POST']>
2025-06-19 18:22:47,987 - httpcore.http11 - DEBUG - send_request_body.complete
2025-06-19 18:22:47,988 - httpcore.http11 - DEBUG - receive_response_headers.started request=<Request [b'POST']>
2025-06-19 18:22:58,077 - httpcore.http11 - DEBUG - receive_response_headers.complete return_value=(b'HTTP/1.1', 200, b'OK', [(b'Server', b'nginx/1.18.0'), (b'Date', b'Thu, 19 Jun 2025 17:22:59 GMT'), (b'Content-Type', b'application/json'), (b'Content-Length', b'23'), (b'Connection', b'keep-alive'), (b'Strict-Transport-Security', b'max-age=31536000; includeSubDomains; preload'), (b'Access-Control-Allow-Origin', b'*'), (b'Access-Control-Allow-Methods', b'GET, POST, OPTIONS'), (b'Access-Control-Expose-Headers', b'Content-Length,Content-Type,Date,Server,Connection')])
2025-06-19 18:22:58,079 - httpx - INFO - HTTP Request: POST https://api.telegram.org/bot7707158318:AAE8rWa4Q8Z_3avql6K0HAmXaooZAReoNF0/getUpdates "HTTP/1.1 200 OK"
2025-06-19 18:22:58,080 - httpcore.http11 - DEBUG - receive_response_body.started request=<Request [b'POST']>
2025-06-19 18:22:58,080 - httpcore.http11 - DEBUG - receive_response_body.complete
2025-06-19 18:22:58,081 - httpcore.http11 - DEBUG - response_closed.started
2025-06-19 18:22:58,081 - httpcore.http11 - DEBUG - response_closed.complete
2025-06-19 18:22:58,081 - telegram.ext.ExtBot - DEBUG - No new updates found.
2025-06-19 18:22:58,081 - telegram.ext.ExtBot - DEBUG - ()
2025-06-19 18:22:58,081 - telegram.ext.ExtBot - DEBUG - Exiting: get_updates
2025-06-19 18:22:58,081 - telegram.ext.ExtBot - DEBUG - Entering: get_updates
2025-06-19 18:22:58,087 - httpcore.http11 - DEBUG - send_request_headers.started request=<Request [b'POST']>
2025-06-19 18:22:58,088 - httpcore.http11 - DEBUG - send_request_headers.complete
2025-06-19 18:22:58,088 - httpcore.http11 - DEBUG - send_request_body.started request=<Request [b'POST']>
2025-06-19 18:22:58,091 - httpcore.http11 - DEBUG - send_request_body.complete
2025-06-19 18:22:58,091 - httpcore.http11 - DEBUG - receive_response_headers.started request=<Request [b'POST']>
2025-06-19 18:23:08,205 - httpcore.http11 - DEBUG - receive_response_headers.complete return_value=(b'HTTP/1.1', 200, b'OK', [(b'Server', b'nginx/1.18.0'), (b'Date', b'Thu, 19 Jun 2025 17:23:09 GMT'), (b'Content-Type', b'application/json'), (b'Content-Length', b'23'), (b'Connection', b'keep-alive'), (b'Strict-Transport-Security', b'max-age=31536000; includeSubDomains; preload'), (b'Access-Control-Allow-Origin', b'*'), (b'Access-Control-Allow-Methods', b'GET, POST, OPTIONS'), (b'Access-Control-Expose-Headers', b'Content-Length,Content-Type,Date,Server,Connection')])
2025-06-19 18:23:08,207 - httpx - INFO - HTTP Request: POST https://api.telegram.org/bot7707158318:AAE8rWa4Q8Z_3avql6K0HAmXaooZAReoNF0/getUpdates "HTTP/1.1 200 OK"
2025-06-19 18:23:08,207 - httpcore.http11 - DEBUG - receive_response_body.started request=<Request [b'POST']>
2025-06-19 18:23:08,209 - httpcore.http11 - DEBUG - receive_response_body.complete
2025-06-19 18:23:08,209 - httpcore.http11 - DEBUG - response_closed.started
2025-06-19 18:23:08,211 - httpcore.http11 - DEBUG - response_closed.complete
2025-06-19 18:23:08,213 - telegram.ext.ExtBot - DEBUG - No new updates found.
2025-06-19 18:23:08,213 - telegram.ext.ExtBot - DEBUG - ()
2025-06-19 18:23:08,214 - telegram.ext.ExtBot - DEBUG - Exiting: get_updates
2025-06-19 18:23:08,214 - telegram.ext.ExtBot - DEBUG - Entering: get_updates
2025-06-19 18:23:08,217 - httpcore.http11 - DEBUG - send_request_headers.started request=<Request [b'POST']>
2025-06-19 18:23:08,222 - httpcore.http11 - DEBUG - send_request_headers.complete
2025-06-19 18:23:08,222 - httpcore.http11 - DEBUG - send_request_body.started request=<Request [b'POST']>
2025-06-19 18:23:08,224 - httpcore.http11 - DEBUG - send_request_body.complete
2025-06-19 18:23:08,224 - httpcore.http11 - DEBUG - receive_response_headers.started request=<Request [b'POST']>
2025-06-19 18:23:18,313 - httpcore.http11 - DEBUG - receive_response_headers.complete return_value=(b'HTTP/1.1', 200, b'OK', [(b'Server', b'nginx/1.18.0'), (b'Date', b'Thu, 19 Jun 2025 17:23:19 GMT'), (b'Content-Type', b'application/json'), (b'Content-Length', b'23'), (b'Connection', b'keep-alive'), (b'Strict-Transport-Security', b'max-age=31536000; includeSubDomains; preload'), (b'Access-Control-Allow-Origin', b'*'), (b'Access-Control-Allow-Methods', b'GET, POST, OPTIONS'), (b'Access-Control-Expose-Headers', b'Content-Length,Content-Type,Date,Server,Connection')])
2025-06-19 18:23:18,315 - httpx - INFO - HTTP Request: POST https://api.telegram.org/bot7707158318:AAE8rWa4Q8Z_3avql6K0HAmXaooZAReoNF0/getUpdates "HTTP/1.1 200 OK"
2025-06-19 18:23:18,316 - httpcore.http11 - DEBUG - receive_response_body.started request=<Request [b'POST']>
2025-06-19 18:23:18,317 - httpcore.http11 - DEBUG - receive_response_body.complete
2025-06-19 18:23:18,318 - httpcore.http11 - DEBUG - response_closed.started
2025-06-19 18:23:18,318 - httpcore.http11 - DEBUG - response_closed.complete
2025-06-19 18:23:18,318 - telegram.ext.ExtBot - DEBUG - No new updates found.
2025-06-19 18:23:18,318 - telegram.ext.ExtBot - DEBUG - ()
2025-06-19 18:23:18,318 - telegram.ext.ExtBot - DEBUG - Exiting: get_updates
2025-06-19 18:23:18,318 - telegram.ext.ExtBot - DEBUG - Entering: get_updates
2025-06-19 18:23:18,322 - httpcore.http11 - DEBUG - send_request_headers.started request=<Request [b'POST']>
2025-06-19 18:23:18,324 - httpcore.http11 - DEBUG - send_request_headers.complete
2025-06-19 18:23:18,324 - httpcore.http11 - DEBUG - send_request_body.started request=<Request [b'POST']>
2025-06-19 18:23:18,325 - httpcore.http11 - DEBUG - send_request_body.complete
2025-06-19 18:23:18,325 - httpcore.http11 - DEBUG - receive_response_headers.started request=<Request [b'POST']>
2025-06-19 18:23:28,481 - httpcore.http11 - DEBUG - receive_response_headers.complete return_value=(b'HTTP/1.1', 200, b'OK', [(b'Server', b'nginx/1.18.0'), (b'Date', b'Thu, 19 Jun 2025 17:23:29 GMT'), (b'Content-Type', b'application/json'), (b'Content-Length', b'23'), (b'Connection', b'keep-alive'), (b'Strict-Transport-Security', b'max-age=31536000; includeSubDomains; preload'), (b'Access-Control-Allow-Origin', b'*'), (b'Access-Control-Allow-Methods', b'GET, POST, OPTIONS'), (b'Access-Control-Expose-Headers', b'Content-Length,Content-Type,Date,Server,Connection')])
2025-06-19 18:23:28,481 - httpx - INFO - HTTP Request: POST https://api.telegram.org/bot7707158318:AAE8rWa4Q8Z_3avql6K0HAmXaooZAReoNF0/getUpdates "HTTP/1.1 200 OK"
2025-06-19 18:23:28,485 - httpcore.http11 - DEBUG - receive_response_body.started request=<Request [b'POST']>
2025-06-19 18:23:28,486 - httpcore.http11 - DEBUG - receive_response_body.complete
2025-06-19 18:23:28,486 - httpcore.http11 - DEBUG - response_closed.started
2025-06-19 18:23:28,487 - httpcore.http11 - DEBUG - response_closed.complete
2025-06-19 18:23:28,488 - telegram.ext.ExtBot - DEBUG - No new updates found.
2025-06-19 18:23:28,488 - telegram.ext.ExtBot - DEBUG - ()
2025-06-19 18:23:28,488 - telegram.ext.ExtBot - DEBUG - Exiting: get_updates
2025-06-19 18:23:28,488 - telegram.ext.ExtBot - DEBUG - Entering: get_updates
2025-06-19 18:23:28,491 - httpcore.http11 - DEBUG - send_request_headers.started request=<Request [b'POST']>
2025-06-19 18:23:28,495 - httpcore.http11 - DEBUG - send_request_headers.complete
2025-06-19 18:23:28,497 - httpcore.http11 - DEBUG - send_request_body.started request=<Request [b'POST']>
2025-06-19 18:23:28,504 - httpcore.http11 - DEBUG - send_request_body.complete
2025-06-19 18:23:28,507 - httpcore.http11 - DEBUG - receive_response_headers.started request=<Request [b'POST']>
2025-06-19 18:23:38,609 - httpcore.http11 - DEBUG - receive_response_headers.complete return_value=(b'HTTP/1.1', 200, b'OK', [(b'Server', b'nginx/1.18.0'), (b'Date', b'Thu, 19 Jun 2025 17:23:39 GMT'), (b'Content-Type', b'application/json'), (b'Content-Length', b'23'), (b'Connection', b'keep-alive'), (b'Strict-Transport-Security', b'max-age=31536000; includeSubDomains; preload'), (b'Access-Control-Allow-Origin', b'*'), (b'Access-Control-Allow-Methods', b'GET, POST, OPTIONS'), (b'Access-Control-Expose-Headers', b'Content-Length,Content-Type,Date,Server,Connection')])
2025-06-19 18:23:38,611 - httpx - INFO - HTTP Request: POST https://api.telegram.org/bot7707158318:AAE8rWa4Q8Z_3avql6K0HAmXaooZAReoNF0/getUpdates "HTTP/1.1 200 OK"
2025-06-19 18:23:38,613 - httpcore.http11 - DEBUG - receive_response_body.started request=<Request [b'POST']>
2025-06-19 18:23:38,614 - httpcore.http11 - DEBUG - receive_response_body.complete
2025-06-19 18:23:38,614 - httpcore.http11 - DEBUG - response_closed.started
2025-06-19 18:23:38,614 - httpcore.http11 - DEBUG - response_closed.complete
2025-06-19 18:23:38,614 - telegram.ext.ExtBot - DEBUG - No new updates found.
2025-06-19 18:23:38,614 - telegram.ext.ExtBot - DEBUG - ()
2025-06-19 18:23:38,616 - telegram.ext.ExtBot - DEBUG - Exiting: get_updates
2025-06-19 18:23:38,616 - telegram.ext.ExtBot - DEBUG - Entering: get_updates
2025-06-19 18:23:38,627 - httpcore.http11 - DEBUG - send_request_headers.started request=<Request [b'POST']>
2025-06-19 18:23:38,647 - httpcore.http11 - DEBUG - send_request_headers.complete
2025-06-19 18:23:38,649 - httpcore.http11 - DEBUG - send_request_body.started request=<Request [b'POST']>
2025-06-19 18:23:38,649 - httpcore.http11 - DEBUG - send_request_body.complete
2025-06-19 18:23:38,650 - httpcore.http11 - DEBUG - receive_response_headers.started request=<Request [b'POST']>
2025-06-19 18:23:48,752 - httpcore.http11 - DEBUG - receive_response_headers.complete return_value=(b'HTTP/1.1', 200, b'OK', [(b'Server', b'nginx/1.18.0'), (b'Date', b'Thu, 19 Jun 2025 17:23:49 GMT'), (b'Content-Type', b'application/json'), (b'Content-Length', b'23'), (b'Connection', b'keep-alive'), (b'Strict-Transport-Security', b'max-age=31536000; includeSubDomains; preload'), (b'Access-Control-Allow-Origin', b'*'), (b'Access-Control-Allow-Methods', b'GET, POST, OPTIONS'), (b'Access-Control-Expose-Headers', b'Content-Length,Content-Type,Date,Server,Connection')])
2025-06-19 18:23:48,754 - httpx - INFO - HTTP Request: POST https://api.telegram.org/bot7707158318:AAE8rWa4Q8Z_3avql6K0HAmXaooZAReoNF0/getUpdates "HTTP/1.1 200 OK"
2025-06-19 18:23:48,977 - httpcore.http11 - DEBUG - receive_response_body.started request=<Request [b'POST']>
2025-06-19 18:23:48,978 - httpcore.http11 - DEBUG - receive_response_body.complete
2025-06-19 18:23:48,991 - httpcore.http11 - DEBUG - response_closed.started
2025-06-19 18:23:48,994 - httpcore.http11 - DEBUG - response_closed.complete
2025-06-19 18:23:49,021 - telegram.ext.ExtBot - DEBUG - No new updates found.
2025-06-19 18:23:49,021 - telegram.ext.ExtBot - DEBUG - ()
2025-06-19 18:23:49,021 - telegram.ext.ExtBot - DEBUG - Exiting: get_updates
2025-06-19 18:23:49,021 - telegram.ext.ExtBot - DEBUG - Entering: get_updates
2025-06-19 18:23:49,141 - httpcore.http11 - DEBUG - send_request_headers.started request=<Request [b'POST']>
2025-06-19 18:23:49,164 - httpcore.http11 - DEBUG - send_request_headers.complete
2025-06-19 18:23:49,175 - httpcore.http11 - DEBUG - send_request_body.started request=<Request [b'POST']>
2025-06-19 18:23:49,179 - httpcore.http11 - DEBUG - send_request_body.complete
2025-06-19 18:23:49,406 - httpcore.http11 - DEBUG - receive_response_headers.started request=<Request [b'POST']>
2025-06-19 18:23:59,355 - httpcore.http11 - DEBUG - receive_response_headers.complete return_value=(b'HTTP/1.1', 200, b'OK', [(b'Server', b'nginx/1.18.0'), (b'Date', b'Thu, 19 Jun 2025 17:24:00 GMT'), (b'Content-Type', b'application/json'), (b'Content-Length', b'23'), (b'Connection', b'keep-alive'), (b'Strict-Transport-Security', b'max-age=31536000; includeSubDomains; preload'), (b'Access-Control-Allow-Origin', b'*'), (b'Access-Control-Allow-Methods', b'GET, POST, OPTIONS'), (b'Access-Control-Expose-Headers', b'Content-Length,Content-Type,Date,Server,Connection')])
2025-06-19 18:23:59,355 - httpx - INFO - HTTP Request: POST https://api.telegram.org/bot7707158318:AAE8rWa4Q8Z_3avql6K0HAmXaooZAReoNF0/getUpdates "HTTP/1.1 200 OK"
2025-06-19 18:23:59,355 - httpcore.http11 - DEBUG - receive_response_body.started request=<Request [b'POST']>
2025-06-19 18:23:59,358 - httpcore.http11 - DEBUG - receive_response_body.complete
2025-06-19 18:23:59,358 - httpcore.http11 - DEBUG - response_closed.started
2025-06-19 18:23:59,358 - httpcore.http11 - DEBUG - response_closed.complete
2025-06-19 18:23:59,360 - telegram.ext.ExtBot - DEBUG - No new updates found.
2025-06-19 18:23:59,360 - telegram.ext.ExtBot - DEBUG - ()
2025-06-19 18:23:59,360 - telegram.ext.ExtBot - DEBUG - Exiting: get_updates
2025-06-19 18:23:59,360 - telegram.ext.ExtBot - DEBUG - Entering: get_updates
2025-06-19 18:23:59,360 - httpcore.http11 - DEBUG - send_request_headers.started request=<Request [b'POST']>
2025-06-19 18:23:59,360 - httpcore.http11 - DEBUG - send_request_headers.complete
2025-06-19 18:23:59,360 - httpcore.http11 - DEBUG - send_request_body.started request=<Request [b'POST']>
2025-06-19 18:23:59,360 - httpcore.http11 - DEBUG - send_request_body.complete
2025-06-19 18:23:59,360 - httpcore.http11 - DEBUG - receive_response_headers.started request=<Request [b'POST']>
2025-06-19 18:24:09,668 - httpcore.http11 - DEBUG - receive_response_headers.complete return_value=(b'HTTP/1.1', 200, b'OK', [(b'Server', b'nginx/1.18.0'), (b'Date', b'Thu, 19 Jun 2025 17:24:10 GMT'), (b'Content-Type', b'application/json'), (b'Content-Length', b'23'), (b'Connection', b'keep-alive'), (b'Strict-Transport-Security', b'max-age=31536000; includeSubDomains; preload'), (b'Access-Control-Allow-Origin', b'*'), (b'Access-Control-Allow-Methods', b'GET, POST, OPTIONS'), (b'Access-Control-Expose-Headers', b'Content-Length,Content-Type,Date,Server,Connection')])
2025-06-19 18:24:09,668 - httpx - INFO - HTTP Request: POST https://api.telegram.org/bot7707158318:AAE8rWa4Q8Z_3avql6K0HAmXaooZAReoNF0/getUpdates "HTTP/1.1 200 OK"
2025-06-19 18:24:09,672 - httpcore.http11 - DEBUG - receive_response_body.started request=<Request [b'POST']>
2025-06-19 18:24:09,673 - httpcore.http11 - DEBUG - receive_response_body.complete
2025-06-19 18:24:09,673 - httpcore.http11 - DEBUG - response_closed.started
2025-06-19 18:24:09,674 - httpcore.http11 - DEBUG - response_closed.complete
2025-06-19 18:24:09,674 - telegram.ext.ExtBot - DEBUG - No new updates found.
2025-06-19 18:24:09,675 - telegram.ext.ExtBot - DEBUG - ()
2025-06-19 18:24:09,675 - telegram.ext.ExtBot - DEBUG - Exiting: get_updates
2025-06-19 18:24:09,675 - telegram.ext.ExtBot - DEBUG - Entering: get_updates
2025-06-19 18:24:09,677 - httpcore.http11 - DEBUG - send_request_headers.started request=<Request [b'POST']>
2025-06-19 18:24:09,678 - httpcore.http11 - DEBUG - send_request_headers.complete
2025-06-19 18:24:09,678 - httpcore.http11 - DEBUG - send_request_body.started request=<Request [b'POST']>
2025-06-19 18:24:09,678 - httpcore.http11 - DEBUG - send_request_body.complete
2025-06-19 18:24:09,678 - httpcore.http11 - DEBUG - receive_response_headers.started request=<Request [b'POST']>
2025-06-19 18:24:20,051 - httpcore.http11 - DEBUG - receive_response_headers.complete return_value=(b'HTTP/1.1', 200, b'OK', [(b'Server', b'nginx/1.18.0'), (b'Date', b'Thu, 19 Jun 2025 17:24:20 GMT'), (b'Content-Type', b'application/json'), (b'Content-Length', b'23'), (b'Connection', b'keep-alive'), (b'Strict-Transport-Security', b'max-age=31536000; includeSubDomains; preload'), (b'Access-Control-Allow-Origin', b'*'), (b'Access-Control-Allow-Methods', b'GET, POST, OPTIONS'), (b'Access-Control-Expose-Headers', b'Content-Length,Content-Type,Date,Server,Connection')])
2025-06-19 18:24:20,053 - httpx - INFO - HTTP Request: POST https://api.telegram.org/bot7707158318:AAE8rWa4Q8Z_3avql6K0HAmXaooZAReoNF0/getUpdates "HTTP/1.1 200 OK"
2025-06-19 18:24:20,055 - httpcore.http11 - DEBUG - receive_response_body.started request=<Request [b'POST']>
2025-06-19 18:24:20,055 - httpcore.http11 - DEBUG - receive_response_body.complete
2025-06-19 18:24:20,055 - httpcore.http11 - DEBUG - response_closed.started
2025-06-19 18:24:20,057 - httpcore.http11 - DEBUG - response_closed.complete
2025-06-19 18:24:20,057 - telegram.ext.ExtBot - DEBUG - No new updates found.
2025-06-19 18:24:20,058 - telegram.ext.ExtBot - DEBUG - ()
2025-06-19 18:24:20,058 - telegram.ext.ExtBot - DEBUG - Exiting: get_updates
2025-06-19 18:24:20,058 - telegram.ext.ExtBot - DEBUG - Entering: get_updates
2025-06-19 18:24:20,061 - httpcore.http11 - DEBUG - send_request_headers.started request=<Request [b'POST']>
2025-06-19 18:24:20,061 - httpcore.http11 - DEBUG - send_request_headers.complete
2025-06-19 18:24:20,063 - httpcore.http11 - DEBUG - send_request_body.started request=<Request [b'POST']>
2025-06-19 18:24:20,063 - httpcore.http11 - DEBUG - send_request_body.complete
2025-06-19 18:24:20,063 - httpcore.http11 - DEBUG - receive_response_headers.started request=<Request [b'POST']>
2025-06-19 18:24:30,159 - httpcore.http11 - DEBUG - receive_response_headers.complete return_value=(b'HTTP/1.1', 200, b'OK', [(b'Server', b'nginx/1.18.0'), (b'Date', b'Thu, 19 Jun 2025 17:24:31 GMT'), (b'Content-Type', b'application/json'), (b'Content-Length', b'23'), (b'Connection', b'keep-alive'), (b'Strict-Transport-Security', b'max-age=31536000; includeSubDomains; preload'), (b'Access-Control-Allow-Origin', b'*'), (b'Access-Control-Allow-Methods', b'GET, POST, OPTIONS'), (b'Access-Control-Expose-Headers', b'Content-Length,Content-Type,Date,Server,Connection')])
2025-06-19 18:24:30,161 - httpx - INFO - HTTP Request: POST https://api.telegram.org/bot7707158318:AAE8rWa4Q8Z_3avql6K0HAmXaooZAReoNF0/getUpdates "HTTP/1.1 200 OK"
2025-06-19 18:24:30,164 - httpcore.http11 - DEBUG - receive_response_body.started request=<Request [b'POST']>
2025-06-19 18:24:30,167 - httpcore.http11 - DEBUG - receive_response_body.complete
2025-06-19 18:24:30,168 - httpcore.http11 - DEBUG - response_closed.started
2025-06-19 18:24:30,169 - httpcore.http11 - DEBUG - response_closed.complete
2025-06-19 18:24:30,171 - telegram.ext.ExtBot - DEBUG - No new updates found.
2025-06-19 18:24:30,171 - telegram.ext.ExtBot - DEBUG - ()
2025-06-19 18:24:30,171 - telegram.ext.ExtBot - DEBUG - Exiting: get_updates
2025-06-19 18:24:30,172 - telegram.ext.ExtBot - DEBUG - Entering: get_updates
2025-06-19 18:24:30,175 - httpcore.http11 - DEBUG - send_request_headers.started request=<Request [b'POST']>
2025-06-19 18:24:30,177 - httpcore.http11 - DEBUG - send_request_headers.complete
2025-06-19 18:24:30,178 - httpcore.http11 - DEBUG - send_request_body.started request=<Request [b'POST']>
2025-06-19 18:24:30,192 - httpcore.http11 - DEBUG - send_request_body.complete
2025-06-19 18:24:30,193 - httpcore.http11 - DEBUG - receive_response_headers.started request=<Request [b'POST']>
2025-06-19 18:24:40,467 - httpcore.http11 - DEBUG - receive_response_headers.complete return_value=(b'HTTP/1.1', 200, b'OK', [(b'Server', b'nginx/1.18.0'), (b'Date', b'Thu, 19 Jun 2025 17:24:41 GMT'), (b'Content-Type', b'application/json'), (b'Content-Length', b'23'), (b'Connection', b'keep-alive'), (b'Strict-Transport-Security', b'max-age=31536000; includeSubDomains; preload'), (b'Access-Control-Allow-Origin', b'*'), (b'Access-Control-Allow-Methods', b'GET, POST, OPTIONS'), (b'Access-Control-Expose-Headers', b'Content-Length,Content-Type,Date,Server,Connection')])
2025-06-19 18:24:40,470 - httpx - INFO - HTTP Request: POST https://api.telegram.org/bot7707158318:AAE8rWa4Q8Z_3avql6K0HAmXaooZAReoNF0/getUpdates "HTTP/1.1 200 OK"
2025-06-19 18:24:40,472 - httpcore.http11 - DEBUG - receive_response_body.started request=<Request [b'POST']>
2025-06-19 18:24:40,472 - httpcore.http11 - DEBUG - receive_response_body.complete
2025-06-19 18:24:40,472 - httpcore.http11 - DEBUG - response_closed.started
2025-06-19 18:24:40,472 - httpcore.http11 - DEBUG - response_closed.complete
2025-06-19 18:24:40,474 - telegram.ext.ExtBot - DEBUG - No new updates found.
2025-06-19 18:24:40,474 - telegram.ext.ExtBot - DEBUG - ()
2025-06-19 18:24:40,474 - telegram.ext.ExtBot - DEBUG - Exiting: get_updates
2025-06-19 18:24:40,474 - telegram.ext.ExtBot - DEBUG - Entering: get_updates
2025-06-19 18:24:40,477 - httpcore.http11 - DEBUG - send_request_headers.started request=<Request [b'POST']>
2025-06-19 18:24:40,477 - httpcore.http11 - DEBUG - send_request_headers.complete
2025-06-19 18:24:40,477 - httpcore.http11 - DEBUG - send_request_body.started request=<Request [b'POST']>
2025-06-19 18:24:40,479 - httpcore.http11 - DEBUG - send_request_body.complete
2025-06-19 18:24:40,479 - httpcore.http11 - DEBUG - receive_response_headers.started request=<Request [b'POST']>
2025-06-19 18:24:50,725 - httpcore.http11 - DEBUG - receive_response_headers.complete return_value=(b'HTTP/1.1', 200, b'OK', [(b'Server', b'nginx/1.18.0'), (b'Date', b'Thu, 19 Jun 2025 17:24:51 GMT'), (b'Content-Type', b'application/json'), (b'Content-Length', b'23'), (b'Connection', b'keep-alive'), (b'Strict-Transport-Security', b'max-age=31536000; includeSubDomains; preload'), (b'Access-Control-Allow-Origin', b'*'), (b'Access-Control-Allow-Methods', b'GET, POST, OPTIONS'), (b'Access-Control-Expose-Headers', b'Content-Length,Content-Type,Date,Server,Connection')])
2025-06-19 18:24:50,727 - httpx - INFO - HTTP Request: POST https://api.telegram.org/bot7707158318:AAE8rWa4Q8Z_3avql6K0HAmXaooZAReoNF0/getUpdates "HTTP/1.1 200 OK"
2025-06-19 18:24:50,729 - httpcore.http11 - DEBUG - receive_response_body.started request=<Request [b'POST']>
2025-06-19 18:24:50,729 - httpcore.http11 - DEBUG - receive_response_body.complete
2025-06-19 18:24:50,729 - httpcore.http11 - DEBUG - response_closed.started
2025-06-19 18:24:50,729 - httpcore.http11 - DEBUG - response_closed.complete
2025-06-19 18:24:50,731 - telegram.ext.ExtBot - DEBUG - No new updates found.
2025-06-19 18:24:50,731 - telegram.ext.ExtBot - DEBUG - ()
2025-06-19 18:24:50,731 - telegram.ext.ExtBot - DEBUG - Exiting: get_updates
2025-06-19 18:24:50,732 - telegram.ext.ExtBot - DEBUG - Entering: get_updates
2025-06-19 18:24:50,734 - httpcore.http11 - DEBUG - send_request_headers.started request=<Request [b'POST']>
2025-06-19 18:24:50,736 - httpcore.http11 - DEBUG - send_request_headers.complete
2025-06-19 18:24:50,736 - httpcore.http11 - DEBUG - send_request_body.started request=<Request [b'POST']>
2025-06-19 18:24:50,736 - httpcore.http11 - DEBUG - send_request_body.complete
2025-06-19 18:24:50,736 - httpcore.http11 - DEBUG - receive_response_headers.started request=<Request [b'POST']>
2025-06-19 18:25:01,237 - httpcore.http11 - DEBUG - receive_response_headers.complete return_value=(b'HTTP/1.1', 200, b'OK', [(b'Server', b'nginx/1.18.0'), (b'Date', b'Thu, 19 Jun 2025 17:25:01 GMT'), (b'Content-Type', b'application/json'), (b'Content-Length', b'23'), (b'Connection', b'keep-alive'), (b'Strict-Transport-Security', b'max-age=31536000; includeSubDomains; preload'), (b'Access-Control-Allow-Origin', b'*'), (b'Access-Control-Allow-Methods', b'GET, POST, OPTIONS'), (b'Access-Control-Expose-Headers', b'Content-Length,Content-Type,Date,Server,Connection')])
2025-06-19 18:25:01,237 - httpx - INFO - HTTP Request: POST https://api.telegram.org/bot7707158318:AAE8rWa4Q8Z_3avql6K0HAmXaooZAReoNF0/getUpdates "HTTP/1.1 200 OK"
2025-06-19 18:25:01,241 - httpcore.http11 - DEBUG - receive_response_body.started request=<Request [b'POST']>
2025-06-19 18:25:01,242 - httpcore.http11 - DEBUG - receive_response_body.complete
2025-06-19 18:25:01,242 - httpcore.http11 - DEBUG - response_closed.started
2025-06-19 18:25:01,242 - httpcore.http11 - DEBUG - response_closed.complete
2025-06-19 18:25:01,244 - telegram.ext.ExtBot - DEBUG - No new updates found.
2025-06-19 18:25:01,244 - telegram.ext.ExtBot - DEBUG - ()
2025-06-19 18:25:01,244 - telegram.ext.ExtBot - DEBUG - Exiting: get_updates
2025-06-19 18:25:01,244 - telegram.ext.ExtBot - DEBUG - Entering: get_updates
2025-06-19 18:25:01,247 - httpcore.http11 - DEBUG - send_request_headers.started request=<Request [b'POST']>
2025-06-19 18:25:01,249 - httpcore.http11 - DEBUG - send_request_headers.complete
2025-06-19 18:25:01,249 - httpcore.http11 - DEBUG - send_request_body.started request=<Request [b'POST']>
2025-06-19 18:25:01,250 - httpcore.http11 - DEBUG - send_request_body.complete
2025-06-19 18:25:01,250 - httpcore.http11 - DEBUG - receive_response_headers.started request=<Request [b'POST']>
2025-06-19 18:25:11,345 - httpcore.http11 - DEBUG - receive_response_headers.complete return_value=(b'HTTP/1.1', 200, b'OK', [(b'Server', b'nginx/1.18.0'), (b'Date', b'Thu, 19 Jun 2025 17:25:12 GMT'), (b'Content-Type', b'application/json'), (b'Content-Length', b'23'), (b'Connection', b'keep-alive'), (b'Strict-Transport-Security', b'max-age=31536000; includeSubDomains; preload'), (b'Access-Control-Allow-Origin', b'*'), (b'Access-Control-Allow-Methods', b'GET, POST, OPTIONS'), (b'Access-Control-Expose-Headers', b'Content-Length,Content-Type,Date,Server,Connection')])
2025-06-19 18:25:11,345 - httpx - INFO - HTTP Request: POST https://api.telegram.org/bot7707158318:AAE8rWa4Q8Z_3avql6K0HAmXaooZAReoNF0/getUpdates "HTTP/1.1 200 OK"
2025-06-19 18:25:11,348 - httpcore.http11 - DEBUG - receive_response_body.started request=<Request [b'POST']>
2025-06-19 18:25:11,350 - httpcore.http11 - DEBUG - receive_response_body.complete
2025-06-19 18:25:11,350 - httpcore.http11 - DEBUG - response_closed.started
2025-06-19 18:25:11,350 - httpcore.http11 - DEBUG - response_closed.complete
2025-06-19 18:25:11,351 - telegram.ext.ExtBot - DEBUG - No new updates found.
2025-06-19 18:25:11,351 - telegram.ext.ExtBot - DEBUG - ()
2025-06-19 18:25:11,351 - telegram.ext.ExtBot - DEBUG - Exiting: get_updates
2025-06-19 18:25:11,351 - telegram.ext.ExtBot - DEBUG - Entering: get_updates
2025-06-19 18:25:11,355 - httpcore.http11 - DEBUG - send_request_headers.started request=<Request [b'POST']>
2025-06-19 18:25:11,356 - httpcore.http11 - DEBUG - send_request_headers.complete
2025-06-19 18:25:11,356 - httpcore.http11 - DEBUG - send_request_body.started request=<Request [b'POST']>
2025-06-19 18:25:11,357 - httpcore.http11 - DEBUG - send_request_body.complete
2025-06-19 18:25:11,357 - httpcore.http11 - DEBUG - receive_response_headers.started request=<Request [b'POST']>
2025-06-19 18:25:21,473 - httpcore.http11 - DEBUG - receive_response_headers.complete return_value=(b'HTTP/1.1', 200, b'OK', [(b'Server', b'nginx/1.18.0'), (b'Date', b'Thu, 19 Jun 2025 17:25:22 GMT'), (b'Content-Type', b'application/json'), (b'Content-Length', b'23'), (b'Connection', b'keep-alive'), (b'Strict-Transport-Security', b'max-age=31536000; includeSubDomains; preload'), (b'Access-Control-Allow-Origin', b'*'), (b'Access-Control-Allow-Methods', b'GET, POST, OPTIONS'), (b'Access-Control-Expose-Headers', b'Content-Length,Content-Type,Date,Server,Connection')])
2025-06-19 18:25:21,474 - httpx - INFO - HTTP Request: POST https://api.telegram.org/bot7707158318:AAE8rWa4Q8Z_3avql6K0HAmXaooZAReoNF0/getUpdates "HTTP/1.1 200 OK"
2025-06-19 18:25:21,475 - httpcore.http11 - DEBUG - receive_response_body.started request=<Request [b'POST']>
2025-06-19 18:25:21,475 - httpcore.http11 - DEBUG - receive_response_body.complete
2025-06-19 18:25:21,475 - httpcore.http11 - DEBUG - response_closed.started
2025-06-19 18:25:21,477 - httpcore.http11 - DEBUG - response_closed.complete
2025-06-19 18:25:21,477 - telegram.ext.ExtBot - DEBUG - No new updates found.
2025-06-19 18:25:21,477 - telegram.ext.ExtBot - DEBUG - ()
2025-06-19 18:25:21,478 - telegram.ext.ExtBot - DEBUG - Exiting: get_updates
2025-06-19 18:25:21,478 - telegram.ext.ExtBot - DEBUG - Entering: get_updates
2025-06-19 18:25:21,480 - httpcore.http11 - DEBUG - send_request_headers.started request=<Request [b'POST']>
2025-06-19 18:25:21,481 - httpcore.http11 - DEBUG - send_request_headers.complete
2025-06-19 18:25:21,481 - httpcore.http11 - DEBUG - send_request_body.started request=<Request [b'POST']>
2025-06-19 18:25:21,481 - httpcore.http11 - DEBUG - send_request_body.complete
2025-06-19 18:25:21,481 - httpcore.http11 - DEBUG - receive_response_headers.started request=<Request [b'POST']>
2025-06-19 18:25:31,591 - httpcore.http11 - DEBUG - receive_response_headers.complete return_value=(b'HTTP/1.1', 200, b'OK', [(b'Server', b'nginx/1.18.0'), (b'Date', b'Thu, 19 Jun 2025 17:25:32 GMT'), (b'Content-Type', b'application/json'), (b'Content-Length', b'23'), (b'Connection', b'keep-alive'), (b'Strict-Transport-Security', b'max-age=31536000; includeSubDomains; preload'), (b'Access-Control-Allow-Origin', b'*'), (b'Access-Control-Allow-Methods', b'GET, POST, OPTIONS'), (b'Access-Control-Expose-Headers', b'Content-Length,Content-Type,Date,Server,Connection')])
2025-06-19 18:25:31,592 - httpx - INFO - HTTP Request: POST https://api.telegram.org/bot7707158318:AAE8rWa4Q8Z_3avql6K0HAmXaooZAReoNF0/getUpdates "HTTP/1.1 200 OK"
2025-06-19 18:25:31,597 - httpcore.http11 - DEBUG - receive_response_body.started request=<Request [b'POST']>
2025-06-19 18:25:31,597 - httpcore.http11 - DEBUG - receive_response_body.complete
2025-06-19 18:25:31,598 - httpcore.http11 - DEBUG - response_closed.started
2025-06-19 18:25:31,598 - httpcore.http11 - DEBUG - response_closed.complete
2025-06-19 18:25:31,600 - telegram.ext.ExtBot - DEBUG - No new updates found.
2025-06-19 18:25:31,600 - telegram.ext.ExtBot - DEBUG - ()
2025-06-19 18:25:31,601 - telegram.ext.ExtBot - DEBUG - Exiting: get_updates
2025-06-19 18:25:31,602 - telegram.ext.ExtBot - DEBUG - Entering: get_updates
2025-06-19 18:25:31,607 - httpcore.http11 - DEBUG - send_request_headers.started request=<Request [b'POST']>
2025-06-19 18:25:31,611 - httpcore.http11 - DEBUG - send_request_headers.complete
2025-06-19 18:25:31,611 - httpcore.http11 - DEBUG - send_request_body.started request=<Request [b'POST']>
2025-06-19 18:25:31,613 - httpcore.http11 - DEBUG - send_request_body.complete
2025-06-19 18:25:31,613 - httpcore.http11 - DEBUG - receive_response_headers.started request=<Request [b'POST']>
2025-06-19 18:25:41,704 - httpcore.http11 - DEBUG - receive_response_headers.complete return_value=(b'HTTP/1.1', 200, b'OK', [(b'Server', b'nginx/1.18.0'), (b'Date', b'Thu, 19 Jun 2025 17:25:42 GMT'), (b'Content-Type', b'application/json'), (b'Content-Length', b'23'), (b'Connection', b'keep-alive'), (b'Strict-Transport-Security', b'max-age=31536000; includeSubDomains; preload'), (b'Access-Control-Allow-Origin', b'*'), (b'Access-Control-Allow-Methods', b'GET, POST, OPTIONS'), (b'Access-Control-Expose-Headers', b'Content-Length,Content-Type,Date,Server,Connection')])
2025-06-19 18:25:41,707 - httpx - INFO - HTTP Request: POST https://api.telegram.org/bot7707158318:AAE8rWa4Q8Z_3avql6K0HAmXaooZAReoNF0/getUpdates "HTTP/1.1 200 OK"
2025-06-19 18:25:41,709 - httpcore.http11 - DEBUG - receive_response_body.started request=<Request [b'POST']>
2025-06-19 18:25:41,709 - httpcore.http11 - DEBUG - receive_response_body.complete
2025-06-19 18:25:41,709 - httpcore.http11 - DEBUG - response_closed.started
2025-06-19 18:25:41,711 - httpcore.http11 - DEBUG - response_closed.complete
2025-06-19 18:25:41,711 - telegram.ext.ExtBot - DEBUG - No new updates found.
2025-06-19 18:25:41,711 - telegram.ext.ExtBot - DEBUG - ()
2025-06-19 18:25:41,711 - telegram.ext.ExtBot - DEBUG - Exiting: get_updates
2025-06-19 18:25:41,711 - telegram.ext.ExtBot - DEBUG - Entering: get_updates
2025-06-19 18:25:41,714 - httpcore.http11 - DEBUG - send_request_headers.started request=<Request [b'POST']>
2025-06-19 18:25:41,714 - httpcore.http11 - DEBUG - send_request_headers.complete
2025-06-19 18:25:41,714 - httpcore.http11 - DEBUG - send_request_body.started request=<Request [b'POST']>
2025-06-19 18:25:41,714 - httpcore.http11 - DEBUG - send_request_body.complete
2025-06-19 18:25:41,714 - httpcore.http11 - DEBUG - receive_response_headers.started request=<Request [b'POST']>
2025-06-19 18:25:51,837 - httpcore.http11 - DEBUG - receive_response_headers.complete return_value=(b'HTTP/1.1', 200, b'OK', [(b'Server', b'nginx/1.18.0'), (b'Date', b'Thu, 19 Jun 2025 17:25:52 GMT'), (b'Content-Type', b'application/json'), (b'Content-Length', b'23'), (b'Connection', b'keep-alive'), (b'Strict-Transport-Security', b'max-age=31536000; includeSubDomains; preload'), (b'Access-Control-Allow-Origin', b'*'), (b'Access-Control-Allow-Methods', b'GET, POST, OPTIONS'), (b'Access-Control-Expose-Headers', b'Content-Length,Content-Type,Date,Server,Connection')])
2025-06-19 18:25:51,842 - httpx - INFO - HTTP Request: POST https://api.telegram.org/bot7707158318:AAE8rWa4Q8Z_3avql6K0HAmXaooZAReoNF0/getUpdates "HTTP/1.1 200 OK"
2025-06-19 18:25:51,842 - httpcore.http11 - DEBUG - receive_response_body.started request=<Request [b'POST']>
2025-06-19 18:25:51,842 - httpcore.http11 - DEBUG - receive_response_body.complete
2025-06-19 18:25:51,846 - httpcore.http11 - DEBUG - response_closed.started
2025-06-19 18:25:51,846 - httpcore.http11 - DEBUG - response_closed.complete
2025-06-19 18:25:51,847 - telegram.ext.ExtBot - DEBUG - No new updates found.
2025-06-19 18:25:51,847 - telegram.ext.ExtBot - DEBUG - ()
2025-06-19 18:25:51,847 - telegram.ext.ExtBot - DEBUG - Exiting: get_updates
2025-06-19 18:25:51,847 - telegram.ext.ExtBot - DEBUG - Entering: get_updates
2025-06-19 18:25:51,849 - httpcore.http11 - DEBUG - send_request_headers.started request=<Request [b'POST']>
2025-06-19 18:25:51,850 - httpcore.http11 - DEBUG - send_request_headers.complete
2025-06-19 18:25:51,850 - httpcore.http11 - DEBUG - send_request_body.started request=<Request [b'POST']>
2025-06-19 18:25:51,852 - httpcore.http11 - DEBUG - send_request_body.complete
2025-06-19 18:25:51,852 - httpcore.http11 - DEBUG - receive_response_headers.started request=<Request [b'POST']>
2025-06-19 18:26:02,081 - httpcore.http11 - DEBUG - receive_response_headers.complete return_value=(b'HTTP/1.1', 200, b'OK', [(b'Server', b'nginx/1.18.0'), (b'Date', b'Thu, 19 Jun 2025 17:26:03 GMT'), (b'Content-Type', b'application/json'), (b'Content-Length', b'23'), (b'Connection', b'keep-alive'), (b'Strict-Transport-Security', b'max-age=31536000; includeSubDomains; preload'), (b'Access-Control-Allow-Origin', b'*'), (b'Access-Control-Allow-Methods', b'GET, POST, OPTIONS'), (b'Access-Control-Expose-Headers', b'Content-Length,Content-Type,Date,Server,Connection')])
2025-06-19 18:26:02,083 - httpx - INFO - HTTP Request: POST https://api.telegram.org/bot7707158318:AAE8rWa4Q8Z_3avql6K0HAmXaooZAReoNF0/getUpdates "HTTP/1.1 200 OK"
2025-06-19 18:26:02,084 - httpcore.http11 - DEBUG - receive_response_body.started request=<Request [b'POST']>
2025-06-19 18:26:02,085 - httpcore.http11 - DEBUG - receive_response_body.complete
2025-06-19 18:26:02,085 - httpcore.http11 - DEBUG - response_closed.started
2025-06-19 18:26:02,085 - httpcore.http11 - DEBUG - response_closed.complete
2025-06-19 18:26:02,087 - telegram.ext.ExtBot - DEBUG - No new updates found.
2025-06-19 18:26:02,088 - telegram.ext.ExtBot - DEBUG - ()
2025-06-19 18:26:02,089 - telegram.ext.ExtBot - DEBUG - Exiting: get_updates
2025-06-19 18:26:02,089 - telegram.ext.ExtBot - DEBUG - Entering: get_updates
2025-06-19 18:26:02,091 - httpcore.http11 - DEBUG - send_request_headers.started request=<Request [b'POST']>
2025-06-19 18:26:02,094 - httpcore.http11 - DEBUG - send_request_headers.complete
2025-06-19 18:26:02,094 - httpcore.http11 - DEBUG - send_request_body.started request=<Request [b'POST']>
2025-06-19 18:26:02,094 - httpcore.http11 - DEBUG - send_request_body.complete
2025-06-19 18:26:02,096 - httpcore.http11 - DEBUG - receive_response_headers.started request=<Request [b'POST']>
2025-06-19 18:26:12,330 - httpcore.http11 - DEBUG - receive_response_headers.complete return_value=(b'HTTP/1.1', 200, b'OK', [(b'Server', b'nginx/1.18.0'), (b'Date', b'Thu, 19 Jun 2025 17:26:13 GMT'), (b'Content-Type', b'application/json'), (b'Content-Length', b'23'), (b'Connection', b'keep-alive'), (b'Strict-Transport-Security', b'max-age=31536000; includeSubDomains; preload'), (b'Access-Control-Allow-Origin', b'*'), (b'Access-Control-Allow-Methods', b'GET, POST, OPTIONS'), (b'Access-Control-Expose-Headers', b'Content-Length,Content-Type,Date,Server,Connection')])
2025-06-19 18:26:12,331 - httpx - INFO - HTTP Request: POST https://api.telegram.org/bot7707158318:AAE8rWa4Q8Z_3avql6K0HAmXaooZAReoNF0/getUpdates "HTTP/1.1 200 OK"
2025-06-19 18:26:12,333 - httpcore.http11 - DEBUG - receive_response_body.started request=<Request [b'POST']>
2025-06-19 18:26:12,333 - httpcore.http11 - DEBUG - receive_response_body.complete
2025-06-19 18:26:12,333 - httpcore.http11 - DEBUG - response_closed.started
2025-06-19 18:26:12,335 - httpcore.http11 - DEBUG - response_closed.complete
2025-06-19 18:26:12,336 - telegram.ext.ExtBot - DEBUG - No new updates found.
2025-06-19 18:26:12,336 - telegram.ext.ExtBot - DEBUG - ()
2025-06-19 18:26:12,336 - telegram.ext.ExtBot - DEBUG - Exiting: get_updates
2025-06-19 18:26:12,336 - telegram.ext.ExtBot - DEBUG - Entering: get_updates
2025-06-19 18:26:12,338 - httpcore.http11 - DEBUG - send_request_headers.started request=<Request [b'POST']>
2025-06-19 18:26:12,340 - httpcore.http11 - DEBUG - send_request_headers.complete
2025-06-19 18:26:12,340 - httpcore.http11 - DEBUG - send_request_body.started request=<Request [b'POST']>
2025-06-19 18:26:12,341 - httpcore.http11 - DEBUG - send_request_body.complete
2025-06-19 18:26:12,341 - httpcore.http11 - DEBUG - receive_response_headers.started request=<Request [b'POST']>
2025-06-19 18:26:22,457 - httpcore.http11 - DEBUG - receive_response_headers.complete return_value=(b'HTTP/1.1', 200, b'OK', [(b'Server', b'nginx/1.18.0'), (b'Date', b'Thu, 19 Jun 2025 17:26:23 GMT'), (b'Content-Type', b'application/json'), (b'Content-Length', b'23'), (b'Connection', b'keep-alive'), (b'Strict-Transport-Security', b'max-age=31536000; includeSubDomains; preload'), (b'Access-Control-Allow-Origin', b'*'), (b'Access-Control-Allow-Methods', b'GET, POST, OPTIONS'), (b'Access-Control-Expose-Headers', b'Content-Length,Content-Type,Date,Server,Connection')])
2025-06-19 18:26:22,459 - httpx - INFO - HTTP Request: POST https://api.telegram.org/bot7707158318:AAE8rWa4Q8Z_3avql6K0HAmXaooZAReoNF0/getUpdates "HTTP/1.1 200 OK"
2025-06-19 18:26:22,459 - httpcore.http11 - DEBUG - receive_response_body.started request=<Request [b'POST']>
2025-06-19 18:26:22,459 - httpcore.http11 - DEBUG - receive_response_body.complete
2025-06-19 18:26:22,461 - httpcore.http11 - DEBUG - response_closed.started
2025-06-19 18:26:22,461 - httpcore.http11 - DEBUG - response_closed.complete
2025-06-19 18:26:22,461 - telegram.ext.ExtBot - DEBUG - No new updates found.
2025-06-19 18:26:22,461 - telegram.ext.ExtBot - DEBUG - ()
2025-06-19 18:26:22,461 - telegram.ext.ExtBot - DEBUG - Exiting: get_updates
2025-06-19 18:26:22,463 - telegram.ext.ExtBot - DEBUG - Entering: get_updates
2025-06-19 18:26:22,465 - httpcore.http11 - DEBUG - send_request_headers.started request=<Request [b'POST']>
2025-06-19 18:26:22,467 - httpcore.http11 - DEBUG - send_request_headers.complete
2025-06-19 18:26:22,467 - httpcore.http11 - DEBUG - send_request_body.started request=<Request [b'POST']>
2025-06-19 18:26:22,470 - httpcore.http11 - DEBUG - send_request_body.complete
2025-06-19 18:26:22,470 - httpcore.http11 - DEBUG - receive_response_headers.started request=<Request [b'POST']>
2025-06-19 18:26:32,554 - httpcore.http11 - DEBUG - receive_response_headers.complete return_value=(b'HTTP/1.1', 200, b'OK', [(b'Server', b'nginx/1.18.0'), (b'Date', b'Thu, 19 Jun 2025 17:26:33 GMT'), (b'Content-Type', b'application/json'), (b'Content-Length', b'23'), (b'Connection', b'keep-alive'), (b'Strict-Transport-Security', b'max-age=31536000; includeSubDomains; preload'), (b'Access-Control-Allow-Origin', b'*'), (b'Access-Control-Allow-Methods', b'GET, POST, OPTIONS'), (b'Access-Control-Expose-Headers', b'Content-Length,Content-Type,Date,Server,Connection')])
2025-06-19 18:26:32,555 - httpx - INFO - HTTP Request: POST https://api.telegram.org/bot7707158318:AAE8rWa4Q8Z_3avql6K0HAmXaooZAReoNF0/getUpdates "HTTP/1.1 200 OK"
2025-06-19 18:26:32,565 - httpcore.http11 - DEBUG - receive_response_body.started request=<Request [b'POST']>
2025-06-19 18:26:32,567 - httpcore.http11 - DEBUG - receive_response_body.complete
2025-06-19 18:26:32,567 - httpcore.http11 - DEBUG - response_closed.started
2025-06-19 18:26:32,569 - httpcore.http11 - DEBUG - response_closed.complete
2025-06-19 18:26:32,572 - telegram.ext.ExtBot - DEBUG - No new updates found.
2025-06-19 18:26:32,572 - telegram.ext.ExtBot - DEBUG - ()
2025-06-19 18:26:32,582 - telegram.ext.ExtBot - DEBUG - Exiting: get_updates
2025-06-19 18:26:32,582 - telegram.ext.ExtBot - DEBUG - Entering: get_updates
2025-06-19 18:26:32,588 - httpcore.http11 - DEBUG - send_request_headers.started request=<Request [b'POST']>
2025-06-19 18:26:32,598 - httpcore.http11 - DEBUG - send_request_headers.complete
2025-06-19 18:26:32,603 - httpcore.http11 - DEBUG - send_request_body.started request=<Request [b'POST']>
2025-06-19 18:26:32,618 - httpcore.http11 - DEBUG - send_request_body.complete
2025-06-19 18:26:32,618 - httpcore.http11 - DEBUG - receive_response_headers.started request=<Request [b'POST']>
2025-06-19 18:26:42,695 - httpcore.http11 - DEBUG - receive_response_headers.complete return_value=(b'HTTP/1.1', 200, b'OK', [(b'Server', b'nginx/1.18.0'), (b'Date', b'Thu, 19 Jun 2025 17:26:43 GMT'), (b'Content-Type', b'application/json'), (b'Content-Length', b'23'), (b'Connection', b'keep-alive'), (b'Strict-Transport-Security', b'max-age=31536000; includeSubDomains; preload'), (b'Access-Control-Allow-Origin', b'*'), (b'Access-Control-Allow-Methods', b'GET, POST, OPTIONS'), (b'Access-Control-Expose-Headers', b'Content-Length,Content-Type,Date,Server,Connection')])
2025-06-19 18:26:42,710 - httpx - INFO - HTTP Request: POST https://api.telegram.org/bot7707158318:AAE8rWa4Q8Z_3avql6K0HAmXaooZAReoNF0/getUpdates "HTTP/1.1 200 OK"
2025-06-19 18:26:42,715 - httpcore.http11 - DEBUG - receive_response_body.started request=<Request [b'POST']>
2025-06-19 18:26:42,721 - httpcore.http11 - DEBUG - receive_response_body.complete
2025-06-19 18:26:42,724 - httpcore.http11 - DEBUG - response_closed.started
2025-06-19 18:26:42,727 - httpcore.http11 - DEBUG - response_closed.complete
2025-06-19 18:26:42,729 - telegram.ext.ExtBot - DEBUG - No new updates found.
2025-06-19 18:26:42,729 - telegram.ext.ExtBot - DEBUG - ()
2025-06-19 18:26:42,729 - telegram.ext.ExtBot - DEBUG - Exiting: get_updates
2025-06-19 18:26:42,729 - telegram.ext.ExtBot - DEBUG - Entering: get_updates
2025-06-19 18:26:42,816 - httpcore.http11 - DEBUG - send_request_headers.started request=<Request [b'POST']>
2025-06-19 18:26:42,822 - httpcore.http11 - DEBUG - send_request_headers.complete
2025-06-19 18:26:42,824 - httpcore.http11 - DEBUG - send_request_body.started request=<Request [b'POST']>
2025-06-19 18:26:42,824 - httpcore.http11 - DEBUG - send_request_body.complete
2025-06-19 18:26:42,828 - httpcore.http11 - DEBUG - receive_response_headers.started request=<Request [b'POST']>
2025-06-19 18:26:52,932 - httpcore.http11 - DEBUG - receive_response_headers.complete return_value=(b'HTTP/1.1', 200, b'OK', [(b'Server', b'nginx/1.18.0'), (b'Date', b'Thu, 19 Jun 2025 17:26:54 GMT'), (b'Content-Type', b'application/json'), (b'Content-Length', b'23'), (b'Connection', b'keep-alive'), (b'Strict-Transport-Security', b'max-age=31536000; includeSubDomains; preload'), (b'Access-Control-Allow-Origin', b'*'), (b'Access-Control-Allow-Methods', b'GET, POST, OPTIONS'), (b'Access-Control-Expose-Headers', b'Content-Length,Content-Type,Date,Server,Connection')])
2025-06-19 18:26:52,932 - httpx - INFO - HTTP Request: POST https://api.telegram.org/bot7707158318:AAE8rWa4Q8Z_3avql6K0HAmXaooZAReoNF0/getUpdates "HTTP/1.1 200 OK"
2025-06-19 18:26:52,935 - httpcore.http11 - DEBUG - receive_response_body.started request=<Request [b'POST']>
2025-06-19 18:26:52,935 - httpcore.http11 - DEBUG - receive_response_body.complete
2025-06-19 18:26:52,935 - httpcore.http11 - DEBUG - response_closed.started
2025-06-19 18:26:52,936 - httpcore.http11 - DEBUG - response_closed.complete
2025-06-19 18:26:52,936 - telegram.ext.ExtBot - DEBUG - No new updates found.
2025-06-19 18:26:52,936 - telegram.ext.ExtBot - DEBUG - ()
2025-06-19 18:26:52,937 - telegram.ext.ExtBot - DEBUG - Exiting: get_updates
2025-06-19 18:26:52,937 - telegram.ext.ExtBot - DEBUG - Entering: get_updates
2025-06-19 18:26:52,938 - httpcore.http11 - DEBUG - send_request_headers.started request=<Request [b'POST']>
2025-06-19 18:26:52,940 - httpcore.http11 - DEBUG - send_request_headers.complete
2025-06-19 18:26:52,940 - httpcore.http11 - DEBUG - send_request_body.started request=<Request [b'POST']>
2025-06-19 18:26:52,941 - httpcore.http11 - DEBUG - send_request_body.complete
2025-06-19 18:26:52,941 - httpcore.http11 - DEBUG - receive_response_headers.started request=<Request [b'POST']>
2025-06-19 18:27:03,109 - httpcore.http11 - DEBUG - receive_response_headers.complete return_value=(b'HTTP/1.1', 200, b'OK', [(b'Server', b'nginx/1.18.0'), (b'Date', b'Thu, 19 Jun 2025 17:27:04 GMT'), (b'Content-Type', b'application/json'), (b'Content-Length', b'23'), (b'Connection', b'keep-alive'), (b'Strict-Transport-Security', b'max-age=31536000; includeSubDomains; preload'), (b'Access-Control-Allow-Origin', b'*'), (b'Access-Control-Allow-Methods', b'GET, POST, OPTIONS'), (b'Access-Control-Expose-Headers', b'Content-Length,Content-Type,Date,Server,Connection')])
2025-06-19 18:27:03,111 - httpx - INFO - HTTP Request: POST https://api.telegram.org/bot7707158318:AAE8rWa4Q8Z_3avql6K0HAmXaooZAReoNF0/getUpdates "HTTP/1.1 200 OK"
2025-06-19 18:27:03,111 - httpcore.http11 - DEBUG - receive_response_body.started request=<Request [b'POST']>
2025-06-19 18:27:03,111 - httpcore.http11 - DEBUG - receive_response_body.complete
2025-06-19 18:27:03,113 - httpcore.http11 - DEBUG - response_closed.started
2025-06-19 18:27:03,113 - httpcore.http11 - DEBUG - response_closed.complete
2025-06-19 18:27:03,113 - telegram.ext.ExtBot - DEBUG - No new updates found.
2025-06-19 18:27:03,113 - telegram.ext.ExtBot - DEBUG - ()
2025-06-19 18:27:03,113 - telegram.ext.ExtBot - DEBUG - Exiting: get_updates
2025-06-19 18:27:03,113 - telegram.ext.ExtBot - DEBUG - Entering: get_updates
2025-06-19 18:27:03,117 - httpcore.http11 - DEBUG - send_request_headers.started request=<Request [b'POST']>
2025-06-19 18:27:03,117 - httpcore.http11 - DEBUG - send_request_headers.complete
2025-06-19 18:27:03,117 - httpcore.http11 - DEBUG - send_request_body.started request=<Request [b'POST']>
2025-06-19 18:27:03,119 - httpcore.http11 - DEBUG - send_request_body.complete
2025-06-19 18:27:03,119 - httpcore.http11 - DEBUG - receive_response_headers.started request=<Request [b'POST']>
2025-06-19 18:27:13,201 - httpcore.http11 - DEBUG - receive_response_headers.complete return_value=(b'HTTP/1.1', 200, b'OK', [(b'Server', b'nginx/1.18.0'), (b'Date', b'Thu, 19 Jun 2025 17:27:14 GMT'), (b'Content-Type', b'application/json'), (b'Content-Length', b'23'), (b'Connection', b'keep-alive'), (b'Strict-Transport-Security', b'max-age=31536000; includeSubDomains; preload'), (b'Access-Control-Allow-Origin', b'*'), (b'Access-Control-Allow-Methods', b'GET, POST, OPTIONS'), (b'Access-Control-Expose-Headers', b'Content-Length,Content-Type,Date,Server,Connection')])
2025-06-19 18:27:13,201 - httpx - INFO - HTTP Request: POST https://api.telegram.org/bot7707158318:AAE8rWa4Q8Z_3avql6K0HAmXaooZAReoNF0/getUpdates "HTTP/1.1 200 OK"
2025-06-19 18:27:13,204 - httpcore.http11 - DEBUG - receive_response_body.started request=<Request [b'POST']>
2025-06-19 18:27:13,204 - httpcore.http11 - DEBUG - receive_response_body.complete
2025-06-19 18:27:13,204 - httpcore.http11 - DEBUG - response_closed.started
2025-06-19 18:27:13,204 - httpcore.http11 - DEBUG - response_closed.complete
2025-06-19 18:27:13,206 - telegram.ext.ExtBot - DEBUG - No new updates found.
2025-06-19 18:27:13,208 - telegram.ext.ExtBot - DEBUG - ()
2025-06-19 18:27:13,208 - telegram.ext.ExtBot - DEBUG - Exiting: get_updates
2025-06-19 18:27:13,208 - telegram.ext.ExtBot - DEBUG - Entering: get_updates
2025-06-19 18:27:13,210 - httpcore.http11 - DEBUG - send_request_headers.started request=<Request [b'POST']>
2025-06-19 18:27:13,210 - httpcore.http11 - DEBUG - send_request_headers.complete
2025-06-19 18:27:13,210 - httpcore.http11 - DEBUG - send_request_body.started request=<Request [b'POST']>
2025-06-19 18:27:13,210 - httpcore.http11 - DEBUG - send_request_body.complete
2025-06-19 18:27:13,210 - httpcore.http11 - DEBUG - receive_response_headers.started request=<Request [b'POST']>
2025-06-19 18:27:20,519 - httpcore.http11 - DEBUG - receive_response_headers.complete return_value=(b'HTTP/1.1', 200, b'OK', [(b'Server', b'nginx/1.18.0'), (b'Date', b'Thu, 19 Jun 2025 17:27:21 GMT'), (b'Content-Type', b'application/json'), (b'Content-Length', b'839'), (b'Connection', b'keep-alive'), (b'Strict-Transport-Security', b'max-age=31536000; includeSubDomains; preload'), (b'Access-Control-Allow-Origin', b'*'), (b'Access-Control-Allow-Methods', b'GET, POST, OPTIONS'), (b'Access-Control-Expose-Headers', b'Content-Length,Content-Type,Date,Server,Connection')])
2025-06-19 18:27:20,521 - httpx - INFO - HTTP Request: POST https://api.telegram.org/bot7707158318:AAE8rWa4Q8Z_3avql6K0HAmXaooZAReoNF0/getUpdates "HTTP/1.1 200 OK"
2025-06-19 18:27:20,524 - httpcore.http11 - DEBUG - receive_response_body.started request=<Request [b'POST']>
2025-06-19 18:27:20,524 - httpcore.http11 - DEBUG - receive_response_body.complete
2025-06-19 18:27:20,524 - httpcore.http11 - DEBUG - response_closed.started
2025-06-19 18:27:20,524 - httpcore.http11 - DEBUG - response_closed.complete
2025-06-19 18:27:20,526 - telegram.ext.ExtBot - DEBUG - Getting updates: [37529854]
2025-06-19 18:27:20,527 - telegram.ext.ExtBot - DEBUG - (Update(callback_query=CallbackQuery(chat_instance='-1307310250263184334', data='show_balance', from_user=User(first_name='Ghost', id=7049055170, is_bot=False, language_code='en', last_name='Number1'), id='2605345315479697357', message=Message(channel_chat_created=False, chat=Chat(first_name='Ghost', id=7049055170, last_name='Number1', type=<ChatType.PRIVATE>), date=datetime.datetime(2025, 6, 19, 17, 16, 27, tzinfo=<UTC>), delete_chat_photo=False, edit_date=datetime.datetime(2025, 6, 19, 17, 19, 12, tzinfo=<UTC>), from_user=User(first_name='SPRD', id=7707158318, is_bot=True, username='tizi91Bot'), group_chat_created=False, message_id=5643, reply_markup=InlineKeyboardMarkup(inline_keyboard=((InlineKeyboardButton(callback_data='start_sniperx', text='🚀 Start SniperX'),), (InlineKeyboardButton(callback_data='stop_sniperx', text='🛑 Stop SniperX'), InlineKeyboardButton(callback_data='status_sniperx', text='📊 Status')), (InlineKeyboardButton(callback_data='show_balance', text='💰 Balance'),))), supergroup_chat_created=False, text='SniperX Bot Control Panel:')), update_id=37529854),)
2025-06-19 18:27:20,529 - telegram.ext.ExtBot - DEBUG - Exiting: get_updates
2025-06-19 18:27:20,529 - telegram.ext.ExtBot - DEBUG - Entering: get_updates
2025-06-19 18:27:20,531 - telegram.ext.Application - DEBUG - Processing update Update(callback_query=CallbackQuery(chat_instance='-1307310250263184334', data='show_balance', from_user=User(first_name='Ghost', id=7049055170, is_bot=False, language_code='en', last_name='Number1'), id='2605345315479697357', message=Message(channel_chat_created=False, chat=Chat(first_name='Ghost', id=7049055170, last_name='Number1', type=<ChatType.PRIVATE>), date=datetime.datetime(2025, 6, 19, 17, 16, 27, tzinfo=<UTC>), delete_chat_photo=False, edit_date=datetime.datetime(2025, 6, 19, 17, 19, 12, tzinfo=<UTC>), from_user=User(first_name='SPRD', id=7707158318, is_bot=True, username='tizi91Bot'), group_chat_created=False, message_id=5643, reply_markup=InlineKeyboardMarkup(inline_keyboard=((InlineKeyboardButton(callback_data='start_sniperx', text='🚀 Start SniperX'),), (InlineKeyboardButton(callback_data='stop_sniperx', text='🛑 Stop SniperX'), InlineKeyboardButton(callback_data='status_sniperx', text='📊 Status')), (InlineKeyboardButton(callback_data='show_balance', text='💰 Balance'),))), supergroup_chat_created=False, text='SniperX Bot Control Panel:')), update_id=37529854)
2025-06-19 18:27:20,538 - __main__ - INFO - Button callback received: Update(callback_query=CallbackQuery(chat_instance='-1307310250263184334', data='show_balance', from_user=User(first_name='Ghost', id=7049055170, is_bot=False, language_code='en', last_name='Number1'), id='2605345315479697357', message=Message(channel_chat_created=False, chat=Chat(first_name='Ghost', id=7049055170, last_name='Number1', type=<ChatType.PRIVATE>), date=datetime.datetime(2025, 6, 19, 17, 16, 27, tzinfo=<UTC>), delete_chat_photo=False, edit_date=datetime.datetime(2025, 6, 19, 17, 19, 12, tzinfo=<UTC>), from_user=User(first_name='SPRD', id=7707158318, is_bot=True, username='tizi91Bot'), group_chat_created=False, message_id=5643, reply_markup=InlineKeyboardMarkup(inline_keyboard=((InlineKeyboardButton(callback_data='start_sniperx', text='🚀 Start SniperX'),), (InlineKeyboardButton(callback_data='stop_sniperx', text='🛑 Stop SniperX'), InlineKeyboardButton(callback_data='status_sniperx', text='📊 Status')), (InlineKeyboardButton(callback_data='show_balance', text='💰 Balance'),))), supergroup_chat_created=False, text='SniperX Bot Control Panel:')), update_id=37529854)
2025-06-19 18:27:20,552 - telegram.ext.ExtBot - DEBUG - Entering: answer_callback_query
2025-06-19 18:27:20,558 - httpcore.connection - DEBUG - close.started
2025-06-19 18:27:20,560 - httpcore.connection - DEBUG - close.complete
2025-06-19 18:27:20,562 - httpcore.http11 - DEBUG - send_request_headers.started request=<Request [b'POST']>
2025-06-19 18:27:20,562 - httpcore.connection - DEBUG - connect_tcp.started host='api.telegram.org' port=443 local_address=None timeout=5.0 socket_options=None
2025-06-19 18:27:20,564 - httpcore.http11 - DEBUG - send_request_headers.complete
2025-06-19 18:27:20,564 - httpcore.http11 - DEBUG - send_request_body.started request=<Request [b'POST']>
2025-06-19 18:27:20,564 - httpcore.http11 - DEBUG - send_request_body.complete
2025-06-19 18:27:20,564 - httpcore.http11 - DEBUG - receive_response_headers.started request=<Request [b'POST']>
2025-06-19 18:27:20,672 - httpcore.connection - DEBUG - connect_tcp.complete return_value=<httpcore._backends.anyio.AnyIOStream object at 0x000002B0267B9300>
2025-06-19 18:27:20,672 - httpcore.connection - DEBUG - start_tls.started ssl_context=<ssl.SSLContext object at 0x000002B025669B40> server_hostname='api.telegram.org' timeout=5.0
2025-06-19 18:27:20,775 - httpcore.connection - DEBUG - start_tls.complete return_value=<httpcore._backends.anyio.AnyIOStream object at 0x000002B0267BA6E0>
2025-06-19 18:27:20,776 - httpcore.http11 - DEBUG - send_request_headers.started request=<Request [b'POST']>
2025-06-19 18:27:20,777 - httpcore.http11 - DEBUG - send_request_headers.complete
2025-06-19 18:27:20,779 - httpcore.http11 - DEBUG - send_request_body.started request=<Request [b'POST']>
2025-06-19 18:27:20,779 - httpcore.http11 - DEBUG - send_request_body.complete
2025-06-19 18:27:20,779 - httpcore.http11 - DEBUG - receive_response_headers.started request=<Request [b'POST']>
2025-06-19 18:27:20,873 - httpcore.http11 - DEBUG - receive_response_headers.complete return_value=(b'HTTP/1.1', 200, b'OK', [(b'Server', b'nginx/1.18.0'), (b'Date', b'Thu, 19 Jun 2025 17:27:21 GMT'), (b'Content-Type', b'application/json'), (b'Content-Length', b'25'), (b'Connection', b'keep-alive'), (b'Strict-Transport-Security', b'max-age=31536000; includeSubDomains; preload'), (b'Access-Control-Allow-Origin', b'*'), (b'Access-Control-Allow-Methods', b'GET, POST, OPTIONS'), (b'Access-Control-Expose-Headers', b'Content-Length,Content-Type,Date,Server,Connection')])
2025-06-19 18:27:20,875 - httpx - INFO - HTTP Request: POST https://api.telegram.org/bot7707158318:AAE8rWa4Q8Z_3avql6K0HAmXaooZAReoNF0/answerCallbackQuery "HTTP/1.1 200 OK"
2025-06-19 18:27:20,881 - httpcore.http11 - DEBUG - receive_response_body.started request=<Request [b'POST']>
2025-06-19 18:27:20,881 - httpcore.http11 - DEBUG - receive_response_body.complete
2025-06-19 18:27:20,881 - httpcore.http11 - DEBUG - response_closed.started
2025-06-19 18:27:20,883 - httpcore.http11 - DEBUG - response_closed.complete
2025-06-19 18:27:20,885 - telegram.ext.ExtBot - DEBUG - True
2025-06-19 18:27:20,885 - telegram.ext.ExtBot - DEBUG - Exiting: answer_callback_query
2025-06-19 18:27:20,885 - __main__ - INFO - Processing action: show_balance
2025-06-19 18:27:20,913 - __main__ - INFO - Processing show_balance action
2025-06-19 18:27:20,914 - __main__ - INFO - Reading wallet balance from: C:\Users\Rachid Aitali\OneDrive - 4JM Solutions Limited\Desktop\SniperX\SniperX\SniperX-V3\wallet_balance.json
2025-06-19 18:27:20,914 - __main__ - DEBUG - Raw wallet balance data: {'sol': '0.001771443', 'usd': '0.25436150037', 'sol_price': '143.59', 'timestamp': 1750353550.4092278}
2025-06-19 18:27:20,914 - __main__ - WARNING - Balance data is too old (8.2 minutes old)
2025-06-19 18:27:20,914 - __main__ - INFO - Current balance after read: {'sol': Decimal('0'), 'usd': Decimal('0'), 'timestamp': 0}
2025-06-19 18:27:20,914 - __main__ - INFO - Wallet manager not running, attempting to start it
2025-06-19 18:27:20,917 - __main__ - INFO - Starting wallet manager from: C:\Users\Rachid Aitali\OneDrive - 4JM Solutions Limited\Desktop\SniperX\SniperX\SniperX-V3\wallet_manager.py
2025-06-19 18:27:21,008 - __main__ - INFO - Wallet manager started with PID: 23040
2025-06-19 18:27:23,021 - __main__ - INFO - Wallet manager started successfully, reading balance...
2025-06-19 18:27:23,030 - __main__ - INFO - Reading wallet balance from: C:\Users\Rachid Aitali\OneDrive - 4JM Solutions Limited\Desktop\SniperX\SniperX\SniperX-V3\wallet_balance.json
2025-06-19 18:27:23,032 - __main__ - DEBUG - Raw wallet balance data: {'sol': '0.001771443', 'usd': '0.25436150037', 'sol_price': '143.59', 'timestamp': 1750353550.4092278}
2025-06-19 18:27:23,032 - __main__ - WARNING - Balance data is too old (8.2 minutes old)
2025-06-19 18:27:23,033 - __main__ - INFO - Balance after wallet manager start: {'sol': Decimal('0'), 'usd': Decimal('0'), 'timestamp': 0}
2025-06-19 18:27:23,037 - __main__ - INFO - Wallet manager is starting up. Please wait a moment and try again.
2025-06-19 18:27:23,048 - telegram.ext.ExtBot - DEBUG - Entering: edit_message_text
2025-06-19 18:27:23,056 - httpcore.http11 - DEBUG - send_request_headers.started request=<Request [b'POST']>
2025-06-19 18:27:23,058 - httpcore.http11 - DEBUG - send_request_headers.complete
2025-06-19 18:27:23,060 - httpcore.http11 - DEBUG - send_request_body.started request=<Request [b'POST']>
2025-06-19 18:27:23,060 - httpcore.http11 - DEBUG - send_request_body.complete
2025-06-19 18:27:23,060 - httpcore.http11 - DEBUG - receive_response_headers.started request=<Request [b'POST']>
2025-06-19 18:27:23,167 - httpcore.http11 - DEBUG - receive_response_headers.complete return_value=(b'HTTP/1.1', 200, b'OK', [(b'Server', b'nginx/1.18.0'), (b'Date', b'Thu, 19 Jun 2025 17:27:24 GMT'), (b'Content-Type', b'application/json'), (b'Content-Length', b'500'), (b'Connection', b'keep-alive'), (b'Strict-Transport-Security', b'max-age=31536000; includeSubDomains; preload'), (b'Access-Control-Allow-Origin', b'*'), (b'Access-Control-Allow-Methods', b'GET, POST, OPTIONS'), (b'Access-Control-Expose-Headers', b'Content-Length,Content-Type,Date,Server,Connection')])
2025-06-19 18:27:23,170 - httpx - INFO - HTTP Request: POST https://api.telegram.org/bot7707158318:AAE8rWa4Q8Z_3avql6K0HAmXaooZAReoNF0/editMessageText "HTTP/1.1 200 OK"
2025-06-19 18:27:23,171 - httpcore.http11 - DEBUG - receive_response_body.started request=<Request [b'POST']>
2025-06-19 18:27:23,171 - httpcore.http11 - DEBUG - receive_response_body.complete
2025-06-19 18:27:23,172 - httpcore.http11 - DEBUG - response_closed.started
2025-06-19 18:27:23,172 - httpcore.http11 - DEBUG - response_closed.complete
2025-06-19 18:27:23,176 - telegram.ext.ExtBot - DEBUG - Message(channel_chat_created=False, chat=Chat(first_name='Ghost', id=7049055170, last_name='Number1', type=<ChatType.PRIVATE>), date=datetime.datetime(2025, 6, 19, 17, 16, 27, tzinfo=<UTC>), delete_chat_photo=False, edit_date=datetime.datetime(2025, 6, 19, 17, 27, 24, tzinfo=<UTC>), from_user=User(first_name='SPRD', id=7707158318, is_bot=True, username='tizi91Bot'), group_chat_created=False, message_id=5643, reply_markup=InlineKeyboardMarkup(inline_keyboard=((InlineKeyboardButton(callback_data='show_balance', text='🔄 Refresh'), InlineKeyboardButton(callback_data='back_to_menu', text='🔙 Back to Menu')),)), supergroup_chat_created=False, text='Waiting for wallet balance update...\nPlease try again in a few seconds.')
2025-06-19 18:27:23,178 - telegram.ext.ExtBot - DEBUG - Exiting: edit_message_text
2025-06-19 18:27:25,591 - httpcore.http11 - DEBUG - receive_response_headers.complete return_value=(b'HTTP/1.1', 200, b'OK', [(b'Server', b'nginx/1.18.0'), (b'Date', b'Thu, 19 Jun 2025 17:27:26 GMT'), (b'Content-Type', b'application/json'), (b'Content-Length', b'747'), (b'Connection', b'keep-alive'), (b'Strict-Transport-Security', b'max-age=31536000; includeSubDomains; preload'), (b'Access-Control-Allow-Origin', b'*'), (b'Access-Control-Allow-Methods', b'GET, POST, OPTIONS'), (b'Access-Control-Expose-Headers', b'Content-Length,Content-Type,Date,Server,Connection')])
2025-06-19 18:27:25,593 - httpx - INFO - HTTP Request: POST https://api.telegram.org/bot7707158318:AAE8rWa4Q8Z_3avql6K0HAmXaooZAReoNF0/getUpdates "HTTP/1.1 200 OK"
2025-06-19 18:27:25,595 - httpcore.http11 - DEBUG - receive_response_body.started request=<Request [b'POST']>
2025-06-19 18:27:25,596 - httpcore.http11 - DEBUG - receive_response_body.complete
2025-06-19 18:27:25,597 - httpcore.http11 - DEBUG - response_closed.started
2025-06-19 18:27:25,599 - httpcore.http11 - DEBUG - response_closed.complete
2025-06-19 18:27:25,601 - telegram.ext.ExtBot - DEBUG - Getting updates: [37529855]
2025-06-19 18:27:25,605 - telegram.ext.ExtBot - DEBUG - (Update(callback_query=CallbackQuery(chat_instance='-1307310250263184334', data='back_to_menu', from_user=User(first_name='Ghost', id=7049055170, is_bot=False, language_code='en', last_name='Number1'), id='2605345313205829648', message=Message(channel_chat_created=False, chat=Chat(first_name='Ghost', id=7049055170, last_name='Number1', type=<ChatType.PRIVATE>), date=datetime.datetime(2025, 6, 19, 17, 16, 27, tzinfo=<UTC>), delete_chat_photo=False, edit_date=datetime.datetime(2025, 6, 19, 17, 27, 24, tzinfo=<UTC>), from_user=User(first_name='SPRD', id=7707158318, is_bot=True, username='tizi91Bot'), group_chat_created=False, message_id=5643, reply_markup=InlineKeyboardMarkup(inline_keyboard=((InlineKeyboardButton(callback_data='show_balance', text='🔄 Refresh'), InlineKeyboardButton(callback_data='back_to_menu', text='🔙 Back to Menu')),)), supergroup_chat_created=False, text='Waiting for wallet balance update...\nPlease try again in a few seconds.')), update_id=37529855),)
2025-06-19 18:27:25,608 - telegram.ext.ExtBot - DEBUG - Exiting: get_updates
2025-06-19 18:27:25,609 - telegram.ext.ExtBot - DEBUG - Entering: get_updates
2025-06-19 18:27:25,612 - telegram.ext.Application - DEBUG - Processing update Update(callback_query=CallbackQuery(chat_instance='-1307310250263184334', data='back_to_menu', from_user=User(first_name='Ghost', id=7049055170, is_bot=False, language_code='en', last_name='Number1'), id='2605345313205829648', message=Message(channel_chat_created=False, chat=Chat(first_name='Ghost', id=7049055170, last_name='Number1', type=<ChatType.PRIVATE>), date=datetime.datetime(2025, 6, 19, 17, 16, 27, tzinfo=<UTC>), delete_chat_photo=False, edit_date=datetime.datetime(2025, 6, 19, 17, 27, 24, tzinfo=<UTC>), from_user=User(first_name='SPRD', id=7707158318, is_bot=True, username='tizi91Bot'), group_chat_created=False, message_id=5643, reply_markup=InlineKeyboardMarkup(inline_keyboard=((InlineKeyboardButton(callback_data='show_balance', text='🔄 Refresh'), InlineKeyboardButton(callback_data='back_to_menu', text='🔙 Back to Menu')),)), supergroup_chat_created=False, text='Waiting for wallet balance update...\nPlease try again in a few seconds.')), update_id=37529855)
2025-06-19 18:27:25,622 - __main__ - INFO - Button callback received: Update(callback_query=CallbackQuery(chat_instance='-1307310250263184334', data='back_to_menu', from_user=User(first_name='Ghost', id=7049055170, is_bot=False, language_code='en', last_name='Number1'), id='2605345313205829648', message=Message(channel_chat_created=False, chat=Chat(first_name='Ghost', id=7049055170, last_name='Number1', type=<ChatType.PRIVATE>), date=datetime.datetime(2025, 6, 19, 17, 16, 27, tzinfo=<UTC>), delete_chat_photo=False, edit_date=datetime.datetime(2025, 6, 19, 17, 27, 24, tzinfo=<UTC>), from_user=User(first_name='SPRD', id=7707158318, is_bot=True, username='tizi91Bot'), group_chat_created=False, message_id=5643, reply_markup=InlineKeyboardMarkup(inline_keyboard=((InlineKeyboardButton(callback_data='show_balance', text='🔄 Refresh'), InlineKeyboardButton(callback_data='back_to_menu', text='🔙 Back to Menu')),)), supergroup_chat_created=False, text='Waiting for wallet balance update...\nPlease try again in a few seconds.')), update_id=37529855)
2025-06-19 18:27:25,626 - telegram.ext.ExtBot - DEBUG - Entering: answer_callback_query
2025-06-19 18:27:25,650 - httpcore.http11 - DEBUG - send_request_headers.started request=<Request [b'POST']>
2025-06-19 18:27:25,653 - httpcore.http11 - DEBUG - send_request_headers.started request=<Request [b'POST']>
2025-06-19 18:27:25,658 - httpcore.http11 - DEBUG - send_request_headers.complete
2025-06-19 18:27:25,659 - httpcore.http11 - DEBUG - send_request_body.started request=<Request [b'POST']>
2025-06-19 18:27:25,664 - httpcore.http11 - DEBUG - send_request_headers.complete
2025-06-19 18:27:25,665 - httpcore.http11 - DEBUG - send_request_body.started request=<Request [b'POST']>
2025-06-19 18:27:25,669 - httpcore.http11 - DEBUG - send_request_body.complete
2025-06-19 18:27:25,670 - httpcore.http11 - DEBUG - receive_response_headers.started request=<Request [b'POST']>
2025-06-19 18:27:25,673 - httpcore.http11 - DEBUG - send_request_body.complete
2025-06-19 18:27:25,674 - httpcore.http11 - DEBUG - receive_response_headers.started request=<Request [b'POST']>
2025-06-19 18:27:25,758 - httpcore.http11 - DEBUG - receive_response_headers.complete return_value=(b'HTTP/1.1', 200, b'OK', [(b'Server', b'nginx/1.18.0'), (b'Date', b'Thu, 19 Jun 2025 17:27:26 GMT'), (b'Content-Type', b'application/json'), (b'Content-Length', b'25'), (b'Connection', b'keep-alive'), (b'Strict-Transport-Security', b'max-age=31536000; includeSubDomains; preload'), (b'Access-Control-Allow-Origin', b'*'), (b'Access-Control-Allow-Methods', b'GET, POST, OPTIONS'), (b'Access-Control-Expose-Headers', b'Content-Length,Content-Type,Date,Server,Connection')])
2025-06-19 18:27:25,761 - httpx - INFO - HTTP Request: POST https://api.telegram.org/bot7707158318:AAE8rWa4Q8Z_3avql6K0HAmXaooZAReoNF0/answerCallbackQuery "HTTP/1.1 200 OK"
2025-06-19 18:27:25,763 - httpcore.http11 - DEBUG - receive_response_body.started request=<Request [b'POST']>
2025-06-19 18:27:25,764 - httpcore.http11 - DEBUG - receive_response_body.complete
2025-06-19 18:27:25,764 - httpcore.http11 - DEBUG - response_closed.started
2025-06-19 18:27:25,765 - httpcore.http11 - DEBUG - response_closed.complete
2025-06-19 18:27:25,766 - telegram.ext.ExtBot - DEBUG - True
2025-06-19 18:27:25,767 - telegram.ext.ExtBot - DEBUG - Exiting: answer_callback_query
2025-06-19 18:27:25,767 - __main__ - INFO - Processing action: back_to_menu
2025-06-19 18:27:25,770 - telegram.ext.ExtBot - DEBUG - Entering: edit_message_text
2025-06-19 18:27:25,777 - httpcore.http11 - DEBUG - send_request_headers.started request=<Request [b'POST']>
2025-06-19 18:27:25,780 - httpcore.http11 - DEBUG - send_request_headers.complete
2025-06-19 18:27:25,781 - httpcore.http11 - DEBUG - send_request_body.started request=<Request [b'POST']>
2025-06-19 18:27:25,790 - httpcore.http11 - DEBUG - send_request_body.complete
2025-06-19 18:27:25,791 - httpcore.http11 - DEBUG - receive_response_headers.started request=<Request [b'POST']>
2025-06-19 18:27:25,932 - httpcore.http11 - DEBUG - receive_response_headers.complete return_value=(b'HTTP/1.1', 200, b'OK', [(b'Server', b'nginx/1.18.0'), (b'Date', b'Thu, 19 Jun 2025 17:27:27 GMT'), (b'Content-Type', b'application/json'), (b'Content-Length', b'592'), (b'Connection', b'keep-alive'), (b'Strict-Transport-Security', b'max-age=31536000; includeSubDomains; preload'), (b'Access-Control-Allow-Origin', b'*'), (b'Access-Control-Allow-Methods', b'GET, POST, OPTIONS'), (b'Access-Control-Expose-Headers', b'Content-Length,Content-Type,Date,Server,Connection')])
2025-06-19 18:27:25,935 - httpx - INFO - HTTP Request: POST https://api.telegram.org/bot7707158318:AAE8rWa4Q8Z_3avql6K0HAmXaooZAReoNF0/editMessageText "HTTP/1.1 200 OK"
2025-06-19 18:27:25,936 - httpcore.http11 - DEBUG - receive_response_body.started request=<Request [b'POST']>
2025-06-19 18:27:25,938 - httpcore.http11 - DEBUG - receive_response_body.complete
2025-06-19 18:27:25,938 - httpcore.http11 - DEBUG - response_closed.started
2025-06-19 18:27:25,940 - httpcore.http11 - DEBUG - response_closed.complete
2025-06-19 18:27:25,944 - telegram.ext.ExtBot - DEBUG - Message(channel_chat_created=False, chat=Chat(first_name='Ghost', id=7049055170, last_name='Number1', type=<ChatType.PRIVATE>), date=datetime.datetime(2025, 6, 19, 17, 16, 27, tzinfo=<UTC>), delete_chat_photo=False, edit_date=datetime.datetime(2025, 6, 19, 17, 27, 27, tzinfo=<UTC>), from_user=User(first_name='SPRD', id=7707158318, is_bot=True, username='tizi91Bot'), group_chat_created=False, message_id=5643, reply_markup=InlineKeyboardMarkup(inline_keyboard=((InlineKeyboardButton(callback_data='start_sniperx', text='🚀 Start SniperX'),), (InlineKeyboardButton(callback_data='stop_sniperx', text='🛑 Stop SniperX'), InlineKeyboardButton(callback_data='status_sniperx', text='📊 Status')), (InlineKeyboardButton(callback_data='show_balance', text='💰 Balance'),))), supergroup_chat_created=False, text='SniperX Bot Control Panel:')
2025-06-19 18:27:25,946 - telegram.ext.ExtBot - DEBUG - Exiting: edit_message_text
2025-06-19 18:27:36,186 - httpcore.http11 - DEBUG - receive_response_headers.complete return_value=(b'HTTP/1.1', 200, b'OK', [(b'Server', b'nginx/1.18.0'), (b'Date', b'Thu, 19 Jun 2025 17:27:36 GMT'), (b'Content-Type', b'application/json'), (b'Content-Length', b'23'), (b'Connection', b'keep-alive'), (b'Strict-Transport-Security', b'max-age=31536000; includeSubDomains; preload'), (b'Access-Control-Allow-Origin', b'*'), (b'Access-Control-Allow-Methods', b'GET, POST, OPTIONS'), (b'Access-Control-Expose-Headers', b'Content-Length,Content-Type,Date,Server,Connection')])
2025-06-19 18:27:36,188 - httpx - INFO - HTTP Request: POST https://api.telegram.org/bot7707158318:AAE8rWa4Q8Z_3avql6K0HAmXaooZAReoNF0/getUpdates "HTTP/1.1 200 OK"
2025-06-19 18:27:36,189 - httpcore.http11 - DEBUG - receive_response_body.started request=<Request [b'POST']>
2025-06-19 18:27:36,189 - httpcore.http11 - DEBUG - receive_response_body.complete
2025-06-19 18:27:36,190 - httpcore.http11 - DEBUG - response_closed.started
2025-06-19 18:27:36,190 - httpcore.http11 - DEBUG - response_closed.complete
2025-06-19 18:27:36,191 - telegram.ext.ExtBot - DEBUG - No new updates found.
2025-06-19 18:27:36,193 - telegram.ext.ExtBot - DEBUG - ()
2025-06-19 18:27:36,193 - telegram.ext.ExtBot - DEBUG - Exiting: get_updates
2025-06-19 18:27:36,193 - telegram.ext.ExtBot - DEBUG - Entering: get_updates
2025-06-19 18:27:36,198 - httpcore.http11 - DEBUG - send_request_headers.started request=<Request [b'POST']>
2025-06-19 18:27:36,200 - httpcore.http11 - DEBUG - send_request_headers.complete
2025-06-19 18:27:36,200 - httpcore.http11 - DEBUG - send_request_body.started request=<Request [b'POST']>
2025-06-19 18:27:36,201 - httpcore.http11 - DEBUG - send_request_body.complete
2025-06-19 18:27:36,201 - httpcore.http11 - DEBUG - receive_response_headers.started request=<Request [b'POST']>
2025-06-19 18:27:46,317 - httpcore.http11 - DEBUG - receive_response_headers.complete return_value=(b'HTTP/1.1', 200, b'OK', [(b'Server', b'nginx/1.18.0'), (b'Date', b'Thu, 19 Jun 2025 17:27:47 GMT'), (b'Content-Type', b'application/json'), (b'Content-Length', b'23'), (b'Connection', b'keep-alive'), (b'Strict-Transport-Security', b'max-age=31536000; includeSubDomains; preload'), (b'Access-Control-Allow-Origin', b'*'), (b'Access-Control-Allow-Methods', b'GET, POST, OPTIONS'), (b'Access-Control-Expose-Headers', b'Content-Length,Content-Type,Date,Server,Connection')])
2025-06-19 18:27:46,317 - httpx - INFO - HTTP Request: POST https://api.telegram.org/bot7707158318:AAE8rWa4Q8Z_3avql6K0HAmXaooZAReoNF0/getUpdates "HTTP/1.1 200 OK"
2025-06-19 18:27:46,317 - httpcore.http11 - DEBUG - receive_response_body.started request=<Request [b'POST']>
2025-06-19 18:27:46,317 - httpcore.http11 - DEBUG - receive_response_body.complete
2025-06-19 18:27:46,317 - httpcore.http11 - DEBUG - response_closed.started
2025-06-19 18:27:46,317 - httpcore.http11 - DEBUG - response_closed.complete
2025-06-19 18:27:46,321 - telegram.ext.ExtBot - DEBUG - No new updates found.
2025-06-19 18:27:46,321 - telegram.ext.ExtBot - DEBUG - ()
2025-06-19 18:27:46,322 - telegram.ext.ExtBot - DEBUG - Exiting: get_updates
2025-06-19 18:27:46,322 - telegram.ext.ExtBot - DEBUG - Entering: get_updates
2025-06-19 18:27:46,322 - httpcore.http11 - DEBUG - send_request_headers.started request=<Request [b'POST']>
2025-06-19 18:27:46,324 - httpcore.http11 - DEBUG - send_request_headers.complete
2025-06-19 18:27:46,325 - httpcore.http11 - DEBUG - send_request_body.started request=<Request [b'POST']>
2025-06-19 18:27:46,328 - httpcore.http11 - DEBUG - send_request_body.complete
2025-06-19 18:27:46,329 - httpcore.http11 - DEBUG - receive_response_headers.started request=<Request [b'POST']>
2025-06-19 18:27:56,419 - httpcore.http11 - DEBUG - receive_response_headers.complete return_value=(b'HTTP/1.1', 200, b'OK', [(b'Server', b'nginx/1.18.0'), (b'Date', b'Thu, 19 Jun 2025 17:27:57 GMT'), (b'Content-Type', b'application/json'), (b'Content-Length', b'23'), (b'Connection', b'keep-alive'), (b'Strict-Transport-Security', b'max-age=31536000; includeSubDomains; preload'), (b'Access-Control-Allow-Origin', b'*'), (b'Access-Control-Allow-Methods', b'GET, POST, OPTIONS'), (b'Access-Control-Expose-Headers', b'Content-Length,Content-Type,Date,Server,Connection')])
2025-06-19 18:27:56,422 - httpx - INFO - HTTP Request: POST https://api.telegram.org/bot7707158318:AAE8rWa4Q8Z_3avql6K0HAmXaooZAReoNF0/getUpdates "HTTP/1.1 200 OK"
2025-06-19 18:27:56,422 - httpcore.http11 - DEBUG - receive_response_body.started request=<Request [b'POST']>
2025-06-19 18:27:56,424 - httpcore.http11 - DEBUG - receive_response_body.complete
2025-06-19 18:27:56,424 - httpcore.http11 - DEBUG - response_closed.started
2025-06-19 18:27:56,425 - httpcore.http11 - DEBUG - response_closed.complete
2025-06-19 18:27:56,425 - telegram.ext.ExtBot - DEBUG - No new updates found.
2025-06-19 18:27:56,425 - telegram.ext.ExtBot - DEBUG - ()
2025-06-19 18:27:56,425 - telegram.ext.ExtBot - DEBUG - Exiting: get_updates
2025-06-19 18:27:56,425 - telegram.ext.ExtBot - DEBUG - Entering: get_updates
2025-06-19 18:27:56,427 - httpcore.http11 - DEBUG - send_request_headers.started request=<Request [b'POST']>
2025-06-19 18:27:56,427 - httpcore.http11 - DEBUG - send_request_headers.complete
2025-06-19 18:27:56,427 - httpcore.http11 - DEBUG - send_request_body.started request=<Request [b'POST']>
2025-06-19 18:27:56,430 - httpcore.http11 - DEBUG - send_request_body.complete
2025-06-19 18:27:56,430 - httpcore.http11 - DEBUG - receive_response_headers.started request=<Request [b'POST']>
2025-06-19 18:28:06,597 - httpcore.http11 - DEBUG - receive_response_headers.complete return_value=(b'HTTP/1.1', 200, b'OK', [(b'Server', b'nginx/1.18.0'), (b'Date', b'Thu, 19 Jun 2025 17:28:07 GMT'), (b'Content-Type', b'application/json'), (b'Content-Length', b'23'), (b'Connection', b'keep-alive'), (b'Strict-Transport-Security', b'max-age=31536000; includeSubDomains; preload'), (b'Access-Control-Allow-Origin', b'*'), (b'Access-Control-Allow-Methods', b'GET, POST, OPTIONS'), (b'Access-Control-Expose-Headers', b'Content-Length,Content-Type,Date,Server,Connection')])
2025-06-19 18:28:06,600 - httpx - INFO - HTTP Request: POST https://api.telegram.org/bot7707158318:AAE8rWa4Q8Z_3avql6K0HAmXaooZAReoNF0/getUpdates "HTTP/1.1 200 OK"
2025-06-19 18:28:06,602 - httpcore.http11 - DEBUG - receive_response_body.started request=<Request [b'POST']>
2025-06-19 18:28:06,603 - httpcore.http11 - DEBUG - receive_response_body.complete
2025-06-19 18:28:06,604 - httpcore.http11 - DEBUG - response_closed.started
2025-06-19 18:28:06,605 - httpcore.http11 - DEBUG - response_closed.complete
2025-06-19 18:28:06,606 - telegram.ext.ExtBot - DEBUG - No new updates found.
2025-06-19 18:28:06,607 - telegram.ext.ExtBot - DEBUG - ()
2025-06-19 18:28:06,607 - telegram.ext.ExtBot - DEBUG - Exiting: get_updates
2025-06-19 18:28:06,607 - telegram.ext.ExtBot - DEBUG - Entering: get_updates
2025-06-19 18:28:06,611 - httpcore.http11 - DEBUG - send_request_headers.started request=<Request [b'POST']>
2025-06-19 18:28:06,614 - httpcore.http11 - DEBUG - send_request_headers.complete
2025-06-19 18:28:06,615 - httpcore.http11 - DEBUG - send_request_body.started request=<Request [b'POST']>
2025-06-19 18:28:06,620 - httpcore.http11 - DEBUG - send_request_body.complete
2025-06-19 18:28:06,620 - httpcore.http11 - DEBUG - receive_response_headers.started request=<Request [b'POST']>
2025-06-19 18:28:16,704 - httpcore.http11 - DEBUG - receive_response_headers.complete return_value=(b'HTTP/1.1', 200, b'OK', [(b'Server', b'nginx/1.18.0'), (b'Date', b'Thu, 19 Jun 2025 17:28:17 GMT'), (b'Content-Type', b'application/json'), (b'Content-Length', b'23'), (b'Connection', b'keep-alive'), (b'Strict-Transport-Security', b'max-age=31536000; includeSubDomains; preload'), (b'Access-Control-Allow-Origin', b'*'), (b'Access-Control-Allow-Methods', b'GET, POST, OPTIONS'), (b'Access-Control-Expose-Headers', b'Content-Length,Content-Type,Date,Server,Connection')])
2025-06-19 18:28:16,705 - httpx - INFO - HTTP Request: POST https://api.telegram.org/bot7707158318:AAE8rWa4Q8Z_3avql6K0HAmXaooZAReoNF0/getUpdates "HTTP/1.1 200 OK"
2025-06-19 18:28:16,706 - httpcore.http11 - DEBUG - receive_response_body.started request=<Request [b'POST']>
2025-06-19 18:28:16,707 - httpcore.http11 - DEBUG - receive_response_body.complete
2025-06-19 18:28:16,707 - httpcore.http11 - DEBUG - response_closed.started
2025-06-19 18:28:16,707 - httpcore.http11 - DEBUG - response_closed.complete
2025-06-19 18:28:16,709 - telegram.ext.ExtBot - DEBUG - No new updates found.
2025-06-19 18:28:16,709 - telegram.ext.ExtBot - DEBUG - ()
2025-06-19 18:28:16,709 - telegram.ext.ExtBot - DEBUG - Exiting: get_updates
2025-06-19 18:28:16,710 - telegram.ext.ExtBot - DEBUG - Entering: get_updates
2025-06-19 18:28:16,715 - httpcore.http11 - DEBUG - send_request_headers.started request=<Request [b'POST']>
2025-06-19 18:28:16,718 - httpcore.http11 - DEBUG - send_request_headers.complete
2025-06-19 18:28:16,719 - httpcore.http11 - DEBUG - send_request_body.started request=<Request [b'POST']>
2025-06-19 18:28:16,720 - httpcore.http11 - DEBUG - send_request_body.complete
2025-06-19 18:28:16,721 - httpcore.http11 - DEBUG - receive_response_headers.started request=<Request [b'POST']>
2025-06-19 18:28:26,800 - httpcore.http11 - DEBUG - receive_response_headers.complete return_value=(b'HTTP/1.1', 200, b'OK', [(b'Server', b'nginx/1.18.0'), (b'Date', b'Thu, 19 Jun 2025 17:28:27 GMT'), (b'Content-Type', b'application/json'), (b'Content-Length', b'23'), (b'Connection', b'keep-alive'), (b'Strict-Transport-Security', b'max-age=31536000; includeSubDomains; preload'), (b'Access-Control-Allow-Origin', b'*'), (b'Access-Control-Allow-Methods', b'GET, POST, OPTIONS'), (b'Access-Control-Expose-Headers', b'Content-Length,Content-Type,Date,Server,Connection')])
2025-06-19 18:28:26,802 - httpx - INFO - HTTP Request: POST https://api.telegram.org/bot7707158318:AAE8rWa4Q8Z_3avql6K0HAmXaooZAReoNF0/getUpdates "HTTP/1.1 200 OK"
2025-06-19 18:28:26,803 - httpcore.http11 - DEBUG - receive_response_body.started request=<Request [b'POST']>
2025-06-19 18:28:26,804 - httpcore.http11 - DEBUG - receive_response_body.complete
2025-06-19 18:28:26,804 - httpcore.http11 - DEBUG - response_closed.started
2025-06-19 18:28:26,804 - httpcore.http11 - DEBUG - response_closed.complete
2025-06-19 18:28:26,806 - telegram.ext.ExtBot - DEBUG - No new updates found.
2025-06-19 18:28:26,806 - telegram.ext.ExtBot - DEBUG - ()
2025-06-19 18:28:26,806 - telegram.ext.ExtBot - DEBUG - Exiting: get_updates
2025-06-19 18:28:26,808 - telegram.ext.ExtBot - DEBUG - Entering: get_updates
2025-06-19 18:28:26,810 - httpcore.http11 - DEBUG - send_request_headers.started request=<Request [b'POST']>
2025-06-19 18:28:26,814 - httpcore.http11 - DEBUG - send_request_headers.complete
2025-06-19 18:28:26,815 - httpcore.http11 - DEBUG - send_request_body.started request=<Request [b'POST']>
2025-06-19 18:28:26,817 - httpcore.http11 - DEBUG - send_request_body.complete
2025-06-19 18:28:26,817 - httpcore.http11 - DEBUG - receive_response_headers.started request=<Request [b'POST']>
2025-06-19 18:28:36,888 - httpcore.http11 - DEBUG - receive_response_headers.complete return_value=(b'HTTP/1.1', 200, b'OK', [(b'Server', b'nginx/1.18.0'), (b'Date', b'Thu, 19 Jun 2025 17:28:38 GMT'), (b'Content-Type', b'application/json'), (b'Content-Length', b'23'), (b'Connection', b'keep-alive'), (b'Strict-Transport-Security', b'max-age=31536000; includeSubDomains; preload'), (b'Access-Control-Allow-Origin', b'*'), (b'Access-Control-Allow-Methods', b'GET, POST, OPTIONS'), (b'Access-Control-Expose-Headers', b'Content-Length,Content-Type,Date,Server,Connection')])
2025-06-19 18:28:36,891 - httpx - INFO - HTTP Request: POST https://api.telegram.org/bot7707158318:AAE8rWa4Q8Z_3avql6K0HAmXaooZAReoNF0/getUpdates "HTTP/1.1 200 OK"
2025-06-19 18:28:36,980 - httpcore.http11 - DEBUG - receive_response_body.started request=<Request [b'POST']>
2025-06-19 18:28:36,981 - httpcore.http11 - DEBUG - receive_response_body.complete
2025-06-19 18:28:36,982 - httpcore.http11 - DEBUG - response_closed.started
2025-06-19 18:28:36,982 - httpcore.http11 - DEBUG - response_closed.complete
2025-06-19 18:28:37,086 - telegram.ext.ExtBot - DEBUG - No new updates found.
2025-06-19 18:28:37,086 - telegram.ext.ExtBot - DEBUG - ()
2025-06-19 18:28:37,087 - telegram.ext.ExtBot - DEBUG - Exiting: get_updates
2025-06-19 18:28:37,087 - telegram.ext.ExtBot - DEBUG - Entering: get_updates
2025-06-19 18:28:37,109 - httpcore.http11 - DEBUG - send_request_headers.started request=<Request [b'POST']>
2025-06-19 18:28:37,115 - httpcore.http11 - DEBUG - send_request_headers.complete
2025-06-19 18:28:37,116 - httpcore.http11 - DEBUG - send_request_body.started request=<Request [b'POST']>
2025-06-19 18:28:37,118 - httpcore.http11 - DEBUG - send_request_body.complete
2025-06-19 18:28:37,118 - httpcore.http11 - DEBUG - receive_response_headers.started request=<Request [b'POST']>
2025-06-19 18:28:47,261 - httpcore.http11 - DEBUG - receive_response_headers.complete return_value=(b'HTTP/1.1', 200, b'OK', [(b'Server', b'nginx/1.18.0'), (b'Date', b'Thu, 19 Jun 2025 17:28:48 GMT'), (b'Content-Type', b'application/json'), (b'Content-Length', b'23'), (b'Connection', b'keep-alive'), (b'Strict-Transport-Security', b'max-age=31536000; includeSubDomains; preload'), (b'Access-Control-Allow-Origin', b'*'), (b'Access-Control-Allow-Methods', b'GET, POST, OPTIONS'), (b'Access-Control-Expose-Headers', b'Content-Length,Content-Type,Date,Server,Connection')])
2025-06-19 18:28:47,264 - httpx - INFO - HTTP Request: POST https://api.telegram.org/bot7707158318:AAE8rWa4Q8Z_3avql6K0HAmXaooZAReoNF0/getUpdates "HTTP/1.1 200 OK"
2025-06-19 18:28:47,265 - httpcore.http11 - DEBUG - receive_response_body.started request=<Request [b'POST']>
2025-06-19 18:28:47,268 - httpcore.http11 - DEBUG - receive_response_body.complete
2025-06-19 18:28:47,268 - httpcore.http11 - DEBUG - response_closed.started
2025-06-19 18:28:47,269 - httpcore.http11 - DEBUG - response_closed.complete
2025-06-19 18:28:47,271 - telegram.ext.ExtBot - DEBUG - No new updates found.
2025-06-19 18:28:47,271 - telegram.ext.ExtBot - DEBUG - ()
2025-06-19 18:28:47,272 - telegram.ext.ExtBot - DEBUG - Exiting: get_updates
2025-06-19 18:28:47,272 - telegram.ext.ExtBot - DEBUG - Entering: get_updates
2025-06-19 18:28:47,274 - httpcore.http11 - DEBUG - send_request_headers.started request=<Request [b'POST']>
2025-06-19 18:28:47,277 - httpcore.http11 - DEBUG - send_request_headers.complete
2025-06-19 18:28:47,277 - httpcore.http11 - DEBUG - send_request_body.started request=<Request [b'POST']>
2025-06-19 18:28:47,277 - httpcore.http11 - DEBUG - send_request_body.complete
2025-06-19 18:28:47,279 - httpcore.http11 - DEBUG - receive_response_headers.started request=<Request [b'POST']>
2025-06-19 18:28:57,429 - httpcore.http11 - DEBUG - receive_response_headers.complete return_value=(b'HTTP/1.1', 200, b'OK', [(b'Server', b'nginx/1.18.0'), (b'Date', b'Thu, 19 Jun 2025 17:28:58 GMT'), (b'Content-Type', b'application/json'), (b'Content-Length', b'23'), (b'Connection', b'keep-alive'), (b'Strict-Transport-Security', b'max-age=31536000; includeSubDomains; preload'), (b'Access-Control-Allow-Origin', b'*'), (b'Access-Control-Allow-Methods', b'GET, POST, OPTIONS'), (b'Access-Control-Expose-Headers', b'Content-Length,Content-Type,Date,Server,Connection')])
2025-06-19 18:28:57,431 - httpx - INFO - HTTP Request: POST https://api.telegram.org/bot7707158318:AAE8rWa4Q8Z_3avql6K0HAmXaooZAReoNF0/getUpdates "HTTP/1.1 200 OK"
2025-06-19 18:28:57,433 - httpcore.http11 - DEBUG - receive_response_body.started request=<Request [b'POST']>
2025-06-19 18:28:57,435 - httpcore.http11 - DEBUG - receive_response_body.complete
2025-06-19 18:28:57,435 - httpcore.http11 - DEBUG - response_closed.started
2025-06-19 18:28:57,437 - httpcore.http11 - DEBUG - response_closed.complete
2025-06-19 18:28:57,438 - telegram.ext.ExtBot - DEBUG - No new updates found.
2025-06-19 18:28:57,438 - telegram.ext.ExtBot - DEBUG - ()
2025-06-19 18:28:57,438 - telegram.ext.ExtBot - DEBUG - Exiting: get_updates
2025-06-19 18:28:57,440 - telegram.ext.ExtBot - DEBUG - Entering: get_updates
2025-06-19 18:28:57,455 - httpcore.http11 - DEBUG - send_request_headers.started request=<Request [b'POST']>
2025-06-19 18:28:57,460 - httpcore.http11 - DEBUG - send_request_headers.complete
2025-06-19 18:28:57,461 - httpcore.http11 - DEBUG - send_request_body.started request=<Request [b'POST']>
2025-06-19 18:28:57,463 - httpcore.http11 - DEBUG - send_request_body.complete
2025-06-19 18:28:57,465 - httpcore.http11 - DEBUG - receive_response_headers.started request=<Request [b'POST']>
2025-06-19 18:29:07,627 - httpcore.http11 - DEBUG - receive_response_headers.complete return_value=(b'HTTP/1.1', 200, b'OK', [(b'Server', b'nginx/1.18.0'), (b'Date', b'Thu, 19 Jun 2025 17:29:08 GMT'), (b'Content-Type', b'application/json'), (b'Content-Length', b'23'), (b'Connection', b'keep-alive'), (b'Strict-Transport-Security', b'max-age=31536000; includeSubDomains; preload'), (b'Access-Control-Allow-Origin', b'*'), (b'Access-Control-Allow-Methods', b'GET, POST, OPTIONS'), (b'Access-Control-Expose-Headers', b'Content-Length,Content-Type,Date,Server,Connection')])
2025-06-19 18:29:07,631 - httpx - INFO - HTTP Request: POST https://api.telegram.org/bot7707158318:AAE8rWa4Q8Z_3avql6K0HAmXaooZAReoNF0/getUpdates "HTTP/1.1 200 OK"
2025-06-19 18:29:07,631 - httpcore.http11 - DEBUG - receive_response_body.started request=<Request [b'POST']>
2025-06-19 18:29:07,633 - httpcore.http11 - DEBUG - receive_response_body.complete
2025-06-19 18:29:07,634 - httpcore.http11 - DEBUG - response_closed.started
2025-06-19 18:29:07,635 - httpcore.http11 - DEBUG - response_closed.complete
2025-06-19 18:29:07,636 - telegram.ext.ExtBot - DEBUG - No new updates found.
2025-06-19 18:29:07,637 - telegram.ext.ExtBot - DEBUG - ()
2025-06-19 18:29:07,639 - telegram.ext.ExtBot - DEBUG - Exiting: get_updates
2025-06-19 18:29:07,641 - telegram.ext.ExtBot - DEBUG - Entering: get_updates
2025-06-19 18:29:07,647 - httpcore.http11 - DEBUG - send_request_headers.started request=<Request [b'POST']>
2025-06-19 18:29:07,650 - httpcore.http11 - DEBUG - send_request_headers.complete
2025-06-19 18:29:07,650 - httpcore.http11 - DEBUG - send_request_body.started request=<Request [b'POST']>
2025-06-19 18:29:07,650 - httpcore.http11 - DEBUG - send_request_body.complete
2025-06-19 18:29:07,654 - httpcore.http11 - DEBUG - receive_response_headers.started request=<Request [b'POST']>
2025-06-19 18:29:17,757 - httpcore.http11 - DEBUG - receive_response_headers.complete return_value=(b'HTTP/1.1', 200, b'OK', [(b'Server', b'nginx/1.18.0'), (b'Date', b'Thu, 19 Jun 2025 17:29:18 GMT'), (b'Content-Type', b'application/json'), (b'Content-Length', b'23'), (b'Connection', b'keep-alive'), (b'Strict-Transport-Security', b'max-age=31536000; includeSubDomains; preload'), (b'Access-Control-Allow-Origin', b'*'), (b'Access-Control-Allow-Methods', b'GET, POST, OPTIONS'), (b'Access-Control-Expose-Headers', b'Content-Length,Content-Type,Date,Server,Connection')])
2025-06-19 18:29:17,759 - httpx - INFO - HTTP Request: POST https://api.telegram.org/bot7707158318:AAE8rWa4Q8Z_3avql6K0HAmXaooZAReoNF0/getUpdates "HTTP/1.1 200 OK"
2025-06-19 18:29:17,760 - httpcore.http11 - DEBUG - receive_response_body.started request=<Request [b'POST']>
2025-06-19 18:29:17,762 - httpcore.http11 - DEBUG - receive_response_body.complete
2025-06-19 18:29:17,762 - httpcore.http11 - DEBUG - response_closed.started
2025-06-19 18:29:17,763 - httpcore.http11 - DEBUG - response_closed.complete
2025-06-19 18:29:17,764 - telegram.ext.ExtBot - DEBUG - No new updates found.
2025-06-19 18:29:17,765 - telegram.ext.ExtBot - DEBUG - ()
2025-06-19 18:29:17,765 - telegram.ext.ExtBot - DEBUG - Exiting: get_updates
2025-06-19 18:29:17,765 - telegram.ext.ExtBot - DEBUG - Entering: get_updates
2025-06-19 18:29:17,771 - httpcore.http11 - DEBUG - send_request_headers.started request=<Request [b'POST']>
2025-06-19 18:29:17,773 - httpcore.http11 - DEBUG - send_request_headers.complete
2025-06-19 18:29:17,774 - httpcore.http11 - DEBUG - send_request_body.started request=<Request [b'POST']>
2025-06-19 18:29:17,775 - httpcore.http11 - DEBUG - send_request_body.complete
2025-06-19 18:29:17,775 - httpcore.http11 - DEBUG - receive_response_headers.started request=<Request [b'POST']>
2025-06-19 18:29:27,862 - httpcore.http11 - DEBUG - receive_response_headers.complete return_value=(b'HTTP/1.1', 200, b'OK', [(b'Server', b'nginx/1.18.0'), (b'Date', b'Thu, 19 Jun 2025 17:29:28 GMT'), (b'Content-Type', b'application/json'), (b'Content-Length', b'23'), (b'Connection', b'keep-alive'), (b'Strict-Transport-Security', b'max-age=31536000; includeSubDomains; preload'), (b'Access-Control-Allow-Origin', b'*'), (b'Access-Control-Allow-Methods', b'GET, POST, OPTIONS'), (b'Access-Control-Expose-Headers', b'Content-Length,Content-Type,Date,Server,Connection')])
2025-06-19 18:29:27,864 - httpx - INFO - HTTP Request: POST https://api.telegram.org/bot7707158318:AAE8rWa4Q8Z_3avql6K0HAmXaooZAReoNF0/getUpdates "HTTP/1.1 200 OK"
2025-06-19 18:29:27,867 - httpcore.http11 - DEBUG - receive_response_body.started request=<Request [b'POST']>
2025-06-19 18:29:27,867 - httpcore.http11 - DEBUG - receive_response_body.complete
2025-06-19 18:29:27,868 - httpcore.http11 - DEBUG - response_closed.started
2025-06-19 18:29:27,868 - httpcore.http11 - DEBUG - response_closed.complete
2025-06-19 18:29:27,869 - telegram.ext.ExtBot - DEBUG - No new updates found.
2025-06-19 18:29:27,869 - telegram.ext.ExtBot - DEBUG - ()
2025-06-19 18:29:27,870 - telegram.ext.ExtBot - DEBUG - Exiting: get_updates
2025-06-19 18:29:27,870 - telegram.ext.ExtBot - DEBUG - Entering: get_updates
2025-06-19 18:29:27,875 - httpcore.http11 - DEBUG - send_request_headers.started request=<Request [b'POST']>
2025-06-19 18:29:27,876 - httpcore.http11 - DEBUG - send_request_headers.complete
2025-06-19 18:29:27,877 - httpcore.http11 - DEBUG - send_request_body.started request=<Request [b'POST']>
2025-06-19 18:29:27,878 - httpcore.http11 - DEBUG - send_request_body.complete
2025-06-19 18:29:27,878 - httpcore.http11 - DEBUG - receive_response_headers.started request=<Request [b'POST']>
2025-06-19 18:29:37,963 - httpcore.http11 - DEBUG - receive_response_headers.complete return_value=(b'HTTP/1.1', 200, b'OK', [(b'Server', b'nginx/1.18.0'), (b'Date', b'Thu, 19 Jun 2025 17:29:39 GMT'), (b'Content-Type', b'application/json'), (b'Content-Length', b'23'), (b'Connection', b'keep-alive'), (b'Strict-Transport-Security', b'max-age=31536000; includeSubDomains; preload'), (b'Access-Control-Allow-Origin', b'*'), (b'Access-Control-Allow-Methods', b'GET, POST, OPTIONS'), (b'Access-Control-Expose-Headers', b'Content-Length,Content-Type,Date,Server,Connection')])
2025-06-19 18:29:37,963 - httpx - INFO - HTTP Request: POST https://api.telegram.org/bot7707158318:AAE8rWa4Q8Z_3avql6K0HAmXaooZAReoNF0/getUpdates "HTTP/1.1 200 OK"
2025-06-19 18:29:37,967 - httpcore.http11 - DEBUG - receive_response_body.started request=<Request [b'POST']>
2025-06-19 18:29:37,967 - httpcore.http11 - DEBUG - receive_response_body.complete
2025-06-19 18:29:37,967 - httpcore.http11 - DEBUG - response_closed.started
2025-06-19 18:29:37,970 - httpcore.http11 - DEBUG - response_closed.complete
2025-06-19 18:29:37,971 - telegram.ext.ExtBot - DEBUG - No new updates found.
2025-06-19 18:29:37,972 - telegram.ext.ExtBot - DEBUG - ()
2025-06-19 18:29:37,972 - telegram.ext.ExtBot - DEBUG - Exiting: get_updates
2025-06-19 18:29:37,972 - telegram.ext.ExtBot - DEBUG - Entering: get_updates
2025-06-19 18:29:37,977 - httpcore.http11 - DEBUG - send_request_headers.started request=<Request [b'POST']>
2025-06-19 18:29:37,979 - httpcore.http11 - DEBUG - send_request_headers.complete
2025-06-19 18:29:37,979 - httpcore.http11 - DEBUG - send_request_body.started request=<Request [b'POST']>
2025-06-19 18:29:37,980 - httpcore.http11 - DEBUG - send_request_body.complete
2025-06-19 18:29:37,980 - httpcore.http11 - DEBUG - receive_response_headers.started request=<Request [b'POST']>
2025-06-19 18:29:48,108 - httpcore.http11 - DEBUG - receive_response_headers.complete return_value=(b'HTTP/1.1', 200, b'OK', [(b'Server', b'nginx/1.18.0'), (b'Date', b'Thu, 19 Jun 2025 17:29:49 GMT'), (b'Content-Type', b'application/json'), (b'Content-Length', b'23'), (b'Connection', b'keep-alive'), (b'Strict-Transport-Security', b'max-age=31536000; includeSubDomains; preload'), (b'Access-Control-Allow-Origin', b'*'), (b'Access-Control-Allow-Methods', b'GET, POST, OPTIONS'), (b'Access-Control-Expose-Headers', b'Content-Length,Content-Type,Date,Server,Connection')])
2025-06-19 18:29:48,110 - httpx - INFO - HTTP Request: POST https://api.telegram.org/bot7707158318:AAE8rWa4Q8Z_3avql6K0HAmXaooZAReoNF0/getUpdates "HTTP/1.1 200 OK"
2025-06-19 18:29:48,110 - httpcore.http11 - DEBUG - receive_response_body.started request=<Request [b'POST']>
2025-06-19 18:29:48,110 - httpcore.http11 - DEBUG - receive_response_body.complete
2025-06-19 18:29:48,110 - httpcore.http11 - DEBUG - response_closed.started
2025-06-19 18:29:48,110 - httpcore.http11 - DEBUG - response_closed.complete
2025-06-19 18:29:48,114 - telegram.ext.ExtBot - DEBUG - No new updates found.
2025-06-19 18:29:48,114 - telegram.ext.ExtBot - DEBUG - ()
2025-06-19 18:29:48,114 - telegram.ext.ExtBot - DEBUG - Exiting: get_updates
2025-06-19 18:29:48,114 - telegram.ext.ExtBot - DEBUG - Entering: get_updates
2025-06-19 18:29:48,118 - httpcore.http11 - DEBUG - send_request_headers.started request=<Request [b'POST']>
2025-06-19 18:29:48,120 - httpcore.http11 - DEBUG - send_request_headers.complete
2025-06-19 18:29:48,121 - httpcore.http11 - DEBUG - send_request_body.started request=<Request [b'POST']>
2025-06-19 18:29:48,123 - httpcore.http11 - DEBUG - send_request_body.complete
2025-06-19 18:29:48,124 - httpcore.http11 - DEBUG - receive_response_headers.started request=<Request [b'POST']>
2025-06-19 18:29:58,216 - httpcore.http11 - DEBUG - receive_response_headers.complete return_value=(b'HTTP/1.1', 200, b'OK', [(b'Server', b'nginx/1.18.0'), (b'Date', b'Thu, 19 Jun 2025 17:29:59 GMT'), (b'Content-Type', b'application/json'), (b'Content-Length', b'23'), (b'Connection', b'keep-alive'), (b'Strict-Transport-Security', b'max-age=31536000; includeSubDomains; preload'), (b'Access-Control-Allow-Origin', b'*'), (b'Access-Control-Allow-Methods', b'GET, POST, OPTIONS'), (b'Access-Control-Expose-Headers', b'Content-Length,Content-Type,Date,Server,Connection')])
2025-06-19 18:29:58,219 - httpx - INFO - HTTP Request: POST https://api.telegram.org/bot7707158318:AAE8rWa4Q8Z_3avql6K0HAmXaooZAReoNF0/getUpdates "HTTP/1.1 200 OK"
2025-06-19 18:29:58,221 - httpcore.http11 - DEBUG - receive_response_body.started request=<Request [b'POST']>
2025-06-19 18:29:58,221 - httpcore.http11 - DEBUG - receive_response_body.complete
2025-06-19 18:29:58,221 - httpcore.http11 - DEBUG - response_closed.started
2025-06-19 18:29:58,221 - httpcore.http11 - DEBUG - response_closed.complete
2025-06-19 18:29:58,221 - telegram.ext.ExtBot - DEBUG - No new updates found.
2025-06-19 18:29:58,221 - telegram.ext.ExtBot - DEBUG - ()
2025-06-19 18:29:58,221 - telegram.ext.ExtBot - DEBUG - Exiting: get_updates
2025-06-19 18:29:58,221 - telegram.ext.ExtBot - DEBUG - Entering: get_updates
2025-06-19 18:29:58,260 - httpcore.http11 - DEBUG - send_request_headers.started request=<Request [b'POST']>
2025-06-19 18:29:58,291 - httpcore.http11 - DEBUG - send_request_headers.complete
2025-06-19 18:29:58,291 - httpcore.http11 - DEBUG - send_request_body.started request=<Request [b'POST']>
2025-06-19 18:29:58,293 - httpcore.http11 - DEBUG - send_request_body.complete
2025-06-19 18:29:58,293 - httpcore.http11 - DEBUG - receive_response_headers.started request=<Request [b'POST']>
2025-06-19 18:30:08,381 - httpcore.http11 - DEBUG - receive_response_headers.complete return_value=(b'HTTP/1.1', 200, b'OK', [(b'Server', b'nginx/1.18.0'), (b'Date', b'Thu, 19 Jun 2025 17:30:09 GMT'), (b'Content-Type', b'application/json'), (b'Content-Length', b'23'), (b'Connection', b'keep-alive'), (b'Strict-Transport-Security', b'max-age=31536000; includeSubDomains; preload'), (b'Access-Control-Allow-Origin', b'*'), (b'Access-Control-Allow-Methods', b'GET, POST, OPTIONS'), (b'Access-Control-Expose-Headers', b'Content-Length,Content-Type,Date,Server,Connection')])
2025-06-19 18:30:08,392 - httpx - INFO - HTTP Request: POST https://api.telegram.org/bot7707158318:AAE8rWa4Q8Z_3avql6K0HAmXaooZAReoNF0/getUpdates "HTTP/1.1 200 OK"
2025-06-19 18:30:08,461 - httpcore.http11 - DEBUG - receive_response_body.started request=<Request [b'POST']>
2025-06-19 18:30:08,461 - httpcore.http11 - DEBUG - receive_response_body.complete
2025-06-19 18:30:08,461 - httpcore.http11 - DEBUG - response_closed.started
2025-06-19 18:30:08,503 - httpcore.http11 - DEBUG - response_closed.complete
2025-06-19 18:30:08,506 - telegram.ext.ExtBot - DEBUG - No new updates found.
2025-06-19 18:30:08,506 - telegram.ext.ExtBot - DEBUG - ()
2025-06-19 18:30:08,506 - telegram.ext.ExtBot - DEBUG - Exiting: get_updates
2025-06-19 18:30:08,506 - telegram.ext.ExtBot - DEBUG - Entering: get_updates
2025-06-19 18:30:08,531 - httpcore.http11 - DEBUG - send_request_headers.started request=<Request [b'POST']>
2025-06-19 18:30:08,533 - httpcore.http11 - DEBUG - send_request_headers.complete
2025-06-19 18:30:08,537 - httpcore.http11 - DEBUG - send_request_body.started request=<Request [b'POST']>
2025-06-19 18:30:08,537 - httpcore.http11 - DEBUG - send_request_body.complete
2025-06-19 18:30:08,539 - httpcore.http11 - DEBUG - receive_response_headers.started request=<Request [b'POST']>
2025-06-19 18:30:18,630 - httpcore.http11 - DEBUG - receive_response_headers.complete return_value=(b'HTTP/1.1', 200, b'OK', [(b'Server', b'nginx/1.18.0'), (b'Date', b'Thu, 19 Jun 2025 17:30:19 GMT'), (b'Content-Type', b'application/json'), (b'Content-Length', b'23'), (b'Connection', b'keep-alive'), (b'Strict-Transport-Security', b'max-age=31536000; includeSubDomains; preload'), (b'Access-Control-Allow-Origin', b'*'), (b'Access-Control-Allow-Methods', b'GET, POST, OPTIONS'), (b'Access-Control-Expose-Headers', b'Content-Length,Content-Type,Date,Server,Connection')])
2025-06-19 18:30:18,630 - httpx - INFO - HTTP Request: POST https://api.telegram.org/bot7707158318:AAE8rWa4Q8Z_3avql6K0HAmXaooZAReoNF0/getUpdates "HTTP/1.1 200 OK"
2025-06-19 18:30:18,641 - httpcore.http11 - DEBUG - receive_response_body.started request=<Request [b'POST']>
2025-06-19 18:30:18,641 - httpcore.http11 - DEBUG - receive_response_body.complete
2025-06-19 18:30:18,641 - httpcore.http11 - DEBUG - response_closed.started
2025-06-19 18:30:18,643 - httpcore.http11 - DEBUG - response_closed.complete
2025-06-19 18:30:18,643 - telegram.ext.ExtBot - DEBUG - No new updates found.
2025-06-19 18:30:18,645 - telegram.ext.ExtBot - DEBUG - ()
2025-06-19 18:30:18,645 - telegram.ext.ExtBot - DEBUG - Exiting: get_updates
2025-06-19 18:30:18,645 - telegram.ext.ExtBot - DEBUG - Entering: get_updates
2025-06-19 18:30:18,648 - httpcore.http11 - DEBUG - send_request_headers.started request=<Request [b'POST']>
2025-06-19 18:30:18,650 - httpcore.http11 - DEBUG - send_request_headers.complete
2025-06-19 18:30:18,650 - httpcore.http11 - DEBUG - send_request_body.started request=<Request [b'POST']>
2025-06-19 18:30:18,653 - httpcore.http11 - DEBUG - send_request_body.complete
2025-06-19 18:30:18,653 - httpcore.http11 - DEBUG - receive_response_headers.started request=<Request [b'POST']>
2025-06-19 18:30:28,741 - httpcore.http11 - DEBUG - receive_response_headers.complete return_value=(b'HTTP/1.1', 200, b'OK', [(b'Server', b'nginx/1.18.0'), (b'Date', b'Thu, 19 Jun 2025 17:30:29 GMT'), (b'Content-Type', b'application/json'), (b'Content-Length', b'23'), (b'Connection', b'keep-alive'), (b'Strict-Transport-Security', b'max-age=31536000; includeSubDomains; preload'), (b'Access-Control-Allow-Origin', b'*'), (b'Access-Control-Allow-Methods', b'GET, POST, OPTIONS'), (b'Access-Control-Expose-Headers', b'Content-Length,Content-Type,Date,Server,Connection')])
2025-06-19 18:30:28,741 - httpx - INFO - HTTP Request: POST https://api.telegram.org/bot7707158318:AAE8rWa4Q8Z_3avql6K0HAmXaooZAReoNF0/getUpdates "HTTP/1.1 200 OK"
2025-06-19 18:30:28,743 - httpcore.http11 - DEBUG - receive_response_body.started request=<Request [b'POST']>
2025-06-19 18:30:28,744 - httpcore.http11 - DEBUG - receive_response_body.complete
2025-06-19 18:30:28,744 - httpcore.http11 - DEBUG - response_closed.started
2025-06-19 18:30:28,745 - httpcore.http11 - DEBUG - response_closed.complete
2025-06-19 18:30:28,745 - telegram.ext.ExtBot - DEBUG - No new updates found.
2025-06-19 18:30:28,745 - telegram.ext.ExtBot - DEBUG - ()
2025-06-19 18:30:28,745 - telegram.ext.ExtBot - DEBUG - Exiting: get_updates
2025-06-19 18:30:28,745 - telegram.ext.ExtBot - DEBUG - Entering: get_updates
2025-06-19 18:30:28,751 - httpcore.http11 - DEBUG - send_request_headers.started request=<Request [b'POST']>
2025-06-19 18:30:28,755 - httpcore.http11 - DEBUG - send_request_headers.complete
2025-06-19 18:30:28,755 - httpcore.http11 - DEBUG - send_request_body.started request=<Request [b'POST']>
2025-06-19 18:30:28,757 - httpcore.http11 - DEBUG - send_request_body.complete
2025-06-19 18:30:28,758 - httpcore.http11 - DEBUG - receive_response_headers.started request=<Request [b'POST']>
2025-06-19 18:30:38,830 - httpcore.http11 - DEBUG - receive_response_headers.complete return_value=(b'HTTP/1.1', 200, b'OK', [(b'Server', b'nginx/1.18.0'), (b'Date', b'Thu, 19 Jun 2025 17:30:39 GMT'), (b'Content-Type', b'application/json'), (b'Content-Length', b'23'), (b'Connection', b'keep-alive'), (b'Strict-Transport-Security', b'max-age=31536000; includeSubDomains; preload'), (b'Access-Control-Allow-Origin', b'*'), (b'Access-Control-Allow-Methods', b'GET, POST, OPTIONS'), (b'Access-Control-Expose-Headers', b'Content-Length,Content-Type,Date,Server,Connection')])
2025-06-19 18:30:38,835 - httpx - INFO - HTTP Request: POST https://api.telegram.org/bot7707158318:AAE8rWa4Q8Z_3avql6K0HAmXaooZAReoNF0/getUpdates "HTTP/1.1 200 OK"
2025-06-19 18:30:38,870 - httpcore.http11 - DEBUG - receive_response_body.started request=<Request [b'POST']>
2025-06-19 18:30:38,871 - httpcore.http11 - DEBUG - receive_response_body.complete
2025-06-19 18:30:38,882 - httpcore.http11 - DEBUG - response_closed.started
2025-06-19 18:30:38,883 - httpcore.http11 - DEBUG - response_closed.complete
2025-06-19 18:30:38,884 - telegram.ext.ExtBot - DEBUG - No new updates found.
2025-06-19 18:30:38,884 - telegram.ext.ExtBot - DEBUG - ()
2025-06-19 18:30:38,885 - telegram.ext.ExtBot - DEBUG - Exiting: get_updates
2025-06-19 18:30:38,887 - telegram.ext.ExtBot - DEBUG - Entering: get_updates
2025-06-19 18:30:38,903 - httpcore.http11 - DEBUG - send_request_headers.started request=<Request [b'POST']>
2025-06-19 18:30:38,909 - httpcore.http11 - DEBUG - send_request_headers.complete
2025-06-19 18:30:38,909 - httpcore.http11 - DEBUG - send_request_body.started request=<Request [b'POST']>
2025-06-19 18:30:39,021 - httpcore.http11 - DEBUG - send_request_body.complete
2025-06-19 18:30:39,021 - httpcore.http11 - DEBUG - receive_response_headers.started request=<Request [b'POST']>
2025-06-19 18:30:49,206 - httpcore.http11 - DEBUG - receive_response_headers.complete return_value=(b'HTTP/1.1', 200, b'OK', [(b'Server', b'nginx/1.18.0'), (b'Date', b'Thu, 19 Jun 2025 17:30:50 GMT'), (b'Content-Type', b'application/json'), (b'Content-Length', b'23'), (b'Connection', b'keep-alive'), (b'Strict-Transport-Security', b'max-age=31536000; includeSubDomains; preload'), (b'Access-Control-Allow-Origin', b'*'), (b'Access-Control-Allow-Methods', b'GET, POST, OPTIONS'), (b'Access-Control-Expose-Headers', b'Content-Length,Content-Type,Date,Server,Connection')])
2025-06-19 18:30:49,207 - httpx - INFO - HTTP Request: POST https://api.telegram.org/bot7707158318:AAE8rWa4Q8Z_3avql6K0HAmXaooZAReoNF0/getUpdates "HTTP/1.1 200 OK"
2025-06-19 18:30:49,209 - httpcore.http11 - DEBUG - receive_response_body.started request=<Request [b'POST']>
2025-06-19 18:30:49,209 - httpcore.http11 - DEBUG - receive_response_body.complete
2025-06-19 18:30:49,209 - httpcore.http11 - DEBUG - response_closed.started
2025-06-19 18:30:49,211 - httpcore.http11 - DEBUG - response_closed.complete
2025-06-19 18:30:49,211 - telegram.ext.ExtBot - DEBUG - No new updates found.
2025-06-19 18:30:49,212 - telegram.ext.ExtBot - DEBUG - ()
2025-06-19 18:30:49,212 - telegram.ext.ExtBot - DEBUG - Exiting: get_updates
2025-06-19 18:30:49,212 - telegram.ext.ExtBot - DEBUG - Entering: get_updates
2025-06-19 18:30:49,218 - httpcore.http11 - DEBUG - send_request_headers.started request=<Request [b'POST']>
2025-06-19 18:30:49,221 - httpcore.http11 - DEBUG - send_request_headers.complete
2025-06-19 18:30:49,221 - httpcore.http11 - DEBUG - send_request_body.started request=<Request [b'POST']>
2025-06-19 18:30:49,229 - httpcore.http11 - DEBUG - send_request_body.complete
2025-06-19 18:30:49,230 - httpcore.http11 - DEBUG - receive_response_headers.started request=<Request [b'POST']>
2025-06-19 18:30:59,338 - httpcore.http11 - DEBUG - receive_response_headers.complete return_value=(b'HTTP/1.1', 200, b'OK', [(b'Server', b'nginx/1.18.0'), (b'Date', b'Thu, 19 Jun 2025 17:31:00 GMT'), (b'Content-Type', b'application/json'), (b'Content-Length', b'23'), (b'Connection', b'keep-alive'), (b'Strict-Transport-Security', b'max-age=31536000; includeSubDomains; preload'), (b'Access-Control-Allow-Origin', b'*'), (b'Access-Control-Allow-Methods', b'GET, POST, OPTIONS'), (b'Access-Control-Expose-Headers', b'Content-Length,Content-Type,Date,Server,Connection')])
2025-06-19 18:30:59,340 - httpx - INFO - HTTP Request: POST https://api.telegram.org/bot7707158318:AAE8rWa4Q8Z_3avql6K0HAmXaooZAReoNF0/getUpdates "HTTP/1.1 200 OK"
2025-06-19 18:30:59,342 - httpcore.http11 - DEBUG - receive_response_body.started request=<Request [b'POST']>
2025-06-19 18:30:59,342 - httpcore.http11 - DEBUG - receive_response_body.complete
2025-06-19 18:30:59,342 - httpcore.http11 - DEBUG - response_closed.started
2025-06-19 18:30:59,342 - httpcore.http11 - DEBUG - response_closed.complete
2025-06-19 18:30:59,342 - telegram.ext.ExtBot - DEBUG - No new updates found.
2025-06-19 18:30:59,342 - telegram.ext.ExtBot - DEBUG - ()
2025-06-19 18:30:59,345 - telegram.ext.ExtBot - DEBUG - Exiting: get_updates
2025-06-19 18:30:59,345 - telegram.ext.ExtBot - DEBUG - Entering: get_updates
2025-06-19 18:30:59,345 - httpcore.http11 - DEBUG - send_request_headers.started request=<Request [b'POST']>
2025-06-19 18:30:59,348 - httpcore.http11 - DEBUG - send_request_headers.complete
2025-06-19 18:30:59,348 - httpcore.http11 - DEBUG - send_request_body.started request=<Request [b'POST']>
2025-06-19 18:30:59,353 - httpcore.http11 - DEBUG - send_request_body.complete
2025-06-19 18:30:59,353 - httpcore.http11 - DEBUG - receive_response_headers.started request=<Request [b'POST']>
2025-06-19 18:31:09,482 - httpcore.http11 - DEBUG - receive_response_headers.complete return_value=(b'HTTP/1.1', 200, b'OK', [(b'Server', b'nginx/1.18.0'), (b'Date', b'Thu, 19 Jun 2025 17:31:10 GMT'), (b'Content-Type', b'application/json'), (b'Content-Length', b'23'), (b'Connection', b'keep-alive'), (b'Strict-Transport-Security', b'max-age=31536000; includeSubDomains; preload'), (b'Access-Control-Allow-Origin', b'*'), (b'Access-Control-Allow-Methods', b'GET, POST, OPTIONS'), (b'Access-Control-Expose-Headers', b'Content-Length,Content-Type,Date,Server,Connection')])
2025-06-19 18:31:09,485 - httpx - INFO - HTTP Request: POST https://api.telegram.org/bot7707158318:AAE8rWa4Q8Z_3avql6K0HAmXaooZAReoNF0/getUpdates "HTTP/1.1 200 OK"
2025-06-19 18:31:09,594 - httpcore.http11 - DEBUG - receive_response_body.started request=<Request [b'POST']>
2025-06-19 18:31:09,612 - httpcore.http11 - DEBUG - receive_response_body.complete
2025-06-19 18:31:09,621 - httpcore.http11 - DEBUG - response_closed.started
2025-06-19 18:31:09,622 - httpcore.http11 - DEBUG - response_closed.complete
2025-06-19 18:31:09,623 - telegram.ext.ExtBot - DEBUG - No new updates found.
2025-06-19 18:31:09,624 - telegram.ext.ExtBot - DEBUG - ()
2025-06-19 18:31:09,624 - telegram.ext.ExtBot - DEBUG - Exiting: get_updates
2025-06-19 18:31:09,624 - telegram.ext.ExtBot - DEBUG - Entering: get_updates
2025-06-19 18:31:09,684 - httpcore.http11 - DEBUG - send_request_headers.started request=<Request [b'POST']>
2025-06-19 18:31:09,686 - httpcore.http11 - DEBUG - send_request_headers.complete
2025-06-19 18:31:09,701 - httpcore.http11 - DEBUG - send_request_body.started request=<Request [b'POST']>
2025-06-19 18:31:09,703 - httpcore.http11 - DEBUG - send_request_body.complete
2025-06-19 18:31:09,703 - httpcore.http11 - DEBUG - receive_response_headers.started request=<Request [b'POST']>
2025-06-19 18:31:20,035 - httpcore.http11 - DEBUG - receive_response_headers.complete return_value=(b'HTTP/1.1', 200, b'OK', [(b'Server', b'nginx/1.18.0'), (b'Date', b'Thu, 19 Jun 2025 17:31:20 GMT'), (b'Content-Type', b'application/json'), (b'Content-Length', b'23'), (b'Connection', b'close'), (b'Strict-Transport-Security', b'max-age=31536000; includeSubDomains; preload'), (b'Access-Control-Allow-Origin', b'*'), (b'Access-Control-Allow-Methods', b'GET, POST, OPTIONS'), (b'Access-Control-Expose-Headers', b'Content-Length,Content-Type,Date,Server,Connection')])
2025-06-19 18:31:20,035 - httpx - INFO - HTTP Request: POST https://api.telegram.org/bot7707158318:AAE8rWa4Q8Z_3avql6K0HAmXaooZAReoNF0/getUpdates "HTTP/1.1 200 OK"
2025-06-19 18:31:20,035 - httpcore.http11 - DEBUG - receive_response_body.started request=<Request [b'POST']>
2025-06-19 18:31:20,035 - httpcore.http11 - DEBUG - receive_response_body.complete
2025-06-19 18:31:20,035 - httpcore.http11 - DEBUG - response_closed.started
2025-06-19 18:31:20,101 - httpcore.http11 - DEBUG - response_closed.complete
2025-06-19 18:31:20,104 - telegram.ext.ExtBot - DEBUG - No new updates found.
2025-06-19 18:31:20,104 - telegram.ext.ExtBot - DEBUG - ()
2025-06-19 18:31:20,104 - telegram.ext.ExtBot - DEBUG - Exiting: get_updates
2025-06-19 18:31:20,104 - telegram.ext.ExtBot - DEBUG - Entering: get_updates
2025-06-19 18:31:20,121 - httpcore.connection - DEBUG - connect_tcp.started host='api.telegram.org' port=443 local_address=None timeout=5.0 socket_options=None
2025-06-19 18:31:20,236 - httpcore.connection - DEBUG - connect_tcp.complete return_value=<httpcore._backends.anyio.AnyIOStream object at 0x000002B0267D8A00>
2025-06-19 18:31:20,236 - httpcore.connection - DEBUG - start_tls.started ssl_context=<ssl.SSLContext object at 0x000002B025669C40> server_hostname='api.telegram.org' timeout=5.0
2025-06-19 18:31:20,338 - httpcore.connection - DEBUG - start_tls.complete return_value=<httpcore._backends.anyio.AnyIOStream object at 0x000002B0267D9E40>
2025-06-19 18:31:20,342 - httpcore.http11 - DEBUG - send_request_headers.started request=<Request [b'POST']>
2025-06-19 18:31:20,343 - httpcore.http11 - DEBUG - send_request_headers.complete
2025-06-19 18:31:20,343 - httpcore.http11 - DEBUG - send_request_body.started request=<Request [b'POST']>
2025-06-19 18:31:20,345 - httpcore.http11 - DEBUG - send_request_body.complete
2025-06-19 18:31:20,345 - httpcore.http11 - DEBUG - receive_response_headers.started request=<Request [b'POST']>
2025-06-19 18:31:30,822 - httpcore.http11 - DEBUG - receive_response_headers.complete return_value=(b'HTTP/1.1', 200, b'OK', [(b'Server', b'nginx/1.18.0'), (b'Date', b'Thu, 19 Jun 2025 17:31:31 GMT'), (b'Content-Type', b'application/json'), (b'Content-Length', b'23'), (b'Connection', b'keep-alive'), (b'Strict-Transport-Security', b'max-age=31536000; includeSubDomains; preload'), (b'Access-Control-Allow-Origin', b'*'), (b'Access-Control-Allow-Methods', b'GET, POST, OPTIONS'), (b'Access-Control-Expose-Headers', b'Content-Length,Content-Type,Date,Server,Connection')])
2025-06-19 18:31:30,826 - httpx - INFO - HTTP Request: POST https://api.telegram.org/bot7707158318:AAE8rWa4Q8Z_3avql6K0HAmXaooZAReoNF0/getUpdates "HTTP/1.1 200 OK"
2025-06-19 18:31:30,829 - httpcore.http11 - DEBUG - receive_response_body.started request=<Request [b'POST']>
2025-06-19 18:31:30,830 - httpcore.http11 - DEBUG - receive_response_body.complete
2025-06-19 18:31:30,831 - httpcore.http11 - DEBUG - response_closed.started
2025-06-19 18:31:30,831 - httpcore.http11 - DEBUG - response_closed.complete
2025-06-19 18:31:30,834 - telegram.ext.ExtBot - DEBUG - No new updates found.
2025-06-19 18:31:30,834 - telegram.ext.ExtBot - DEBUG - ()
2025-06-19 18:31:30,834 - telegram.ext.ExtBot - DEBUG - Exiting: get_updates
2025-06-19 18:31:30,837 - telegram.ext.ExtBot - DEBUG - Entering: get_updates
2025-06-19 18:31:30,850 - httpcore.http11 - DEBUG - send_request_headers.started request=<Request [b'POST']>
2025-06-19 18:31:30,852 - httpcore.http11 - DEBUG - send_request_headers.complete
2025-06-19 18:31:30,870 - httpcore.http11 - DEBUG - send_request_body.started request=<Request [b'POST']>
2025-06-19 18:31:30,912 - httpcore.http11 - DEBUG - send_request_body.complete
2025-06-19 18:31:30,913 - httpcore.http11 - DEBUG - receive_response_headers.started request=<Request [b'POST']>
2025-06-19 18:31:40,956 - httpcore.http11 - DEBUG - receive_response_headers.complete return_value=(b'HTTP/1.1', 200, b'OK', [(b'Server', b'nginx/1.18.0'), (b'Date', b'Thu, 19 Jun 2025 17:31:42 GMT'), (b'Content-Type', b'application/json'), (b'Content-Length', b'23'), (b'Connection', b'keep-alive'), (b'Strict-Transport-Security', b'max-age=31536000; includeSubDomains; preload'), (b'Access-Control-Allow-Origin', b'*'), (b'Access-Control-Allow-Methods', b'GET, POST, OPTIONS'), (b'Access-Control-Expose-Headers', b'Content-Length,Content-Type,Date,Server,Connection')])
2025-06-19 18:31:40,957 - httpx - INFO - HTTP Request: POST https://api.telegram.org/bot7707158318:AAE8rWa4Q8Z_3avql6K0HAmXaooZAReoNF0/getUpdates "HTTP/1.1 200 OK"
2025-06-19 18:31:40,959 - httpcore.http11 - DEBUG - receive_response_body.started request=<Request [b'POST']>
2025-06-19 18:31:40,960 - httpcore.http11 - DEBUG - receive_response_body.complete
2025-06-19 18:31:40,960 - httpcore.http11 - DEBUG - response_closed.started
2025-06-19 18:31:40,961 - httpcore.http11 - DEBUG - response_closed.complete
2025-06-19 18:31:40,962 - telegram.ext.ExtBot - DEBUG - No new updates found.
2025-06-19 18:31:40,962 - telegram.ext.ExtBot - DEBUG - ()
2025-06-19 18:31:40,963 - telegram.ext.ExtBot - DEBUG - Exiting: get_updates
2025-06-19 18:31:40,963 - telegram.ext.ExtBot - DEBUG - Entering: get_updates
2025-06-19 18:31:40,968 - httpcore.http11 - DEBUG - send_request_headers.started request=<Request [b'POST']>
2025-06-19 18:31:40,968 - httpcore.http11 - DEBUG - send_request_headers.complete
2025-06-19 18:31:40,968 - httpcore.http11 - DEBUG - send_request_body.started request=<Request [b'POST']>
2025-06-19 18:31:40,974 - httpcore.http11 - DEBUG - send_request_body.complete
2025-06-19 18:31:40,974 - httpcore.http11 - DEBUG - receive_response_headers.started request=<Request [b'POST']>
2025-06-19 18:31:51,160 - httpcore.http11 - DEBUG - receive_response_headers.complete return_value=(b'HTTP/1.1', 200, b'OK', [(b'Server', b'nginx/1.18.0'), (b'Date', b'Thu, 19 Jun 2025 17:31:52 GMT'), (b'Content-Type', b'application/json'), (b'Content-Length', b'23'), (b'Connection', b'keep-alive'), (b'Strict-Transport-Security', b'max-age=31536000; includeSubDomains; preload'), (b'Access-Control-Allow-Origin', b'*'), (b'Access-Control-Allow-Methods', b'GET, POST, OPTIONS'), (b'Access-Control-Expose-Headers', b'Content-Length,Content-Type,Date,Server,Connection')])
2025-06-19 18:31:51,161 - httpx - INFO - HTTP Request: POST https://api.telegram.org/bot7707158318:AAE8rWa4Q8Z_3avql6K0HAmXaooZAReoNF0/getUpdates "HTTP/1.1 200 OK"
2025-06-19 18:31:51,161 - httpcore.http11 - DEBUG - receive_response_body.started request=<Request [b'POST']>
2025-06-19 18:31:51,161 - httpcore.http11 - DEBUG - receive_response_body.complete
2025-06-19 18:31:51,164 - httpcore.http11 - DEBUG - response_closed.started
2025-06-19 18:31:51,164 - httpcore.http11 - DEBUG - response_closed.complete
2025-06-19 18:31:51,167 - telegram.ext.ExtBot - DEBUG - No new updates found.
2025-06-19 18:31:51,167 - telegram.ext.ExtBot - DEBUG - ()
2025-06-19 18:31:51,167 - telegram.ext.ExtBot - DEBUG - Exiting: get_updates
2025-06-19 18:31:51,167 - telegram.ext.ExtBot - DEBUG - Entering: get_updates
2025-06-19 18:31:51,169 - httpcore.http11 - DEBUG - send_request_headers.started request=<Request [b'POST']>
2025-06-19 18:31:51,172 - httpcore.http11 - DEBUG - send_request_headers.complete
2025-06-19 18:31:51,172 - httpcore.http11 - DEBUG - send_request_body.started request=<Request [b'POST']>
2025-06-19 18:31:51,175 - httpcore.http11 - DEBUG - send_request_body.complete
2025-06-19 18:31:51,175 - httpcore.http11 - DEBUG - receive_response_headers.started request=<Request [b'POST']>
2025-06-19 18:32:01,314 - httpcore.http11 - DEBUG - receive_response_headers.complete return_value=(b'HTTP/1.1', 200, b'OK', [(b'Server', b'nginx/1.18.0'), (b'Date', b'Thu, 19 Jun 2025 17:32:02 GMT'), (b'Content-Type', b'application/json'), (b'Content-Length', b'23'), (b'Connection', b'keep-alive'), (b'Strict-Transport-Security', b'max-age=31536000; includeSubDomains; preload'), (b'Access-Control-Allow-Origin', b'*'), (b'Access-Control-Allow-Methods', b'GET, POST, OPTIONS'), (b'Access-Control-Expose-Headers', b'Content-Length,Content-Type,Date,Server,Connection')])
2025-06-19 18:32:01,316 - httpx - INFO - HTTP Request: POST https://api.telegram.org/bot7707158318:AAE8rWa4Q8Z_3avql6K0HAmXaooZAReoNF0/getUpdates "HTTP/1.1 200 OK"
2025-06-19 18:32:01,318 - httpcore.http11 - DEBUG - receive_response_body.started request=<Request [b'POST']>
2025-06-19 18:32:01,318 - httpcore.http11 - DEBUG - receive_response_body.complete
2025-06-19 18:32:01,318 - httpcore.http11 - DEBUG - response_closed.started
2025-06-19 18:32:01,320 - httpcore.http11 - DEBUG - response_closed.complete
2025-06-19 18:32:01,321 - telegram.ext.ExtBot - DEBUG - No new updates found.
2025-06-19 18:32:01,321 - telegram.ext.ExtBot - DEBUG - ()
2025-06-19 18:32:01,322 - telegram.ext.ExtBot - DEBUG - Exiting: get_updates
2025-06-19 18:32:01,322 - telegram.ext.ExtBot - DEBUG - Entering: get_updates
2025-06-19 18:32:01,328 - httpcore.http11 - DEBUG - send_request_headers.started request=<Request [b'POST']>
2025-06-19 18:32:01,330 - httpcore.http11 - DEBUG - send_request_headers.complete
2025-06-19 18:32:01,330 - httpcore.http11 - DEBUG - send_request_body.started request=<Request [b'POST']>
2025-06-19 18:32:01,332 - httpcore.http11 - DEBUG - send_request_body.complete
2025-06-19 18:32:01,332 - httpcore.http11 - DEBUG - receive_response_headers.started request=<Request [b'POST']>
2025-06-19 18:32:11,536 - httpcore.http11 - DEBUG - receive_response_headers.complete return_value=(b'HTTP/1.1', 200, b'OK', [(b'Server', b'nginx/1.18.0'), (b'Date', b'Thu, 19 Jun 2025 17:32:12 GMT'), (b'Content-Type', b'application/json'), (b'Content-Length', b'23'), (b'Connection', b'keep-alive'), (b'Strict-Transport-Security', b'max-age=31536000; includeSubDomains; preload'), (b'Access-Control-Allow-Origin', b'*'), (b'Access-Control-Allow-Methods', b'GET, POST, OPTIONS'), (b'Access-Control-Expose-Headers', b'Content-Length,Content-Type,Date,Server,Connection')])
2025-06-19 18:32:11,537 - httpx - INFO - HTTP Request: POST https://api.telegram.org/bot7707158318:AAE8rWa4Q8Z_3avql6K0HAmXaooZAReoNF0/getUpdates "HTTP/1.1 200 OK"
2025-06-19 18:32:11,538 - httpcore.http11 - DEBUG - receive_response_body.started request=<Request [b'POST']>
2025-06-19 18:32:11,539 - httpcore.http11 - DEBUG - receive_response_body.complete
2025-06-19 18:32:11,539 - httpcore.http11 - DEBUG - response_closed.started
2025-06-19 18:32:11,539 - httpcore.http11 - DEBUG - response_closed.complete
2025-06-19 18:32:11,541 - telegram.ext.ExtBot - DEBUG - No new updates found.
2025-06-19 18:32:11,541 - telegram.ext.ExtBot - DEBUG - ()
2025-06-19 18:32:11,541 - telegram.ext.ExtBot - DEBUG - Exiting: get_updates
2025-06-19 18:32:11,543 - telegram.ext.ExtBot - DEBUG - Entering: get_updates
2025-06-19 18:32:11,546 - httpcore.http11 - DEBUG - send_request_headers.started request=<Request [b'POST']>
2025-06-19 18:32:11,546 - httpcore.http11 - DEBUG - send_request_headers.complete
2025-06-19 18:32:11,546 - httpcore.http11 - DEBUG - send_request_body.started request=<Request [b'POST']>
2025-06-19 18:32:11,550 - httpcore.http11 - DEBUG - send_request_body.complete
2025-06-19 18:32:11,550 - httpcore.http11 - DEBUG - receive_response_headers.started request=<Request [b'POST']>
2025-06-19 18:32:21,657 - httpcore.http11 - DEBUG - receive_response_headers.complete return_value=(b'HTTP/1.1', 200, b'OK', [(b'Server', b'nginx/1.18.0'), (b'Date', b'Thu, 19 Jun 2025 17:32:22 GMT'), (b'Content-Type', b'application/json'), (b'Content-Length', b'23'), (b'Connection', b'keep-alive'), (b'Strict-Transport-Security', b'max-age=31536000; includeSubDomains; preload'), (b'Access-Control-Allow-Origin', b'*'), (b'Access-Control-Allow-Methods', b'GET, POST, OPTIONS'), (b'Access-Control-Expose-Headers', b'Content-Length,Content-Type,Date,Server,Connection')])
2025-06-19 18:32:21,661 - httpx - INFO - HTTP Request: POST https://api.telegram.org/bot7707158318:AAE8rWa4Q8Z_3avql6K0HAmXaooZAReoNF0/getUpdates "HTTP/1.1 200 OK"
2025-06-19 18:32:21,663 - httpcore.http11 - DEBUG - receive_response_body.started request=<Request [b'POST']>
2025-06-19 18:32:21,665 - httpcore.http11 - DEBUG - receive_response_body.complete
2025-06-19 18:32:21,665 - httpcore.http11 - DEBUG - response_closed.started
2025-06-19 18:32:21,666 - httpcore.http11 - DEBUG - response_closed.complete
2025-06-19 18:32:21,669 - telegram.ext.ExtBot - DEBUG - No new updates found.
2025-06-19 18:32:21,669 - telegram.ext.ExtBot - DEBUG - ()
2025-06-19 18:32:21,669 - telegram.ext.ExtBot - DEBUG - Exiting: get_updates
2025-06-19 18:32:21,672 - telegram.ext.ExtBot - DEBUG - Entering: get_updates
2025-06-19 18:32:21,677 - httpcore.http11 - DEBUG - send_request_headers.started request=<Request [b'POST']>
2025-06-19 18:32:21,682 - httpcore.http11 - DEBUG - send_request_headers.complete
2025-06-19 18:32:21,683 - httpcore.http11 - DEBUG - send_request_body.started request=<Request [b'POST']>
2025-06-19 18:32:21,687 - httpcore.http11 - DEBUG - send_request_body.complete
2025-06-19 18:32:21,687 - httpcore.http11 - DEBUG - receive_response_headers.started request=<Request [b'POST']>
2025-06-19 18:32:31,811 - httpcore.http11 - DEBUG - receive_response_headers.complete return_value=(b'HTTP/1.1', 200, b'OK', [(b'Server', b'nginx/1.18.0'), (b'Date', b'Thu, 19 Jun 2025 17:32:32 GMT'), (b'Content-Type', b'application/json'), (b'Content-Length', b'23'), (b'Connection', b'keep-alive'), (b'Strict-Transport-Security', b'max-age=31536000; includeSubDomains; preload'), (b'Access-Control-Allow-Origin', b'*'), (b'Access-Control-Allow-Methods', b'GET, POST, OPTIONS'), (b'Access-Control-Expose-Headers', b'Content-Length,Content-Type,Date,Server,Connection')])
2025-06-19 18:32:31,811 - httpx - INFO - HTTP Request: POST https://api.telegram.org/bot7707158318:AAE8rWa4Q8Z_3avql6K0HAmXaooZAReoNF0/getUpdates "HTTP/1.1 200 OK"
2025-06-19 18:32:31,813 - httpcore.http11 - DEBUG - receive_response_body.started request=<Request [b'POST']>
2025-06-19 18:32:31,813 - httpcore.http11 - DEBUG - receive_response_body.complete
2025-06-19 18:32:31,813 - httpcore.http11 - DEBUG - response_closed.started
2025-06-19 18:32:31,815 - httpcore.http11 - DEBUG - response_closed.complete
2025-06-19 18:32:31,815 - telegram.ext.ExtBot - DEBUG - No new updates found.
2025-06-19 18:32:31,817 - telegram.ext.ExtBot - DEBUG - ()
2025-06-19 18:32:31,817 - telegram.ext.ExtBot - DEBUG - Exiting: get_updates
2025-06-19 18:32:31,818 - telegram.ext.ExtBot - DEBUG - Entering: get_updates
2025-06-19 18:32:31,820 - httpcore.http11 - DEBUG - send_request_headers.started request=<Request [b'POST']>
2025-06-19 18:32:31,822 - httpcore.http11 - DEBUG - send_request_headers.complete
2025-06-19 18:32:31,822 - httpcore.http11 - DEBUG - send_request_body.started request=<Request [b'POST']>
2025-06-19 18:32:31,822 - httpcore.http11 - DEBUG - send_request_body.complete
2025-06-19 18:32:31,822 - httpcore.http11 - DEBUG - receive_response_headers.started request=<Request [b'POST']>
2025-06-19 18:32:41,911 - httpcore.http11 - DEBUG - receive_response_headers.complete return_value=(b'HTTP/1.1', 200, b'OK', [(b'Server', b'nginx/1.18.0'), (b'Date', b'Thu, 19 Jun 2025 17:32:43 GMT'), (b'Content-Type', b'application/json'), (b'Content-Length', b'23'), (b'Connection', b'keep-alive'), (b'Strict-Transport-Security', b'max-age=31536000; includeSubDomains; preload'), (b'Access-Control-Allow-Origin', b'*'), (b'Access-Control-Allow-Methods', b'GET, POST, OPTIONS'), (b'Access-Control-Expose-Headers', b'Content-Length,Content-Type,Date,Server,Connection')])
2025-06-19 18:32:41,911 - httpx - INFO - HTTP Request: POST https://api.telegram.org/bot7707158318:AAE8rWa4Q8Z_3avql6K0HAmXaooZAReoNF0/getUpdates "HTTP/1.1 200 OK"
2025-06-19 18:32:41,911 - httpcore.http11 - DEBUG - receive_response_body.started request=<Request [b'POST']>
2025-06-19 18:32:41,911 - httpcore.http11 - DEBUG - receive_response_body.complete
2025-06-19 18:32:41,916 - httpcore.http11 - DEBUG - response_closed.started
2025-06-19 18:32:41,916 - httpcore.http11 - DEBUG - response_closed.complete
2025-06-19 18:32:41,917 - telegram.ext.ExtBot - DEBUG - No new updates found.
2025-06-19 18:32:41,917 - telegram.ext.ExtBot - DEBUG - ()
2025-06-19 18:32:41,917 - telegram.ext.ExtBot - DEBUG - Exiting: get_updates
2025-06-19 18:32:41,917 - telegram.ext.ExtBot - DEBUG - Entering: get_updates
2025-06-19 18:32:41,919 - httpcore.http11 - DEBUG - send_request_headers.started request=<Request [b'POST']>
2025-06-19 18:32:41,921 - httpcore.http11 - DEBUG - send_request_headers.complete
2025-06-19 18:32:41,921 - httpcore.http11 - DEBUG - send_request_body.started request=<Request [b'POST']>
2025-06-19 18:32:41,922 - httpcore.http11 - DEBUG - send_request_body.complete
2025-06-19 18:32:41,922 - httpcore.http11 - DEBUG - receive_response_headers.started request=<Request [b'POST']>
2025-06-19 18:32:52,189 - httpcore.http11 - DEBUG - receive_response_headers.complete return_value=(b'HTTP/1.1', 200, b'OK', [(b'Server', b'nginx/1.18.0'), (b'Date', b'Thu, 19 Jun 2025 17:32:53 GMT'), (b'Content-Type', b'application/json'), (b'Content-Length', b'23'), (b'Connection', b'keep-alive'), (b'Strict-Transport-Security', b'max-age=31536000; includeSubDomains; preload'), (b'Access-Control-Allow-Origin', b'*'), (b'Access-Control-Allow-Methods', b'GET, POST, OPTIONS'), (b'Access-Control-Expose-Headers', b'Content-Length,Content-Type,Date,Server,Connection')])
2025-06-19 18:32:52,191 - httpx - INFO - HTTP Request: POST https://api.telegram.org/bot7707158318:AAE8rWa4Q8Z_3avql6K0HAmXaooZAReoNF0/getUpdates "HTTP/1.1 200 OK"
2025-06-19 18:32:52,191 - httpcore.http11 - DEBUG - receive_response_body.started request=<Request [b'POST']>
2025-06-19 18:32:52,191 - httpcore.http11 - DEBUG - receive_response_body.complete
2025-06-19 18:32:52,191 - httpcore.http11 - DEBUG - response_closed.started
2025-06-19 18:32:52,191 - httpcore.http11 - DEBUG - response_closed.complete
2025-06-19 18:32:52,191 - telegram.ext.ExtBot - DEBUG - No new updates found.
2025-06-19 18:32:52,191 - telegram.ext.ExtBot - DEBUG - ()
2025-06-19 18:32:52,191 - telegram.ext.ExtBot - DEBUG - Exiting: get_updates
2025-06-19 18:32:52,191 - telegram.ext.ExtBot - DEBUG - Entering: get_updates
2025-06-19 18:32:52,195 - httpcore.http11 - DEBUG - send_request_headers.started request=<Request [b'POST']>
2025-06-19 18:32:52,199 - httpcore.http11 - DEBUG - send_request_headers.complete
2025-06-19 18:32:52,199 - httpcore.http11 - DEBUG - send_request_body.started request=<Request [b'POST']>
2025-06-19 18:32:52,200 - httpcore.http11 - DEBUG - send_request_body.complete
2025-06-19 18:32:52,201 - httpcore.http11 - DEBUG - receive_response_headers.started request=<Request [b'POST']>
2025-06-19 18:33:02,355 - httpcore.http11 - DEBUG - receive_response_headers.complete return_value=(b'HTTP/1.1', 200, b'OK', [(b'Server', b'nginx/1.18.0'), (b'Date', b'Thu, 19 Jun 2025 17:33:03 GMT'), (b'Content-Type', b'application/json'), (b'Content-Length', b'23'), (b'Connection', b'keep-alive'), (b'Strict-Transport-Security', b'max-age=31536000; includeSubDomains; preload'), (b'Access-Control-Allow-Origin', b'*'), (b'Access-Control-Allow-Methods', b'GET, POST, OPTIONS'), (b'Access-Control-Expose-Headers', b'Content-Length,Content-Type,Date,Server,Connection')])
2025-06-19 18:33:02,357 - httpx - INFO - HTTP Request: POST https://api.telegram.org/bot7707158318:AAE8rWa4Q8Z_3avql6K0HAmXaooZAReoNF0/getUpdates "HTTP/1.1 200 OK"
2025-06-19 18:33:02,360 - httpcore.http11 - DEBUG - receive_response_body.started request=<Request [b'POST']>
2025-06-19 18:33:02,360 - httpcore.http11 - DEBUG - receive_response_body.complete
2025-06-19 18:33:02,362 - httpcore.http11 - DEBUG - response_closed.started
2025-06-19 18:33:02,362 - httpcore.http11 - DEBUG - response_closed.complete
2025-06-19 18:33:02,363 - telegram.ext.ExtBot - DEBUG - No new updates found.
2025-06-19 18:33:02,363 - telegram.ext.ExtBot - DEBUG - ()
2025-06-19 18:33:02,363 - telegram.ext.ExtBot - DEBUG - Exiting: get_updates
2025-06-19 18:33:02,367 - telegram.ext.ExtBot - DEBUG - Entering: get_updates
2025-06-19 18:33:02,372 - httpcore.http11 - DEBUG - send_request_headers.started request=<Request [b'POST']>
2025-06-19 18:33:02,374 - httpcore.http11 - DEBUG - send_request_headers.complete
2025-06-19 18:33:02,376 - httpcore.http11 - DEBUG - send_request_body.started request=<Request [b'POST']>
2025-06-19 18:33:02,377 - httpcore.http11 - DEBUG - send_request_body.complete
2025-06-19 18:33:02,377 - httpcore.http11 - DEBUG - receive_response_headers.started request=<Request [b'POST']>
2025-06-19 18:33:12,567 - httpcore.http11 - DEBUG - receive_response_headers.complete return_value=(b'HTTP/1.1', 200, b'OK', [(b'Server', b'nginx/1.18.0'), (b'Date', b'Thu, 19 Jun 2025 17:33:13 GMT'), (b'Content-Type', b'application/json'), (b'Content-Length', b'23'), (b'Connection', b'keep-alive'), (b'Strict-Transport-Security', b'max-age=31536000; includeSubDomains; preload'), (b'Access-Control-Allow-Origin', b'*'), (b'Access-Control-Allow-Methods', b'GET, POST, OPTIONS'), (b'Access-Control-Expose-Headers', b'Content-Length,Content-Type,Date,Server,Connection')])
2025-06-19 18:33:12,567 - httpx - INFO - HTTP Request: POST https://api.telegram.org/bot7707158318:AAE8rWa4Q8Z_3avql6K0HAmXaooZAReoNF0/getUpdates "HTTP/1.1 200 OK"
2025-06-19 18:33:12,567 - httpcore.http11 - DEBUG - receive_response_body.started request=<Request [b'POST']>
2025-06-19 18:33:12,567 - httpcore.http11 - DEBUG - receive_response_body.complete
2025-06-19 18:33:12,567 - httpcore.http11 - DEBUG - response_closed.started
2025-06-19 18:33:12,567 - httpcore.http11 - DEBUG - response_closed.complete
2025-06-19 18:33:12,567 - telegram.ext.ExtBot - DEBUG - No new updates found.
2025-06-19 18:33:12,584 - telegram.ext.ExtBot - DEBUG - ()
2025-06-19 18:33:12,584 - telegram.ext.ExtBot - DEBUG - Exiting: get_updates
2025-06-19 18:33:12,584 - telegram.ext.ExtBot - DEBUG - Entering: get_updates
2025-06-19 18:33:12,635 - httpcore.http11 - DEBUG - send_request_headers.started request=<Request [b'POST']>
2025-06-19 18:33:12,652 - httpcore.http11 - DEBUG - send_request_headers.complete
2025-06-19 18:33:12,652 - httpcore.http11 - DEBUG - send_request_body.started request=<Request [b'POST']>
2025-06-19 18:33:12,658 - httpcore.http11 - DEBUG - send_request_body.complete
2025-06-19 18:33:12,658 - httpcore.http11 - DEBUG - receive_response_headers.started request=<Request [b'POST']>
2025-06-19 18:33:22,909 - httpcore.http11 - DEBUG - receive_response_headers.complete return_value=(b'HTTP/1.1', 200, b'OK', [(b'Server', b'nginx/1.18.0'), (b'Date', b'Thu, 19 Jun 2025 17:33:23 GMT'), (b'Content-Type', b'application/json'), (b'Content-Length', b'23'), (b'Connection', b'keep-alive'), (b'Strict-Transport-Security', b'max-age=31536000; includeSubDomains; preload'), (b'Access-Control-Allow-Origin', b'*'), (b'Access-Control-Allow-Methods', b'GET, POST, OPTIONS'), (b'Access-Control-Expose-Headers', b'Content-Length,Content-Type,Date,Server,Connection')])
2025-06-19 18:33:22,910 - httpx - INFO - HTTP Request: POST https://api.telegram.org/bot7707158318:AAE8rWa4Q8Z_3avql6K0HAmXaooZAReoNF0/getUpdates "HTTP/1.1 200 OK"
2025-06-19 18:33:22,911 - httpcore.http11 - DEBUG - receive_response_body.started request=<Request [b'POST']>
2025-06-19 18:33:22,912 - httpcore.http11 - DEBUG - receive_response_body.complete
2025-06-19 18:33:22,915 - httpcore.http11 - DEBUG - response_closed.started
2025-06-19 18:33:22,915 - httpcore.http11 - DEBUG - response_closed.complete
2025-06-19 18:33:22,916 - telegram.ext.ExtBot - DEBUG - No new updates found.
2025-06-19 18:33:22,916 - telegram.ext.ExtBot - DEBUG - ()
2025-06-19 18:33:22,916 - telegram.ext.ExtBot - DEBUG - Exiting: get_updates
2025-06-19 18:33:22,916 - telegram.ext.ExtBot - DEBUG - Entering: get_updates
2025-06-19 18:33:22,927 - httpcore.http11 - DEBUG - send_request_headers.started request=<Request [b'POST']>
2025-06-19 18:33:22,930 - httpcore.http11 - DEBUG - send_request_headers.complete
2025-06-19 18:33:22,930 - httpcore.http11 - DEBUG - send_request_body.started request=<Request [b'POST']>
2025-06-19 18:33:22,933 - httpcore.http11 - DEBUG - send_request_body.complete
2025-06-19 18:33:22,935 - httpcore.http11 - DEBUG - receive_response_headers.started request=<Request [b'POST']>
2025-06-19 18:33:33,147 - httpcore.http11 - DEBUG - receive_response_headers.complete return_value=(b'HTTP/1.1', 200, b'OK', [(b'Server', b'nginx/1.18.0'), (b'Date', b'Thu, 19 Jun 2025 17:33:34 GMT'), (b'Content-Type', b'application/json'), (b'Content-Length', b'23'), (b'Connection', b'keep-alive'), (b'Strict-Transport-Security', b'max-age=31536000; includeSubDomains; preload'), (b'Access-Control-Allow-Origin', b'*'), (b'Access-Control-Allow-Methods', b'GET, POST, OPTIONS'), (b'Access-Control-Expose-Headers', b'Content-Length,Content-Type,Date,Server,Connection')])
2025-06-19 18:33:33,149 - httpx - INFO - HTTP Request: POST https://api.telegram.org/bot7707158318:AAE8rWa4Q8Z_3avql6K0HAmXaooZAReoNF0/getUpdates "HTTP/1.1 200 OK"
2025-06-19 18:33:33,151 - httpcore.http11 - DEBUG - receive_response_body.started request=<Request [b'POST']>
2025-06-19 18:33:33,151 - httpcore.http11 - DEBUG - receive_response_body.complete
2025-06-19 18:33:33,151 - httpcore.http11 - DEBUG - response_closed.started
2025-06-19 18:33:33,151 - httpcore.http11 - DEBUG - response_closed.complete
2025-06-19 18:33:33,154 - telegram.ext.ExtBot - DEBUG - No new updates found.
2025-06-19 18:33:33,154 - telegram.ext.ExtBot - DEBUG - ()
2025-06-19 18:33:33,154 - telegram.ext.ExtBot - DEBUG - Exiting: get_updates
2025-06-19 18:33:33,154 - telegram.ext.ExtBot - DEBUG - Entering: get_updates
2025-06-19 18:33:33,155 - httpcore.http11 - DEBUG - send_request_headers.started request=<Request [b'POST']>
2025-06-19 18:33:33,157 - httpcore.http11 - DEBUG - send_request_headers.complete
2025-06-19 18:33:33,157 - httpcore.http11 - DEBUG - send_request_body.started request=<Request [b'POST']>
2025-06-19 18:33:33,157 - httpcore.http11 - DEBUG - send_request_body.complete
2025-06-19 18:33:33,157 - httpcore.http11 - DEBUG - receive_response_headers.started request=<Request [b'POST']>
2025-06-19 18:33:43,251 - httpcore.http11 - DEBUG - receive_response_headers.complete return_value=(b'HTTP/1.1', 200, b'OK', [(b'Server', b'nginx/1.18.0'), (b'Date', b'Thu, 19 Jun 2025 17:33:44 GMT'), (b'Content-Type', b'application/json'), (b'Content-Length', b'23'), (b'Connection', b'keep-alive'), (b'Strict-Transport-Security', b'max-age=31536000; includeSubDomains; preload'), (b'Access-Control-Allow-Origin', b'*'), (b'Access-Control-Allow-Methods', b'GET, POST, OPTIONS'), (b'Access-Control-Expose-Headers', b'Content-Length,Content-Type,Date,Server,Connection')])
2025-06-19 18:33:43,254 - httpx - INFO - HTTP Request: POST https://api.telegram.org/bot7707158318:AAE8rWa4Q8Z_3avql6K0HAmXaooZAReoNF0/getUpdates "HTTP/1.1 200 OK"
2025-06-19 18:33:43,255 - httpcore.http11 - DEBUG - receive_response_body.started request=<Request [b'POST']>
2025-06-19 18:33:43,255 - httpcore.http11 - DEBUG - receive_response_body.complete
2025-06-19 18:33:43,255 - httpcore.http11 - DEBUG - response_closed.started
2025-06-19 18:33:43,256 - httpcore.http11 - DEBUG - response_closed.complete
2025-06-19 18:33:43,257 - telegram.ext.ExtBot - DEBUG - No new updates found.
2025-06-19 18:33:43,257 - telegram.ext.ExtBot - DEBUG - ()
2025-06-19 18:33:43,257 - telegram.ext.ExtBot - DEBUG - Exiting: get_updates
2025-06-19 18:33:43,257 - telegram.ext.ExtBot - DEBUG - Entering: get_updates
2025-06-19 18:33:43,259 - httpcore.http11 - DEBUG - send_request_headers.started request=<Request [b'POST']>
2025-06-19 18:33:43,261 - httpcore.http11 - DEBUG - send_request_headers.complete
2025-06-19 18:33:43,261 - httpcore.http11 - DEBUG - send_request_body.started request=<Request [b'POST']>
2025-06-19 18:33:43,261 - httpcore.http11 - DEBUG - send_request_body.complete
2025-06-19 18:33:43,261 - httpcore.http11 - DEBUG - receive_response_headers.started request=<Request [b'POST']>
2025-06-19 18:33:53,361 - httpcore.http11 - DEBUG - receive_response_headers.complete return_value=(b'HTTP/1.1', 200, b'OK', [(b'Server', b'nginx/1.18.0'), (b'Date', b'Thu, 19 Jun 2025 17:33:54 GMT'), (b'Content-Type', b'application/json'), (b'Content-Length', b'23'), (b'Connection', b'keep-alive'), (b'Strict-Transport-Security', b'max-age=31536000; includeSubDomains; preload'), (b'Access-Control-Allow-Origin', b'*'), (b'Access-Control-Allow-Methods', b'GET, POST, OPTIONS'), (b'Access-Control-Expose-Headers', b'Content-Length,Content-Type,Date,Server,Connection')])
2025-06-19 18:33:53,365 - httpx - INFO - HTTP Request: POST https://api.telegram.org/bot7707158318:AAE8rWa4Q8Z_3avql6K0HAmXaooZAReoNF0/getUpdates "HTTP/1.1 200 OK"
2025-06-19 18:33:53,365 - httpcore.http11 - DEBUG - receive_response_body.started request=<Request [b'POST']>
2025-06-19 18:33:53,367 - httpcore.http11 - DEBUG - receive_response_body.complete
2025-06-19 18:33:53,367 - httpcore.http11 - DEBUG - response_closed.started
2025-06-19 18:33:53,368 - httpcore.http11 - DEBUG - response_closed.complete
2025-06-19 18:33:53,368 - telegram.ext.ExtBot - DEBUG - No new updates found.
2025-06-19 18:33:53,368 - telegram.ext.ExtBot - DEBUG - ()
2025-06-19 18:33:53,368 - telegram.ext.ExtBot - DEBUG - Exiting: get_updates
2025-06-19 18:33:53,368 - telegram.ext.ExtBot - DEBUG - Entering: get_updates
2025-06-19 18:33:53,368 - httpcore.http11 - DEBUG - send_request_headers.started request=<Request [b'POST']>
2025-06-19 18:33:53,372 - httpcore.http11 - DEBUG - send_request_headers.complete
2025-06-19 18:33:53,372 - httpcore.http11 - DEBUG - send_request_body.started request=<Request [b'POST']>
2025-06-19 18:33:53,372 - httpcore.http11 - DEBUG - send_request_body.complete
2025-06-19 18:33:53,372 - httpcore.http11 - DEBUG - receive_response_headers.started request=<Request [b'POST']>
2025-06-19 18:34:03,577 - httpcore.http11 - DEBUG - receive_response_headers.complete return_value=(b'HTTP/1.1', 200, b'OK', [(b'Server', b'nginx/1.18.0'), (b'Date', b'Thu, 19 Jun 2025 17:34:04 GMT'), (b'Content-Type', b'application/json'), (b'Content-Length', b'23'), (b'Connection', b'keep-alive'), (b'Strict-Transport-Security', b'max-age=31536000; includeSubDomains; preload'), (b'Access-Control-Allow-Origin', b'*'), (b'Access-Control-Allow-Methods', b'GET, POST, OPTIONS'), (b'Access-Control-Expose-Headers', b'Content-Length,Content-Type,Date,Server,Connection')])
2025-06-19 18:34:03,579 - httpx - INFO - HTTP Request: POST https://api.telegram.org/bot7707158318:AAE8rWa4Q8Z_3avql6K0HAmXaooZAReoNF0/getUpdates "HTTP/1.1 200 OK"
2025-06-19 18:34:03,580 - httpcore.http11 - DEBUG - receive_response_body.started request=<Request [b'POST']>
2025-06-19 18:34:03,581 - httpcore.http11 - DEBUG - receive_response_body.complete
2025-06-19 18:34:03,581 - httpcore.http11 - DEBUG - response_closed.started
2025-06-19 18:34:03,581 - httpcore.http11 - DEBUG - response_closed.complete
2025-06-19 18:34:03,581 - telegram.ext.ExtBot - DEBUG - No new updates found.
2025-06-19 18:34:03,581 - telegram.ext.ExtBot - DEBUG - ()
2025-06-19 18:34:03,581 - telegram.ext.ExtBot - DEBUG - Exiting: get_updates
2025-06-19 18:34:03,581 - telegram.ext.ExtBot - DEBUG - Entering: get_updates
2025-06-19 18:34:03,586 - httpcore.http11 - DEBUG - send_request_headers.started request=<Request [b'POST']>
2025-06-19 18:34:03,587 - httpcore.http11 - DEBUG - send_request_headers.complete
2025-06-19 18:34:03,587 - httpcore.http11 - DEBUG - send_request_body.started request=<Request [b'POST']>
2025-06-19 18:34:03,588 - httpcore.http11 - DEBUG - send_request_body.complete
2025-06-19 18:34:03,589 - httpcore.http11 - DEBUG - receive_response_headers.started request=<Request [b'POST']>
2025-06-19 18:34:13,700 - httpcore.http11 - DEBUG - receive_response_headers.complete return_value=(b'HTTP/1.1', 200, b'OK', [(b'Server', b'nginx/1.18.0'), (b'Date', b'Thu, 19 Jun 2025 17:34:14 GMT'), (b'Content-Type', b'application/json'), (b'Content-Length', b'23'), (b'Connection', b'keep-alive'), (b'Strict-Transport-Security', b'max-age=31536000; includeSubDomains; preload'), (b'Access-Control-Allow-Origin', b'*'), (b'Access-Control-Allow-Methods', b'GET, POST, OPTIONS'), (b'Access-Control-Expose-Headers', b'Content-Length,Content-Type,Date,Server,Connection')])
2025-06-19 18:34:13,701 - httpx - INFO - HTTP Request: POST https://api.telegram.org/bot7707158318:AAE8rWa4Q8Z_3avql6K0HAmXaooZAReoNF0/getUpdates "HTTP/1.1 200 OK"
2025-06-19 18:34:13,701 - httpcore.http11 - DEBUG - receive_response_body.started request=<Request [b'POST']>
2025-06-19 18:34:13,704 - httpcore.http11 - DEBUG - receive_response_body.complete
2025-06-19 18:34:13,705 - httpcore.http11 - DEBUG - response_closed.started
2025-06-19 18:34:13,705 - httpcore.http11 - DEBUG - response_closed.complete
2025-06-19 18:34:13,706 - telegram.ext.ExtBot - DEBUG - No new updates found.
2025-06-19 18:34:13,706 - telegram.ext.ExtBot - DEBUG - ()
2025-06-19 18:34:13,707 - telegram.ext.ExtBot - DEBUG - Exiting: get_updates
2025-06-19 18:34:13,707 - telegram.ext.ExtBot - DEBUG - Entering: get_updates
2025-06-19 18:34:13,710 - httpcore.http11 - DEBUG - send_request_headers.started request=<Request [b'POST']>
2025-06-19 18:34:13,711 - httpcore.http11 - DEBUG - send_request_headers.complete
2025-06-19 18:34:13,713 - httpcore.http11 - DEBUG - send_request_body.started request=<Request [b'POST']>
2025-06-19 18:34:13,714 - httpcore.http11 - DEBUG - send_request_body.complete
2025-06-19 18:34:13,714 - httpcore.http11 - DEBUG - receive_response_headers.started request=<Request [b'POST']>
2025-06-19 18:34:24,148 - httpcore.http11 - DEBUG - receive_response_headers.complete return_value=(b'HTTP/1.1', 200, b'OK', [(b'Server', b'nginx/1.18.0'), (b'Date', b'Thu, 19 Jun 2025 17:34:24 GMT'), (b'Content-Type', b'application/json'), (b'Content-Length', b'23'), (b'Connection', b'keep-alive'), (b'Strict-Transport-Security', b'max-age=31536000; includeSubDomains; preload'), (b'Access-Control-Allow-Origin', b'*'), (b'Access-Control-Allow-Methods', b'GET, POST, OPTIONS'), (b'Access-Control-Expose-Headers', b'Content-Length,Content-Type,Date,Server,Connection')])
2025-06-19 18:34:24,148 - httpx - INFO - HTTP Request: POST https://api.telegram.org/bot7707158318:AAE8rWa4Q8Z_3avql6K0HAmXaooZAReoNF0/getUpdates "HTTP/1.1 200 OK"
2025-06-19 18:34:24,151 - httpcore.http11 - DEBUG - receive_response_body.started request=<Request [b'POST']>
2025-06-19 18:34:24,152 - httpcore.http11 - DEBUG - receive_response_body.complete
2025-06-19 18:34:24,152 - httpcore.http11 - DEBUG - response_closed.started
2025-06-19 18:34:24,154 - httpcore.http11 - DEBUG - response_closed.complete
2025-06-19 18:34:24,155 - telegram.ext.ExtBot - DEBUG - No new updates found.
2025-06-19 18:34:24,155 - telegram.ext.ExtBot - DEBUG - ()
2025-06-19 18:34:24,155 - telegram.ext.ExtBot - DEBUG - Exiting: get_updates
2025-06-19 18:34:24,155 - telegram.ext.ExtBot - DEBUG - Entering: get_updates
2025-06-19 18:34:24,158 - httpcore.http11 - DEBUG - send_request_headers.started request=<Request [b'POST']>
2025-06-19 18:34:24,161 - httpcore.http11 - DEBUG - send_request_headers.complete
2025-06-19 18:34:24,161 - httpcore.http11 - DEBUG - send_request_body.started request=<Request [b'POST']>
2025-06-19 18:34:24,165 - httpcore.http11 - DEBUG - send_request_body.complete
2025-06-19 18:34:24,166 - httpcore.http11 - DEBUG - receive_response_headers.started request=<Request [b'POST']>
2025-06-19 18:34:34,413 - httpcore.http11 - DEBUG - receive_response_headers.complete return_value=(b'HTTP/1.1', 200, b'OK', [(b'Server', b'nginx/1.18.0'), (b'Date', b'Thu, 19 Jun 2025 17:34:35 GMT'), (b'Content-Type', b'application/json'), (b'Content-Length', b'23'), (b'Connection', b'keep-alive'), (b'Strict-Transport-Security', b'max-age=31536000; includeSubDomains; preload'), (b'Access-Control-Allow-Origin', b'*'), (b'Access-Control-Allow-Methods', b'GET, POST, OPTIONS'), (b'Access-Control-Expose-Headers', b'Content-Length,Content-Type,Date,Server,Connection')])
2025-06-19 18:34:34,414 - httpx - INFO - HTTP Request: POST https://api.telegram.org/bot7707158318:AAE8rWa4Q8Z_3avql6K0HAmXaooZAReoNF0/getUpdates "HTTP/1.1 200 OK"
2025-06-19 18:34:34,414 - httpcore.http11 - DEBUG - receive_response_body.started request=<Request [b'POST']>
2025-06-19 18:34:34,414 - httpcore.http11 - DEBUG - receive_response_body.complete
2025-06-19 18:34:34,414 - httpcore.http11 - DEBUG - response_closed.started
2025-06-19 18:34:34,418 - httpcore.http11 - DEBUG - response_closed.complete
2025-06-19 18:34:34,418 - telegram.ext.ExtBot - DEBUG - No new updates found.
2025-06-19 18:34:34,418 - telegram.ext.ExtBot - DEBUG - ()
2025-06-19 18:34:34,418 - telegram.ext.ExtBot - DEBUG - Exiting: get_updates
2025-06-19 18:34:34,419 - telegram.ext.ExtBot - DEBUG - Entering: get_updates
2025-06-19 18:34:34,421 - httpcore.http11 - DEBUG - send_request_headers.started request=<Request [b'POST']>
2025-06-19 18:34:34,426 - httpcore.http11 - DEBUG - send_request_headers.complete
2025-06-19 18:34:34,426 - httpcore.http11 - DEBUG - send_request_body.started request=<Request [b'POST']>
2025-06-19 18:34:34,429 - httpcore.http11 - DEBUG - send_request_body.complete
2025-06-19 18:34:34,429 - httpcore.http11 - DEBUG - receive_response_headers.started request=<Request [b'POST']>
2025-06-19 18:34:44,530 - httpcore.http11 - DEBUG - receive_response_headers.complete return_value=(b'HTTP/1.1', 200, b'OK', [(b'Server', b'nginx/1.18.0'), (b'Date', b'Thu, 19 Jun 2025 17:34:45 GMT'), (b'Content-Type', b'application/json'), (b'Content-Length', b'23'), (b'Connection', b'keep-alive'), (b'Strict-Transport-Security', b'max-age=31536000; includeSubDomains; preload'), (b'Access-Control-Allow-Origin', b'*'), (b'Access-Control-Allow-Methods', b'GET, POST, OPTIONS'), (b'Access-Control-Expose-Headers', b'Content-Length,Content-Type,Date,Server,Connection')])
2025-06-19 18:34:44,530 - httpx - INFO - HTTP Request: POST https://api.telegram.org/bot7707158318:AAE8rWa4Q8Z_3avql6K0HAmXaooZAReoNF0/getUpdates "HTTP/1.1 200 OK"
2025-06-19 18:34:44,532 - httpcore.http11 - DEBUG - receive_response_body.started request=<Request [b'POST']>
2025-06-19 18:34:44,532 - httpcore.http11 - DEBUG - receive_response_body.complete
2025-06-19 18:34:44,532 - httpcore.http11 - DEBUG - response_closed.started
2025-06-19 18:34:44,532 - httpcore.http11 - DEBUG - response_closed.complete
2025-06-19 18:34:44,535 - telegram.ext.ExtBot - DEBUG - No new updates found.
2025-06-19 18:34:44,536 - telegram.ext.ExtBot - DEBUG - ()
2025-06-19 18:34:44,536 - telegram.ext.ExtBot - DEBUG - Exiting: get_updates
2025-06-19 18:34:44,536 - telegram.ext.ExtBot - DEBUG - Entering: get_updates
2025-06-19 18:34:44,539 - httpcore.http11 - DEBUG - send_request_headers.started request=<Request [b'POST']>
2025-06-19 18:34:44,542 - httpcore.http11 - DEBUG - send_request_headers.complete
2025-06-19 18:34:44,543 - httpcore.http11 - DEBUG - send_request_body.started request=<Request [b'POST']>
2025-06-19 18:34:44,545 - httpcore.http11 - DEBUG - send_request_body.complete
2025-06-19 18:34:44,545 - httpcore.http11 - DEBUG - receive_response_headers.started request=<Request [b'POST']>
2025-06-19 18:34:54,653 - httpcore.http11 - DEBUG - receive_response_headers.complete return_value=(b'HTTP/1.1', 200, b'OK', [(b'Server', b'nginx/1.18.0'), (b'Date', b'Thu, 19 Jun 2025 17:34:55 GMT'), (b'Content-Type', b'application/json'), (b'Content-Length', b'23'), (b'Connection', b'keep-alive'), (b'Strict-Transport-Security', b'max-age=31536000; includeSubDomains; preload'), (b'Access-Control-Allow-Origin', b'*'), (b'Access-Control-Allow-Methods', b'GET, POST, OPTIONS'), (b'Access-Control-Expose-Headers', b'Content-Length,Content-Type,Date,Server,Connection')])
2025-06-19 18:34:54,655 - httpx - INFO - HTTP Request: POST https://api.telegram.org/bot7707158318:AAE8rWa4Q8Z_3avql6K0HAmXaooZAReoNF0/getUpdates "HTTP/1.1 200 OK"
2025-06-19 18:34:54,657 - httpcore.http11 - DEBUG - receive_response_body.started request=<Request [b'POST']>
2025-06-19 18:34:54,657 - httpcore.http11 - DEBUG - receive_response_body.complete
2025-06-19 18:34:54,657 - httpcore.http11 - DEBUG - response_closed.started
2025-06-19 18:34:54,659 - httpcore.http11 - DEBUG - response_closed.complete
2025-06-19 18:34:54,661 - telegram.ext.ExtBot - DEBUG - No new updates found.
2025-06-19 18:34:54,661 - telegram.ext.ExtBot - DEBUG - ()
2025-06-19 18:34:54,661 - telegram.ext.ExtBot - DEBUG - Exiting: get_updates
2025-06-19 18:34:54,661 - telegram.ext.ExtBot - DEBUG - Entering: get_updates
2025-06-19 18:34:54,669 - httpcore.http11 - DEBUG - send_request_headers.started request=<Request [b'POST']>
2025-06-19 18:34:54,671 - httpcore.http11 - DEBUG - send_request_headers.complete
2025-06-19 18:34:54,672 - httpcore.http11 - DEBUG - send_request_body.started request=<Request [b'POST']>
2025-06-19 18:34:54,675 - httpcore.http11 - DEBUG - send_request_body.complete
2025-06-19 18:34:54,675 - httpcore.http11 - DEBUG - receive_response_headers.started request=<Request [b'POST']>
2025-06-19 18:35:04,762 - httpcore.http11 - DEBUG - receive_response_headers.complete return_value=(b'HTTP/1.1', 200, b'OK', [(b'Server', b'nginx/1.18.0'), (b'Date', b'Thu, 19 Jun 2025 17:35:05 GMT'), (b'Content-Type', b'application/json'), (b'Content-Length', b'23'), (b'Connection', b'keep-alive'), (b'Strict-Transport-Security', b'max-age=31536000; includeSubDomains; preload'), (b'Access-Control-Allow-Origin', b'*'), (b'Access-Control-Allow-Methods', b'GET, POST, OPTIONS'), (b'Access-Control-Expose-Headers', b'Content-Length,Content-Type,Date,Server,Connection')])
2025-06-19 18:35:04,767 - httpx - INFO - HTTP Request: POST https://api.telegram.org/bot7707158318:AAE8rWa4Q8Z_3avql6K0HAmXaooZAReoNF0/getUpdates "HTTP/1.1 200 OK"
2025-06-19 18:35:04,768 - httpcore.http11 - DEBUG - receive_response_body.started request=<Request [b'POST']>
2025-06-19 18:35:04,768 - httpcore.http11 - DEBUG - receive_response_body.complete
2025-06-19 18:35:04,768 - httpcore.http11 - DEBUG - response_closed.started
2025-06-19 18:35:04,768 - httpcore.http11 - DEBUG - response_closed.complete
2025-06-19 18:35:04,768 - telegram.ext.ExtBot - DEBUG - No new updates found.
2025-06-19 18:35:04,768 - telegram.ext.ExtBot - DEBUG - ()
2025-06-19 18:35:04,768 - telegram.ext.ExtBot - DEBUG - Exiting: get_updates
2025-06-19 18:35:04,768 - telegram.ext.ExtBot - DEBUG - Entering: get_updates
2025-06-19 18:35:04,772 - httpcore.http11 - DEBUG - send_request_headers.started request=<Request [b'POST']>
2025-06-19 18:35:04,772 - httpcore.http11 - DEBUG - send_request_headers.complete
2025-06-19 18:35:04,774 - httpcore.http11 - DEBUG - send_request_body.started request=<Request [b'POST']>
2025-06-19 18:35:04,774 - httpcore.http11 - DEBUG - send_request_body.complete
2025-06-19 18:35:04,774 - httpcore.http11 - DEBUG - receive_response_headers.started request=<Request [b'POST']>
2025-06-19 18:35:14,967 - httpcore.http11 - DEBUG - receive_response_headers.complete return_value=(b'HTTP/1.1', 200, b'OK', [(b'Server', b'nginx/1.18.0'), (b'Date', b'Thu, 19 Jun 2025 17:35:16 GMT'), (b'Content-Type', b'application/json'), (b'Content-Length', b'23'), (b'Connection', b'keep-alive'), (b'Strict-Transport-Security', b'max-age=31536000; includeSubDomains; preload'), (b'Access-Control-Allow-Origin', b'*'), (b'Access-Control-Allow-Methods', b'GET, POST, OPTIONS'), (b'Access-Control-Expose-Headers', b'Content-Length,Content-Type,Date,Server,Connection')])
2025-06-19 18:35:14,968 - httpx - INFO - HTTP Request: POST https://api.telegram.org/bot7707158318:AAE8rWa4Q8Z_3avql6K0HAmXaooZAReoNF0/getUpdates "HTTP/1.1 200 OK"
2025-06-19 18:35:14,968 - httpcore.http11 - DEBUG - receive_response_body.started request=<Request [b'POST']>
2025-06-19 18:35:14,970 - httpcore.http11 - DEBUG - receive_response_body.complete
2025-06-19 18:35:14,970 - httpcore.http11 - DEBUG - response_closed.started
2025-06-19 18:35:14,970 - httpcore.http11 - DEBUG - response_closed.complete
2025-06-19 18:35:14,971 - telegram.ext.ExtBot - DEBUG - No new updates found.
2025-06-19 18:35:14,972 - telegram.ext.ExtBot - DEBUG - ()
2025-06-19 18:35:14,972 - telegram.ext.ExtBot - DEBUG - Exiting: get_updates
2025-06-19 18:35:14,972 - telegram.ext.ExtBot - DEBUG - Entering: get_updates
2025-06-19 18:35:14,974 - httpcore.http11 - DEBUG - send_request_headers.started request=<Request [b'POST']>
2025-06-19 18:35:14,975 - httpcore.http11 - DEBUG - send_request_headers.complete
2025-06-19 18:35:14,975 - httpcore.http11 - DEBUG - send_request_body.started request=<Request [b'POST']>
2025-06-19 18:35:14,975 - httpcore.http11 - DEBUG - send_request_body.complete
2025-06-19 18:35:14,975 - httpcore.http11 - DEBUG - receive_response_headers.started request=<Request [b'POST']>
2025-06-19 18:35:25,083 - httpcore.http11 - DEBUG - receive_response_headers.complete return_value=(b'HTTP/1.1', 200, b'OK', [(b'Server', b'nginx/1.18.0'), (b'Date', b'Thu, 19 Jun 2025 17:35:26 GMT'), (b'Content-Type', b'application/json'), (b'Content-Length', b'23'), (b'Connection', b'keep-alive'), (b'Strict-Transport-Security', b'max-age=31536000; includeSubDomains; preload'), (b'Access-Control-Allow-Origin', b'*'), (b'Access-Control-Allow-Methods', b'GET, POST, OPTIONS'), (b'Access-Control-Expose-Headers', b'Content-Length,Content-Type,Date,Server,Connection')])
2025-06-19 18:35:25,085 - httpx - INFO - HTTP Request: POST https://api.telegram.org/bot7707158318:AAE8rWa4Q8Z_3avql6K0HAmXaooZAReoNF0/getUpdates "HTTP/1.1 200 OK"
2025-06-19 18:35:25,086 - httpcore.http11 - DEBUG - receive_response_body.started request=<Request [b'POST']>
2025-06-19 18:35:25,087 - httpcore.http11 - DEBUG - receive_response_body.complete
2025-06-19 18:35:25,088 - httpcore.http11 - DEBUG - response_closed.started
2025-06-19 18:35:25,089 - httpcore.http11 - DEBUG - response_closed.complete
2025-06-19 18:35:25,089 - telegram.ext.ExtBot - DEBUG - No new updates found.
2025-06-19 18:35:25,089 - telegram.ext.ExtBot - DEBUG - ()
2025-06-19 18:35:25,089 - telegram.ext.ExtBot - DEBUG - Exiting: get_updates
2025-06-19 18:35:25,089 - telegram.ext.ExtBot - DEBUG - Entering: get_updates
2025-06-19 18:35:25,089 - httpcore.http11 - DEBUG - send_request_headers.started request=<Request [b'POST']>
2025-06-19 18:35:25,094 - httpcore.http11 - DEBUG - send_request_headers.complete
2025-06-19 18:35:25,094 - httpcore.http11 - DEBUG - send_request_body.started request=<Request [b'POST']>
2025-06-19 18:35:25,095 - httpcore.http11 - DEBUG - send_request_body.complete
2025-06-19 18:35:25,095 - httpcore.http11 - DEBUG - receive_response_headers.started request=<Request [b'POST']>
2025-06-19 18:35:35,208 - httpcore.http11 - DEBUG - receive_response_headers.complete return_value=(b'HTTP/1.1', 200, b'OK', [(b'Server', b'nginx/1.18.0'), (b'Date', b'Thu, 19 Jun 2025 17:35:36 GMT'), (b'Content-Type', b'application/json'), (b'Content-Length', b'23'), (b'Connection', b'keep-alive'), (b'Strict-Transport-Security', b'max-age=31536000; includeSubDomains; preload'), (b'Access-Control-Allow-Origin', b'*'), (b'Access-Control-Allow-Methods', b'GET, POST, OPTIONS'), (b'Access-Control-Expose-Headers', b'Content-Length,Content-Type,Date,Server,Connection')])
2025-06-19 18:35:35,209 - httpx - INFO - HTTP Request: POST https://api.telegram.org/bot7707158318:AAE8rWa4Q8Z_3avql6K0HAmXaooZAReoNF0/getUpdates "HTTP/1.1 200 OK"
2025-06-19 18:35:35,210 - httpcore.http11 - DEBUG - receive_response_body.started request=<Request [b'POST']>
2025-06-19 18:35:35,210 - httpcore.http11 - DEBUG - receive_response_body.complete
2025-06-19 18:35:35,210 - httpcore.http11 - DEBUG - response_closed.started
2025-06-19 18:35:35,210 - httpcore.http11 - DEBUG - response_closed.complete
2025-06-19 18:35:35,212 - telegram.ext.ExtBot - DEBUG - No new updates found.
2025-06-19 18:35:35,212 - telegram.ext.ExtBot - DEBUG - ()
2025-06-19 18:35:35,212 - telegram.ext.ExtBot - DEBUG - Exiting: get_updates
2025-06-19 18:35:35,212 - telegram.ext.ExtBot - DEBUG - Entering: get_updates
2025-06-19 18:35:35,217 - httpcore.http11 - DEBUG - send_request_headers.started request=<Request [b'POST']>
2025-06-19 18:35:35,217 - httpcore.http11 - DEBUG - send_request_headers.complete
2025-06-19 18:35:35,217 - httpcore.http11 - DEBUG - send_request_body.started request=<Request [b'POST']>
2025-06-19 18:35:35,217 - httpcore.http11 - DEBUG - send_request_body.complete
2025-06-19 18:35:35,217 - httpcore.http11 - DEBUG - receive_response_headers.started request=<Request [b'POST']>
2025-06-19 18:35:45,364 - httpcore.http11 - DEBUG - receive_response_headers.complete return_value=(b'HTTP/1.1', 200, b'OK', [(b'Server', b'nginx/1.18.0'), (b'Date', b'Thu, 19 Jun 2025 17:35:46 GMT'), (b'Content-Type', b'application/json'), (b'Content-Length', b'23'), (b'Connection', b'keep-alive'), (b'Strict-Transport-Security', b'max-age=31536000; includeSubDomains; preload'), (b'Access-Control-Allow-Origin', b'*'), (b'Access-Control-Allow-Methods', b'GET, POST, OPTIONS'), (b'Access-Control-Expose-Headers', b'Content-Length,Content-Type,Date,Server,Connection')])
2025-06-19 18:35:45,364 - httpx - INFO - HTTP Request: POST https://api.telegram.org/bot7707158318:AAE8rWa4Q8Z_3avql6K0HAmXaooZAReoNF0/getUpdates "HTTP/1.1 200 OK"
2025-06-19 18:35:45,442 - httpcore.http11 - DEBUG - receive_response_body.started request=<Request [b'POST']>
2025-06-19 18:35:45,497 - httpcore.http11 - DEBUG - receive_response_body.complete
2025-06-19 18:35:45,498 - httpcore.http11 - DEBUG - response_closed.started
2025-06-19 18:35:45,499 - httpcore.http11 - DEBUG - response_closed.complete
2025-06-19 18:35:45,554 - telegram.ext.ExtBot - DEBUG - No new updates found.
2025-06-19 18:35:45,554 - telegram.ext.ExtBot - DEBUG - ()
2025-06-19 18:35:45,554 - telegram.ext.ExtBot - DEBUG - Exiting: get_updates
2025-06-19 18:35:45,652 - telegram.ext.ExtBot - DEBUG - Entering: get_updates
2025-06-19 18:35:45,712 - httpcore.http11 - DEBUG - send_request_headers.started request=<Request [b'POST']>
2025-06-19 18:35:45,733 - httpcore.http11 - DEBUG - send_request_headers.complete
2025-06-19 18:35:45,761 - httpcore.http11 - DEBUG - send_request_body.started request=<Request [b'POST']>
2025-06-19 18:35:45,785 - httpcore.http11 - DEBUG - send_request_body.complete
2025-06-19 18:35:45,785 - httpcore.http11 - DEBUG - receive_response_headers.started request=<Request [b'POST']>
2025-06-19 18:35:56,303 - httpcore.http11 - DEBUG - receive_response_headers.complete return_value=(b'HTTP/1.1', 200, b'OK', [(b'Server', b'nginx/1.18.0'), (b'Date', b'Thu, 19 Jun 2025 17:35:56 GMT'), (b'Content-Type', b'application/json'), (b'Content-Length', b'23'), (b'Connection', b'keep-alive'), (b'Strict-Transport-Security', b'max-age=31536000; includeSubDomains; preload'), (b'Access-Control-Allow-Origin', b'*'), (b'Access-Control-Allow-Methods', b'GET, POST, OPTIONS'), (b'Access-Control-Expose-Headers', b'Content-Length,Content-Type,Date,Server,Connection')])
2025-06-19 18:35:56,304 - httpx - INFO - HTTP Request: POST https://api.telegram.org/bot7707158318:AAE8rWa4Q8Z_3avql6K0HAmXaooZAReoNF0/getUpdates "HTTP/1.1 200 OK"
2025-06-19 18:35:56,307 - httpcore.http11 - DEBUG - receive_response_body.started request=<Request [b'POST']>
2025-06-19 18:35:56,371 - httpcore.http11 - DEBUG - receive_response_body.complete
2025-06-19 18:35:56,371 - httpcore.http11 - DEBUG - response_closed.started
2025-06-19 18:35:56,371 - httpcore.http11 - DEBUG - response_closed.complete
2025-06-19 18:35:56,394 - telegram.ext.ExtBot - DEBUG - No new updates found.
2025-06-19 18:35:56,394 - telegram.ext.ExtBot - DEBUG - ()
2025-06-19 18:35:56,394 - telegram.ext.ExtBot - DEBUG - Exiting: get_updates
2025-06-19 18:35:56,396 - telegram.ext.ExtBot - DEBUG - Entering: get_updates
2025-06-19 18:35:56,431 - httpcore.http11 - DEBUG - send_request_headers.started request=<Request [b'POST']>
2025-06-19 18:35:56,448 - httpcore.http11 - DEBUG - send_request_headers.complete
2025-06-19 18:35:56,449 - httpcore.http11 - DEBUG - send_request_body.started request=<Request [b'POST']>
2025-06-19 18:35:56,455 - httpcore.http11 - DEBUG - send_request_body.complete
2025-06-19 18:35:56,456 - httpcore.http11 - DEBUG - receive_response_headers.started request=<Request [b'POST']>
2025-06-19 18:36:06,755 - httpcore.http11 - DEBUG - receive_response_headers.complete return_value=(b'HTTP/1.1', 200, b'OK', [(b'Server', b'nginx/1.18.0'), (b'Date', b'Thu, 19 Jun 2025 17:36:07 GMT'), (b'Content-Type', b'application/json'), (b'Content-Length', b'23'), (b'Connection', b'keep-alive'), (b'Strict-Transport-Security', b'max-age=31536000; includeSubDomains; preload'), (b'Access-Control-Allow-Origin', b'*'), (b'Access-Control-Allow-Methods', b'GET, POST, OPTIONS'), (b'Access-Control-Expose-Headers', b'Content-Length,Content-Type,Date,Server,Connection')])
2025-06-19 18:36:06,759 - httpx - INFO - HTTP Request: POST https://api.telegram.org/bot7707158318:AAE8rWa4Q8Z_3avql6K0HAmXaooZAReoNF0/getUpdates "HTTP/1.1 200 OK"
2025-06-19 18:36:06,760 - httpcore.http11 - DEBUG - receive_response_body.started request=<Request [b'POST']>
2025-06-19 18:36:06,761 - httpcore.http11 - DEBUG - receive_response_body.complete
2025-06-19 18:36:06,761 - httpcore.http11 - DEBUG - response_closed.started
2025-06-19 18:36:06,761 - httpcore.http11 - DEBUG - response_closed.complete
2025-06-19 18:36:06,761 - telegram.ext.ExtBot - DEBUG - No new updates found.
2025-06-19 18:36:06,761 - telegram.ext.ExtBot - DEBUG - ()
2025-06-19 18:36:06,761 - telegram.ext.ExtBot - DEBUG - Exiting: get_updates
2025-06-19 18:36:06,761 - telegram.ext.ExtBot - DEBUG - Entering: get_updates
2025-06-19 18:36:06,767 - httpcore.http11 - DEBUG - send_request_headers.started request=<Request [b'POST']>
2025-06-19 18:36:06,771 - httpcore.http11 - DEBUG - send_request_headers.complete
2025-06-19 18:36:06,771 - httpcore.http11 - DEBUG - send_request_body.started request=<Request [b'POST']>
2025-06-19 18:36:06,782 - httpcore.http11 - DEBUG - send_request_body.complete
2025-06-19 18:36:06,786 - httpcore.http11 - DEBUG - receive_response_headers.started request=<Request [b'POST']>
2025-06-19 18:36:16,925 - httpcore.http11 - DEBUG - receive_response_headers.complete return_value=(b'HTTP/1.1', 200, b'OK', [(b'Server', b'nginx/1.18.0'), (b'Date', b'Thu, 19 Jun 2025 17:36:17 GMT'), (b'Content-Type', b'application/json'), (b'Content-Length', b'23'), (b'Connection', b'keep-alive'), (b'Strict-Transport-Security', b'max-age=31536000; includeSubDomains; preload'), (b'Access-Control-Allow-Origin', b'*'), (b'Access-Control-Allow-Methods', b'GET, POST, OPTIONS'), (b'Access-Control-Expose-Headers', b'Content-Length,Content-Type,Date,Server,Connection')])
2025-06-19 18:36:16,927 - httpx - INFO - HTTP Request: POST https://api.telegram.org/bot7707158318:AAE8rWa4Q8Z_3avql6K0HAmXaooZAReoNF0/getUpdates "HTTP/1.1 200 OK"
2025-06-19 18:36:16,930 - httpcore.http11 - DEBUG - receive_response_body.started request=<Request [b'POST']>
2025-06-19 18:36:16,930 - httpcore.http11 - DEBUG - receive_response_body.complete
2025-06-19 18:36:16,930 - httpcore.http11 - DEBUG - response_closed.started
2025-06-19 18:36:16,930 - httpcore.http11 - DEBUG - response_closed.complete
2025-06-19 18:36:16,930 - telegram.ext.ExtBot - DEBUG - No new updates found.
2025-06-19 18:36:16,930 - telegram.ext.ExtBot - DEBUG - ()
2025-06-19 18:36:16,930 - telegram.ext.ExtBot - DEBUG - Exiting: get_updates
2025-06-19 18:36:16,932 - telegram.ext.ExtBot - DEBUG - Entering: get_updates
2025-06-19 18:36:16,932 - httpcore.http11 - DEBUG - send_request_headers.started request=<Request [b'POST']>
2025-06-19 18:36:16,932 - httpcore.http11 - DEBUG - send_request_headers.complete
2025-06-19 18:36:16,935 - httpcore.http11 - DEBUG - send_request_body.started request=<Request [b'POST']>
2025-06-19 18:36:16,935 - httpcore.http11 - DEBUG - send_request_body.complete
2025-06-19 18:36:16,935 - httpcore.http11 - DEBUG - receive_response_headers.started request=<Request [b'POST']>
2025-06-19 18:36:27,169 - httpcore.http11 - DEBUG - receive_response_headers.complete return_value=(b'HTTP/1.1', 200, b'OK', [(b'Server', b'nginx/1.18.0'), (b'Date', b'Thu, 19 Jun 2025 17:36:28 GMT'), (b'Content-Type', b'application/json'), (b'Content-Length', b'23'), (b'Connection', b'keep-alive'), (b'Strict-Transport-Security', b'max-age=31536000; includeSubDomains; preload'), (b'Access-Control-Allow-Origin', b'*'), (b'Access-Control-Allow-Methods', b'GET, POST, OPTIONS'), (b'Access-Control-Expose-Headers', b'Content-Length,Content-Type,Date,Server,Connection')])
2025-06-19 18:36:27,172 - httpx - INFO - HTTP Request: POST https://api.telegram.org/bot7707158318:AAE8rWa4Q8Z_3avql6K0HAmXaooZAReoNF0/getUpdates "HTTP/1.1 200 OK"
2025-06-19 18:36:27,172 - httpcore.http11 - DEBUG - receive_response_body.started request=<Request [b'POST']>
2025-06-19 18:36:27,172 - httpcore.http11 - DEBUG - receive_response_body.complete
2025-06-19 18:36:27,172 - httpcore.http11 - DEBUG - response_closed.started
2025-06-19 18:36:27,172 - httpcore.http11 - DEBUG - response_closed.complete
2025-06-19 18:36:27,175 - telegram.ext.ExtBot - DEBUG - No new updates found.
2025-06-19 18:36:27,175 - telegram.ext.ExtBot - DEBUG - ()
2025-06-19 18:36:27,175 - telegram.ext.ExtBot - DEBUG - Exiting: get_updates
2025-06-19 18:36:27,175 - telegram.ext.ExtBot - DEBUG - Entering: get_updates
2025-06-19 18:36:27,177 - httpcore.http11 - DEBUG - send_request_headers.started request=<Request [b'POST']>
2025-06-19 18:36:27,177 - httpcore.http11 - DEBUG - send_request_headers.complete
2025-06-19 18:36:27,177 - httpcore.http11 - DEBUG - send_request_body.started request=<Request [b'POST']>
2025-06-19 18:36:27,179 - httpcore.http11 - DEBUG - send_request_body.complete
2025-06-19 18:36:27,179 - httpcore.http11 - DEBUG - receive_response_headers.started request=<Request [b'POST']>
2025-06-19 18:36:38,050 - httpcore.http11 - DEBUG - receive_response_headers.complete return_value=(b'HTTP/1.1', 200, b'OK', [(b'Server', b'nginx/1.18.0'), (b'Date', b'Thu, 19 Jun 2025 17:36:38 GMT'), (b'Content-Type', b'application/json'), (b'Content-Length', b'23'), (b'Connection', b'keep-alive'), (b'Strict-Transport-Security', b'max-age=31536000; includeSubDomains; preload'), (b'Access-Control-Allow-Origin', b'*'), (b'Access-Control-Allow-Methods', b'GET, POST, OPTIONS'), (b'Access-Control-Expose-Headers', b'Content-Length,Content-Type,Date,Server,Connection')])
2025-06-19 18:36:38,050 - httpx - INFO - HTTP Request: POST https://api.telegram.org/bot7707158318:AAE8rWa4Q8Z_3avql6K0HAmXaooZAReoNF0/getUpdates "HTTP/1.1 200 OK"
2025-06-19 18:36:38,053 - httpcore.http11 - DEBUG - receive_response_body.started request=<Request [b'POST']>
2025-06-19 18:36:38,054 - httpcore.http11 - DEBUG - receive_response_body.complete
2025-06-19 18:36:38,054 - httpcore.http11 - DEBUG - response_closed.started
2025-06-19 18:36:38,055 - httpcore.http11 - DEBUG - response_closed.complete
2025-06-19 18:36:38,055 - telegram.ext.ExtBot - DEBUG - No new updates found.
2025-06-19 18:36:38,055 - telegram.ext.ExtBot - DEBUG - ()
2025-06-19 18:36:38,055 - telegram.ext.ExtBot - DEBUG - Exiting: get_updates
2025-06-19 18:36:38,055 - telegram.ext.ExtBot - DEBUG - Entering: get_updates
2025-06-19 18:36:38,060 - httpcore.http11 - DEBUG - send_request_headers.started request=<Request [b'POST']>
2025-06-19 18:36:38,062 - httpcore.http11 - DEBUG - send_request_headers.complete
2025-06-19 18:36:38,062 - httpcore.http11 - DEBUG - send_request_body.started request=<Request [b'POST']>
2025-06-19 18:36:38,063 - httpcore.http11 - DEBUG - send_request_body.complete
2025-06-19 18:36:38,063 - httpcore.http11 - DEBUG - receive_response_headers.started request=<Request [b'POST']>
2025-06-19 18:36:48,177 - httpcore.http11 - DEBUG - receive_response_headers.complete return_value=(b'HTTP/1.1', 200, b'OK', [(b'Server', b'nginx/1.18.0'), (b'Date', b'Thu, 19 Jun 2025 17:36:49 GMT'), (b'Content-Type', b'application/json'), (b'Content-Length', b'23'), (b'Connection', b'keep-alive'), (b'Strict-Transport-Security', b'max-age=31536000; includeSubDomains; preload'), (b'Access-Control-Allow-Origin', b'*'), (b'Access-Control-Allow-Methods', b'GET, POST, OPTIONS'), (b'Access-Control-Expose-Headers', b'Content-Length,Content-Type,Date,Server,Connection')])
2025-06-19 18:36:48,180 - httpx - INFO - HTTP Request: POST https://api.telegram.org/bot7707158318:AAE8rWa4Q8Z_3avql6K0HAmXaooZAReoNF0/getUpdates "HTTP/1.1 200 OK"
2025-06-19 18:36:48,182 - httpcore.http11 - DEBUG - receive_response_body.started request=<Request [b'POST']>
2025-06-19 18:36:48,182 - httpcore.http11 - DEBUG - receive_response_body.complete
2025-06-19 18:36:48,184 - httpcore.http11 - DEBUG - response_closed.started
2025-06-19 18:36:48,184 - httpcore.http11 - DEBUG - response_closed.complete
2025-06-19 18:36:48,184 - telegram.ext.ExtBot - DEBUG - No new updates found.
2025-06-19 18:36:48,186 - telegram.ext.ExtBot - DEBUG - ()
2025-06-19 18:36:48,186 - telegram.ext.ExtBot - DEBUG - Exiting: get_updates
2025-06-19 18:36:48,186 - telegram.ext.ExtBot - DEBUG - Entering: get_updates
2025-06-19 18:36:48,188 - httpcore.http11 - DEBUG - send_request_headers.started request=<Request [b'POST']>
2025-06-19 18:36:48,188 - httpcore.http11 - DEBUG - send_request_headers.complete
2025-06-19 18:36:48,188 - httpcore.http11 - DEBUG - send_request_body.started request=<Request [b'POST']>
2025-06-19 18:36:48,190 - httpcore.http11 - DEBUG - send_request_body.complete
2025-06-19 18:36:48,190 - httpcore.http11 - DEBUG - receive_response_headers.started request=<Request [b'POST']>
2025-06-19 18:36:58,488 - httpcore.http11 - DEBUG - receive_response_headers.complete return_value=(b'HTTP/1.1', 200, b'OK', [(b'Server', b'nginx/1.18.0'), (b'Date', b'Thu, 19 Jun 2025 17:36:59 GMT'), (b'Content-Type', b'application/json'), (b'Content-Length', b'23'), (b'Connection', b'keep-alive'), (b'Strict-Transport-Security', b'max-age=31536000; includeSubDomains; preload'), (b'Access-Control-Allow-Origin', b'*'), (b'Access-Control-Allow-Methods', b'GET, POST, OPTIONS'), (b'Access-Control-Expose-Headers', b'Content-Length,Content-Type,Date,Server,Connection')])
2025-06-19 18:36:58,490 - httpx - INFO - HTTP Request: POST https://api.telegram.org/bot7707158318:AAE8rWa4Q8Z_3avql6K0HAmXaooZAReoNF0/getUpdates "HTTP/1.1 200 OK"
2025-06-19 18:36:58,490 - httpcore.http11 - DEBUG - receive_response_body.started request=<Request [b'POST']>
2025-06-19 18:36:58,490 - httpcore.http11 - DEBUG - receive_response_body.complete
2025-06-19 18:36:58,490 - httpcore.http11 - DEBUG - response_closed.started
2025-06-19 18:36:58,490 - httpcore.http11 - DEBUG - response_closed.complete
2025-06-19 18:36:58,490 - telegram.ext.ExtBot - DEBUG - No new updates found.
2025-06-19 18:36:58,490 - telegram.ext.ExtBot - DEBUG - ()
2025-06-19 18:36:58,490 - telegram.ext.ExtBot - DEBUG - Exiting: get_updates
2025-06-19 18:36:58,490 - telegram.ext.ExtBot - DEBUG - Entering: get_updates
2025-06-19 18:36:58,495 - httpcore.http11 - DEBUG - send_request_headers.started request=<Request [b'POST']>
2025-06-19 18:36:58,495 - httpcore.http11 - DEBUG - send_request_headers.complete
2025-06-19 18:36:58,495 - httpcore.http11 - DEBUG - send_request_body.started request=<Request [b'POST']>
2025-06-19 18:36:58,498 - httpcore.http11 - DEBUG - send_request_body.complete
2025-06-19 18:36:58,498 - httpcore.http11 - DEBUG - receive_response_headers.started request=<Request [b'POST']>
2025-06-19 18:37:08,698 - httpcore.http11 - DEBUG - receive_response_headers.complete return_value=(b'HTTP/1.1', 200, b'OK', [(b'Server', b'nginx/1.18.0'), (b'Date', b'Thu, 19 Jun 2025 17:37:09 GMT'), (b'Content-Type', b'application/json'), (b'Content-Length', b'23'), (b'Connection', b'keep-alive'), (b'Strict-Transport-Security', b'max-age=31536000; includeSubDomains; preload'), (b'Access-Control-Allow-Origin', b'*'), (b'Access-Control-Allow-Methods', b'GET, POST, OPTIONS'), (b'Access-Control-Expose-Headers', b'Content-Length,Content-Type,Date,Server,Connection')])
2025-06-19 18:37:08,700 - httpx - INFO - HTTP Request: POST https://api.telegram.org/bot7707158318:AAE8rWa4Q8Z_3avql6K0HAmXaooZAReoNF0/getUpdates "HTTP/1.1 200 OK"
2025-06-19 18:37:08,703 - httpcore.http11 - DEBUG - receive_response_body.started request=<Request [b'POST']>
2025-06-19 18:37:08,703 - httpcore.http11 - DEBUG - receive_response_body.complete
2025-06-19 18:37:08,703 - httpcore.http11 - DEBUG - response_closed.started
2025-06-19 18:37:08,703 - httpcore.http11 - DEBUG - response_closed.complete
2025-06-19 18:37:08,705 - telegram.ext.ExtBot - DEBUG - No new updates found.
2025-06-19 18:37:08,705 - telegram.ext.ExtBot - DEBUG - ()
2025-06-19 18:37:08,705 - telegram.ext.ExtBot - DEBUG - Exiting: get_updates
2025-06-19 18:37:08,705 - telegram.ext.ExtBot - DEBUG - Entering: get_updates
2025-06-19 18:37:08,707 - httpcore.http11 - DEBUG - send_request_headers.started request=<Request [b'POST']>
2025-06-19 18:37:08,709 - httpcore.http11 - DEBUG - send_request_headers.complete
2025-06-19 18:37:08,709 - httpcore.http11 - DEBUG - send_request_body.started request=<Request [b'POST']>
2025-06-19 18:37:08,709 - httpcore.http11 - DEBUG - send_request_body.complete
2025-06-19 18:37:08,709 - httpcore.http11 - DEBUG - receive_response_headers.started request=<Request [b'POST']>
2025-06-19 18:37:18,937 - httpcore.http11 - DEBUG - receive_response_headers.complete return_value=(b'HTTP/1.1', 200, b'OK', [(b'Server', b'nginx/1.18.0'), (b'Date', b'Thu, 19 Jun 2025 17:37:19 GMT'), (b'Content-Type', b'application/json'), (b'Content-Length', b'23'), (b'Connection', b'keep-alive'), (b'Strict-Transport-Security', b'max-age=31536000; includeSubDomains; preload'), (b'Access-Control-Allow-Origin', b'*'), (b'Access-Control-Allow-Methods', b'GET, POST, OPTIONS'), (b'Access-Control-Expose-Headers', b'Content-Length,Content-Type,Date,Server,Connection')])
2025-06-19 18:37:18,937 - httpx - INFO - HTTP Request: POST https://api.telegram.org/bot7707158318:AAE8rWa4Q8Z_3avql6K0HAmXaooZAReoNF0/getUpdates "HTTP/1.1 200 OK"
2025-06-19 18:37:18,937 - httpcore.http11 - DEBUG - receive_response_body.started request=<Request [b'POST']>
2025-06-19 18:37:18,937 - httpcore.http11 - DEBUG - receive_response_body.complete
2025-06-19 18:37:18,937 - httpcore.http11 - DEBUG - response_closed.started
2025-06-19 18:37:18,942 - httpcore.http11 - DEBUG - response_closed.complete
2025-06-19 18:37:18,942 - telegram.ext.ExtBot - DEBUG - No new updates found.
2025-06-19 18:37:18,943 - telegram.ext.ExtBot - DEBUG - ()
2025-06-19 18:37:18,943 - telegram.ext.ExtBot - DEBUG - Exiting: get_updates
2025-06-19 18:37:18,944 - telegram.ext.ExtBot - DEBUG - Entering: get_updates
2025-06-19 18:37:18,945 - httpcore.http11 - DEBUG - send_request_headers.started request=<Request [b'POST']>
2025-06-19 18:37:18,947 - httpcore.http11 - DEBUG - send_request_headers.complete
2025-06-19 18:37:18,947 - httpcore.http11 - DEBUG - send_request_body.started request=<Request [b'POST']>
2025-06-19 18:37:18,948 - httpcore.http11 - DEBUG - send_request_body.complete
2025-06-19 18:37:18,948 - httpcore.http11 - DEBUG - receive_response_headers.started request=<Request [b'POST']>
2025-06-19 18:37:29,231 - httpcore.http11 - DEBUG - receive_response_headers.complete return_value=(b'HTTP/1.1', 200, b'OK', [(b'Server', b'nginx/1.18.0'), (b'Date', b'Thu, 19 Jun 2025 17:37:30 GMT'), (b'Content-Type', b'application/json'), (b'Content-Length', b'23'), (b'Connection', b'keep-alive'), (b'Strict-Transport-Security', b'max-age=31536000; includeSubDomains; preload'), (b'Access-Control-Allow-Origin', b'*'), (b'Access-Control-Allow-Methods', b'GET, POST, OPTIONS'), (b'Access-Control-Expose-Headers', b'Content-Length,Content-Type,Date,Server,Connection')])
2025-06-19 18:37:29,235 - httpx - INFO - HTTP Request: POST https://api.telegram.org/bot7707158318:AAE8rWa4Q8Z_3avql6K0HAmXaooZAReoNF0/getUpdates "HTTP/1.1 200 OK"
2025-06-19 18:37:29,235 - httpcore.http11 - DEBUG - receive_response_body.started request=<Request [b'POST']>
2025-06-19 18:37:29,235 - httpcore.http11 - DEBUG - receive_response_body.complete
2025-06-19 18:37:29,235 - httpcore.http11 - DEBUG - response_closed.started
2025-06-19 18:37:29,237 - httpcore.http11 - DEBUG - response_closed.complete
2025-06-19 18:37:29,237 - telegram.ext.ExtBot - DEBUG - No new updates found.
2025-06-19 18:37:29,237 - telegram.ext.ExtBot - DEBUG - ()
2025-06-19 18:37:29,237 - telegram.ext.ExtBot - DEBUG - Exiting: get_updates
2025-06-19 18:37:29,239 - telegram.ext.ExtBot - DEBUG - Entering: get_updates
2025-06-19 18:37:29,239 - httpcore.http11 - DEBUG - send_request_headers.started request=<Request [b'POST']>
2025-06-19 18:37:29,241 - httpcore.http11 - DEBUG - send_request_headers.complete
2025-06-19 18:37:29,241 - httpcore.http11 - DEBUG - send_request_body.started request=<Request [b'POST']>
2025-06-19 18:37:29,241 - httpcore.http11 - DEBUG - send_request_body.complete
2025-06-19 18:37:29,243 - httpcore.http11 - DEBUG - receive_response_headers.started request=<Request [b'POST']>
2025-06-19 18:37:39,328 - httpcore.http11 - DEBUG - receive_response_headers.complete return_value=(b'HTTP/1.1', 200, b'OK', [(b'Server', b'nginx/1.18.0'), (b'Date', b'Thu, 19 Jun 2025 17:37:40 GMT'), (b'Content-Type', b'application/json'), (b'Content-Length', b'23'), (b'Connection', b'keep-alive'), (b'Strict-Transport-Security', b'max-age=31536000; includeSubDomains; preload'), (b'Access-Control-Allow-Origin', b'*'), (b'Access-Control-Allow-Methods', b'GET, POST, OPTIONS'), (b'Access-Control-Expose-Headers', b'Content-Length,Content-Type,Date,Server,Connection')])
2025-06-19 18:37:39,330 - httpx - INFO - HTTP Request: POST https://api.telegram.org/bot7707158318:AAE8rWa4Q8Z_3avql6K0HAmXaooZAReoNF0/getUpdates "HTTP/1.1 200 OK"
2025-06-19 18:37:39,331 - httpcore.http11 - DEBUG - receive_response_body.started request=<Request [b'POST']>
2025-06-19 18:37:39,331 - httpcore.http11 - DEBUG - receive_response_body.complete
2025-06-19 18:37:39,331 - httpcore.http11 - DEBUG - response_closed.started
2025-06-19 18:37:39,331 - httpcore.http11 - DEBUG - response_closed.complete
2025-06-19 18:37:39,333 - telegram.ext.ExtBot - DEBUG - No new updates found.
2025-06-19 18:37:39,333 - telegram.ext.ExtBot - DEBUG - ()
2025-06-19 18:37:39,333 - telegram.ext.ExtBot - DEBUG - Exiting: get_updates
2025-06-19 18:37:39,333 - telegram.ext.ExtBot - DEBUG - Entering: get_updates
2025-06-19 18:37:39,335 - httpcore.http11 - DEBUG - send_request_headers.started request=<Request [b'POST']>
2025-06-19 18:37:39,335 - httpcore.http11 - DEBUG - send_request_headers.complete
2025-06-19 18:37:39,335 - httpcore.http11 - DEBUG - send_request_body.started request=<Request [b'POST']>
2025-06-19 18:37:39,337 - httpcore.http11 - DEBUG - send_request_body.complete
2025-06-19 18:37:39,337 - httpcore.http11 - DEBUG - receive_response_headers.started request=<Request [b'POST']>
2025-06-19 18:37:49,477 - httpcore.http11 - DEBUG - receive_response_headers.complete return_value=(b'HTTP/1.1', 200, b'OK', [(b'Server', b'nginx/1.18.0'), (b'Date', b'Thu, 19 Jun 2025 17:37:50 GMT'), (b'Content-Type', b'application/json'), (b'Content-Length', b'23'), (b'Connection', b'keep-alive'), (b'Strict-Transport-Security', b'max-age=31536000; includeSubDomains; preload'), (b'Access-Control-Allow-Origin', b'*'), (b'Access-Control-Allow-Methods', b'GET, POST, OPTIONS'), (b'Access-Control-Expose-Headers', b'Content-Length,Content-Type,Date,Server,Connection')])
2025-06-19 18:37:49,477 - httpx - INFO - HTTP Request: POST https://api.telegram.org/bot7707158318:AAE8rWa4Q8Z_3avql6K0HAmXaooZAReoNF0/getUpdates "HTTP/1.1 200 OK"
2025-06-19 18:37:49,480 - httpcore.http11 - DEBUG - receive_response_body.started request=<Request [b'POST']>
2025-06-19 18:37:49,481 - httpcore.http11 - DEBUG - receive_response_body.complete
2025-06-19 18:37:49,482 - httpcore.http11 - DEBUG - response_closed.started
2025-06-19 18:37:49,482 - httpcore.http11 - DEBUG - response_closed.complete
2025-06-19 18:37:49,482 - telegram.ext.ExtBot - DEBUG - No new updates found.
2025-06-19 18:37:49,482 - telegram.ext.ExtBot - DEBUG - ()
2025-06-19 18:37:49,482 - telegram.ext.ExtBot - DEBUG - Exiting: get_updates
2025-06-19 18:37:49,482 - telegram.ext.ExtBot - DEBUG - Entering: get_updates
2025-06-19 18:37:49,486 - httpcore.http11 - DEBUG - send_request_headers.started request=<Request [b'POST']>
2025-06-19 18:37:49,488 - httpcore.http11 - DEBUG - send_request_headers.complete
2025-06-19 18:37:49,488 - httpcore.http11 - DEBUG - send_request_body.started request=<Request [b'POST']>
2025-06-19 18:37:49,488 - httpcore.http11 - DEBUG - send_request_body.complete
2025-06-19 18:37:49,488 - httpcore.http11 - DEBUG - receive_response_headers.started request=<Request [b'POST']>
2025-06-19 18:37:59,587 - httpcore.http11 - DEBUG - receive_response_headers.complete return_value=(b'HTTP/1.1', 200, b'OK', [(b'Server', b'nginx/1.18.0'), (b'Date', b'Thu, 19 Jun 2025 17:38:00 GMT'), (b'Content-Type', b'application/json'), (b'Content-Length', b'23'), (b'Connection', b'keep-alive'), (b'Strict-Transport-Security', b'max-age=31536000; includeSubDomains; preload'), (b'Access-Control-Allow-Origin', b'*'), (b'Access-Control-Allow-Methods', b'GET, POST, OPTIONS'), (b'Access-Control-Expose-Headers', b'Content-Length,Content-Type,Date,Server,Connection')])
2025-06-19 18:37:59,587 - httpx - INFO - HTTP Request: POST https://api.telegram.org/bot7707158318:AAE8rWa4Q8Z_3avql6K0HAmXaooZAReoNF0/getUpdates "HTTP/1.1 200 OK"
2025-06-19 18:37:59,587 - httpcore.http11 - DEBUG - receive_response_body.started request=<Request [b'POST']>
2025-06-19 18:37:59,593 - httpcore.http11 - DEBUG - receive_response_body.complete
2025-06-19 18:37:59,593 - httpcore.http11 - DEBUG - response_closed.started
2025-06-19 18:37:59,593 - httpcore.http11 - DEBUG - response_closed.complete
2025-06-19 18:37:59,596 - telegram.ext.ExtBot - DEBUG - No new updates found.
2025-06-19 18:37:59,596 - telegram.ext.ExtBot - DEBUG - ()
2025-06-19 18:37:59,596 - telegram.ext.ExtBot - DEBUG - Exiting: get_updates
2025-06-19 18:37:59,596 - telegram.ext.ExtBot - DEBUG - Entering: get_updates
2025-06-19 18:37:59,598 - httpcore.http11 - DEBUG - send_request_headers.started request=<Request [b'POST']>
2025-06-19 18:37:59,598 - httpcore.http11 - DEBUG - send_request_headers.complete
2025-06-19 18:37:59,598 - httpcore.http11 - DEBUG - send_request_body.started request=<Request [b'POST']>
2025-06-19 18:37:59,600 - httpcore.http11 - DEBUG - send_request_body.complete
2025-06-19 18:37:59,600 - httpcore.http11 - DEBUG - receive_response_headers.started request=<Request [b'POST']>
2025-06-19 18:38:09,710 - httpcore.http11 - DEBUG - receive_response_headers.complete return_value=(b'HTTP/1.1', 200, b'OK', [(b'Server', b'nginx/1.18.0'), (b'Date', b'Thu, 19 Jun 2025 17:38:10 GMT'), (b'Content-Type', b'application/json'), (b'Content-Length', b'23'), (b'Connection', b'keep-alive'), (b'Strict-Transport-Security', b'max-age=31536000; includeSubDomains; preload'), (b'Access-Control-Allow-Origin', b'*'), (b'Access-Control-Allow-Methods', b'GET, POST, OPTIONS'), (b'Access-Control-Expose-Headers', b'Content-Length,Content-Type,Date,Server,Connection')])
2025-06-19 18:38:09,712 - httpx - INFO - HTTP Request: POST https://api.telegram.org/bot7707158318:AAE8rWa4Q8Z_3avql6K0HAmXaooZAReoNF0/getUpdates "HTTP/1.1 200 OK"
2025-06-19 18:38:09,725 - httpcore.http11 - DEBUG - receive_response_body.started request=<Request [b'POST']>
2025-06-19 18:38:09,726 - httpcore.http11 - DEBUG - receive_response_body.complete
2025-06-19 18:38:09,726 - httpcore.http11 - DEBUG - response_closed.started
2025-06-19 18:38:09,726 - httpcore.http11 - DEBUG - response_closed.complete
2025-06-19 18:38:09,726 - telegram.ext.ExtBot - DEBUG - No new updates found.
2025-06-19 18:38:09,728 - telegram.ext.ExtBot - DEBUG - ()
2025-06-19 18:38:09,728 - telegram.ext.ExtBot - DEBUG - Exiting: get_updates
2025-06-19 18:38:09,728 - telegram.ext.ExtBot - DEBUG - Entering: get_updates
2025-06-19 18:38:09,730 - httpcore.http11 - DEBUG - send_request_headers.started request=<Request [b'POST']>
2025-06-19 18:38:09,732 - httpcore.http11 - DEBUG - send_request_headers.complete
2025-06-19 18:38:09,732 - httpcore.http11 - DEBUG - send_request_body.started request=<Request [b'POST']>
2025-06-19 18:38:09,732 - httpcore.http11 - DEBUG - send_request_body.complete
2025-06-19 18:38:09,732 - httpcore.http11 - DEBUG - receive_response_headers.started request=<Request [b'POST']>
2025-06-19 18:38:19,837 - httpcore.http11 - DEBUG - receive_response_headers.complete return_value=(b'HTTP/1.1', 200, b'OK', [(b'Server', b'nginx/1.18.0'), (b'Date', b'Thu, 19 Jun 2025 17:38:20 GMT'), (b'Content-Type', b'application/json'), (b'Content-Length', b'23'), (b'Connection', b'keep-alive'), (b'Strict-Transport-Security', b'max-age=31536000; includeSubDomains; preload'), (b'Access-Control-Allow-Origin', b'*'), (b'Access-Control-Allow-Methods', b'GET, POST, OPTIONS'), (b'Access-Control-Expose-Headers', b'Content-Length,Content-Type,Date,Server,Connection')])
2025-06-19 18:38:19,842 - httpx - INFO - HTTP Request: POST https://api.telegram.org/bot7707158318:AAE8rWa4Q8Z_3avql6K0HAmXaooZAReoNF0/getUpdates "HTTP/1.1 200 OK"
2025-06-19 18:38:19,844 - httpcore.http11 - DEBUG - receive_response_body.started request=<Request [b'POST']>
2025-06-19 18:38:19,844 - httpcore.http11 - DEBUG - receive_response_body.complete
2025-06-19 18:38:19,844 - httpcore.http11 - DEBUG - response_closed.started
2025-06-19 18:38:19,845 - httpcore.http11 - DEBUG - response_closed.complete
2025-06-19 18:38:19,846 - telegram.ext.ExtBot - DEBUG - No new updates found.
2025-06-19 18:38:19,846 - telegram.ext.ExtBot - DEBUG - ()
2025-06-19 18:38:19,846 - telegram.ext.ExtBot - DEBUG - Exiting: get_updates
2025-06-19 18:38:19,846 - telegram.ext.ExtBot - DEBUG - Entering: get_updates
2025-06-19 18:38:19,849 - httpcore.http11 - DEBUG - send_request_headers.started request=<Request [b'POST']>
2025-06-19 18:38:19,851 - httpcore.http11 - DEBUG - send_request_headers.complete
2025-06-19 18:38:19,852 - httpcore.http11 - DEBUG - send_request_body.started request=<Request [b'POST']>
2025-06-19 18:38:19,852 - httpcore.http11 - DEBUG - send_request_body.complete
2025-06-19 18:38:19,852 - httpcore.http11 - DEBUG - receive_response_headers.started request=<Request [b'POST']>
2025-06-19 18:38:30,005 - httpcore.http11 - DEBUG - receive_response_headers.complete return_value=(b'HTTP/1.1', 200, b'OK', [(b'Server', b'nginx/1.18.0'), (b'Date', b'Thu, 19 Jun 2025 17:38:31 GMT'), (b'Content-Type', b'application/json'), (b'Content-Length', b'23'), (b'Connection', b'keep-alive'), (b'Strict-Transport-Security', b'max-age=31536000; includeSubDomains; preload'), (b'Access-Control-Allow-Origin', b'*'), (b'Access-Control-Allow-Methods', b'GET, POST, OPTIONS'), (b'Access-Control-Expose-Headers', b'Content-Length,Content-Type,Date,Server,Connection')])
2025-06-19 18:38:30,005 - httpx - INFO - HTTP Request: POST https://api.telegram.org/bot7707158318:AAE8rWa4Q8Z_3avql6K0HAmXaooZAReoNF0/getUpdates "HTTP/1.1 200 OK"
2025-06-19 18:38:30,006 - httpcore.http11 - DEBUG - receive_response_body.started request=<Request [b'POST']>
2025-06-19 18:38:30,007 - httpcore.http11 - DEBUG - receive_response_body.complete
2025-06-19 18:38:30,007 - httpcore.http11 - DEBUG - response_closed.started
2025-06-19 18:38:30,007 - httpcore.http11 - DEBUG - response_closed.complete
2025-06-19 18:38:30,009 - telegram.ext.ExtBot - DEBUG - No new updates found.
2025-06-19 18:38:30,009 - telegram.ext.ExtBot - DEBUG - ()
2025-06-19 18:38:30,009 - telegram.ext.ExtBot - DEBUG - Exiting: get_updates
2025-06-19 18:38:30,009 - telegram.ext.ExtBot - DEBUG - Entering: get_updates
2025-06-19 18:38:30,012 - httpcore.http11 - DEBUG - send_request_headers.started request=<Request [b'POST']>
2025-06-19 18:38:30,012 - httpcore.http11 - DEBUG - send_request_headers.complete
2025-06-19 18:38:30,012 - httpcore.http11 - DEBUG - send_request_body.started request=<Request [b'POST']>
2025-06-19 18:38:30,012 - httpcore.http11 - DEBUG - send_request_body.complete
2025-06-19 18:38:30,012 - httpcore.http11 - DEBUG - receive_response_headers.started request=<Request [b'POST']>
2025-06-19 18:38:40,117 - httpcore.http11 - DEBUG - receive_response_headers.complete return_value=(b'HTTP/1.1', 200, b'OK', [(b'Server', b'nginx/1.18.0'), (b'Date', b'Thu, 19 Jun 2025 17:38:41 GMT'), (b'Content-Type', b'application/json'), (b'Content-Length', b'23'), (b'Connection', b'keep-alive'), (b'Strict-Transport-Security', b'max-age=31536000; includeSubDomains; preload'), (b'Access-Control-Allow-Origin', b'*'), (b'Access-Control-Allow-Methods', b'GET, POST, OPTIONS'), (b'Access-Control-Expose-Headers', b'Content-Length,Content-Type,Date,Server,Connection')])
2025-06-19 18:38:40,117 - httpx - INFO - HTTP Request: POST https://api.telegram.org/bot7707158318:AAE8rWa4Q8Z_3avql6K0HAmXaooZAReoNF0/getUpdates "HTTP/1.1 200 OK"
2025-06-19 18:38:40,120 - httpcore.http11 - DEBUG - receive_response_body.started request=<Request [b'POST']>
2025-06-19 18:38:40,120 - httpcore.http11 - DEBUG - receive_response_body.complete
2025-06-19 18:38:40,120 - httpcore.http11 - DEBUG - response_closed.started
2025-06-19 18:38:40,120 - httpcore.http11 - DEBUG - response_closed.complete
2025-06-19 18:38:40,120 - telegram.ext.ExtBot - DEBUG - No new updates found.
2025-06-19 18:38:40,120 - telegram.ext.ExtBot - DEBUG - ()
2025-06-19 18:38:40,122 - telegram.ext.ExtBot - DEBUG - Exiting: get_updates
2025-06-19 18:38:40,122 - telegram.ext.ExtBot - DEBUG - Entering: get_updates
2025-06-19 18:38:40,123 - httpcore.http11 - DEBUG - send_request_headers.started request=<Request [b'POST']>
2025-06-19 18:38:40,124 - httpcore.http11 - DEBUG - send_request_headers.complete
2025-06-19 18:38:40,124 - httpcore.http11 - DEBUG - send_request_body.started request=<Request [b'POST']>
2025-06-19 18:38:40,125 - httpcore.http11 - DEBUG - send_request_body.complete
2025-06-19 18:38:40,125 - httpcore.http11 - DEBUG - receive_response_headers.started request=<Request [b'POST']>
2025-06-19 18:38:50,200 - httpcore.http11 - DEBUG - receive_response_headers.complete return_value=(b'HTTP/1.1', 200, b'OK', [(b'Server', b'nginx/1.18.0'), (b'Date', b'Thu, 19 Jun 2025 17:38:51 GMT'), (b'Content-Type', b'application/json'), (b'Content-Length', b'23'), (b'Connection', b'keep-alive'), (b'Strict-Transport-Security', b'max-age=31536000; includeSubDomains; preload'), (b'Access-Control-Allow-Origin', b'*'), (b'Access-Control-Allow-Methods', b'GET, POST, OPTIONS'), (b'Access-Control-Expose-Headers', b'Content-Length,Content-Type,Date,Server,Connection')])
2025-06-19 18:38:50,202 - httpx - INFO - HTTP Request: POST https://api.telegram.org/bot7707158318:AAE8rWa4Q8Z_3avql6K0HAmXaooZAReoNF0/getUpdates "HTTP/1.1 200 OK"
2025-06-19 18:38:50,202 - httpcore.http11 - DEBUG - receive_response_body.started request=<Request [b'POST']>
2025-06-19 18:38:50,202 - httpcore.http11 - DEBUG - receive_response_body.complete
2025-06-19 18:38:50,204 - httpcore.http11 - DEBUG - response_closed.started
2025-06-19 18:38:50,204 - httpcore.http11 - DEBUG - response_closed.complete
2025-06-19 18:38:50,204 - telegram.ext.ExtBot - DEBUG - No new updates found.
2025-06-19 18:38:50,204 - telegram.ext.ExtBot - DEBUG - ()
2025-06-19 18:38:50,204 - telegram.ext.ExtBot - DEBUG - Exiting: get_updates
2025-06-19 18:38:50,204 - telegram.ext.ExtBot - DEBUG - Entering: get_updates
2025-06-19 18:38:50,207 - httpcore.http11 - DEBUG - send_request_headers.started request=<Request [b'POST']>
2025-06-19 18:38:50,207 - httpcore.http11 - DEBUG - send_request_headers.complete
2025-06-19 18:38:50,209 - httpcore.http11 - DEBUG - send_request_body.started request=<Request [b'POST']>
2025-06-19 18:38:50,210 - httpcore.http11 - DEBUG - send_request_body.complete
2025-06-19 18:38:50,210 - httpcore.http11 - DEBUG - receive_response_headers.started request=<Request [b'POST']>
2025-06-19 18:39:00,356 - httpcore.http11 - DEBUG - receive_response_headers.complete return_value=(b'HTTP/1.1', 200, b'OK', [(b'Server', b'nginx/1.18.0'), (b'Date', b'Thu, 19 Jun 2025 17:39:01 GMT'), (b'Content-Type', b'application/json'), (b'Content-Length', b'23'), (b'Connection', b'keep-alive'), (b'Strict-Transport-Security', b'max-age=31536000; includeSubDomains; preload'), (b'Access-Control-Allow-Origin', b'*'), (b'Access-Control-Allow-Methods', b'GET, POST, OPTIONS'), (b'Access-Control-Expose-Headers', b'Content-Length,Content-Type,Date,Server,Connection')])
2025-06-19 18:39:00,358 - httpx - INFO - HTTP Request: POST https://api.telegram.org/bot7707158318:AAE8rWa4Q8Z_3avql6K0HAmXaooZAReoNF0/getUpdates "HTTP/1.1 200 OK"
2025-06-19 18:39:00,359 - httpcore.http11 - DEBUG - receive_response_body.started request=<Request [b'POST']>
2025-06-19 18:39:00,359 - httpcore.http11 - DEBUG - receive_response_body.complete
2025-06-19 18:39:00,361 - httpcore.http11 - DEBUG - response_closed.started
2025-06-19 18:39:00,361 - httpcore.http11 - DEBUG - response_closed.complete
2025-06-19 18:39:00,361 - telegram.ext.ExtBot - DEBUG - No new updates found.
2025-06-19 18:39:00,361 - telegram.ext.ExtBot - DEBUG - ()
2025-06-19 18:39:00,361 - telegram.ext.ExtBot - DEBUG - Exiting: get_updates
2025-06-19 18:39:00,361 - telegram.ext.ExtBot - DEBUG - Entering: get_updates
2025-06-19 18:39:00,363 - httpcore.http11 - DEBUG - send_request_headers.started request=<Request [b'POST']>
2025-06-19 18:39:00,365 - httpcore.http11 - DEBUG - send_request_headers.complete
2025-06-19 18:39:00,365 - httpcore.http11 - DEBUG - send_request_body.started request=<Request [b'POST']>
2025-06-19 18:39:00,367 - httpcore.http11 - DEBUG - send_request_body.complete
2025-06-19 18:39:00,367 - httpcore.http11 - DEBUG - receive_response_headers.started request=<Request [b'POST']>
2025-06-19 18:39:10,450 - httpcore.http11 - DEBUG - receive_response_headers.complete return_value=(b'HTTP/1.1', 200, b'OK', [(b'Server', b'nginx/1.18.0'), (b'Date', b'Thu, 19 Jun 2025 17:39:11 GMT'), (b'Content-Type', b'application/json'), (b'Content-Length', b'23'), (b'Connection', b'keep-alive'), (b'Strict-Transport-Security', b'max-age=31536000; includeSubDomains; preload'), (b'Access-Control-Allow-Origin', b'*'), (b'Access-Control-Allow-Methods', b'GET, POST, OPTIONS'), (b'Access-Control-Expose-Headers', b'Content-Length,Content-Type,Date,Server,Connection')])
2025-06-19 18:39:10,450 - httpx - INFO - HTTP Request: POST https://api.telegram.org/bot7707158318:AAE8rWa4Q8Z_3avql6K0HAmXaooZAReoNF0/getUpdates "HTTP/1.1 200 OK"
2025-06-19 18:39:10,453 - httpcore.http11 - DEBUG - receive_response_body.started request=<Request [b'POST']>
2025-06-19 18:39:10,454 - httpcore.http11 - DEBUG - receive_response_body.complete
2025-06-19 18:39:10,454 - httpcore.http11 - DEBUG - response_closed.started
2025-06-19 18:39:10,454 - httpcore.http11 - DEBUG - response_closed.complete
2025-06-19 18:39:10,454 - telegram.ext.ExtBot - DEBUG - No new updates found.
2025-06-19 18:39:10,457 - telegram.ext.ExtBot - DEBUG - ()
2025-06-19 18:39:10,457 - telegram.ext.ExtBot - DEBUG - Exiting: get_updates
2025-06-19 18:39:10,457 - telegram.ext.ExtBot - DEBUG - Entering: get_updates
2025-06-19 18:39:10,459 - httpcore.http11 - DEBUG - send_request_headers.started request=<Request [b'POST']>
2025-06-19 18:39:10,460 - httpcore.http11 - DEBUG - send_request_headers.complete
2025-06-19 18:39:10,460 - httpcore.http11 - DEBUG - send_request_body.started request=<Request [b'POST']>
2025-06-19 18:39:10,460 - httpcore.http11 - DEBUG - send_request_body.complete
2025-06-19 18:39:10,460 - httpcore.http11 - DEBUG - receive_response_headers.started request=<Request [b'POST']>
2025-06-19 18:39:20,550 - httpcore.http11 - DEBUG - receive_response_headers.complete return_value=(b'HTTP/1.1', 200, b'OK', [(b'Server', b'nginx/1.18.0'), (b'Date', b'Thu, 19 Jun 2025 17:39:21 GMT'), (b'Content-Type', b'application/json'), (b'Content-Length', b'23'), (b'Connection', b'keep-alive'), (b'Strict-Transport-Security', b'max-age=31536000; includeSubDomains; preload'), (b'Access-Control-Allow-Origin', b'*'), (b'Access-Control-Allow-Methods', b'GET, POST, OPTIONS'), (b'Access-Control-Expose-Headers', b'Content-Length,Content-Type,Date,Server,Connection')])
2025-06-19 18:39:20,553 - httpx - INFO - HTTP Request: POST https://api.telegram.org/bot7707158318:AAE8rWa4Q8Z_3avql6K0HAmXaooZAReoNF0/getUpdates "HTTP/1.1 200 OK"
2025-06-19 18:39:20,553 - httpcore.http11 - DEBUG - receive_response_body.started request=<Request [b'POST']>
2025-06-19 18:39:20,555 - httpcore.http11 - DEBUG - receive_response_body.complete
2025-06-19 18:39:20,555 - httpcore.http11 - DEBUG - response_closed.started
2025-06-19 18:39:20,555 - httpcore.http11 - DEBUG - response_closed.complete
2025-06-19 18:39:20,555 - telegram.ext.ExtBot - DEBUG - No new updates found.
2025-06-19 18:39:20,555 - telegram.ext.ExtBot - DEBUG - ()
2025-06-19 18:39:20,557 - telegram.ext.ExtBot - DEBUG - Exiting: get_updates
2025-06-19 18:39:20,557 - telegram.ext.ExtBot - DEBUG - Entering: get_updates
2025-06-19 18:39:20,559 - httpcore.http11 - DEBUG - send_request_headers.started request=<Request [b'POST']>
2025-06-19 18:39:20,560 - httpcore.http11 - DEBUG - send_request_headers.complete
2025-06-19 18:39:20,560 - httpcore.http11 - DEBUG - send_request_body.started request=<Request [b'POST']>
2025-06-19 18:39:20,560 - httpcore.http11 - DEBUG - send_request_body.complete
2025-06-19 18:39:20,561 - httpcore.http11 - DEBUG - receive_response_headers.started request=<Request [b'POST']>
2025-06-19 18:39:30,684 - httpcore.http11 - DEBUG - receive_response_headers.complete return_value=(b'HTTP/1.1', 200, b'OK', [(b'Server', b'nginx/1.18.0'), (b'Date', b'Thu, 19 Jun 2025 17:39:31 GMT'), (b'Content-Type', b'application/json'), (b'Content-Length', b'23'), (b'Connection', b'keep-alive'), (b'Strict-Transport-Security', b'max-age=31536000; includeSubDomains; preload'), (b'Access-Control-Allow-Origin', b'*'), (b'Access-Control-Allow-Methods', b'GET, POST, OPTIONS'), (b'Access-Control-Expose-Headers', b'Content-Length,Content-Type,Date,Server,Connection')])
2025-06-19 18:39:30,686 - httpx - INFO - HTTP Request: POST https://api.telegram.org/bot7707158318:AAE8rWa4Q8Z_3avql6K0HAmXaooZAReoNF0/getUpdates "HTTP/1.1 200 OK"
2025-06-19 18:39:30,687 - httpcore.http11 - DEBUG - receive_response_body.started request=<Request [b'POST']>
2025-06-19 18:39:30,687 - httpcore.http11 - DEBUG - receive_response_body.complete
2025-06-19 18:39:30,687 - httpcore.http11 - DEBUG - response_closed.started
2025-06-19 18:39:30,687 - httpcore.http11 - DEBUG - response_closed.complete
2025-06-19 18:39:30,687 - telegram.ext.ExtBot - DEBUG - No new updates found.
2025-06-19 18:39:30,687 - telegram.ext.ExtBot - DEBUG - ()
2025-06-19 18:39:30,687 - telegram.ext.ExtBot - DEBUG - Exiting: get_updates
2025-06-19 18:39:30,687 - telegram.ext.ExtBot - DEBUG - Entering: get_updates
2025-06-19 18:39:30,690 - httpcore.http11 - DEBUG - send_request_headers.started request=<Request [b'POST']>
2025-06-19 18:39:30,693 - httpcore.http11 - DEBUG - send_request_headers.complete
2025-06-19 18:39:30,693 - httpcore.http11 - DEBUG - send_request_body.started request=<Request [b'POST']>
2025-06-19 18:39:30,695 - httpcore.http11 - DEBUG - send_request_body.complete
2025-06-19 18:39:30,695 - httpcore.http11 - DEBUG - receive_response_headers.started request=<Request [b'POST']>
2025-06-19 18:39:40,792 - httpcore.http11 - DEBUG - receive_response_headers.complete return_value=(b'HTTP/1.1', 200, b'OK', [(b'Server', b'nginx/1.18.0'), (b'Date', b'Thu, 19 Jun 2025 17:39:41 GMT'), (b'Content-Type', b'application/json'), (b'Content-Length', b'23'), (b'Connection', b'keep-alive'), (b'Strict-Transport-Security', b'max-age=31536000; includeSubDomains; preload'), (b'Access-Control-Allow-Origin', b'*'), (b'Access-Control-Allow-Methods', b'GET, POST, OPTIONS'), (b'Access-Control-Expose-Headers', b'Content-Length,Content-Type,Date,Server,Connection')])
2025-06-19 18:39:40,794 - httpx - INFO - HTTP Request: POST https://api.telegram.org/bot7707158318:AAE8rWa4Q8Z_3avql6K0HAmXaooZAReoNF0/getUpdates "HTTP/1.1 200 OK"
2025-06-19 18:39:40,794 - httpcore.http11 - DEBUG - receive_response_body.started request=<Request [b'POST']>
2025-06-19 18:39:40,796 - httpcore.http11 - DEBUG - receive_response_body.complete
2025-06-19 18:39:40,796 - httpcore.http11 - DEBUG - response_closed.started
2025-06-19 18:39:40,796 - httpcore.http11 - DEBUG - response_closed.complete
2025-06-19 18:39:40,796 - telegram.ext.ExtBot - DEBUG - No new updates found.
2025-06-19 18:39:40,796 - telegram.ext.ExtBot - DEBUG - ()
2025-06-19 18:39:40,796 - telegram.ext.ExtBot - DEBUG - Exiting: get_updates
2025-06-19 18:39:40,798 - telegram.ext.ExtBot - DEBUG - Entering: get_updates
2025-06-19 18:39:40,800 - httpcore.http11 - DEBUG - send_request_headers.started request=<Request [b'POST']>
2025-06-19 18:39:40,800 - httpcore.http11 - DEBUG - send_request_headers.complete
2025-06-19 18:39:40,800 - httpcore.http11 - DEBUG - send_request_body.started request=<Request [b'POST']>
2025-06-19 18:39:40,800 - httpcore.http11 - DEBUG - send_request_body.complete
2025-06-19 18:39:40,800 - httpcore.http11 - DEBUG - receive_response_headers.started request=<Request [b'POST']>
2025-06-19 18:39:50,911 - httpcore.http11 - DEBUG - receive_response_headers.complete return_value=(b'HTTP/1.1', 200, b'OK', [(b'Server', b'nginx/1.18.0'), (b'Date', b'Thu, 19 Jun 2025 17:39:52 GMT'), (b'Content-Type', b'application/json'), (b'Content-Length', b'23'), (b'Connection', b'keep-alive'), (b'Strict-Transport-Security', b'max-age=31536000; includeSubDomains; preload'), (b'Access-Control-Allow-Origin', b'*'), (b'Access-Control-Allow-Methods', b'GET, POST, OPTIONS'), (b'Access-Control-Expose-Headers', b'Content-Length,Content-Type,Date,Server,Connection')])
2025-06-19 18:39:50,911 - httpx - INFO - HTTP Request: POST https://api.telegram.org/bot7707158318:AAE8rWa4Q8Z_3avql6K0HAmXaooZAReoNF0/getUpdates "HTTP/1.1 200 OK"
2025-06-19 18:39:50,911 - httpcore.http11 - DEBUG - receive_response_body.started request=<Request [b'POST']>
2025-06-19 18:39:50,911 - httpcore.http11 - DEBUG - receive_response_body.complete
2025-06-19 18:39:50,911 - httpcore.http11 - DEBUG - response_closed.started
2025-06-19 18:39:50,911 - httpcore.http11 - DEBUG - response_closed.complete
2025-06-19 18:39:50,917 - telegram.ext.ExtBot - DEBUG - No new updates found.
2025-06-19 18:39:50,917 - telegram.ext.ExtBot - DEBUG - ()
2025-06-19 18:39:50,917 - telegram.ext.ExtBot - DEBUG - Exiting: get_updates
2025-06-19 18:39:50,917 - telegram.ext.ExtBot - DEBUG - Entering: get_updates
2025-06-19 18:39:50,919 - httpcore.http11 - DEBUG - send_request_headers.started request=<Request [b'POST']>
2025-06-19 18:39:50,919 - httpcore.http11 - DEBUG - send_request_headers.complete
2025-06-19 18:39:50,921 - httpcore.http11 - DEBUG - send_request_body.started request=<Request [b'POST']>
2025-06-19 18:39:50,921 - httpcore.http11 - DEBUG - send_request_body.complete
2025-06-19 18:39:50,921 - httpcore.http11 - DEBUG - receive_response_headers.started request=<Request [b'POST']>
2025-06-19 18:40:01,238 - httpcore.http11 - DEBUG - receive_response_headers.complete return_value=(b'HTTP/1.1', 200, b'OK', [(b'Server', b'nginx/1.18.0'), (b'Date', b'Thu, 19 Jun 2025 17:40:02 GMT'), (b'Content-Type', b'application/json'), (b'Content-Length', b'23'), (b'Connection', b'keep-alive'), (b'Strict-Transport-Security', b'max-age=31536000; includeSubDomains; preload'), (b'Access-Control-Allow-Origin', b'*'), (b'Access-Control-Allow-Methods', b'GET, POST, OPTIONS'), (b'Access-Control-Expose-Headers', b'Content-Length,Content-Type,Date,Server,Connection')])
2025-06-19 18:40:01,238 - httpx - INFO - HTTP Request: POST https://api.telegram.org/bot7707158318:AAE8rWa4Q8Z_3avql6K0HAmXaooZAReoNF0/getUpdates "HTTP/1.1 200 OK"
2025-06-19 18:40:01,238 - httpcore.http11 - DEBUG - receive_response_body.started request=<Request [b'POST']>
2025-06-19 18:40:01,238 - httpcore.http11 - DEBUG - receive_response_body.complete
2025-06-19 18:40:01,238 - httpcore.http11 - DEBUG - response_closed.started
2025-06-19 18:40:01,245 - httpcore.http11 - DEBUG - response_closed.complete
2025-06-19 18:40:01,245 - telegram.ext.ExtBot - DEBUG - No new updates found.
2025-06-19 18:40:01,245 - telegram.ext.ExtBot - DEBUG - ()
2025-06-19 18:40:01,245 - telegram.ext.ExtBot - DEBUG - Exiting: get_updates
2025-06-19 18:40:01,245 - telegram.ext.ExtBot - DEBUG - Entering: get_updates
2025-06-19 18:40:01,249 - httpcore.http11 - DEBUG - send_request_headers.started request=<Request [b'POST']>
2025-06-19 18:40:01,250 - httpcore.http11 - DEBUG - send_request_headers.complete
2025-06-19 18:40:01,250 - httpcore.http11 - DEBUG - send_request_body.started request=<Request [b'POST']>
2025-06-19 18:40:01,252 - httpcore.http11 - DEBUG - send_request_body.complete
2025-06-19 18:40:01,252 - httpcore.http11 - DEBUG - receive_response_headers.started request=<Request [b'POST']>
2025-06-19 18:40:11,349 - httpcore.http11 - DEBUG - receive_response_headers.complete return_value=(b'HTTP/1.1', 200, b'OK', [(b'Server', b'nginx/1.18.0'), (b'Date', b'Thu, 19 Jun 2025 17:40:12 GMT'), (b'Content-Type', b'application/json'), (b'Content-Length', b'23'), (b'Connection', b'keep-alive'), (b'Strict-Transport-Security', b'max-age=31536000; includeSubDomains; preload'), (b'Access-Control-Allow-Origin', b'*'), (b'Access-Control-Allow-Methods', b'GET, POST, OPTIONS'), (b'Access-Control-Expose-Headers', b'Content-Length,Content-Type,Date,Server,Connection')])
2025-06-19 18:40:11,351 - httpx - INFO - HTTP Request: POST https://api.telegram.org/bot7707158318:AAE8rWa4Q8Z_3avql6K0HAmXaooZAReoNF0/getUpdates "HTTP/1.1 200 OK"
2025-06-19 18:40:11,351 - httpcore.http11 - DEBUG - receive_response_body.started request=<Request [b'POST']>
2025-06-19 18:40:11,351 - httpcore.http11 - DEBUG - receive_response_body.complete
2025-06-19 18:40:11,354 - httpcore.http11 - DEBUG - response_closed.started
2025-06-19 18:40:11,354 - httpcore.http11 - DEBUG - response_closed.complete
2025-06-19 18:40:11,356 - telegram.ext.ExtBot - DEBUG - No new updates found.
2025-06-19 18:40:11,356 - telegram.ext.ExtBot - DEBUG - ()
2025-06-19 18:40:11,356 - telegram.ext.ExtBot - DEBUG - Exiting: get_updates
2025-06-19 18:40:11,356 - telegram.ext.ExtBot - DEBUG - Entering: get_updates
2025-06-19 18:40:11,361 - httpcore.http11 - DEBUG - send_request_headers.started request=<Request [b'POST']>
2025-06-19 18:40:11,362 - httpcore.http11 - DEBUG - send_request_headers.complete
2025-06-19 18:40:11,362 - httpcore.http11 - DEBUG - send_request_body.started request=<Request [b'POST']>
2025-06-19 18:40:11,364 - httpcore.http11 - DEBUG - send_request_body.complete
2025-06-19 18:40:11,365 - httpcore.http11 - DEBUG - receive_response_headers.started request=<Request [b'POST']>
2025-06-19 18:40:21,467 - httpcore.http11 - DEBUG - receive_response_headers.complete return_value=(b'HTTP/1.1', 200, b'OK', [(b'Server', b'nginx/1.18.0'), (b'Date', b'Thu, 19 Jun 2025 17:40:22 GMT'), (b'Content-Type', b'application/json'), (b'Content-Length', b'23'), (b'Connection', b'keep-alive'), (b'Strict-Transport-Security', b'max-age=31536000; includeSubDomains; preload'), (b'Access-Control-Allow-Origin', b'*'), (b'Access-Control-Allow-Methods', b'GET, POST, OPTIONS'), (b'Access-Control-Expose-Headers', b'Content-Length,Content-Type,Date,Server,Connection')])
2025-06-19 18:40:21,469 - httpx - INFO - HTTP Request: POST https://api.telegram.org/bot7707158318:AAE8rWa4Q8Z_3avql6K0HAmXaooZAReoNF0/getUpdates "HTTP/1.1 200 OK"
2025-06-19 18:40:21,470 - httpcore.http11 - DEBUG - receive_response_body.started request=<Request [b'POST']>
2025-06-19 18:40:21,471 - httpcore.http11 - DEBUG - receive_response_body.complete
2025-06-19 18:40:21,471 - httpcore.http11 - DEBUG - response_closed.started
2025-06-19 18:40:21,471 - httpcore.http11 - DEBUG - response_closed.complete
2025-06-19 18:40:21,471 - telegram.ext.ExtBot - DEBUG - No new updates found.
2025-06-19 18:40:21,471 - telegram.ext.ExtBot - DEBUG - ()
2025-06-19 18:40:21,473 - telegram.ext.ExtBot - DEBUG - Exiting: get_updates
2025-06-19 18:40:21,473 - telegram.ext.ExtBot - DEBUG - Entering: get_updates
2025-06-19 18:40:21,475 - httpcore.http11 - DEBUG - send_request_headers.started request=<Request [b'POST']>
2025-06-19 18:40:21,475 - httpcore.http11 - DEBUG - send_request_headers.complete
2025-06-19 18:40:21,475 - httpcore.http11 - DEBUG - send_request_body.started request=<Request [b'POST']>
2025-06-19 18:40:21,477 - httpcore.http11 - DEBUG - send_request_body.complete
2025-06-19 18:40:21,477 - httpcore.http11 - DEBUG - receive_response_headers.started request=<Request [b'POST']>
2025-06-19 18:40:31,640 - httpcore.http11 - DEBUG - receive_response_headers.complete return_value=(b'HTTP/1.1', 200, b'OK', [(b'Server', b'nginx/1.18.0'), (b'Date', b'Thu, 19 Jun 2025 17:40:32 GMT'), (b'Content-Type', b'application/json'), (b'Content-Length', b'23'), (b'Connection', b'keep-alive'), (b'Strict-Transport-Security', b'max-age=31536000; includeSubDomains; preload'), (b'Access-Control-Allow-Origin', b'*'), (b'Access-Control-Allow-Methods', b'GET, POST, OPTIONS'), (b'Access-Control-Expose-Headers', b'Content-Length,Content-Type,Date,Server,Connection')])
2025-06-19 18:40:31,642 - httpx - INFO - HTTP Request: POST https://api.telegram.org/bot7707158318:AAE8rWa4Q8Z_3avql6K0HAmXaooZAReoNF0/getUpdates "HTTP/1.1 200 OK"
2025-06-19 18:40:31,643 - httpcore.http11 - DEBUG - receive_response_body.started request=<Request [b'POST']>
2025-06-19 18:40:31,643 - httpcore.http11 - DEBUG - receive_response_body.complete
2025-06-19 18:40:31,643 - httpcore.http11 - DEBUG - response_closed.started
2025-06-19 18:40:31,643 - httpcore.http11 - DEBUG - response_closed.complete
2025-06-19 18:40:31,645 - telegram.ext.ExtBot - DEBUG - No new updates found.
2025-06-19 18:40:31,645 - telegram.ext.ExtBot - DEBUG - ()
2025-06-19 18:40:31,645 - telegram.ext.ExtBot - DEBUG - Exiting: get_updates
2025-06-19 18:40:31,646 - telegram.ext.ExtBot - DEBUG - Entering: get_updates
2025-06-19 18:40:31,648 - httpcore.http11 - DEBUG - send_request_headers.started request=<Request [b'POST']>
2025-06-19 18:40:31,649 - httpcore.http11 - DEBUG - send_request_headers.complete
2025-06-19 18:40:31,649 - httpcore.http11 - DEBUG - send_request_body.started request=<Request [b'POST']>
2025-06-19 18:40:31,650 - httpcore.http11 - DEBUG - send_request_body.complete
2025-06-19 18:40:31,650 - httpcore.http11 - DEBUG - receive_response_headers.started request=<Request [b'POST']>
2025-06-19 18:40:42,000 - httpcore.http11 - DEBUG - receive_response_headers.complete return_value=(b'HTTP/1.1', 200, b'OK', [(b'Server', b'nginx/1.18.0'), (b'Date', b'Thu, 19 Jun 2025 17:40:42 GMT'), (b'Content-Type', b'application/json'), (b'Content-Length', b'23'), (b'Connection', b'keep-alive'), (b'Strict-Transport-Security', b'max-age=31536000; includeSubDomains; preload'), (b'Access-Control-Allow-Origin', b'*'), (b'Access-Control-Allow-Methods', b'GET, POST, OPTIONS'), (b'Access-Control-Expose-Headers', b'Content-Length,Content-Type,Date,Server,Connection')])
2025-06-19 18:40:42,001 - httpx - INFO - HTTP Request: POST https://api.telegram.org/bot7707158318:AAE8rWa4Q8Z_3avql6K0HAmXaooZAReoNF0/getUpdates "HTTP/1.1 200 OK"
2025-06-19 18:40:42,002 - httpcore.http11 - DEBUG - receive_response_body.started request=<Request [b'POST']>
2025-06-19 18:40:42,004 - httpcore.http11 - DEBUG - receive_response_body.complete
2025-06-19 18:40:42,004 - httpcore.http11 - DEBUG - response_closed.started
2025-06-19 18:40:42,004 - httpcore.http11 - DEBUG - response_closed.complete
2025-06-19 18:40:42,005 - telegram.ext.ExtBot - DEBUG - No new updates found.
2025-06-19 18:40:42,005 - telegram.ext.ExtBot - DEBUG - ()
2025-06-19 18:40:42,006 - telegram.ext.ExtBot - DEBUG - Exiting: get_updates
2025-06-19 18:40:42,006 - telegram.ext.ExtBot - DEBUG - Entering: get_updates
2025-06-19 18:40:42,007 - httpcore.http11 - DEBUG - send_request_headers.started request=<Request [b'POST']>
2025-06-19 18:40:42,010 - httpcore.http11 - DEBUG - send_request_headers.complete
2025-06-19 18:40:42,010 - httpcore.http11 - DEBUG - send_request_body.started request=<Request [b'POST']>
2025-06-19 18:40:42,011 - httpcore.http11 - DEBUG - send_request_body.complete
2025-06-19 18:40:42,011 - httpcore.http11 - DEBUG - receive_response_headers.started request=<Request [b'POST']>
2025-06-19 18:40:52,135 - httpcore.http11 - DEBUG - receive_response_headers.complete return_value=(b'HTTP/1.1', 200, b'OK', [(b'Server', b'nginx/1.18.0'), (b'Date', b'Thu, 19 Jun 2025 17:40:53 GMT'), (b'Content-Type', b'application/json'), (b'Content-Length', b'23'), (b'Connection', b'keep-alive'), (b'Strict-Transport-Security', b'max-age=31536000; includeSubDomains; preload'), (b'Access-Control-Allow-Origin', b'*'), (b'Access-Control-Allow-Methods', b'GET, POST, OPTIONS'), (b'Access-Control-Expose-Headers', b'Content-Length,Content-Type,Date,Server,Connection')])
2025-06-19 18:40:52,137 - httpx - INFO - HTTP Request: POST https://api.telegram.org/bot7707158318:AAE8rWa4Q8Z_3avql6K0HAmXaooZAReoNF0/getUpdates "HTTP/1.1 200 OK"
2025-06-19 18:40:52,139 - httpcore.http11 - DEBUG - receive_response_body.started request=<Request [b'POST']>
2025-06-19 18:40:52,140 - httpcore.http11 - DEBUG - receive_response_body.complete
2025-06-19 18:40:52,140 - httpcore.http11 - DEBUG - response_closed.started
2025-06-19 18:40:52,140 - httpcore.http11 - DEBUG - response_closed.complete
2025-06-19 18:40:52,140 - telegram.ext.ExtBot - DEBUG - No new updates found.
2025-06-19 18:40:52,140 - telegram.ext.ExtBot - DEBUG - ()
2025-06-19 18:40:52,140 - telegram.ext.ExtBot - DEBUG - Exiting: get_updates
2025-06-19 18:40:52,140 - telegram.ext.ExtBot - DEBUG - Entering: get_updates
2025-06-19 18:40:52,144 - httpcore.http11 - DEBUG - send_request_headers.started request=<Request [b'POST']>
2025-06-19 18:40:52,146 - httpcore.http11 - DEBUG - send_request_headers.complete
2025-06-19 18:40:52,146 - httpcore.http11 - DEBUG - send_request_body.started request=<Request [b'POST']>
2025-06-19 18:40:52,146 - httpcore.http11 - DEBUG - send_request_body.complete
2025-06-19 18:40:52,146 - httpcore.http11 - DEBUG - receive_response_headers.started request=<Request [b'POST']>
2025-06-19 18:41:02,478 - httpcore.http11 - DEBUG - receive_response_headers.complete return_value=(b'HTTP/1.1', 200, b'OK', [(b'Server', b'nginx/1.18.0'), (b'Date', b'Thu, 19 Jun 2025 17:41:03 GMT'), (b'Content-Type', b'application/json'), (b'Content-Length', b'23'), (b'Connection', b'keep-alive'), (b'Strict-Transport-Security', b'max-age=31536000; includeSubDomains; preload'), (b'Access-Control-Allow-Origin', b'*'), (b'Access-Control-Allow-Methods', b'GET, POST, OPTIONS'), (b'Access-Control-Expose-Headers', b'Content-Length,Content-Type,Date,Server,Connection')])
2025-06-19 18:41:02,480 - httpx - INFO - HTTP Request: POST https://api.telegram.org/bot7707158318:AAE8rWa4Q8Z_3avql6K0HAmXaooZAReoNF0/getUpdates "HTTP/1.1 200 OK"
2025-06-19 18:41:02,480 - httpcore.http11 - DEBUG - receive_response_body.started request=<Request [b'POST']>
2025-06-19 18:41:02,481 - httpcore.http11 - DEBUG - receive_response_body.complete
2025-06-19 18:41:02,482 - httpcore.http11 - DEBUG - response_closed.started
2025-06-19 18:41:02,482 - httpcore.http11 - DEBUG - response_closed.complete
2025-06-19 18:41:02,483 - telegram.ext.ExtBot - DEBUG - No new updates found.
2025-06-19 18:41:02,483 - telegram.ext.ExtBot - DEBUG - ()
2025-06-19 18:41:02,485 - telegram.ext.ExtBot - DEBUG - Exiting: get_updates
2025-06-19 18:41:02,485 - telegram.ext.ExtBot - DEBUG - Entering: get_updates
2025-06-19 18:41:02,487 - httpcore.http11 - DEBUG - send_request_headers.started request=<Request [b'POST']>
2025-06-19 18:41:02,488 - httpcore.http11 - DEBUG - send_request_headers.complete
2025-06-19 18:41:02,488 - httpcore.http11 - DEBUG - send_request_body.started request=<Request [b'POST']>
2025-06-19 18:41:02,489 - httpcore.http11 - DEBUG - send_request_body.complete
2025-06-19 18:41:02,489 - httpcore.http11 - DEBUG - receive_response_headers.started request=<Request [b'POST']>
2025-06-19 18:41:12,575 - httpcore.http11 - DEBUG - receive_response_headers.complete return_value=(b'HTTP/1.1', 200, b'OK', [(b'Server', b'nginx/1.18.0'), (b'Date', b'Thu, 19 Jun 2025 17:41:13 GMT'), (b'Content-Type', b'application/json'), (b'Content-Length', b'23'), (b'Connection', b'keep-alive'), (b'Strict-Transport-Security', b'max-age=31536000; includeSubDomains; preload'), (b'Access-Control-Allow-Origin', b'*'), (b'Access-Control-Allow-Methods', b'GET, POST, OPTIONS'), (b'Access-Control-Expose-Headers', b'Content-Length,Content-Type,Date,Server,Connection')])
2025-06-19 18:41:12,577 - httpx - INFO - HTTP Request: POST https://api.telegram.org/bot7707158318:AAE8rWa4Q8Z_3avql6K0HAmXaooZAReoNF0/getUpdates "HTTP/1.1 200 OK"
2025-06-19 18:41:12,577 - httpcore.http11 - DEBUG - receive_response_body.started request=<Request [b'POST']>
2025-06-19 18:41:12,579 - httpcore.http11 - DEBUG - receive_response_body.complete
2025-06-19 18:41:12,579 - httpcore.http11 - DEBUG - response_closed.started
2025-06-19 18:41:12,579 - httpcore.http11 - DEBUG - response_closed.complete
2025-06-19 18:41:12,580 - telegram.ext.ExtBot - DEBUG - No new updates found.
2025-06-19 18:41:12,580 - telegram.ext.ExtBot - DEBUG - ()
2025-06-19 18:41:12,580 - telegram.ext.ExtBot - DEBUG - Exiting: get_updates
2025-06-19 18:41:12,581 - telegram.ext.ExtBot - DEBUG - Entering: get_updates
2025-06-19 18:41:12,581 - httpcore.http11 - DEBUG - send_request_headers.started request=<Request [b'POST']>
2025-06-19 18:41:12,581 - httpcore.http11 - DEBUG - send_request_headers.complete
2025-06-19 18:41:12,581 - httpcore.http11 - DEBUG - send_request_body.started request=<Request [b'POST']>
2025-06-19 18:41:12,585 - httpcore.http11 - DEBUG - send_request_body.complete
2025-06-19 18:41:12,585 - httpcore.http11 - DEBUG - receive_response_headers.started request=<Request [b'POST']>
2025-06-19 18:41:22,959 - httpcore.http11 - DEBUG - receive_response_headers.complete return_value=(b'HTTP/1.1', 200, b'OK', [(b'Server', b'nginx/1.18.0'), (b'Date', b'Thu, 19 Jun 2025 17:41:23 GMT'), (b'Content-Type', b'application/json'), (b'Content-Length', b'23'), (b'Connection', b'keep-alive'), (b'Strict-Transport-Security', b'max-age=31536000; includeSubDomains; preload'), (b'Access-Control-Allow-Origin', b'*'), (b'Access-Control-Allow-Methods', b'GET, POST, OPTIONS'), (b'Access-Control-Expose-Headers', b'Content-Length,Content-Type,Date,Server,Connection')])
2025-06-19 18:41:22,960 - httpx - INFO - HTTP Request: POST https://api.telegram.org/bot7707158318:AAE8rWa4Q8Z_3avql6K0HAmXaooZAReoNF0/getUpdates "HTTP/1.1 200 OK"
2025-06-19 18:41:22,962 - httpcore.http11 - DEBUG - receive_response_body.started request=<Request [b'POST']>
2025-06-19 18:41:22,962 - httpcore.http11 - DEBUG - receive_response_body.complete
2025-06-19 18:41:22,962 - httpcore.http11 - DEBUG - response_closed.started
2025-06-19 18:41:22,962 - httpcore.http11 - DEBUG - response_closed.complete
2025-06-19 18:41:22,962 - telegram.ext.ExtBot - DEBUG - No new updates found.
2025-06-19 18:41:22,962 - telegram.ext.ExtBot - DEBUG - ()
2025-06-19 18:41:22,962 - telegram.ext.ExtBot - DEBUG - Exiting: get_updates
2025-06-19 18:41:22,962 - telegram.ext.ExtBot - DEBUG - Entering: get_updates
2025-06-19 18:41:22,962 - httpcore.http11 - DEBUG - send_request_headers.started request=<Request [b'POST']>
2025-06-19 18:41:22,968 - httpcore.http11 - DEBUG - send_request_headers.complete
2025-06-19 18:41:22,968 - httpcore.http11 - DEBUG - send_request_body.started request=<Request [b'POST']>
2025-06-19 18:41:22,968 - httpcore.http11 - DEBUG - send_request_body.complete
2025-06-19 18:41:22,968 - httpcore.http11 - DEBUG - receive_response_headers.started request=<Request [b'POST']>
2025-06-19 18:41:33,087 - httpcore.http11 - DEBUG - receive_response_headers.complete return_value=(b'HTTP/1.1', 200, b'OK', [(b'Server', b'nginx/1.18.0'), (b'Date', b'Thu, 19 Jun 2025 17:41:34 GMT'), (b'Content-Type', b'application/json'), (b'Content-Length', b'23'), (b'Connection', b'keep-alive'), (b'Strict-Transport-Security', b'max-age=31536000; includeSubDomains; preload'), (b'Access-Control-Allow-Origin', b'*'), (b'Access-Control-Allow-Methods', b'GET, POST, OPTIONS'), (b'Access-Control-Expose-Headers', b'Content-Length,Content-Type,Date,Server,Connection')])
2025-06-19 18:41:33,087 - httpx - INFO - HTTP Request: POST https://api.telegram.org/bot7707158318:AAE8rWa4Q8Z_3avql6K0HAmXaooZAReoNF0/getUpdates "HTTP/1.1 200 OK"
2025-06-19 18:41:33,087 - httpcore.http11 - DEBUG - receive_response_body.started request=<Request [b'POST']>
2025-06-19 18:41:33,087 - httpcore.http11 - DEBUG - receive_response_body.complete
2025-06-19 18:41:33,087 - httpcore.http11 - DEBUG - response_closed.started
2025-06-19 18:41:33,092 - httpcore.http11 - DEBUG - response_closed.complete
2025-06-19 18:41:33,092 - telegram.ext.ExtBot - DEBUG - No new updates found.
2025-06-19 18:41:33,092 - telegram.ext.ExtBot - DEBUG - ()
2025-06-19 18:41:33,092 - telegram.ext.ExtBot - DEBUG - Exiting: get_updates
2025-06-19 18:41:33,092 - telegram.ext.ExtBot - DEBUG - Entering: get_updates
2025-06-19 18:41:33,094 - httpcore.http11 - DEBUG - send_request_headers.started request=<Request [b'POST']>
2025-06-19 18:41:33,094 - httpcore.http11 - DEBUG - send_request_headers.complete
2025-06-19 18:41:33,094 - httpcore.http11 - DEBUG - send_request_body.started request=<Request [b'POST']>
2025-06-19 18:41:33,096 - httpcore.http11 - DEBUG - send_request_body.complete
2025-06-19 18:41:33,096 - httpcore.http11 - DEBUG - receive_response_headers.started request=<Request [b'POST']>
2025-06-19 18:41:43,231 - httpcore.http11 - DEBUG - receive_response_headers.complete return_value=(b'HTTP/1.1', 200, b'OK', [(b'Server', b'nginx/1.18.0'), (b'Date', b'Thu, 19 Jun 2025 17:41:44 GMT'), (b'Content-Type', b'application/json'), (b'Content-Length', b'23'), (b'Connection', b'keep-alive'), (b'Strict-Transport-Security', b'max-age=31536000; includeSubDomains; preload'), (b'Access-Control-Allow-Origin', b'*'), (b'Access-Control-Allow-Methods', b'GET, POST, OPTIONS'), (b'Access-Control-Expose-Headers', b'Content-Length,Content-Type,Date,Server,Connection')])
2025-06-19 18:41:43,234 - httpx - INFO - HTTP Request: POST https://api.telegram.org/bot7707158318:AAE8rWa4Q8Z_3avql6K0HAmXaooZAReoNF0/getUpdates "HTTP/1.1 200 OK"
2025-06-19 18:41:43,235 - httpcore.http11 - DEBUG - receive_response_body.started request=<Request [b'POST']>
2025-06-19 18:41:43,236 - httpcore.http11 - DEBUG - receive_response_body.complete
2025-06-19 18:41:43,236 - httpcore.http11 - DEBUG - response_closed.started
2025-06-19 18:41:43,237 - httpcore.http11 - DEBUG - response_closed.complete
2025-06-19 18:41:43,237 - telegram.ext.ExtBot - DEBUG - No new updates found.
2025-06-19 18:41:43,237 - telegram.ext.ExtBot - DEBUG - ()
2025-06-19 18:41:43,237 - telegram.ext.ExtBot - DEBUG - Exiting: get_updates
2025-06-19 18:41:43,237 - telegram.ext.ExtBot - DEBUG - Entering: get_updates
2025-06-19 18:41:43,237 - httpcore.http11 - DEBUG - send_request_headers.started request=<Request [b'POST']>
2025-06-19 18:41:43,237 - httpcore.http11 - DEBUG - send_request_headers.complete
2025-06-19 18:41:43,237 - httpcore.http11 - DEBUG - send_request_body.started request=<Request [b'POST']>
2025-06-19 18:41:43,237 - httpcore.http11 - DEBUG - send_request_body.complete
2025-06-19 18:41:43,237 - httpcore.http11 - DEBUG - receive_response_headers.started request=<Request [b'POST']>
2025-06-19 18:41:53,429 - httpcore.http11 - DEBUG - receive_response_headers.complete return_value=(b'HTTP/1.1', 200, b'OK', [(b'Server', b'nginx/1.18.0'), (b'Date', b'Thu, 19 Jun 2025 17:41:54 GMT'), (b'Content-Type', b'application/json'), (b'Content-Length', b'23'), (b'Connection', b'keep-alive'), (b'Strict-Transport-Security', b'max-age=31536000; includeSubDomains; preload'), (b'Access-Control-Allow-Origin', b'*'), (b'Access-Control-Allow-Methods', b'GET, POST, OPTIONS'), (b'Access-Control-Expose-Headers', b'Content-Length,Content-Type,Date,Server,Connection')])
2025-06-19 18:41:53,431 - httpx - INFO - HTTP Request: POST https://api.telegram.org/bot7707158318:AAE8rWa4Q8Z_3avql6K0HAmXaooZAReoNF0/getUpdates "HTTP/1.1 200 OK"
2025-06-19 18:41:53,433 - httpcore.http11 - DEBUG - receive_response_body.started request=<Request [b'POST']>
2025-06-19 18:41:53,433 - httpcore.http11 - DEBUG - receive_response_body.complete
2025-06-19 18:41:53,433 - httpcore.http11 - DEBUG - response_closed.started
2025-06-19 18:41:53,433 - httpcore.http11 - DEBUG - response_closed.complete
2025-06-19 18:41:53,436 - telegram.ext.ExtBot - DEBUG - No new updates found.
2025-06-19 18:41:53,436 - telegram.ext.ExtBot - DEBUG - ()
2025-06-19 18:41:53,436 - telegram.ext.ExtBot - DEBUG - Exiting: get_updates
2025-06-19 18:41:53,436 - telegram.ext.ExtBot - DEBUG - Entering: get_updates
2025-06-19 18:41:53,438 - httpcore.http11 - DEBUG - send_request_headers.started request=<Request [b'POST']>
2025-06-19 18:41:53,440 - httpcore.http11 - DEBUG - send_request_headers.complete
2025-06-19 18:41:53,440 - httpcore.http11 - DEBUG - send_request_body.started request=<Request [b'POST']>
2025-06-19 18:41:53,440 - httpcore.http11 - DEBUG - send_request_body.complete
2025-06-19 18:41:53,440 - httpcore.http11 - DEBUG - receive_response_headers.started request=<Request [b'POST']>
2025-06-19 18:42:03,921 - httpcore.http11 - DEBUG - receive_response_headers.complete return_value=(b'HTTP/1.1', 200, b'OK', [(b'Server', b'nginx/1.18.0'), (b'Date', b'Thu, 19 Jun 2025 17:42:04 GMT'), (b'Content-Type', b'application/json'), (b'Content-Length', b'23'), (b'Connection', b'keep-alive'), (b'Strict-Transport-Security', b'max-age=31536000; includeSubDomains; preload'), (b'Access-Control-Allow-Origin', b'*'), (b'Access-Control-Allow-Methods', b'GET, POST, OPTIONS'), (b'Access-Control-Expose-Headers', b'Content-Length,Content-Type,Date,Server,Connection')])
2025-06-19 18:42:03,921 - httpx - INFO - HTTP Request: POST https://api.telegram.org/bot7707158318:AAE8rWa4Q8Z_3avql6K0HAmXaooZAReoNF0/getUpdates "HTTP/1.1 200 OK"
2025-06-19 18:42:03,923 - httpcore.http11 - DEBUG - receive_response_body.started request=<Request [b'POST']>
2025-06-19 18:42:03,925 - httpcore.http11 - DEBUG - receive_response_body.complete
2025-06-19 18:42:03,925 - httpcore.http11 - DEBUG - response_closed.started
2025-06-19 18:42:03,925 - httpcore.http11 - DEBUG - response_closed.complete
2025-06-19 18:42:03,927 - telegram.ext.ExtBot - DEBUG - No new updates found.
2025-06-19 18:42:03,927 - telegram.ext.ExtBot - DEBUG - ()
2025-06-19 18:42:03,927 - telegram.ext.ExtBot - DEBUG - Exiting: get_updates
2025-06-19 18:42:03,927 - telegram.ext.ExtBot - DEBUG - Entering: get_updates
2025-06-19 18:42:03,932 - httpcore.http11 - DEBUG - send_request_headers.started request=<Request [b'POST']>
2025-06-19 18:42:03,932 - httpcore.http11 - DEBUG - send_request_headers.complete
2025-06-19 18:42:03,934 - httpcore.http11 - DEBUG - send_request_body.started request=<Request [b'POST']>
2025-06-19 18:42:03,934 - httpcore.http11 - DEBUG - send_request_body.complete
2025-06-19 18:42:03,934 - httpcore.http11 - DEBUG - receive_response_headers.started request=<Request [b'POST']>
2025-06-19 18:42:14,031 - httpcore.http11 - DEBUG - receive_response_headers.complete return_value=(b'HTTP/1.1', 200, b'OK', [(b'Server', b'nginx/1.18.0'), (b'Date', b'Thu, 19 Jun 2025 17:42:15 GMT'), (b'Content-Type', b'application/json'), (b'Content-Length', b'23'), (b'Connection', b'keep-alive'), (b'Strict-Transport-Security', b'max-age=31536000; includeSubDomains; preload'), (b'Access-Control-Allow-Origin', b'*'), (b'Access-Control-Allow-Methods', b'GET, POST, OPTIONS'), (b'Access-Control-Expose-Headers', b'Content-Length,Content-Type,Date,Server,Connection')])
2025-06-19 18:42:14,033 - httpx - INFO - HTTP Request: POST https://api.telegram.org/bot7707158318:AAE8rWa4Q8Z_3avql6K0HAmXaooZAReoNF0/getUpdates "HTTP/1.1 200 OK"
2025-06-19 18:42:14,035 - httpcore.http11 - DEBUG - receive_response_body.started request=<Request [b'POST']>
2025-06-19 18:42:14,036 - httpcore.http11 - DEBUG - receive_response_body.complete
2025-06-19 18:42:14,037 - httpcore.http11 - DEBUG - response_closed.started
2025-06-19 18:42:14,038 - httpcore.http11 - DEBUG - response_closed.complete
2025-06-19 18:42:14,038 - telegram.ext.ExtBot - DEBUG - No new updates found.
2025-06-19 18:42:14,038 - telegram.ext.ExtBot - DEBUG - ()
2025-06-19 18:42:14,038 - telegram.ext.ExtBot - DEBUG - Exiting: get_updates
2025-06-19 18:42:14,038 - telegram.ext.ExtBot - DEBUG - Entering: get_updates
2025-06-19 18:42:14,043 - httpcore.http11 - DEBUG - send_request_headers.started request=<Request [b'POST']>
2025-06-19 18:42:14,046 - httpcore.http11 - DEBUG - send_request_headers.complete
2025-06-19 18:42:14,046 - httpcore.http11 - DEBUG - send_request_body.started request=<Request [b'POST']>
2025-06-19 18:42:14,046 - httpcore.http11 - DEBUG - send_request_body.complete
2025-06-19 18:42:14,048 - httpcore.http11 - DEBUG - receive_response_headers.started request=<Request [b'POST']>
2025-06-19 18:42:24,195 - httpcore.http11 - DEBUG - receive_response_headers.complete return_value=(b'HTTP/1.1', 200, b'OK', [(b'Server', b'nginx/1.18.0'), (b'Date', b'Thu, 19 Jun 2025 17:42:25 GMT'), (b'Content-Type', b'application/json'), (b'Content-Length', b'23'), (b'Connection', b'keep-alive'), (b'Strict-Transport-Security', b'max-age=31536000; includeSubDomains; preload'), (b'Access-Control-Allow-Origin', b'*'), (b'Access-Control-Allow-Methods', b'GET, POST, OPTIONS'), (b'Access-Control-Expose-Headers', b'Content-Length,Content-Type,Date,Server,Connection')])
2025-06-19 18:42:24,198 - httpx - INFO - HTTP Request: POST https://api.telegram.org/bot7707158318:AAE8rWa4Q8Z_3avql6K0HAmXaooZAReoNF0/getUpdates "HTTP/1.1 200 OK"
2025-06-19 18:42:24,200 - httpcore.http11 - DEBUG - receive_response_body.started request=<Request [b'POST']>
2025-06-19 18:42:24,200 - httpcore.http11 - DEBUG - receive_response_body.complete
2025-06-19 18:42:24,200 - httpcore.http11 - DEBUG - response_closed.started
2025-06-19 18:42:24,200 - httpcore.http11 - DEBUG - response_closed.complete
2025-06-19 18:42:24,200 - telegram.ext.ExtBot - DEBUG - No new updates found.
2025-06-19 18:42:24,200 - telegram.ext.ExtBot - DEBUG - ()
2025-06-19 18:42:24,200 - telegram.ext.ExtBot - DEBUG - Exiting: get_updates
2025-06-19 18:42:24,200 - telegram.ext.ExtBot - DEBUG - Entering: get_updates
2025-06-19 18:42:24,205 - httpcore.http11 - DEBUG - send_request_headers.started request=<Request [b'POST']>
2025-06-19 18:42:24,205 - httpcore.http11 - DEBUG - send_request_headers.complete
2025-06-19 18:42:24,205 - httpcore.http11 - DEBUG - send_request_body.started request=<Request [b'POST']>
2025-06-19 18:42:24,205 - httpcore.http11 - DEBUG - send_request_body.complete
2025-06-19 18:42:24,205 - httpcore.http11 - DEBUG - receive_response_headers.started request=<Request [b'POST']>
2025-06-19 18:42:34,637 - httpcore.http11 - DEBUG - receive_response_headers.complete return_value=(b'HTTP/1.1', 200, b'OK', [(b'Server', b'nginx/1.18.0'), (b'Date', b'Thu, 19 Jun 2025 17:42:35 GMT'), (b'Content-Type', b'application/json'), (b'Content-Length', b'23'), (b'Connection', b'keep-alive'), (b'Strict-Transport-Security', b'max-age=31536000; includeSubDomains; preload'), (b'Access-Control-Allow-Origin', b'*'), (b'Access-Control-Allow-Methods', b'GET, POST, OPTIONS'), (b'Access-Control-Expose-Headers', b'Content-Length,Content-Type,Date,Server,Connection')])
2025-06-19 18:42:34,639 - httpx - INFO - HTTP Request: POST https://api.telegram.org/bot7707158318:AAE8rWa4Q8Z_3avql6K0HAmXaooZAReoNF0/getUpdates "HTTP/1.1 200 OK"
2025-06-19 18:42:34,641 - httpcore.http11 - DEBUG - receive_response_body.started request=<Request [b'POST']>
2025-06-19 18:42:34,643 - httpcore.http11 - DEBUG - receive_response_body.complete
2025-06-19 18:42:34,643 - httpcore.http11 - DEBUG - response_closed.started
2025-06-19 18:42:34,643 - httpcore.http11 - DEBUG - response_closed.complete
2025-06-19 18:42:34,645 - telegram.ext.ExtBot - DEBUG - No new updates found.
2025-06-19 18:42:34,645 - telegram.ext.ExtBot - DEBUG - ()
2025-06-19 18:42:34,645 - telegram.ext.ExtBot - DEBUG - Exiting: get_updates
2025-06-19 18:42:34,645 - telegram.ext.ExtBot - DEBUG - Entering: get_updates
2025-06-19 18:42:34,648 - httpcore.http11 - DEBUG - send_request_headers.started request=<Request [b'POST']>
2025-06-19 18:42:34,650 - httpcore.http11 - DEBUG - send_request_headers.complete
2025-06-19 18:42:34,650 - httpcore.http11 - DEBUG - send_request_body.started request=<Request [b'POST']>
2025-06-19 18:42:34,652 - httpcore.http11 - DEBUG - send_request_body.complete
2025-06-19 18:42:34,652 - httpcore.http11 - DEBUG - receive_response_headers.started request=<Request [b'POST']>
2025-06-19 18:42:44,751 - httpcore.http11 - DEBUG - receive_response_headers.complete return_value=(b'HTTP/1.1', 200, b'OK', [(b'Server', b'nginx/1.18.0'), (b'Date', b'Thu, 19 Jun 2025 17:42:45 GMT'), (b'Content-Type', b'application/json'), (b'Content-Length', b'23'), (b'Connection', b'keep-alive'), (b'Strict-Transport-Security', b'max-age=31536000; includeSubDomains; preload'), (b'Access-Control-Allow-Origin', b'*'), (b'Access-Control-Allow-Methods', b'GET, POST, OPTIONS'), (b'Access-Control-Expose-Headers', b'Content-Length,Content-Type,Date,Server,Connection')])
2025-06-19 18:42:44,751 - httpx - INFO - HTTP Request: POST https://api.telegram.org/bot7707158318:AAE8rWa4Q8Z_3avql6K0HAmXaooZAReoNF0/getUpdates "HTTP/1.1 200 OK"
2025-06-19 18:42:44,753 - httpcore.http11 - DEBUG - receive_response_body.started request=<Request [b'POST']>
2025-06-19 18:42:44,754 - httpcore.http11 - DEBUG - receive_response_body.complete
2025-06-19 18:42:44,754 - httpcore.http11 - DEBUG - response_closed.started
2025-06-19 18:42:44,754 - httpcore.http11 - DEBUG - response_closed.complete
2025-06-19 18:42:44,755 - telegram.ext.ExtBot - DEBUG - No new updates found.
2025-06-19 18:42:44,755 - telegram.ext.ExtBot - DEBUG - ()
2025-06-19 18:42:44,757 - telegram.ext.ExtBot - DEBUG - Exiting: get_updates
2025-06-19 18:42:44,757 - telegram.ext.ExtBot - DEBUG - Entering: get_updates
2025-06-19 18:42:44,759 - httpcore.http11 - DEBUG - send_request_headers.started request=<Request [b'POST']>
2025-06-19 18:42:44,759 - httpcore.http11 - DEBUG - send_request_headers.complete
2025-06-19 18:42:44,760 - httpcore.http11 - DEBUG - send_request_body.started request=<Request [b'POST']>
2025-06-19 18:42:44,760 - httpcore.http11 - DEBUG - send_request_body.complete
2025-06-19 18:42:44,760 - httpcore.http11 - DEBUG - receive_response_headers.started request=<Request [b'POST']>
2025-06-19 18:42:55,117 - httpcore.http11 - DEBUG - receive_response_headers.complete return_value=(b'HTTP/1.1', 200, b'OK', [(b'Server', b'nginx/1.18.0'), (b'Date', b'Thu, 19 Jun 2025 17:42:55 GMT'), (b'Content-Type', b'application/json'), (b'Content-Length', b'23'), (b'Connection', b'keep-alive'), (b'Strict-Transport-Security', b'max-age=31536000; includeSubDomains; preload'), (b'Access-Control-Allow-Origin', b'*'), (b'Access-Control-Allow-Methods', b'GET, POST, OPTIONS'), (b'Access-Control-Expose-Headers', b'Content-Length,Content-Type,Date,Server,Connection')])
2025-06-19 18:42:55,120 - httpx - INFO - HTTP Request: POST https://api.telegram.org/bot7707158318:AAE8rWa4Q8Z_3avql6K0HAmXaooZAReoNF0/getUpdates "HTTP/1.1 200 OK"
2025-06-19 18:42:55,121 - httpcore.http11 - DEBUG - receive_response_body.started request=<Request [b'POST']>
2025-06-19 18:42:55,122 - httpcore.http11 - DEBUG - receive_response_body.complete
2025-06-19 18:42:55,122 - httpcore.http11 - DEBUG - response_closed.started
2025-06-19 18:42:55,122 - httpcore.http11 - DEBUG - response_closed.complete
2025-06-19 18:42:55,122 - telegram.ext.ExtBot - DEBUG - No new updates found.
2025-06-19 18:42:55,122 - telegram.ext.ExtBot - DEBUG - ()
2025-06-19 18:42:55,124 - telegram.ext.ExtBot - DEBUG - Exiting: get_updates
2025-06-19 18:42:55,124 - telegram.ext.ExtBot - DEBUG - Entering: get_updates
2025-06-19 18:42:55,125 - httpcore.http11 - DEBUG - send_request_headers.started request=<Request [b'POST']>
2025-06-19 18:42:55,128 - httpcore.http11 - DEBUG - send_request_headers.complete
2025-06-19 18:42:55,128 - httpcore.http11 - DEBUG - send_request_body.started request=<Request [b'POST']>
2025-06-19 18:42:55,129 - httpcore.http11 - DEBUG - send_request_body.complete
2025-06-19 18:42:55,130 - httpcore.http11 - DEBUG - receive_response_headers.started request=<Request [b'POST']>
