2025-06-23 21:37:24,406 - asyncio - DEBUG - Using proactor: IocpProactor
2025-06-23 21:37:24,408 - httpx - DEBUG - load_ssl_context verify=True cert=None trust_env=True http2=False
2025-06-23 21:37:24,409 - httpx - DEBUG - load_verify_locations cafile='c:\\Users\\Rachid Aitali\\OneDrive - 4JM Solutions Limited\\Desktop\\SniperX\\SniperX\\.venv\\lib\\site-packages\\certifi\\cacert.pem'
2025-06-23 21:37:24,417 - httpx - DEBUG - load_ssl_context verify=True cert=None trust_env=True http2=False
2025-06-23 21:37:24,418 - httpx - DEBUG - load_verify_locations cafile='c:\\Users\\Rachid Aitali\\OneDrive - 4JM Solutions Limited\\Desktop\\SniperX\\SniperX\\.venv\\lib\\site-packages\\certifi\\cacert.pem'
2025-06-23 21:37:24,427 - __main__ - INFO - Telegram Manager Bot started. Send /menu to interact.
2025-06-23 21:37:24,428 - telegram.ext.ExtBot - DEBUG - Entering: send_message
2025-06-23 21:37:24,443 - httpcore.connection - DEBUG - connect_tcp.started host='api.telegram.org' port=443 local_address=None timeout=5.0 socket_options=None
2025-06-23 21:37:24,575 - httpcore.connection - DEBUG - connect_tcp.complete return_value=<httpcore._backends.anyio.AnyIOStream object at 0x000001C342A6A8C0>
2025-06-23 21:37:24,575 - httpcore.connection - DEBUG - start_tls.started ssl_context=<ssl.SSLContext object at 0x000001C3429C9AC0> server_hostname='api.telegram.org' timeout=5.0
2025-06-23 21:37:24,702 - httpcore.connection - DEBUG - start_tls.complete return_value=<httpcore._backends.anyio.AnyIOStream object at 0x000001C342A6B430>
2025-06-23 21:37:24,702 - httpcore.http11 - DEBUG - send_request_headers.started request=<Request [b'POST']>
2025-06-23 21:37:24,702 - httpcore.http11 - DEBUG - send_request_headers.complete
2025-06-23 21:37:24,704 - httpcore.http11 - DEBUG - send_request_body.started request=<Request [b'POST']>
2025-06-23 21:37:24,704 - httpcore.http11 - DEBUG - send_request_body.complete
2025-06-23 21:37:24,704 - httpcore.http11 - DEBUG - receive_response_headers.started request=<Request [b'POST']>
2025-06-23 21:37:24,866 - httpcore.http11 - DEBUG - receive_response_headers.complete return_value=(b'HTTP/1.1', 200, b'OK', [(b'Server', b'nginx/1.18.0'), (b'Date', b'Mon, 23 Jun 2025 20:37:24 GMT'), (b'Content-Type', b'application/json'), (b'Content-Length', b'352'), (b'Connection', b'keep-alive'), (b'Strict-Transport-Security', b'max-age=31536000; includeSubDomains; preload'), (b'Access-Control-Allow-Origin', b'*'), (b'Access-Control-Allow-Methods', b'GET, POST, OPTIONS'), (b'Access-Control-Expose-Headers', b'Content-Length,Content-Type,Date,Server,Connection')])
2025-06-23 21:37:24,866 - httpx - INFO - HTTP Request: POST https://api.telegram.org/bot7707158318:AAE8rWa4Q8Z_3avql6K0HAmXaooZAReoNF0/sendMessage "HTTP/1.1 200 OK"
2025-06-23 21:37:24,866 - httpcore.http11 - DEBUG - receive_response_body.started request=<Request [b'POST']>
2025-06-23 21:37:24,868 - httpcore.http11 - DEBUG - receive_response_body.complete
2025-06-23 21:37:24,868 - httpcore.http11 - DEBUG - response_closed.started
2025-06-23 21:37:24,868 - httpcore.http11 - DEBUG - response_closed.complete
2025-06-23 21:37:24,869 - telegram.ext.ExtBot - DEBUG - Message(channel_chat_created=False, chat=Chat(first_name='Ghost', id=7049055170, last_name='Number1', type=<ChatType.PRIVATE>), date=datetime.datetime(2025, 6, 23, 20, 37, 24, tzinfo=<UTC>), delete_chat_photo=False, entities=(MessageEntity(length=5, offset=36, type=<MessageEntityType.BOT_COMMAND>),), from_user=User(first_name='SPRD', id=7707158318, is_bot=True, username='tizi91Bot'), group_chat_created=False, message_id=11914, supergroup_chat_created=False, text='SniperX Control Bot is online! Send /menu to see options.')
2025-06-23 21:37:24,869 - telegram.ext.ExtBot - DEBUG - Exiting: send_message
2025-06-23 21:37:24,872 - telegram.ext.ExtBot - DEBUG - Entering: get_me
2025-06-23 21:37:24,873 - httpcore.http11 - DEBUG - send_request_headers.started request=<Request [b'POST']>
2025-06-23 21:37:24,873 - httpcore.http11 - DEBUG - send_request_headers.complete
2025-06-23 21:37:24,873 - httpcore.http11 - DEBUG - send_request_body.started request=<Request [b'POST']>
2025-06-23 21:37:24,873 - httpcore.http11 - DEBUG - send_request_body.complete
2025-06-23 21:37:24,873 - httpcore.http11 - DEBUG - receive_response_headers.started request=<Request [b'POST']>
2025-06-23 21:37:24,990 - httpcore.http11 - DEBUG - receive_response_headers.complete return_value=(b'HTTP/1.1', 200, b'OK', [(b'Server', b'nginx/1.18.0'), (b'Date', b'Mon, 23 Jun 2025 20:37:24 GMT'), (b'Content-Type', b'application/json'), (b'Content-Length', b'243'), (b'Connection', b'keep-alive'), (b'Strict-Transport-Security', b'max-age=31536000; includeSubDomains; preload'), (b'Access-Control-Allow-Origin', b'*'), (b'Access-Control-Allow-Methods', b'GET, POST, OPTIONS'), (b'Access-Control-Expose-Headers', b'Content-Length,Content-Type,Date,Server,Connection')])
2025-06-23 21:37:24,990 - httpx - INFO - HTTP Request: POST https://api.telegram.org/bot7707158318:AAE8rWa4Q8Z_3avql6K0HAmXaooZAReoNF0/getMe "HTTP/1.1 200 OK"
2025-06-23 21:37:24,993 - httpcore.http11 - DEBUG - receive_response_body.started request=<Request [b'POST']>
2025-06-23 21:37:24,993 - httpcore.http11 - DEBUG - receive_response_body.complete
2025-06-23 21:37:24,993 - httpcore.http11 - DEBUG - response_closed.started
2025-06-23 21:37:24,993 - httpcore.http11 - DEBUG - response_closed.complete
2025-06-23 21:37:24,994 - telegram.ext.ExtBot - DEBUG - User(api_kwargs={'can_connect_to_business': False, 'has_main_web_app': False}, can_join_groups=True, can_read_all_group_messages=False, first_name='SPRD', id=7707158318, is_bot=True, supports_inline_queries=False, username='tizi91Bot')
2025-06-23 21:37:24,995 - telegram.ext.ExtBot - DEBUG - Exiting: get_me
2025-06-23 21:37:24,995 - telegram.ext.ExtBot - DEBUG - This Bot is already initialized.
2025-06-23 21:37:24,995 - telegram.ext.Updater - DEBUG - Updater started (polling)
2025-06-23 21:37:24,995 - telegram.ext.Updater - DEBUG - Start network loop retry bootstrap del webhook
2025-06-23 21:37:24,995 - telegram.ext.Updater - DEBUG - Deleting webhook
2025-06-23 21:37:24,995 - telegram.ext.ExtBot - DEBUG - Entering: delete_webhook
2025-06-23 21:37:24,997 - httpcore.http11 - DEBUG - send_request_headers.started request=<Request [b'POST']>
2025-06-23 21:37:24,997 - httpcore.http11 - DEBUG - send_request_headers.complete
2025-06-23 21:37:24,997 - httpcore.http11 - DEBUG - send_request_body.started request=<Request [b'POST']>
2025-06-23 21:37:24,998 - httpcore.http11 - DEBUG - send_request_body.complete
2025-06-23 21:37:24,998 - httpcore.http11 - DEBUG - receive_response_headers.started request=<Request [b'POST']>
2025-06-23 21:37:25,115 - httpcore.http11 - DEBUG - receive_response_headers.complete return_value=(b'HTTP/1.1', 200, b'OK', [(b'Server', b'nginx/1.18.0'), (b'Date', b'Mon, 23 Jun 2025 20:37:25 GMT'), (b'Content-Type', b'application/json'), (b'Content-Length', b'68'), (b'Connection', b'keep-alive'), (b'Strict-Transport-Security', b'max-age=31536000; includeSubDomains; preload'), (b'Access-Control-Allow-Origin', b'*'), (b'Access-Control-Allow-Methods', b'GET, POST, OPTIONS'), (b'Access-Control-Expose-Headers', b'Content-Length,Content-Type,Date,Server,Connection')])
2025-06-23 21:37:25,116 - httpx - INFO - HTTP Request: POST https://api.telegram.org/bot7707158318:AAE8rWa4Q8Z_3avql6K0HAmXaooZAReoNF0/deleteWebhook "HTTP/1.1 200 OK"
2025-06-23 21:37:25,117 - httpcore.http11 - DEBUG - receive_response_body.started request=<Request [b'POST']>
2025-06-23 21:37:25,117 - httpcore.http11 - DEBUG - receive_response_body.complete
2025-06-23 21:37:25,117 - httpcore.http11 - DEBUG - response_closed.started
2025-06-23 21:37:25,118 - httpcore.http11 - DEBUG - response_closed.complete
2025-06-23 21:37:25,118 - telegram.ext.ExtBot - DEBUG - True
2025-06-23 21:37:25,118 - telegram.ext.ExtBot - DEBUG - Exiting: delete_webhook
2025-06-23 21:37:25,118 - telegram.ext.Updater - DEBUG - Bootstrap done
2025-06-23 21:37:25,118 - telegram.ext.Updater - DEBUG - Waiting for polling to start
2025-06-23 21:37:25,118 - telegram.ext.Updater - DEBUG - Polling updates from Telegram started
2025-06-23 21:37:25,118 - telegram.ext.Updater - DEBUG - Start network loop retry getting Updates
2025-06-23 21:37:25,119 - telegram.ext.ExtBot - DEBUG - Entering: get_updates
2025-06-23 21:37:25,121 - telegram.ext.Application - INFO - Application started
2025-06-23 21:37:25,121 - httpcore.connection - DEBUG - connect_tcp.started host='api.telegram.org' port=443 local_address=None timeout=5.0 socket_options=None
2025-06-23 21:37:25,223 - httpcore.connection - DEBUG - connect_tcp.complete return_value=<httpcore._backends.anyio.AnyIOStream object at 0x000001C342ABE890>
2025-06-23 21:37:25,223 - httpcore.connection - DEBUG - start_tls.started ssl_context=<ssl.SSLContext object at 0x000001C3429C9BC0> server_hostname='api.telegram.org' timeout=5.0
2025-06-23 21:37:25,348 - httpcore.connection - DEBUG - start_tls.complete return_value=<httpcore._backends.anyio.AnyIOStream object at 0x000001C342ABE740>
2025-06-23 21:37:25,348 - httpcore.http11 - DEBUG - send_request_headers.started request=<Request [b'POST']>
2025-06-23 21:37:25,348 - httpcore.http11 - DEBUG - send_request_headers.complete
2025-06-23 21:37:25,348 - httpcore.http11 - DEBUG - send_request_body.started request=<Request [b'POST']>
2025-06-23 21:37:25,348 - httpcore.http11 - DEBUG - send_request_body.complete
2025-06-23 21:37:25,348 - httpcore.http11 - DEBUG - receive_response_headers.started request=<Request [b'POST']>
2025-06-23 21:37:29,462 - httpcore.http11 - DEBUG - receive_response_headers.complete return_value=(b'HTTP/1.1', 200, b'OK', [(b'Server', b'nginx/1.18.0'), (b'Date', b'Mon, 23 Jun 2025 20:37:29 GMT'), (b'Content-Type', b'application/json'), (b'Content-Length', b'357'), (b'Connection', b'keep-alive'), (b'Strict-Transport-Security', b'max-age=31536000; includeSubDomains; preload'), (b'Access-Control-Allow-Origin', b'*'), (b'Access-Control-Allow-Methods', b'GET, POST, OPTIONS'), (b'Access-Control-Expose-Headers', b'Content-Length,Content-Type,Date,Server,Connection')])
2025-06-23 21:37:29,464 - httpx - INFO - HTTP Request: POST https://api.telegram.org/bot7707158318:AAE8rWa4Q8Z_3avql6K0HAmXaooZAReoNF0/getUpdates "HTTP/1.1 200 OK"
2025-06-23 21:37:29,465 - httpcore.http11 - DEBUG - receive_response_body.started request=<Request [b'POST']>
2025-06-23 21:37:29,465 - httpcore.http11 - DEBUG - receive_response_body.complete
2025-06-23 21:37:29,465 - httpcore.http11 - DEBUG - response_closed.started
2025-06-23 21:37:29,465 - httpcore.http11 - DEBUG - response_closed.complete
2025-06-23 21:37:29,465 - telegram.ext.ExtBot - DEBUG - Getting updates: [37530131]
2025-06-23 21:37:29,466 - telegram.ext.ExtBot - DEBUG - (Update(message=Message(channel_chat_created=False, chat=Chat(first_name='Ghost', id=7049055170, last_name='Number1', type=<ChatType.PRIVATE>), date=datetime.datetime(2025, 6, 23, 20, 37, 29, tzinfo=<UTC>), delete_chat_photo=False, entities=(MessageEntity(length=5, offset=0, type=<MessageEntityType.BOT_COMMAND>),), from_user=User(first_name='Ghost', id=7049055170, is_bot=False, language_code='en', last_name='Number1'), group_chat_created=False, message_id=11915, supergroup_chat_created=False, text='/menu'), update_id=37530131),)
2025-06-23 21:37:29,466 - telegram.ext.ExtBot - DEBUG - Exiting: get_updates
2025-06-23 21:37:29,466 - telegram.ext.ExtBot - DEBUG - Entering: get_updates
2025-06-23 21:37:29,466 - telegram.ext.Application - DEBUG - Processing update Update(message=Message(channel_chat_created=False, chat=Chat(first_name='Ghost', id=7049055170, last_name='Number1', type=<ChatType.PRIVATE>), date=datetime.datetime(2025, 6, 23, 20, 37, 29, tzinfo=<UTC>), delete_chat_photo=False, entities=(MessageEntity(length=5, offset=0, type=<MessageEntityType.BOT_COMMAND>),), from_user=User(first_name='Ghost', id=7049055170, is_bot=False, language_code='en', last_name='Number1'), group_chat_created=False, message_id=11915, supergroup_chat_created=False, text='/menu'), update_id=37530131)
2025-06-23 21:37:29,467 - telegram.ext.ExtBot - DEBUG - Entering: send_message
2025-06-23 21:37:29,469 - httpcore.http11 - DEBUG - send_request_headers.started request=<Request [b'POST']>
2025-06-23 21:37:29,469 - httpcore.http11 - DEBUG - send_request_headers.started request=<Request [b'POST']>
2025-06-23 21:37:29,469 - httpcore.http11 - DEBUG - send_request_headers.complete
2025-06-23 21:37:29,469 - httpcore.http11 - DEBUG - send_request_body.started request=<Request [b'POST']>
2025-06-23 21:37:29,471 - httpcore.http11 - DEBUG - send_request_headers.complete
2025-06-23 21:37:29,471 - httpcore.http11 - DEBUG - send_request_body.started request=<Request [b'POST']>
2025-06-23 21:37:29,471 - httpcore.http11 - DEBUG - send_request_body.complete
2025-06-23 21:37:29,471 - httpcore.http11 - DEBUG - receive_response_headers.started request=<Request [b'POST']>
2025-06-23 21:37:29,472 - httpcore.http11 - DEBUG - send_request_body.complete
2025-06-23 21:37:29,472 - httpcore.http11 - DEBUG - receive_response_headers.started request=<Request [b'POST']>
2025-06-23 21:37:29,643 - httpcore.http11 - DEBUG - receive_response_headers.complete return_value=(b'HTTP/1.1', 200, b'OK', [(b'Server', b'nginx/1.18.0'), (b'Date', b'Mon, 23 Jun 2025 20:37:29 GMT'), (b'Content-Type', b'application/json'), (b'Content-Length', b'570'), (b'Connection', b'keep-alive'), (b'Strict-Transport-Security', b'max-age=31536000; includeSubDomains; preload'), (b'Access-Control-Allow-Origin', b'*'), (b'Access-Control-Allow-Methods', b'GET, POST, OPTIONS'), (b'Access-Control-Expose-Headers', b'Content-Length,Content-Type,Date,Server,Connection')])
2025-06-23 21:37:29,644 - httpx - INFO - HTTP Request: POST https://api.telegram.org/bot7707158318:AAE8rWa4Q8Z_3avql6K0HAmXaooZAReoNF0/sendMessage "HTTP/1.1 200 OK"
2025-06-23 21:37:29,644 - httpcore.http11 - DEBUG - receive_response_body.started request=<Request [b'POST']>
2025-06-23 21:37:29,646 - httpcore.http11 - DEBUG - receive_response_body.complete
2025-06-23 21:37:29,646 - httpcore.http11 - DEBUG - response_closed.started
2025-06-23 21:37:29,646 - httpcore.http11 - DEBUG - response_closed.complete
2025-06-23 21:37:29,647 - telegram.ext.ExtBot - DEBUG - Message(channel_chat_created=False, chat=Chat(first_name='Ghost', id=7049055170, last_name='Number1', type=<ChatType.PRIVATE>), date=datetime.datetime(2025, 6, 23, 20, 37, 29, tzinfo=<UTC>), delete_chat_photo=False, from_user=User(first_name='SPRD', id=7707158318, is_bot=True, username='tizi91Bot'), group_chat_created=False, message_id=11916, reply_markup=InlineKeyboardMarkup(inline_keyboard=((InlineKeyboardButton(callback_data='start_sniperx', text='🚀 Start SniperX'),), (InlineKeyboardButton(callback_data='stop_sniperx', text='🛑 Stop SniperX'), InlineKeyboardButton(callback_data='status_sniperx', text='📊 Status')), (InlineKeyboardButton(callback_data='show_balance', text='💰 Balance'),))), supergroup_chat_created=False, text='SniperX Bot Control Panel:')
2025-06-23 21:37:29,648 - telegram.ext.ExtBot - DEBUG - Exiting: send_message
2025-06-23 21:37:31,030 - httpcore.http11 - DEBUG - receive_response_headers.complete return_value=(b'HTTP/1.1', 200, b'OK', [(b'Server', b'nginx/1.18.0'), (b'Date', b'Mon, 23 Jun 2025 20:37:31 GMT'), (b'Content-Type', b'application/json'), (b'Content-Length', b'818'), (b'Connection', b'keep-alive'), (b'Strict-Transport-Security', b'max-age=31536000; includeSubDomains; preload'), (b'Access-Control-Allow-Origin', b'*'), (b'Access-Control-Allow-Methods', b'GET, POST, OPTIONS'), (b'Access-Control-Expose-Headers', b'Content-Length,Content-Type,Date,Server,Connection')])
2025-06-23 21:37:31,032 - httpx - INFO - HTTP Request: POST https://api.telegram.org/bot7707158318:AAE8rWa4Q8Z_3avql6K0HAmXaooZAReoNF0/getUpdates "HTTP/1.1 200 OK"
2025-06-23 21:37:31,032 - httpcore.http11 - DEBUG - receive_response_body.started request=<Request [b'POST']>
2025-06-23 21:37:31,032 - httpcore.http11 - DEBUG - receive_response_body.complete
2025-06-23 21:37:31,034 - httpcore.http11 - DEBUG - response_closed.started
2025-06-23 21:37:31,034 - httpcore.http11 - DEBUG - response_closed.complete
2025-06-23 21:37:31,034 - telegram.ext.ExtBot - DEBUG - Getting updates: [37530132]
2025-06-23 21:37:31,036 - telegram.ext.ExtBot - DEBUG - (Update(callback_query=CallbackQuery(chat_instance='-1307310250263184334', data='start_sniperx', from_user=User(first_name='Ghost', id=7049055170, is_bot=False, language_code='en', last_name='Number1'), id='2605345314719109437', message=Message(channel_chat_created=False, chat=Chat(first_name='Ghost', id=7049055170, last_name='Number1', type=<ChatType.PRIVATE>), date=datetime.datetime(2025, 6, 23, 20, 37, 29, tzinfo=<UTC>), delete_chat_photo=False, from_user=User(first_name='SPRD', id=7707158318, is_bot=True, username='tizi91Bot'), group_chat_created=False, message_id=11916, reply_markup=InlineKeyboardMarkup(inline_keyboard=((InlineKeyboardButton(callback_data='start_sniperx', text='🚀 Start SniperX'),), (InlineKeyboardButton(callback_data='stop_sniperx', text='🛑 Stop SniperX'), InlineKeyboardButton(callback_data='status_sniperx', text='📊 Status')), (InlineKeyboardButton(callback_data='show_balance', text='💰 Balance'),))), supergroup_chat_created=False, text='SniperX Bot Control Panel:')), update_id=37530132),)
2025-06-23 21:37:31,036 - telegram.ext.ExtBot - DEBUG - Exiting: get_updates
2025-06-23 21:37:31,036 - telegram.ext.ExtBot - DEBUG - Entering: get_updates
2025-06-23 21:37:31,037 - telegram.ext.Application - DEBUG - Processing update Update(callback_query=CallbackQuery(chat_instance='-1307310250263184334', data='start_sniperx', from_user=User(first_name='Ghost', id=7049055170, is_bot=False, language_code='en', last_name='Number1'), id='2605345314719109437', message=Message(channel_chat_created=False, chat=Chat(first_name='Ghost', id=7049055170, last_name='Number1', type=<ChatType.PRIVATE>), date=datetime.datetime(2025, 6, 23, 20, 37, 29, tzinfo=<UTC>), delete_chat_photo=False, from_user=User(first_name='SPRD', id=7707158318, is_bot=True, username='tizi91Bot'), group_chat_created=False, message_id=11916, reply_markup=InlineKeyboardMarkup(inline_keyboard=((InlineKeyboardButton(callback_data='start_sniperx', text='🚀 Start SniperX'),), (InlineKeyboardButton(callback_data='stop_sniperx', text='🛑 Stop SniperX'), InlineKeyboardButton(callback_data='status_sniperx', text='📊 Status')), (InlineKeyboardButton(callback_data='show_balance', text='💰 Balance'),))), supergroup_chat_created=False, text='SniperX Bot Control Panel:')), update_id=37530132)
2025-06-23 21:37:31,039 - __main__ - INFO - Button callback received: Update(callback_query=CallbackQuery(chat_instance='-1307310250263184334', data='start_sniperx', from_user=User(first_name='Ghost', id=7049055170, is_bot=False, language_code='en', last_name='Number1'), id='2605345314719109437', message=Message(channel_chat_created=False, chat=Chat(first_name='Ghost', id=7049055170, last_name='Number1', type=<ChatType.PRIVATE>), date=datetime.datetime(2025, 6, 23, 20, 37, 29, tzinfo=<UTC>), delete_chat_photo=False, from_user=User(first_name='SPRD', id=7707158318, is_bot=True, username='tizi91Bot'), group_chat_created=False, message_id=11916, reply_markup=InlineKeyboardMarkup(inline_keyboard=((InlineKeyboardButton(callback_data='start_sniperx', text='🚀 Start SniperX'),), (InlineKeyboardButton(callback_data='stop_sniperx', text='🛑 Stop SniperX'), InlineKeyboardButton(callback_data='status_sniperx', text='📊 Status')), (InlineKeyboardButton(callback_data='show_balance', text='💰 Balance'),))), supergroup_chat_created=False, text='SniperX Bot Control Panel:')), update_id=37530132)
2025-06-23 21:37:31,039 - telegram.ext.ExtBot - DEBUG - Entering: answer_callback_query
2025-06-23 21:37:31,044 - httpcore.http11 - DEBUG - send_request_headers.started request=<Request [b'POST']>
2025-06-23 21:37:31,046 - httpcore.http11 - DEBUG - send_request_headers.started request=<Request [b'POST']>
2025-06-23 21:37:31,047 - httpcore.http11 - DEBUG - send_request_headers.complete
2025-06-23 21:37:31,047 - httpcore.http11 - DEBUG - send_request_body.started request=<Request [b'POST']>
2025-06-23 21:37:31,047 - httpcore.http11 - DEBUG - send_request_headers.complete
2025-06-23 21:37:31,047 - httpcore.http11 - DEBUG - send_request_body.started request=<Request [b'POST']>
2025-06-23 21:37:31,047 - httpcore.http11 - DEBUG - send_request_body.complete
2025-06-23 21:37:31,047 - httpcore.http11 - DEBUG - receive_response_headers.started request=<Request [b'POST']>
2025-06-23 21:37:31,048 - httpcore.http11 - DEBUG - send_request_body.complete
2025-06-23 21:37:31,048 - httpcore.http11 - DEBUG - receive_response_headers.started request=<Request [b'POST']>
2025-06-23 21:37:31,222 - httpcore.http11 - DEBUG - receive_response_headers.complete return_value=(b'HTTP/1.1', 200, b'OK', [(b'Server', b'nginx/1.18.0'), (b'Date', b'Mon, 23 Jun 2025 20:37:31 GMT'), (b'Content-Type', b'application/json'), (b'Content-Length', b'25'), (b'Connection', b'keep-alive'), (b'Strict-Transport-Security', b'max-age=31536000; includeSubDomains; preload'), (b'Access-Control-Allow-Origin', b'*'), (b'Access-Control-Allow-Methods', b'GET, POST, OPTIONS'), (b'Access-Control-Expose-Headers', b'Content-Length,Content-Type,Date,Server,Connection')])
2025-06-23 21:37:31,222 - httpx - INFO - HTTP Request: POST https://api.telegram.org/bot7707158318:AAE8rWa4Q8Z_3avql6K0HAmXaooZAReoNF0/answerCallbackQuery "HTTP/1.1 200 OK"
2025-06-23 21:37:31,222 - httpcore.http11 - DEBUG - receive_response_body.started request=<Request [b'POST']>
2025-06-23 21:37:31,222 - httpcore.http11 - DEBUG - receive_response_body.complete
2025-06-23 21:37:31,224 - httpcore.http11 - DEBUG - response_closed.started
2025-06-23 21:37:31,224 - httpcore.http11 - DEBUG - response_closed.complete
2025-06-23 21:37:31,224 - telegram.ext.ExtBot - DEBUG - True
2025-06-23 21:37:31,224 - telegram.ext.ExtBot - DEBUG - Exiting: answer_callback_query
2025-06-23 21:37:31,224 - __main__ - INFO - Processing action: start_sniperx
2025-06-23 21:37:31,226 - telegram.ext.ExtBot - DEBUG - Entering: send_message
2025-06-23 21:37:31,227 - httpcore.http11 - DEBUG - send_request_headers.started request=<Request [b'POST']>
2025-06-23 21:37:31,227 - httpcore.http11 - DEBUG - send_request_headers.complete
2025-06-23 21:37:31,227 - httpcore.http11 - DEBUG - send_request_body.started request=<Request [b'POST']>
2025-06-23 21:37:31,228 - httpcore.http11 - DEBUG - send_request_body.complete
2025-06-23 21:37:31,228 - httpcore.http11 - DEBUG - receive_response_headers.started request=<Request [b'POST']>
2025-06-23 21:37:31,337 - httpcore.http11 - DEBUG - receive_response_headers.complete return_value=(b'HTTP/1.1', 200, b'OK', [(b'Server', b'nginx/1.18.0'), (b'Date', b'Mon, 23 Jun 2025 20:37:31 GMT'), (b'Content-Type', b'application/json'), (b'Content-Length', b'262'), (b'Connection', b'keep-alive'), (b'Strict-Transport-Security', b'max-age=31536000; includeSubDomains; preload'), (b'Access-Control-Allow-Origin', b'*'), (b'Access-Control-Allow-Methods', b'GET, POST, OPTIONS'), (b'Access-Control-Expose-Headers', b'Content-Length,Content-Type,Date,Server,Connection')])
2025-06-23 21:37:31,338 - httpx - INFO - HTTP Request: POST https://api.telegram.org/bot7707158318:AAE8rWa4Q8Z_3avql6K0HAmXaooZAReoNF0/sendMessage "HTTP/1.1 200 OK"
2025-06-23 21:37:31,339 - httpcore.http11 - DEBUG - receive_response_body.started request=<Request [b'POST']>
2025-06-23 21:37:31,339 - httpcore.http11 - DEBUG - receive_response_body.complete
2025-06-23 21:37:31,339 - httpcore.http11 - DEBUG - response_closed.started
2025-06-23 21:37:31,339 - httpcore.http11 - DEBUG - response_closed.complete
2025-06-23 21:37:31,340 - telegram.ext.ExtBot - DEBUG - Message(channel_chat_created=False, chat=Chat(first_name='Ghost', id=7049055170, last_name='Number1', type=<ChatType.PRIVATE>), date=datetime.datetime(2025, 6, 23, 20, 37, 31, tzinfo=<UTC>), delete_chat_photo=False, from_user=User(first_name='SPRD', id=7707158318, is_bot=True, username='tizi91Bot'), group_chat_created=False, message_id=11917, supergroup_chat_created=False, text='Starting wallet manager...')
2025-06-23 21:37:31,340 - telegram.ext.ExtBot - DEBUG - Exiting: send_message
2025-06-23 21:37:33,455 - telegram.ext.ExtBot - DEBUG - Entering: send_message
2025-06-23 21:37:33,456 - httpcore.http11 - DEBUG - send_request_headers.started request=<Request [b'POST']>
2025-06-23 21:37:33,458 - httpcore.http11 - DEBUG - send_request_headers.complete
2025-06-23 21:37:33,458 - httpcore.http11 - DEBUG - send_request_body.started request=<Request [b'POST']>
2025-06-23 21:37:33,459 - httpcore.http11 - DEBUG - send_request_body.complete
2025-06-23 21:37:33,459 - httpcore.http11 - DEBUG - receive_response_headers.started request=<Request [b'POST']>
2025-06-23 21:37:33,605 - httpcore.http11 - DEBUG - receive_response_headers.complete return_value=(b'HTTP/1.1', 200, b'OK', [(b'Server', b'nginx/1.18.0'), (b'Date', b'Mon, 23 Jun 2025 20:37:33 GMT'), (b'Content-Type', b'application/json'), (b'Content-Length', b'323'), (b'Connection', b'keep-alive'), (b'Strict-Transport-Security', b'max-age=31536000; includeSubDomains; preload'), (b'Access-Control-Allow-Origin', b'*'), (b'Access-Control-Allow-Methods', b'GET, POST, OPTIONS'), (b'Access-Control-Expose-Headers', b'Content-Length,Content-Type,Date,Server,Connection')])
2025-06-23 21:37:33,605 - httpx - INFO - HTTP Request: POST https://api.telegram.org/bot7707158318:AAE8rWa4Q8Z_3avql6K0HAmXaooZAReoNF0/sendMessage "HTTP/1.1 200 OK"
2025-06-23 21:37:33,605 - httpcore.http11 - DEBUG - receive_response_body.started request=<Request [b'POST']>
2025-06-23 21:37:33,606 - httpcore.http11 - DEBUG - receive_response_body.complete
2025-06-23 21:37:33,606 - httpcore.http11 - DEBUG - response_closed.started
2025-06-23 21:37:33,607 - httpcore.http11 - DEBUG - response_closed.complete
2025-06-23 21:37:33,609 - telegram.ext.ExtBot - DEBUG - Message(channel_chat_created=False, chat=Chat(first_name='Ghost', id=7049055170, last_name='Number1', type=<ChatType.PRIVATE>), date=datetime.datetime(2025, 6, 23, 20, 37, 33, tzinfo=<UTC>), delete_chat_photo=False, entities=(MessageEntity(length=5, offset=8, type=<MessageEntityType.URL>),), from_user=User(first_name='SPRD', id=7707158318, is_bot=True, username='tizi91Bot'), group_chat_created=False, message_id=11918, supergroup_chat_created=False, text='SniperX V2.py started with PID 12336.')
2025-06-23 21:37:33,609 - telegram.ext.ExtBot - DEBUG - Exiting: send_message
2025-06-23 21:37:33,610 - __main__ - INFO - SniperX V2.py started with PID 12336 by user tizi91Bot
2025-06-23 21:37:33,611 - telegram.ext.ExtBot - DEBUG - Entering: edit_message_text
2025-06-23 21:37:33,614 - httpcore.http11 - DEBUG - send_request_headers.started request=<Request [b'POST']>
2025-06-23 21:37:33,615 - httpcore.http11 - DEBUG - send_request_headers.complete
2025-06-23 21:37:33,615 - httpcore.http11 - DEBUG - send_request_body.started request=<Request [b'POST']>
2025-06-23 21:37:33,616 - httpcore.http11 - DEBUG - send_request_body.complete
2025-06-23 21:37:33,616 - httpcore.http11 - DEBUG - receive_response_headers.started request=<Request [b'POST']>
2025-06-23 21:37:33,824 - httpcore.http11 - DEBUG - receive_response_headers.complete return_value=(b'HTTP/1.1', 400, b'Bad Request', [(b'Server', b'nginx/1.18.0'), (b'Date', b'Mon, 23 Jun 2025 20:37:33 GMT'), (b'Content-Type', b'application/json'), (b'Content-Length', b'204'), (b'Connection', b'keep-alive'), (b'Strict-Transport-Security', b'max-age=31536000; includeSubDomains; preload'), (b'Access-Control-Allow-Origin', b'*'), (b'Access-Control-Expose-Headers', b'Content-Length,Content-Type,Date,Server,Connection')])
2025-06-23 21:37:33,826 - httpx - INFO - HTTP Request: POST https://api.telegram.org/bot7707158318:AAE8rWa4Q8Z_3avql6K0HAmXaooZAReoNF0/editMessageText "HTTP/1.1 400 Bad Request"
2025-06-23 21:37:33,826 - httpcore.http11 - DEBUG - receive_response_body.started request=<Request [b'POST']>
2025-06-23 21:37:33,826 - httpcore.http11 - DEBUG - receive_response_body.complete
2025-06-23 21:37:33,827 - httpcore.http11 - DEBUG - response_closed.started
2025-06-23 21:37:33,827 - httpcore.http11 - DEBUG - response_closed.complete
2025-06-23 21:37:33,828 - __main__ - ERROR - Error showing menu: Message is not modified: specified new message content and reply markup are exactly the same as a current content and reply markup of the message
2025-06-23 21:37:33,829 - telegram.ext.ExtBot - DEBUG - Entering: send_message
2025-06-23 21:37:33,831 - httpcore.http11 - DEBUG - send_request_headers.started request=<Request [b'POST']>
2025-06-23 21:37:33,832 - httpcore.http11 - DEBUG - send_request_headers.complete
2025-06-23 21:37:33,832 - httpcore.http11 - DEBUG - send_request_body.started request=<Request [b'POST']>
2025-06-23 21:37:33,833 - httpcore.http11 - DEBUG - send_request_body.complete
2025-06-23 21:37:33,833 - httpcore.http11 - DEBUG - receive_response_headers.started request=<Request [b'POST']>
2025-06-23 21:37:34,013 - httpcore.http11 - DEBUG - receive_response_headers.complete return_value=(b'HTTP/1.1', 200, b'OK', [(b'Server', b'nginx/1.18.0'), (b'Date', b'Mon, 23 Jun 2025 20:37:33 GMT'), (b'Content-Type', b'application/json'), (b'Content-Length', b'570'), (b'Connection', b'keep-alive'), (b'Strict-Transport-Security', b'max-age=31536000; includeSubDomains; preload'), (b'Access-Control-Allow-Origin', b'*'), (b'Access-Control-Allow-Methods', b'GET, POST, OPTIONS'), (b'Access-Control-Expose-Headers', b'Content-Length,Content-Type,Date,Server,Connection')])
2025-06-23 21:37:34,013 - httpx - INFO - HTTP Request: POST https://api.telegram.org/bot7707158318:AAE8rWa4Q8Z_3avql6K0HAmXaooZAReoNF0/sendMessage "HTTP/1.1 200 OK"
2025-06-23 21:37:34,014 - httpcore.http11 - DEBUG - receive_response_body.started request=<Request [b'POST']>
2025-06-23 21:37:34,015 - httpcore.http11 - DEBUG - receive_response_body.complete
2025-06-23 21:37:34,015 - httpcore.http11 - DEBUG - response_closed.started
2025-06-23 21:37:34,015 - httpcore.http11 - DEBUG - response_closed.complete
2025-06-23 21:37:34,016 - telegram.ext.ExtBot - DEBUG - Message(channel_chat_created=False, chat=Chat(first_name='Ghost', id=7049055170, last_name='Number1', type=<ChatType.PRIVATE>), date=datetime.datetime(2025, 6, 23, 20, 37, 33, tzinfo=<UTC>), delete_chat_photo=False, from_user=User(first_name='SPRD', id=7707158318, is_bot=True, username='tizi91Bot'), group_chat_created=False, message_id=11919, reply_markup=InlineKeyboardMarkup(inline_keyboard=((InlineKeyboardButton(callback_data='start_sniperx', text='🚀 Start SniperX'),), (InlineKeyboardButton(callback_data='stop_sniperx', text='🛑 Stop SniperX'), InlineKeyboardButton(callback_data='status_sniperx', text='📊 Status')), (InlineKeyboardButton(callback_data='show_balance', text='💰 Balance'),))), supergroup_chat_created=False, text='SniperX Bot Control Panel:')
2025-06-23 21:37:34,017 - telegram.ext.ExtBot - DEBUG - Exiting: send_message
2025-06-23 21:37:41,173 - httpcore.http11 - DEBUG - receive_response_headers.complete return_value=(b'HTTP/1.1', 200, b'OK', [(b'Server', b'nginx/1.18.0'), (b'Date', b'Mon, 23 Jun 2025 20:37:41 GMT'), (b'Content-Type', b'application/json'), (b'Content-Length', b'23'), (b'Connection', b'keep-alive'), (b'Strict-Transport-Security', b'max-age=31536000; includeSubDomains; preload'), (b'Access-Control-Allow-Origin', b'*'), (b'Access-Control-Allow-Methods', b'GET, POST, OPTIONS'), (b'Access-Control-Expose-Headers', b'Content-Length,Content-Type,Date,Server,Connection')])
2025-06-23 21:37:41,174 - httpx - INFO - HTTP Request: POST https://api.telegram.org/bot7707158318:AAE8rWa4Q8Z_3avql6K0HAmXaooZAReoNF0/getUpdates "HTTP/1.1 200 OK"
2025-06-23 21:37:41,176 - httpcore.http11 - DEBUG - receive_response_body.started request=<Request [b'POST']>
2025-06-23 21:37:41,177 - httpcore.http11 - DEBUG - receive_response_body.complete
2025-06-23 21:37:41,177 - httpcore.http11 - DEBUG - response_closed.started
2025-06-23 21:37:41,177 - httpcore.http11 - DEBUG - response_closed.complete
2025-06-23 21:37:41,178 - telegram.ext.ExtBot - DEBUG - No new updates found.
2025-06-23 21:37:41,178 - telegram.ext.ExtBot - DEBUG - ()
2025-06-23 21:37:41,178 - telegram.ext.ExtBot - DEBUG - Exiting: get_updates
2025-06-23 21:37:41,178 - telegram.ext.ExtBot - DEBUG - Entering: get_updates
2025-06-23 21:37:41,179 - httpcore.http11 - DEBUG - send_request_headers.started request=<Request [b'POST']>
2025-06-23 21:37:41,180 - httpcore.http11 - DEBUG - send_request_headers.complete
2025-06-23 21:37:41,180 - httpcore.http11 - DEBUG - send_request_body.started request=<Request [b'POST']>
2025-06-23 21:37:41,180 - httpcore.http11 - DEBUG - send_request_body.complete
2025-06-23 21:37:41,180 - httpcore.http11 - DEBUG - receive_response_headers.started request=<Request [b'POST']>
2025-06-23 21:37:42,249 - httpcore.http11 - DEBUG - receive_response_headers.complete return_value=(b'HTTP/1.1', 200, b'OK', [(b'Server', b'nginx/1.18.0'), (b'Date', b'Mon, 23 Jun 2025 20:37:42 GMT'), (b'Content-Type', b'application/json'), (b'Content-Length', b'817'), (b'Connection', b'keep-alive'), (b'Strict-Transport-Security', b'max-age=31536000; includeSubDomains; preload'), (b'Access-Control-Allow-Origin', b'*'), (b'Access-Control-Allow-Methods', b'GET, POST, OPTIONS'), (b'Access-Control-Expose-Headers', b'Content-Length,Content-Type,Date,Server,Connection')])
2025-06-23 21:37:42,250 - httpx - INFO - HTTP Request: POST https://api.telegram.org/bot7707158318:AAE8rWa4Q8Z_3avql6K0HAmXaooZAReoNF0/getUpdates "HTTP/1.1 200 OK"
2025-06-23 21:37:42,251 - httpcore.http11 - DEBUG - receive_response_body.started request=<Request [b'POST']>
2025-06-23 21:37:42,251 - httpcore.http11 - DEBUG - receive_response_body.complete
2025-06-23 21:37:42,251 - httpcore.http11 - DEBUG - response_closed.started
2025-06-23 21:37:42,251 - httpcore.http11 - DEBUG - response_closed.complete
2025-06-23 21:37:42,252 - telegram.ext.ExtBot - DEBUG - Getting updates: [37530133]
2025-06-23 21:37:42,252 - telegram.ext.ExtBot - DEBUG - (Update(callback_query=CallbackQuery(chat_instance='-1307310250263184334', data='show_balance', from_user=User(first_name='Ghost', id=7049055170, is_bot=False, language_code='en', last_name='Number1'), id='2605345315452224182', message=Message(channel_chat_created=False, chat=Chat(first_name='Ghost', id=7049055170, last_name='Number1', type=<ChatType.PRIVATE>), date=datetime.datetime(2025, 6, 23, 20, 37, 33, tzinfo=<UTC>), delete_chat_photo=False, from_user=User(first_name='SPRD', id=7707158318, is_bot=True, username='tizi91Bot'), group_chat_created=False, message_id=11919, reply_markup=InlineKeyboardMarkup(inline_keyboard=((InlineKeyboardButton(callback_data='start_sniperx', text='🚀 Start SniperX'),), (InlineKeyboardButton(callback_data='stop_sniperx', text='🛑 Stop SniperX'), InlineKeyboardButton(callback_data='status_sniperx', text='📊 Status')), (InlineKeyboardButton(callback_data='show_balance', text='💰 Balance'),))), supergroup_chat_created=False, text='SniperX Bot Control Panel:')), update_id=37530133),)
2025-06-23 21:37:42,253 - telegram.ext.ExtBot - DEBUG - Exiting: get_updates
2025-06-23 21:37:42,253 - telegram.ext.ExtBot - DEBUG - Entering: get_updates
2025-06-23 21:37:42,254 - telegram.ext.Application - DEBUG - Processing update Update(callback_query=CallbackQuery(chat_instance='-1307310250263184334', data='show_balance', from_user=User(first_name='Ghost', id=7049055170, is_bot=False, language_code='en', last_name='Number1'), id='2605345315452224182', message=Message(channel_chat_created=False, chat=Chat(first_name='Ghost', id=7049055170, last_name='Number1', type=<ChatType.PRIVATE>), date=datetime.datetime(2025, 6, 23, 20, 37, 33, tzinfo=<UTC>), delete_chat_photo=False, from_user=User(first_name='SPRD', id=7707158318, is_bot=True, username='tizi91Bot'), group_chat_created=False, message_id=11919, reply_markup=InlineKeyboardMarkup(inline_keyboard=((InlineKeyboardButton(callback_data='start_sniperx', text='🚀 Start SniperX'),), (InlineKeyboardButton(callback_data='stop_sniperx', text='🛑 Stop SniperX'), InlineKeyboardButton(callback_data='status_sniperx', text='📊 Status')), (InlineKeyboardButton(callback_data='show_balance', text='💰 Balance'),))), supergroup_chat_created=False, text='SniperX Bot Control Panel:')), update_id=37530133)
2025-06-23 21:37:42,255 - __main__ - INFO - Button callback received: Update(callback_query=CallbackQuery(chat_instance='-1307310250263184334', data='show_balance', from_user=User(first_name='Ghost', id=7049055170, is_bot=False, language_code='en', last_name='Number1'), id='2605345315452224182', message=Message(channel_chat_created=False, chat=Chat(first_name='Ghost', id=7049055170, last_name='Number1', type=<ChatType.PRIVATE>), date=datetime.datetime(2025, 6, 23, 20, 37, 33, tzinfo=<UTC>), delete_chat_photo=False, from_user=User(first_name='SPRD', id=7707158318, is_bot=True, username='tizi91Bot'), group_chat_created=False, message_id=11919, reply_markup=InlineKeyboardMarkup(inline_keyboard=((InlineKeyboardButton(callback_data='start_sniperx', text='🚀 Start SniperX'),), (InlineKeyboardButton(callback_data='stop_sniperx', text='🛑 Stop SniperX'), InlineKeyboardButton(callback_data='status_sniperx', text='📊 Status')), (InlineKeyboardButton(callback_data='show_balance', text='💰 Balance'),))), supergroup_chat_created=False, text='SniperX Bot Control Panel:')), update_id=37530133)
2025-06-23 21:37:42,256 - telegram.ext.ExtBot - DEBUG - Entering: answer_callback_query
2025-06-23 21:37:42,257 - httpcore.connection - DEBUG - close.started
2025-06-23 21:37:42,258 - httpcore.connection - DEBUG - close.complete
2025-06-23 21:37:42,259 - httpcore.http11 - DEBUG - send_request_headers.started request=<Request [b'POST']>
2025-06-23 21:37:42,260 - httpcore.connection - DEBUG - connect_tcp.started host='api.telegram.org' port=443 local_address=None timeout=5.0 socket_options=None
2025-06-23 21:37:42,261 - httpcore.http11 - DEBUG - send_request_headers.complete
2025-06-23 21:37:42,261 - httpcore.http11 - DEBUG - send_request_body.started request=<Request [b'POST']>
2025-06-23 21:37:42,262 - httpcore.http11 - DEBUG - send_request_body.complete
2025-06-23 21:37:42,262 - httpcore.http11 - DEBUG - receive_response_headers.started request=<Request [b'POST']>
2025-06-23 21:37:42,355 - httpcore.connection - DEBUG - connect_tcp.complete return_value=<httpcore._backends.anyio.AnyIOStream object at 0x000001C342B59810>
2025-06-23 21:37:42,355 - httpcore.connection - DEBUG - start_tls.started ssl_context=<ssl.SSLContext object at 0x000001C3429C9AC0> server_hostname='api.telegram.org' timeout=5.0
2025-06-23 21:37:42,462 - httpcore.connection - DEBUG - start_tls.complete return_value=<httpcore._backends.anyio.AnyIOStream object at 0x000001C342B599F0>
2025-06-23 21:37:42,462 - httpcore.http11 - DEBUG - send_request_headers.started request=<Request [b'POST']>
2025-06-23 21:37:42,463 - httpcore.http11 - DEBUG - send_request_headers.complete
2025-06-23 21:37:42,463 - httpcore.http11 - DEBUG - send_request_body.started request=<Request [b'POST']>
2025-06-23 21:37:42,463 - httpcore.http11 - DEBUG - send_request_body.complete
2025-06-23 21:37:42,463 - httpcore.http11 - DEBUG - receive_response_headers.started request=<Request [b'POST']>
2025-06-23 21:37:42,567 - httpcore.http11 - DEBUG - receive_response_headers.complete return_value=(b'HTTP/1.1', 200, b'OK', [(b'Server', b'nginx/1.18.0'), (b'Date', b'Mon, 23 Jun 2025 20:37:42 GMT'), (b'Content-Type', b'application/json'), (b'Content-Length', b'25'), (b'Connection', b'keep-alive'), (b'Strict-Transport-Security', b'max-age=31536000; includeSubDomains; preload'), (b'Access-Control-Allow-Origin', b'*'), (b'Access-Control-Allow-Methods', b'GET, POST, OPTIONS'), (b'Access-Control-Expose-Headers', b'Content-Length,Content-Type,Date,Server,Connection')])
2025-06-23 21:37:42,568 - httpx - INFO - HTTP Request: POST https://api.telegram.org/bot7707158318:AAE8rWa4Q8Z_3avql6K0HAmXaooZAReoNF0/answerCallbackQuery "HTTP/1.1 200 OK"
2025-06-23 21:37:42,568 - httpcore.http11 - DEBUG - receive_response_body.started request=<Request [b'POST']>
2025-06-23 21:37:42,569 - httpcore.http11 - DEBUG - receive_response_body.complete
2025-06-23 21:37:42,569 - httpcore.http11 - DEBUG - response_closed.started
2025-06-23 21:37:42,569 - httpcore.http11 - DEBUG - response_closed.complete
2025-06-23 21:37:42,570 - telegram.ext.ExtBot - DEBUG - True
2025-06-23 21:37:42,571 - telegram.ext.ExtBot - DEBUG - Exiting: answer_callback_query
2025-06-23 21:37:42,571 - __main__ - INFO - Processing action: show_balance
2025-06-23 21:37:42,572 - __main__ - INFO - Processing show_balance action
2025-06-23 21:37:42,573 - __main__ - INFO - Reading wallet balance from: C:\Users\Rachid Aitali\OneDrive - 4JM Solutions Limited\Desktop\SniperX\SniperX\SniperX-V3\wallet_balance.json
2025-06-23 21:37:42,574 - __main__ - DEBUG - Raw wallet balance data: {'sol': '0.001771443', 'usd': '0.25042889691', 'sol_price': '141.37', 'timestamp': 1750711053.5041628}
2025-06-23 21:37:42,574 - __main__ - INFO - Successfully read balance - SOL: 0.001771443, USD: 0.25042889691, Age: 0.2 minutes
2025-06-23 21:37:42,574 - __main__ - INFO - Current balance after read: {'sol': Decimal('0.001771443'), 'usd': Decimal('0.25042889691'), 'timestamp': 1750711053.5041628}
2025-06-23 21:37:42,574 - __main__ - INFO - Wallet manager not running, attempting to start it
2025-06-23 21:37:42,574 - __main__ - INFO - Starting wallet manager from: C:\Users\Rachid Aitali\OneDrive - 4JM Solutions Limited\Desktop\SniperX\SniperX\SniperX-V3\wallet_manager.py
2025-06-23 21:37:42,599 - __main__ - INFO - Wallet manager started with PID: 27920
2025-06-23 21:37:44,611 - __main__ - INFO - Wallet manager started successfully, reading balance...
2025-06-23 21:37:44,612 - __main__ - INFO - Reading wallet balance from: C:\Users\Rachid Aitali\OneDrive - 4JM Solutions Limited\Desktop\SniperX\SniperX\SniperX-V3\wallet_balance.json
2025-06-23 21:37:44,612 - __main__ - DEBUG - Raw wallet balance data: {'sol': '0.001771443', 'usd': '0.25042889691', 'sol_price': '141.37', 'timestamp': 1750711064.2006}
2025-06-23 21:37:44,612 - __main__ - INFO - Successfully read balance - SOL: 0.001771443, USD: 0.25042889691, Age: 0.0 minutes
2025-06-23 21:37:44,612 - __main__ - INFO - Balance after wallet manager start: {'sol': Decimal('0.001771443'), 'usd': Decimal('0.25042889691'), 'timestamp': 1750711064.2006}
2025-06-23 21:37:44,613 - __main__ - INFO - Balance retrieved successfully
2025-06-23 21:37:44,613 - telegram.ext.ExtBot - DEBUG - Entering: edit_message_text
2025-06-23 21:37:44,615 - httpcore.http11 - DEBUG - send_request_headers.started request=<Request [b'POST']>
2025-06-23 21:37:44,616 - httpcore.http11 - DEBUG - send_request_headers.complete
2025-06-23 21:37:44,617 - httpcore.http11 - DEBUG - send_request_body.started request=<Request [b'POST']>
2025-06-23 21:37:44,617 - httpcore.http11 - DEBUG - send_request_body.complete
2025-06-23 21:37:44,617 - httpcore.http11 - DEBUG - receive_response_headers.started request=<Request [b'POST']>
2025-06-23 21:37:44,763 - httpcore.http11 - DEBUG - receive_response_headers.complete return_value=(b'HTTP/1.1', 200, b'OK', [(b'Server', b'nginx/1.18.0'), (b'Date', b'Mon, 23 Jun 2025 20:37:44 GMT'), (b'Content-Type', b'application/json'), (b'Content-Length', b'497'), (b'Connection', b'keep-alive'), (b'Strict-Transport-Security', b'max-age=31536000; includeSubDomains; preload'), (b'Access-Control-Allow-Origin', b'*'), (b'Access-Control-Allow-Methods', b'GET, POST, OPTIONS'), (b'Access-Control-Expose-Headers', b'Content-Length,Content-Type,Date,Server,Connection')])
2025-06-23 21:37:44,764 - httpx - INFO - HTTP Request: POST https://api.telegram.org/bot7707158318:AAE8rWa4Q8Z_3avql6K0HAmXaooZAReoNF0/editMessageText "HTTP/1.1 200 OK"
2025-06-23 21:37:44,765 - httpcore.http11 - DEBUG - receive_response_body.started request=<Request [b'POST']>
2025-06-23 21:37:44,765 - httpcore.http11 - DEBUG - receive_response_body.complete
2025-06-23 21:37:44,765 - httpcore.http11 - DEBUG - response_closed.started
2025-06-23 21:37:44,765 - httpcore.http11 - DEBUG - response_closed.complete
2025-06-23 21:37:44,766 - telegram.ext.ExtBot - DEBUG - Message(channel_chat_created=False, chat=Chat(first_name='Ghost', id=7049055170, last_name='Number1', type=<ChatType.PRIVATE>), date=datetime.datetime(2025, 6, 23, 20, 37, 33, tzinfo=<UTC>), delete_chat_photo=False, edit_date=datetime.datetime(2025, 6, 23, 20, 37, 44, tzinfo=<UTC>), from_user=User(first_name='SPRD', id=7707158318, is_bot=True, username='tizi91Bot'), group_chat_created=False, message_id=11919, reply_markup=InlineKeyboardMarkup(inline_keyboard=((InlineKeyboardButton(callback_data='show_balance', text='🔄 Refresh'), InlineKeyboardButton(callback_data='back_to_menu', text='🔙 Back to Menu')),)), supergroup_chat_created=False, text='Current Balance:\nSOL: 0.001771\nUSD: $0.25\n\nLast Update: 21:37:44')
2025-06-23 21:37:44,766 - telegram.ext.ExtBot - DEBUG - Exiting: edit_message_text
2025-06-23 21:37:50,865 - httpcore.http11 - DEBUG - receive_response_headers.complete return_value=(b'HTTP/1.1', 200, b'OK', [(b'Server', b'nginx/1.18.0'), (b'Date', b'Mon, 23 Jun 2025 20:37:50 GMT'), (b'Content-Type', b'application/json'), (b'Content-Length', b'744'), (b'Connection', b'keep-alive'), (b'Strict-Transport-Security', b'max-age=31536000; includeSubDomains; preload'), (b'Access-Control-Allow-Origin', b'*'), (b'Access-Control-Allow-Methods', b'GET, POST, OPTIONS'), (b'Access-Control-Expose-Headers', b'Content-Length,Content-Type,Date,Server,Connection')])
2025-06-23 21:37:50,866 - httpx - INFO - HTTP Request: POST https://api.telegram.org/bot7707158318:AAE8rWa4Q8Z_3avql6K0HAmXaooZAReoNF0/getUpdates "HTTP/1.1 200 OK"
2025-06-23 21:37:50,867 - httpcore.http11 - DEBUG - receive_response_body.started request=<Request [b'POST']>
2025-06-23 21:37:50,867 - httpcore.http11 - DEBUG - receive_response_body.complete
2025-06-23 21:37:50,867 - httpcore.http11 - DEBUG - response_closed.started
2025-06-23 21:37:50,869 - httpcore.http11 - DEBUG - response_closed.complete
2025-06-23 21:37:50,870 - telegram.ext.ExtBot - DEBUG - Getting updates: [37530134]
2025-06-23 21:37:50,871 - telegram.ext.ExtBot - DEBUG - (Update(callback_query=CallbackQuery(chat_instance='-1307310250263184334', data='back_to_menu', from_user=User(first_name='Ghost', id=7049055170, is_bot=False, language_code='en', last_name='Number1'), id='2605345312584107357', message=Message(channel_chat_created=False, chat=Chat(first_name='Ghost', id=7049055170, last_name='Number1', type=<ChatType.PRIVATE>), date=datetime.datetime(2025, 6, 23, 20, 37, 33, tzinfo=<UTC>), delete_chat_photo=False, edit_date=datetime.datetime(2025, 6, 23, 20, 37, 44, tzinfo=<UTC>), from_user=User(first_name='SPRD', id=7707158318, is_bot=True, username='tizi91Bot'), group_chat_created=False, message_id=11919, reply_markup=InlineKeyboardMarkup(inline_keyboard=((InlineKeyboardButton(callback_data='show_balance', text='🔄 Refresh'), InlineKeyboardButton(callback_data='back_to_menu', text='🔙 Back to Menu')),)), supergroup_chat_created=False, text='Current Balance:\nSOL: 0.001771\nUSD: $0.25\n\nLast Update: 21:37:44')), update_id=37530134),)
2025-06-23 21:37:50,873 - telegram.ext.ExtBot - DEBUG - Exiting: get_updates
2025-06-23 21:37:50,873 - telegram.ext.ExtBot - DEBUG - Entering: get_updates
2025-06-23 21:37:50,875 - telegram.ext.Application - DEBUG - Processing update Update(callback_query=CallbackQuery(chat_instance='-1307310250263184334', data='back_to_menu', from_user=User(first_name='Ghost', id=7049055170, is_bot=False, language_code='en', last_name='Number1'), id='2605345312584107357', message=Message(channel_chat_created=False, chat=Chat(first_name='Ghost', id=7049055170, last_name='Number1', type=<ChatType.PRIVATE>), date=datetime.datetime(2025, 6, 23, 20, 37, 33, tzinfo=<UTC>), delete_chat_photo=False, edit_date=datetime.datetime(2025, 6, 23, 20, 37, 44, tzinfo=<UTC>), from_user=User(first_name='SPRD', id=7707158318, is_bot=True, username='tizi91Bot'), group_chat_created=False, message_id=11919, reply_markup=InlineKeyboardMarkup(inline_keyboard=((InlineKeyboardButton(callback_data='show_balance', text='🔄 Refresh'), InlineKeyboardButton(callback_data='back_to_menu', text='🔙 Back to Menu')),)), supergroup_chat_created=False, text='Current Balance:\nSOL: 0.001771\nUSD: $0.25\n\nLast Update: 21:37:44')), update_id=37530134)
2025-06-23 21:37:50,879 - __main__ - INFO - Button callback received: Update(callback_query=CallbackQuery(chat_instance='-1307310250263184334', data='back_to_menu', from_user=User(first_name='Ghost', id=7049055170, is_bot=False, language_code='en', last_name='Number1'), id='2605345312584107357', message=Message(channel_chat_created=False, chat=Chat(first_name='Ghost', id=7049055170, last_name='Number1', type=<ChatType.PRIVATE>), date=datetime.datetime(2025, 6, 23, 20, 37, 33, tzinfo=<UTC>), delete_chat_photo=False, edit_date=datetime.datetime(2025, 6, 23, 20, 37, 44, tzinfo=<UTC>), from_user=User(first_name='SPRD', id=7707158318, is_bot=True, username='tizi91Bot'), group_chat_created=False, message_id=11919, reply_markup=InlineKeyboardMarkup(inline_keyboard=((InlineKeyboardButton(callback_data='show_balance', text='🔄 Refresh'), InlineKeyboardButton(callback_data='back_to_menu', text='🔙 Back to Menu')),)), supergroup_chat_created=False, text='Current Balance:\nSOL: 0.001771\nUSD: $0.25\n\nLast Update: 21:37:44')), update_id=37530134)
2025-06-23 21:37:50,879 - telegram.ext.ExtBot - DEBUG - Entering: answer_callback_query
2025-06-23 21:37:50,882 - httpcore.connection - DEBUG - close.started
2025-06-23 21:37:50,883 - httpcore.connection - DEBUG - close.complete
2025-06-23 21:37:50,885 - httpcore.http11 - DEBUG - send_request_headers.started request=<Request [b'POST']>
2025-06-23 21:37:50,887 - httpcore.connection - DEBUG - connect_tcp.started host='api.telegram.org' port=443 local_address=None timeout=5.0 socket_options=None
2025-06-23 21:37:50,888 - httpcore.http11 - DEBUG - send_request_headers.complete
2025-06-23 21:37:50,888 - httpcore.http11 - DEBUG - send_request_body.started request=<Request [b'POST']>
2025-06-23 21:37:50,889 - httpcore.http11 - DEBUG - send_request_body.complete
2025-06-23 21:37:50,889 - httpcore.http11 - DEBUG - receive_response_headers.started request=<Request [b'POST']>
2025-06-23 21:37:51,302 - httpcore.connection - DEBUG - connect_tcp.complete return_value=<httpcore._backends.anyio.AnyIOStream object at 0x000001C342B3C130>
2025-06-23 21:37:51,303 - httpcore.connection - DEBUG - start_tls.started ssl_context=<ssl.SSLContext object at 0x000001C3429C9AC0> server_hostname='api.telegram.org' timeout=5.0
2025-06-23 21:37:51,424 - httpcore.connection - DEBUG - start_tls.complete return_value=<httpcore._backends.anyio.AnyIOStream object at 0x000001C342B5BF70>
2025-06-23 21:37:51,425 - httpcore.http11 - DEBUG - send_request_headers.started request=<Request [b'POST']>
2025-06-23 21:37:51,426 - httpcore.http11 - DEBUG - send_request_headers.complete
2025-06-23 21:37:51,426 - httpcore.http11 - DEBUG - send_request_body.started request=<Request [b'POST']>
2025-06-23 21:37:51,426 - httpcore.http11 - DEBUG - send_request_body.complete
2025-06-23 21:37:51,426 - httpcore.http11 - DEBUG - receive_response_headers.started request=<Request [b'POST']>
2025-06-23 21:37:51,542 - httpcore.http11 - DEBUG - receive_response_headers.complete return_value=(b'HTTP/1.1', 200, b'OK', [(b'Server', b'nginx/1.18.0'), (b'Date', b'Mon, 23 Jun 2025 20:37:51 GMT'), (b'Content-Type', b'application/json'), (b'Content-Length', b'25'), (b'Connection', b'keep-alive'), (b'Strict-Transport-Security', b'max-age=31536000; includeSubDomains; preload'), (b'Access-Control-Allow-Origin', b'*'), (b'Access-Control-Allow-Methods', b'GET, POST, OPTIONS'), (b'Access-Control-Expose-Headers', b'Content-Length,Content-Type,Date,Server,Connection')])
2025-06-23 21:37:51,543 - httpx - INFO - HTTP Request: POST https://api.telegram.org/bot7707158318:AAE8rWa4Q8Z_3avql6K0HAmXaooZAReoNF0/answerCallbackQuery "HTTP/1.1 200 OK"
2025-06-23 21:37:51,543 - httpcore.http11 - DEBUG - receive_response_body.started request=<Request [b'POST']>
2025-06-23 21:37:51,543 - httpcore.http11 - DEBUG - receive_response_body.complete
2025-06-23 21:37:51,544 - httpcore.http11 - DEBUG - response_closed.started
2025-06-23 21:37:51,544 - httpcore.http11 - DEBUG - response_closed.complete
2025-06-23 21:37:51,545 - telegram.ext.ExtBot - DEBUG - True
2025-06-23 21:37:51,545 - telegram.ext.ExtBot - DEBUG - Exiting: answer_callback_query
2025-06-23 21:37:51,545 - __main__ - INFO - Processing action: back_to_menu
2025-06-23 21:37:51,546 - telegram.ext.ExtBot - DEBUG - Entering: edit_message_text
2025-06-23 21:37:51,547 - httpcore.http11 - DEBUG - send_request_headers.started request=<Request [b'POST']>
2025-06-23 21:37:51,548 - httpcore.http11 - DEBUG - send_request_headers.complete
2025-06-23 21:37:51,548 - httpcore.http11 - DEBUG - send_request_body.started request=<Request [b'POST']>
2025-06-23 21:37:51,549 - httpcore.http11 - DEBUG - send_request_body.complete
2025-06-23 21:37:51,549 - httpcore.http11 - DEBUG - receive_response_headers.started request=<Request [b'POST']>
2025-06-23 21:37:51,734 - httpcore.http11 - DEBUG - receive_response_headers.complete return_value=(b'HTTP/1.1', 200, b'OK', [(b'Server', b'nginx/1.18.0'), (b'Date', b'Mon, 23 Jun 2025 20:37:51 GMT'), (b'Content-Type', b'application/json'), (b'Content-Length', b'593'), (b'Connection', b'keep-alive'), (b'Strict-Transport-Security', b'max-age=31536000; includeSubDomains; preload'), (b'Access-Control-Allow-Origin', b'*'), (b'Access-Control-Allow-Methods', b'GET, POST, OPTIONS'), (b'Access-Control-Expose-Headers', b'Content-Length,Content-Type,Date,Server,Connection')])
2025-06-23 21:37:51,736 - httpx - INFO - HTTP Request: POST https://api.telegram.org/bot7707158318:AAE8rWa4Q8Z_3avql6K0HAmXaooZAReoNF0/editMessageText "HTTP/1.1 200 OK"
2025-06-23 21:37:51,737 - httpcore.http11 - DEBUG - receive_response_body.started request=<Request [b'POST']>
2025-06-23 21:37:51,737 - httpcore.http11 - DEBUG - receive_response_body.complete
2025-06-23 21:37:51,737 - httpcore.http11 - DEBUG - response_closed.started
2025-06-23 21:37:51,738 - httpcore.http11 - DEBUG - response_closed.complete
2025-06-23 21:37:51,741 - telegram.ext.ExtBot - DEBUG - Message(channel_chat_created=False, chat=Chat(first_name='Ghost', id=7049055170, last_name='Number1', type=<ChatType.PRIVATE>), date=datetime.datetime(2025, 6, 23, 20, 37, 33, tzinfo=<UTC>), delete_chat_photo=False, edit_date=datetime.datetime(2025, 6, 23, 20, 37, 51, tzinfo=<UTC>), from_user=User(first_name='SPRD', id=7707158318, is_bot=True, username='tizi91Bot'), group_chat_created=False, message_id=11919, reply_markup=InlineKeyboardMarkup(inline_keyboard=((InlineKeyboardButton(callback_data='start_sniperx', text='🚀 Start SniperX'),), (InlineKeyboardButton(callback_data='stop_sniperx', text='🛑 Stop SniperX'), InlineKeyboardButton(callback_data='status_sniperx', text='📊 Status')), (InlineKeyboardButton(callback_data='show_balance', text='💰 Balance'),))), supergroup_chat_created=False, text='SniperX Bot Control Panel:')
2025-06-23 21:37:51,741 - telegram.ext.ExtBot - DEBUG - Exiting: edit_message_text
2025-06-23 21:37:55,632 - httpcore.http11 - DEBUG - receive_response_headers.complete return_value=(b'HTTP/1.1', 200, b'OK', [(b'Server', b'nginx/1.18.0'), (b'Date', b'Mon, 23 Jun 2025 20:37:55 GMT'), (b'Content-Type', b'application/json'), (b'Content-Length', b'842'), (b'Connection', b'keep-alive'), (b'Strict-Transport-Security', b'max-age=31536000; includeSubDomains; preload'), (b'Access-Control-Allow-Origin', b'*'), (b'Access-Control-Allow-Methods', b'GET, POST, OPTIONS'), (b'Access-Control-Expose-Headers', b'Content-Length,Content-Type,Date,Server,Connection')])
2025-06-23 21:37:55,634 - httpx - INFO - HTTP Request: POST https://api.telegram.org/bot7707158318:AAE8rWa4Q8Z_3avql6K0HAmXaooZAReoNF0/getUpdates "HTTP/1.1 200 OK"
2025-06-23 21:37:55,634 - httpcore.http11 - DEBUG - receive_response_body.started request=<Request [b'POST']>
2025-06-23 21:37:55,634 - httpcore.http11 - DEBUG - receive_response_body.complete
2025-06-23 21:37:55,634 - httpcore.http11 - DEBUG - response_closed.started
2025-06-23 21:37:55,634 - httpcore.http11 - DEBUG - response_closed.complete
2025-06-23 21:37:55,634 - telegram.ext.ExtBot - DEBUG - Getting updates: [37530135]
2025-06-23 21:37:55,635 - telegram.ext.ExtBot - DEBUG - (Update(callback_query=CallbackQuery(chat_instance='-1307310250263184334', data='status_sniperx', from_user=User(first_name='Ghost', id=7049055170, is_bot=False, language_code='en', last_name='Number1'), id='2605345315865422689', message=Message(channel_chat_created=False, chat=Chat(first_name='Ghost', id=7049055170, last_name='Number1', type=<ChatType.PRIVATE>), date=datetime.datetime(2025, 6, 23, 20, 37, 33, tzinfo=<UTC>), delete_chat_photo=False, edit_date=datetime.datetime(2025, 6, 23, 20, 37, 51, tzinfo=<UTC>), from_user=User(first_name='SPRD', id=7707158318, is_bot=True, username='tizi91Bot'), group_chat_created=False, message_id=11919, reply_markup=InlineKeyboardMarkup(inline_keyboard=((InlineKeyboardButton(callback_data='start_sniperx', text='🚀 Start SniperX'),), (InlineKeyboardButton(callback_data='stop_sniperx', text='🛑 Stop SniperX'), InlineKeyboardButton(callback_data='status_sniperx', text='📊 Status')), (InlineKeyboardButton(callback_data='show_balance', text='💰 Balance'),))), supergroup_chat_created=False, text='SniperX Bot Control Panel:')), update_id=37530135),)
2025-06-23 21:37:55,637 - telegram.ext.ExtBot - DEBUG - Exiting: get_updates
2025-06-23 21:37:55,637 - telegram.ext.ExtBot - DEBUG - Entering: get_updates
2025-06-23 21:37:55,639 - telegram.ext.Application - DEBUG - Processing update Update(callback_query=CallbackQuery(chat_instance='-1307310250263184334', data='status_sniperx', from_user=User(first_name='Ghost', id=7049055170, is_bot=False, language_code='en', last_name='Number1'), id='2605345315865422689', message=Message(channel_chat_created=False, chat=Chat(first_name='Ghost', id=7049055170, last_name='Number1', type=<ChatType.PRIVATE>), date=datetime.datetime(2025, 6, 23, 20, 37, 33, tzinfo=<UTC>), delete_chat_photo=False, edit_date=datetime.datetime(2025, 6, 23, 20, 37, 51, tzinfo=<UTC>), from_user=User(first_name='SPRD', id=7707158318, is_bot=True, username='tizi91Bot'), group_chat_created=False, message_id=11919, reply_markup=InlineKeyboardMarkup(inline_keyboard=((InlineKeyboardButton(callback_data='start_sniperx', text='🚀 Start SniperX'),), (InlineKeyboardButton(callback_data='stop_sniperx', text='🛑 Stop SniperX'), InlineKeyboardButton(callback_data='status_sniperx', text='📊 Status')), (InlineKeyboardButton(callback_data='show_balance', text='💰 Balance'),))), supergroup_chat_created=False, text='SniperX Bot Control Panel:')), update_id=37530135)
2025-06-23 21:37:55,639 - __main__ - INFO - Button callback received: Update(callback_query=CallbackQuery(chat_instance='-1307310250263184334', data='status_sniperx', from_user=User(first_name='Ghost', id=7049055170, is_bot=False, language_code='en', last_name='Number1'), id='2605345315865422689', message=Message(channel_chat_created=False, chat=Chat(first_name='Ghost', id=7049055170, last_name='Number1', type=<ChatType.PRIVATE>), date=datetime.datetime(2025, 6, 23, 20, 37, 33, tzinfo=<UTC>), delete_chat_photo=False, edit_date=datetime.datetime(2025, 6, 23, 20, 37, 51, tzinfo=<UTC>), from_user=User(first_name='SPRD', id=7707158318, is_bot=True, username='tizi91Bot'), group_chat_created=False, message_id=11919, reply_markup=InlineKeyboardMarkup(inline_keyboard=((InlineKeyboardButton(callback_data='start_sniperx', text='🚀 Start SniperX'),), (InlineKeyboardButton(callback_data='stop_sniperx', text='🛑 Stop SniperX'), InlineKeyboardButton(callback_data='status_sniperx', text='📊 Status')), (InlineKeyboardButton(callback_data='show_balance', text='💰 Balance'),))), supergroup_chat_created=False, text='SniperX Bot Control Panel:')), update_id=37530135)
2025-06-23 21:37:55,641 - telegram.ext.ExtBot - DEBUG - Entering: answer_callback_query
2025-06-23 21:37:55,643 - httpcore.http11 - DEBUG - send_request_headers.started request=<Request [b'POST']>
2025-06-23 21:37:55,643 - httpcore.http11 - DEBUG - send_request_headers.started request=<Request [b'POST']>
2025-06-23 21:37:55,644 - httpcore.http11 - DEBUG - send_request_headers.complete
2025-06-23 21:37:55,644 - httpcore.http11 - DEBUG - send_request_body.started request=<Request [b'POST']>
2025-06-23 21:37:55,645 - httpcore.http11 - DEBUG - send_request_headers.complete
2025-06-23 21:37:55,645 - httpcore.http11 - DEBUG - send_request_body.started request=<Request [b'POST']>
2025-06-23 21:37:55,645 - httpcore.http11 - DEBUG - send_request_body.complete
2025-06-23 21:37:55,645 - httpcore.http11 - DEBUG - receive_response_headers.started request=<Request [b'POST']>
2025-06-23 21:37:55,647 - httpcore.http11 - DEBUG - send_request_body.complete
2025-06-23 21:37:55,647 - httpcore.http11 - DEBUG - receive_response_headers.started request=<Request [b'POST']>
2025-06-23 21:37:55,899 - httpcore.http11 - DEBUG - receive_response_headers.complete return_value=(b'HTTP/1.1', 200, b'OK', [(b'Server', b'nginx/1.18.0'), (b'Date', b'Mon, 23 Jun 2025 20:37:55 GMT'), (b'Content-Type', b'application/json'), (b'Content-Length', b'25'), (b'Connection', b'keep-alive'), (b'Strict-Transport-Security', b'max-age=31536000; includeSubDomains; preload'), (b'Access-Control-Allow-Origin', b'*'), (b'Access-Control-Allow-Methods', b'GET, POST, OPTIONS'), (b'Access-Control-Expose-Headers', b'Content-Length,Content-Type,Date,Server,Connection')])
2025-06-23 21:37:55,900 - httpx - INFO - HTTP Request: POST https://api.telegram.org/bot7707158318:AAE8rWa4Q8Z_3avql6K0HAmXaooZAReoNF0/answerCallbackQuery "HTTP/1.1 200 OK"
2025-06-23 21:37:55,901 - httpcore.http11 - DEBUG - receive_response_body.started request=<Request [b'POST']>
2025-06-23 21:37:55,901 - httpcore.http11 - DEBUG - receive_response_body.complete
2025-06-23 21:37:55,901 - httpcore.http11 - DEBUG - response_closed.started
2025-06-23 21:37:55,902 - httpcore.http11 - DEBUG - response_closed.complete
2025-06-23 21:37:55,903 - telegram.ext.ExtBot - DEBUG - True
2025-06-23 21:37:55,903 - telegram.ext.ExtBot - DEBUG - Exiting: answer_callback_query
2025-06-23 21:37:55,903 - __main__ - INFO - Processing action: status_sniperx
2025-06-23 21:37:55,903 - telegram.ext.ExtBot - DEBUG - Entering: edit_message_text
2025-06-23 21:37:55,904 - httpcore.http11 - DEBUG - send_request_headers.started request=<Request [b'POST']>
2025-06-23 21:37:55,905 - httpcore.http11 - DEBUG - send_request_headers.complete
2025-06-23 21:37:55,905 - httpcore.http11 - DEBUG - send_request_body.started request=<Request [b'POST']>
2025-06-23 21:37:55,905 - httpcore.http11 - DEBUG - send_request_body.complete
2025-06-23 21:37:55,905 - httpcore.http11 - DEBUG - receive_response_headers.started request=<Request [b'POST']>
2025-06-23 21:37:56,014 - httpcore.http11 - DEBUG - receive_response_headers.complete return_value=(b'HTTP/1.1', 200, b'OK', [(b'Server', b'nginx/1.18.0'), (b'Date', b'Mon, 23 Jun 2025 20:37:56 GMT'), (b'Content-Type', b'application/json'), (b'Content-Length', b'464'), (b'Connection', b'keep-alive'), (b'Strict-Transport-Security', b'max-age=31536000; includeSubDomains; preload'), (b'Access-Control-Allow-Origin', b'*'), (b'Access-Control-Allow-Methods', b'GET, POST, OPTIONS'), (b'Access-Control-Expose-Headers', b'Content-Length,Content-Type,Date,Server,Connection')])
2025-06-23 21:37:56,016 - httpx - INFO - HTTP Request: POST https://api.telegram.org/bot7707158318:AAE8rWa4Q8Z_3avql6K0HAmXaooZAReoNF0/editMessageText "HTTP/1.1 200 OK"
2025-06-23 21:37:56,017 - httpcore.http11 - DEBUG - receive_response_body.started request=<Request [b'POST']>
2025-06-23 21:37:56,017 - httpcore.http11 - DEBUG - receive_response_body.complete
2025-06-23 21:37:56,017 - httpcore.http11 - DEBUG - response_closed.started
2025-06-23 21:37:56,018 - httpcore.http11 - DEBUG - response_closed.complete
2025-06-23 21:37:56,019 - telegram.ext.ExtBot - DEBUG - Message(channel_chat_created=False, chat=Chat(first_name='Ghost', id=7049055170, last_name='Number1', type=<ChatType.PRIVATE>), date=datetime.datetime(2025, 6, 23, 20, 37, 33, tzinfo=<UTC>), delete_chat_photo=False, edit_date=datetime.datetime(2025, 6, 23, 20, 37, 56, tzinfo=<UTC>), entities=(MessageEntity(length=5, offset=8, type=<MessageEntityType.URL>),), from_user=User(first_name='SPRD', id=7707158318, is_bot=True, username='tizi91Bot'), group_chat_created=False, message_id=11919, reply_markup=InlineKeyboardMarkup(inline_keyboard=((InlineKeyboardButton(callback_data='back_to_menu', text='🔙 Back to Menu'),),)), supergroup_chat_created=False, text='SniperX V2.py is currently running (PID: 12336).')
2025-06-23 21:37:56,019 - telegram.ext.ExtBot - DEBUG - Exiting: edit_message_text
2025-06-23 21:37:58,459 - httpcore.http11 - DEBUG - receive_response_headers.complete return_value=(b'HTTP/1.1', 200, b'OK', [(b'Server', b'nginx/1.18.0'), (b'Date', b'Mon, 23 Jun 2025 20:37:58 GMT'), (b'Content-Type', b'application/json'), (b'Content-Length', b'711'), (b'Connection', b'keep-alive'), (b'Strict-Transport-Security', b'max-age=31536000; includeSubDomains; preload'), (b'Access-Control-Allow-Origin', b'*'), (b'Access-Control-Allow-Methods', b'GET, POST, OPTIONS'), (b'Access-Control-Expose-Headers', b'Content-Length,Content-Type,Date,Server,Connection')])
2025-06-23 21:37:58,459 - httpx - INFO - HTTP Request: POST https://api.telegram.org/bot7707158318:AAE8rWa4Q8Z_3avql6K0HAmXaooZAReoNF0/getUpdates "HTTP/1.1 200 OK"
2025-06-23 21:37:58,461 - httpcore.http11 - DEBUG - receive_response_body.started request=<Request [b'POST']>
2025-06-23 21:37:58,461 - httpcore.http11 - DEBUG - receive_response_body.complete
2025-06-23 21:37:58,461 - httpcore.http11 - DEBUG - response_closed.started
2025-06-23 21:37:58,461 - httpcore.http11 - DEBUG - response_closed.complete
2025-06-23 21:37:58,462 - telegram.ext.ExtBot - DEBUG - Getting updates: [37530136]
2025-06-23 21:37:58,463 - telegram.ext.ExtBot - DEBUG - (Update(callback_query=CallbackQuery(chat_instance='-1307310250263184334', data='back_to_menu', from_user=User(first_name='Ghost', id=7049055170, is_bot=False, language_code='en', last_name='Number1'), id='2605345313431449218', message=Message(channel_chat_created=False, chat=Chat(first_name='Ghost', id=7049055170, last_name='Number1', type=<ChatType.PRIVATE>), date=datetime.datetime(2025, 6, 23, 20, 37, 33, tzinfo=<UTC>), delete_chat_photo=False, edit_date=datetime.datetime(2025, 6, 23, 20, 37, 56, tzinfo=<UTC>), entities=(MessageEntity(length=5, offset=8, type=<MessageEntityType.URL>),), from_user=User(first_name='SPRD', id=7707158318, is_bot=True, username='tizi91Bot'), group_chat_created=False, message_id=11919, reply_markup=InlineKeyboardMarkup(inline_keyboard=((InlineKeyboardButton(callback_data='back_to_menu', text='🔙 Back to Menu'),),)), supergroup_chat_created=False, text='SniperX V2.py is currently running (PID: 12336).')), update_id=37530136),)
2025-06-23 21:37:58,464 - telegram.ext.ExtBot - DEBUG - Exiting: get_updates
2025-06-23 21:37:58,464 - telegram.ext.ExtBot - DEBUG - Entering: get_updates
2025-06-23 21:37:58,465 - telegram.ext.Application - DEBUG - Processing update Update(callback_query=CallbackQuery(chat_instance='-1307310250263184334', data='back_to_menu', from_user=User(first_name='Ghost', id=7049055170, is_bot=False, language_code='en', last_name='Number1'), id='2605345313431449218', message=Message(channel_chat_created=False, chat=Chat(first_name='Ghost', id=7049055170, last_name='Number1', type=<ChatType.PRIVATE>), date=datetime.datetime(2025, 6, 23, 20, 37, 33, tzinfo=<UTC>), delete_chat_photo=False, edit_date=datetime.datetime(2025, 6, 23, 20, 37, 56, tzinfo=<UTC>), entities=(MessageEntity(length=5, offset=8, type=<MessageEntityType.URL>),), from_user=User(first_name='SPRD', id=7707158318, is_bot=True, username='tizi91Bot'), group_chat_created=False, message_id=11919, reply_markup=InlineKeyboardMarkup(inline_keyboard=((InlineKeyboardButton(callback_data='back_to_menu', text='🔙 Back to Menu'),),)), supergroup_chat_created=False, text='SniperX V2.py is currently running (PID: 12336).')), update_id=37530136)
2025-06-23 21:37:58,467 - __main__ - INFO - Button callback received: Update(callback_query=CallbackQuery(chat_instance='-1307310250263184334', data='back_to_menu', from_user=User(first_name='Ghost', id=7049055170, is_bot=False, language_code='en', last_name='Number1'), id='2605345313431449218', message=Message(channel_chat_created=False, chat=Chat(first_name='Ghost', id=7049055170, last_name='Number1', type=<ChatType.PRIVATE>), date=datetime.datetime(2025, 6, 23, 20, 37, 33, tzinfo=<UTC>), delete_chat_photo=False, edit_date=datetime.datetime(2025, 6, 23, 20, 37, 56, tzinfo=<UTC>), entities=(MessageEntity(length=5, offset=8, type=<MessageEntityType.URL>),), from_user=User(first_name='SPRD', id=7707158318, is_bot=True, username='tizi91Bot'), group_chat_created=False, message_id=11919, reply_markup=InlineKeyboardMarkup(inline_keyboard=((InlineKeyboardButton(callback_data='back_to_menu', text='🔙 Back to Menu'),),)), supergroup_chat_created=False, text='SniperX V2.py is currently running (PID: 12336).')), update_id=37530136)
2025-06-23 21:37:58,468 - telegram.ext.ExtBot - DEBUG - Entering: answer_callback_query
2025-06-23 21:37:58,470 - httpcore.http11 - DEBUG - send_request_headers.started request=<Request [b'POST']>
2025-06-23 21:37:58,472 - httpcore.http11 - DEBUG - send_request_headers.started request=<Request [b'POST']>
2025-06-23 21:37:58,473 - httpcore.http11 - DEBUG - send_request_headers.complete
2025-06-23 21:37:58,473 - httpcore.http11 - DEBUG - send_request_body.started request=<Request [b'POST']>
2025-06-23 21:37:58,473 - httpcore.http11 - DEBUG - send_request_headers.complete
2025-06-23 21:37:58,473 - httpcore.http11 - DEBUG - send_request_body.started request=<Request [b'POST']>
2025-06-23 21:37:58,474 - httpcore.http11 - DEBUG - send_request_body.complete
2025-06-23 21:37:58,474 - httpcore.http11 - DEBUG - receive_response_headers.started request=<Request [b'POST']>
2025-06-23 21:37:58,476 - httpcore.http11 - DEBUG - send_request_body.complete
2025-06-23 21:37:58,476 - httpcore.http11 - DEBUG - receive_response_headers.started request=<Request [b'POST']>
2025-06-23 21:37:58,597 - httpcore.http11 - DEBUG - receive_response_headers.complete return_value=(b'HTTP/1.1', 200, b'OK', [(b'Server', b'nginx/1.18.0'), (b'Date', b'Mon, 23 Jun 2025 20:37:58 GMT'), (b'Content-Type', b'application/json'), (b'Content-Length', b'25'), (b'Connection', b'keep-alive'), (b'Strict-Transport-Security', b'max-age=31536000; includeSubDomains; preload'), (b'Access-Control-Allow-Origin', b'*'), (b'Access-Control-Allow-Methods', b'GET, POST, OPTIONS'), (b'Access-Control-Expose-Headers', b'Content-Length,Content-Type,Date,Server,Connection')])
2025-06-23 21:37:58,597 - httpx - INFO - HTTP Request: POST https://api.telegram.org/bot7707158318:AAE8rWa4Q8Z_3avql6K0HAmXaooZAReoNF0/answerCallbackQuery "HTTP/1.1 200 OK"
2025-06-23 21:37:58,598 - httpcore.http11 - DEBUG - receive_response_body.started request=<Request [b'POST']>
2025-06-23 21:37:58,598 - httpcore.http11 - DEBUG - receive_response_body.complete
2025-06-23 21:37:58,598 - httpcore.http11 - DEBUG - response_closed.started
2025-06-23 21:37:58,598 - httpcore.http11 - DEBUG - response_closed.complete
2025-06-23 21:37:58,599 - telegram.ext.ExtBot - DEBUG - True
2025-06-23 21:37:58,599 - telegram.ext.ExtBot - DEBUG - Exiting: answer_callback_query
2025-06-23 21:37:58,599 - __main__ - INFO - Processing action: back_to_menu
2025-06-23 21:37:58,599 - telegram.ext.ExtBot - DEBUG - Entering: edit_message_text
2025-06-23 21:37:58,603 - httpcore.http11 - DEBUG - send_request_headers.started request=<Request [b'POST']>
2025-06-23 21:37:58,604 - httpcore.http11 - DEBUG - send_request_headers.complete
2025-06-23 21:37:58,604 - httpcore.http11 - DEBUG - send_request_body.started request=<Request [b'POST']>
2025-06-23 21:37:58,605 - httpcore.http11 - DEBUG - send_request_body.complete
2025-06-23 21:37:58,605 - httpcore.http11 - DEBUG - receive_response_headers.started request=<Request [b'POST']>
2025-06-23 21:37:58,750 - httpcore.http11 - DEBUG - receive_response_headers.complete return_value=(b'HTTP/1.1', 200, b'OK', [(b'Server', b'nginx/1.18.0'), (b'Date', b'Mon, 23 Jun 2025 20:37:58 GMT'), (b'Content-Type', b'application/json'), (b'Content-Length', b'593'), (b'Connection', b'keep-alive'), (b'Strict-Transport-Security', b'max-age=31536000; includeSubDomains; preload'), (b'Access-Control-Allow-Origin', b'*'), (b'Access-Control-Allow-Methods', b'GET, POST, OPTIONS'), (b'Access-Control-Expose-Headers', b'Content-Length,Content-Type,Date,Server,Connection')])
2025-06-23 21:37:58,751 - httpx - INFO - HTTP Request: POST https://api.telegram.org/bot7707158318:AAE8rWa4Q8Z_3avql6K0HAmXaooZAReoNF0/editMessageText "HTTP/1.1 200 OK"
2025-06-23 21:37:58,752 - httpcore.http11 - DEBUG - receive_response_body.started request=<Request [b'POST']>
2025-06-23 21:37:58,752 - httpcore.http11 - DEBUG - receive_response_body.complete
2025-06-23 21:37:58,752 - httpcore.http11 - DEBUG - response_closed.started
2025-06-23 21:37:58,754 - httpcore.http11 - DEBUG - response_closed.complete
2025-06-23 21:37:58,755 - telegram.ext.ExtBot - DEBUG - Message(channel_chat_created=False, chat=Chat(first_name='Ghost', id=7049055170, last_name='Number1', type=<ChatType.PRIVATE>), date=datetime.datetime(2025, 6, 23, 20, 37, 33, tzinfo=<UTC>), delete_chat_photo=False, edit_date=datetime.datetime(2025, 6, 23, 20, 37, 58, tzinfo=<UTC>), from_user=User(first_name='SPRD', id=7707158318, is_bot=True, username='tizi91Bot'), group_chat_created=False, message_id=11919, reply_markup=InlineKeyboardMarkup(inline_keyboard=((InlineKeyboardButton(callback_data='start_sniperx', text='🚀 Start SniperX'),), (InlineKeyboardButton(callback_data='stop_sniperx', text='🛑 Stop SniperX'), InlineKeyboardButton(callback_data='status_sniperx', text='📊 Status')), (InlineKeyboardButton(callback_data='show_balance', text='💰 Balance'),))), supergroup_chat_created=False, text='SniperX Bot Control Panel:')
2025-06-23 21:37:58,756 - telegram.ext.ExtBot - DEBUG - Exiting: edit_message_text
2025-06-23 21:38:08,732 - httpcore.http11 - DEBUG - receive_response_headers.complete return_value=(b'HTTP/1.1', 200, b'OK', [(b'Server', b'nginx/1.18.0'), (b'Date', b'Mon, 23 Jun 2025 20:38:08 GMT'), (b'Content-Type', b'application/json'), (b'Content-Length', b'23'), (b'Connection', b'keep-alive'), (b'Strict-Transport-Security', b'max-age=31536000; includeSubDomains; preload'), (b'Access-Control-Allow-Origin', b'*'), (b'Access-Control-Allow-Methods', b'GET, POST, OPTIONS'), (b'Access-Control-Expose-Headers', b'Content-Length,Content-Type,Date,Server,Connection')])
2025-06-23 21:38:08,735 - httpx - INFO - HTTP Request: POST https://api.telegram.org/bot7707158318:AAE8rWa4Q8Z_3avql6K0HAmXaooZAReoNF0/getUpdates "HTTP/1.1 200 OK"
2025-06-23 21:38:08,735 - httpcore.http11 - DEBUG - receive_response_body.started request=<Request [b'POST']>
2025-06-23 21:38:08,735 - httpcore.http11 - DEBUG - receive_response_body.complete
2025-06-23 21:38:08,735 - httpcore.http11 - DEBUG - response_closed.started
2025-06-23 21:38:08,735 - httpcore.http11 - DEBUG - response_closed.complete
2025-06-23 21:38:08,735 - telegram.ext.ExtBot - DEBUG - No new updates found.
2025-06-23 21:38:08,735 - telegram.ext.ExtBot - DEBUG - ()
2025-06-23 21:38:08,735 - telegram.ext.ExtBot - DEBUG - Exiting: get_updates
2025-06-23 21:38:08,735 - telegram.ext.ExtBot - DEBUG - Entering: get_updates
2025-06-23 21:38:08,739 - httpcore.http11 - DEBUG - send_request_headers.started request=<Request [b'POST']>
2025-06-23 21:38:08,740 - httpcore.http11 - DEBUG - send_request_headers.complete
2025-06-23 21:38:08,740 - httpcore.http11 - DEBUG - send_request_body.started request=<Request [b'POST']>
2025-06-23 21:38:08,742 - httpcore.http11 - DEBUG - send_request_body.complete
2025-06-23 21:38:08,743 - httpcore.http11 - DEBUG - receive_response_headers.started request=<Request [b'POST']>
2025-06-23 21:38:18,931 - httpcore.http11 - DEBUG - receive_response_headers.complete return_value=(b'HTTP/1.1', 200, b'OK', [(b'Server', b'nginx/1.18.0'), (b'Date', b'Mon, 23 Jun 2025 20:38:18 GMT'), (b'Content-Type', b'application/json'), (b'Content-Length', b'23'), (b'Connection', b'keep-alive'), (b'Strict-Transport-Security', b'max-age=31536000; includeSubDomains; preload'), (b'Access-Control-Allow-Origin', b'*'), (b'Access-Control-Allow-Methods', b'GET, POST, OPTIONS'), (b'Access-Control-Expose-Headers', b'Content-Length,Content-Type,Date,Server,Connection')])
2025-06-23 21:38:18,931 - httpx - INFO - HTTP Request: POST https://api.telegram.org/bot7707158318:AAE8rWa4Q8Z_3avql6K0HAmXaooZAReoNF0/getUpdates "HTTP/1.1 200 OK"
2025-06-23 21:38:18,934 - httpcore.http11 - DEBUG - receive_response_body.started request=<Request [b'POST']>
2025-06-23 21:38:18,934 - httpcore.http11 - DEBUG - receive_response_body.complete
2025-06-23 21:38:18,934 - httpcore.http11 - DEBUG - response_closed.started
2025-06-23 21:38:18,935 - httpcore.http11 - DEBUG - response_closed.complete
2025-06-23 21:38:18,936 - telegram.ext.ExtBot - DEBUG - No new updates found.
2025-06-23 21:38:18,936 - telegram.ext.ExtBot - DEBUG - ()
2025-06-23 21:38:18,936 - telegram.ext.ExtBot - DEBUG - Exiting: get_updates
2025-06-23 21:38:18,936 - telegram.ext.ExtBot - DEBUG - Entering: get_updates
2025-06-23 21:38:18,939 - httpcore.http11 - DEBUG - send_request_headers.started request=<Request [b'POST']>
2025-06-23 21:38:18,939 - httpcore.http11 - DEBUG - send_request_headers.complete
2025-06-23 21:38:18,939 - httpcore.http11 - DEBUG - send_request_body.started request=<Request [b'POST']>
2025-06-23 21:38:18,941 - httpcore.http11 - DEBUG - send_request_body.complete
2025-06-23 21:38:18,941 - httpcore.http11 - DEBUG - receive_response_headers.started request=<Request [b'POST']>
2025-06-23 21:38:29,150 - httpcore.http11 - DEBUG - receive_response_headers.complete return_value=(b'HTTP/1.1', 200, b'OK', [(b'Server', b'nginx/1.18.0'), (b'Date', b'Mon, 23 Jun 2025 20:38:29 GMT'), (b'Content-Type', b'application/json'), (b'Content-Length', b'23'), (b'Connection', b'keep-alive'), (b'Strict-Transport-Security', b'max-age=31536000; includeSubDomains; preload'), (b'Access-Control-Allow-Origin', b'*'), (b'Access-Control-Allow-Methods', b'GET, POST, OPTIONS'), (b'Access-Control-Expose-Headers', b'Content-Length,Content-Type,Date,Server,Connection')])
2025-06-23 21:38:29,150 - httpx - INFO - HTTP Request: POST https://api.telegram.org/bot7707158318:AAE8rWa4Q8Z_3avql6K0HAmXaooZAReoNF0/getUpdates "HTTP/1.1 200 OK"
2025-06-23 21:38:29,153 - httpcore.http11 - DEBUG - receive_response_body.started request=<Request [b'POST']>
2025-06-23 21:38:29,154 - httpcore.http11 - DEBUG - receive_response_body.complete
2025-06-23 21:38:29,154 - httpcore.http11 - DEBUG - response_closed.started
2025-06-23 21:38:29,154 - httpcore.http11 - DEBUG - response_closed.complete
2025-06-23 21:38:29,155 - telegram.ext.ExtBot - DEBUG - No new updates found.
2025-06-23 21:38:29,155 - telegram.ext.ExtBot - DEBUG - ()
2025-06-23 21:38:29,155 - telegram.ext.ExtBot - DEBUG - Exiting: get_updates
2025-06-23 21:38:29,155 - telegram.ext.ExtBot - DEBUG - Entering: get_updates
2025-06-23 21:38:29,157 - httpcore.http11 - DEBUG - send_request_headers.started request=<Request [b'POST']>
2025-06-23 21:38:29,157 - httpcore.http11 - DEBUG - send_request_headers.complete
2025-06-23 21:38:29,157 - httpcore.http11 - DEBUG - send_request_body.started request=<Request [b'POST']>
2025-06-23 21:38:29,157 - httpcore.http11 - DEBUG - send_request_body.complete
2025-06-23 21:38:29,157 - httpcore.http11 - DEBUG - receive_response_headers.started request=<Request [b'POST']>
2025-06-23 21:38:39,273 - httpcore.http11 - DEBUG - receive_response_headers.complete return_value=(b'HTTP/1.1', 200, b'OK', [(b'Server', b'nginx/1.18.0'), (b'Date', b'Mon, 23 Jun 2025 20:38:39 GMT'), (b'Content-Type', b'application/json'), (b'Content-Length', b'23'), (b'Connection', b'keep-alive'), (b'Strict-Transport-Security', b'max-age=31536000; includeSubDomains; preload'), (b'Access-Control-Allow-Origin', b'*'), (b'Access-Control-Allow-Methods', b'GET, POST, OPTIONS'), (b'Access-Control-Expose-Headers', b'Content-Length,Content-Type,Date,Server,Connection')])
2025-06-23 21:38:39,276 - httpx - INFO - HTTP Request: POST https://api.telegram.org/bot7707158318:AAE8rWa4Q8Z_3avql6K0HAmXaooZAReoNF0/getUpdates "HTTP/1.1 200 OK"
2025-06-23 21:38:39,276 - httpcore.http11 - DEBUG - receive_response_body.started request=<Request [b'POST']>
2025-06-23 21:38:39,279 - httpcore.http11 - DEBUG - receive_response_body.complete
2025-06-23 21:38:39,279 - httpcore.http11 - DEBUG - response_closed.started
2025-06-23 21:38:39,279 - httpcore.http11 - DEBUG - response_closed.complete
2025-06-23 21:38:39,279 - telegram.ext.ExtBot - DEBUG - No new updates found.
2025-06-23 21:38:39,279 - telegram.ext.ExtBot - DEBUG - ()
2025-06-23 21:38:39,279 - telegram.ext.ExtBot - DEBUG - Exiting: get_updates
2025-06-23 21:38:39,279 - telegram.ext.ExtBot - DEBUG - Entering: get_updates
2025-06-23 21:38:39,281 - httpcore.http11 - DEBUG - send_request_headers.started request=<Request [b'POST']>
2025-06-23 21:38:39,281 - httpcore.http11 - DEBUG - send_request_headers.complete
2025-06-23 21:38:39,281 - httpcore.http11 - DEBUG - send_request_body.started request=<Request [b'POST']>
2025-06-23 21:38:39,281 - httpcore.http11 - DEBUG - send_request_body.complete
2025-06-23 21:38:39,281 - httpcore.http11 - DEBUG - receive_response_headers.started request=<Request [b'POST']>
2025-06-23 21:38:51,286 - httpcore.http11 - DEBUG - receive_response_headers.failed exception=ReadTimeout(TimeoutError())
2025-06-23 21:38:51,287 - httpcore.http11 - DEBUG - response_closed.started
2025-06-23 21:38:51,287 - httpcore.http11 - DEBUG - response_closed.complete
2025-06-23 21:38:51,289 - telegram.ext.Updater - DEBUG - Timed out getting Updates: Timed out
2025-06-23 21:38:51,289 - telegram.ext.ExtBot - DEBUG - Entering: get_updates
2025-06-23 21:38:51,291 - httpcore.connection - DEBUG - connect_tcp.started host='api.telegram.org' port=443 local_address=None timeout=5.0 socket_options=None
2025-06-23 21:38:52,766 - httpcore.connection - DEBUG - connect_tcp.complete return_value=<httpcore._backends.anyio.AnyIOStream object at 0x000001C342B5BF40>
2025-06-23 21:38:52,766 - httpcore.connection - DEBUG - start_tls.started ssl_context=<ssl.SSLContext object at 0x000001C3429C9BC0> server_hostname='api.telegram.org' timeout=5.0
2025-06-23 21:38:53,674 - httpcore.connection - DEBUG - start_tls.complete return_value=<httpcore._backends.anyio.AnyIOStream object at 0x000001C342B3DC60>
2025-06-23 21:38:53,675 - httpcore.http11 - DEBUG - send_request_headers.started request=<Request [b'POST']>
2025-06-23 21:38:53,677 - httpcore.http11 - DEBUG - send_request_headers.complete
2025-06-23 21:38:53,677 - httpcore.http11 - DEBUG - send_request_body.started request=<Request [b'POST']>
2025-06-23 21:38:53,679 - httpcore.http11 - DEBUG - send_request_body.complete
2025-06-23 21:38:53,679 - httpcore.http11 - DEBUG - receive_response_headers.started request=<Request [b'POST']>
2025-06-23 21:39:03,851 - httpcore.http11 - DEBUG - receive_response_headers.complete return_value=(b'HTTP/1.1', 200, b'OK', [(b'Server', b'nginx/1.18.0'), (b'Date', b'Mon, 23 Jun 2025 20:39:03 GMT'), (b'Content-Type', b'application/json'), (b'Content-Length', b'23'), (b'Connection', b'keep-alive'), (b'Strict-Transport-Security', b'max-age=31536000; includeSubDomains; preload'), (b'Access-Control-Allow-Origin', b'*'), (b'Access-Control-Allow-Methods', b'GET, POST, OPTIONS'), (b'Access-Control-Expose-Headers', b'Content-Length,Content-Type,Date,Server,Connection')])
2025-06-23 21:39:03,854 - httpx - INFO - HTTP Request: POST https://api.telegram.org/bot7707158318:AAE8rWa4Q8Z_3avql6K0HAmXaooZAReoNF0/getUpdates "HTTP/1.1 200 OK"
2025-06-23 21:39:03,855 - httpcore.http11 - DEBUG - receive_response_body.started request=<Request [b'POST']>
2025-06-23 21:39:03,855 - httpcore.http11 - DEBUG - receive_response_body.complete
2025-06-23 21:39:03,855 - httpcore.http11 - DEBUG - response_closed.started
2025-06-23 21:39:03,858 - httpcore.http11 - DEBUG - response_closed.complete
2025-06-23 21:39:03,886 - telegram.ext.ExtBot - DEBUG - No new updates found.
2025-06-23 21:39:03,889 - telegram.ext.ExtBot - DEBUG - ()
2025-06-23 21:39:03,890 - telegram.ext.ExtBot - DEBUG - Exiting: get_updates
2025-06-23 21:39:03,891 - telegram.ext.ExtBot - DEBUG - Entering: get_updates
2025-06-23 21:39:03,894 - httpcore.http11 - DEBUG - send_request_headers.started request=<Request [b'POST']>
2025-06-23 21:39:03,898 - httpcore.http11 - DEBUG - send_request_headers.complete
2025-06-23 21:39:03,898 - httpcore.http11 - DEBUG - send_request_body.started request=<Request [b'POST']>
2025-06-23 21:39:03,901 - httpcore.http11 - DEBUG - send_request_body.complete
2025-06-23 21:39:03,901 - httpcore.http11 - DEBUG - receive_response_headers.started request=<Request [b'POST']>
2025-06-23 21:39:14,207 - httpcore.http11 - DEBUG - receive_response_headers.complete return_value=(b'HTTP/1.1', 200, b'OK', [(b'Server', b'nginx/1.18.0'), (b'Date', b'Mon, 23 Jun 2025 20:39:13 GMT'), (b'Content-Type', b'application/json'), (b'Content-Length', b'23'), (b'Connection', b'keep-alive'), (b'Strict-Transport-Security', b'max-age=31536000; includeSubDomains; preload'), (b'Access-Control-Allow-Origin', b'*'), (b'Access-Control-Allow-Methods', b'GET, POST, OPTIONS'), (b'Access-Control-Expose-Headers', b'Content-Length,Content-Type,Date,Server,Connection')])
2025-06-23 21:39:14,207 - httpx - INFO - HTTP Request: POST https://api.telegram.org/bot7707158318:AAE8rWa4Q8Z_3avql6K0HAmXaooZAReoNF0/getUpdates "HTTP/1.1 200 OK"
2025-06-23 21:39:14,210 - httpcore.http11 - DEBUG - receive_response_body.started request=<Request [b'POST']>
2025-06-23 21:39:14,212 - httpcore.http11 - DEBUG - receive_response_body.complete
2025-06-23 21:39:14,212 - httpcore.http11 - DEBUG - response_closed.started
2025-06-23 21:39:14,212 - httpcore.http11 - DEBUG - response_closed.complete
2025-06-23 21:39:14,212 - telegram.ext.ExtBot - DEBUG - No new updates found.
2025-06-23 21:39:14,212 - telegram.ext.ExtBot - DEBUG - ()
2025-06-23 21:39:14,214 - telegram.ext.ExtBot - DEBUG - Exiting: get_updates
2025-06-23 21:39:14,214 - telegram.ext.ExtBot - DEBUG - Entering: get_updates
2025-06-23 21:39:14,216 - httpcore.http11 - DEBUG - send_request_headers.started request=<Request [b'POST']>
2025-06-23 21:39:14,216 - httpcore.http11 - DEBUG - send_request_headers.complete
2025-06-23 21:39:14,216 - httpcore.http11 - DEBUG - send_request_body.started request=<Request [b'POST']>
2025-06-23 21:39:14,219 - httpcore.http11 - DEBUG - send_request_body.complete
2025-06-23 21:39:14,219 - httpcore.http11 - DEBUG - receive_response_headers.started request=<Request [b'POST']>
2025-06-23 21:39:24,369 - httpcore.http11 - DEBUG - receive_response_headers.complete return_value=(b'HTTP/1.1', 200, b'OK', [(b'Server', b'nginx/1.18.0'), (b'Date', b'Mon, 23 Jun 2025 20:39:24 GMT'), (b'Content-Type', b'application/json'), (b'Content-Length', b'23'), (b'Connection', b'keep-alive'), (b'Strict-Transport-Security', b'max-age=31536000; includeSubDomains; preload'), (b'Access-Control-Allow-Origin', b'*'), (b'Access-Control-Allow-Methods', b'GET, POST, OPTIONS'), (b'Access-Control-Expose-Headers', b'Content-Length,Content-Type,Date,Server,Connection')])
2025-06-23 21:39:24,369 - httpx - INFO - HTTP Request: POST https://api.telegram.org/bot7707158318:AAE8rWa4Q8Z_3avql6K0HAmXaooZAReoNF0/getUpdates "HTTP/1.1 200 OK"
2025-06-23 21:39:24,369 - httpcore.http11 - DEBUG - receive_response_body.started request=<Request [b'POST']>
2025-06-23 21:39:24,369 - httpcore.http11 - DEBUG - receive_response_body.complete
2025-06-23 21:39:24,369 - httpcore.http11 - DEBUG - response_closed.started
2025-06-23 21:39:24,369 - httpcore.http11 - DEBUG - response_closed.complete
2025-06-23 21:39:24,372 - telegram.ext.ExtBot - DEBUG - No new updates found.
2025-06-23 21:39:24,372 - telegram.ext.ExtBot - DEBUG - ()
2025-06-23 21:39:24,372 - telegram.ext.ExtBot - DEBUG - Exiting: get_updates
2025-06-23 21:39:24,372 - telegram.ext.ExtBot - DEBUG - Entering: get_updates
2025-06-23 21:39:24,373 - httpcore.http11 - DEBUG - send_request_headers.started request=<Request [b'POST']>
2025-06-23 21:39:24,373 - httpcore.http11 - DEBUG - send_request_headers.complete
2025-06-23 21:39:24,373 - httpcore.http11 - DEBUG - send_request_body.started request=<Request [b'POST']>
2025-06-23 21:39:24,373 - httpcore.http11 - DEBUG - send_request_body.complete
2025-06-23 21:39:24,373 - httpcore.http11 - DEBUG - receive_response_headers.started request=<Request [b'POST']>
2025-06-23 21:39:34,769 - httpcore.http11 - DEBUG - receive_response_headers.complete return_value=(b'HTTP/1.1', 200, b'OK', [(b'Server', b'nginx/1.18.0'), (b'Date', b'Mon, 23 Jun 2025 20:39:34 GMT'), (b'Content-Type', b'application/json'), (b'Content-Length', b'23'), (b'Connection', b'keep-alive'), (b'Strict-Transport-Security', b'max-age=31536000; includeSubDomains; preload'), (b'Access-Control-Allow-Origin', b'*'), (b'Access-Control-Allow-Methods', b'GET, POST, OPTIONS'), (b'Access-Control-Expose-Headers', b'Content-Length,Content-Type,Date,Server,Connection')])
2025-06-23 21:39:34,772 - httpx - INFO - HTTP Request: POST https://api.telegram.org/bot7707158318:AAE8rWa4Q8Z_3avql6K0HAmXaooZAReoNF0/getUpdates "HTTP/1.1 200 OK"
2025-06-23 21:39:34,773 - httpcore.http11 - DEBUG - receive_response_body.started request=<Request [b'POST']>
2025-06-23 21:39:34,773 - httpcore.http11 - DEBUG - receive_response_body.complete
2025-06-23 21:39:34,773 - httpcore.http11 - DEBUG - response_closed.started
2025-06-23 21:39:34,773 - httpcore.http11 - DEBUG - response_closed.complete
2025-06-23 21:39:34,775 - telegram.ext.ExtBot - DEBUG - No new updates found.
2025-06-23 21:39:34,775 - telegram.ext.ExtBot - DEBUG - ()
2025-06-23 21:39:34,776 - telegram.ext.ExtBot - DEBUG - Exiting: get_updates
2025-06-23 21:39:34,776 - telegram.ext.ExtBot - DEBUG - Entering: get_updates
2025-06-23 21:39:34,776 - httpcore.http11 - DEBUG - send_request_headers.started request=<Request [b'POST']>
2025-06-23 21:39:34,778 - httpcore.http11 - DEBUG - send_request_headers.complete
2025-06-23 21:39:34,778 - httpcore.http11 - DEBUG - send_request_body.started request=<Request [b'POST']>
2025-06-23 21:39:34,779 - httpcore.http11 - DEBUG - send_request_body.complete
2025-06-23 21:39:34,779 - httpcore.http11 - DEBUG - receive_response_headers.started request=<Request [b'POST']>
2025-06-23 21:39:45,015 - httpcore.http11 - DEBUG - receive_response_headers.complete return_value=(b'HTTP/1.1', 200, b'OK', [(b'Server', b'nginx/1.18.0'), (b'Date', b'Mon, 23 Jun 2025 20:39:44 GMT'), (b'Content-Type', b'application/json'), (b'Content-Length', b'23'), (b'Connection', b'keep-alive'), (b'Strict-Transport-Security', b'max-age=31536000; includeSubDomains; preload'), (b'Access-Control-Allow-Origin', b'*'), (b'Access-Control-Allow-Methods', b'GET, POST, OPTIONS'), (b'Access-Control-Expose-Headers', b'Content-Length,Content-Type,Date,Server,Connection')])
2025-06-23 21:39:45,015 - httpx - INFO - HTTP Request: POST https://api.telegram.org/bot7707158318:AAE8rWa4Q8Z_3avql6K0HAmXaooZAReoNF0/getUpdates "HTTP/1.1 200 OK"
2025-06-23 21:39:45,016 - httpcore.http11 - DEBUG - receive_response_body.started request=<Request [b'POST']>
2025-06-23 21:39:45,016 - httpcore.http11 - DEBUG - receive_response_body.complete
2025-06-23 21:39:45,016 - httpcore.http11 - DEBUG - response_closed.started
2025-06-23 21:39:45,016 - httpcore.http11 - DEBUG - response_closed.complete
2025-06-23 21:39:45,016 - telegram.ext.ExtBot - DEBUG - No new updates found.
2025-06-23 21:39:45,016 - telegram.ext.ExtBot - DEBUG - ()
2025-06-23 21:39:45,016 - telegram.ext.ExtBot - DEBUG - Exiting: get_updates
2025-06-23 21:39:45,019 - telegram.ext.ExtBot - DEBUG - Entering: get_updates
2025-06-23 21:39:45,020 - httpcore.http11 - DEBUG - send_request_headers.started request=<Request [b'POST']>
2025-06-23 21:39:45,022 - httpcore.http11 - DEBUG - send_request_headers.complete
2025-06-23 21:39:45,022 - httpcore.http11 - DEBUG - send_request_body.started request=<Request [b'POST']>
2025-06-23 21:39:45,022 - httpcore.http11 - DEBUG - send_request_body.complete
2025-06-23 21:39:45,023 - httpcore.http11 - DEBUG - receive_response_headers.started request=<Request [b'POST']>
2025-06-23 21:39:55,249 - httpcore.http11 - DEBUG - receive_response_headers.complete return_value=(b'HTTP/1.1', 200, b'OK', [(b'Server', b'nginx/1.18.0'), (b'Date', b'Mon, 23 Jun 2025 20:39:55 GMT'), (b'Content-Type', b'application/json'), (b'Content-Length', b'23'), (b'Connection', b'keep-alive'), (b'Strict-Transport-Security', b'max-age=31536000; includeSubDomains; preload'), (b'Access-Control-Allow-Origin', b'*'), (b'Access-Control-Allow-Methods', b'GET, POST, OPTIONS'), (b'Access-Control-Expose-Headers', b'Content-Length,Content-Type,Date,Server,Connection')])
2025-06-23 21:39:55,250 - httpx - INFO - HTTP Request: POST https://api.telegram.org/bot7707158318:AAE8rWa4Q8Z_3avql6K0HAmXaooZAReoNF0/getUpdates "HTTP/1.1 200 OK"
2025-06-23 21:39:55,250 - httpcore.http11 - DEBUG - receive_response_body.started request=<Request [b'POST']>
2025-06-23 21:39:55,250 - httpcore.http11 - DEBUG - receive_response_body.complete
2025-06-23 21:39:55,250 - httpcore.http11 - DEBUG - response_closed.started
2025-06-23 21:39:55,250 - httpcore.http11 - DEBUG - response_closed.complete
2025-06-23 21:39:55,250 - telegram.ext.ExtBot - DEBUG - No new updates found.
2025-06-23 21:39:55,250 - telegram.ext.ExtBot - DEBUG - ()
2025-06-23 21:39:55,250 - telegram.ext.ExtBot - DEBUG - Exiting: get_updates
2025-06-23 21:39:55,250 - telegram.ext.ExtBot - DEBUG - Entering: get_updates
2025-06-23 21:39:55,252 - httpcore.http11 - DEBUG - send_request_headers.started request=<Request [b'POST']>
2025-06-23 21:39:55,252 - httpcore.http11 - DEBUG - send_request_headers.complete
2025-06-23 21:39:55,252 - httpcore.http11 - DEBUG - send_request_body.started request=<Request [b'POST']>
2025-06-23 21:39:55,253 - httpcore.http11 - DEBUG - send_request_body.complete
2025-06-23 21:39:55,253 - httpcore.http11 - DEBUG - receive_response_headers.started request=<Request [b'POST']>
2025-06-23 21:40:05,520 - httpcore.http11 - DEBUG - receive_response_headers.complete return_value=(b'HTTP/1.1', 200, b'OK', [(b'Server', b'nginx/1.18.0'), (b'Date', b'Mon, 23 Jun 2025 20:40:05 GMT'), (b'Content-Type', b'application/json'), (b'Content-Length', b'23'), (b'Connection', b'keep-alive'), (b'Strict-Transport-Security', b'max-age=31536000; includeSubDomains; preload'), (b'Access-Control-Allow-Origin', b'*'), (b'Access-Control-Allow-Methods', b'GET, POST, OPTIONS'), (b'Access-Control-Expose-Headers', b'Content-Length,Content-Type,Date,Server,Connection')])
2025-06-23 21:40:05,520 - httpx - INFO - HTTP Request: POST https://api.telegram.org/bot7707158318:AAE8rWa4Q8Z_3avql6K0HAmXaooZAReoNF0/getUpdates "HTTP/1.1 200 OK"
2025-06-23 21:40:05,522 - httpcore.http11 - DEBUG - receive_response_body.started request=<Request [b'POST']>
2025-06-23 21:40:05,523 - httpcore.http11 - DEBUG - receive_response_body.complete
2025-06-23 21:40:05,523 - httpcore.http11 - DEBUG - response_closed.started
2025-06-23 21:40:05,524 - httpcore.http11 - DEBUG - response_closed.complete
2025-06-23 21:40:05,525 - telegram.ext.ExtBot - DEBUG - No new updates found.
2025-06-23 21:40:05,525 - telegram.ext.ExtBot - DEBUG - ()
2025-06-23 21:40:05,525 - telegram.ext.ExtBot - DEBUG - Exiting: get_updates
2025-06-23 21:40:05,525 - telegram.ext.ExtBot - DEBUG - Entering: get_updates
2025-06-23 21:40:05,527 - httpcore.http11 - DEBUG - send_request_headers.started request=<Request [b'POST']>
2025-06-23 21:40:05,527 - httpcore.http11 - DEBUG - send_request_headers.complete
2025-06-23 21:40:05,527 - httpcore.http11 - DEBUG - send_request_body.started request=<Request [b'POST']>
2025-06-23 21:40:05,529 - httpcore.http11 - DEBUG - send_request_body.complete
2025-06-23 21:40:05,529 - httpcore.http11 - DEBUG - receive_response_headers.started request=<Request [b'POST']>
2025-06-23 21:40:15,761 - httpcore.http11 - DEBUG - receive_response_headers.complete return_value=(b'HTTP/1.1', 200, b'OK', [(b'Server', b'nginx/1.18.0'), (b'Date', b'Mon, 23 Jun 2025 20:40:15 GMT'), (b'Content-Type', b'application/json'), (b'Content-Length', b'23'), (b'Connection', b'keep-alive'), (b'Strict-Transport-Security', b'max-age=31536000; includeSubDomains; preload'), (b'Access-Control-Allow-Origin', b'*'), (b'Access-Control-Allow-Methods', b'GET, POST, OPTIONS'), (b'Access-Control-Expose-Headers', b'Content-Length,Content-Type,Date,Server,Connection')])
2025-06-23 21:40:15,762 - httpx - INFO - HTTP Request: POST https://api.telegram.org/bot7707158318:AAE8rWa4Q8Z_3avql6K0HAmXaooZAReoNF0/getUpdates "HTTP/1.1 200 OK"
2025-06-23 21:40:15,763 - httpcore.http11 - DEBUG - receive_response_body.started request=<Request [b'POST']>
2025-06-23 21:40:15,763 - httpcore.http11 - DEBUG - receive_response_body.complete
2025-06-23 21:40:15,763 - httpcore.http11 - DEBUG - response_closed.started
2025-06-23 21:40:15,765 - httpcore.http11 - DEBUG - response_closed.complete
2025-06-23 21:40:15,765 - telegram.ext.ExtBot - DEBUG - No new updates found.
2025-06-23 21:40:15,765 - telegram.ext.ExtBot - DEBUG - ()
2025-06-23 21:40:15,765 - telegram.ext.ExtBot - DEBUG - Exiting: get_updates
2025-06-23 21:40:15,765 - telegram.ext.ExtBot - DEBUG - Entering: get_updates
2025-06-23 21:40:15,768 - httpcore.http11 - DEBUG - send_request_headers.started request=<Request [b'POST']>
2025-06-23 21:40:15,768 - httpcore.http11 - DEBUG - send_request_headers.complete
2025-06-23 21:40:15,770 - httpcore.http11 - DEBUG - send_request_body.started request=<Request [b'POST']>
2025-06-23 21:40:15,770 - httpcore.http11 - DEBUG - send_request_body.complete
2025-06-23 21:40:15,770 - httpcore.http11 - DEBUG - receive_response_headers.started request=<Request [b'POST']>
2025-06-23 21:40:25,986 - httpcore.http11 - DEBUG - receive_response_headers.complete return_value=(b'HTTP/1.1', 200, b'OK', [(b'Server', b'nginx/1.18.0'), (b'Date', b'Mon, 23 Jun 2025 20:40:25 GMT'), (b'Content-Type', b'application/json'), (b'Content-Length', b'23'), (b'Connection', b'keep-alive'), (b'Strict-Transport-Security', b'max-age=31536000; includeSubDomains; preload'), (b'Access-Control-Allow-Origin', b'*'), (b'Access-Control-Allow-Methods', b'GET, POST, OPTIONS'), (b'Access-Control-Expose-Headers', b'Content-Length,Content-Type,Date,Server,Connection')])
2025-06-23 21:40:25,986 - httpx - INFO - HTTP Request: POST https://api.telegram.org/bot7707158318:AAE8rWa4Q8Z_3avql6K0HAmXaooZAReoNF0/getUpdates "HTTP/1.1 200 OK"
2025-06-23 21:40:25,986 - httpcore.http11 - DEBUG - receive_response_body.started request=<Request [b'POST']>
2025-06-23 21:40:25,986 - httpcore.http11 - DEBUG - receive_response_body.complete
2025-06-23 21:40:25,986 - httpcore.http11 - DEBUG - response_closed.started
2025-06-23 21:40:25,986 - httpcore.http11 - DEBUG - response_closed.complete
2025-06-23 21:40:25,986 - telegram.ext.ExtBot - DEBUG - No new updates found.
2025-06-23 21:40:25,986 - telegram.ext.ExtBot - DEBUG - ()
2025-06-23 21:40:25,986 - telegram.ext.ExtBot - DEBUG - Exiting: get_updates
2025-06-23 21:40:25,986 - telegram.ext.ExtBot - DEBUG - Entering: get_updates
2025-06-23 21:40:25,986 - httpcore.http11 - DEBUG - send_request_headers.started request=<Request [b'POST']>
2025-06-23 21:40:25,986 - httpcore.http11 - DEBUG - send_request_headers.complete
2025-06-23 21:40:25,986 - httpcore.http11 - DEBUG - send_request_body.started request=<Request [b'POST']>
2025-06-23 21:40:25,986 - httpcore.http11 - DEBUG - send_request_body.complete
2025-06-23 21:40:25,986 - httpcore.http11 - DEBUG - receive_response_headers.started request=<Request [b'POST']>
2025-06-23 21:40:36,329 - httpcore.http11 - DEBUG - receive_response_headers.complete return_value=(b'HTTP/1.1', 200, b'OK', [(b'Server', b'nginx/1.18.0'), (b'Date', b'Mon, 23 Jun 2025 20:40:36 GMT'), (b'Content-Type', b'application/json'), (b'Content-Length', b'23'), (b'Connection', b'keep-alive'), (b'Strict-Transport-Security', b'max-age=31536000; includeSubDomains; preload'), (b'Access-Control-Allow-Origin', b'*'), (b'Access-Control-Allow-Methods', b'GET, POST, OPTIONS'), (b'Access-Control-Expose-Headers', b'Content-Length,Content-Type,Date,Server,Connection')])
2025-06-23 21:40:36,330 - httpx - INFO - HTTP Request: POST https://api.telegram.org/bot7707158318:AAE8rWa4Q8Z_3avql6K0HAmXaooZAReoNF0/getUpdates "HTTP/1.1 200 OK"
2025-06-23 21:40:36,330 - httpcore.http11 - DEBUG - receive_response_body.started request=<Request [b'POST']>
2025-06-23 21:40:36,331 - httpcore.http11 - DEBUG - receive_response_body.complete
2025-06-23 21:40:36,331 - httpcore.http11 - DEBUG - response_closed.started
2025-06-23 21:40:36,331 - httpcore.http11 - DEBUG - response_closed.complete
2025-06-23 21:40:36,331 - telegram.ext.ExtBot - DEBUG - No new updates found.
2025-06-23 21:40:36,331 - telegram.ext.ExtBot - DEBUG - ()
2025-06-23 21:40:36,331 - telegram.ext.ExtBot - DEBUG - Exiting: get_updates
2025-06-23 21:40:36,331 - telegram.ext.ExtBot - DEBUG - Entering: get_updates
2025-06-23 21:40:36,333 - httpcore.http11 - DEBUG - send_request_headers.started request=<Request [b'POST']>
2025-06-23 21:40:36,334 - httpcore.http11 - DEBUG - send_request_headers.complete
2025-06-23 21:40:36,334 - httpcore.http11 - DEBUG - send_request_body.started request=<Request [b'POST']>
2025-06-23 21:40:36,334 - httpcore.http11 - DEBUG - send_request_body.complete
2025-06-23 21:40:36,335 - httpcore.http11 - DEBUG - receive_response_headers.started request=<Request [b'POST']>
2025-06-23 21:40:46,608 - httpcore.http11 - DEBUG - receive_response_headers.complete return_value=(b'HTTP/1.1', 200, b'OK', [(b'Server', b'nginx/1.18.0'), (b'Date', b'Mon, 23 Jun 2025 20:40:46 GMT'), (b'Content-Type', b'application/json'), (b'Content-Length', b'23'), (b'Connection', b'keep-alive'), (b'Strict-Transport-Security', b'max-age=31536000; includeSubDomains; preload'), (b'Access-Control-Allow-Origin', b'*'), (b'Access-Control-Allow-Methods', b'GET, POST, OPTIONS'), (b'Access-Control-Expose-Headers', b'Content-Length,Content-Type,Date,Server,Connection')])
2025-06-23 21:40:46,612 - httpx - INFO - HTTP Request: POST https://api.telegram.org/bot7707158318:AAE8rWa4Q8Z_3avql6K0HAmXaooZAReoNF0/getUpdates "HTTP/1.1 200 OK"
2025-06-23 21:40:46,612 - httpcore.http11 - DEBUG - receive_response_body.started request=<Request [b'POST']>
2025-06-23 21:40:46,613 - httpcore.http11 - DEBUG - receive_response_body.complete
2025-06-23 21:40:46,613 - httpcore.http11 - DEBUG - response_closed.started
2025-06-23 21:40:46,613 - httpcore.http11 - DEBUG - response_closed.complete
2025-06-23 21:40:46,613 - telegram.ext.ExtBot - DEBUG - No new updates found.
2025-06-23 21:40:46,613 - telegram.ext.ExtBot - DEBUG - ()
2025-06-23 21:40:46,613 - telegram.ext.ExtBot - DEBUG - Exiting: get_updates
2025-06-23 21:40:46,613 - telegram.ext.ExtBot - DEBUG - Entering: get_updates
2025-06-23 21:40:46,617 - httpcore.http11 - DEBUG - send_request_headers.started request=<Request [b'POST']>
2025-06-23 21:40:46,617 - httpcore.http11 - DEBUG - send_request_headers.complete
2025-06-23 21:40:46,617 - httpcore.http11 - DEBUG - send_request_body.started request=<Request [b'POST']>
2025-06-23 21:40:46,617 - httpcore.http11 - DEBUG - send_request_body.complete
2025-06-23 21:40:46,619 - httpcore.http11 - DEBUG - receive_response_headers.started request=<Request [b'POST']>
2025-06-23 21:40:57,011 - httpcore.http11 - DEBUG - receive_response_headers.complete return_value=(b'HTTP/1.1', 200, b'OK', [(b'Server', b'nginx/1.18.0'), (b'Date', b'Mon, 23 Jun 2025 20:40:56 GMT'), (b'Content-Type', b'application/json'), (b'Content-Length', b'23'), (b'Connection', b'keep-alive'), (b'Strict-Transport-Security', b'max-age=31536000; includeSubDomains; preload'), (b'Access-Control-Allow-Origin', b'*'), (b'Access-Control-Allow-Methods', b'GET, POST, OPTIONS'), (b'Access-Control-Expose-Headers', b'Content-Length,Content-Type,Date,Server,Connection')])
2025-06-23 21:40:57,011 - httpx - INFO - HTTP Request: POST https://api.telegram.org/bot7707158318:AAE8rWa4Q8Z_3avql6K0HAmXaooZAReoNF0/getUpdates "HTTP/1.1 200 OK"
2025-06-23 21:40:57,012 - httpcore.http11 - DEBUG - receive_response_body.started request=<Request [b'POST']>
2025-06-23 21:40:57,012 - httpcore.http11 - DEBUG - receive_response_body.complete
2025-06-23 21:40:57,012 - httpcore.http11 - DEBUG - response_closed.started
2025-06-23 21:40:57,012 - httpcore.http11 - DEBUG - response_closed.complete
2025-06-23 21:40:57,012 - telegram.ext.ExtBot - DEBUG - No new updates found.
2025-06-23 21:40:57,012 - telegram.ext.ExtBot - DEBUG - ()
2025-06-23 21:40:57,012 - telegram.ext.ExtBot - DEBUG - Exiting: get_updates
2025-06-23 21:40:57,012 - telegram.ext.ExtBot - DEBUG - Entering: get_updates
2025-06-23 21:40:57,014 - httpcore.http11 - DEBUG - send_request_headers.started request=<Request [b'POST']>
2025-06-23 21:40:57,016 - httpcore.http11 - DEBUG - send_request_headers.complete
2025-06-23 21:40:57,016 - httpcore.http11 - DEBUG - send_request_body.started request=<Request [b'POST']>
2025-06-23 21:40:57,017 - httpcore.http11 - DEBUG - send_request_body.complete
2025-06-23 21:40:57,017 - httpcore.http11 - DEBUG - receive_response_headers.started request=<Request [b'POST']>
2025-06-23 21:41:07,136 - httpcore.http11 - DEBUG - receive_response_headers.complete return_value=(b'HTTP/1.1', 200, b'OK', [(b'Server', b'nginx/1.18.0'), (b'Date', b'Mon, 23 Jun 2025 20:41:07 GMT'), (b'Content-Type', b'application/json'), (b'Content-Length', b'23'), (b'Connection', b'keep-alive'), (b'Strict-Transport-Security', b'max-age=31536000; includeSubDomains; preload'), (b'Access-Control-Allow-Origin', b'*'), (b'Access-Control-Allow-Methods', b'GET, POST, OPTIONS'), (b'Access-Control-Expose-Headers', b'Content-Length,Content-Type,Date,Server,Connection')])
2025-06-23 21:41:07,136 - httpx - INFO - HTTP Request: POST https://api.telegram.org/bot7707158318:AAE8rWa4Q8Z_3avql6K0HAmXaooZAReoNF0/getUpdates "HTTP/1.1 200 OK"
2025-06-23 21:41:07,138 - httpcore.http11 - DEBUG - receive_response_body.started request=<Request [b'POST']>
2025-06-23 21:41:07,138 - httpcore.http11 - DEBUG - receive_response_body.complete
2025-06-23 21:41:07,138 - httpcore.http11 - DEBUG - response_closed.started
2025-06-23 21:41:07,139 - httpcore.http11 - DEBUG - response_closed.complete
2025-06-23 21:41:07,139 - telegram.ext.ExtBot - DEBUG - No new updates found.
2025-06-23 21:41:07,139 - telegram.ext.ExtBot - DEBUG - ()
2025-06-23 21:41:07,139 - telegram.ext.ExtBot - DEBUG - Exiting: get_updates
2025-06-23 21:41:07,139 - telegram.ext.ExtBot - DEBUG - Entering: get_updates
2025-06-23 21:41:07,142 - httpcore.http11 - DEBUG - send_request_headers.started request=<Request [b'POST']>
2025-06-23 21:41:07,142 - httpcore.http11 - DEBUG - send_request_headers.complete
2025-06-23 21:41:07,143 - httpcore.http11 - DEBUG - send_request_body.started request=<Request [b'POST']>
2025-06-23 21:41:07,143 - httpcore.http11 - DEBUG - send_request_body.complete
2025-06-23 21:41:07,143 - httpcore.http11 - DEBUG - receive_response_headers.started request=<Request [b'POST']>
2025-06-23 21:41:17,489 - httpcore.http11 - DEBUG - receive_response_headers.complete return_value=(b'HTTP/1.1', 200, b'OK', [(b'Server', b'nginx/1.18.0'), (b'Date', b'Mon, 23 Jun 2025 20:41:17 GMT'), (b'Content-Type', b'application/json'), (b'Content-Length', b'23'), (b'Connection', b'keep-alive'), (b'Strict-Transport-Security', b'max-age=31536000; includeSubDomains; preload'), (b'Access-Control-Allow-Origin', b'*'), (b'Access-Control-Allow-Methods', b'GET, POST, OPTIONS'), (b'Access-Control-Expose-Headers', b'Content-Length,Content-Type,Date,Server,Connection')])
2025-06-23 21:41:17,491 - httpx - INFO - HTTP Request: POST https://api.telegram.org/bot7707158318:AAE8rWa4Q8Z_3avql6K0HAmXaooZAReoNF0/getUpdates "HTTP/1.1 200 OK"
2025-06-23 21:41:17,492 - httpcore.http11 - DEBUG - receive_response_body.started request=<Request [b'POST']>
2025-06-23 21:41:17,492 - httpcore.http11 - DEBUG - receive_response_body.complete
2025-06-23 21:41:17,492 - httpcore.http11 - DEBUG - response_closed.started
2025-06-23 21:41:17,492 - httpcore.http11 - DEBUG - response_closed.complete
2025-06-23 21:41:17,493 - telegram.ext.ExtBot - DEBUG - No new updates found.
2025-06-23 21:41:17,493 - telegram.ext.ExtBot - DEBUG - ()
2025-06-23 21:41:17,493 - telegram.ext.ExtBot - DEBUG - Exiting: get_updates
2025-06-23 21:41:17,493 - telegram.ext.ExtBot - DEBUG - Entering: get_updates
2025-06-23 21:41:17,493 - httpcore.http11 - DEBUG - send_request_headers.started request=<Request [b'POST']>
2025-06-23 21:41:17,497 - httpcore.http11 - DEBUG - send_request_headers.complete
2025-06-23 21:41:17,497 - httpcore.http11 - DEBUG - send_request_body.started request=<Request [b'POST']>
2025-06-23 21:41:17,497 - httpcore.http11 - DEBUG - send_request_body.complete
2025-06-23 21:41:17,497 - httpcore.http11 - DEBUG - receive_response_headers.started request=<Request [b'POST']>
2025-06-23 21:41:27,736 - httpcore.http11 - DEBUG - receive_response_headers.complete return_value=(b'HTTP/1.1', 200, b'OK', [(b'Server', b'nginx/1.18.0'), (b'Date', b'Mon, 23 Jun 2025 20:41:27 GMT'), (b'Content-Type', b'application/json'), (b'Content-Length', b'23'), (b'Connection', b'keep-alive'), (b'Strict-Transport-Security', b'max-age=31536000; includeSubDomains; preload'), (b'Access-Control-Allow-Origin', b'*'), (b'Access-Control-Allow-Methods', b'GET, POST, OPTIONS'), (b'Access-Control-Expose-Headers', b'Content-Length,Content-Type,Date,Server,Connection')])
2025-06-23 21:41:27,736 - httpx - INFO - HTTP Request: POST https://api.telegram.org/bot7707158318:AAE8rWa4Q8Z_3avql6K0HAmXaooZAReoNF0/getUpdates "HTTP/1.1 200 OK"
2025-06-23 21:41:27,739 - httpcore.http11 - DEBUG - receive_response_body.started request=<Request [b'POST']>
2025-06-23 21:41:27,739 - httpcore.http11 - DEBUG - receive_response_body.complete
2025-06-23 21:41:27,739 - httpcore.http11 - DEBUG - response_closed.started
2025-06-23 21:41:27,739 - httpcore.http11 - DEBUG - response_closed.complete
2025-06-23 21:41:27,739 - telegram.ext.ExtBot - DEBUG - No new updates found.
2025-06-23 21:41:27,740 - telegram.ext.ExtBot - DEBUG - ()
2025-06-23 21:41:27,740 - telegram.ext.ExtBot - DEBUG - Exiting: get_updates
2025-06-23 21:41:27,740 - telegram.ext.ExtBot - DEBUG - Entering: get_updates
2025-06-23 21:41:27,740 - httpcore.http11 - DEBUG - send_request_headers.started request=<Request [b'POST']>
2025-06-23 21:41:27,740 - httpcore.http11 - DEBUG - send_request_headers.complete
2025-06-23 21:41:27,740 - httpcore.http11 - DEBUG - send_request_body.started request=<Request [b'POST']>
2025-06-23 21:41:27,743 - httpcore.http11 - DEBUG - send_request_body.complete
2025-06-23 21:41:27,743 - httpcore.http11 - DEBUG - receive_response_headers.started request=<Request [b'POST']>
2025-06-23 21:41:38,055 - httpcore.http11 - DEBUG - receive_response_headers.complete return_value=(b'HTTP/1.1', 200, b'OK', [(b'Server', b'nginx/1.18.0'), (b'Date', b'Mon, 23 Jun 2025 20:41:37 GMT'), (b'Content-Type', b'application/json'), (b'Content-Length', b'23'), (b'Connection', b'keep-alive'), (b'Strict-Transport-Security', b'max-age=31536000; includeSubDomains; preload'), (b'Access-Control-Allow-Origin', b'*'), (b'Access-Control-Allow-Methods', b'GET, POST, OPTIONS'), (b'Access-Control-Expose-Headers', b'Content-Length,Content-Type,Date,Server,Connection')])
2025-06-23 21:41:38,058 - httpx - INFO - HTTP Request: POST https://api.telegram.org/bot7707158318:AAE8rWa4Q8Z_3avql6K0HAmXaooZAReoNF0/getUpdates "HTTP/1.1 200 OK"
2025-06-23 21:41:38,058 - httpcore.http11 - DEBUG - receive_response_body.started request=<Request [b'POST']>
2025-06-23 21:41:38,058 - httpcore.http11 - DEBUG - receive_response_body.complete
2025-06-23 21:41:38,058 - httpcore.http11 - DEBUG - response_closed.started
2025-06-23 21:41:38,058 - httpcore.http11 - DEBUG - response_closed.complete
2025-06-23 21:41:38,061 - telegram.ext.ExtBot - DEBUG - No new updates found.
2025-06-23 21:41:38,061 - telegram.ext.ExtBot - DEBUG - ()
2025-06-23 21:41:38,061 - telegram.ext.ExtBot - DEBUG - Exiting: get_updates
2025-06-23 21:41:38,061 - telegram.ext.ExtBot - DEBUG - Entering: get_updates
2025-06-23 21:41:38,063 - httpcore.http11 - DEBUG - send_request_headers.started request=<Request [b'POST']>
2025-06-23 21:41:38,065 - httpcore.http11 - DEBUG - send_request_headers.complete
2025-06-23 21:41:38,065 - httpcore.http11 - DEBUG - send_request_body.started request=<Request [b'POST']>
2025-06-23 21:41:38,066 - httpcore.http11 - DEBUG - send_request_body.complete
2025-06-23 21:41:38,066 - httpcore.http11 - DEBUG - receive_response_headers.started request=<Request [b'POST']>
2025-06-23 21:41:48,208 - httpcore.http11 - DEBUG - receive_response_headers.complete return_value=(b'HTTP/1.1', 200, b'OK', [(b'Server', b'nginx/1.18.0'), (b'Date', b'Mon, 23 Jun 2025 20:41:48 GMT'), (b'Content-Type', b'application/json'), (b'Content-Length', b'23'), (b'Connection', b'keep-alive'), (b'Strict-Transport-Security', b'max-age=31536000; includeSubDomains; preload'), (b'Access-Control-Allow-Origin', b'*'), (b'Access-Control-Allow-Methods', b'GET, POST, OPTIONS'), (b'Access-Control-Expose-Headers', b'Content-Length,Content-Type,Date,Server,Connection')])
2025-06-23 21:41:48,210 - httpx - INFO - HTTP Request: POST https://api.telegram.org/bot7707158318:AAE8rWa4Q8Z_3avql6K0HAmXaooZAReoNF0/getUpdates "HTTP/1.1 200 OK"
2025-06-23 21:41:48,211 - httpcore.http11 - DEBUG - receive_response_body.started request=<Request [b'POST']>
2025-06-23 21:41:48,211 - httpcore.http11 - DEBUG - receive_response_body.complete
2025-06-23 21:41:48,212 - httpcore.http11 - DEBUG - response_closed.started
2025-06-23 21:41:48,212 - httpcore.http11 - DEBUG - response_closed.complete
2025-06-23 21:41:48,212 - telegram.ext.ExtBot - DEBUG - No new updates found.
2025-06-23 21:41:48,212 - telegram.ext.ExtBot - DEBUG - ()
2025-06-23 21:41:48,212 - telegram.ext.ExtBot - DEBUG - Exiting: get_updates
2025-06-23 21:41:48,212 - telegram.ext.ExtBot - DEBUG - Entering: get_updates
2025-06-23 21:41:48,216 - httpcore.http11 - DEBUG - send_request_headers.started request=<Request [b'POST']>
2025-06-23 21:41:48,216 - httpcore.http11 - DEBUG - send_request_headers.complete
2025-06-23 21:41:48,216 - httpcore.http11 - DEBUG - send_request_body.started request=<Request [b'POST']>
2025-06-23 21:41:48,218 - httpcore.http11 - DEBUG - send_request_body.complete
2025-06-23 21:41:48,218 - httpcore.http11 - DEBUG - receive_response_headers.started request=<Request [b'POST']>
2025-06-23 21:41:58,448 - httpcore.http11 - DEBUG - receive_response_headers.complete return_value=(b'HTTP/1.1', 200, b'OK', [(b'Server', b'nginx/1.18.0'), (b'Date', b'Mon, 23 Jun 2025 20:41:58 GMT'), (b'Content-Type', b'application/json'), (b'Content-Length', b'23'), (b'Connection', b'keep-alive'), (b'Strict-Transport-Security', b'max-age=31536000; includeSubDomains; preload'), (b'Access-Control-Allow-Origin', b'*'), (b'Access-Control-Allow-Methods', b'GET, POST, OPTIONS'), (b'Access-Control-Expose-Headers', b'Content-Length,Content-Type,Date,Server,Connection')])
2025-06-23 21:41:58,449 - httpx - INFO - HTTP Request: POST https://api.telegram.org/bot7707158318:AAE8rWa4Q8Z_3avql6K0HAmXaooZAReoNF0/getUpdates "HTTP/1.1 200 OK"
2025-06-23 21:41:58,451 - httpcore.http11 - DEBUG - receive_response_body.started request=<Request [b'POST']>
2025-06-23 21:41:58,451 - httpcore.http11 - DEBUG - receive_response_body.complete
2025-06-23 21:41:58,453 - httpcore.http11 - DEBUG - response_closed.started
2025-06-23 21:41:58,453 - httpcore.http11 - DEBUG - response_closed.complete
2025-06-23 21:41:58,455 - telegram.ext.ExtBot - DEBUG - No new updates found.
2025-06-23 21:41:58,455 - telegram.ext.ExtBot - DEBUG - ()
2025-06-23 21:41:58,455 - telegram.ext.ExtBot - DEBUG - Exiting: get_updates
2025-06-23 21:41:58,455 - telegram.ext.ExtBot - DEBUG - Entering: get_updates
2025-06-23 21:41:58,461 - httpcore.http11 - DEBUG - send_request_headers.started request=<Request [b'POST']>
2025-06-23 21:41:58,462 - httpcore.http11 - DEBUG - send_request_headers.complete
2025-06-23 21:41:58,462 - httpcore.http11 - DEBUG - send_request_body.started request=<Request [b'POST']>
2025-06-23 21:41:58,462 - httpcore.http11 - DEBUG - send_request_body.complete
2025-06-23 21:41:58,462 - httpcore.http11 - DEBUG - receive_response_headers.started request=<Request [b'POST']>
2025-06-23 21:42:08,600 - httpcore.http11 - DEBUG - receive_response_headers.complete return_value=(b'HTTP/1.1', 200, b'OK', [(b'Server', b'nginx/1.18.0'), (b'Date', b'Mon, 23 Jun 2025 20:42:08 GMT'), (b'Content-Type', b'application/json'), (b'Content-Length', b'23'), (b'Connection', b'keep-alive'), (b'Strict-Transport-Security', b'max-age=31536000; includeSubDomains; preload'), (b'Access-Control-Allow-Origin', b'*'), (b'Access-Control-Allow-Methods', b'GET, POST, OPTIONS'), (b'Access-Control-Expose-Headers', b'Content-Length,Content-Type,Date,Server,Connection')])
2025-06-23 21:42:08,604 - httpx - INFO - HTTP Request: POST https://api.telegram.org/bot7707158318:AAE8rWa4Q8Z_3avql6K0HAmXaooZAReoNF0/getUpdates "HTTP/1.1 200 OK"
2025-06-23 21:42:08,605 - httpcore.http11 - DEBUG - receive_response_body.started request=<Request [b'POST']>
2025-06-23 21:42:08,605 - httpcore.http11 - DEBUG - receive_response_body.complete
2025-06-23 21:42:08,605 - httpcore.http11 - DEBUG - response_closed.started
2025-06-23 21:42:08,605 - httpcore.http11 - DEBUG - response_closed.complete
2025-06-23 21:42:08,608 - telegram.ext.ExtBot - DEBUG - No new updates found.
2025-06-23 21:42:08,608 - telegram.ext.ExtBot - DEBUG - ()
2025-06-23 21:42:08,608 - telegram.ext.ExtBot - DEBUG - Exiting: get_updates
2025-06-23 21:42:08,608 - telegram.ext.ExtBot - DEBUG - Entering: get_updates
2025-06-23 21:42:08,610 - httpcore.http11 - DEBUG - send_request_headers.started request=<Request [b'POST']>
2025-06-23 21:42:08,611 - httpcore.http11 - DEBUG - send_request_headers.complete
2025-06-23 21:42:08,611 - httpcore.http11 - DEBUG - send_request_body.started request=<Request [b'POST']>
2025-06-23 21:42:08,612 - httpcore.http11 - DEBUG - send_request_body.complete
2025-06-23 21:42:08,612 - httpcore.http11 - DEBUG - receive_response_headers.started request=<Request [b'POST']>
2025-06-23 21:42:18,693 - httpcore.http11 - DEBUG - receive_response_headers.complete return_value=(b'HTTP/1.1', 200, b'OK', [(b'Server', b'nginx/1.18.0'), (b'Date', b'Mon, 23 Jun 2025 20:42:18 GMT'), (b'Content-Type', b'application/json'), (b'Content-Length', b'23'), (b'Connection', b'keep-alive'), (b'Strict-Transport-Security', b'max-age=31536000; includeSubDomains; preload'), (b'Access-Control-Allow-Origin', b'*'), (b'Access-Control-Allow-Methods', b'GET, POST, OPTIONS'), (b'Access-Control-Expose-Headers', b'Content-Length,Content-Type,Date,Server,Connection')])
2025-06-23 21:42:18,694 - httpx - INFO - HTTP Request: POST https://api.telegram.org/bot7707158318:AAE8rWa4Q8Z_3avql6K0HAmXaooZAReoNF0/getUpdates "HTTP/1.1 200 OK"
2025-06-23 21:42:18,695 - httpcore.http11 - DEBUG - receive_response_body.started request=<Request [b'POST']>
2025-06-23 21:42:18,696 - httpcore.http11 - DEBUG - receive_response_body.complete
2025-06-23 21:42:18,696 - httpcore.http11 - DEBUG - response_closed.started
2025-06-23 21:42:18,696 - httpcore.http11 - DEBUG - response_closed.complete
2025-06-23 21:42:18,699 - telegram.ext.ExtBot - DEBUG - No new updates found.
2025-06-23 21:42:18,699 - telegram.ext.ExtBot - DEBUG - ()
2025-06-23 21:42:18,700 - telegram.ext.ExtBot - DEBUG - Exiting: get_updates
2025-06-23 21:42:18,700 - telegram.ext.ExtBot - DEBUG - Entering: get_updates
2025-06-23 21:42:18,704 - httpcore.http11 - DEBUG - send_request_headers.started request=<Request [b'POST']>
2025-06-23 21:42:18,706 - httpcore.http11 - DEBUG - send_request_headers.complete
2025-06-23 21:42:18,706 - httpcore.http11 - DEBUG - send_request_body.started request=<Request [b'POST']>
2025-06-23 21:42:18,708 - httpcore.http11 - DEBUG - send_request_body.complete
2025-06-23 21:42:18,708 - httpcore.http11 - DEBUG - receive_response_headers.started request=<Request [b'POST']>
2025-06-23 21:42:28,887 - httpcore.http11 - DEBUG - receive_response_headers.complete return_value=(b'HTTP/1.1', 200, b'OK', [(b'Server', b'nginx/1.18.0'), (b'Date', b'Mon, 23 Jun 2025 20:42:28 GMT'), (b'Content-Type', b'application/json'), (b'Content-Length', b'23'), (b'Connection', b'keep-alive'), (b'Strict-Transport-Security', b'max-age=31536000; includeSubDomains; preload'), (b'Access-Control-Allow-Origin', b'*'), (b'Access-Control-Allow-Methods', b'GET, POST, OPTIONS'), (b'Access-Control-Expose-Headers', b'Content-Length,Content-Type,Date,Server,Connection')])
2025-06-23 21:42:28,889 - httpx - INFO - HTTP Request: POST https://api.telegram.org/bot7707158318:AAE8rWa4Q8Z_3avql6K0HAmXaooZAReoNF0/getUpdates "HTTP/1.1 200 OK"
2025-06-23 21:42:28,890 - httpcore.http11 - DEBUG - receive_response_body.started request=<Request [b'POST']>
2025-06-23 21:42:28,891 - httpcore.http11 - DEBUG - receive_response_body.complete
2025-06-23 21:42:28,891 - httpcore.http11 - DEBUG - response_closed.started
2025-06-23 21:42:28,893 - httpcore.http11 - DEBUG - response_closed.complete
2025-06-23 21:42:28,893 - telegram.ext.ExtBot - DEBUG - No new updates found.
2025-06-23 21:42:28,893 - telegram.ext.ExtBot - DEBUG - ()
2025-06-23 21:42:28,893 - telegram.ext.ExtBot - DEBUG - Exiting: get_updates
2025-06-23 21:42:28,896 - telegram.ext.ExtBot - DEBUG - Entering: get_updates
2025-06-23 21:42:28,898 - httpcore.http11 - DEBUG - send_request_headers.started request=<Request [b'POST']>
2025-06-23 21:42:28,902 - httpcore.http11 - DEBUG - send_request_headers.complete
2025-06-23 21:42:28,902 - httpcore.http11 - DEBUG - send_request_body.started request=<Request [b'POST']>
2025-06-23 21:42:28,905 - httpcore.http11 - DEBUG - send_request_body.complete
2025-06-23 21:42:28,905 - httpcore.http11 - DEBUG - receive_response_headers.started request=<Request [b'POST']>
2025-06-23 21:42:39,008 - httpcore.http11 - DEBUG - receive_response_headers.complete return_value=(b'HTTP/1.1', 200, b'OK', [(b'Server', b'nginx/1.18.0'), (b'Date', b'Mon, 23 Jun 2025 20:42:39 GMT'), (b'Content-Type', b'application/json'), (b'Content-Length', b'23'), (b'Connection', b'keep-alive'), (b'Strict-Transport-Security', b'max-age=31536000; includeSubDomains; preload'), (b'Access-Control-Allow-Origin', b'*'), (b'Access-Control-Allow-Methods', b'GET, POST, OPTIONS'), (b'Access-Control-Expose-Headers', b'Content-Length,Content-Type,Date,Server,Connection')])
2025-06-23 21:42:39,011 - httpx - INFO - HTTP Request: POST https://api.telegram.org/bot7707158318:AAE8rWa4Q8Z_3avql6K0HAmXaooZAReoNF0/getUpdates "HTTP/1.1 200 OK"
2025-06-23 21:42:39,012 - httpcore.http11 - DEBUG - receive_response_body.started request=<Request [b'POST']>
2025-06-23 21:42:39,012 - httpcore.http11 - DEBUG - receive_response_body.complete
2025-06-23 21:42:39,012 - httpcore.http11 - DEBUG - response_closed.started
2025-06-23 21:42:39,013 - httpcore.http11 - DEBUG - response_closed.complete
2025-06-23 21:42:39,013 - telegram.ext.ExtBot - DEBUG - No new updates found.
2025-06-23 21:42:39,013 - telegram.ext.ExtBot - DEBUG - ()
2025-06-23 21:42:39,013 - telegram.ext.ExtBot - DEBUG - Exiting: get_updates
2025-06-23 21:42:39,013 - telegram.ext.ExtBot - DEBUG - Entering: get_updates
2025-06-23 21:42:39,016 - httpcore.http11 - DEBUG - send_request_headers.started request=<Request [b'POST']>
2025-06-23 21:42:39,016 - httpcore.http11 - DEBUG - send_request_headers.complete
2025-06-23 21:42:39,016 - httpcore.http11 - DEBUG - send_request_body.started request=<Request [b'POST']>
2025-06-23 21:42:39,016 - httpcore.http11 - DEBUG - send_request_body.complete
2025-06-23 21:42:39,018 - httpcore.http11 - DEBUG - receive_response_headers.started request=<Request [b'POST']>
2025-06-23 21:42:49,132 - httpcore.http11 - DEBUG - receive_response_headers.complete return_value=(b'HTTP/1.1', 200, b'OK', [(b'Server', b'nginx/1.18.0'), (b'Date', b'Mon, 23 Jun 2025 20:42:49 GMT'), (b'Content-Type', b'application/json'), (b'Content-Length', b'23'), (b'Connection', b'keep-alive'), (b'Strict-Transport-Security', b'max-age=31536000; includeSubDomains; preload'), (b'Access-Control-Allow-Origin', b'*'), (b'Access-Control-Allow-Methods', b'GET, POST, OPTIONS'), (b'Access-Control-Expose-Headers', b'Content-Length,Content-Type,Date,Server,Connection')])
2025-06-23 21:42:49,134 - httpx - INFO - HTTP Request: POST https://api.telegram.org/bot7707158318:AAE8rWa4Q8Z_3avql6K0HAmXaooZAReoNF0/getUpdates "HTTP/1.1 200 OK"
2025-06-23 21:42:49,134 - httpcore.http11 - DEBUG - receive_response_body.started request=<Request [b'POST']>
2025-06-23 21:42:49,135 - httpcore.http11 - DEBUG - receive_response_body.complete
2025-06-23 21:42:49,135 - httpcore.http11 - DEBUG - response_closed.started
2025-06-23 21:42:49,135 - httpcore.http11 - DEBUG - response_closed.complete
2025-06-23 21:42:49,135 - telegram.ext.ExtBot - DEBUG - No new updates found.
2025-06-23 21:42:49,135 - telegram.ext.ExtBot - DEBUG - ()
2025-06-23 21:42:49,135 - telegram.ext.ExtBot - DEBUG - Exiting: get_updates
2025-06-23 21:42:49,135 - telegram.ext.ExtBot - DEBUG - Entering: get_updates
2025-06-23 21:42:49,139 - httpcore.http11 - DEBUG - send_request_headers.started request=<Request [b'POST']>
2025-06-23 21:42:49,140 - httpcore.http11 - DEBUG - send_request_headers.complete
2025-06-23 21:42:49,140 - httpcore.http11 - DEBUG - send_request_body.started request=<Request [b'POST']>
2025-06-23 21:42:49,140 - httpcore.http11 - DEBUG - send_request_body.complete
2025-06-23 21:42:49,140 - httpcore.http11 - DEBUG - receive_response_headers.started request=<Request [b'POST']>
2025-06-23 21:42:59,332 - httpcore.http11 - DEBUG - receive_response_headers.complete return_value=(b'HTTP/1.1', 200, b'OK', [(b'Server', b'nginx/1.18.0'), (b'Date', b'Mon, 23 Jun 2025 20:42:59 GMT'), (b'Content-Type', b'application/json'), (b'Content-Length', b'23'), (b'Connection', b'keep-alive'), (b'Strict-Transport-Security', b'max-age=31536000; includeSubDomains; preload'), (b'Access-Control-Allow-Origin', b'*'), (b'Access-Control-Allow-Methods', b'GET, POST, OPTIONS'), (b'Access-Control-Expose-Headers', b'Content-Length,Content-Type,Date,Server,Connection')])
2025-06-23 21:42:59,334 - httpx - INFO - HTTP Request: POST https://api.telegram.org/bot7707158318:AAE8rWa4Q8Z_3avql6K0HAmXaooZAReoNF0/getUpdates "HTTP/1.1 200 OK"
2025-06-23 21:42:59,335 - httpcore.http11 - DEBUG - receive_response_body.started request=<Request [b'POST']>
2025-06-23 21:42:59,336 - httpcore.http11 - DEBUG - receive_response_body.complete
2025-06-23 21:42:59,336 - httpcore.http11 - DEBUG - response_closed.started
2025-06-23 21:42:59,337 - httpcore.http11 - DEBUG - response_closed.complete
2025-06-23 21:42:59,337 - telegram.ext.ExtBot - DEBUG - No new updates found.
2025-06-23 21:42:59,337 - telegram.ext.ExtBot - DEBUG - ()
2025-06-23 21:42:59,337 - telegram.ext.ExtBot - DEBUG - Exiting: get_updates
2025-06-23 21:42:59,337 - telegram.ext.ExtBot - DEBUG - Entering: get_updates
2025-06-23 21:42:59,340 - httpcore.http11 - DEBUG - send_request_headers.started request=<Request [b'POST']>
2025-06-23 21:42:59,341 - httpcore.http11 - DEBUG - send_request_headers.complete
2025-06-23 21:42:59,341 - httpcore.http11 - DEBUG - send_request_body.started request=<Request [b'POST']>
2025-06-23 21:42:59,342 - httpcore.http11 - DEBUG - send_request_body.complete
2025-06-23 21:42:59,342 - httpcore.http11 - DEBUG - receive_response_headers.started request=<Request [b'POST']>
2025-06-23 21:43:09,462 - httpcore.http11 - DEBUG - receive_response_headers.complete return_value=(b'HTTP/1.1', 200, b'OK', [(b'Server', b'nginx/1.18.0'), (b'Date', b'Mon, 23 Jun 2025 20:43:09 GMT'), (b'Content-Type', b'application/json'), (b'Content-Length', b'23'), (b'Connection', b'keep-alive'), (b'Strict-Transport-Security', b'max-age=31536000; includeSubDomains; preload'), (b'Access-Control-Allow-Origin', b'*'), (b'Access-Control-Allow-Methods', b'GET, POST, OPTIONS'), (b'Access-Control-Expose-Headers', b'Content-Length,Content-Type,Date,Server,Connection')])
2025-06-23 21:43:09,462 - httpx - INFO - HTTP Request: POST https://api.telegram.org/bot7707158318:AAE8rWa4Q8Z_3avql6K0HAmXaooZAReoNF0/getUpdates "HTTP/1.1 200 OK"
2025-06-23 21:43:09,462 - httpcore.http11 - DEBUG - receive_response_body.started request=<Request [b'POST']>
2025-06-23 21:43:09,462 - httpcore.http11 - DEBUG - receive_response_body.complete
2025-06-23 21:43:09,462 - httpcore.http11 - DEBUG - response_closed.started
2025-06-23 21:43:09,462 - httpcore.http11 - DEBUG - response_closed.complete
2025-06-23 21:43:09,462 - telegram.ext.ExtBot - DEBUG - No new updates found.
2025-06-23 21:43:09,462 - telegram.ext.ExtBot - DEBUG - ()
2025-06-23 21:43:09,462 - telegram.ext.ExtBot - DEBUG - Exiting: get_updates
2025-06-23 21:43:09,466 - telegram.ext.ExtBot - DEBUG - Entering: get_updates
2025-06-23 21:43:09,466 - httpcore.http11 - DEBUG - send_request_headers.started request=<Request [b'POST']>
2025-06-23 21:43:09,466 - httpcore.http11 - DEBUG - send_request_headers.complete
2025-06-23 21:43:09,466 - httpcore.http11 - DEBUG - send_request_body.started request=<Request [b'POST']>
2025-06-23 21:43:09,466 - httpcore.http11 - DEBUG - send_request_body.complete
2025-06-23 21:43:09,466 - httpcore.http11 - DEBUG - receive_response_headers.started request=<Request [b'POST']>
2025-06-23 21:43:19,562 - httpcore.http11 - DEBUG - receive_response_headers.complete return_value=(b'HTTP/1.1', 200, b'OK', [(b'Server', b'nginx/1.18.0'), (b'Date', b'Mon, 23 Jun 2025 20:43:19 GMT'), (b'Content-Type', b'application/json'), (b'Content-Length', b'23'), (b'Connection', b'keep-alive'), (b'Strict-Transport-Security', b'max-age=31536000; includeSubDomains; preload'), (b'Access-Control-Allow-Origin', b'*'), (b'Access-Control-Allow-Methods', b'GET, POST, OPTIONS'), (b'Access-Control-Expose-Headers', b'Content-Length,Content-Type,Date,Server,Connection')])
2025-06-23 21:43:19,562 - httpx - INFO - HTTP Request: POST https://api.telegram.org/bot7707158318:AAE8rWa4Q8Z_3avql6K0HAmXaooZAReoNF0/getUpdates "HTTP/1.1 200 OK"
2025-06-23 21:43:19,562 - httpcore.http11 - DEBUG - receive_response_body.started request=<Request [b'POST']>
2025-06-23 21:43:19,566 - httpcore.http11 - DEBUG - receive_response_body.complete
2025-06-23 21:43:19,566 - httpcore.http11 - DEBUG - response_closed.started
2025-06-23 21:43:19,566 - httpcore.http11 - DEBUG - response_closed.complete
2025-06-23 21:43:19,566 - telegram.ext.ExtBot - DEBUG - No new updates found.
2025-06-23 21:43:19,566 - telegram.ext.ExtBot - DEBUG - ()
2025-06-23 21:43:19,566 - telegram.ext.ExtBot - DEBUG - Exiting: get_updates
2025-06-23 21:43:19,566 - telegram.ext.ExtBot - DEBUG - Entering: get_updates
2025-06-23 21:43:19,568 - httpcore.http11 - DEBUG - send_request_headers.started request=<Request [b'POST']>
2025-06-23 21:43:19,568 - httpcore.http11 - DEBUG - send_request_headers.complete
2025-06-23 21:43:19,568 - httpcore.http11 - DEBUG - send_request_body.started request=<Request [b'POST']>
2025-06-23 21:43:19,568 - httpcore.http11 - DEBUG - send_request_body.complete
2025-06-23 21:43:19,568 - httpcore.http11 - DEBUG - receive_response_headers.started request=<Request [b'POST']>
2025-06-23 21:43:29,694 - httpcore.http11 - DEBUG - receive_response_headers.complete return_value=(b'HTTP/1.1', 200, b'OK', [(b'Server', b'nginx/1.18.0'), (b'Date', b'Mon, 23 Jun 2025 20:43:29 GMT'), (b'Content-Type', b'application/json'), (b'Content-Length', b'23'), (b'Connection', b'keep-alive'), (b'Strict-Transport-Security', b'max-age=31536000; includeSubDomains; preload'), (b'Access-Control-Allow-Origin', b'*'), (b'Access-Control-Allow-Methods', b'GET, POST, OPTIONS'), (b'Access-Control-Expose-Headers', b'Content-Length,Content-Type,Date,Server,Connection')])
2025-06-23 21:43:29,694 - httpx - INFO - HTTP Request: POST https://api.telegram.org/bot7707158318:AAE8rWa4Q8Z_3avql6K0HAmXaooZAReoNF0/getUpdates "HTTP/1.1 200 OK"
2025-06-23 21:43:29,698 - httpcore.http11 - DEBUG - receive_response_body.started request=<Request [b'POST']>
2025-06-23 21:43:29,698 - httpcore.http11 - DEBUG - receive_response_body.complete
2025-06-23 21:43:29,699 - httpcore.http11 - DEBUG - response_closed.started
2025-06-23 21:43:29,699 - httpcore.http11 - DEBUG - response_closed.complete
2025-06-23 21:43:29,700 - telegram.ext.ExtBot - DEBUG - No new updates found.
2025-06-23 21:43:29,700 - telegram.ext.ExtBot - DEBUG - ()
2025-06-23 21:43:29,700 - telegram.ext.ExtBot - DEBUG - Exiting: get_updates
2025-06-23 21:43:29,700 - telegram.ext.ExtBot - DEBUG - Entering: get_updates
2025-06-23 21:43:29,702 - httpcore.http11 - DEBUG - send_request_headers.started request=<Request [b'POST']>
2025-06-23 21:43:29,703 - httpcore.http11 - DEBUG - send_request_headers.complete
2025-06-23 21:43:29,703 - httpcore.http11 - DEBUG - send_request_body.started request=<Request [b'POST']>
2025-06-23 21:43:29,705 - httpcore.http11 - DEBUG - send_request_body.complete
2025-06-23 21:43:29,705 - httpcore.http11 - DEBUG - receive_response_headers.started request=<Request [b'POST']>
2025-06-23 21:43:39,889 - httpcore.http11 - DEBUG - receive_response_headers.complete return_value=(b'HTTP/1.1', 200, b'OK', [(b'Server', b'nginx/1.18.0'), (b'Date', b'Mon, 23 Jun 2025 20:43:39 GMT'), (b'Content-Type', b'application/json'), (b'Content-Length', b'23'), (b'Connection', b'keep-alive'), (b'Strict-Transport-Security', b'max-age=31536000; includeSubDomains; preload'), (b'Access-Control-Allow-Origin', b'*'), (b'Access-Control-Allow-Methods', b'GET, POST, OPTIONS'), (b'Access-Control-Expose-Headers', b'Content-Length,Content-Type,Date,Server,Connection')])
2025-06-23 21:43:39,891 - httpx - INFO - HTTP Request: POST https://api.telegram.org/bot7707158318:AAE8rWa4Q8Z_3avql6K0HAmXaooZAReoNF0/getUpdates "HTTP/1.1 200 OK"
2025-06-23 21:43:39,891 - httpcore.http11 - DEBUG - receive_response_body.started request=<Request [b'POST']>
2025-06-23 21:43:39,893 - httpcore.http11 - DEBUG - receive_response_body.complete
2025-06-23 21:43:39,894 - httpcore.http11 - DEBUG - response_closed.started
2025-06-23 21:43:39,894 - httpcore.http11 - DEBUG - response_closed.complete
2025-06-23 21:43:39,894 - telegram.ext.ExtBot - DEBUG - No new updates found.
2025-06-23 21:43:39,894 - telegram.ext.ExtBot - DEBUG - ()
2025-06-23 21:43:39,895 - telegram.ext.ExtBot - DEBUG - Exiting: get_updates
2025-06-23 21:43:39,895 - telegram.ext.ExtBot - DEBUG - Entering: get_updates
2025-06-23 21:43:39,897 - httpcore.http11 - DEBUG - send_request_headers.started request=<Request [b'POST']>
2025-06-23 21:43:39,898 - httpcore.http11 - DEBUG - send_request_headers.complete
2025-06-23 21:43:39,898 - httpcore.http11 - DEBUG - send_request_body.started request=<Request [b'POST']>
2025-06-23 21:43:39,898 - httpcore.http11 - DEBUG - send_request_body.complete
2025-06-23 21:43:39,898 - httpcore.http11 - DEBUG - receive_response_headers.started request=<Request [b'POST']>
2025-06-23 21:43:50,126 - httpcore.http11 - DEBUG - receive_response_headers.complete return_value=(b'HTTP/1.1', 200, b'OK', [(b'Server', b'nginx/1.18.0'), (b'Date', b'Mon, 23 Jun 2025 20:43:49 GMT'), (b'Content-Type', b'application/json'), (b'Content-Length', b'23'), (b'Connection', b'keep-alive'), (b'Strict-Transport-Security', b'max-age=31536000; includeSubDomains; preload'), (b'Access-Control-Allow-Origin', b'*'), (b'Access-Control-Allow-Methods', b'GET, POST, OPTIONS'), (b'Access-Control-Expose-Headers', b'Content-Length,Content-Type,Date,Server,Connection')])
2025-06-23 21:43:50,131 - httpx - INFO - HTTP Request: POST https://api.telegram.org/bot7707158318:AAE8rWa4Q8Z_3avql6K0HAmXaooZAReoNF0/getUpdates "HTTP/1.1 200 OK"
2025-06-23 21:43:50,132 - httpcore.http11 - DEBUG - receive_response_body.started request=<Request [b'POST']>
2025-06-23 21:43:50,132 - httpcore.http11 - DEBUG - receive_response_body.complete
2025-06-23 21:43:50,132 - httpcore.http11 - DEBUG - response_closed.started
2025-06-23 21:43:50,132 - httpcore.http11 - DEBUG - response_closed.complete
2025-06-23 21:43:50,132 - telegram.ext.ExtBot - DEBUG - No new updates found.
2025-06-23 21:43:50,132 - telegram.ext.ExtBot - DEBUG - ()
2025-06-23 21:43:50,132 - telegram.ext.ExtBot - DEBUG - Exiting: get_updates
2025-06-23 21:43:50,132 - telegram.ext.ExtBot - DEBUG - Entering: get_updates
2025-06-23 21:43:50,132 - httpcore.http11 - DEBUG - send_request_headers.started request=<Request [b'POST']>
2025-06-23 21:43:50,134 - httpcore.http11 - DEBUG - send_request_headers.complete
2025-06-23 21:43:50,134 - httpcore.http11 - DEBUG - send_request_body.started request=<Request [b'POST']>
2025-06-23 21:43:50,134 - httpcore.http11 - DEBUG - send_request_body.complete
2025-06-23 21:43:50,134 - httpcore.http11 - DEBUG - receive_response_headers.started request=<Request [b'POST']>
2025-06-23 21:44:00,513 - httpcore.http11 - DEBUG - receive_response_headers.complete return_value=(b'HTTP/1.1', 200, b'OK', [(b'Server', b'nginx/1.18.0'), (b'Date', b'Mon, 23 Jun 2025 20:44:00 GMT'), (b'Content-Type', b'application/json'), (b'Content-Length', b'23'), (b'Connection', b'keep-alive'), (b'Strict-Transport-Security', b'max-age=31536000; includeSubDomains; preload'), (b'Access-Control-Allow-Origin', b'*'), (b'Access-Control-Allow-Methods', b'GET, POST, OPTIONS'), (b'Access-Control-Expose-Headers', b'Content-Length,Content-Type,Date,Server,Connection')])
2025-06-23 21:44:00,513 - httpx - INFO - HTTP Request: POST https://api.telegram.org/bot7707158318:AAE8rWa4Q8Z_3avql6K0HAmXaooZAReoNF0/getUpdates "HTTP/1.1 200 OK"
2025-06-23 21:44:00,516 - httpcore.http11 - DEBUG - receive_response_body.started request=<Request [b'POST']>
2025-06-23 21:44:00,516 - httpcore.http11 - DEBUG - receive_response_body.complete
2025-06-23 21:44:00,516 - httpcore.http11 - DEBUG - response_closed.started
2025-06-23 21:44:00,516 - httpcore.http11 - DEBUG - response_closed.complete
2025-06-23 21:44:00,516 - telegram.ext.ExtBot - DEBUG - No new updates found.
2025-06-23 21:44:00,516 - telegram.ext.ExtBot - DEBUG - ()
2025-06-23 21:44:00,516 - telegram.ext.ExtBot - DEBUG - Exiting: get_updates
2025-06-23 21:44:00,516 - telegram.ext.ExtBot - DEBUG - Entering: get_updates
2025-06-23 21:44:00,519 - httpcore.http11 - DEBUG - send_request_headers.started request=<Request [b'POST']>
2025-06-23 21:44:00,522 - httpcore.http11 - DEBUG - send_request_headers.complete
2025-06-23 21:44:00,522 - httpcore.http11 - DEBUG - send_request_body.started request=<Request [b'POST']>
2025-06-23 21:44:00,522 - httpcore.http11 - DEBUG - send_request_body.complete
2025-06-23 21:44:00,522 - httpcore.http11 - DEBUG - receive_response_headers.started request=<Request [b'POST']>
2025-06-23 21:44:10,663 - httpcore.http11 - DEBUG - receive_response_headers.complete return_value=(b'HTTP/1.1', 200, b'OK', [(b'Server', b'nginx/1.18.0'), (b'Date', b'Mon, 23 Jun 2025 20:44:10 GMT'), (b'Content-Type', b'application/json'), (b'Content-Length', b'23'), (b'Connection', b'keep-alive'), (b'Strict-Transport-Security', b'max-age=31536000; includeSubDomains; preload'), (b'Access-Control-Allow-Origin', b'*'), (b'Access-Control-Allow-Methods', b'GET, POST, OPTIONS'), (b'Access-Control-Expose-Headers', b'Content-Length,Content-Type,Date,Server,Connection')])
2025-06-23 21:44:10,663 - httpx - INFO - HTTP Request: POST https://api.telegram.org/bot7707158318:AAE8rWa4Q8Z_3avql6K0HAmXaooZAReoNF0/getUpdates "HTTP/1.1 200 OK"
2025-06-23 21:44:10,663 - httpcore.http11 - DEBUG - receive_response_body.started request=<Request [b'POST']>
2025-06-23 21:44:10,666 - httpcore.http11 - DEBUG - receive_response_body.complete
2025-06-23 21:44:10,666 - httpcore.http11 - DEBUG - response_closed.started
2025-06-23 21:44:10,666 - httpcore.http11 - DEBUG - response_closed.complete
2025-06-23 21:44:10,666 - telegram.ext.ExtBot - DEBUG - No new updates found.
2025-06-23 21:44:10,666 - telegram.ext.ExtBot - DEBUG - ()
2025-06-23 21:44:10,666 - telegram.ext.ExtBot - DEBUG - Exiting: get_updates
2025-06-23 21:44:10,666 - telegram.ext.ExtBot - DEBUG - Entering: get_updates
2025-06-23 21:44:10,669 - httpcore.http11 - DEBUG - send_request_headers.started request=<Request [b'POST']>
2025-06-23 21:44:10,671 - httpcore.http11 - DEBUG - send_request_headers.complete
2025-06-23 21:44:10,671 - httpcore.http11 - DEBUG - send_request_body.started request=<Request [b'POST']>
2025-06-23 21:44:10,672 - httpcore.http11 - DEBUG - send_request_body.complete
2025-06-23 21:44:10,672 - httpcore.http11 - DEBUG - receive_response_headers.started request=<Request [b'POST']>
2025-06-23 21:44:20,749 - httpcore.http11 - DEBUG - receive_response_headers.complete return_value=(b'HTTP/1.1', 200, b'OK', [(b'Server', b'nginx/1.18.0'), (b'Date', b'Mon, 23 Jun 2025 20:44:20 GMT'), (b'Content-Type', b'application/json'), (b'Content-Length', b'23'), (b'Connection', b'keep-alive'), (b'Strict-Transport-Security', b'max-age=31536000; includeSubDomains; preload'), (b'Access-Control-Allow-Origin', b'*'), (b'Access-Control-Allow-Methods', b'GET, POST, OPTIONS'), (b'Access-Control-Expose-Headers', b'Content-Length,Content-Type,Date,Server,Connection')])
2025-06-23 21:44:20,754 - httpx - INFO - HTTP Request: POST https://api.telegram.org/bot7707158318:AAE8rWa4Q8Z_3avql6K0HAmXaooZAReoNF0/getUpdates "HTTP/1.1 200 OK"
2025-06-23 21:44:20,755 - httpcore.http11 - DEBUG - receive_response_body.started request=<Request [b'POST']>
2025-06-23 21:44:20,755 - httpcore.http11 - DEBUG - receive_response_body.complete
2025-06-23 21:44:20,755 - httpcore.http11 - DEBUG - response_closed.started
2025-06-23 21:44:20,755 - httpcore.http11 - DEBUG - response_closed.complete
2025-06-23 21:44:20,755 - telegram.ext.ExtBot - DEBUG - No new updates found.
2025-06-23 21:44:20,755 - telegram.ext.ExtBot - DEBUG - ()
2025-06-23 21:44:20,755 - telegram.ext.ExtBot - DEBUG - Exiting: get_updates
2025-06-23 21:44:20,755 - telegram.ext.ExtBot - DEBUG - Entering: get_updates
2025-06-23 21:44:20,755 - httpcore.http11 - DEBUG - send_request_headers.started request=<Request [b'POST']>
2025-06-23 21:44:20,755 - httpcore.http11 - DEBUG - send_request_headers.complete
2025-06-23 21:44:20,757 - httpcore.http11 - DEBUG - send_request_body.started request=<Request [b'POST']>
2025-06-23 21:44:20,757 - httpcore.http11 - DEBUG - send_request_body.complete
2025-06-23 21:44:20,757 - httpcore.http11 - DEBUG - receive_response_headers.started request=<Request [b'POST']>
2025-06-23 21:44:31,114 - httpcore.http11 - DEBUG - receive_response_headers.complete return_value=(b'HTTP/1.1', 200, b'OK', [(b'Server', b'nginx/1.18.0'), (b'Date', b'Mon, 23 Jun 2025 20:44:30 GMT'), (b'Content-Type', b'application/json'), (b'Content-Length', b'23'), (b'Connection', b'keep-alive'), (b'Strict-Transport-Security', b'max-age=31536000; includeSubDomains; preload'), (b'Access-Control-Allow-Origin', b'*'), (b'Access-Control-Allow-Methods', b'GET, POST, OPTIONS'), (b'Access-Control-Expose-Headers', b'Content-Length,Content-Type,Date,Server,Connection')])
2025-06-23 21:44:31,116 - httpx - INFO - HTTP Request: POST https://api.telegram.org/bot7707158318:AAE8rWa4Q8Z_3avql6K0HAmXaooZAReoNF0/getUpdates "HTTP/1.1 200 OK"
2025-06-23 21:44:31,116 - httpcore.http11 - DEBUG - receive_response_body.started request=<Request [b'POST']>
2025-06-23 21:44:31,116 - httpcore.http11 - DEBUG - receive_response_body.complete
2025-06-23 21:44:31,116 - httpcore.http11 - DEBUG - response_closed.started
2025-06-23 21:44:31,116 - httpcore.http11 - DEBUG - response_closed.complete
2025-06-23 21:44:31,116 - telegram.ext.ExtBot - DEBUG - No new updates found.
2025-06-23 21:44:31,116 - telegram.ext.ExtBot - DEBUG - ()
2025-06-23 21:44:31,116 - telegram.ext.ExtBot - DEBUG - Exiting: get_updates
2025-06-23 21:44:31,116 - telegram.ext.ExtBot - DEBUG - Entering: get_updates
2025-06-23 21:44:31,118 - httpcore.http11 - DEBUG - send_request_headers.started request=<Request [b'POST']>
2025-06-23 21:44:31,119 - httpcore.http11 - DEBUG - send_request_headers.complete
2025-06-23 21:44:31,119 - httpcore.http11 - DEBUG - send_request_body.started request=<Request [b'POST']>
2025-06-23 21:44:31,119 - httpcore.http11 - DEBUG - send_request_body.complete
2025-06-23 21:44:31,119 - httpcore.http11 - DEBUG - receive_response_headers.started request=<Request [b'POST']>
2025-06-23 21:44:41,414 - httpcore.http11 - DEBUG - receive_response_headers.complete return_value=(b'HTTP/1.1', 200, b'OK', [(b'Server', b'nginx/1.18.0'), (b'Date', b'Mon, 23 Jun 2025 20:44:41 GMT'), (b'Content-Type', b'application/json'), (b'Content-Length', b'23'), (b'Connection', b'keep-alive'), (b'Strict-Transport-Security', b'max-age=31536000; includeSubDomains; preload'), (b'Access-Control-Allow-Origin', b'*'), (b'Access-Control-Allow-Methods', b'GET, POST, OPTIONS'), (b'Access-Control-Expose-Headers', b'Content-Length,Content-Type,Date,Server,Connection')])
2025-06-23 21:44:41,417 - httpx - INFO - HTTP Request: POST https://api.telegram.org/bot7707158318:AAE8rWa4Q8Z_3avql6K0HAmXaooZAReoNF0/getUpdates "HTTP/1.1 200 OK"
2025-06-23 21:44:41,417 - httpcore.http11 - DEBUG - receive_response_body.started request=<Request [b'POST']>
2025-06-23 21:44:41,417 - httpcore.http11 - DEBUG - receive_response_body.complete
2025-06-23 21:44:41,417 - httpcore.http11 - DEBUG - response_closed.started
2025-06-23 21:44:41,417 - httpcore.http11 - DEBUG - response_closed.complete
2025-06-23 21:44:41,420 - telegram.ext.ExtBot - DEBUG - No new updates found.
2025-06-23 21:44:41,420 - telegram.ext.ExtBot - DEBUG - ()
2025-06-23 21:44:41,420 - telegram.ext.ExtBot - DEBUG - Exiting: get_updates
2025-06-23 21:44:41,420 - telegram.ext.ExtBot - DEBUG - Entering: get_updates
2025-06-23 21:44:41,422 - httpcore.http11 - DEBUG - send_request_headers.started request=<Request [b'POST']>
2025-06-23 21:44:41,423 - httpcore.http11 - DEBUG - send_request_headers.complete
2025-06-23 21:44:41,423 - httpcore.http11 - DEBUG - send_request_body.started request=<Request [b'POST']>
2025-06-23 21:44:41,423 - httpcore.http11 - DEBUG - send_request_body.complete
2025-06-23 21:44:41,423 - httpcore.http11 - DEBUG - receive_response_headers.started request=<Request [b'POST']>
2025-06-23 21:44:51,701 - httpcore.http11 - DEBUG - receive_response_headers.complete return_value=(b'HTTP/1.1', 200, b'OK', [(b'Server', b'nginx/1.18.0'), (b'Date', b'Mon, 23 Jun 2025 20:44:51 GMT'), (b'Content-Type', b'application/json'), (b'Content-Length', b'23'), (b'Connection', b'keep-alive'), (b'Strict-Transport-Security', b'max-age=31536000; includeSubDomains; preload'), (b'Access-Control-Allow-Origin', b'*'), (b'Access-Control-Allow-Methods', b'GET, POST, OPTIONS'), (b'Access-Control-Expose-Headers', b'Content-Length,Content-Type,Date,Server,Connection')])
2025-06-23 21:44:51,701 - httpx - INFO - HTTP Request: POST https://api.telegram.org/bot7707158318:AAE8rWa4Q8Z_3avql6K0HAmXaooZAReoNF0/getUpdates "HTTP/1.1 200 OK"
2025-06-23 21:44:51,701 - httpcore.http11 - DEBUG - receive_response_body.started request=<Request [b'POST']>
2025-06-23 21:44:51,701 - httpcore.http11 - DEBUG - receive_response_body.complete
2025-06-23 21:44:51,701 - httpcore.http11 - DEBUG - response_closed.started
2025-06-23 21:44:51,701 - httpcore.http11 - DEBUG - response_closed.complete
2025-06-23 21:44:51,704 - telegram.ext.ExtBot - DEBUG - No new updates found.
2025-06-23 21:44:51,704 - telegram.ext.ExtBot - DEBUG - ()
2025-06-23 21:44:51,704 - telegram.ext.ExtBot - DEBUG - Exiting: get_updates
2025-06-23 21:44:51,704 - telegram.ext.ExtBot - DEBUG - Entering: get_updates
2025-06-23 21:44:51,706 - httpcore.http11 - DEBUG - send_request_headers.started request=<Request [b'POST']>
2025-06-23 21:44:51,706 - httpcore.http11 - DEBUG - send_request_headers.complete
2025-06-23 21:44:51,706 - httpcore.http11 - DEBUG - send_request_body.started request=<Request [b'POST']>
2025-06-23 21:44:51,706 - httpcore.http11 - DEBUG - send_request_body.complete
2025-06-23 21:44:51,706 - httpcore.http11 - DEBUG - receive_response_headers.started request=<Request [b'POST']>
2025-06-23 21:45:01,835 - httpcore.http11 - DEBUG - receive_response_headers.complete return_value=(b'HTTP/1.1', 200, b'OK', [(b'Server', b'nginx/1.18.0'), (b'Date', b'Mon, 23 Jun 2025 20:45:01 GMT'), (b'Content-Type', b'application/json'), (b'Content-Length', b'23'), (b'Connection', b'keep-alive'), (b'Strict-Transport-Security', b'max-age=31536000; includeSubDomains; preload'), (b'Access-Control-Allow-Origin', b'*'), (b'Access-Control-Allow-Methods', b'GET, POST, OPTIONS'), (b'Access-Control-Expose-Headers', b'Content-Length,Content-Type,Date,Server,Connection')])
2025-06-23 21:45:01,836 - httpx - INFO - HTTP Request: POST https://api.telegram.org/bot7707158318:AAE8rWa4Q8Z_3avql6K0HAmXaooZAReoNF0/getUpdates "HTTP/1.1 200 OK"
2025-06-23 21:45:01,836 - httpcore.http11 - DEBUG - receive_response_body.started request=<Request [b'POST']>
2025-06-23 21:45:01,836 - httpcore.http11 - DEBUG - receive_response_body.complete
2025-06-23 21:45:01,836 - httpcore.http11 - DEBUG - response_closed.started
2025-06-23 21:45:01,836 - httpcore.http11 - DEBUG - response_closed.complete
2025-06-23 21:45:01,839 - telegram.ext.ExtBot - DEBUG - No new updates found.
2025-06-23 21:45:01,839 - telegram.ext.ExtBot - DEBUG - ()
2025-06-23 21:45:01,839 - telegram.ext.ExtBot - DEBUG - Exiting: get_updates
2025-06-23 21:45:01,840 - telegram.ext.ExtBot - DEBUG - Entering: get_updates
2025-06-23 21:45:01,841 - httpcore.http11 - DEBUG - send_request_headers.started request=<Request [b'POST']>
2025-06-23 21:45:01,843 - httpcore.http11 - DEBUG - send_request_headers.complete
2025-06-23 21:45:01,843 - httpcore.http11 - DEBUG - send_request_body.started request=<Request [b'POST']>
2025-06-23 21:45:01,845 - httpcore.http11 - DEBUG - send_request_body.complete
2025-06-23 21:45:01,845 - httpcore.http11 - DEBUG - receive_response_headers.started request=<Request [b'POST']>
2025-06-23 21:45:12,226 - httpcore.http11 - DEBUG - receive_response_headers.complete return_value=(b'HTTP/1.1', 200, b'OK', [(b'Server', b'nginx/1.18.0'), (b'Date', b'Mon, 23 Jun 2025 20:45:11 GMT'), (b'Content-Type', b'application/json'), (b'Content-Length', b'23'), (b'Connection', b'keep-alive'), (b'Strict-Transport-Security', b'max-age=31536000; includeSubDomains; preload'), (b'Access-Control-Allow-Origin', b'*'), (b'Access-Control-Allow-Methods', b'GET, POST, OPTIONS'), (b'Access-Control-Expose-Headers', b'Content-Length,Content-Type,Date,Server,Connection')])
2025-06-23 21:45:12,228 - httpx - INFO - HTTP Request: POST https://api.telegram.org/bot7707158318:AAE8rWa4Q8Z_3avql6K0HAmXaooZAReoNF0/getUpdates "HTTP/1.1 200 OK"
2025-06-23 21:45:12,230 - httpcore.http11 - DEBUG - receive_response_body.started request=<Request [b'POST']>
2025-06-23 21:45:12,231 - httpcore.http11 - DEBUG - receive_response_body.complete
2025-06-23 21:45:12,231 - httpcore.http11 - DEBUG - response_closed.started
2025-06-23 21:45:12,231 - httpcore.http11 - DEBUG - response_closed.complete
2025-06-23 21:45:12,231 - telegram.ext.ExtBot - DEBUG - No new updates found.
2025-06-23 21:45:12,231 - telegram.ext.ExtBot - DEBUG - ()
2025-06-23 21:45:12,231 - telegram.ext.ExtBot - DEBUG - Exiting: get_updates
2025-06-23 21:45:12,231 - telegram.ext.ExtBot - DEBUG - Entering: get_updates
2025-06-23 21:45:12,234 - httpcore.http11 - DEBUG - send_request_headers.started request=<Request [b'POST']>
2025-06-23 21:45:12,236 - httpcore.http11 - DEBUG - send_request_headers.complete
2025-06-23 21:45:12,236 - httpcore.http11 - DEBUG - send_request_body.started request=<Request [b'POST']>
2025-06-23 21:45:12,236 - httpcore.http11 - DEBUG - send_request_body.complete
2025-06-23 21:45:12,236 - httpcore.http11 - DEBUG - receive_response_headers.started request=<Request [b'POST']>
2025-06-23 21:45:22,605 - httpcore.http11 - DEBUG - receive_response_headers.complete return_value=(b'HTTP/1.1', 200, b'OK', [(b'Server', b'nginx/1.18.0'), (b'Date', b'Mon, 23 Jun 2025 20:45:22 GMT'), (b'Content-Type', b'application/json'), (b'Content-Length', b'23'), (b'Connection', b'keep-alive'), (b'Strict-Transport-Security', b'max-age=31536000; includeSubDomains; preload'), (b'Access-Control-Allow-Origin', b'*'), (b'Access-Control-Allow-Methods', b'GET, POST, OPTIONS'), (b'Access-Control-Expose-Headers', b'Content-Length,Content-Type,Date,Server,Connection')])
2025-06-23 21:45:22,605 - httpx - INFO - HTTP Request: POST https://api.telegram.org/bot7707158318:AAE8rWa4Q8Z_3avql6K0HAmXaooZAReoNF0/getUpdates "HTTP/1.1 200 OK"
2025-06-23 21:45:22,605 - httpcore.http11 - DEBUG - receive_response_body.started request=<Request [b'POST']>
2025-06-23 21:45:22,605 - httpcore.http11 - DEBUG - receive_response_body.complete
2025-06-23 21:45:22,605 - httpcore.http11 - DEBUG - response_closed.started
2025-06-23 21:45:22,605 - httpcore.http11 - DEBUG - response_closed.complete
2025-06-23 21:45:22,605 - telegram.ext.ExtBot - DEBUG - No new updates found.
2025-06-23 21:45:22,605 - telegram.ext.ExtBot - DEBUG - ()
2025-06-23 21:45:22,605 - telegram.ext.ExtBot - DEBUG - Exiting: get_updates
2025-06-23 21:45:22,607 - telegram.ext.ExtBot - DEBUG - Entering: get_updates
2025-06-23 21:45:22,607 - httpcore.http11 - DEBUG - send_request_headers.started request=<Request [b'POST']>
2025-06-23 21:45:22,607 - httpcore.http11 - DEBUG - send_request_headers.complete
2025-06-23 21:45:22,607 - httpcore.http11 - DEBUG - send_request_body.started request=<Request [b'POST']>
2025-06-23 21:45:22,607 - httpcore.http11 - DEBUG - send_request_body.complete
2025-06-23 21:45:22,607 - httpcore.http11 - DEBUG - receive_response_headers.started request=<Request [b'POST']>
2025-06-23 21:45:32,873 - httpcore.http11 - DEBUG - receive_response_headers.complete return_value=(b'HTTP/1.1', 200, b'OK', [(b'Server', b'nginx/1.18.0'), (b'Date', b'Mon, 23 Jun 2025 20:45:32 GMT'), (b'Content-Type', b'application/json'), (b'Content-Length', b'23'), (b'Connection', b'keep-alive'), (b'Strict-Transport-Security', b'max-age=31536000; includeSubDomains; preload'), (b'Access-Control-Allow-Origin', b'*'), (b'Access-Control-Allow-Methods', b'GET, POST, OPTIONS'), (b'Access-Control-Expose-Headers', b'Content-Length,Content-Type,Date,Server,Connection')])
2025-06-23 21:45:32,875 - httpx - INFO - HTTP Request: POST https://api.telegram.org/bot7707158318:AAE8rWa4Q8Z_3avql6K0HAmXaooZAReoNF0/getUpdates "HTTP/1.1 200 OK"
2025-06-23 21:45:32,875 - httpcore.http11 - DEBUG - receive_response_body.started request=<Request [b'POST']>
2025-06-23 21:45:32,877 - httpcore.http11 - DEBUG - receive_response_body.complete
2025-06-23 21:45:32,877 - httpcore.http11 - DEBUG - response_closed.started
2025-06-23 21:45:32,877 - httpcore.http11 - DEBUG - response_closed.complete
2025-06-23 21:45:32,877 - telegram.ext.ExtBot - DEBUG - No new updates found.
2025-06-23 21:45:32,877 - telegram.ext.ExtBot - DEBUG - ()
2025-06-23 21:45:32,877 - telegram.ext.ExtBot - DEBUG - Exiting: get_updates
2025-06-23 21:45:32,877 - telegram.ext.ExtBot - DEBUG - Entering: get_updates
2025-06-23 21:45:32,881 - httpcore.http11 - DEBUG - send_request_headers.started request=<Request [b'POST']>
2025-06-23 21:45:32,881 - httpcore.http11 - DEBUG - send_request_headers.complete
2025-06-23 21:45:32,881 - httpcore.http11 - DEBUG - send_request_body.started request=<Request [b'POST']>
2025-06-23 21:45:32,883 - httpcore.http11 - DEBUG - send_request_body.complete
2025-06-23 21:45:32,889 - httpcore.http11 - DEBUG - receive_response_headers.started request=<Request [b'POST']>
2025-06-23 21:45:43,204 - httpcore.http11 - DEBUG - receive_response_headers.complete return_value=(b'HTTP/1.1', 200, b'OK', [(b'Server', b'nginx/1.18.0'), (b'Date', b'Mon, 23 Jun 2025 20:45:42 GMT'), (b'Content-Type', b'application/json'), (b'Content-Length', b'23'), (b'Connection', b'keep-alive'), (b'Strict-Transport-Security', b'max-age=31536000; includeSubDomains; preload'), (b'Access-Control-Allow-Origin', b'*'), (b'Access-Control-Allow-Methods', b'GET, POST, OPTIONS'), (b'Access-Control-Expose-Headers', b'Content-Length,Content-Type,Date,Server,Connection')])
2025-06-23 21:45:43,205 - httpx - INFO - HTTP Request: POST https://api.telegram.org/bot7707158318:AAE8rWa4Q8Z_3avql6K0HAmXaooZAReoNF0/getUpdates "HTTP/1.1 200 OK"
2025-06-23 21:45:43,207 - httpcore.http11 - DEBUG - receive_response_body.started request=<Request [b'POST']>
2025-06-23 21:45:43,208 - httpcore.http11 - DEBUG - receive_response_body.complete
2025-06-23 21:45:43,208 - httpcore.http11 - DEBUG - response_closed.started
2025-06-23 21:45:43,208 - httpcore.http11 - DEBUG - response_closed.complete
2025-06-23 21:45:43,208 - telegram.ext.ExtBot - DEBUG - No new updates found.
2025-06-23 21:45:43,208 - telegram.ext.ExtBot - DEBUG - ()
2025-06-23 21:45:43,208 - telegram.ext.ExtBot - DEBUG - Exiting: get_updates
2025-06-23 21:45:43,210 - telegram.ext.ExtBot - DEBUG - Entering: get_updates
2025-06-23 21:45:43,212 - httpcore.http11 - DEBUG - send_request_headers.started request=<Request [b'POST']>
2025-06-23 21:45:43,214 - httpcore.http11 - DEBUG - send_request_headers.complete
2025-06-23 21:45:43,214 - httpcore.http11 - DEBUG - send_request_body.started request=<Request [b'POST']>
2025-06-23 21:45:43,215 - httpcore.http11 - DEBUG - send_request_body.complete
2025-06-23 21:45:43,215 - httpcore.http11 - DEBUG - receive_response_headers.started request=<Request [b'POST']>
2025-06-23 21:45:53,348 - httpcore.http11 - DEBUG - receive_response_headers.complete return_value=(b'HTTP/1.1', 200, b'OK', [(b'Server', b'nginx/1.18.0'), (b'Date', b'Mon, 23 Jun 2025 20:45:53 GMT'), (b'Content-Type', b'application/json'), (b'Content-Length', b'23'), (b'Connection', b'keep-alive'), (b'Strict-Transport-Security', b'max-age=31536000; includeSubDomains; preload'), (b'Access-Control-Allow-Origin', b'*'), (b'Access-Control-Allow-Methods', b'GET, POST, OPTIONS'), (b'Access-Control-Expose-Headers', b'Content-Length,Content-Type,Date,Server,Connection')])
2025-06-23 21:45:53,351 - httpx - INFO - HTTP Request: POST https://api.telegram.org/bot7707158318:AAE8rWa4Q8Z_3avql6K0HAmXaooZAReoNF0/getUpdates "HTTP/1.1 200 OK"
2025-06-23 21:45:53,351 - httpcore.http11 - DEBUG - receive_response_body.started request=<Request [b'POST']>
2025-06-23 21:45:53,351 - httpcore.http11 - DEBUG - receive_response_body.complete
2025-06-23 21:45:53,351 - httpcore.http11 - DEBUG - response_closed.started
2025-06-23 21:45:53,351 - httpcore.http11 - DEBUG - response_closed.complete
2025-06-23 21:45:53,351 - telegram.ext.ExtBot - DEBUG - No new updates found.
2025-06-23 21:45:53,351 - telegram.ext.ExtBot - DEBUG - ()
2025-06-23 21:45:53,354 - telegram.ext.ExtBot - DEBUG - Exiting: get_updates
2025-06-23 21:45:53,354 - telegram.ext.ExtBot - DEBUG - Entering: get_updates
2025-06-23 21:45:53,355 - httpcore.http11 - DEBUG - send_request_headers.started request=<Request [b'POST']>
2025-06-23 21:45:53,355 - httpcore.http11 - DEBUG - send_request_headers.complete
2025-06-23 21:45:53,355 - httpcore.http11 - DEBUG - send_request_body.started request=<Request [b'POST']>
2025-06-23 21:45:53,358 - httpcore.http11 - DEBUG - send_request_body.complete
2025-06-23 21:45:53,358 - httpcore.http11 - DEBUG - receive_response_headers.started request=<Request [b'POST']>
2025-06-23 21:46:03,568 - httpcore.http11 - DEBUG - receive_response_headers.complete return_value=(b'HTTP/1.1', 200, b'OK', [(b'Server', b'nginx/1.18.0'), (b'Date', b'Mon, 23 Jun 2025 20:46:03 GMT'), (b'Content-Type', b'application/json'), (b'Content-Length', b'23'), (b'Connection', b'keep-alive'), (b'Strict-Transport-Security', b'max-age=31536000; includeSubDomains; preload'), (b'Access-Control-Allow-Origin', b'*'), (b'Access-Control-Allow-Methods', b'GET, POST, OPTIONS'), (b'Access-Control-Expose-Headers', b'Content-Length,Content-Type,Date,Server,Connection')])
2025-06-23 21:46:03,568 - httpx - INFO - HTTP Request: POST https://api.telegram.org/bot7707158318:AAE8rWa4Q8Z_3avql6K0HAmXaooZAReoNF0/getUpdates "HTTP/1.1 200 OK"
2025-06-23 21:46:03,573 - httpcore.http11 - DEBUG - receive_response_body.started request=<Request [b'POST']>
2025-06-23 21:46:03,573 - httpcore.http11 - DEBUG - receive_response_body.complete
2025-06-23 21:46:03,573 - httpcore.http11 - DEBUG - response_closed.started
2025-06-23 21:46:03,574 - httpcore.http11 - DEBUG - response_closed.complete
2025-06-23 21:46:03,574 - telegram.ext.ExtBot - DEBUG - No new updates found.
2025-06-23 21:46:03,574 - telegram.ext.ExtBot - DEBUG - ()
2025-06-23 21:46:03,574 - telegram.ext.ExtBot - DEBUG - Exiting: get_updates
2025-06-23 21:46:03,574 - telegram.ext.ExtBot - DEBUG - Entering: get_updates
2025-06-23 21:46:03,576 - httpcore.http11 - DEBUG - send_request_headers.started request=<Request [b'POST']>
2025-06-23 21:46:03,578 - httpcore.http11 - DEBUG - send_request_headers.complete
2025-06-23 21:46:03,578 - httpcore.http11 - DEBUG - send_request_body.started request=<Request [b'POST']>
2025-06-23 21:46:03,580 - httpcore.http11 - DEBUG - send_request_body.complete
2025-06-23 21:46:03,580 - httpcore.http11 - DEBUG - receive_response_headers.started request=<Request [b'POST']>
2025-06-23 21:46:13,831 - httpcore.http11 - DEBUG - receive_response_headers.complete return_value=(b'HTTP/1.1', 200, b'OK', [(b'Server', b'nginx/1.18.0'), (b'Date', b'Mon, 23 Jun 2025 20:46:13 GMT'), (b'Content-Type', b'application/json'), (b'Content-Length', b'23'), (b'Connection', b'keep-alive'), (b'Strict-Transport-Security', b'max-age=31536000; includeSubDomains; preload'), (b'Access-Control-Allow-Origin', b'*'), (b'Access-Control-Allow-Methods', b'GET, POST, OPTIONS'), (b'Access-Control-Expose-Headers', b'Content-Length,Content-Type,Date,Server,Connection')])
2025-06-23 21:46:13,831 - httpx - INFO - HTTP Request: POST https://api.telegram.org/bot7707158318:AAE8rWa4Q8Z_3avql6K0HAmXaooZAReoNF0/getUpdates "HTTP/1.1 200 OK"
2025-06-23 21:46:13,831 - httpcore.http11 - DEBUG - receive_response_body.started request=<Request [b'POST']>
2025-06-23 21:46:13,831 - httpcore.http11 - DEBUG - receive_response_body.complete
2025-06-23 21:46:13,831 - httpcore.http11 - DEBUG - response_closed.started
2025-06-23 21:46:13,834 - httpcore.http11 - DEBUG - response_closed.complete
2025-06-23 21:46:13,834 - telegram.ext.ExtBot - DEBUG - No new updates found.
2025-06-23 21:46:13,834 - telegram.ext.ExtBot - DEBUG - ()
2025-06-23 21:46:13,834 - telegram.ext.ExtBot - DEBUG - Exiting: get_updates
2025-06-23 21:46:13,834 - telegram.ext.ExtBot - DEBUG - Entering: get_updates
2025-06-23 21:46:13,836 - httpcore.http11 - DEBUG - send_request_headers.started request=<Request [b'POST']>
2025-06-23 21:46:13,837 - httpcore.http11 - DEBUG - send_request_headers.complete
2025-06-23 21:46:13,839 - httpcore.http11 - DEBUG - send_request_body.started request=<Request [b'POST']>
2025-06-23 21:46:13,839 - httpcore.http11 - DEBUG - send_request_body.complete
2025-06-23 21:46:13,840 - httpcore.http11 - DEBUG - receive_response_headers.started request=<Request [b'POST']>
2025-06-23 21:46:24,046 - httpcore.http11 - DEBUG - receive_response_headers.complete return_value=(b'HTTP/1.1', 200, b'OK', [(b'Server', b'nginx/1.18.0'), (b'Date', b'Mon, 23 Jun 2025 20:46:23 GMT'), (b'Content-Type', b'application/json'), (b'Content-Length', b'23'), (b'Connection', b'keep-alive'), (b'Strict-Transport-Security', b'max-age=31536000; includeSubDomains; preload'), (b'Access-Control-Allow-Origin', b'*'), (b'Access-Control-Allow-Methods', b'GET, POST, OPTIONS'), (b'Access-Control-Expose-Headers', b'Content-Length,Content-Type,Date,Server,Connection')])
2025-06-23 21:46:24,047 - httpx - INFO - HTTP Request: POST https://api.telegram.org/bot7707158318:AAE8rWa4Q8Z_3avql6K0HAmXaooZAReoNF0/getUpdates "HTTP/1.1 200 OK"
2025-06-23 21:46:24,048 - httpcore.http11 - DEBUG - receive_response_body.started request=<Request [b'POST']>
2025-06-23 21:46:24,048 - httpcore.http11 - DEBUG - receive_response_body.complete
2025-06-23 21:46:24,048 - httpcore.http11 - DEBUG - response_closed.started
2025-06-23 21:46:24,048 - httpcore.http11 - DEBUG - response_closed.complete
2025-06-23 21:46:24,048 - telegram.ext.ExtBot - DEBUG - No new updates found.
2025-06-23 21:46:24,048 - telegram.ext.ExtBot - DEBUG - ()
2025-06-23 21:46:24,048 - telegram.ext.ExtBot - DEBUG - Exiting: get_updates
2025-06-23 21:46:24,048 - telegram.ext.ExtBot - DEBUG - Entering: get_updates
2025-06-23 21:46:24,048 - httpcore.http11 - DEBUG - send_request_headers.started request=<Request [b'POST']>
2025-06-23 21:46:24,048 - httpcore.http11 - DEBUG - send_request_headers.complete
2025-06-23 21:46:24,048 - httpcore.http11 - DEBUG - send_request_body.started request=<Request [b'POST']>
2025-06-23 21:46:24,051 - httpcore.http11 - DEBUG - send_request_body.complete
2025-06-23 21:46:24,051 - httpcore.http11 - DEBUG - receive_response_headers.started request=<Request [b'POST']>
2025-06-23 21:46:34,318 - httpcore.http11 - DEBUG - receive_response_headers.complete return_value=(b'HTTP/1.1', 200, b'OK', [(b'Server', b'nginx/1.18.0'), (b'Date', b'Mon, 23 Jun 2025 20:46:34 GMT'), (b'Content-Type', b'application/json'), (b'Content-Length', b'23'), (b'Connection', b'keep-alive'), (b'Strict-Transport-Security', b'max-age=31536000; includeSubDomains; preload'), (b'Access-Control-Allow-Origin', b'*'), (b'Access-Control-Allow-Methods', b'GET, POST, OPTIONS'), (b'Access-Control-Expose-Headers', b'Content-Length,Content-Type,Date,Server,Connection')])
2025-06-23 21:46:34,319 - httpx - INFO - HTTP Request: POST https://api.telegram.org/bot7707158318:AAE8rWa4Q8Z_3avql6K0HAmXaooZAReoNF0/getUpdates "HTTP/1.1 200 OK"
2025-06-23 21:46:34,319 - httpcore.http11 - DEBUG - receive_response_body.started request=<Request [b'POST']>
2025-06-23 21:46:34,319 - httpcore.http11 - DEBUG - receive_response_body.complete
2025-06-23 21:46:34,319 - httpcore.http11 - DEBUG - response_closed.started
2025-06-23 21:46:34,319 - httpcore.http11 - DEBUG - response_closed.complete
2025-06-23 21:46:34,319 - telegram.ext.ExtBot - DEBUG - No new updates found.
2025-06-23 21:46:34,319 - telegram.ext.ExtBot - DEBUG - ()
2025-06-23 21:46:34,319 - telegram.ext.ExtBot - DEBUG - Exiting: get_updates
2025-06-23 21:46:34,319 - telegram.ext.ExtBot - DEBUG - Entering: get_updates
2025-06-23 21:46:34,323 - httpcore.http11 - DEBUG - send_request_headers.started request=<Request [b'POST']>
2025-06-23 21:46:34,323 - httpcore.http11 - DEBUG - send_request_headers.complete
2025-06-23 21:46:34,323 - httpcore.http11 - DEBUG - send_request_body.started request=<Request [b'POST']>
2025-06-23 21:46:34,326 - httpcore.http11 - DEBUG - send_request_body.complete
2025-06-23 21:46:34,326 - httpcore.http11 - DEBUG - receive_response_headers.started request=<Request [b'POST']>
2025-06-23 21:46:44,558 - httpcore.http11 - DEBUG - receive_response_headers.complete return_value=(b'HTTP/1.1', 200, b'OK', [(b'Server', b'nginx/1.18.0'), (b'Date', b'Mon, 23 Jun 2025 20:46:44 GMT'), (b'Content-Type', b'application/json'), (b'Content-Length', b'23'), (b'Connection', b'keep-alive'), (b'Strict-Transport-Security', b'max-age=31536000; includeSubDomains; preload'), (b'Access-Control-Allow-Origin', b'*'), (b'Access-Control-Allow-Methods', b'GET, POST, OPTIONS'), (b'Access-Control-Expose-Headers', b'Content-Length,Content-Type,Date,Server,Connection')])
2025-06-23 21:46:44,561 - httpx - INFO - HTTP Request: POST https://api.telegram.org/bot7707158318:AAE8rWa4Q8Z_3avql6K0HAmXaooZAReoNF0/getUpdates "HTTP/1.1 200 OK"
2025-06-23 21:46:44,561 - httpcore.http11 - DEBUG - receive_response_body.started request=<Request [b'POST']>
2025-06-23 21:46:44,561 - httpcore.http11 - DEBUG - receive_response_body.complete
2025-06-23 21:46:44,561 - httpcore.http11 - DEBUG - response_closed.started
2025-06-23 21:46:44,561 - httpcore.http11 - DEBUG - response_closed.complete
2025-06-23 21:46:44,563 - telegram.ext.ExtBot - DEBUG - No new updates found.
2025-06-23 21:46:44,563 - telegram.ext.ExtBot - DEBUG - ()
2025-06-23 21:46:44,563 - telegram.ext.ExtBot - DEBUG - Exiting: get_updates
2025-06-23 21:46:44,563 - telegram.ext.ExtBot - DEBUG - Entering: get_updates
2025-06-23 21:46:44,563 - httpcore.http11 - DEBUG - send_request_headers.started request=<Request [b'POST']>
2025-06-23 21:46:44,566 - httpcore.http11 - DEBUG - send_request_headers.complete
2025-06-23 21:46:44,566 - httpcore.http11 - DEBUG - send_request_body.started request=<Request [b'POST']>
2025-06-23 21:46:44,567 - httpcore.http11 - DEBUG - send_request_body.complete
2025-06-23 21:46:44,567 - httpcore.http11 - DEBUG - receive_response_headers.started request=<Request [b'POST']>
2025-06-23 21:46:54,798 - httpcore.http11 - DEBUG - receive_response_headers.complete return_value=(b'HTTP/1.1', 200, b'OK', [(b'Server', b'nginx/1.18.0'), (b'Date', b'Mon, 23 Jun 2025 20:46:54 GMT'), (b'Content-Type', b'application/json'), (b'Content-Length', b'23'), (b'Connection', b'keep-alive'), (b'Strict-Transport-Security', b'max-age=31536000; includeSubDomains; preload'), (b'Access-Control-Allow-Origin', b'*'), (b'Access-Control-Allow-Methods', b'GET, POST, OPTIONS'), (b'Access-Control-Expose-Headers', b'Content-Length,Content-Type,Date,Server,Connection')])
2025-06-23 21:46:54,798 - httpx - INFO - HTTP Request: POST https://api.telegram.org/bot7707158318:AAE8rWa4Q8Z_3avql6K0HAmXaooZAReoNF0/getUpdates "HTTP/1.1 200 OK"
2025-06-23 21:46:54,799 - httpcore.http11 - DEBUG - receive_response_body.started request=<Request [b'POST']>
2025-06-23 21:46:54,799 - httpcore.http11 - DEBUG - receive_response_body.complete
2025-06-23 21:46:54,799 - httpcore.http11 - DEBUG - response_closed.started
2025-06-23 21:46:54,799 - httpcore.http11 - DEBUG - response_closed.complete
2025-06-23 21:46:54,799 - telegram.ext.ExtBot - DEBUG - No new updates found.
2025-06-23 21:46:54,799 - telegram.ext.ExtBot - DEBUG - ()
2025-06-23 21:46:54,800 - telegram.ext.ExtBot - DEBUG - Exiting: get_updates
2025-06-23 21:46:54,800 - telegram.ext.ExtBot - DEBUG - Entering: get_updates
2025-06-23 21:46:54,801 - httpcore.http11 - DEBUG - send_request_headers.started request=<Request [b'POST']>
2025-06-23 21:46:54,801 - httpcore.http11 - DEBUG - send_request_headers.complete
2025-06-23 21:46:54,802 - httpcore.http11 - DEBUG - send_request_body.started request=<Request [b'POST']>
2025-06-23 21:46:54,802 - httpcore.http11 - DEBUG - send_request_body.complete
2025-06-23 21:46:54,803 - httpcore.http11 - DEBUG - receive_response_headers.started request=<Request [b'POST']>
2025-06-23 21:47:05,104 - httpcore.http11 - DEBUG - receive_response_headers.complete return_value=(b'HTTP/1.1', 200, b'OK', [(b'Server', b'nginx/1.18.0'), (b'Date', b'Mon, 23 Jun 2025 20:47:04 GMT'), (b'Content-Type', b'application/json'), (b'Content-Length', b'23'), (b'Connection', b'keep-alive'), (b'Strict-Transport-Security', b'max-age=31536000; includeSubDomains; preload'), (b'Access-Control-Allow-Origin', b'*'), (b'Access-Control-Allow-Methods', b'GET, POST, OPTIONS'), (b'Access-Control-Expose-Headers', b'Content-Length,Content-Type,Date,Server,Connection')])
2025-06-23 21:47:05,105 - httpx - INFO - HTTP Request: POST https://api.telegram.org/bot7707158318:AAE8rWa4Q8Z_3avql6K0HAmXaooZAReoNF0/getUpdates "HTTP/1.1 200 OK"
2025-06-23 21:47:05,106 - httpcore.http11 - DEBUG - receive_response_body.started request=<Request [b'POST']>
2025-06-23 21:47:05,106 - httpcore.http11 - DEBUG - receive_response_body.complete
2025-06-23 21:47:05,108 - httpcore.http11 - DEBUG - response_closed.started
2025-06-23 21:47:05,108 - httpcore.http11 - DEBUG - response_closed.complete
2025-06-23 21:47:05,109 - telegram.ext.ExtBot - DEBUG - No new updates found.
2025-06-23 21:47:05,109 - telegram.ext.ExtBot - DEBUG - ()
2025-06-23 21:47:05,109 - telegram.ext.ExtBot - DEBUG - Exiting: get_updates
2025-06-23 21:47:05,109 - telegram.ext.ExtBot - DEBUG - Entering: get_updates
2025-06-23 21:47:05,111 - httpcore.http11 - DEBUG - send_request_headers.started request=<Request [b'POST']>
2025-06-23 21:47:05,113 - httpcore.http11 - DEBUG - send_request_headers.complete
2025-06-23 21:47:05,114 - httpcore.http11 - DEBUG - send_request_body.started request=<Request [b'POST']>
2025-06-23 21:47:05,114 - httpcore.http11 - DEBUG - send_request_body.complete
2025-06-23 21:47:05,114 - httpcore.http11 - DEBUG - receive_response_headers.started request=<Request [b'POST']>
2025-06-23 21:47:15,246 - httpcore.http11 - DEBUG - receive_response_headers.complete return_value=(b'HTTP/1.1', 200, b'OK', [(b'Server', b'nginx/1.18.0'), (b'Date', b'Mon, 23 Jun 2025 20:47:15 GMT'), (b'Content-Type', b'application/json'), (b'Content-Length', b'23'), (b'Connection', b'keep-alive'), (b'Strict-Transport-Security', b'max-age=31536000; includeSubDomains; preload'), (b'Access-Control-Allow-Origin', b'*'), (b'Access-Control-Allow-Methods', b'GET, POST, OPTIONS'), (b'Access-Control-Expose-Headers', b'Content-Length,Content-Type,Date,Server,Connection')])
2025-06-23 21:47:15,247 - httpx - INFO - HTTP Request: POST https://api.telegram.org/bot7707158318:AAE8rWa4Q8Z_3avql6K0HAmXaooZAReoNF0/getUpdates "HTTP/1.1 200 OK"
2025-06-23 21:47:15,249 - httpcore.http11 - DEBUG - receive_response_body.started request=<Request [b'POST']>
2025-06-23 21:47:15,249 - httpcore.http11 - DEBUG - receive_response_body.complete
2025-06-23 21:47:15,250 - httpcore.http11 - DEBUG - response_closed.started
2025-06-23 21:47:15,250 - httpcore.http11 - DEBUG - response_closed.complete
2025-06-23 21:47:15,251 - telegram.ext.ExtBot - DEBUG - No new updates found.
2025-06-23 21:47:15,251 - telegram.ext.ExtBot - DEBUG - ()
2025-06-23 21:47:15,251 - telegram.ext.ExtBot - DEBUG - Exiting: get_updates
2025-06-23 21:47:15,251 - telegram.ext.ExtBot - DEBUG - Entering: get_updates
2025-06-23 21:47:15,253 - httpcore.http11 - DEBUG - send_request_headers.started request=<Request [b'POST']>
2025-06-23 21:47:15,255 - httpcore.http11 - DEBUG - send_request_headers.complete
2025-06-23 21:47:15,255 - httpcore.http11 - DEBUG - send_request_body.started request=<Request [b'POST']>
2025-06-23 21:47:15,256 - httpcore.http11 - DEBUG - send_request_body.complete
2025-06-23 21:47:15,256 - httpcore.http11 - DEBUG - receive_response_headers.started request=<Request [b'POST']>
2025-06-23 21:47:25,367 - httpcore.http11 - DEBUG - receive_response_headers.complete return_value=(b'HTTP/1.1', 200, b'OK', [(b'Server', b'nginx/1.18.0'), (b'Date', b'Mon, 23 Jun 2025 20:47:25 GMT'), (b'Content-Type', b'application/json'), (b'Content-Length', b'23'), (b'Connection', b'keep-alive'), (b'Strict-Transport-Security', b'max-age=31536000; includeSubDomains; preload'), (b'Access-Control-Allow-Origin', b'*'), (b'Access-Control-Allow-Methods', b'GET, POST, OPTIONS'), (b'Access-Control-Expose-Headers', b'Content-Length,Content-Type,Date,Server,Connection')])
2025-06-23 21:47:25,368 - httpx - INFO - HTTP Request: POST https://api.telegram.org/bot7707158318:AAE8rWa4Q8Z_3avql6K0HAmXaooZAReoNF0/getUpdates "HTTP/1.1 200 OK"
2025-06-23 21:47:25,370 - httpcore.http11 - DEBUG - receive_response_body.started request=<Request [b'POST']>
2025-06-23 21:47:25,371 - httpcore.http11 - DEBUG - receive_response_body.complete
2025-06-23 21:47:25,371 - httpcore.http11 - DEBUG - response_closed.started
2025-06-23 21:47:25,372 - httpcore.http11 - DEBUG - response_closed.complete
2025-06-23 21:47:25,372 - telegram.ext.ExtBot - DEBUG - No new updates found.
2025-06-23 21:47:25,372 - telegram.ext.ExtBot - DEBUG - ()
2025-06-23 21:47:25,372 - telegram.ext.ExtBot - DEBUG - Exiting: get_updates
2025-06-23 21:47:25,372 - telegram.ext.ExtBot - DEBUG - Entering: get_updates
2025-06-23 21:47:25,375 - httpcore.http11 - DEBUG - send_request_headers.started request=<Request [b'POST']>
2025-06-23 21:47:25,377 - httpcore.http11 - DEBUG - send_request_headers.complete
2025-06-23 21:47:25,377 - httpcore.http11 - DEBUG - send_request_body.started request=<Request [b'POST']>
2025-06-23 21:47:25,377 - httpcore.http11 - DEBUG - send_request_body.complete
2025-06-23 21:47:25,378 - httpcore.http11 - DEBUG - receive_response_headers.started request=<Request [b'POST']>
2025-06-23 21:47:35,494 - httpcore.http11 - DEBUG - receive_response_headers.complete return_value=(b'HTTP/1.1', 200, b'OK', [(b'Server', b'nginx/1.18.0'), (b'Date', b'Mon, 23 Jun 2025 20:47:35 GMT'), (b'Content-Type', b'application/json'), (b'Content-Length', b'23'), (b'Connection', b'keep-alive'), (b'Strict-Transport-Security', b'max-age=31536000; includeSubDomains; preload'), (b'Access-Control-Allow-Origin', b'*'), (b'Access-Control-Allow-Methods', b'GET, POST, OPTIONS'), (b'Access-Control-Expose-Headers', b'Content-Length,Content-Type,Date,Server,Connection')])
2025-06-23 21:47:35,495 - httpx - INFO - HTTP Request: POST https://api.telegram.org/bot7707158318:AAE8rWa4Q8Z_3avql6K0HAmXaooZAReoNF0/getUpdates "HTTP/1.1 200 OK"
2025-06-23 21:47:35,495 - httpcore.http11 - DEBUG - receive_response_body.started request=<Request [b'POST']>
2025-06-23 21:47:35,497 - httpcore.http11 - DEBUG - receive_response_body.complete
2025-06-23 21:47:35,497 - httpcore.http11 - DEBUG - response_closed.started
2025-06-23 21:47:35,497 - httpcore.http11 - DEBUG - response_closed.complete
2025-06-23 21:47:35,498 - telegram.ext.ExtBot - DEBUG - No new updates found.
2025-06-23 21:47:35,498 - telegram.ext.ExtBot - DEBUG - ()
2025-06-23 21:47:35,498 - telegram.ext.ExtBot - DEBUG - Exiting: get_updates
2025-06-23 21:47:35,498 - telegram.ext.ExtBot - DEBUG - Entering: get_updates
2025-06-23 21:47:35,500 - httpcore.http11 - DEBUG - send_request_headers.started request=<Request [b'POST']>
2025-06-23 21:47:35,500 - httpcore.http11 - DEBUG - send_request_headers.complete
2025-06-23 21:47:35,500 - httpcore.http11 - DEBUG - send_request_body.started request=<Request [b'POST']>
2025-06-23 21:47:35,500 - httpcore.http11 - DEBUG - send_request_body.complete
2025-06-23 21:47:35,500 - httpcore.http11 - DEBUG - receive_response_headers.started request=<Request [b'POST']>
2025-06-23 21:47:45,709 - httpcore.http11 - DEBUG - receive_response_headers.complete return_value=(b'HTTP/1.1', 200, b'OK', [(b'Server', b'nginx/1.18.0'), (b'Date', b'Mon, 23 Jun 2025 20:47:45 GMT'), (b'Content-Type', b'application/json'), (b'Content-Length', b'23'), (b'Connection', b'keep-alive'), (b'Strict-Transport-Security', b'max-age=31536000; includeSubDomains; preload'), (b'Access-Control-Allow-Origin', b'*'), (b'Access-Control-Allow-Methods', b'GET, POST, OPTIONS'), (b'Access-Control-Expose-Headers', b'Content-Length,Content-Type,Date,Server,Connection')])
2025-06-23 21:47:45,710 - httpx - INFO - HTTP Request: POST https://api.telegram.org/bot7707158318:AAE8rWa4Q8Z_3avql6K0HAmXaooZAReoNF0/getUpdates "HTTP/1.1 200 OK"
2025-06-23 21:47:45,711 - httpcore.http11 - DEBUG - receive_response_body.started request=<Request [b'POST']>
2025-06-23 21:47:45,712 - httpcore.http11 - DEBUG - receive_response_body.complete
2025-06-23 21:47:45,712 - httpcore.http11 - DEBUG - response_closed.started
2025-06-23 21:47:45,712 - httpcore.http11 - DEBUG - response_closed.complete
2025-06-23 21:47:45,712 - telegram.ext.ExtBot - DEBUG - No new updates found.
2025-06-23 21:47:45,712 - telegram.ext.ExtBot - DEBUG - ()
2025-06-23 21:47:45,712 - telegram.ext.ExtBot - DEBUG - Exiting: get_updates
2025-06-23 21:47:45,712 - telegram.ext.ExtBot - DEBUG - Entering: get_updates
2025-06-23 21:47:45,716 - httpcore.http11 - DEBUG - send_request_headers.started request=<Request [b'POST']>
2025-06-23 21:47:45,716 - httpcore.http11 - DEBUG - send_request_headers.complete
2025-06-23 21:47:45,716 - httpcore.http11 - DEBUG - send_request_body.started request=<Request [b'POST']>
2025-06-23 21:47:45,716 - httpcore.http11 - DEBUG - send_request_body.complete
2025-06-23 21:47:45,716 - httpcore.http11 - DEBUG - receive_response_headers.started request=<Request [b'POST']>
2025-06-23 21:47:55,858 - httpcore.http11 - DEBUG - receive_response_headers.complete return_value=(b'HTTP/1.1', 200, b'OK', [(b'Server', b'nginx/1.18.0'), (b'Date', b'Mon, 23 Jun 2025 20:47:55 GMT'), (b'Content-Type', b'application/json'), (b'Content-Length', b'23'), (b'Connection', b'keep-alive'), (b'Strict-Transport-Security', b'max-age=31536000; includeSubDomains; preload'), (b'Access-Control-Allow-Origin', b'*'), (b'Access-Control-Allow-Methods', b'GET, POST, OPTIONS'), (b'Access-Control-Expose-Headers', b'Content-Length,Content-Type,Date,Server,Connection')])
2025-06-23 21:47:55,858 - httpx - INFO - HTTP Request: POST https://api.telegram.org/bot7707158318:AAE8rWa4Q8Z_3avql6K0HAmXaooZAReoNF0/getUpdates "HTTP/1.1 200 OK"
2025-06-23 21:47:55,861 - httpcore.http11 - DEBUG - receive_response_body.started request=<Request [b'POST']>
2025-06-23 21:47:55,861 - httpcore.http11 - DEBUG - receive_response_body.complete
2025-06-23 21:47:55,862 - httpcore.http11 - DEBUG - response_closed.started
2025-06-23 21:47:55,862 - httpcore.http11 - DEBUG - response_closed.complete
2025-06-23 21:47:55,863 - telegram.ext.ExtBot - DEBUG - No new updates found.
2025-06-23 21:47:55,863 - telegram.ext.ExtBot - DEBUG - ()
2025-06-23 21:47:55,863 - telegram.ext.ExtBot - DEBUG - Exiting: get_updates
2025-06-23 21:47:55,863 - telegram.ext.ExtBot - DEBUG - Entering: get_updates
2025-06-23 21:47:55,863 - httpcore.http11 - DEBUG - send_request_headers.started request=<Request [b'POST']>
2025-06-23 21:47:55,866 - httpcore.http11 - DEBUG - send_request_headers.complete
2025-06-23 21:47:55,866 - httpcore.http11 - DEBUG - send_request_body.started request=<Request [b'POST']>
2025-06-23 21:47:55,866 - httpcore.http11 - DEBUG - send_request_body.complete
2025-06-23 21:47:55,866 - httpcore.http11 - DEBUG - receive_response_headers.started request=<Request [b'POST']>
2025-06-23 21:48:05,954 - httpcore.http11 - DEBUG - receive_response_headers.complete return_value=(b'HTTP/1.1', 200, b'OK', [(b'Server', b'nginx/1.18.0'), (b'Date', b'Mon, 23 Jun 2025 20:48:05 GMT'), (b'Content-Type', b'application/json'), (b'Content-Length', b'23'), (b'Connection', b'keep-alive'), (b'Strict-Transport-Security', b'max-age=31536000; includeSubDomains; preload'), (b'Access-Control-Allow-Origin', b'*'), (b'Access-Control-Allow-Methods', b'GET, POST, OPTIONS'), (b'Access-Control-Expose-Headers', b'Content-Length,Content-Type,Date,Server,Connection')])
2025-06-23 21:48:05,955 - httpx - INFO - HTTP Request: POST https://api.telegram.org/bot7707158318:AAE8rWa4Q8Z_3avql6K0HAmXaooZAReoNF0/getUpdates "HTTP/1.1 200 OK"
2025-06-23 21:48:05,955 - httpcore.http11 - DEBUG - receive_response_body.started request=<Request [b'POST']>
2025-06-23 21:48:05,957 - httpcore.http11 - DEBUG - receive_response_body.complete
2025-06-23 21:48:05,958 - httpcore.http11 - DEBUG - response_closed.started
2025-06-23 21:48:05,958 - httpcore.http11 - DEBUG - response_closed.complete
2025-06-23 21:48:05,958 - telegram.ext.ExtBot - DEBUG - No new updates found.
2025-06-23 21:48:05,958 - telegram.ext.ExtBot - DEBUG - ()
2025-06-23 21:48:05,958 - telegram.ext.ExtBot - DEBUG - Exiting: get_updates
2025-06-23 21:48:05,958 - telegram.ext.ExtBot - DEBUG - Entering: get_updates
2025-06-23 21:48:05,961 - httpcore.http11 - DEBUG - send_request_headers.started request=<Request [b'POST']>
2025-06-23 21:48:05,962 - httpcore.http11 - DEBUG - send_request_headers.complete
2025-06-23 21:48:05,962 - httpcore.http11 - DEBUG - send_request_body.started request=<Request [b'POST']>
2025-06-23 21:48:05,962 - httpcore.http11 - DEBUG - send_request_body.complete
2025-06-23 21:48:05,962 - httpcore.http11 - DEBUG - receive_response_headers.started request=<Request [b'POST']>
2025-06-23 21:48:16,062 - httpcore.http11 - DEBUG - receive_response_headers.complete return_value=(b'HTTP/1.1', 200, b'OK', [(b'Server', b'nginx/1.18.0'), (b'Date', b'Mon, 23 Jun 2025 20:48:16 GMT'), (b'Content-Type', b'application/json'), (b'Content-Length', b'23'), (b'Connection', b'keep-alive'), (b'Strict-Transport-Security', b'max-age=31536000; includeSubDomains; preload'), (b'Access-Control-Allow-Origin', b'*'), (b'Access-Control-Allow-Methods', b'GET, POST, OPTIONS'), (b'Access-Control-Expose-Headers', b'Content-Length,Content-Type,Date,Server,Connection')])
2025-06-23 21:48:16,062 - httpx - INFO - HTTP Request: POST https://api.telegram.org/bot7707158318:AAE8rWa4Q8Z_3avql6K0HAmXaooZAReoNF0/getUpdates "HTTP/1.1 200 OK"
2025-06-23 21:48:16,066 - httpcore.http11 - DEBUG - receive_response_body.started request=<Request [b'POST']>
2025-06-23 21:48:16,066 - httpcore.http11 - DEBUG - receive_response_body.complete
2025-06-23 21:48:16,066 - httpcore.http11 - DEBUG - response_closed.started
2025-06-23 21:48:16,066 - httpcore.http11 - DEBUG - response_closed.complete
2025-06-23 21:48:16,066 - telegram.ext.ExtBot - DEBUG - No new updates found.
2025-06-23 21:48:16,066 - telegram.ext.ExtBot - DEBUG - ()
2025-06-23 21:48:16,066 - telegram.ext.ExtBot - DEBUG - Exiting: get_updates
2025-06-23 21:48:16,066 - telegram.ext.ExtBot - DEBUG - Entering: get_updates
2025-06-23 21:48:16,070 - httpcore.http11 - DEBUG - send_request_headers.started request=<Request [b'POST']>
2025-06-23 21:48:16,070 - httpcore.http11 - DEBUG - send_request_headers.complete
2025-06-23 21:48:16,070 - httpcore.http11 - DEBUG - send_request_body.started request=<Request [b'POST']>
2025-06-23 21:48:16,070 - httpcore.http11 - DEBUG - send_request_body.complete
2025-06-23 21:48:16,070 - httpcore.http11 - DEBUG - receive_response_headers.started request=<Request [b'POST']>
2025-06-23 21:48:26,158 - httpcore.http11 - DEBUG - receive_response_headers.complete return_value=(b'HTTP/1.1', 200, b'OK', [(b'Server', b'nginx/1.18.0'), (b'Date', b'Mon, 23 Jun 2025 20:48:26 GMT'), (b'Content-Type', b'application/json'), (b'Content-Length', b'23'), (b'Connection', b'keep-alive'), (b'Strict-Transport-Security', b'max-age=31536000; includeSubDomains; preload'), (b'Access-Control-Allow-Origin', b'*'), (b'Access-Control-Allow-Methods', b'GET, POST, OPTIONS'), (b'Access-Control-Expose-Headers', b'Content-Length,Content-Type,Date,Server,Connection')])
2025-06-23 21:48:26,159 - httpx - INFO - HTTP Request: POST https://api.telegram.org/bot7707158318:AAE8rWa4Q8Z_3avql6K0HAmXaooZAReoNF0/getUpdates "HTTP/1.1 200 OK"
2025-06-23 21:48:26,159 - httpcore.http11 - DEBUG - receive_response_body.started request=<Request [b'POST']>
2025-06-23 21:48:26,159 - httpcore.http11 - DEBUG - receive_response_body.complete
2025-06-23 21:48:26,159 - httpcore.http11 - DEBUG - response_closed.started
2025-06-23 21:48:26,159 - httpcore.http11 - DEBUG - response_closed.complete
2025-06-23 21:48:26,159 - telegram.ext.ExtBot - DEBUG - No new updates found.
2025-06-23 21:48:26,159 - telegram.ext.ExtBot - DEBUG - ()
2025-06-23 21:48:26,159 - telegram.ext.ExtBot - DEBUG - Exiting: get_updates
2025-06-23 21:48:26,159 - telegram.ext.ExtBot - DEBUG - Entering: get_updates
2025-06-23 21:48:26,161 - httpcore.http11 - DEBUG - send_request_headers.started request=<Request [b'POST']>
2025-06-23 21:48:26,162 - httpcore.http11 - DEBUG - send_request_headers.complete
2025-06-23 21:48:26,162 - httpcore.http11 - DEBUG - send_request_body.started request=<Request [b'POST']>
2025-06-23 21:48:26,162 - httpcore.http11 - DEBUG - send_request_body.complete
2025-06-23 21:48:26,163 - httpcore.http11 - DEBUG - receive_response_headers.started request=<Request [b'POST']>
2025-06-23 21:48:36,498 - httpcore.http11 - DEBUG - receive_response_headers.complete return_value=(b'HTTP/1.1', 200, b'OK', [(b'Server', b'nginx/1.18.0'), (b'Date', b'Mon, 23 Jun 2025 20:48:36 GMT'), (b'Content-Type', b'application/json'), (b'Content-Length', b'23'), (b'Connection', b'keep-alive'), (b'Strict-Transport-Security', b'max-age=31536000; includeSubDomains; preload'), (b'Access-Control-Allow-Origin', b'*'), (b'Access-Control-Allow-Methods', b'GET, POST, OPTIONS'), (b'Access-Control-Expose-Headers', b'Content-Length,Content-Type,Date,Server,Connection')])
2025-06-23 21:48:36,500 - httpx - INFO - HTTP Request: POST https://api.telegram.org/bot7707158318:AAE8rWa4Q8Z_3avql6K0HAmXaooZAReoNF0/getUpdates "HTTP/1.1 200 OK"
2025-06-23 21:48:36,500 - httpcore.http11 - DEBUG - receive_response_body.started request=<Request [b'POST']>
2025-06-23 21:48:36,500 - httpcore.http11 - DEBUG - receive_response_body.complete
2025-06-23 21:48:36,500 - httpcore.http11 - DEBUG - response_closed.started
2025-06-23 21:48:36,500 - httpcore.http11 - DEBUG - response_closed.complete
2025-06-23 21:48:36,503 - telegram.ext.ExtBot - DEBUG - No new updates found.
2025-06-23 21:48:36,503 - telegram.ext.ExtBot - DEBUG - ()
2025-06-23 21:48:36,503 - telegram.ext.ExtBot - DEBUG - Exiting: get_updates
2025-06-23 21:48:36,503 - telegram.ext.ExtBot - DEBUG - Entering: get_updates
2025-06-23 21:48:36,505 - httpcore.http11 - DEBUG - send_request_headers.started request=<Request [b'POST']>
2025-06-23 21:48:36,505 - httpcore.http11 - DEBUG - send_request_headers.complete
2025-06-23 21:48:36,505 - httpcore.http11 - DEBUG - send_request_body.started request=<Request [b'POST']>
2025-06-23 21:48:36,505 - httpcore.http11 - DEBUG - send_request_body.complete
2025-06-23 21:48:36,505 - httpcore.http11 - DEBUG - receive_response_headers.started request=<Request [b'POST']>
2025-06-23 21:48:46,763 - httpcore.http11 - DEBUG - receive_response_headers.complete return_value=(b'HTTP/1.1', 200, b'OK', [(b'Server', b'nginx/1.18.0'), (b'Date', b'Mon, 23 Jun 2025 20:48:46 GMT'), (b'Content-Type', b'application/json'), (b'Content-Length', b'23'), (b'Connection', b'keep-alive'), (b'Strict-Transport-Security', b'max-age=31536000; includeSubDomains; preload'), (b'Access-Control-Allow-Origin', b'*'), (b'Access-Control-Allow-Methods', b'GET, POST, OPTIONS'), (b'Access-Control-Expose-Headers', b'Content-Length,Content-Type,Date,Server,Connection')])
2025-06-23 21:48:46,763 - httpx - INFO - HTTP Request: POST https://api.telegram.org/bot7707158318:AAE8rWa4Q8Z_3avql6K0HAmXaooZAReoNF0/getUpdates "HTTP/1.1 200 OK"
2025-06-23 21:48:46,765 - httpcore.http11 - DEBUG - receive_response_body.started request=<Request [b'POST']>
2025-06-23 21:48:46,765 - httpcore.http11 - DEBUG - receive_response_body.complete
2025-06-23 21:48:46,766 - httpcore.http11 - DEBUG - response_closed.started
2025-06-23 21:48:46,766 - httpcore.http11 - DEBUG - response_closed.complete
2025-06-23 21:48:46,766 - telegram.ext.ExtBot - DEBUG - No new updates found.
2025-06-23 21:48:46,766 - telegram.ext.ExtBot - DEBUG - ()
2025-06-23 21:48:46,766 - telegram.ext.ExtBot - DEBUG - Exiting: get_updates
2025-06-23 21:48:46,766 - telegram.ext.ExtBot - DEBUG - Entering: get_updates
2025-06-23 21:48:46,769 - httpcore.http11 - DEBUG - send_request_headers.started request=<Request [b'POST']>
2025-06-23 21:48:46,769 - httpcore.http11 - DEBUG - send_request_headers.complete
2025-06-23 21:48:46,769 - httpcore.http11 - DEBUG - send_request_body.started request=<Request [b'POST']>
2025-06-23 21:48:46,771 - httpcore.http11 - DEBUG - send_request_body.complete
2025-06-23 21:48:46,771 - httpcore.http11 - DEBUG - receive_response_headers.started request=<Request [b'POST']>
2025-06-23 21:48:56,855 - httpcore.http11 - DEBUG - receive_response_headers.complete return_value=(b'HTTP/1.1', 200, b'OK', [(b'Server', b'nginx/1.18.0'), (b'Date', b'Mon, 23 Jun 2025 20:48:56 GMT'), (b'Content-Type', b'application/json'), (b'Content-Length', b'23'), (b'Connection', b'keep-alive'), (b'Strict-Transport-Security', b'max-age=31536000; includeSubDomains; preload'), (b'Access-Control-Allow-Origin', b'*'), (b'Access-Control-Allow-Methods', b'GET, POST, OPTIONS'), (b'Access-Control-Expose-Headers', b'Content-Length,Content-Type,Date,Server,Connection')])
2025-06-23 21:48:56,855 - httpx - INFO - HTTP Request: POST https://api.telegram.org/bot7707158318:AAE8rWa4Q8Z_3avql6K0HAmXaooZAReoNF0/getUpdates "HTTP/1.1 200 OK"
2025-06-23 21:48:56,855 - httpcore.http11 - DEBUG - receive_response_body.started request=<Request [b'POST']>
2025-06-23 21:48:56,855 - httpcore.http11 - DEBUG - receive_response_body.complete
2025-06-23 21:48:56,855 - httpcore.http11 - DEBUG - response_closed.started
2025-06-23 21:48:56,855 - httpcore.http11 - DEBUG - response_closed.complete
2025-06-23 21:48:56,855 - telegram.ext.ExtBot - DEBUG - No new updates found.
2025-06-23 21:48:56,855 - telegram.ext.ExtBot - DEBUG - ()
2025-06-23 21:48:56,855 - telegram.ext.ExtBot - DEBUG - Exiting: get_updates
2025-06-23 21:48:56,855 - telegram.ext.ExtBot - DEBUG - Entering: get_updates
2025-06-23 21:48:56,858 - httpcore.http11 - DEBUG - send_request_headers.started request=<Request [b'POST']>
2025-06-23 21:48:56,858 - httpcore.http11 - DEBUG - send_request_headers.complete
2025-06-23 21:48:56,858 - httpcore.http11 - DEBUG - send_request_body.started request=<Request [b'POST']>
2025-06-23 21:48:56,858 - httpcore.http11 - DEBUG - send_request_body.complete
2025-06-23 21:48:56,858 - httpcore.http11 - DEBUG - receive_response_headers.started request=<Request [b'POST']>
2025-06-23 21:49:06,944 - httpcore.http11 - DEBUG - receive_response_headers.complete return_value=(b'HTTP/1.1', 200, b'OK', [(b'Server', b'nginx/1.18.0'), (b'Date', b'Mon, 23 Jun 2025 20:49:06 GMT'), (b'Content-Type', b'application/json'), (b'Content-Length', b'23'), (b'Connection', b'keep-alive'), (b'Strict-Transport-Security', b'max-age=31536000; includeSubDomains; preload'), (b'Access-Control-Allow-Origin', b'*'), (b'Access-Control-Allow-Methods', b'GET, POST, OPTIONS'), (b'Access-Control-Expose-Headers', b'Content-Length,Content-Type,Date,Server,Connection')])
2025-06-23 21:49:06,944 - httpx - INFO - HTTP Request: POST https://api.telegram.org/bot7707158318:AAE8rWa4Q8Z_3avql6K0HAmXaooZAReoNF0/getUpdates "HTTP/1.1 200 OK"
2025-06-23 21:49:06,947 - httpcore.http11 - DEBUG - receive_response_body.started request=<Request [b'POST']>
2025-06-23 21:49:06,947 - httpcore.http11 - DEBUG - receive_response_body.complete
2025-06-23 21:49:06,948 - httpcore.http11 - DEBUG - response_closed.started
2025-06-23 21:49:06,948 - httpcore.http11 - DEBUG - response_closed.complete
2025-06-23 21:49:06,948 - telegram.ext.ExtBot - DEBUG - No new updates found.
2025-06-23 21:49:06,948 - telegram.ext.ExtBot - DEBUG - ()
2025-06-23 21:49:06,948 - telegram.ext.ExtBot - DEBUG - Exiting: get_updates
2025-06-23 21:49:06,948 - telegram.ext.ExtBot - DEBUG - Entering: get_updates
2025-06-23 21:49:06,950 - httpcore.http11 - DEBUG - send_request_headers.started request=<Request [b'POST']>
2025-06-23 21:49:06,950 - httpcore.http11 - DEBUG - send_request_headers.complete
2025-06-23 21:49:06,950 - httpcore.http11 - DEBUG - send_request_body.started request=<Request [b'POST']>
2025-06-23 21:49:06,953 - httpcore.http11 - DEBUG - send_request_body.complete
2025-06-23 21:49:06,953 - httpcore.http11 - DEBUG - receive_response_headers.started request=<Request [b'POST']>
2025-06-23 21:49:17,051 - httpcore.http11 - DEBUG - receive_response_headers.complete return_value=(b'HTTP/1.1', 200, b'OK', [(b'Server', b'nginx/1.18.0'), (b'Date', b'Mon, 23 Jun 2025 20:49:17 GMT'), (b'Content-Type', b'application/json'), (b'Content-Length', b'23'), (b'Connection', b'keep-alive'), (b'Strict-Transport-Security', b'max-age=31536000; includeSubDomains; preload'), (b'Access-Control-Allow-Origin', b'*'), (b'Access-Control-Allow-Methods', b'GET, POST, OPTIONS'), (b'Access-Control-Expose-Headers', b'Content-Length,Content-Type,Date,Server,Connection')])
2025-06-23 21:49:17,054 - httpx - INFO - HTTP Request: POST https://api.telegram.org/bot7707158318:AAE8rWa4Q8Z_3avql6K0HAmXaooZAReoNF0/getUpdates "HTTP/1.1 200 OK"
2025-06-23 21:49:17,055 - httpcore.http11 - DEBUG - receive_response_body.started request=<Request [b'POST']>
2025-06-23 21:49:17,055 - httpcore.http11 - DEBUG - receive_response_body.complete
2025-06-23 21:49:17,055 - httpcore.http11 - DEBUG - response_closed.started
2025-06-23 21:49:17,055 - httpcore.http11 - DEBUG - response_closed.complete
2025-06-23 21:49:17,055 - telegram.ext.ExtBot - DEBUG - No new updates found.
2025-06-23 21:49:17,057 - telegram.ext.ExtBot - DEBUG - ()
2025-06-23 21:49:17,057 - telegram.ext.ExtBot - DEBUG - Exiting: get_updates
2025-06-23 21:49:17,057 - telegram.ext.ExtBot - DEBUG - Entering: get_updates
2025-06-23 21:49:17,058 - httpcore.http11 - DEBUG - send_request_headers.started request=<Request [b'POST']>
2025-06-23 21:49:17,061 - httpcore.http11 - DEBUG - send_request_headers.complete
2025-06-23 21:49:17,061 - httpcore.http11 - DEBUG - send_request_body.started request=<Request [b'POST']>
2025-06-23 21:49:17,061 - httpcore.http11 - DEBUG - send_request_body.complete
2025-06-23 21:49:17,061 - httpcore.http11 - DEBUG - receive_response_headers.started request=<Request [b'POST']>
2025-06-23 21:49:27,189 - httpcore.http11 - DEBUG - receive_response_headers.complete return_value=(b'HTTP/1.1', 200, b'OK', [(b'Server', b'nginx/1.18.0'), (b'Date', b'Mon, 23 Jun 2025 20:49:27 GMT'), (b'Content-Type', b'application/json'), (b'Content-Length', b'23'), (b'Connection', b'keep-alive'), (b'Strict-Transport-Security', b'max-age=31536000; includeSubDomains; preload'), (b'Access-Control-Allow-Origin', b'*'), (b'Access-Control-Allow-Methods', b'GET, POST, OPTIONS'), (b'Access-Control-Expose-Headers', b'Content-Length,Content-Type,Date,Server,Connection')])
2025-06-23 21:49:27,190 - httpx - INFO - HTTP Request: POST https://api.telegram.org/bot7707158318:AAE8rWa4Q8Z_3avql6K0HAmXaooZAReoNF0/getUpdates "HTTP/1.1 200 OK"
2025-06-23 21:49:27,191 - httpcore.http11 - DEBUG - receive_response_body.started request=<Request [b'POST']>
2025-06-23 21:49:27,191 - httpcore.http11 - DEBUG - receive_response_body.complete
2025-06-23 21:49:27,191 - httpcore.http11 - DEBUG - response_closed.started
2025-06-23 21:49:27,191 - httpcore.http11 - DEBUG - response_closed.complete
2025-06-23 21:49:27,191 - telegram.ext.ExtBot - DEBUG - No new updates found.
2025-06-23 21:49:27,191 - telegram.ext.ExtBot - DEBUG - ()
2025-06-23 21:49:27,191 - telegram.ext.ExtBot - DEBUG - Exiting: get_updates
2025-06-23 21:49:27,191 - telegram.ext.ExtBot - DEBUG - Entering: get_updates
2025-06-23 21:49:27,193 - httpcore.http11 - DEBUG - send_request_headers.started request=<Request [b'POST']>
2025-06-23 21:49:27,193 - httpcore.http11 - DEBUG - send_request_headers.complete
2025-06-23 21:49:27,193 - httpcore.http11 - DEBUG - send_request_body.started request=<Request [b'POST']>
2025-06-23 21:49:27,193 - httpcore.http11 - DEBUG - send_request_body.complete
2025-06-23 21:49:27,193 - httpcore.http11 - DEBUG - receive_response_headers.started request=<Request [b'POST']>
2025-06-23 21:49:37,300 - httpcore.http11 - DEBUG - receive_response_headers.complete return_value=(b'HTTP/1.1', 200, b'OK', [(b'Server', b'nginx/1.18.0'), (b'Date', b'Mon, 23 Jun 2025 20:49:37 GMT'), (b'Content-Type', b'application/json'), (b'Content-Length', b'23'), (b'Connection', b'keep-alive'), (b'Strict-Transport-Security', b'max-age=31536000; includeSubDomains; preload'), (b'Access-Control-Allow-Origin', b'*'), (b'Access-Control-Allow-Methods', b'GET, POST, OPTIONS'), (b'Access-Control-Expose-Headers', b'Content-Length,Content-Type,Date,Server,Connection')])
2025-06-23 21:49:37,302 - httpx - INFO - HTTP Request: POST https://api.telegram.org/bot7707158318:AAE8rWa4Q8Z_3avql6K0HAmXaooZAReoNF0/getUpdates "HTTP/1.1 200 OK"
2025-06-23 21:49:37,303 - httpcore.http11 - DEBUG - receive_response_body.started request=<Request [b'POST']>
2025-06-23 21:49:37,303 - httpcore.http11 - DEBUG - receive_response_body.complete
2025-06-23 21:49:37,303 - httpcore.http11 - DEBUG - response_closed.started
2025-06-23 21:49:37,303 - httpcore.http11 - DEBUG - response_closed.complete
2025-06-23 21:49:37,303 - telegram.ext.ExtBot - DEBUG - No new updates found.
2025-06-23 21:49:37,305 - telegram.ext.ExtBot - DEBUG - ()
2025-06-23 21:49:37,305 - telegram.ext.ExtBot - DEBUG - Exiting: get_updates
2025-06-23 21:49:37,305 - telegram.ext.ExtBot - DEBUG - Entering: get_updates
2025-06-23 21:49:37,305 - httpcore.http11 - DEBUG - send_request_headers.started request=<Request [b'POST']>
2025-06-23 21:49:37,307 - httpcore.http11 - DEBUG - send_request_headers.complete
2025-06-23 21:49:37,307 - httpcore.http11 - DEBUG - send_request_body.started request=<Request [b'POST']>
2025-06-23 21:49:37,307 - httpcore.http11 - DEBUG - send_request_body.complete
2025-06-23 21:49:37,307 - httpcore.http11 - DEBUG - receive_response_headers.started request=<Request [b'POST']>
2025-06-23 21:49:47,393 - httpcore.http11 - DEBUG - receive_response_headers.complete return_value=(b'HTTP/1.1', 200, b'OK', [(b'Server', b'nginx/1.18.0'), (b'Date', b'Mon, 23 Jun 2025 20:49:47 GMT'), (b'Content-Type', b'application/json'), (b'Content-Length', b'23'), (b'Connection', b'keep-alive'), (b'Strict-Transport-Security', b'max-age=31536000; includeSubDomains; preload'), (b'Access-Control-Allow-Origin', b'*'), (b'Access-Control-Allow-Methods', b'GET, POST, OPTIONS'), (b'Access-Control-Expose-Headers', b'Content-Length,Content-Type,Date,Server,Connection')])
2025-06-23 21:49:47,396 - httpx - INFO - HTTP Request: POST https://api.telegram.org/bot7707158318:AAE8rWa4Q8Z_3avql6K0HAmXaooZAReoNF0/getUpdates "HTTP/1.1 200 OK"
2025-06-23 21:49:47,396 - httpcore.http11 - DEBUG - receive_response_body.started request=<Request [b'POST']>
2025-06-23 21:49:47,398 - httpcore.http11 - DEBUG - receive_response_body.complete
2025-06-23 21:49:47,398 - httpcore.http11 - DEBUG - response_closed.started
2025-06-23 21:49:47,398 - httpcore.http11 - DEBUG - response_closed.complete
2025-06-23 21:49:47,398 - telegram.ext.ExtBot - DEBUG - No new updates found.
2025-06-23 21:49:47,398 - telegram.ext.ExtBot - DEBUG - ()
2025-06-23 21:49:47,398 - telegram.ext.ExtBot - DEBUG - Exiting: get_updates
2025-06-23 21:49:47,398 - telegram.ext.ExtBot - DEBUG - Entering: get_updates
2025-06-23 21:49:47,398 - httpcore.http11 - DEBUG - send_request_headers.started request=<Request [b'POST']>
2025-06-23 21:49:47,404 - httpcore.http11 - DEBUG - send_request_headers.complete
2025-06-23 21:49:47,404 - httpcore.http11 - DEBUG - send_request_body.started request=<Request [b'POST']>
2025-06-23 21:49:47,404 - httpcore.http11 - DEBUG - send_request_body.complete
2025-06-23 21:49:47,404 - httpcore.http11 - DEBUG - receive_response_headers.started request=<Request [b'POST']>
2025-06-23 21:49:57,498 - httpcore.http11 - DEBUG - receive_response_headers.complete return_value=(b'HTTP/1.1', 200, b'OK', [(b'Server', b'nginx/1.18.0'), (b'Date', b'Mon, 23 Jun 2025 20:49:57 GMT'), (b'Content-Type', b'application/json'), (b'Content-Length', b'23'), (b'Connection', b'keep-alive'), (b'Strict-Transport-Security', b'max-age=31536000; includeSubDomains; preload'), (b'Access-Control-Allow-Origin', b'*'), (b'Access-Control-Allow-Methods', b'GET, POST, OPTIONS'), (b'Access-Control-Expose-Headers', b'Content-Length,Content-Type,Date,Server,Connection')])
2025-06-23 21:49:57,498 - httpx - INFO - HTTP Request: POST https://api.telegram.org/bot7707158318:AAE8rWa4Q8Z_3avql6K0HAmXaooZAReoNF0/getUpdates "HTTP/1.1 200 OK"
2025-06-23 21:49:57,498 - httpcore.http11 - DEBUG - receive_response_body.started request=<Request [b'POST']>
2025-06-23 21:49:57,498 - httpcore.http11 - DEBUG - receive_response_body.complete
2025-06-23 21:49:57,498 - httpcore.http11 - DEBUG - response_closed.started
2025-06-23 21:49:57,498 - httpcore.http11 - DEBUG - response_closed.complete
2025-06-23 21:49:57,498 - telegram.ext.ExtBot - DEBUG - No new updates found.
2025-06-23 21:49:57,498 - telegram.ext.ExtBot - DEBUG - ()
2025-06-23 21:49:57,498 - telegram.ext.ExtBot - DEBUG - Exiting: get_updates
2025-06-23 21:49:57,498 - telegram.ext.ExtBot - DEBUG - Entering: get_updates
2025-06-23 21:49:57,502 - httpcore.http11 - DEBUG - send_request_headers.started request=<Request [b'POST']>
2025-06-23 21:49:57,502 - httpcore.http11 - DEBUG - send_request_headers.complete
2025-06-23 21:49:57,502 - httpcore.http11 - DEBUG - send_request_body.started request=<Request [b'POST']>
2025-06-23 21:49:57,502 - httpcore.http11 - DEBUG - send_request_body.complete
2025-06-23 21:49:57,502 - httpcore.http11 - DEBUG - receive_response_headers.started request=<Request [b'POST']>
2025-06-23 21:50:07,584 - httpcore.http11 - DEBUG - receive_response_headers.complete return_value=(b'HTTP/1.1', 200, b'OK', [(b'Server', b'nginx/1.18.0'), (b'Date', b'Mon, 23 Jun 2025 20:50:07 GMT'), (b'Content-Type', b'application/json'), (b'Content-Length', b'23'), (b'Connection', b'keep-alive'), (b'Strict-Transport-Security', b'max-age=31536000; includeSubDomains; preload'), (b'Access-Control-Allow-Origin', b'*'), (b'Access-Control-Allow-Methods', b'GET, POST, OPTIONS'), (b'Access-Control-Expose-Headers', b'Content-Length,Content-Type,Date,Server,Connection')])
2025-06-23 21:50:07,585 - httpx - INFO - HTTP Request: POST https://api.telegram.org/bot7707158318:AAE8rWa4Q8Z_3avql6K0HAmXaooZAReoNF0/getUpdates "HTTP/1.1 200 OK"
2025-06-23 21:50:07,587 - httpcore.http11 - DEBUG - receive_response_body.started request=<Request [b'POST']>
2025-06-23 21:50:07,587 - httpcore.http11 - DEBUG - receive_response_body.complete
2025-06-23 21:50:07,587 - httpcore.http11 - DEBUG - response_closed.started
2025-06-23 21:50:07,587 - httpcore.http11 - DEBUG - response_closed.complete
2025-06-23 21:50:07,587 - telegram.ext.ExtBot - DEBUG - No new updates found.
2025-06-23 21:50:07,587 - telegram.ext.ExtBot - DEBUG - ()
2025-06-23 21:50:07,587 - telegram.ext.ExtBot - DEBUG - Exiting: get_updates
2025-06-23 21:50:07,587 - telegram.ext.ExtBot - DEBUG - Entering: get_updates
2025-06-23 21:50:07,591 - httpcore.http11 - DEBUG - send_request_headers.started request=<Request [b'POST']>
2025-06-23 21:50:07,591 - httpcore.http11 - DEBUG - send_request_headers.complete
2025-06-23 21:50:07,591 - httpcore.http11 - DEBUG - send_request_body.started request=<Request [b'POST']>
2025-06-23 21:50:07,593 - httpcore.http11 - DEBUG - send_request_body.complete
2025-06-23 21:50:07,593 - httpcore.http11 - DEBUG - receive_response_headers.started request=<Request [b'POST']>
2025-06-23 21:50:17,691 - httpcore.http11 - DEBUG - receive_response_headers.complete return_value=(b'HTTP/1.1', 200, b'OK', [(b'Server', b'nginx/1.18.0'), (b'Date', b'Mon, 23 Jun 2025 20:50:17 GMT'), (b'Content-Type', b'application/json'), (b'Content-Length', b'23'), (b'Connection', b'keep-alive'), (b'Strict-Transport-Security', b'max-age=31536000; includeSubDomains; preload'), (b'Access-Control-Allow-Origin', b'*'), (b'Access-Control-Allow-Methods', b'GET, POST, OPTIONS'), (b'Access-Control-Expose-Headers', b'Content-Length,Content-Type,Date,Server,Connection')])
2025-06-23 21:50:17,691 - httpx - INFO - HTTP Request: POST https://api.telegram.org/bot7707158318:AAE8rWa4Q8Z_3avql6K0HAmXaooZAReoNF0/getUpdates "HTTP/1.1 200 OK"
2025-06-23 21:50:17,692 - httpcore.http11 - DEBUG - receive_response_body.started request=<Request [b'POST']>
2025-06-23 21:50:17,693 - httpcore.http11 - DEBUG - receive_response_body.complete
2025-06-23 21:50:17,693 - httpcore.http11 - DEBUG - response_closed.started
2025-06-23 21:50:17,693 - httpcore.http11 - DEBUG - response_closed.complete
2025-06-23 21:50:17,693 - telegram.ext.ExtBot - DEBUG - No new updates found.
2025-06-23 21:50:17,693 - telegram.ext.ExtBot - DEBUG - ()
2025-06-23 21:50:17,693 - telegram.ext.ExtBot - DEBUG - Exiting: get_updates
2025-06-23 21:50:17,693 - telegram.ext.ExtBot - DEBUG - Entering: get_updates
2025-06-23 21:50:17,696 - httpcore.http11 - DEBUG - send_request_headers.started request=<Request [b'POST']>
2025-06-23 21:50:17,697 - httpcore.http11 - DEBUG - send_request_headers.complete
2025-06-23 21:50:17,697 - httpcore.http11 - DEBUG - send_request_body.started request=<Request [b'POST']>
2025-06-23 21:50:17,698 - httpcore.http11 - DEBUG - send_request_body.complete
2025-06-23 21:50:17,698 - httpcore.http11 - DEBUG - receive_response_headers.started request=<Request [b'POST']>
2025-06-23 21:50:27,996 - httpcore.http11 - DEBUG - receive_response_headers.complete return_value=(b'HTTP/1.1', 200, b'OK', [(b'Server', b'nginx/1.18.0'), (b'Date', b'Mon, 23 Jun 2025 20:50:27 GMT'), (b'Content-Type', b'application/json'), (b'Content-Length', b'23'), (b'Connection', b'keep-alive'), (b'Strict-Transport-Security', b'max-age=31536000; includeSubDomains; preload'), (b'Access-Control-Allow-Origin', b'*'), (b'Access-Control-Allow-Methods', b'GET, POST, OPTIONS'), (b'Access-Control-Expose-Headers', b'Content-Length,Content-Type,Date,Server,Connection')])
2025-06-23 21:50:27,997 - httpx - INFO - HTTP Request: POST https://api.telegram.org/bot7707158318:AAE8rWa4Q8Z_3avql6K0HAmXaooZAReoNF0/getUpdates "HTTP/1.1 200 OK"
2025-06-23 21:50:27,997 - httpcore.http11 - DEBUG - receive_response_body.started request=<Request [b'POST']>
2025-06-23 21:50:27,997 - httpcore.http11 - DEBUG - receive_response_body.complete
2025-06-23 21:50:27,997 - httpcore.http11 - DEBUG - response_closed.started
2025-06-23 21:50:27,997 - httpcore.http11 - DEBUG - response_closed.complete
2025-06-23 21:50:27,999 - telegram.ext.ExtBot - DEBUG - No new updates found.
2025-06-23 21:50:27,999 - telegram.ext.ExtBot - DEBUG - ()
2025-06-23 21:50:27,999 - telegram.ext.ExtBot - DEBUG - Exiting: get_updates
2025-06-23 21:50:27,999 - telegram.ext.ExtBot - DEBUG - Entering: get_updates
2025-06-23 21:50:28,001 - httpcore.http11 - DEBUG - send_request_headers.started request=<Request [b'POST']>
2025-06-23 21:50:28,001 - httpcore.http11 - DEBUG - send_request_headers.complete
2025-06-23 21:50:28,002 - httpcore.http11 - DEBUG - send_request_body.started request=<Request [b'POST']>
2025-06-23 21:50:28,002 - httpcore.http11 - DEBUG - send_request_body.complete
2025-06-23 21:50:28,002 - httpcore.http11 - DEBUG - receive_response_headers.started request=<Request [b'POST']>
2025-06-23 21:50:38,086 - httpcore.http11 - DEBUG - receive_response_headers.complete return_value=(b'HTTP/1.1', 200, b'OK', [(b'Server', b'nginx/1.18.0'), (b'Date', b'Mon, 23 Jun 2025 20:50:38 GMT'), (b'Content-Type', b'application/json'), (b'Content-Length', b'23'), (b'Connection', b'keep-alive'), (b'Strict-Transport-Security', b'max-age=31536000; includeSubDomains; preload'), (b'Access-Control-Allow-Origin', b'*'), (b'Access-Control-Allow-Methods', b'GET, POST, OPTIONS'), (b'Access-Control-Expose-Headers', b'Content-Length,Content-Type,Date,Server,Connection')])
2025-06-23 21:50:38,089 - httpx - INFO - HTTP Request: POST https://api.telegram.org/bot7707158318:AAE8rWa4Q8Z_3avql6K0HAmXaooZAReoNF0/getUpdates "HTTP/1.1 200 OK"
2025-06-23 21:50:38,090 - httpcore.http11 - DEBUG - receive_response_body.started request=<Request [b'POST']>
2025-06-23 21:50:38,091 - httpcore.http11 - DEBUG - receive_response_body.complete
2025-06-23 21:50:38,091 - httpcore.http11 - DEBUG - response_closed.started
2025-06-23 21:50:38,091 - httpcore.http11 - DEBUG - response_closed.complete
2025-06-23 21:50:38,092 - telegram.ext.ExtBot - DEBUG - No new updates found.
2025-06-23 21:50:38,093 - telegram.ext.ExtBot - DEBUG - ()
2025-06-23 21:50:38,093 - telegram.ext.ExtBot - DEBUG - Exiting: get_updates
2025-06-23 21:50:38,093 - telegram.ext.ExtBot - DEBUG - Entering: get_updates
2025-06-23 21:50:38,093 - httpcore.http11 - DEBUG - send_request_headers.started request=<Request [b'POST']>
2025-06-23 21:50:38,096 - httpcore.http11 - DEBUG - send_request_headers.complete
2025-06-23 21:50:38,097 - httpcore.http11 - DEBUG - send_request_body.started request=<Request [b'POST']>
2025-06-23 21:50:38,097 - httpcore.http11 - DEBUG - send_request_body.complete
2025-06-23 21:50:38,097 - httpcore.http11 - DEBUG - receive_response_headers.started request=<Request [b'POST']>
2025-06-23 21:50:48,193 - httpcore.http11 - DEBUG - receive_response_headers.complete return_value=(b'HTTP/1.1', 200, b'OK', [(b'Server', b'nginx/1.18.0'), (b'Date', b'Mon, 23 Jun 2025 20:50:48 GMT'), (b'Content-Type', b'application/json'), (b'Content-Length', b'23'), (b'Connection', b'keep-alive'), (b'Strict-Transport-Security', b'max-age=31536000; includeSubDomains; preload'), (b'Access-Control-Allow-Origin', b'*'), (b'Access-Control-Allow-Methods', b'GET, POST, OPTIONS'), (b'Access-Control-Expose-Headers', b'Content-Length,Content-Type,Date,Server,Connection')])
2025-06-23 21:50:48,197 - httpx - INFO - HTTP Request: POST https://api.telegram.org/bot7707158318:AAE8rWa4Q8Z_3avql6K0HAmXaooZAReoNF0/getUpdates "HTTP/1.1 200 OK"
2025-06-23 21:50:48,198 - httpcore.http11 - DEBUG - receive_response_body.started request=<Request [b'POST']>
2025-06-23 21:50:48,198 - httpcore.http11 - DEBUG - receive_response_body.complete
2025-06-23 21:50:48,199 - httpcore.http11 - DEBUG - response_closed.started
2025-06-23 21:50:48,199 - httpcore.http11 - DEBUG - response_closed.complete
2025-06-23 21:50:48,199 - telegram.ext.ExtBot - DEBUG - No new updates found.
2025-06-23 21:50:48,199 - telegram.ext.ExtBot - DEBUG - ()
2025-06-23 21:50:48,199 - telegram.ext.ExtBot - DEBUG - Exiting: get_updates
2025-06-23 21:50:48,199 - telegram.ext.ExtBot - DEBUG - Entering: get_updates
2025-06-23 21:50:48,204 - httpcore.http11 - DEBUG - send_request_headers.started request=<Request [b'POST']>
2025-06-23 21:50:48,204 - httpcore.http11 - DEBUG - send_request_headers.complete
2025-06-23 21:50:48,204 - httpcore.http11 - DEBUG - send_request_body.started request=<Request [b'POST']>
2025-06-23 21:50:48,204 - httpcore.http11 - DEBUG - send_request_body.complete
2025-06-23 21:50:48,205 - httpcore.http11 - DEBUG - receive_response_headers.started request=<Request [b'POST']>
2025-06-23 21:50:58,296 - httpcore.http11 - DEBUG - receive_response_headers.complete return_value=(b'HTTP/1.1', 200, b'OK', [(b'Server', b'nginx/1.18.0'), (b'Date', b'Mon, 23 Jun 2025 20:50:58 GMT'), (b'Content-Type', b'application/json'), (b'Content-Length', b'23'), (b'Connection', b'keep-alive'), (b'Strict-Transport-Security', b'max-age=31536000; includeSubDomains; preload'), (b'Access-Control-Allow-Origin', b'*'), (b'Access-Control-Allow-Methods', b'GET, POST, OPTIONS'), (b'Access-Control-Expose-Headers', b'Content-Length,Content-Type,Date,Server,Connection')])
2025-06-23 21:50:58,296 - httpx - INFO - HTTP Request: POST https://api.telegram.org/bot7707158318:AAE8rWa4Q8Z_3avql6K0HAmXaooZAReoNF0/getUpdates "HTTP/1.1 200 OK"
2025-06-23 21:50:58,298 - httpcore.http11 - DEBUG - receive_response_body.started request=<Request [b'POST']>
2025-06-23 21:50:58,298 - httpcore.http11 - DEBUG - receive_response_body.complete
2025-06-23 21:50:58,298 - httpcore.http11 - DEBUG - response_closed.started
2025-06-23 21:50:58,298 - httpcore.http11 - DEBUG - response_closed.complete
2025-06-23 21:50:58,298 - telegram.ext.ExtBot - DEBUG - No new updates found.
2025-06-23 21:50:58,298 - telegram.ext.ExtBot - DEBUG - ()
2025-06-23 21:50:58,298 - telegram.ext.ExtBot - DEBUG - Exiting: get_updates
2025-06-23 21:50:58,298 - telegram.ext.ExtBot - DEBUG - Entering: get_updates
2025-06-23 21:50:58,298 - httpcore.http11 - DEBUG - send_request_headers.started request=<Request [b'POST']>
2025-06-23 21:50:58,301 - httpcore.http11 - DEBUG - send_request_headers.complete
2025-06-23 21:50:58,301 - httpcore.http11 - DEBUG - send_request_body.started request=<Request [b'POST']>
2025-06-23 21:50:58,301 - httpcore.http11 - DEBUG - send_request_body.complete
2025-06-23 21:50:58,301 - httpcore.http11 - DEBUG - receive_response_headers.started request=<Request [b'POST']>
2025-06-23 21:51:08,634 - httpcore.http11 - DEBUG - receive_response_headers.complete return_value=(b'HTTP/1.1', 200, b'OK', [(b'Server', b'nginx/1.18.0'), (b'Date', b'Mon, 23 Jun 2025 20:51:08 GMT'), (b'Content-Type', b'application/json'), (b'Content-Length', b'23'), (b'Connection', b'keep-alive'), (b'Strict-Transport-Security', b'max-age=31536000; includeSubDomains; preload'), (b'Access-Control-Allow-Origin', b'*'), (b'Access-Control-Allow-Methods', b'GET, POST, OPTIONS'), (b'Access-Control-Expose-Headers', b'Content-Length,Content-Type,Date,Server,Connection')])
2025-06-23 21:51:08,635 - httpx - INFO - HTTP Request: POST https://api.telegram.org/bot7707158318:AAE8rWa4Q8Z_3avql6K0HAmXaooZAReoNF0/getUpdates "HTTP/1.1 200 OK"
2025-06-23 21:51:08,635 - httpcore.http11 - DEBUG - receive_response_body.started request=<Request [b'POST']>
2025-06-23 21:51:08,635 - httpcore.http11 - DEBUG - receive_response_body.complete
2025-06-23 21:51:08,635 - httpcore.http11 - DEBUG - response_closed.started
2025-06-23 21:51:08,635 - httpcore.http11 - DEBUG - response_closed.complete
2025-06-23 21:51:08,638 - telegram.ext.ExtBot - DEBUG - No new updates found.
2025-06-23 21:51:08,638 - telegram.ext.ExtBot - DEBUG - ()
2025-06-23 21:51:08,638 - telegram.ext.ExtBot - DEBUG - Exiting: get_updates
2025-06-23 21:51:08,638 - telegram.ext.ExtBot - DEBUG - Entering: get_updates
2025-06-23 21:51:08,641 - httpcore.http11 - DEBUG - send_request_headers.started request=<Request [b'POST']>
2025-06-23 21:51:08,641 - httpcore.http11 - DEBUG - send_request_headers.complete
2025-06-23 21:51:08,643 - httpcore.http11 - DEBUG - send_request_body.started request=<Request [b'POST']>
2025-06-23 21:51:08,643 - httpcore.http11 - DEBUG - send_request_body.complete
2025-06-23 21:51:08,643 - httpcore.http11 - DEBUG - receive_response_headers.started request=<Request [b'POST']>
2025-06-23 21:51:18,749 - httpcore.http11 - DEBUG - receive_response_headers.complete return_value=(b'HTTP/1.1', 200, b'OK', [(b'Server', b'nginx/1.18.0'), (b'Date', b'Mon, 23 Jun 2025 20:51:18 GMT'), (b'Content-Type', b'application/json'), (b'Content-Length', b'23'), (b'Connection', b'keep-alive'), (b'Strict-Transport-Security', b'max-age=31536000; includeSubDomains; preload'), (b'Access-Control-Allow-Origin', b'*'), (b'Access-Control-Allow-Methods', b'GET, POST, OPTIONS'), (b'Access-Control-Expose-Headers', b'Content-Length,Content-Type,Date,Server,Connection')])
2025-06-23 21:51:18,749 - httpx - INFO - HTTP Request: POST https://api.telegram.org/bot7707158318:AAE8rWa4Q8Z_3avql6K0HAmXaooZAReoNF0/getUpdates "HTTP/1.1 200 OK"
2025-06-23 21:51:18,753 - httpcore.http11 - DEBUG - receive_response_body.started request=<Request [b'POST']>
2025-06-23 21:51:18,753 - httpcore.http11 - DEBUG - receive_response_body.complete
2025-06-23 21:51:18,753 - httpcore.http11 - DEBUG - response_closed.started
2025-06-23 21:51:18,753 - httpcore.http11 - DEBUG - response_closed.complete
2025-06-23 21:51:18,755 - telegram.ext.ExtBot - DEBUG - No new updates found.
2025-06-23 21:51:18,755 - telegram.ext.ExtBot - DEBUG - ()
2025-06-23 21:51:18,755 - telegram.ext.ExtBot - DEBUG - Exiting: get_updates
2025-06-23 21:51:18,755 - telegram.ext.ExtBot - DEBUG - Entering: get_updates
2025-06-23 21:51:18,758 - httpcore.http11 - DEBUG - send_request_headers.started request=<Request [b'POST']>
2025-06-23 21:51:18,758 - httpcore.http11 - DEBUG - send_request_headers.complete
2025-06-23 21:51:18,758 - httpcore.http11 - DEBUG - send_request_body.started request=<Request [b'POST']>
2025-06-23 21:51:18,760 - httpcore.http11 - DEBUG - send_request_body.complete
2025-06-23 21:51:18,760 - httpcore.http11 - DEBUG - receive_response_headers.started request=<Request [b'POST']>
2025-06-23 21:51:28,910 - httpcore.http11 - DEBUG - receive_response_headers.complete return_value=(b'HTTP/1.1', 200, b'OK', [(b'Server', b'nginx/1.18.0'), (b'Date', b'Mon, 23 Jun 2025 20:51:28 GMT'), (b'Content-Type', b'application/json'), (b'Content-Length', b'23'), (b'Connection', b'keep-alive'), (b'Strict-Transport-Security', b'max-age=31536000; includeSubDomains; preload'), (b'Access-Control-Allow-Origin', b'*'), (b'Access-Control-Allow-Methods', b'GET, POST, OPTIONS'), (b'Access-Control-Expose-Headers', b'Content-Length,Content-Type,Date,Server,Connection')])
2025-06-23 21:51:28,910 - httpx - INFO - HTTP Request: POST https://api.telegram.org/bot7707158318:AAE8rWa4Q8Z_3avql6K0HAmXaooZAReoNF0/getUpdates "HTTP/1.1 200 OK"
2025-06-23 21:51:28,910 - httpcore.http11 - DEBUG - receive_response_body.started request=<Request [b'POST']>
2025-06-23 21:51:28,910 - httpcore.http11 - DEBUG - receive_response_body.complete
2025-06-23 21:51:28,910 - httpcore.http11 - DEBUG - response_closed.started
2025-06-23 21:51:28,911 - httpcore.http11 - DEBUG - response_closed.complete
2025-06-23 21:51:28,911 - telegram.ext.ExtBot - DEBUG - No new updates found.
2025-06-23 21:51:28,911 - telegram.ext.ExtBot - DEBUG - ()
2025-06-23 21:51:28,911 - telegram.ext.ExtBot - DEBUG - Exiting: get_updates
2025-06-23 21:51:28,911 - telegram.ext.ExtBot - DEBUG - Entering: get_updates
2025-06-23 21:51:28,912 - httpcore.http11 - DEBUG - send_request_headers.started request=<Request [b'POST']>
2025-06-23 21:51:28,913 - httpcore.http11 - DEBUG - send_request_headers.complete
2025-06-23 21:51:28,913 - httpcore.http11 - DEBUG - send_request_body.started request=<Request [b'POST']>
2025-06-23 21:51:28,913 - httpcore.http11 - DEBUG - send_request_body.complete
2025-06-23 21:51:28,913 - httpcore.http11 - DEBUG - receive_response_headers.started request=<Request [b'POST']>
2025-06-23 21:51:39,030 - httpcore.http11 - DEBUG - receive_response_headers.complete return_value=(b'HTTP/1.1', 200, b'OK', [(b'Server', b'nginx/1.18.0'), (b'Date', b'Mon, 23 Jun 2025 20:51:39 GMT'), (b'Content-Type', b'application/json'), (b'Content-Length', b'23'), (b'Connection', b'keep-alive'), (b'Strict-Transport-Security', b'max-age=31536000; includeSubDomains; preload'), (b'Access-Control-Allow-Origin', b'*'), (b'Access-Control-Allow-Methods', b'GET, POST, OPTIONS'), (b'Access-Control-Expose-Headers', b'Content-Length,Content-Type,Date,Server,Connection')])
2025-06-23 21:51:39,032 - httpx - INFO - HTTP Request: POST https://api.telegram.org/bot7707158318:AAE8rWa4Q8Z_3avql6K0HAmXaooZAReoNF0/getUpdates "HTTP/1.1 200 OK"
2025-06-23 21:51:39,034 - httpcore.http11 - DEBUG - receive_response_body.started request=<Request [b'POST']>
2025-06-23 21:51:39,034 - httpcore.http11 - DEBUG - receive_response_body.complete
2025-06-23 21:51:39,034 - httpcore.http11 - DEBUG - response_closed.started
2025-06-23 21:51:39,035 - httpcore.http11 - DEBUG - response_closed.complete
2025-06-23 21:51:39,035 - telegram.ext.ExtBot - DEBUG - No new updates found.
2025-06-23 21:51:39,035 - telegram.ext.ExtBot - DEBUG - ()
2025-06-23 21:51:39,035 - telegram.ext.ExtBot - DEBUG - Exiting: get_updates
2025-06-23 21:51:39,035 - telegram.ext.ExtBot - DEBUG - Entering: get_updates
2025-06-23 21:51:39,037 - httpcore.http11 - DEBUG - send_request_headers.started request=<Request [b'POST']>
2025-06-23 21:51:39,039 - httpcore.http11 - DEBUG - send_request_headers.complete
2025-06-23 21:51:39,039 - httpcore.http11 - DEBUG - send_request_body.started request=<Request [b'POST']>
2025-06-23 21:51:39,041 - httpcore.http11 - DEBUG - send_request_body.complete
2025-06-23 21:51:39,041 - httpcore.http11 - DEBUG - receive_response_headers.started request=<Request [b'POST']>
2025-06-23 21:51:49,273 - httpcore.http11 - DEBUG - receive_response_headers.complete return_value=(b'HTTP/1.1', 200, b'OK', [(b'Server', b'nginx/1.18.0'), (b'Date', b'Mon, 23 Jun 2025 20:51:49 GMT'), (b'Content-Type', b'application/json'), (b'Content-Length', b'23'), (b'Connection', b'keep-alive'), (b'Strict-Transport-Security', b'max-age=31536000; includeSubDomains; preload'), (b'Access-Control-Allow-Origin', b'*'), (b'Access-Control-Allow-Methods', b'GET, POST, OPTIONS'), (b'Access-Control-Expose-Headers', b'Content-Length,Content-Type,Date,Server,Connection')])
2025-06-23 21:51:49,273 - httpx - INFO - HTTP Request: POST https://api.telegram.org/bot7707158318:AAE8rWa4Q8Z_3avql6K0HAmXaooZAReoNF0/getUpdates "HTTP/1.1 200 OK"
2025-06-23 21:51:49,273 - httpcore.http11 - DEBUG - receive_response_body.started request=<Request [b'POST']>
2025-06-23 21:51:49,273 - httpcore.http11 - DEBUG - receive_response_body.complete
2025-06-23 21:51:49,273 - httpcore.http11 - DEBUG - response_closed.started
2025-06-23 21:51:49,276 - httpcore.http11 - DEBUG - response_closed.complete
2025-06-23 21:51:49,276 - telegram.ext.ExtBot - DEBUG - No new updates found.
2025-06-23 21:51:49,276 - telegram.ext.ExtBot - DEBUG - ()
2025-06-23 21:51:49,276 - telegram.ext.ExtBot - DEBUG - Exiting: get_updates
2025-06-23 21:51:49,276 - telegram.ext.ExtBot - DEBUG - Entering: get_updates
2025-06-23 21:51:49,276 - httpcore.http11 - DEBUG - send_request_headers.started request=<Request [b'POST']>
2025-06-23 21:51:49,276 - httpcore.http11 - DEBUG - send_request_headers.complete
2025-06-23 21:51:49,276 - httpcore.http11 - DEBUG - send_request_body.started request=<Request [b'POST']>
2025-06-23 21:51:49,276 - httpcore.http11 - DEBUG - send_request_body.complete
2025-06-23 21:51:49,276 - httpcore.http11 - DEBUG - receive_response_headers.started request=<Request [b'POST']>
2025-06-23 21:51:59,534 - httpcore.http11 - DEBUG - receive_response_headers.complete return_value=(b'HTTP/1.1', 200, b'OK', [(b'Server', b'nginx/1.18.0'), (b'Date', b'Mon, 23 Jun 2025 20:51:59 GMT'), (b'Content-Type', b'application/json'), (b'Content-Length', b'23'), (b'Connection', b'keep-alive'), (b'Strict-Transport-Security', b'max-age=31536000; includeSubDomains; preload'), (b'Access-Control-Allow-Origin', b'*'), (b'Access-Control-Allow-Methods', b'GET, POST, OPTIONS'), (b'Access-Control-Expose-Headers', b'Content-Length,Content-Type,Date,Server,Connection')])
2025-06-23 21:51:59,534 - httpx - INFO - HTTP Request: POST https://api.telegram.org/bot7707158318:AAE8rWa4Q8Z_3avql6K0HAmXaooZAReoNF0/getUpdates "HTTP/1.1 200 OK"
2025-06-23 21:51:59,534 - httpcore.http11 - DEBUG - receive_response_body.started request=<Request [b'POST']>
2025-06-23 21:51:59,534 - httpcore.http11 - DEBUG - receive_response_body.complete
2025-06-23 21:51:59,534 - httpcore.http11 - DEBUG - response_closed.started
2025-06-23 21:51:59,534 - httpcore.http11 - DEBUG - response_closed.complete
2025-06-23 21:51:59,534 - telegram.ext.ExtBot - DEBUG - No new updates found.
2025-06-23 21:51:59,534 - telegram.ext.ExtBot - DEBUG - ()
2025-06-23 21:51:59,534 - telegram.ext.ExtBot - DEBUG - Exiting: get_updates
2025-06-23 21:51:59,534 - telegram.ext.ExtBot - DEBUG - Entering: get_updates
2025-06-23 21:51:59,536 - httpcore.http11 - DEBUG - send_request_headers.started request=<Request [b'POST']>
2025-06-23 21:51:59,536 - httpcore.http11 - DEBUG - send_request_headers.complete
2025-06-23 21:51:59,536 - httpcore.http11 - DEBUG - send_request_body.started request=<Request [b'POST']>
2025-06-23 21:51:59,536 - httpcore.http11 - DEBUG - send_request_body.complete
2025-06-23 21:51:59,536 - httpcore.http11 - DEBUG - receive_response_headers.started request=<Request [b'POST']>
2025-06-23 21:52:09,640 - httpcore.http11 - DEBUG - receive_response_headers.complete return_value=(b'HTTP/1.1', 200, b'OK', [(b'Server', b'nginx/1.18.0'), (b'Date', b'Mon, 23 Jun 2025 20:52:09 GMT'), (b'Content-Type', b'application/json'), (b'Content-Length', b'23'), (b'Connection', b'keep-alive'), (b'Strict-Transport-Security', b'max-age=31536000; includeSubDomains; preload'), (b'Access-Control-Allow-Origin', b'*'), (b'Access-Control-Allow-Methods', b'GET, POST, OPTIONS'), (b'Access-Control-Expose-Headers', b'Content-Length,Content-Type,Date,Server,Connection')])
2025-06-23 21:52:09,640 - httpx - INFO - HTTP Request: POST https://api.telegram.org/bot7707158318:AAE8rWa4Q8Z_3avql6K0HAmXaooZAReoNF0/getUpdates "HTTP/1.1 200 OK"
2025-06-23 21:52:09,643 - httpcore.http11 - DEBUG - receive_response_body.started request=<Request [b'POST']>
2025-06-23 21:52:09,643 - httpcore.http11 - DEBUG - receive_response_body.complete
2025-06-23 21:52:09,643 - httpcore.http11 - DEBUG - response_closed.started
2025-06-23 21:52:09,643 - httpcore.http11 - DEBUG - response_closed.complete
2025-06-23 21:52:09,643 - telegram.ext.ExtBot - DEBUG - No new updates found.
2025-06-23 21:52:09,643 - telegram.ext.ExtBot - DEBUG - ()
2025-06-23 21:52:09,643 - telegram.ext.ExtBot - DEBUG - Exiting: get_updates
2025-06-23 21:52:09,643 - telegram.ext.ExtBot - DEBUG - Entering: get_updates
2025-06-23 21:52:09,649 - httpcore.http11 - DEBUG - send_request_headers.started request=<Request [b'POST']>
2025-06-23 21:52:09,649 - httpcore.http11 - DEBUG - send_request_headers.complete
2025-06-23 21:52:09,649 - httpcore.http11 - DEBUG - send_request_body.started request=<Request [b'POST']>
2025-06-23 21:52:09,649 - httpcore.http11 - DEBUG - send_request_body.complete
2025-06-23 21:52:09,651 - httpcore.http11 - DEBUG - receive_response_headers.started request=<Request [b'POST']>
2025-06-23 21:52:19,949 - httpcore.http11 - DEBUG - receive_response_headers.complete return_value=(b'HTTP/1.1', 200, b'OK', [(b'Server', b'nginx/1.18.0'), (b'Date', b'Mon, 23 Jun 2025 20:52:19 GMT'), (b'Content-Type', b'application/json'), (b'Content-Length', b'23'), (b'Connection', b'keep-alive'), (b'Strict-Transport-Security', b'max-age=31536000; includeSubDomains; preload'), (b'Access-Control-Allow-Origin', b'*'), (b'Access-Control-Allow-Methods', b'GET, POST, OPTIONS'), (b'Access-Control-Expose-Headers', b'Content-Length,Content-Type,Date,Server,Connection')])
2025-06-23 21:52:19,950 - httpx - INFO - HTTP Request: POST https://api.telegram.org/bot7707158318:AAE8rWa4Q8Z_3avql6K0HAmXaooZAReoNF0/getUpdates "HTTP/1.1 200 OK"
2025-06-23 21:52:19,950 - httpcore.http11 - DEBUG - receive_response_body.started request=<Request [b'POST']>
2025-06-23 21:52:19,950 - httpcore.http11 - DEBUG - receive_response_body.complete
2025-06-23 21:52:19,950 - httpcore.http11 - DEBUG - response_closed.started
2025-06-23 21:52:19,951 - httpcore.http11 - DEBUG - response_closed.complete
2025-06-23 21:52:19,951 - telegram.ext.ExtBot - DEBUG - No new updates found.
2025-06-23 21:52:19,951 - telegram.ext.ExtBot - DEBUG - ()
2025-06-23 21:52:19,951 - telegram.ext.ExtBot - DEBUG - Exiting: get_updates
2025-06-23 21:52:19,951 - telegram.ext.ExtBot - DEBUG - Entering: get_updates
2025-06-23 21:52:19,953 - httpcore.http11 - DEBUG - send_request_headers.started request=<Request [b'POST']>
2025-06-23 21:52:19,953 - httpcore.http11 - DEBUG - send_request_headers.complete
2025-06-23 21:52:19,954 - httpcore.http11 - DEBUG - send_request_body.started request=<Request [b'POST']>
2025-06-23 21:52:19,954 - httpcore.http11 - DEBUG - send_request_body.complete
2025-06-23 21:52:19,954 - httpcore.http11 - DEBUG - receive_response_headers.started request=<Request [b'POST']>
2025-06-23 21:52:30,192 - httpcore.http11 - DEBUG - receive_response_headers.complete return_value=(b'HTTP/1.1', 200, b'OK', [(b'Server', b'nginx/1.18.0'), (b'Date', b'Mon, 23 Jun 2025 20:52:30 GMT'), (b'Content-Type', b'application/json'), (b'Content-Length', b'23'), (b'Connection', b'keep-alive'), (b'Strict-Transport-Security', b'max-age=31536000; includeSubDomains; preload'), (b'Access-Control-Allow-Origin', b'*'), (b'Access-Control-Allow-Methods', b'GET, POST, OPTIONS'), (b'Access-Control-Expose-Headers', b'Content-Length,Content-Type,Date,Server,Connection')])
2025-06-23 21:52:30,193 - httpx - INFO - HTTP Request: POST https://api.telegram.org/bot7707158318:AAE8rWa4Q8Z_3avql6K0HAmXaooZAReoNF0/getUpdates "HTTP/1.1 200 OK"
2025-06-23 21:52:30,194 - httpcore.http11 - DEBUG - receive_response_body.started request=<Request [b'POST']>
2025-06-23 21:52:30,194 - httpcore.http11 - DEBUG - receive_response_body.complete
2025-06-23 21:52:30,196 - httpcore.http11 - DEBUG - response_closed.started
2025-06-23 21:52:30,196 - httpcore.http11 - DEBUG - response_closed.complete
2025-06-23 21:52:30,197 - telegram.ext.ExtBot - DEBUG - No new updates found.
2025-06-23 21:52:30,197 - telegram.ext.ExtBot - DEBUG - ()
2025-06-23 21:52:30,198 - telegram.ext.ExtBot - DEBUG - Exiting: get_updates
2025-06-23 21:52:30,198 - telegram.ext.ExtBot - DEBUG - Entering: get_updates
2025-06-23 21:52:30,199 - httpcore.http11 - DEBUG - send_request_headers.started request=<Request [b'POST']>
2025-06-23 21:52:30,199 - httpcore.http11 - DEBUG - send_request_headers.complete
2025-06-23 21:52:30,199 - httpcore.http11 - DEBUG - send_request_body.started request=<Request [b'POST']>
2025-06-23 21:52:30,202 - httpcore.http11 - DEBUG - send_request_body.complete
2025-06-23 21:52:30,202 - httpcore.http11 - DEBUG - receive_response_headers.started request=<Request [b'POST']>
2025-06-23 21:52:40,498 - httpcore.http11 - DEBUG - receive_response_headers.complete return_value=(b'HTTP/1.1', 200, b'OK', [(b'Server', b'nginx/1.18.0'), (b'Date', b'Mon, 23 Jun 2025 20:52:40 GMT'), (b'Content-Type', b'application/json'), (b'Content-Length', b'23'), (b'Connection', b'keep-alive'), (b'Strict-Transport-Security', b'max-age=31536000; includeSubDomains; preload'), (b'Access-Control-Allow-Origin', b'*'), (b'Access-Control-Allow-Methods', b'GET, POST, OPTIONS'), (b'Access-Control-Expose-Headers', b'Content-Length,Content-Type,Date,Server,Connection')])
2025-06-23 21:52:40,498 - httpx - INFO - HTTP Request: POST https://api.telegram.org/bot7707158318:AAE8rWa4Q8Z_3avql6K0HAmXaooZAReoNF0/getUpdates "HTTP/1.1 200 OK"
2025-06-23 21:52:40,502 - httpcore.http11 - DEBUG - receive_response_body.started request=<Request [b'POST']>
2025-06-23 21:52:40,502 - httpcore.http11 - DEBUG - receive_response_body.complete
2025-06-23 21:52:40,502 - httpcore.http11 - DEBUG - response_closed.started
2025-06-23 21:52:40,503 - httpcore.http11 - DEBUG - response_closed.complete
2025-06-23 21:52:40,504 - telegram.ext.ExtBot - DEBUG - No new updates found.
2025-06-23 21:52:40,504 - telegram.ext.ExtBot - DEBUG - ()
2025-06-23 21:52:40,504 - telegram.ext.ExtBot - DEBUG - Exiting: get_updates
2025-06-23 21:52:40,504 - telegram.ext.ExtBot - DEBUG - Entering: get_updates
2025-06-23 21:52:40,505 - httpcore.http11 - DEBUG - send_request_headers.started request=<Request [b'POST']>
2025-06-23 21:52:40,505 - httpcore.http11 - DEBUG - send_request_headers.complete
2025-06-23 21:52:40,507 - httpcore.http11 - DEBUG - send_request_body.started request=<Request [b'POST']>
2025-06-23 21:52:40,507 - httpcore.http11 - DEBUG - send_request_body.complete
2025-06-23 21:52:40,507 - httpcore.http11 - DEBUG - receive_response_headers.started request=<Request [b'POST']>
2025-06-23 21:52:50,598 - httpcore.http11 - DEBUG - receive_response_headers.complete return_value=(b'HTTP/1.1', 200, b'OK', [(b'Server', b'nginx/1.18.0'), (b'Date', b'Mon, 23 Jun 2025 20:52:50 GMT'), (b'Content-Type', b'application/json'), (b'Content-Length', b'23'), (b'Connection', b'keep-alive'), (b'Strict-Transport-Security', b'max-age=31536000; includeSubDomains; preload'), (b'Access-Control-Allow-Origin', b'*'), (b'Access-Control-Allow-Methods', b'GET, POST, OPTIONS'), (b'Access-Control-Expose-Headers', b'Content-Length,Content-Type,Date,Server,Connection')])
2025-06-23 21:52:50,598 - httpx - INFO - HTTP Request: POST https://api.telegram.org/bot7707158318:AAE8rWa4Q8Z_3avql6K0HAmXaooZAReoNF0/getUpdates "HTTP/1.1 200 OK"
2025-06-23 21:52:50,598 - httpcore.http11 - DEBUG - receive_response_body.started request=<Request [b'POST']>
2025-06-23 21:52:50,598 - httpcore.http11 - DEBUG - receive_response_body.complete
2025-06-23 21:52:50,598 - httpcore.http11 - DEBUG - response_closed.started
2025-06-23 21:52:50,598 - httpcore.http11 - DEBUG - response_closed.complete
2025-06-23 21:52:50,598 - telegram.ext.ExtBot - DEBUG - No new updates found.
2025-06-23 21:52:50,598 - telegram.ext.ExtBot - DEBUG - ()
2025-06-23 21:52:50,598 - telegram.ext.ExtBot - DEBUG - Exiting: get_updates
2025-06-23 21:52:50,598 - telegram.ext.ExtBot - DEBUG - Entering: get_updates
2025-06-23 21:52:50,598 - httpcore.http11 - DEBUG - send_request_headers.started request=<Request [b'POST']>
2025-06-23 21:52:50,603 - httpcore.http11 - DEBUG - send_request_headers.complete
2025-06-23 21:52:50,603 - httpcore.http11 - DEBUG - send_request_body.started request=<Request [b'POST']>
2025-06-23 21:52:50,604 - httpcore.http11 - DEBUG - send_request_body.complete
2025-06-23 21:52:50,604 - httpcore.http11 - DEBUG - receive_response_headers.started request=<Request [b'POST']>
2025-06-23 21:53:00,698 - httpcore.http11 - DEBUG - receive_response_headers.complete return_value=(b'HTTP/1.1', 200, b'OK', [(b'Server', b'nginx/1.18.0'), (b'Date', b'Mon, 23 Jun 2025 20:53:00 GMT'), (b'Content-Type', b'application/json'), (b'Content-Length', b'23'), (b'Connection', b'keep-alive'), (b'Strict-Transport-Security', b'max-age=31536000; includeSubDomains; preload'), (b'Access-Control-Allow-Origin', b'*'), (b'Access-Control-Allow-Methods', b'GET, POST, OPTIONS'), (b'Access-Control-Expose-Headers', b'Content-Length,Content-Type,Date,Server,Connection')])
2025-06-23 21:53:00,702 - httpx - INFO - HTTP Request: POST https://api.telegram.org/bot7707158318:AAE8rWa4Q8Z_3avql6K0HAmXaooZAReoNF0/getUpdates "HTTP/1.1 200 OK"
2025-06-23 21:53:00,704 - httpcore.http11 - DEBUG - receive_response_body.started request=<Request [b'POST']>
2025-06-23 21:53:00,705 - httpcore.http11 - DEBUG - receive_response_body.complete
2025-06-23 21:53:00,706 - httpcore.http11 - DEBUG - response_closed.started
2025-06-23 21:53:00,706 - httpcore.http11 - DEBUG - response_closed.complete
2025-06-23 21:53:00,706 - telegram.ext.ExtBot - DEBUG - No new updates found.
2025-06-23 21:53:00,706 - telegram.ext.ExtBot - DEBUG - ()
2025-06-23 21:53:00,706 - telegram.ext.ExtBot - DEBUG - Exiting: get_updates
2025-06-23 21:53:00,706 - telegram.ext.ExtBot - DEBUG - Entering: get_updates
2025-06-23 21:53:00,708 - httpcore.http11 - DEBUG - send_request_headers.started request=<Request [b'POST']>
2025-06-23 21:53:00,710 - httpcore.http11 - DEBUG - send_request_headers.complete
2025-06-23 21:53:00,710 - httpcore.http11 - DEBUG - send_request_body.started request=<Request [b'POST']>
2025-06-23 21:53:00,711 - httpcore.http11 - DEBUG - send_request_body.complete
2025-06-23 21:53:00,711 - httpcore.http11 - DEBUG - receive_response_headers.started request=<Request [b'POST']>
2025-06-23 21:53:10,875 - httpcore.http11 - DEBUG - receive_response_headers.complete return_value=(b'HTTP/1.1', 200, b'OK', [(b'Server', b'nginx/1.18.0'), (b'Date', b'Mon, 23 Jun 2025 20:53:10 GMT'), (b'Content-Type', b'application/json'), (b'Content-Length', b'23'), (b'Connection', b'keep-alive'), (b'Strict-Transport-Security', b'max-age=31536000; includeSubDomains; preload'), (b'Access-Control-Allow-Origin', b'*'), (b'Access-Control-Allow-Methods', b'GET, POST, OPTIONS'), (b'Access-Control-Expose-Headers', b'Content-Length,Content-Type,Date,Server,Connection')])
2025-06-23 21:53:10,876 - httpx - INFO - HTTP Request: POST https://api.telegram.org/bot7707158318:AAE8rWa4Q8Z_3avql6K0HAmXaooZAReoNF0/getUpdates "HTTP/1.1 200 OK"
2025-06-23 21:53:10,876 - httpcore.http11 - DEBUG - receive_response_body.started request=<Request [b'POST']>
2025-06-23 21:53:10,876 - httpcore.http11 - DEBUG - receive_response_body.complete
2025-06-23 21:53:10,878 - httpcore.http11 - DEBUG - response_closed.started
2025-06-23 21:53:10,878 - httpcore.http11 - DEBUG - response_closed.complete
2025-06-23 21:53:10,879 - telegram.ext.ExtBot - DEBUG - No new updates found.
2025-06-23 21:53:10,879 - telegram.ext.ExtBot - DEBUG - ()
2025-06-23 21:53:10,879 - telegram.ext.ExtBot - DEBUG - Exiting: get_updates
2025-06-23 21:53:10,879 - telegram.ext.ExtBot - DEBUG - Entering: get_updates
2025-06-23 21:53:10,881 - httpcore.http11 - DEBUG - send_request_headers.started request=<Request [b'POST']>
2025-06-23 21:53:10,881 - httpcore.http11 - DEBUG - send_request_headers.complete
2025-06-23 21:53:10,881 - httpcore.http11 - DEBUG - send_request_body.started request=<Request [b'POST']>
2025-06-23 21:53:10,881 - httpcore.http11 - DEBUG - send_request_body.complete
2025-06-23 21:53:10,881 - httpcore.http11 - DEBUG - receive_response_headers.started request=<Request [b'POST']>
2025-06-23 21:53:20,969 - httpcore.http11 - DEBUG - receive_response_headers.complete return_value=(b'HTTP/1.1', 200, b'OK', [(b'Server', b'nginx/1.18.0'), (b'Date', b'Mon, 23 Jun 2025 20:53:20 GMT'), (b'Content-Type', b'application/json'), (b'Content-Length', b'23'), (b'Connection', b'keep-alive'), (b'Strict-Transport-Security', b'max-age=31536000; includeSubDomains; preload'), (b'Access-Control-Allow-Origin', b'*'), (b'Access-Control-Allow-Methods', b'GET, POST, OPTIONS'), (b'Access-Control-Expose-Headers', b'Content-Length,Content-Type,Date,Server,Connection')])
2025-06-23 21:53:20,969 - httpx - INFO - HTTP Request: POST https://api.telegram.org/bot7707158318:AAE8rWa4Q8Z_3avql6K0HAmXaooZAReoNF0/getUpdates "HTTP/1.1 200 OK"
2025-06-23 21:53:20,972 - httpcore.http11 - DEBUG - receive_response_body.started request=<Request [b'POST']>
2025-06-23 21:53:20,972 - httpcore.http11 - DEBUG - receive_response_body.complete
2025-06-23 21:53:20,972 - httpcore.http11 - DEBUG - response_closed.started
2025-06-23 21:53:20,972 - httpcore.http11 - DEBUG - response_closed.complete
2025-06-23 21:53:20,972 - telegram.ext.ExtBot - DEBUG - No new updates found.
2025-06-23 21:53:20,973 - telegram.ext.ExtBot - DEBUG - ()
2025-06-23 21:53:20,973 - telegram.ext.ExtBot - DEBUG - Exiting: get_updates
2025-06-23 21:53:20,973 - telegram.ext.ExtBot - DEBUG - Entering: get_updates
2025-06-23 21:53:20,973 - httpcore.http11 - DEBUG - send_request_headers.started request=<Request [b'POST']>
2025-06-23 21:53:20,973 - httpcore.http11 - DEBUG - send_request_headers.complete
2025-06-23 21:53:20,975 - httpcore.http11 - DEBUG - send_request_body.started request=<Request [b'POST']>
2025-06-23 21:53:20,975 - httpcore.http11 - DEBUG - send_request_body.complete
2025-06-23 21:53:20,975 - httpcore.http11 - DEBUG - receive_response_headers.started request=<Request [b'POST']>
2025-06-23 21:53:31,219 - httpcore.http11 - DEBUG - receive_response_headers.complete return_value=(b'HTTP/1.1', 200, b'OK', [(b'Server', b'nginx/1.18.0'), (b'Date', b'Mon, 23 Jun 2025 20:53:31 GMT'), (b'Content-Type', b'application/json'), (b'Content-Length', b'23'), (b'Connection', b'keep-alive'), (b'Strict-Transport-Security', b'max-age=31536000; includeSubDomains; preload'), (b'Access-Control-Allow-Origin', b'*'), (b'Access-Control-Allow-Methods', b'GET, POST, OPTIONS'), (b'Access-Control-Expose-Headers', b'Content-Length,Content-Type,Date,Server,Connection')])
2025-06-23 21:53:31,221 - httpx - INFO - HTTP Request: POST https://api.telegram.org/bot7707158318:AAE8rWa4Q8Z_3avql6K0HAmXaooZAReoNF0/getUpdates "HTTP/1.1 200 OK"
2025-06-23 21:53:31,222 - httpcore.http11 - DEBUG - receive_response_body.started request=<Request [b'POST']>
2025-06-23 21:53:31,223 - httpcore.http11 - DEBUG - receive_response_body.complete
2025-06-23 21:53:31,223 - httpcore.http11 - DEBUG - response_closed.started
2025-06-23 21:53:31,224 - httpcore.http11 - DEBUG - response_closed.complete
2025-06-23 21:53:31,224 - telegram.ext.ExtBot - DEBUG - No new updates found.
2025-06-23 21:53:31,224 - telegram.ext.ExtBot - DEBUG - ()
2025-06-23 21:53:31,224 - telegram.ext.ExtBot - DEBUG - Exiting: get_updates
2025-06-23 21:53:31,224 - telegram.ext.ExtBot - DEBUG - Entering: get_updates
2025-06-23 21:53:31,225 - httpcore.http11 - DEBUG - send_request_headers.started request=<Request [b'POST']>
2025-06-23 21:53:31,225 - httpcore.http11 - DEBUG - send_request_headers.complete
2025-06-23 21:53:31,225 - httpcore.http11 - DEBUG - send_request_body.started request=<Request [b'POST']>
2025-06-23 21:53:31,228 - httpcore.http11 - DEBUG - send_request_body.complete
2025-06-23 21:53:31,228 - httpcore.http11 - DEBUG - receive_response_headers.started request=<Request [b'POST']>
2025-06-23 21:53:41,329 - httpcore.http11 - DEBUG - receive_response_headers.complete return_value=(b'HTTP/1.1', 200, b'OK', [(b'Server', b'nginx/1.18.0'), (b'Date', b'Mon, 23 Jun 2025 20:53:41 GMT'), (b'Content-Type', b'application/json'), (b'Content-Length', b'23'), (b'Connection', b'keep-alive'), (b'Strict-Transport-Security', b'max-age=31536000; includeSubDomains; preload'), (b'Access-Control-Allow-Origin', b'*'), (b'Access-Control-Allow-Methods', b'GET, POST, OPTIONS'), (b'Access-Control-Expose-Headers', b'Content-Length,Content-Type,Date,Server,Connection')])
2025-06-23 21:53:41,331 - httpx - INFO - HTTP Request: POST https://api.telegram.org/bot7707158318:AAE8rWa4Q8Z_3avql6K0HAmXaooZAReoNF0/getUpdates "HTTP/1.1 200 OK"
2025-06-23 21:53:41,331 - httpcore.http11 - DEBUG - receive_response_body.started request=<Request [b'POST']>
2025-06-23 21:53:41,331 - httpcore.http11 - DEBUG - receive_response_body.complete
2025-06-23 21:53:41,333 - httpcore.http11 - DEBUG - response_closed.started
2025-06-23 21:53:41,333 - httpcore.http11 - DEBUG - response_closed.complete
2025-06-23 21:53:41,334 - telegram.ext.ExtBot - DEBUG - No new updates found.
2025-06-23 21:53:41,334 - telegram.ext.ExtBot - DEBUG - ()
2025-06-23 21:53:41,334 - telegram.ext.ExtBot - DEBUG - Exiting: get_updates
2025-06-23 21:53:41,334 - telegram.ext.ExtBot - DEBUG - Entering: get_updates
2025-06-23 21:53:41,336 - httpcore.http11 - DEBUG - send_request_headers.started request=<Request [b'POST']>
2025-06-23 21:53:41,336 - httpcore.http11 - DEBUG - send_request_headers.complete
2025-06-23 21:53:41,336 - httpcore.http11 - DEBUG - send_request_body.started request=<Request [b'POST']>
2025-06-23 21:53:41,339 - httpcore.http11 - DEBUG - send_request_body.complete
2025-06-23 21:53:41,339 - httpcore.http11 - DEBUG - receive_response_headers.started request=<Request [b'POST']>
2025-06-23 21:53:51,629 - httpcore.http11 - DEBUG - receive_response_headers.complete return_value=(b'HTTP/1.1', 200, b'OK', [(b'Server', b'nginx/1.18.0'), (b'Date', b'Mon, 23 Jun 2025 20:53:51 GMT'), (b'Content-Type', b'application/json'), (b'Content-Length', b'23'), (b'Connection', b'keep-alive'), (b'Strict-Transport-Security', b'max-age=31536000; includeSubDomains; preload'), (b'Access-Control-Allow-Origin', b'*'), (b'Access-Control-Allow-Methods', b'GET, POST, OPTIONS'), (b'Access-Control-Expose-Headers', b'Content-Length,Content-Type,Date,Server,Connection')])
2025-06-23 21:53:51,631 - httpx - INFO - HTTP Request: POST https://api.telegram.org/bot7707158318:AAE8rWa4Q8Z_3avql6K0HAmXaooZAReoNF0/getUpdates "HTTP/1.1 200 OK"
2025-06-23 21:53:51,631 - httpcore.http11 - DEBUG - receive_response_body.started request=<Request [b'POST']>
2025-06-23 21:53:51,631 - httpcore.http11 - DEBUG - receive_response_body.complete
2025-06-23 21:53:51,631 - httpcore.http11 - DEBUG - response_closed.started
2025-06-23 21:53:51,631 - httpcore.http11 - DEBUG - response_closed.complete
2025-06-23 21:53:51,631 - telegram.ext.ExtBot - DEBUG - No new updates found.
2025-06-23 21:53:51,631 - telegram.ext.ExtBot - DEBUG - ()
2025-06-23 21:53:51,633 - telegram.ext.ExtBot - DEBUG - Exiting: get_updates
2025-06-23 21:53:51,633 - telegram.ext.ExtBot - DEBUG - Entering: get_updates
2025-06-23 21:53:51,634 - httpcore.http11 - DEBUG - send_request_headers.started request=<Request [b'POST']>
2025-06-23 21:53:51,634 - httpcore.http11 - DEBUG - send_request_headers.complete
2025-06-23 21:53:51,634 - httpcore.http11 - DEBUG - send_request_body.started request=<Request [b'POST']>
2025-06-23 21:53:51,635 - httpcore.http11 - DEBUG - send_request_body.complete
2025-06-23 21:53:51,635 - httpcore.http11 - DEBUG - receive_response_headers.started request=<Request [b'POST']>
2025-06-23 21:54:01,962 - httpcore.http11 - DEBUG - receive_response_headers.complete return_value=(b'HTTP/1.1', 200, b'OK', [(b'Server', b'nginx/1.18.0'), (b'Date', b'Mon, 23 Jun 2025 20:54:01 GMT'), (b'Content-Type', b'application/json'), (b'Content-Length', b'23'), (b'Connection', b'keep-alive'), (b'Strict-Transport-Security', b'max-age=31536000; includeSubDomains; preload'), (b'Access-Control-Allow-Origin', b'*'), (b'Access-Control-Allow-Methods', b'GET, POST, OPTIONS'), (b'Access-Control-Expose-Headers', b'Content-Length,Content-Type,Date,Server,Connection')])
2025-06-23 21:54:01,964 - httpx - INFO - HTTP Request: POST https://api.telegram.org/bot7707158318:AAE8rWa4Q8Z_3avql6K0HAmXaooZAReoNF0/getUpdates "HTTP/1.1 200 OK"
2025-06-23 21:54:01,964 - httpcore.http11 - DEBUG - receive_response_body.started request=<Request [b'POST']>
2025-06-23 21:54:01,966 - httpcore.http11 - DEBUG - receive_response_body.complete
2025-06-23 21:54:01,966 - httpcore.http11 - DEBUG - response_closed.started
2025-06-23 21:54:01,966 - httpcore.http11 - DEBUG - response_closed.complete
2025-06-23 21:54:01,966 - telegram.ext.ExtBot - DEBUG - No new updates found.
2025-06-23 21:54:01,966 - telegram.ext.ExtBot - DEBUG - ()
2025-06-23 21:54:01,966 - telegram.ext.ExtBot - DEBUG - Exiting: get_updates
2025-06-23 21:54:01,966 - telegram.ext.ExtBot - DEBUG - Entering: get_updates
2025-06-23 21:54:01,970 - httpcore.http11 - DEBUG - send_request_headers.started request=<Request [b'POST']>
2025-06-23 21:54:01,972 - httpcore.http11 - DEBUG - send_request_headers.complete
2025-06-23 21:54:01,972 - httpcore.http11 - DEBUG - send_request_body.started request=<Request [b'POST']>
2025-06-23 21:54:01,972 - httpcore.http11 - DEBUG - send_request_body.complete
2025-06-23 21:54:01,974 - httpcore.http11 - DEBUG - receive_response_headers.started request=<Request [b'POST']>
2025-06-23 21:54:12,109 - httpcore.http11 - DEBUG - receive_response_headers.complete return_value=(b'HTTP/1.1', 200, b'OK', [(b'Server', b'nginx/1.18.0'), (b'Date', b'Mon, 23 Jun 2025 20:54:12 GMT'), (b'Content-Type', b'application/json'), (b'Content-Length', b'23'), (b'Connection', b'keep-alive'), (b'Strict-Transport-Security', b'max-age=31536000; includeSubDomains; preload'), (b'Access-Control-Allow-Origin', b'*'), (b'Access-Control-Allow-Methods', b'GET, POST, OPTIONS'), (b'Access-Control-Expose-Headers', b'Content-Length,Content-Type,Date,Server,Connection')])
2025-06-23 21:54:12,112 - httpx - INFO - HTTP Request: POST https://api.telegram.org/bot7707158318:AAE8rWa4Q8Z_3avql6K0HAmXaooZAReoNF0/getUpdates "HTTP/1.1 200 OK"
2025-06-23 21:54:12,112 - httpcore.http11 - DEBUG - receive_response_body.started request=<Request [b'POST']>
2025-06-23 21:54:12,112 - httpcore.http11 - DEBUG - receive_response_body.complete
2025-06-23 21:54:12,112 - httpcore.http11 - DEBUG - response_closed.started
2025-06-23 21:54:12,112 - httpcore.http11 - DEBUG - response_closed.complete
2025-06-23 21:54:12,116 - telegram.ext.ExtBot - DEBUG - No new updates found.
2025-06-23 21:54:12,116 - telegram.ext.ExtBot - DEBUG - ()
2025-06-23 21:54:12,116 - telegram.ext.ExtBot - DEBUG - Exiting: get_updates
2025-06-23 21:54:12,116 - telegram.ext.ExtBot - DEBUG - Entering: get_updates
2025-06-23 21:54:12,116 - httpcore.http11 - DEBUG - send_request_headers.started request=<Request [b'POST']>
2025-06-23 21:54:12,119 - httpcore.http11 - DEBUG - send_request_headers.complete
2025-06-23 21:54:12,119 - httpcore.http11 - DEBUG - send_request_body.started request=<Request [b'POST']>
2025-06-23 21:54:12,119 - httpcore.http11 - DEBUG - send_request_body.complete
2025-06-23 21:54:12,119 - httpcore.http11 - DEBUG - receive_response_headers.started request=<Request [b'POST']>
2025-06-23 21:54:22,279 - httpcore.http11 - DEBUG - receive_response_headers.complete return_value=(b'HTTP/1.1', 200, b'OK', [(b'Server', b'nginx/1.18.0'), (b'Date', b'Mon, 23 Jun 2025 20:54:22 GMT'), (b'Content-Type', b'application/json'), (b'Content-Length', b'23'), (b'Connection', b'keep-alive'), (b'Strict-Transport-Security', b'max-age=31536000; includeSubDomains; preload'), (b'Access-Control-Allow-Origin', b'*'), (b'Access-Control-Allow-Methods', b'GET, POST, OPTIONS'), (b'Access-Control-Expose-Headers', b'Content-Length,Content-Type,Date,Server,Connection')])
2025-06-23 21:54:22,279 - httpx - INFO - HTTP Request: POST https://api.telegram.org/bot7707158318:AAE8rWa4Q8Z_3avql6K0HAmXaooZAReoNF0/getUpdates "HTTP/1.1 200 OK"
2025-06-23 21:54:22,279 - httpcore.http11 - DEBUG - receive_response_body.started request=<Request [b'POST']>
2025-06-23 21:54:22,280 - httpcore.http11 - DEBUG - receive_response_body.complete
2025-06-23 21:54:22,280 - httpcore.http11 - DEBUG - response_closed.started
2025-06-23 21:54:22,280 - httpcore.http11 - DEBUG - response_closed.complete
2025-06-23 21:54:22,280 - telegram.ext.ExtBot - DEBUG - No new updates found.
2025-06-23 21:54:22,280 - telegram.ext.ExtBot - DEBUG - ()
2025-06-23 21:54:22,280 - telegram.ext.ExtBot - DEBUG - Exiting: get_updates
2025-06-23 21:54:22,280 - telegram.ext.ExtBot - DEBUG - Entering: get_updates
2025-06-23 21:54:22,280 - httpcore.http11 - DEBUG - send_request_headers.started request=<Request [b'POST']>
2025-06-23 21:54:22,283 - httpcore.http11 - DEBUG - send_request_headers.complete
2025-06-23 21:54:22,283 - httpcore.http11 - DEBUG - send_request_body.started request=<Request [b'POST']>
2025-06-23 21:54:22,284 - httpcore.http11 - DEBUG - send_request_body.complete
2025-06-23 21:54:22,284 - httpcore.http11 - DEBUG - receive_response_headers.started request=<Request [b'POST']>
2025-06-23 21:54:32,383 - httpcore.http11 - DEBUG - receive_response_headers.complete return_value=(b'HTTP/1.1', 200, b'OK', [(b'Server', b'nginx/1.18.0'), (b'Date', b'Mon, 23 Jun 2025 20:54:32 GMT'), (b'Content-Type', b'application/json'), (b'Content-Length', b'23'), (b'Connection', b'keep-alive'), (b'Strict-Transport-Security', b'max-age=31536000; includeSubDomains; preload'), (b'Access-Control-Allow-Origin', b'*'), (b'Access-Control-Allow-Methods', b'GET, POST, OPTIONS'), (b'Access-Control-Expose-Headers', b'Content-Length,Content-Type,Date,Server,Connection')])
2025-06-23 21:54:32,383 - httpx - INFO - HTTP Request: POST https://api.telegram.org/bot7707158318:AAE8rWa4Q8Z_3avql6K0HAmXaooZAReoNF0/getUpdates "HTTP/1.1 200 OK"
2025-06-23 21:54:32,385 - httpcore.http11 - DEBUG - receive_response_body.started request=<Request [b'POST']>
2025-06-23 21:54:32,385 - httpcore.http11 - DEBUG - receive_response_body.complete
2025-06-23 21:54:32,385 - httpcore.http11 - DEBUG - response_closed.started
2025-06-23 21:54:32,385 - httpcore.http11 - DEBUG - response_closed.complete
2025-06-23 21:54:32,385 - telegram.ext.ExtBot - DEBUG - No new updates found.
2025-06-23 21:54:32,385 - telegram.ext.ExtBot - DEBUG - ()
2025-06-23 21:54:32,385 - telegram.ext.ExtBot - DEBUG - Exiting: get_updates
2025-06-23 21:54:32,385 - telegram.ext.ExtBot - DEBUG - Entering: get_updates
2025-06-23 21:54:32,390 - httpcore.http11 - DEBUG - send_request_headers.started request=<Request [b'POST']>
2025-06-23 21:54:32,392 - httpcore.http11 - DEBUG - send_request_headers.complete
2025-06-23 21:54:32,392 - httpcore.http11 - DEBUG - send_request_body.started request=<Request [b'POST']>
2025-06-23 21:54:32,392 - httpcore.http11 - DEBUG - send_request_body.complete
2025-06-23 21:54:32,392 - httpcore.http11 - DEBUG - receive_response_headers.started request=<Request [b'POST']>
2025-06-23 21:54:42,709 - httpcore.http11 - DEBUG - receive_response_headers.complete return_value=(b'HTTP/1.1', 200, b'OK', [(b'Server', b'nginx/1.18.0'), (b'Date', b'Mon, 23 Jun 2025 20:54:42 GMT'), (b'Content-Type', b'application/json'), (b'Content-Length', b'23'), (b'Connection', b'keep-alive'), (b'Strict-Transport-Security', b'max-age=31536000; includeSubDomains; preload'), (b'Access-Control-Allow-Origin', b'*'), (b'Access-Control-Allow-Methods', b'GET, POST, OPTIONS'), (b'Access-Control-Expose-Headers', b'Content-Length,Content-Type,Date,Server,Connection')])
2025-06-23 21:54:42,709 - httpx - INFO - HTTP Request: POST https://api.telegram.org/bot7707158318:AAE8rWa4Q8Z_3avql6K0HAmXaooZAReoNF0/getUpdates "HTTP/1.1 200 OK"
2025-06-23 21:54:42,711 - httpcore.http11 - DEBUG - receive_response_body.started request=<Request [b'POST']>
2025-06-23 21:54:42,712 - httpcore.http11 - DEBUG - receive_response_body.complete
2025-06-23 21:54:42,712 - httpcore.http11 - DEBUG - response_closed.started
2025-06-23 21:54:42,713 - httpcore.http11 - DEBUG - response_closed.complete
2025-06-23 21:54:42,713 - telegram.ext.ExtBot - DEBUG - No new updates found.
2025-06-23 21:54:42,713 - telegram.ext.ExtBot - DEBUG - ()
2025-06-23 21:54:42,713 - telegram.ext.ExtBot - DEBUG - Exiting: get_updates
2025-06-23 21:54:42,713 - telegram.ext.ExtBot - DEBUG - Entering: get_updates
2025-06-23 21:54:42,716 - httpcore.http11 - DEBUG - send_request_headers.started request=<Request [b'POST']>
2025-06-23 21:54:42,716 - httpcore.http11 - DEBUG - send_request_headers.complete
2025-06-23 21:54:42,716 - httpcore.http11 - DEBUG - send_request_body.started request=<Request [b'POST']>
2025-06-23 21:54:42,716 - httpcore.http11 - DEBUG - send_request_body.complete
2025-06-23 21:54:42,716 - httpcore.http11 - DEBUG - receive_response_headers.started request=<Request [b'POST']>
2025-06-23 21:54:52,953 - httpcore.http11 - DEBUG - receive_response_headers.complete return_value=(b'HTTP/1.1', 200, b'OK', [(b'Server', b'nginx/1.18.0'), (b'Date', b'Mon, 23 Jun 2025 20:54:52 GMT'), (b'Content-Type', b'application/json'), (b'Content-Length', b'23'), (b'Connection', b'keep-alive'), (b'Strict-Transport-Security', b'max-age=31536000; includeSubDomains; preload'), (b'Access-Control-Allow-Origin', b'*'), (b'Access-Control-Allow-Methods', b'GET, POST, OPTIONS'), (b'Access-Control-Expose-Headers', b'Content-Length,Content-Type,Date,Server,Connection')])
2025-06-23 21:54:52,954 - httpx - INFO - HTTP Request: POST https://api.telegram.org/bot7707158318:AAE8rWa4Q8Z_3avql6K0HAmXaooZAReoNF0/getUpdates "HTTP/1.1 200 OK"
2025-06-23 21:54:52,955 - httpcore.http11 - DEBUG - receive_response_body.started request=<Request [b'POST']>
2025-06-23 21:54:52,955 - httpcore.http11 - DEBUG - receive_response_body.complete
2025-06-23 21:54:52,955 - httpcore.http11 - DEBUG - response_closed.started
2025-06-23 21:54:52,955 - httpcore.http11 - DEBUG - response_closed.complete
2025-06-23 21:54:52,955 - telegram.ext.ExtBot - DEBUG - No new updates found.
2025-06-23 21:54:52,955 - telegram.ext.ExtBot - DEBUG - ()
2025-06-23 21:54:52,955 - telegram.ext.ExtBot - DEBUG - Exiting: get_updates
2025-06-23 21:54:52,955 - telegram.ext.ExtBot - DEBUG - Entering: get_updates
2025-06-23 21:54:52,955 - httpcore.http11 - DEBUG - send_request_headers.started request=<Request [b'POST']>
2025-06-23 21:54:52,955 - httpcore.http11 - DEBUG - send_request_headers.complete
2025-06-23 21:54:52,958 - httpcore.http11 - DEBUG - send_request_body.started request=<Request [b'POST']>
2025-06-23 21:54:52,958 - httpcore.http11 - DEBUG - send_request_body.complete
2025-06-23 21:54:52,958 - httpcore.http11 - DEBUG - receive_response_headers.started request=<Request [b'POST']>
2025-06-23 21:55:03,197 - httpcore.http11 - DEBUG - receive_response_headers.complete return_value=(b'HTTP/1.1', 200, b'OK', [(b'Server', b'nginx/1.18.0'), (b'Date', b'Mon, 23 Jun 2025 20:55:03 GMT'), (b'Content-Type', b'application/json'), (b'Content-Length', b'23'), (b'Connection', b'keep-alive'), (b'Strict-Transport-Security', b'max-age=31536000; includeSubDomains; preload'), (b'Access-Control-Allow-Origin', b'*'), (b'Access-Control-Allow-Methods', b'GET, POST, OPTIONS'), (b'Access-Control-Expose-Headers', b'Content-Length,Content-Type,Date,Server,Connection')])
2025-06-23 21:55:03,198 - httpx - INFO - HTTP Request: POST https://api.telegram.org/bot7707158318:AAE8rWa4Q8Z_3avql6K0HAmXaooZAReoNF0/getUpdates "HTTP/1.1 200 OK"
2025-06-23 21:55:03,198 - httpcore.http11 - DEBUG - receive_response_body.started request=<Request [b'POST']>
2025-06-23 21:55:03,198 - httpcore.http11 - DEBUG - receive_response_body.complete
2025-06-23 21:55:03,198 - httpcore.http11 - DEBUG - response_closed.started
2025-06-23 21:55:03,201 - httpcore.http11 - DEBUG - response_closed.complete
2025-06-23 21:55:03,201 - telegram.ext.ExtBot - DEBUG - No new updates found.
2025-06-23 21:55:03,201 - telegram.ext.ExtBot - DEBUG - ()
2025-06-23 21:55:03,201 - telegram.ext.ExtBot - DEBUG - Exiting: get_updates
2025-06-23 21:55:03,202 - telegram.ext.ExtBot - DEBUG - Entering: get_updates
2025-06-23 21:55:03,204 - httpcore.http11 - DEBUG - send_request_headers.started request=<Request [b'POST']>
2025-06-23 21:55:03,204 - httpcore.http11 - DEBUG - send_request_headers.complete
2025-06-23 21:55:03,204 - httpcore.http11 - DEBUG - send_request_body.started request=<Request [b'POST']>
2025-06-23 21:55:03,205 - httpcore.http11 - DEBUG - send_request_body.complete
2025-06-23 21:55:03,205 - httpcore.http11 - DEBUG - receive_response_headers.started request=<Request [b'POST']>
2025-06-23 21:55:13,299 - httpcore.http11 - DEBUG - receive_response_headers.complete return_value=(b'HTTP/1.1', 200, b'OK', [(b'Server', b'nginx/1.18.0'), (b'Date', b'Mon, 23 Jun 2025 20:55:13 GMT'), (b'Content-Type', b'application/json'), (b'Content-Length', b'23'), (b'Connection', b'keep-alive'), (b'Strict-Transport-Security', b'max-age=31536000; includeSubDomains; preload'), (b'Access-Control-Allow-Origin', b'*'), (b'Access-Control-Allow-Methods', b'GET, POST, OPTIONS'), (b'Access-Control-Expose-Headers', b'Content-Length,Content-Type,Date,Server,Connection')])
2025-06-23 21:55:13,304 - httpx - INFO - HTTP Request: POST https://api.telegram.org/bot7707158318:AAE8rWa4Q8Z_3avql6K0HAmXaooZAReoNF0/getUpdates "HTTP/1.1 200 OK"
2025-06-23 21:55:13,305 - httpcore.http11 - DEBUG - receive_response_body.started request=<Request [b'POST']>
2025-06-23 21:55:13,305 - httpcore.http11 - DEBUG - receive_response_body.complete
2025-06-23 21:55:13,305 - httpcore.http11 - DEBUG - response_closed.started
2025-06-23 21:55:13,305 - httpcore.http11 - DEBUG - response_closed.complete
2025-06-23 21:55:13,305 - telegram.ext.ExtBot - DEBUG - No new updates found.
2025-06-23 21:55:13,308 - telegram.ext.ExtBot - DEBUG - ()
2025-06-23 21:55:13,308 - telegram.ext.ExtBot - DEBUG - Exiting: get_updates
2025-06-23 21:55:13,308 - telegram.ext.ExtBot - DEBUG - Entering: get_updates
2025-06-23 21:55:13,308 - httpcore.http11 - DEBUG - send_request_headers.started request=<Request [b'POST']>
2025-06-23 21:55:13,311 - httpcore.http11 - DEBUG - send_request_headers.complete
2025-06-23 21:55:13,311 - httpcore.http11 - DEBUG - send_request_body.started request=<Request [b'POST']>
2025-06-23 21:55:13,312 - httpcore.http11 - DEBUG - send_request_body.complete
2025-06-23 21:55:13,312 - httpcore.http11 - DEBUG - receive_response_headers.started request=<Request [b'POST']>
2025-06-23 21:55:23,610 - httpcore.http11 - DEBUG - receive_response_headers.complete return_value=(b'HTTP/1.1', 200, b'OK', [(b'Server', b'nginx/1.18.0'), (b'Date', b'Mon, 23 Jun 2025 20:55:23 GMT'), (b'Content-Type', b'application/json'), (b'Content-Length', b'23'), (b'Connection', b'keep-alive'), (b'Strict-Transport-Security', b'max-age=31536000; includeSubDomains; preload'), (b'Access-Control-Allow-Origin', b'*'), (b'Access-Control-Allow-Methods', b'GET, POST, OPTIONS'), (b'Access-Control-Expose-Headers', b'Content-Length,Content-Type,Date,Server,Connection')])
2025-06-23 21:55:23,611 - httpx - INFO - HTTP Request: POST https://api.telegram.org/bot7707158318:AAE8rWa4Q8Z_3avql6K0HAmXaooZAReoNF0/getUpdates "HTTP/1.1 200 OK"
2025-06-23 21:55:23,611 - httpcore.http11 - DEBUG - receive_response_body.started request=<Request [b'POST']>
2025-06-23 21:55:23,611 - httpcore.http11 - DEBUG - receive_response_body.complete
2025-06-23 21:55:23,611 - httpcore.http11 - DEBUG - response_closed.started
2025-06-23 21:55:23,611 - httpcore.http11 - DEBUG - response_closed.complete
2025-06-23 21:55:23,612 - telegram.ext.ExtBot - DEBUG - No new updates found.
2025-06-23 21:55:23,612 - telegram.ext.ExtBot - DEBUG - ()
2025-06-23 21:55:23,612 - telegram.ext.ExtBot - DEBUG - Exiting: get_updates
2025-06-23 21:55:23,612 - telegram.ext.ExtBot - DEBUG - Entering: get_updates
2025-06-23 21:55:23,613 - httpcore.http11 - DEBUG - send_request_headers.started request=<Request [b'POST']>
2025-06-23 21:55:23,613 - httpcore.http11 - DEBUG - send_request_headers.complete
2025-06-23 21:55:23,613 - httpcore.http11 - DEBUG - send_request_body.started request=<Request [b'POST']>
2025-06-23 21:55:23,614 - httpcore.http11 - DEBUG - send_request_body.complete
2025-06-23 21:55:23,614 - httpcore.http11 - DEBUG - receive_response_headers.started request=<Request [b'POST']>
2025-06-23 21:55:33,705 - httpcore.http11 - DEBUG - receive_response_headers.complete return_value=(b'HTTP/1.1', 200, b'OK', [(b'Server', b'nginx/1.18.0'), (b'Date', b'Mon, 23 Jun 2025 20:55:33 GMT'), (b'Content-Type', b'application/json'), (b'Content-Length', b'23'), (b'Connection', b'keep-alive'), (b'Strict-Transport-Security', b'max-age=31536000; includeSubDomains; preload'), (b'Access-Control-Allow-Origin', b'*'), (b'Access-Control-Allow-Methods', b'GET, POST, OPTIONS'), (b'Access-Control-Expose-Headers', b'Content-Length,Content-Type,Date,Server,Connection')])
2025-06-23 21:55:33,707 - httpx - INFO - HTTP Request: POST https://api.telegram.org/bot7707158318:AAE8rWa4Q8Z_3avql6K0HAmXaooZAReoNF0/getUpdates "HTTP/1.1 200 OK"
2025-06-23 21:55:33,708 - httpcore.http11 - DEBUG - receive_response_body.started request=<Request [b'POST']>
2025-06-23 21:55:33,708 - httpcore.http11 - DEBUG - receive_response_body.complete
2025-06-23 21:55:33,708 - httpcore.http11 - DEBUG - response_closed.started
2025-06-23 21:55:33,709 - httpcore.http11 - DEBUG - response_closed.complete
2025-06-23 21:55:33,709 - telegram.ext.ExtBot - DEBUG - No new updates found.
2025-06-23 21:55:33,709 - telegram.ext.ExtBot - DEBUG - ()
2025-06-23 21:55:33,709 - telegram.ext.ExtBot - DEBUG - Exiting: get_updates
2025-06-23 21:55:33,709 - telegram.ext.ExtBot - DEBUG - Entering: get_updates
2025-06-23 21:55:33,711 - httpcore.http11 - DEBUG - send_request_headers.started request=<Request [b'POST']>
2025-06-23 21:55:33,712 - httpcore.http11 - DEBUG - send_request_headers.complete
2025-06-23 21:55:33,713 - httpcore.http11 - DEBUG - send_request_body.started request=<Request [b'POST']>
2025-06-23 21:55:33,713 - httpcore.http11 - DEBUG - send_request_body.complete
2025-06-23 21:55:33,714 - httpcore.http11 - DEBUG - receive_response_headers.started request=<Request [b'POST']>
2025-06-23 21:55:43,936 - httpcore.http11 - DEBUG - receive_response_headers.complete return_value=(b'HTTP/1.1', 200, b'OK', [(b'Server', b'nginx/1.18.0'), (b'Date', b'Mon, 23 Jun 2025 20:55:43 GMT'), (b'Content-Type', b'application/json'), (b'Content-Length', b'23'), (b'Connection', b'keep-alive'), (b'Strict-Transport-Security', b'max-age=31536000; includeSubDomains; preload'), (b'Access-Control-Allow-Origin', b'*'), (b'Access-Control-Allow-Methods', b'GET, POST, OPTIONS'), (b'Access-Control-Expose-Headers', b'Content-Length,Content-Type,Date,Server,Connection')])
2025-06-23 21:55:43,937 - httpx - INFO - HTTP Request: POST https://api.telegram.org/bot7707158318:AAE8rWa4Q8Z_3avql6K0HAmXaooZAReoNF0/getUpdates "HTTP/1.1 200 OK"
2025-06-23 21:55:43,938 - httpcore.http11 - DEBUG - receive_response_body.started request=<Request [b'POST']>
2025-06-23 21:55:43,938 - httpcore.http11 - DEBUG - receive_response_body.complete
2025-06-23 21:55:43,938 - httpcore.http11 - DEBUG - response_closed.started
2025-06-23 21:55:43,940 - httpcore.http11 - DEBUG - response_closed.complete
2025-06-23 21:55:43,941 - telegram.ext.ExtBot - DEBUG - No new updates found.
2025-06-23 21:55:43,941 - telegram.ext.ExtBot - DEBUG - ()
2025-06-23 21:55:43,941 - telegram.ext.ExtBot - DEBUG - Exiting: get_updates
2025-06-23 21:55:43,941 - telegram.ext.ExtBot - DEBUG - Entering: get_updates
2025-06-23 21:55:43,944 - httpcore.http11 - DEBUG - send_request_headers.started request=<Request [b'POST']>
2025-06-23 21:55:43,944 - httpcore.http11 - DEBUG - send_request_headers.complete
2025-06-23 21:55:43,944 - httpcore.http11 - DEBUG - send_request_body.started request=<Request [b'POST']>
2025-06-23 21:55:43,944 - httpcore.http11 - DEBUG - send_request_body.complete
2025-06-23 21:55:43,944 - httpcore.http11 - DEBUG - receive_response_headers.started request=<Request [b'POST']>
2025-06-23 21:55:54,229 - httpcore.http11 - DEBUG - receive_response_headers.complete return_value=(b'HTTP/1.1', 200, b'OK', [(b'Server', b'nginx/1.18.0'), (b'Date', b'Mon, 23 Jun 2025 20:55:54 GMT'), (b'Content-Type', b'application/json'), (b'Content-Length', b'23'), (b'Connection', b'close'), (b'Strict-Transport-Security', b'max-age=31536000; includeSubDomains; preload'), (b'Access-Control-Allow-Origin', b'*'), (b'Access-Control-Allow-Methods', b'GET, POST, OPTIONS'), (b'Access-Control-Expose-Headers', b'Content-Length,Content-Type,Date,Server,Connection')])
2025-06-23 21:55:54,229 - httpx - INFO - HTTP Request: POST https://api.telegram.org/bot7707158318:AAE8rWa4Q8Z_3avql6K0HAmXaooZAReoNF0/getUpdates "HTTP/1.1 200 OK"
2025-06-23 21:55:54,231 - httpcore.http11 - DEBUG - receive_response_body.started request=<Request [b'POST']>
2025-06-23 21:55:54,231 - httpcore.http11 - DEBUG - receive_response_body.complete
2025-06-23 21:55:54,231 - httpcore.http11 - DEBUG - response_closed.started
2025-06-23 21:55:54,231 - httpcore.http11 - DEBUG - response_closed.complete
2025-06-23 21:55:54,231 - telegram.ext.ExtBot - DEBUG - No new updates found.
2025-06-23 21:55:54,231 - telegram.ext.ExtBot - DEBUG - ()
2025-06-23 21:55:54,231 - telegram.ext.ExtBot - DEBUG - Exiting: get_updates
2025-06-23 21:55:54,231 - telegram.ext.ExtBot - DEBUG - Entering: get_updates
2025-06-23 21:55:54,234 - httpcore.connection - DEBUG - connect_tcp.started host='api.telegram.org' port=443 local_address=None timeout=5.0 socket_options=None
2025-06-23 21:55:54,435 - httpcore.connection - DEBUG - connect_tcp.complete return_value=<httpcore._backends.anyio.AnyIOStream object at 0x000001C342A6AFE0>
2025-06-23 21:55:54,435 - httpcore.connection - DEBUG - start_tls.started ssl_context=<ssl.SSLContext object at 0x000001C3429C9BC0> server_hostname='api.telegram.org' timeout=5.0
2025-06-23 21:55:54,591 - httpcore.connection - DEBUG - start_tls.complete return_value=<httpcore._backends.anyio.AnyIOStream object at 0x000001C342B416C0>
2025-06-23 21:55:54,591 - httpcore.http11 - DEBUG - send_request_headers.started request=<Request [b'POST']>
2025-06-23 21:55:54,592 - httpcore.http11 - DEBUG - send_request_headers.complete
2025-06-23 21:55:54,592 - httpcore.http11 - DEBUG - send_request_body.started request=<Request [b'POST']>
2025-06-23 21:55:54,592 - httpcore.http11 - DEBUG - send_request_body.complete
2025-06-23 21:55:54,592 - httpcore.http11 - DEBUG - receive_response_headers.started request=<Request [b'POST']>
2025-06-23 21:56:05,006 - httpcore.http11 - DEBUG - receive_response_headers.complete return_value=(b'HTTP/1.1', 200, b'OK', [(b'Server', b'nginx/1.18.0'), (b'Date', b'Mon, 23 Jun 2025 20:56:04 GMT'), (b'Content-Type', b'application/json'), (b'Content-Length', b'23'), (b'Connection', b'keep-alive'), (b'Strict-Transport-Security', b'max-age=31536000; includeSubDomains; preload'), (b'Access-Control-Allow-Origin', b'*'), (b'Access-Control-Allow-Methods', b'GET, POST, OPTIONS'), (b'Access-Control-Expose-Headers', b'Content-Length,Content-Type,Date,Server,Connection')])
2025-06-23 21:56:05,006 - httpx - INFO - HTTP Request: POST https://api.telegram.org/bot7707158318:AAE8rWa4Q8Z_3avql6K0HAmXaooZAReoNF0/getUpdates "HTTP/1.1 200 OK"
2025-06-23 21:56:05,008 - httpcore.http11 - DEBUG - receive_response_body.started request=<Request [b'POST']>
2025-06-23 21:56:05,008 - httpcore.http11 - DEBUG - receive_response_body.complete
2025-06-23 21:56:05,008 - httpcore.http11 - DEBUG - response_closed.started
2025-06-23 21:56:05,008 - httpcore.http11 - DEBUG - response_closed.complete
2025-06-23 21:56:05,008 - telegram.ext.ExtBot - DEBUG - No new updates found.
2025-06-23 21:56:05,008 - telegram.ext.ExtBot - DEBUG - ()
2025-06-23 21:56:05,011 - telegram.ext.ExtBot - DEBUG - Exiting: get_updates
2025-06-23 21:56:05,011 - telegram.ext.ExtBot - DEBUG - Entering: get_updates
2025-06-23 21:56:05,012 - httpcore.http11 - DEBUG - send_request_headers.started request=<Request [b'POST']>
2025-06-23 21:56:05,012 - httpcore.http11 - DEBUG - send_request_headers.complete
2025-06-23 21:56:05,012 - httpcore.http11 - DEBUG - send_request_body.started request=<Request [b'POST']>
2025-06-23 21:56:05,014 - httpcore.http11 - DEBUG - send_request_body.complete
2025-06-23 21:56:05,014 - httpcore.http11 - DEBUG - receive_response_headers.started request=<Request [b'POST']>
2025-06-23 21:56:15,108 - httpcore.http11 - DEBUG - receive_response_headers.complete return_value=(b'HTTP/1.1', 200, b'OK', [(b'Server', b'nginx/1.18.0'), (b'Date', b'Mon, 23 Jun 2025 20:56:15 GMT'), (b'Content-Type', b'application/json'), (b'Content-Length', b'23'), (b'Connection', b'keep-alive'), (b'Strict-Transport-Security', b'max-age=31536000; includeSubDomains; preload'), (b'Access-Control-Allow-Origin', b'*'), (b'Access-Control-Allow-Methods', b'GET, POST, OPTIONS'), (b'Access-Control-Expose-Headers', b'Content-Length,Content-Type,Date,Server,Connection')])
2025-06-23 21:56:15,108 - httpx - INFO - HTTP Request: POST https://api.telegram.org/bot7707158318:AAE8rWa4Q8Z_3avql6K0HAmXaooZAReoNF0/getUpdates "HTTP/1.1 200 OK"
2025-06-23 21:56:15,108 - httpcore.http11 - DEBUG - receive_response_body.started request=<Request [b'POST']>
2025-06-23 21:56:15,111 - httpcore.http11 - DEBUG - receive_response_body.complete
2025-06-23 21:56:15,111 - httpcore.http11 - DEBUG - response_closed.started
2025-06-23 21:56:15,111 - httpcore.http11 - DEBUG - response_closed.complete
2025-06-23 21:56:15,112 - telegram.ext.ExtBot - DEBUG - No new updates found.
2025-06-23 21:56:15,112 - telegram.ext.ExtBot - DEBUG - ()
2025-06-23 21:56:15,112 - telegram.ext.ExtBot - DEBUG - Exiting: get_updates
2025-06-23 21:56:15,113 - telegram.ext.ExtBot - DEBUG - Entering: get_updates
2025-06-23 21:56:15,113 - httpcore.http11 - DEBUG - send_request_headers.started request=<Request [b'POST']>
2025-06-23 21:56:15,113 - httpcore.http11 - DEBUG - send_request_headers.complete
2025-06-23 21:56:15,113 - httpcore.http11 - DEBUG - send_request_body.started request=<Request [b'POST']>
2025-06-23 21:56:15,116 - httpcore.http11 - DEBUG - send_request_body.complete
2025-06-23 21:56:15,116 - httpcore.http11 - DEBUG - receive_response_headers.started request=<Request [b'POST']>
2025-06-23 21:56:25,198 - httpcore.http11 - DEBUG - receive_response_headers.complete return_value=(b'HTTP/1.1', 200, b'OK', [(b'Server', b'nginx/1.18.0'), (b'Date', b'Mon, 23 Jun 2025 20:56:25 GMT'), (b'Content-Type', b'application/json'), (b'Content-Length', b'23'), (b'Connection', b'keep-alive'), (b'Strict-Transport-Security', b'max-age=31536000; includeSubDomains; preload'), (b'Access-Control-Allow-Origin', b'*'), (b'Access-Control-Allow-Methods', b'GET, POST, OPTIONS'), (b'Access-Control-Expose-Headers', b'Content-Length,Content-Type,Date,Server,Connection')])
2025-06-23 21:56:25,201 - httpx - INFO - HTTP Request: POST https://api.telegram.org/bot7707158318:AAE8rWa4Q8Z_3avql6K0HAmXaooZAReoNF0/getUpdates "HTTP/1.1 200 OK"
2025-06-23 21:56:25,201 - httpcore.http11 - DEBUG - receive_response_body.started request=<Request [b'POST']>
2025-06-23 21:56:25,201 - httpcore.http11 - DEBUG - receive_response_body.complete
2025-06-23 21:56:25,201 - httpcore.http11 - DEBUG - response_closed.started
2025-06-23 21:56:25,201 - httpcore.http11 - DEBUG - response_closed.complete
2025-06-23 21:56:25,201 - telegram.ext.ExtBot - DEBUG - No new updates found.
2025-06-23 21:56:25,201 - telegram.ext.ExtBot - DEBUG - ()
2025-06-23 21:56:25,201 - telegram.ext.ExtBot - DEBUG - Exiting: get_updates
2025-06-23 21:56:25,201 - telegram.ext.ExtBot - DEBUG - Entering: get_updates
2025-06-23 21:56:25,201 - httpcore.http11 - DEBUG - send_request_headers.started request=<Request [b'POST']>
2025-06-23 21:56:25,201 - httpcore.http11 - DEBUG - send_request_headers.complete
2025-06-23 21:56:25,201 - httpcore.http11 - DEBUG - send_request_body.started request=<Request [b'POST']>
2025-06-23 21:56:25,204 - httpcore.http11 - DEBUG - send_request_body.complete
2025-06-23 21:56:25,204 - httpcore.http11 - DEBUG - receive_response_headers.started request=<Request [b'POST']>
2025-06-23 21:56:35,293 - httpcore.http11 - DEBUG - receive_response_headers.complete return_value=(b'HTTP/1.1', 200, b'OK', [(b'Server', b'nginx/1.18.0'), (b'Date', b'Mon, 23 Jun 2025 20:56:35 GMT'), (b'Content-Type', b'application/json'), (b'Content-Length', b'23'), (b'Connection', b'keep-alive'), (b'Strict-Transport-Security', b'max-age=31536000; includeSubDomains; preload'), (b'Access-Control-Allow-Origin', b'*'), (b'Access-Control-Allow-Methods', b'GET, POST, OPTIONS'), (b'Access-Control-Expose-Headers', b'Content-Length,Content-Type,Date,Server,Connection')])
2025-06-23 21:56:35,293 - httpx - INFO - HTTP Request: POST https://api.telegram.org/bot7707158318:AAE8rWa4Q8Z_3avql6K0HAmXaooZAReoNF0/getUpdates "HTTP/1.1 200 OK"
2025-06-23 21:56:35,297 - httpcore.http11 - DEBUG - receive_response_body.started request=<Request [b'POST']>
2025-06-23 21:56:35,297 - httpcore.http11 - DEBUG - receive_response_body.complete
2025-06-23 21:56:35,298 - httpcore.http11 - DEBUG - response_closed.started
2025-06-23 21:56:35,299 - httpcore.http11 - DEBUG - response_closed.complete
2025-06-23 21:56:35,299 - telegram.ext.ExtBot - DEBUG - No new updates found.
2025-06-23 21:56:35,299 - telegram.ext.ExtBot - DEBUG - ()
2025-06-23 21:56:35,299 - telegram.ext.ExtBot - DEBUG - Exiting: get_updates
2025-06-23 21:56:35,299 - telegram.ext.ExtBot - DEBUG - Entering: get_updates
2025-06-23 21:56:35,300 - httpcore.http11 - DEBUG - send_request_headers.started request=<Request [b'POST']>
2025-06-23 21:56:35,300 - httpcore.http11 - DEBUG - send_request_headers.complete
2025-06-23 21:56:35,300 - httpcore.http11 - DEBUG - send_request_body.started request=<Request [b'POST']>
2025-06-23 21:56:35,304 - httpcore.http11 - DEBUG - send_request_body.complete
2025-06-23 21:56:35,304 - httpcore.http11 - DEBUG - receive_response_headers.started request=<Request [b'POST']>
2025-06-23 21:56:45,399 - httpcore.http11 - DEBUG - receive_response_headers.complete return_value=(b'HTTP/1.1', 200, b'OK', [(b'Server', b'nginx/1.18.0'), (b'Date', b'Mon, 23 Jun 2025 20:56:45 GMT'), (b'Content-Type', b'application/json'), (b'Content-Length', b'23'), (b'Connection', b'keep-alive'), (b'Strict-Transport-Security', b'max-age=31536000; includeSubDomains; preload'), (b'Access-Control-Allow-Origin', b'*'), (b'Access-Control-Allow-Methods', b'GET, POST, OPTIONS'), (b'Access-Control-Expose-Headers', b'Content-Length,Content-Type,Date,Server,Connection')])
2025-06-23 21:56:45,401 - httpx - INFO - HTTP Request: POST https://api.telegram.org/bot7707158318:AAE8rWa4Q8Z_3avql6K0HAmXaooZAReoNF0/getUpdates "HTTP/1.1 200 OK"
2025-06-23 21:56:45,401 - httpcore.http11 - DEBUG - receive_response_body.started request=<Request [b'POST']>
2025-06-23 21:56:45,401 - httpcore.http11 - DEBUG - receive_response_body.complete
2025-06-23 21:56:45,403 - httpcore.http11 - DEBUG - response_closed.started
2025-06-23 21:56:45,403 - httpcore.http11 - DEBUG - response_closed.complete
2025-06-23 21:56:45,403 - telegram.ext.ExtBot - DEBUG - No new updates found.
2025-06-23 21:56:45,403 - telegram.ext.ExtBot - DEBUG - ()
2025-06-23 21:56:45,403 - telegram.ext.ExtBot - DEBUG - Exiting: get_updates
2025-06-23 21:56:45,403 - telegram.ext.ExtBot - DEBUG - Entering: get_updates
2025-06-23 21:56:45,405 - httpcore.http11 - DEBUG - send_request_headers.started request=<Request [b'POST']>
2025-06-23 21:56:45,405 - httpcore.http11 - DEBUG - send_request_headers.complete
2025-06-23 21:56:45,405 - httpcore.http11 - DEBUG - send_request_body.started request=<Request [b'POST']>
2025-06-23 21:56:45,408 - httpcore.http11 - DEBUG - send_request_body.complete
2025-06-23 21:56:45,408 - httpcore.http11 - DEBUG - receive_response_headers.started request=<Request [b'POST']>
2025-06-23 21:56:55,593 - httpcore.http11 - DEBUG - receive_response_headers.complete return_value=(b'HTTP/1.1', 200, b'OK', [(b'Server', b'nginx/1.18.0'), (b'Date', b'Mon, 23 Jun 2025 20:56:55 GMT'), (b'Content-Type', b'application/json'), (b'Content-Length', b'23'), (b'Connection', b'keep-alive'), (b'Strict-Transport-Security', b'max-age=31536000; includeSubDomains; preload'), (b'Access-Control-Allow-Origin', b'*'), (b'Access-Control-Allow-Methods', b'GET, POST, OPTIONS'), (b'Access-Control-Expose-Headers', b'Content-Length,Content-Type,Date,Server,Connection')])
2025-06-23 21:56:55,593 - httpx - INFO - HTTP Request: POST https://api.telegram.org/bot7707158318:AAE8rWa4Q8Z_3avql6K0HAmXaooZAReoNF0/getUpdates "HTTP/1.1 200 OK"
2025-06-23 21:56:55,597 - httpcore.http11 - DEBUG - receive_response_body.started request=<Request [b'POST']>
2025-06-23 21:56:55,597 - httpcore.http11 - DEBUG - receive_response_body.complete
2025-06-23 21:56:55,597 - httpcore.http11 - DEBUG - response_closed.started
2025-06-23 21:56:55,598 - httpcore.http11 - DEBUG - response_closed.complete
2025-06-23 21:56:55,598 - telegram.ext.ExtBot - DEBUG - No new updates found.
2025-06-23 21:56:55,598 - telegram.ext.ExtBot - DEBUG - ()
2025-06-23 21:56:55,598 - telegram.ext.ExtBot - DEBUG - Exiting: get_updates
2025-06-23 21:56:55,598 - telegram.ext.ExtBot - DEBUG - Entering: get_updates
2025-06-23 21:56:55,598 - httpcore.http11 - DEBUG - send_request_headers.started request=<Request [b'POST']>
2025-06-23 21:56:55,599 - httpcore.http11 - DEBUG - send_request_headers.complete
2025-06-23 21:56:55,599 - httpcore.http11 - DEBUG - send_request_body.started request=<Request [b'POST']>
2025-06-23 21:56:55,600 - httpcore.http11 - DEBUG - send_request_body.complete
2025-06-23 21:56:55,600 - httpcore.http11 - DEBUG - receive_response_headers.started request=<Request [b'POST']>
2025-06-23 21:57:05,682 - httpcore.http11 - DEBUG - receive_response_headers.complete return_value=(b'HTTP/1.1', 200, b'OK', [(b'Server', b'nginx/1.18.0'), (b'Date', b'Mon, 23 Jun 2025 20:57:05 GMT'), (b'Content-Type', b'application/json'), (b'Content-Length', b'23'), (b'Connection', b'keep-alive'), (b'Strict-Transport-Security', b'max-age=31536000; includeSubDomains; preload'), (b'Access-Control-Allow-Origin', b'*'), (b'Access-Control-Allow-Methods', b'GET, POST, OPTIONS'), (b'Access-Control-Expose-Headers', b'Content-Length,Content-Type,Date,Server,Connection')])
2025-06-23 21:57:05,686 - httpx - INFO - HTTP Request: POST https://api.telegram.org/bot7707158318:AAE8rWa4Q8Z_3avql6K0HAmXaooZAReoNF0/getUpdates "HTTP/1.1 200 OK"
2025-06-23 21:57:05,686 - httpcore.http11 - DEBUG - receive_response_body.started request=<Request [b'POST']>
2025-06-23 21:57:05,686 - httpcore.http11 - DEBUG - receive_response_body.complete
2025-06-23 21:57:05,686 - httpcore.http11 - DEBUG - response_closed.started
2025-06-23 21:57:05,686 - httpcore.http11 - DEBUG - response_closed.complete
2025-06-23 21:57:05,686 - telegram.ext.ExtBot - DEBUG - No new updates found.
2025-06-23 21:57:05,688 - telegram.ext.ExtBot - DEBUG - ()
2025-06-23 21:57:05,688 - telegram.ext.ExtBot - DEBUG - Exiting: get_updates
2025-06-23 21:57:05,688 - telegram.ext.ExtBot - DEBUG - Entering: get_updates
2025-06-23 21:57:05,690 - httpcore.http11 - DEBUG - send_request_headers.started request=<Request [b'POST']>
2025-06-23 21:57:05,691 - httpcore.http11 - DEBUG - send_request_headers.complete
2025-06-23 21:57:05,691 - httpcore.http11 - DEBUG - send_request_body.started request=<Request [b'POST']>
2025-06-23 21:57:05,693 - httpcore.http11 - DEBUG - send_request_body.complete
2025-06-23 21:57:05,693 - httpcore.http11 - DEBUG - receive_response_headers.started request=<Request [b'POST']>
2025-06-23 21:57:15,814 - httpcore.http11 - DEBUG - receive_response_headers.complete return_value=(b'HTTP/1.1', 200, b'OK', [(b'Server', b'nginx/1.18.0'), (b'Date', b'Mon, 23 Jun 2025 20:57:15 GMT'), (b'Content-Type', b'application/json'), (b'Content-Length', b'23'), (b'Connection', b'keep-alive'), (b'Strict-Transport-Security', b'max-age=31536000; includeSubDomains; preload'), (b'Access-Control-Allow-Origin', b'*'), (b'Access-Control-Allow-Methods', b'GET, POST, OPTIONS'), (b'Access-Control-Expose-Headers', b'Content-Length,Content-Type,Date,Server,Connection')])
2025-06-23 21:57:15,814 - httpx - INFO - HTTP Request: POST https://api.telegram.org/bot7707158318:AAE8rWa4Q8Z_3avql6K0HAmXaooZAReoNF0/getUpdates "HTTP/1.1 200 OK"
2025-06-23 21:57:15,816 - httpcore.http11 - DEBUG - receive_response_body.started request=<Request [b'POST']>
2025-06-23 21:57:15,816 - httpcore.http11 - DEBUG - receive_response_body.complete
2025-06-23 21:57:15,816 - httpcore.http11 - DEBUG - response_closed.started
2025-06-23 21:57:15,816 - httpcore.http11 - DEBUG - response_closed.complete
2025-06-23 21:57:15,816 - telegram.ext.ExtBot - DEBUG - No new updates found.
2025-06-23 21:57:15,818 - telegram.ext.ExtBot - DEBUG - ()
2025-06-23 21:57:15,818 - telegram.ext.ExtBot - DEBUG - Exiting: get_updates
2025-06-23 21:57:15,818 - telegram.ext.ExtBot - DEBUG - Entering: get_updates
2025-06-23 21:57:15,819 - httpcore.http11 - DEBUG - send_request_headers.started request=<Request [b'POST']>
2025-06-23 21:57:15,821 - httpcore.http11 - DEBUG - send_request_headers.complete
2025-06-23 21:57:15,822 - httpcore.http11 - DEBUG - send_request_body.started request=<Request [b'POST']>
2025-06-23 21:57:15,823 - httpcore.http11 - DEBUG - send_request_body.complete
2025-06-23 21:57:15,823 - httpcore.http11 - DEBUG - receive_response_headers.started request=<Request [b'POST']>
2025-06-23 21:57:25,908 - httpcore.http11 - DEBUG - receive_response_headers.complete return_value=(b'HTTP/1.1', 200, b'OK', [(b'Server', b'nginx/1.18.0'), (b'Date', b'Mon, 23 Jun 2025 20:57:25 GMT'), (b'Content-Type', b'application/json'), (b'Content-Length', b'23'), (b'Connection', b'keep-alive'), (b'Strict-Transport-Security', b'max-age=31536000; includeSubDomains; preload'), (b'Access-Control-Allow-Origin', b'*'), (b'Access-Control-Allow-Methods', b'GET, POST, OPTIONS'), (b'Access-Control-Expose-Headers', b'Content-Length,Content-Type,Date,Server,Connection')])
2025-06-23 21:57:25,908 - httpx - INFO - HTTP Request: POST https://api.telegram.org/bot7707158318:AAE8rWa4Q8Z_3avql6K0HAmXaooZAReoNF0/getUpdates "HTTP/1.1 200 OK"
2025-06-23 21:57:25,911 - httpcore.http11 - DEBUG - receive_response_body.started request=<Request [b'POST']>
2025-06-23 21:57:25,911 - httpcore.http11 - DEBUG - receive_response_body.complete
2025-06-23 21:57:25,911 - httpcore.http11 - DEBUG - response_closed.started
2025-06-23 21:57:25,911 - httpcore.http11 - DEBUG - response_closed.complete
2025-06-23 21:57:25,912 - telegram.ext.ExtBot - DEBUG - No new updates found.
2025-06-23 21:57:25,912 - telegram.ext.ExtBot - DEBUG - ()
2025-06-23 21:57:25,912 - telegram.ext.ExtBot - DEBUG - Exiting: get_updates
2025-06-23 21:57:25,912 - telegram.ext.ExtBot - DEBUG - Entering: get_updates
2025-06-23 21:57:25,912 - httpcore.http11 - DEBUG - send_request_headers.started request=<Request [b'POST']>
2025-06-23 21:57:25,914 - httpcore.http11 - DEBUG - send_request_headers.complete
2025-06-23 21:57:25,914 - httpcore.http11 - DEBUG - send_request_body.started request=<Request [b'POST']>
2025-06-23 21:57:25,914 - httpcore.http11 - DEBUG - send_request_body.complete
2025-06-23 21:57:25,916 - httpcore.http11 - DEBUG - receive_response_headers.started request=<Request [b'POST']>
2025-06-23 21:57:36,148 - httpcore.http11 - DEBUG - receive_response_headers.complete return_value=(b'HTTP/1.1', 200, b'OK', [(b'Server', b'nginx/1.18.0'), (b'Date', b'Mon, 23 Jun 2025 20:57:36 GMT'), (b'Content-Type', b'application/json'), (b'Content-Length', b'23'), (b'Connection', b'keep-alive'), (b'Strict-Transport-Security', b'max-age=31536000; includeSubDomains; preload'), (b'Access-Control-Allow-Origin', b'*'), (b'Access-Control-Allow-Methods', b'GET, POST, OPTIONS'), (b'Access-Control-Expose-Headers', b'Content-Length,Content-Type,Date,Server,Connection')])
2025-06-23 21:57:36,148 - httpx - INFO - HTTP Request: POST https://api.telegram.org/bot7707158318:AAE8rWa4Q8Z_3avql6K0HAmXaooZAReoNF0/getUpdates "HTTP/1.1 200 OK"
2025-06-23 21:57:36,150 - httpcore.http11 - DEBUG - receive_response_body.started request=<Request [b'POST']>
2025-06-23 21:57:36,150 - httpcore.http11 - DEBUG - receive_response_body.complete
2025-06-23 21:57:36,152 - httpcore.http11 - DEBUG - response_closed.started
2025-06-23 21:57:36,152 - httpcore.http11 - DEBUG - response_closed.complete
2025-06-23 21:57:36,153 - telegram.ext.ExtBot - DEBUG - No new updates found.
2025-06-23 21:57:36,153 - telegram.ext.ExtBot - DEBUG - ()
2025-06-23 21:57:36,153 - telegram.ext.ExtBot - DEBUG - Exiting: get_updates
2025-06-23 21:57:36,153 - telegram.ext.ExtBot - DEBUG - Entering: get_updates
2025-06-23 21:57:36,155 - httpcore.http11 - DEBUG - send_request_headers.started request=<Request [b'POST']>
2025-06-23 21:57:36,155 - httpcore.http11 - DEBUG - send_request_headers.complete
2025-06-23 21:57:36,155 - httpcore.http11 - DEBUG - send_request_body.started request=<Request [b'POST']>
2025-06-23 21:57:36,157 - httpcore.http11 - DEBUG - send_request_body.complete
2025-06-23 21:57:36,157 - httpcore.http11 - DEBUG - receive_response_headers.started request=<Request [b'POST']>
2025-06-23 21:57:46,341 - httpcore.http11 - DEBUG - receive_response_headers.complete return_value=(b'HTTP/1.1', 200, b'OK', [(b'Server', b'nginx/1.18.0'), (b'Date', b'Mon, 23 Jun 2025 20:57:46 GMT'), (b'Content-Type', b'application/json'), (b'Content-Length', b'23'), (b'Connection', b'keep-alive'), (b'Strict-Transport-Security', b'max-age=31536000; includeSubDomains; preload'), (b'Access-Control-Allow-Origin', b'*'), (b'Access-Control-Allow-Methods', b'GET, POST, OPTIONS'), (b'Access-Control-Expose-Headers', b'Content-Length,Content-Type,Date,Server,Connection')])
2025-06-23 21:57:46,341 - httpx - INFO - HTTP Request: POST https://api.telegram.org/bot7707158318:AAE8rWa4Q8Z_3avql6K0HAmXaooZAReoNF0/getUpdates "HTTP/1.1 200 OK"
2025-06-23 21:57:46,342 - httpcore.http11 - DEBUG - receive_response_body.started request=<Request [b'POST']>
2025-06-23 21:57:46,343 - httpcore.http11 - DEBUG - receive_response_body.complete
2025-06-23 21:57:46,343 - httpcore.http11 - DEBUG - response_closed.started
2025-06-23 21:57:46,343 - httpcore.http11 - DEBUG - response_closed.complete
2025-06-23 21:57:46,343 - telegram.ext.ExtBot - DEBUG - No new updates found.
2025-06-23 21:57:46,343 - telegram.ext.ExtBot - DEBUG - ()
2025-06-23 21:57:46,343 - telegram.ext.ExtBot - DEBUG - Exiting: get_updates
2025-06-23 21:57:46,343 - telegram.ext.ExtBot - DEBUG - Entering: get_updates
2025-06-23 21:57:46,344 - httpcore.http11 - DEBUG - send_request_headers.started request=<Request [b'POST']>
2025-06-23 21:57:46,344 - httpcore.http11 - DEBUG - send_request_headers.complete
2025-06-23 21:57:46,344 - httpcore.http11 - DEBUG - send_request_body.started request=<Request [b'POST']>
2025-06-23 21:57:46,344 - httpcore.http11 - DEBUG - send_request_body.complete
2025-06-23 21:57:46,344 - httpcore.http11 - DEBUG - receive_response_headers.started request=<Request [b'POST']>
2025-06-23 21:57:56,421 - httpcore.http11 - DEBUG - receive_response_headers.complete return_value=(b'HTTP/1.1', 200, b'OK', [(b'Server', b'nginx/1.18.0'), (b'Date', b'Mon, 23 Jun 2025 20:57:56 GMT'), (b'Content-Type', b'application/json'), (b'Content-Length', b'23'), (b'Connection', b'keep-alive'), (b'Strict-Transport-Security', b'max-age=31536000; includeSubDomains; preload'), (b'Access-Control-Allow-Origin', b'*'), (b'Access-Control-Allow-Methods', b'GET, POST, OPTIONS'), (b'Access-Control-Expose-Headers', b'Content-Length,Content-Type,Date,Server,Connection')])
2025-06-23 21:57:56,422 - httpx - INFO - HTTP Request: POST https://api.telegram.org/bot7707158318:AAE8rWa4Q8Z_3avql6K0HAmXaooZAReoNF0/getUpdates "HTTP/1.1 200 OK"
2025-06-23 21:57:56,422 - httpcore.http11 - DEBUG - receive_response_body.started request=<Request [b'POST']>
2025-06-23 21:57:56,423 - httpcore.http11 - DEBUG - receive_response_body.complete
2025-06-23 21:57:56,423 - httpcore.http11 - DEBUG - response_closed.started
2025-06-23 21:57:56,423 - httpcore.http11 - DEBUG - response_closed.complete
2025-06-23 21:57:56,423 - telegram.ext.ExtBot - DEBUG - No new updates found.
2025-06-23 21:57:56,423 - telegram.ext.ExtBot - DEBUG - ()
2025-06-23 21:57:56,423 - telegram.ext.ExtBot - DEBUG - Exiting: get_updates
2025-06-23 21:57:56,423 - telegram.ext.ExtBot - DEBUG - Entering: get_updates
2025-06-23 21:57:56,423 - httpcore.http11 - DEBUG - send_request_headers.started request=<Request [b'POST']>
2025-06-23 21:57:56,423 - httpcore.http11 - DEBUG - send_request_headers.complete
2025-06-23 21:57:56,426 - httpcore.http11 - DEBUG - send_request_body.started request=<Request [b'POST']>
2025-06-23 21:57:56,426 - httpcore.http11 - DEBUG - send_request_body.complete
2025-06-23 21:57:56,426 - httpcore.http11 - DEBUG - receive_response_headers.started request=<Request [b'POST']>
2025-06-23 21:58:06,548 - httpcore.http11 - DEBUG - receive_response_headers.complete return_value=(b'HTTP/1.1', 200, b'OK', [(b'Server', b'nginx/1.18.0'), (b'Date', b'Mon, 23 Jun 2025 20:58:06 GMT'), (b'Content-Type', b'application/json'), (b'Content-Length', b'23'), (b'Connection', b'keep-alive'), (b'Strict-Transport-Security', b'max-age=31536000; includeSubDomains; preload'), (b'Access-Control-Allow-Origin', b'*'), (b'Access-Control-Allow-Methods', b'GET, POST, OPTIONS'), (b'Access-Control-Expose-Headers', b'Content-Length,Content-Type,Date,Server,Connection')])
2025-06-23 21:58:06,554 - httpx - INFO - HTTP Request: POST https://api.telegram.org/bot7707158318:AAE8rWa4Q8Z_3avql6K0HAmXaooZAReoNF0/getUpdates "HTTP/1.1 200 OK"
2025-06-23 21:58:06,555 - httpcore.http11 - DEBUG - receive_response_body.started request=<Request [b'POST']>
2025-06-23 21:58:06,555 - httpcore.http11 - DEBUG - receive_response_body.complete
2025-06-23 21:58:06,555 - httpcore.http11 - DEBUG - response_closed.started
2025-06-23 21:58:06,555 - httpcore.http11 - DEBUG - response_closed.complete
2025-06-23 21:58:06,555 - telegram.ext.ExtBot - DEBUG - No new updates found.
2025-06-23 21:58:06,557 - telegram.ext.ExtBot - DEBUG - ()
2025-06-23 21:58:06,557 - telegram.ext.ExtBot - DEBUG - Exiting: get_updates
2025-06-23 21:58:06,557 - telegram.ext.ExtBot - DEBUG - Entering: get_updates
2025-06-23 21:58:06,558 - httpcore.http11 - DEBUG - send_request_headers.started request=<Request [b'POST']>
2025-06-23 21:58:06,561 - httpcore.http11 - DEBUG - send_request_headers.complete
2025-06-23 21:58:06,562 - httpcore.http11 - DEBUG - send_request_body.started request=<Request [b'POST']>
2025-06-23 21:58:06,563 - httpcore.http11 - DEBUG - send_request_body.complete
2025-06-23 21:58:06,563 - httpcore.http11 - DEBUG - receive_response_headers.started request=<Request [b'POST']>
2025-06-23 21:58:16,844 - httpcore.http11 - DEBUG - receive_response_headers.complete return_value=(b'HTTP/1.1', 200, b'OK', [(b'Server', b'nginx/1.18.0'), (b'Date', b'Mon, 23 Jun 2025 20:58:16 GMT'), (b'Content-Type', b'application/json'), (b'Content-Length', b'23'), (b'Connection', b'keep-alive'), (b'Strict-Transport-Security', b'max-age=31536000; includeSubDomains; preload'), (b'Access-Control-Allow-Origin', b'*'), (b'Access-Control-Allow-Methods', b'GET, POST, OPTIONS'), (b'Access-Control-Expose-Headers', b'Content-Length,Content-Type,Date,Server,Connection')])
2025-06-23 21:58:16,845 - httpx - INFO - HTTP Request: POST https://api.telegram.org/bot7707158318:AAE8rWa4Q8Z_3avql6K0HAmXaooZAReoNF0/getUpdates "HTTP/1.1 200 OK"
2025-06-23 21:58:16,847 - httpcore.http11 - DEBUG - receive_response_body.started request=<Request [b'POST']>
2025-06-23 21:58:16,848 - httpcore.http11 - DEBUG - receive_response_body.complete
2025-06-23 21:58:16,848 - httpcore.http11 - DEBUG - response_closed.started
2025-06-23 21:58:16,848 - httpcore.http11 - DEBUG - response_closed.complete
2025-06-23 21:58:16,848 - telegram.ext.ExtBot - DEBUG - No new updates found.
2025-06-23 21:58:16,849 - telegram.ext.ExtBot - DEBUG - ()
2025-06-23 21:58:16,849 - telegram.ext.ExtBot - DEBUG - Exiting: get_updates
2025-06-23 21:58:16,849 - telegram.ext.ExtBot - DEBUG - Entering: get_updates
2025-06-23 21:58:16,851 - httpcore.http11 - DEBUG - send_request_headers.started request=<Request [b'POST']>
2025-06-23 21:58:16,852 - httpcore.http11 - DEBUG - send_request_headers.complete
2025-06-23 21:58:16,852 - httpcore.http11 - DEBUG - send_request_body.started request=<Request [b'POST']>
2025-06-23 21:58:16,853 - httpcore.http11 - DEBUG - send_request_body.complete
2025-06-23 21:58:16,853 - httpcore.http11 - DEBUG - receive_response_headers.started request=<Request [b'POST']>
2025-06-23 21:58:27,081 - httpcore.http11 - DEBUG - receive_response_headers.complete return_value=(b'HTTP/1.1', 200, b'OK', [(b'Server', b'nginx/1.18.0'), (b'Date', b'Mon, 23 Jun 2025 20:58:26 GMT'), (b'Content-Type', b'application/json'), (b'Content-Length', b'23'), (b'Connection', b'keep-alive'), (b'Strict-Transport-Security', b'max-age=31536000; includeSubDomains; preload'), (b'Access-Control-Allow-Origin', b'*'), (b'Access-Control-Allow-Methods', b'GET, POST, OPTIONS'), (b'Access-Control-Expose-Headers', b'Content-Length,Content-Type,Date,Server,Connection')])
2025-06-23 21:58:27,083 - httpx - INFO - HTTP Request: POST https://api.telegram.org/bot7707158318:AAE8rWa4Q8Z_3avql6K0HAmXaooZAReoNF0/getUpdates "HTTP/1.1 200 OK"
2025-06-23 21:58:27,086 - httpcore.http11 - DEBUG - receive_response_body.started request=<Request [b'POST']>
2025-06-23 21:58:27,086 - httpcore.http11 - DEBUG - receive_response_body.complete
2025-06-23 21:58:27,086 - httpcore.http11 - DEBUG - response_closed.started
2025-06-23 21:58:27,086 - httpcore.http11 - DEBUG - response_closed.complete
2025-06-23 21:58:27,086 - telegram.ext.ExtBot - DEBUG - No new updates found.
2025-06-23 21:58:27,086 - telegram.ext.ExtBot - DEBUG - ()
2025-06-23 21:58:27,086 - telegram.ext.ExtBot - DEBUG - Exiting: get_updates
2025-06-23 21:58:27,086 - telegram.ext.ExtBot - DEBUG - Entering: get_updates
2025-06-23 21:58:27,089 - httpcore.http11 - DEBUG - send_request_headers.started request=<Request [b'POST']>
2025-06-23 21:58:27,090 - httpcore.http11 - DEBUG - send_request_headers.complete
2025-06-23 21:58:27,090 - httpcore.http11 - DEBUG - send_request_body.started request=<Request [b'POST']>
2025-06-23 21:58:27,090 - httpcore.http11 - DEBUG - send_request_body.complete
2025-06-23 21:58:27,090 - httpcore.http11 - DEBUG - receive_response_headers.started request=<Request [b'POST']>
2025-06-23 21:58:37,359 - httpcore.http11 - DEBUG - receive_response_headers.complete return_value=(b'HTTP/1.1', 200, b'OK', [(b'Server', b'nginx/1.18.0'), (b'Date', b'Mon, 23 Jun 2025 20:58:37 GMT'), (b'Content-Type', b'application/json'), (b'Content-Length', b'23'), (b'Connection', b'keep-alive'), (b'Strict-Transport-Security', b'max-age=31536000; includeSubDomains; preload'), (b'Access-Control-Allow-Origin', b'*'), (b'Access-Control-Allow-Methods', b'GET, POST, OPTIONS'), (b'Access-Control-Expose-Headers', b'Content-Length,Content-Type,Date,Server,Connection')])
2025-06-23 21:58:37,361 - httpx - INFO - HTTP Request: POST https://api.telegram.org/bot7707158318:AAE8rWa4Q8Z_3avql6K0HAmXaooZAReoNF0/getUpdates "HTTP/1.1 200 OK"
2025-06-23 21:58:37,362 - httpcore.http11 - DEBUG - receive_response_body.started request=<Request [b'POST']>
2025-06-23 21:58:37,363 - httpcore.http11 - DEBUG - receive_response_body.complete
2025-06-23 21:58:37,363 - httpcore.http11 - DEBUG - response_closed.started
2025-06-23 21:58:37,364 - httpcore.http11 - DEBUG - response_closed.complete
2025-06-23 21:58:37,364 - telegram.ext.ExtBot - DEBUG - No new updates found.
2025-06-23 21:58:37,365 - telegram.ext.ExtBot - DEBUG - ()
2025-06-23 21:58:37,365 - telegram.ext.ExtBot - DEBUG - Exiting: get_updates
2025-06-23 21:58:37,365 - telegram.ext.ExtBot - DEBUG - Entering: get_updates
2025-06-23 21:58:37,367 - httpcore.http11 - DEBUG - send_request_headers.started request=<Request [b'POST']>
2025-06-23 21:58:37,368 - httpcore.http11 - DEBUG - send_request_headers.complete
2025-06-23 21:58:37,368 - httpcore.http11 - DEBUG - send_request_body.started request=<Request [b'POST']>
2025-06-23 21:58:37,369 - httpcore.http11 - DEBUG - send_request_body.complete
2025-06-23 21:58:37,369 - httpcore.http11 - DEBUG - receive_response_headers.started request=<Request [b'POST']>
2025-06-23 21:58:47,478 - httpcore.http11 - DEBUG - receive_response_headers.complete return_value=(b'HTTP/1.1', 200, b'OK', [(b'Server', b'nginx/1.18.0'), (b'Date', b'Mon, 23 Jun 2025 20:58:47 GMT'), (b'Content-Type', b'application/json'), (b'Content-Length', b'23'), (b'Connection', b'keep-alive'), (b'Strict-Transport-Security', b'max-age=31536000; includeSubDomains; preload'), (b'Access-Control-Allow-Origin', b'*'), (b'Access-Control-Allow-Methods', b'GET, POST, OPTIONS'), (b'Access-Control-Expose-Headers', b'Content-Length,Content-Type,Date,Server,Connection')])
2025-06-23 21:58:47,479 - httpx - INFO - HTTP Request: POST https://api.telegram.org/bot7707158318:AAE8rWa4Q8Z_3avql6K0HAmXaooZAReoNF0/getUpdates "HTTP/1.1 200 OK"
2025-06-23 21:58:47,480 - httpcore.http11 - DEBUG - receive_response_body.started request=<Request [b'POST']>
2025-06-23 21:58:47,481 - httpcore.http11 - DEBUG - receive_response_body.complete
2025-06-23 21:58:47,481 - httpcore.http11 - DEBUG - response_closed.started
2025-06-23 21:58:47,481 - httpcore.http11 - DEBUG - response_closed.complete
2025-06-23 21:58:47,482 - telegram.ext.ExtBot - DEBUG - No new updates found.
2025-06-23 21:58:47,482 - telegram.ext.ExtBot - DEBUG - ()
2025-06-23 21:58:47,482 - telegram.ext.ExtBot - DEBUG - Exiting: get_updates
2025-06-23 21:58:47,482 - telegram.ext.ExtBot - DEBUG - Entering: get_updates
2025-06-23 21:58:47,484 - httpcore.http11 - DEBUG - send_request_headers.started request=<Request [b'POST']>
2025-06-23 21:58:47,485 - httpcore.http11 - DEBUG - send_request_headers.complete
2025-06-23 21:58:47,485 - httpcore.http11 - DEBUG - send_request_body.started request=<Request [b'POST']>
2025-06-23 21:58:47,486 - httpcore.http11 - DEBUG - send_request_body.complete
2025-06-23 21:58:47,487 - httpcore.http11 - DEBUG - receive_response_headers.started request=<Request [b'POST']>
2025-06-23 21:58:57,598 - httpcore.http11 - DEBUG - receive_response_headers.complete return_value=(b'HTTP/1.1', 200, b'OK', [(b'Server', b'nginx/1.18.0'), (b'Date', b'Mon, 23 Jun 2025 20:58:57 GMT'), (b'Content-Type', b'application/json'), (b'Content-Length', b'23'), (b'Connection', b'keep-alive'), (b'Strict-Transport-Security', b'max-age=31536000; includeSubDomains; preload'), (b'Access-Control-Allow-Origin', b'*'), (b'Access-Control-Allow-Methods', b'GET, POST, OPTIONS'), (b'Access-Control-Expose-Headers', b'Content-Length,Content-Type,Date,Server,Connection')])
2025-06-23 21:58:57,598 - httpx - INFO - HTTP Request: POST https://api.telegram.org/bot7707158318:AAE8rWa4Q8Z_3avql6K0HAmXaooZAReoNF0/getUpdates "HTTP/1.1 200 OK"
2025-06-23 21:58:57,598 - httpcore.http11 - DEBUG - receive_response_body.started request=<Request [b'POST']>
2025-06-23 21:58:57,601 - httpcore.http11 - DEBUG - receive_response_body.complete
2025-06-23 21:58:57,601 - httpcore.http11 - DEBUG - response_closed.started
2025-06-23 21:58:57,601 - httpcore.http11 - DEBUG - response_closed.complete
2025-06-23 21:58:57,601 - telegram.ext.ExtBot - DEBUG - No new updates found.
2025-06-23 21:58:57,601 - telegram.ext.ExtBot - DEBUG - ()
2025-06-23 21:58:57,601 - telegram.ext.ExtBot - DEBUG - Exiting: get_updates
2025-06-23 21:58:57,601 - telegram.ext.ExtBot - DEBUG - Entering: get_updates
2025-06-23 21:58:57,604 - httpcore.http11 - DEBUG - send_request_headers.started request=<Request [b'POST']>
2025-06-23 21:58:57,604 - httpcore.http11 - DEBUG - send_request_headers.complete
2025-06-23 21:58:57,604 - httpcore.http11 - DEBUG - send_request_body.started request=<Request [b'POST']>
2025-06-23 21:58:57,605 - httpcore.http11 - DEBUG - send_request_body.complete
2025-06-23 21:58:57,605 - httpcore.http11 - DEBUG - receive_response_headers.started request=<Request [b'POST']>
2025-06-23 21:59:07,712 - httpcore.http11 - DEBUG - receive_response_headers.complete return_value=(b'HTTP/1.1', 200, b'OK', [(b'Server', b'nginx/1.18.0'), (b'Date', b'Mon, 23 Jun 2025 20:59:07 GMT'), (b'Content-Type', b'application/json'), (b'Content-Length', b'23'), (b'Connection', b'keep-alive'), (b'Strict-Transport-Security', b'max-age=31536000; includeSubDomains; preload'), (b'Access-Control-Allow-Origin', b'*'), (b'Access-Control-Allow-Methods', b'GET, POST, OPTIONS'), (b'Access-Control-Expose-Headers', b'Content-Length,Content-Type,Date,Server,Connection')])
2025-06-23 21:59:07,714 - httpx - INFO - HTTP Request: POST https://api.telegram.org/bot7707158318:AAE8rWa4Q8Z_3avql6K0HAmXaooZAReoNF0/getUpdates "HTTP/1.1 200 OK"
2025-06-23 21:59:07,714 - httpcore.http11 - DEBUG - receive_response_body.started request=<Request [b'POST']>
2025-06-23 21:59:07,716 - httpcore.http11 - DEBUG - receive_response_body.complete
2025-06-23 21:59:07,716 - httpcore.http11 - DEBUG - response_closed.started
2025-06-23 21:59:07,716 - httpcore.http11 - DEBUG - response_closed.complete
2025-06-23 21:59:07,717 - telegram.ext.ExtBot - DEBUG - No new updates found.
2025-06-23 21:59:07,717 - telegram.ext.ExtBot - DEBUG - ()
2025-06-23 21:59:07,717 - telegram.ext.ExtBot - DEBUG - Exiting: get_updates
2025-06-23 21:59:07,717 - telegram.ext.ExtBot - DEBUG - Entering: get_updates
2025-06-23 21:59:07,721 - httpcore.http11 - DEBUG - send_request_headers.started request=<Request [b'POST']>
2025-06-23 21:59:07,722 - httpcore.http11 - DEBUG - send_request_headers.complete
2025-06-23 21:59:07,722 - httpcore.http11 - DEBUG - send_request_body.started request=<Request [b'POST']>
2025-06-23 21:59:07,723 - httpcore.http11 - DEBUG - send_request_body.complete
2025-06-23 21:59:07,723 - httpcore.http11 - DEBUG - receive_response_headers.started request=<Request [b'POST']>
2025-06-23 21:59:17,811 - httpcore.http11 - DEBUG - receive_response_headers.complete return_value=(b'HTTP/1.1', 200, b'OK', [(b'Server', b'nginx/1.18.0'), (b'Date', b'Mon, 23 Jun 2025 20:59:17 GMT'), (b'Content-Type', b'application/json'), (b'Content-Length', b'23'), (b'Connection', b'keep-alive'), (b'Strict-Transport-Security', b'max-age=31536000; includeSubDomains; preload'), (b'Access-Control-Allow-Origin', b'*'), (b'Access-Control-Allow-Methods', b'GET, POST, OPTIONS'), (b'Access-Control-Expose-Headers', b'Content-Length,Content-Type,Date,Server,Connection')])
2025-06-23 21:59:17,813 - httpx - INFO - HTTP Request: POST https://api.telegram.org/bot7707158318:AAE8rWa4Q8Z_3avql6K0HAmXaooZAReoNF0/getUpdates "HTTP/1.1 200 OK"
2025-06-23 21:59:17,813 - httpcore.http11 - DEBUG - receive_response_body.started request=<Request [b'POST']>
2025-06-23 21:59:17,813 - httpcore.http11 - DEBUG - receive_response_body.complete
2025-06-23 21:59:17,813 - httpcore.http11 - DEBUG - response_closed.started
2025-06-23 21:59:17,816 - httpcore.http11 - DEBUG - response_closed.complete
2025-06-23 21:59:17,816 - telegram.ext.ExtBot - DEBUG - No new updates found.
2025-06-23 21:59:17,816 - telegram.ext.ExtBot - DEBUG - ()
2025-06-23 21:59:17,816 - telegram.ext.ExtBot - DEBUG - Exiting: get_updates
2025-06-23 21:59:17,816 - telegram.ext.ExtBot - DEBUG - Entering: get_updates
2025-06-23 21:59:17,819 - httpcore.http11 - DEBUG - send_request_headers.started request=<Request [b'POST']>
2025-06-23 21:59:17,819 - httpcore.http11 - DEBUG - send_request_headers.complete
2025-06-23 21:59:17,819 - httpcore.http11 - DEBUG - send_request_body.started request=<Request [b'POST']>
2025-06-23 21:59:17,821 - httpcore.http11 - DEBUG - send_request_body.complete
2025-06-23 21:59:17,821 - httpcore.http11 - DEBUG - receive_response_headers.started request=<Request [b'POST']>
2025-06-23 21:59:27,903 - httpcore.http11 - DEBUG - receive_response_headers.complete return_value=(b'HTTP/1.1', 200, b'OK', [(b'Server', b'nginx/1.18.0'), (b'Date', b'Mon, 23 Jun 2025 20:59:27 GMT'), (b'Content-Type', b'application/json'), (b'Content-Length', b'23'), (b'Connection', b'keep-alive'), (b'Strict-Transport-Security', b'max-age=31536000; includeSubDomains; preload'), (b'Access-Control-Allow-Origin', b'*'), (b'Access-Control-Allow-Methods', b'GET, POST, OPTIONS'), (b'Access-Control-Expose-Headers', b'Content-Length,Content-Type,Date,Server,Connection')])
2025-06-23 21:59:27,904 - httpx - INFO - HTTP Request: POST https://api.telegram.org/bot7707158318:AAE8rWa4Q8Z_3avql6K0HAmXaooZAReoNF0/getUpdates "HTTP/1.1 200 OK"
2025-06-23 21:59:27,904 - httpcore.http11 - DEBUG - receive_response_body.started request=<Request [b'POST']>
2025-06-23 21:59:27,904 - httpcore.http11 - DEBUG - receive_response_body.complete
2025-06-23 21:59:27,904 - httpcore.http11 - DEBUG - response_closed.started
2025-06-23 21:59:27,904 - httpcore.http11 - DEBUG - response_closed.complete
2025-06-23 21:59:27,905 - telegram.ext.ExtBot - DEBUG - No new updates found.
2025-06-23 21:59:27,905 - telegram.ext.ExtBot - DEBUG - ()
2025-06-23 21:59:27,905 - telegram.ext.ExtBot - DEBUG - Exiting: get_updates
2025-06-23 21:59:27,905 - telegram.ext.ExtBot - DEBUG - Entering: get_updates
2025-06-23 21:59:27,907 - httpcore.http11 - DEBUG - send_request_headers.started request=<Request [b'POST']>
2025-06-23 21:59:27,907 - httpcore.http11 - DEBUG - send_request_headers.complete
2025-06-23 21:59:27,907 - httpcore.http11 - DEBUG - send_request_body.started request=<Request [b'POST']>
2025-06-23 21:59:27,908 - httpcore.http11 - DEBUG - send_request_body.complete
2025-06-23 21:59:27,908 - httpcore.http11 - DEBUG - receive_response_headers.started request=<Request [b'POST']>
2025-06-23 21:59:38,019 - httpcore.http11 - DEBUG - receive_response_headers.complete return_value=(b'HTTP/1.1', 200, b'OK', [(b'Server', b'nginx/1.18.0'), (b'Date', b'Mon, 23 Jun 2025 20:59:38 GMT'), (b'Content-Type', b'application/json'), (b'Content-Length', b'23'), (b'Connection', b'keep-alive'), (b'Strict-Transport-Security', b'max-age=31536000; includeSubDomains; preload'), (b'Access-Control-Allow-Origin', b'*'), (b'Access-Control-Allow-Methods', b'GET, POST, OPTIONS'), (b'Access-Control-Expose-Headers', b'Content-Length,Content-Type,Date,Server,Connection')])
2025-06-23 21:59:38,019 - httpx - INFO - HTTP Request: POST https://api.telegram.org/bot7707158318:AAE8rWa4Q8Z_3avql6K0HAmXaooZAReoNF0/getUpdates "HTTP/1.1 200 OK"
2025-06-23 21:59:38,020 - httpcore.http11 - DEBUG - receive_response_body.started request=<Request [b'POST']>
2025-06-23 21:59:38,020 - httpcore.http11 - DEBUG - receive_response_body.complete
2025-06-23 21:59:38,020 - httpcore.http11 - DEBUG - response_closed.started
2025-06-23 21:59:38,020 - httpcore.http11 - DEBUG - response_closed.complete
2025-06-23 21:59:38,021 - telegram.ext.ExtBot - DEBUG - No new updates found.
2025-06-23 21:59:38,021 - telegram.ext.ExtBot - DEBUG - ()
2025-06-23 21:59:38,021 - telegram.ext.ExtBot - DEBUG - Exiting: get_updates
2025-06-23 21:59:38,021 - telegram.ext.ExtBot - DEBUG - Entering: get_updates
2025-06-23 21:59:38,022 - httpcore.http11 - DEBUG - send_request_headers.started request=<Request [b'POST']>
2025-06-23 21:59:38,023 - httpcore.http11 - DEBUG - send_request_headers.complete
2025-06-23 21:59:38,023 - httpcore.http11 - DEBUG - send_request_body.started request=<Request [b'POST']>
2025-06-23 21:59:38,023 - httpcore.http11 - DEBUG - send_request_body.complete
2025-06-23 21:59:38,023 - httpcore.http11 - DEBUG - receive_response_headers.started request=<Request [b'POST']>
2025-06-23 21:59:48,120 - httpcore.http11 - DEBUG - receive_response_headers.complete return_value=(b'HTTP/1.1', 200, b'OK', [(b'Server', b'nginx/1.18.0'), (b'Date', b'Mon, 23 Jun 2025 20:59:48 GMT'), (b'Content-Type', b'application/json'), (b'Content-Length', b'23'), (b'Connection', b'keep-alive'), (b'Strict-Transport-Security', b'max-age=31536000; includeSubDomains; preload'), (b'Access-Control-Allow-Origin', b'*'), (b'Access-Control-Allow-Methods', b'GET, POST, OPTIONS'), (b'Access-Control-Expose-Headers', b'Content-Length,Content-Type,Date,Server,Connection')])
2025-06-23 21:59:48,121 - httpx - INFO - HTTP Request: POST https://api.telegram.org/bot7707158318:AAE8rWa4Q8Z_3avql6K0HAmXaooZAReoNF0/getUpdates "HTTP/1.1 200 OK"
2025-06-23 21:59:48,122 - httpcore.http11 - DEBUG - receive_response_body.started request=<Request [b'POST']>
2025-06-23 21:59:48,122 - httpcore.http11 - DEBUG - receive_response_body.complete
2025-06-23 21:59:48,123 - httpcore.http11 - DEBUG - response_closed.started
2025-06-23 21:59:48,123 - httpcore.http11 - DEBUG - response_closed.complete
2025-06-23 21:59:48,124 - telegram.ext.ExtBot - DEBUG - No new updates found.
2025-06-23 21:59:48,124 - telegram.ext.ExtBot - DEBUG - ()
2025-06-23 21:59:48,124 - telegram.ext.ExtBot - DEBUG - Exiting: get_updates
2025-06-23 21:59:48,124 - telegram.ext.ExtBot - DEBUG - Entering: get_updates
2025-06-23 21:59:48,130 - httpcore.http11 - DEBUG - send_request_headers.started request=<Request [b'POST']>
2025-06-23 21:59:48,131 - httpcore.http11 - DEBUG - send_request_headers.complete
2025-06-23 21:59:48,131 - httpcore.http11 - DEBUG - send_request_body.started request=<Request [b'POST']>
2025-06-23 21:59:48,132 - httpcore.http11 - DEBUG - send_request_body.complete
2025-06-23 21:59:48,132 - httpcore.http11 - DEBUG - receive_response_headers.started request=<Request [b'POST']>
2025-06-23 21:59:58,319 - httpcore.http11 - DEBUG - receive_response_headers.complete return_value=(b'HTTP/1.1', 200, b'OK', [(b'Server', b'nginx/1.18.0'), (b'Date', b'Mon, 23 Jun 2025 20:59:58 GMT'), (b'Content-Type', b'application/json'), (b'Content-Length', b'23'), (b'Connection', b'keep-alive'), (b'Strict-Transport-Security', b'max-age=31536000; includeSubDomains; preload'), (b'Access-Control-Allow-Origin', b'*'), (b'Access-Control-Allow-Methods', b'GET, POST, OPTIONS'), (b'Access-Control-Expose-Headers', b'Content-Length,Content-Type,Date,Server,Connection')])
2025-06-23 21:59:58,322 - httpx - INFO - HTTP Request: POST https://api.telegram.org/bot7707158318:AAE8rWa4Q8Z_3avql6K0HAmXaooZAReoNF0/getUpdates "HTTP/1.1 200 OK"
2025-06-23 21:59:58,323 - httpcore.http11 - DEBUG - receive_response_body.started request=<Request [b'POST']>
2025-06-23 21:59:58,323 - httpcore.http11 - DEBUG - receive_response_body.complete
2025-06-23 21:59:58,323 - httpcore.http11 - DEBUG - response_closed.started
2025-06-23 21:59:58,323 - httpcore.http11 - DEBUG - response_closed.complete
2025-06-23 21:59:58,323 - telegram.ext.ExtBot - DEBUG - No new updates found.
2025-06-23 21:59:58,326 - telegram.ext.ExtBot - DEBUG - ()
2025-06-23 21:59:58,326 - telegram.ext.ExtBot - DEBUG - Exiting: get_updates
2025-06-23 21:59:58,326 - telegram.ext.ExtBot - DEBUG - Entering: get_updates
2025-06-23 21:59:58,329 - httpcore.http11 - DEBUG - send_request_headers.started request=<Request [b'POST']>
2025-06-23 21:59:58,329 - httpcore.http11 - DEBUG - send_request_headers.complete
2025-06-23 21:59:58,329 - httpcore.http11 - DEBUG - send_request_body.started request=<Request [b'POST']>
2025-06-23 21:59:58,332 - httpcore.http11 - DEBUG - send_request_body.complete
2025-06-23 21:59:58,333 - httpcore.http11 - DEBUG - receive_response_headers.started request=<Request [b'POST']>
2025-06-23 22:00:08,430 - httpcore.http11 - DEBUG - receive_response_headers.complete return_value=(b'HTTP/1.1', 200, b'OK', [(b'Server', b'nginx/1.18.0'), (b'Date', b'Mon, 23 Jun 2025 21:00:08 GMT'), (b'Content-Type', b'application/json'), (b'Content-Length', b'23'), (b'Connection', b'keep-alive'), (b'Strict-Transport-Security', b'max-age=31536000; includeSubDomains; preload'), (b'Access-Control-Allow-Origin', b'*'), (b'Access-Control-Allow-Methods', b'GET, POST, OPTIONS'), (b'Access-Control-Expose-Headers', b'Content-Length,Content-Type,Date,Server,Connection')])
2025-06-23 22:00:08,431 - httpx - INFO - HTTP Request: POST https://api.telegram.org/bot7707158318:AAE8rWa4Q8Z_3avql6K0HAmXaooZAReoNF0/getUpdates "HTTP/1.1 200 OK"
2025-06-23 22:00:08,431 - httpcore.http11 - DEBUG - receive_response_body.started request=<Request [b'POST']>
2025-06-23 22:00:08,431 - httpcore.http11 - DEBUG - receive_response_body.complete
2025-06-23 22:00:08,431 - httpcore.http11 - DEBUG - response_closed.started
2025-06-23 22:00:08,434 - httpcore.http11 - DEBUG - response_closed.complete
2025-06-23 22:00:08,434 - telegram.ext.ExtBot - DEBUG - No new updates found.
2025-06-23 22:00:08,435 - telegram.ext.ExtBot - DEBUG - ()
2025-06-23 22:00:08,435 - telegram.ext.ExtBot - DEBUG - Exiting: get_updates
2025-06-23 22:00:08,435 - telegram.ext.ExtBot - DEBUG - Entering: get_updates
2025-06-23 22:00:08,435 - httpcore.http11 - DEBUG - send_request_headers.started request=<Request [b'POST']>
2025-06-23 22:00:08,437 - httpcore.http11 - DEBUG - send_request_headers.complete
2025-06-23 22:00:08,437 - httpcore.http11 - DEBUG - send_request_body.started request=<Request [b'POST']>
2025-06-23 22:00:08,439 - httpcore.http11 - DEBUG - send_request_body.complete
2025-06-23 22:00:08,439 - httpcore.http11 - DEBUG - receive_response_headers.started request=<Request [b'POST']>
2025-06-23 22:00:18,522 - httpcore.http11 - DEBUG - receive_response_headers.complete return_value=(b'HTTP/1.1', 200, b'OK', [(b'Server', b'nginx/1.18.0'), (b'Date', b'Mon, 23 Jun 2025 21:00:18 GMT'), (b'Content-Type', b'application/json'), (b'Content-Length', b'23'), (b'Connection', b'keep-alive'), (b'Strict-Transport-Security', b'max-age=31536000; includeSubDomains; preload'), (b'Access-Control-Allow-Origin', b'*'), (b'Access-Control-Allow-Methods', b'GET, POST, OPTIONS'), (b'Access-Control-Expose-Headers', b'Content-Length,Content-Type,Date,Server,Connection')])
2025-06-23 22:00:18,523 - httpx - INFO - HTTP Request: POST https://api.telegram.org/bot7707158318:AAE8rWa4Q8Z_3avql6K0HAmXaooZAReoNF0/getUpdates "HTTP/1.1 200 OK"
2025-06-23 22:00:18,523 - httpcore.http11 - DEBUG - receive_response_body.started request=<Request [b'POST']>
2025-06-23 22:00:18,523 - httpcore.http11 - DEBUG - receive_response_body.complete
2025-06-23 22:00:18,525 - httpcore.http11 - DEBUG - response_closed.started
2025-06-23 22:00:18,526 - httpcore.http11 - DEBUG - response_closed.complete
2025-06-23 22:00:18,526 - telegram.ext.ExtBot - DEBUG - No new updates found.
2025-06-23 22:00:18,526 - telegram.ext.ExtBot - DEBUG - ()
2025-06-23 22:00:18,526 - telegram.ext.ExtBot - DEBUG - Exiting: get_updates
2025-06-23 22:00:18,526 - telegram.ext.ExtBot - DEBUG - Entering: get_updates
2025-06-23 22:00:18,528 - httpcore.http11 - DEBUG - send_request_headers.started request=<Request [b'POST']>
2025-06-23 22:00:18,530 - httpcore.http11 - DEBUG - send_request_headers.complete
2025-06-23 22:00:18,530 - httpcore.http11 - DEBUG - send_request_body.started request=<Request [b'POST']>
2025-06-23 22:00:18,531 - httpcore.http11 - DEBUG - send_request_body.complete
2025-06-23 22:00:18,531 - httpcore.http11 - DEBUG - receive_response_headers.started request=<Request [b'POST']>
2025-06-23 22:00:28,648 - httpcore.http11 - DEBUG - receive_response_headers.complete return_value=(b'HTTP/1.1', 200, b'OK', [(b'Server', b'nginx/1.18.0'), (b'Date', b'Mon, 23 Jun 2025 21:00:28 GMT'), (b'Content-Type', b'application/json'), (b'Content-Length', b'23'), (b'Connection', b'keep-alive'), (b'Strict-Transport-Security', b'max-age=31536000; includeSubDomains; preload'), (b'Access-Control-Allow-Origin', b'*'), (b'Access-Control-Allow-Methods', b'GET, POST, OPTIONS'), (b'Access-Control-Expose-Headers', b'Content-Length,Content-Type,Date,Server,Connection')])
2025-06-23 22:00:28,648 - httpx - INFO - HTTP Request: POST https://api.telegram.org/bot7707158318:AAE8rWa4Q8Z_3avql6K0HAmXaooZAReoNF0/getUpdates "HTTP/1.1 200 OK"
2025-06-23 22:00:28,648 - httpcore.http11 - DEBUG - receive_response_body.started request=<Request [b'POST']>
2025-06-23 22:00:28,648 - httpcore.http11 - DEBUG - receive_response_body.complete
2025-06-23 22:00:28,648 - httpcore.http11 - DEBUG - response_closed.started
2025-06-23 22:00:28,648 - httpcore.http11 - DEBUG - response_closed.complete
2025-06-23 22:00:28,648 - telegram.ext.ExtBot - DEBUG - No new updates found.
2025-06-23 22:00:28,648 - telegram.ext.ExtBot - DEBUG - ()
2025-06-23 22:00:28,648 - telegram.ext.ExtBot - DEBUG - Exiting: get_updates
2025-06-23 22:00:28,648 - telegram.ext.ExtBot - DEBUG - Entering: get_updates
2025-06-23 22:00:28,648 - httpcore.http11 - DEBUG - send_request_headers.started request=<Request [b'POST']>
2025-06-23 22:00:28,648 - httpcore.http11 - DEBUG - send_request_headers.complete
2025-06-23 22:00:28,648 - httpcore.http11 - DEBUG - send_request_body.started request=<Request [b'POST']>
2025-06-23 22:00:28,654 - httpcore.http11 - DEBUG - send_request_body.complete
2025-06-23 22:00:28,654 - httpcore.http11 - DEBUG - receive_response_headers.started request=<Request [b'POST']>
2025-06-23 22:00:38,749 - httpcore.http11 - DEBUG - receive_response_headers.complete return_value=(b'HTTP/1.1', 200, b'OK', [(b'Server', b'nginx/1.18.0'), (b'Date', b'Mon, 23 Jun 2025 21:00:38 GMT'), (b'Content-Type', b'application/json'), (b'Content-Length', b'23'), (b'Connection', b'keep-alive'), (b'Strict-Transport-Security', b'max-age=31536000; includeSubDomains; preload'), (b'Access-Control-Allow-Origin', b'*'), (b'Access-Control-Allow-Methods', b'GET, POST, OPTIONS'), (b'Access-Control-Expose-Headers', b'Content-Length,Content-Type,Date,Server,Connection')])
2025-06-23 22:00:38,749 - httpx - INFO - HTTP Request: POST https://api.telegram.org/bot7707158318:AAE8rWa4Q8Z_3avql6K0HAmXaooZAReoNF0/getUpdates "HTTP/1.1 200 OK"
2025-06-23 22:00:38,749 - httpcore.http11 - DEBUG - receive_response_body.started request=<Request [b'POST']>
2025-06-23 22:00:38,749 - httpcore.http11 - DEBUG - receive_response_body.complete
2025-06-23 22:00:38,749 - httpcore.http11 - DEBUG - response_closed.started
2025-06-23 22:00:38,753 - httpcore.http11 - DEBUG - response_closed.complete
2025-06-23 22:00:38,754 - telegram.ext.ExtBot - DEBUG - No new updates found.
2025-06-23 22:00:38,755 - telegram.ext.ExtBot - DEBUG - ()
2025-06-23 22:00:38,755 - telegram.ext.ExtBot - DEBUG - Exiting: get_updates
2025-06-23 22:00:38,755 - telegram.ext.ExtBot - DEBUG - Entering: get_updates
2025-06-23 22:00:38,757 - httpcore.http11 - DEBUG - send_request_headers.started request=<Request [b'POST']>
2025-06-23 22:00:38,757 - httpcore.http11 - DEBUG - send_request_headers.complete
2025-06-23 22:00:38,757 - httpcore.http11 - DEBUG - send_request_body.started request=<Request [b'POST']>
2025-06-23 22:00:38,757 - httpcore.http11 - DEBUG - send_request_body.complete
2025-06-23 22:00:38,757 - httpcore.http11 - DEBUG - receive_response_headers.started request=<Request [b'POST']>
2025-06-23 22:00:48,884 - httpcore.http11 - DEBUG - receive_response_headers.complete return_value=(b'HTTP/1.1', 200, b'OK', [(b'Server', b'nginx/1.18.0'), (b'Date', b'Mon, 23 Jun 2025 21:00:48 GMT'), (b'Content-Type', b'application/json'), (b'Content-Length', b'23'), (b'Connection', b'keep-alive'), (b'Strict-Transport-Security', b'max-age=31536000; includeSubDomains; preload'), (b'Access-Control-Allow-Origin', b'*'), (b'Access-Control-Allow-Methods', b'GET, POST, OPTIONS'), (b'Access-Control-Expose-Headers', b'Content-Length,Content-Type,Date,Server,Connection')])
2025-06-23 22:00:48,885 - httpx - INFO - HTTP Request: POST https://api.telegram.org/bot7707158318:AAE8rWa4Q8Z_3avql6K0HAmXaooZAReoNF0/getUpdates "HTTP/1.1 200 OK"
2025-06-23 22:00:48,887 - httpcore.http11 - DEBUG - receive_response_body.started request=<Request [b'POST']>
2025-06-23 22:00:48,887 - httpcore.http11 - DEBUG - receive_response_body.complete
2025-06-23 22:00:48,887 - httpcore.http11 - DEBUG - response_closed.started
2025-06-23 22:00:48,889 - httpcore.http11 - DEBUG - response_closed.complete
2025-06-23 22:00:48,889 - telegram.ext.ExtBot - DEBUG - No new updates found.
2025-06-23 22:00:48,890 - telegram.ext.ExtBot - DEBUG - ()
2025-06-23 22:00:48,890 - telegram.ext.ExtBot - DEBUG - Exiting: get_updates
2025-06-23 22:00:48,890 - telegram.ext.ExtBot - DEBUG - Entering: get_updates
2025-06-23 22:00:48,891 - httpcore.http11 - DEBUG - send_request_headers.started request=<Request [b'POST']>
2025-06-23 22:00:48,893 - httpcore.http11 - DEBUG - send_request_headers.complete
2025-06-23 22:00:48,893 - httpcore.http11 - DEBUG - send_request_body.started request=<Request [b'POST']>
2025-06-23 22:00:48,893 - httpcore.http11 - DEBUG - send_request_body.complete
2025-06-23 22:00:48,893 - httpcore.http11 - DEBUG - receive_response_headers.started request=<Request [b'POST']>
2025-06-23 22:00:59,110 - httpcore.http11 - DEBUG - receive_response_headers.complete return_value=(b'HTTP/1.1', 200, b'OK', [(b'Server', b'nginx/1.18.0'), (b'Date', b'Mon, 23 Jun 2025 21:00:59 GMT'), (b'Content-Type', b'application/json'), (b'Content-Length', b'23'), (b'Connection', b'keep-alive'), (b'Strict-Transport-Security', b'max-age=31536000; includeSubDomains; preload'), (b'Access-Control-Allow-Origin', b'*'), (b'Access-Control-Allow-Methods', b'GET, POST, OPTIONS'), (b'Access-Control-Expose-Headers', b'Content-Length,Content-Type,Date,Server,Connection')])
2025-06-23 22:00:59,111 - httpx - INFO - HTTP Request: POST https://api.telegram.org/bot7707158318:AAE8rWa4Q8Z_3avql6K0HAmXaooZAReoNF0/getUpdates "HTTP/1.1 200 OK"
2025-06-23 22:00:59,112 - httpcore.http11 - DEBUG - receive_response_body.started request=<Request [b'POST']>
2025-06-23 22:00:59,112 - httpcore.http11 - DEBUG - receive_response_body.complete
2025-06-23 22:00:59,112 - httpcore.http11 - DEBUG - response_closed.started
2025-06-23 22:00:59,112 - httpcore.http11 - DEBUG - response_closed.complete
2025-06-23 22:00:59,112 - telegram.ext.ExtBot - DEBUG - No new updates found.
2025-06-23 22:00:59,112 - telegram.ext.ExtBot - DEBUG - ()
2025-06-23 22:00:59,112 - telegram.ext.ExtBot - DEBUG - Exiting: get_updates
2025-06-23 22:00:59,112 - telegram.ext.ExtBot - DEBUG - Entering: get_updates
2025-06-23 22:00:59,113 - httpcore.http11 - DEBUG - send_request_headers.started request=<Request [b'POST']>
2025-06-23 22:00:59,114 - httpcore.http11 - DEBUG - send_request_headers.complete
2025-06-23 22:00:59,114 - httpcore.http11 - DEBUG - send_request_body.started request=<Request [b'POST']>
2025-06-23 22:00:59,114 - httpcore.http11 - DEBUG - send_request_body.complete
2025-06-23 22:00:59,114 - httpcore.http11 - DEBUG - receive_response_headers.started request=<Request [b'POST']>
2025-06-23 22:01:09,203 - httpcore.http11 - DEBUG - receive_response_headers.complete return_value=(b'HTTP/1.1', 200, b'OK', [(b'Server', b'nginx/1.18.0'), (b'Date', b'Mon, 23 Jun 2025 21:01:09 GMT'), (b'Content-Type', b'application/json'), (b'Content-Length', b'23'), (b'Connection', b'keep-alive'), (b'Strict-Transport-Security', b'max-age=31536000; includeSubDomains; preload'), (b'Access-Control-Allow-Origin', b'*'), (b'Access-Control-Allow-Methods', b'GET, POST, OPTIONS'), (b'Access-Control-Expose-Headers', b'Content-Length,Content-Type,Date,Server,Connection')])
2025-06-23 22:01:09,204 - httpx - INFO - HTTP Request: POST https://api.telegram.org/bot7707158318:AAE8rWa4Q8Z_3avql6K0HAmXaooZAReoNF0/getUpdates "HTTP/1.1 200 OK"
2025-06-23 22:01:09,205 - httpcore.http11 - DEBUG - receive_response_body.started request=<Request [b'POST']>
2025-06-23 22:01:09,205 - httpcore.http11 - DEBUG - receive_response_body.complete
2025-06-23 22:01:09,205 - httpcore.http11 - DEBUG - response_closed.started
2025-06-23 22:01:09,205 - httpcore.http11 - DEBUG - response_closed.complete
2025-06-23 22:01:09,207 - telegram.ext.ExtBot - DEBUG - No new updates found.
2025-06-23 22:01:09,207 - telegram.ext.ExtBot - DEBUG - ()
2025-06-23 22:01:09,207 - telegram.ext.ExtBot - DEBUG - Exiting: get_updates
2025-06-23 22:01:09,207 - telegram.ext.ExtBot - DEBUG - Entering: get_updates
2025-06-23 22:01:09,207 - httpcore.http11 - DEBUG - send_request_headers.started request=<Request [b'POST']>
2025-06-23 22:01:09,211 - httpcore.http11 - DEBUG - send_request_headers.complete
2025-06-23 22:01:09,211 - httpcore.http11 - DEBUG - send_request_body.started request=<Request [b'POST']>
2025-06-23 22:01:09,212 - httpcore.http11 - DEBUG - send_request_body.complete
2025-06-23 22:01:09,212 - httpcore.http11 - DEBUG - receive_response_headers.started request=<Request [b'POST']>
