2025-06-20 23:58:52,502 - asyncio - DEBUG - Using proactor: IocpProactor
2025-06-20 23:58:52,512 - httpx - DEBUG - load_ssl_context verify=True cert=None trust_env=True http2=False
2025-06-20 23:58:52,512 - httpx - DEBUG - load_verify_locations cafile='c:\\Users\\Rachid Aitali\\OneDrive - 4JM Solutions Limited\\Desktop\\SniperX\\SniperX\\.venv\\lib\\site-packages\\certifi\\cacert.pem'
2025-06-20 23:58:52,523 - httpx - DEBUG - load_ssl_context verify=True cert=None trust_env=True http2=False
2025-06-20 23:58:52,523 - httpx - DEBUG - load_verify_locations cafile='c:\\Users\\Rachid Aitali\\OneDrive - 4JM Solutions Limited\\Desktop\\SniperX\\SniperX\\.venv\\lib\\site-packages\\certifi\\cacert.pem'
2025-06-20 23:58:52,559 - __main__ - INFO - Telegram Manager Bot started. Send /menu to interact.
2025-06-20 23:58:52,561 - telegram.ext.ExtBot - DEBUG - Entering: send_message
2025-06-20 23:58:52,573 - httpcore.connection - DEBUG - connect_tcp.started host='api.telegram.org' port=443 local_address=None timeout=5.0 socket_options=None
2025-06-20 23:58:52,735 - httpcore.connection - DEBUG - connect_tcp.complete return_value=<httpcore._backends.anyio.AnyIOStream object at 0x0000026295CEA650>
2025-06-20 23:58:52,735 - httpcore.connection - DEBUG - start_tls.started ssl_context=<ssl.SSLContext object at 0x0000026295C49AC0> server_hostname='api.telegram.org' timeout=5.0
2025-06-20 23:58:52,847 - httpcore.connection - DEBUG - start_tls.complete return_value=<httpcore._backends.anyio.AnyIOStream object at 0x0000026295CEB430>
2025-06-20 23:58:52,849 - httpcore.http11 - DEBUG - send_request_headers.started request=<Request [b'POST']>
2025-06-20 23:58:52,850 - httpcore.http11 - DEBUG - send_request_headers.complete
2025-06-20 23:58:52,850 - httpcore.http11 - DEBUG - send_request_body.started request=<Request [b'POST']>
2025-06-20 23:58:52,852 - httpcore.http11 - DEBUG - send_request_body.complete
2025-06-20 23:58:52,852 - httpcore.http11 - DEBUG - receive_response_headers.started request=<Request [b'POST']>
2025-06-20 23:58:52,956 - httpcore.http11 - DEBUG - receive_response_headers.complete return_value=(b'HTTP/1.1', 200, b'OK', [(b'Server', b'nginx/1.18.0'), (b'Date', b'Fri, 20 Jun 2025 22:58:52 GMT'), (b'Content-Type', b'application/json'), (b'Content-Length', b'351'), (b'Connection', b'keep-alive'), (b'Strict-Transport-Security', b'max-age=31536000; includeSubDomains; preload'), (b'Access-Control-Allow-Origin', b'*'), (b'Access-Control-Allow-Methods', b'GET, POST, OPTIONS'), (b'Access-Control-Expose-Headers', b'Content-Length,Content-Type,Date,Server,Connection')])
2025-06-20 23:58:52,958 - httpx - INFO - HTTP Request: POST https://api.telegram.org/bot7707158318:AAE8rWa4Q8Z_3avql6K0HAmXaooZAReoNF0/sendMessage "HTTP/1.1 200 OK"
2025-06-20 23:58:52,960 - httpcore.http11 - DEBUG - receive_response_body.started request=<Request [b'POST']>
2025-06-20 23:58:52,960 - httpcore.http11 - DEBUG - receive_response_body.complete
2025-06-20 23:58:52,960 - httpcore.http11 - DEBUG - response_closed.started
2025-06-20 23:58:52,960 - httpcore.http11 - DEBUG - response_closed.complete
2025-06-20 23:58:52,964 - telegram.ext.ExtBot - DEBUG - Message(channel_chat_created=False, chat=Chat(first_name='Ghost', id=7049055170, last_name='Number1', type=<ChatType.PRIVATE>), date=datetime.datetime(2025, 6, 20, 22, 58, 52, tzinfo=<UTC>), delete_chat_photo=False, entities=(MessageEntity(length=5, offset=36, type=<MessageEntityType.BOT_COMMAND>),), from_user=User(first_name='SPRD', id=7707158318, is_bot=True, username='tizi91Bot'), group_chat_created=False, message_id=5706, supergroup_chat_created=False, text='SniperX Control Bot is online! Send /menu to see options.')
2025-06-20 23:58:52,966 - telegram.ext.ExtBot - DEBUG - Exiting: send_message
2025-06-20 23:58:52,966 - telegram.ext.ExtBot - DEBUG - Entering: get_me
2025-06-20 23:58:52,966 - httpcore.http11 - DEBUG - send_request_headers.started request=<Request [b'POST']>
2025-06-20 23:58:52,966 - httpcore.http11 - DEBUG - send_request_headers.complete
2025-06-20 23:58:52,966 - httpcore.http11 - DEBUG - send_request_body.started request=<Request [b'POST']>
2025-06-20 23:58:52,966 - httpcore.http11 - DEBUG - send_request_body.complete
2025-06-20 23:58:52,966 - httpcore.http11 - DEBUG - receive_response_headers.started request=<Request [b'POST']>
2025-06-20 23:58:53,081 - httpcore.http11 - DEBUG - receive_response_headers.complete return_value=(b'HTTP/1.1', 200, b'OK', [(b'Server', b'nginx/1.18.0'), (b'Date', b'Fri, 20 Jun 2025 22:58:52 GMT'), (b'Content-Type', b'application/json'), (b'Content-Length', b'243'), (b'Connection', b'keep-alive'), (b'Strict-Transport-Security', b'max-age=31536000; includeSubDomains; preload'), (b'Access-Control-Allow-Origin', b'*'), (b'Access-Control-Allow-Methods', b'GET, POST, OPTIONS'), (b'Access-Control-Expose-Headers', b'Content-Length,Content-Type,Date,Server,Connection')])
2025-06-20 23:58:53,081 - httpx - INFO - HTTP Request: POST https://api.telegram.org/bot7707158318:AAE8rWa4Q8Z_3avql6K0HAmXaooZAReoNF0/getMe "HTTP/1.1 200 OK"
2025-06-20 23:58:53,083 - httpcore.http11 - DEBUG - receive_response_body.started request=<Request [b'POST']>
2025-06-20 23:58:53,083 - httpcore.http11 - DEBUG - receive_response_body.complete
2025-06-20 23:58:53,085 - httpcore.http11 - DEBUG - response_closed.started
2025-06-20 23:58:53,085 - httpcore.http11 - DEBUG - response_closed.complete
2025-06-20 23:58:53,087 - telegram.ext.ExtBot - DEBUG - User(api_kwargs={'can_connect_to_business': False, 'has_main_web_app': False}, can_join_groups=True, can_read_all_group_messages=False, first_name='SPRD', id=7707158318, is_bot=True, supports_inline_queries=False, username='tizi91Bot')
2025-06-20 23:58:53,087 - telegram.ext.ExtBot - DEBUG - Exiting: get_me
2025-06-20 23:58:53,087 - telegram.ext.ExtBot - DEBUG - This Bot is already initialized.
2025-06-20 23:58:53,087 - telegram.ext.Updater - DEBUG - Updater started (polling)
2025-06-20 23:58:53,087 - telegram.ext.Updater - DEBUG - Start network loop retry bootstrap del webhook
2025-06-20 23:58:53,087 - telegram.ext.Updater - DEBUG - Deleting webhook
2025-06-20 23:58:53,087 - telegram.ext.ExtBot - DEBUG - Entering: delete_webhook
2025-06-20 23:58:53,089 - httpcore.http11 - DEBUG - send_request_headers.started request=<Request [b'POST']>
2025-06-20 23:58:53,091 - httpcore.http11 - DEBUG - send_request_headers.complete
2025-06-20 23:58:53,091 - httpcore.http11 - DEBUG - send_request_body.started request=<Request [b'POST']>
2025-06-20 23:58:53,091 - httpcore.http11 - DEBUG - send_request_body.complete
2025-06-20 23:58:53,091 - httpcore.http11 - DEBUG - receive_response_headers.started request=<Request [b'POST']>
2025-06-20 23:58:53,166 - httpcore.http11 - DEBUG - receive_response_headers.complete return_value=(b'HTTP/1.1', 200, b'OK', [(b'Server', b'nginx/1.18.0'), (b'Date', b'Fri, 20 Jun 2025 22:58:52 GMT'), (b'Content-Type', b'application/json'), (b'Content-Length', b'68'), (b'Connection', b'keep-alive'), (b'Strict-Transport-Security', b'max-age=31536000; includeSubDomains; preload'), (b'Access-Control-Allow-Origin', b'*'), (b'Access-Control-Allow-Methods', b'GET, POST, OPTIONS'), (b'Access-Control-Expose-Headers', b'Content-Length,Content-Type,Date,Server,Connection')])
2025-06-20 23:58:53,166 - httpx - INFO - HTTP Request: POST https://api.telegram.org/bot7707158318:AAE8rWa4Q8Z_3avql6K0HAmXaooZAReoNF0/deleteWebhook "HTTP/1.1 200 OK"
2025-06-20 23:58:53,168 - httpcore.http11 - DEBUG - receive_response_body.started request=<Request [b'POST']>
2025-06-20 23:58:53,168 - httpcore.http11 - DEBUG - receive_response_body.complete
2025-06-20 23:58:53,168 - httpcore.http11 - DEBUG - response_closed.started
2025-06-20 23:58:53,168 - httpcore.http11 - DEBUG - response_closed.complete
2025-06-20 23:58:53,170 - telegram.ext.ExtBot - DEBUG - True
2025-06-20 23:58:53,170 - telegram.ext.ExtBot - DEBUG - Exiting: delete_webhook
2025-06-20 23:58:53,170 - telegram.ext.Updater - DEBUG - Bootstrap done
2025-06-20 23:58:53,170 - telegram.ext.Updater - DEBUG - Waiting for polling to start
2025-06-20 23:58:53,170 - telegram.ext.Updater - DEBUG - Polling updates from Telegram started
2025-06-20 23:58:53,170 - telegram.ext.Updater - DEBUG - Start network loop retry getting Updates
2025-06-20 23:58:53,170 - telegram.ext.ExtBot - DEBUG - Entering: get_updates
2025-06-20 23:58:53,174 - telegram.ext.Application - INFO - Application started
2025-06-20 23:58:53,176 - httpcore.connection - DEBUG - connect_tcp.started host='api.telegram.org' port=443 local_address=None timeout=5.0 socket_options=None
2025-06-20 23:58:53,255 - httpcore.connection - DEBUG - connect_tcp.complete return_value=<httpcore._backends.anyio.AnyIOStream object at 0x0000026295D42920>
2025-06-20 23:58:53,255 - httpcore.connection - DEBUG - start_tls.started ssl_context=<ssl.SSLContext object at 0x0000026295C49BC0> server_hostname='api.telegram.org' timeout=5.0
2025-06-20 23:58:53,361 - httpcore.connection - DEBUG - start_tls.complete return_value=<httpcore._backends.anyio.AnyIOStream object at 0x0000026295D427D0>
2025-06-20 23:58:53,362 - httpcore.http11 - DEBUG - send_request_headers.started request=<Request [b'POST']>
2025-06-20 23:58:53,364 - httpcore.http11 - DEBUG - send_request_headers.complete
2025-06-20 23:58:53,364 - httpcore.http11 - DEBUG - send_request_body.started request=<Request [b'POST']>
2025-06-20 23:58:53,366 - httpcore.http11 - DEBUG - send_request_body.complete
2025-06-20 23:58:53,366 - httpcore.http11 - DEBUG - receive_response_headers.started request=<Request [b'POST']>
2025-06-20 23:59:03,457 - httpcore.http11 - DEBUG - receive_response_headers.complete return_value=(b'HTTP/1.1', 200, b'OK', [(b'Server', b'nginx/1.18.0'), (b'Date', b'Fri, 20 Jun 2025 22:59:03 GMT'), (b'Content-Type', b'application/json'), (b'Content-Length', b'23'), (b'Connection', b'keep-alive'), (b'Strict-Transport-Security', b'max-age=31536000; includeSubDomains; preload'), (b'Access-Control-Allow-Origin', b'*'), (b'Access-Control-Allow-Methods', b'GET, POST, OPTIONS'), (b'Access-Control-Expose-Headers', b'Content-Length,Content-Type,Date,Server,Connection')])
2025-06-20 23:59:03,460 - httpx - INFO - HTTP Request: POST https://api.telegram.org/bot7707158318:AAE8rWa4Q8Z_3avql6K0HAmXaooZAReoNF0/getUpdates "HTTP/1.1 200 OK"
2025-06-20 23:59:03,460 - httpcore.http11 - DEBUG - receive_response_body.started request=<Request [b'POST']>
2025-06-20 23:59:03,460 - httpcore.http11 - DEBUG - receive_response_body.complete
2025-06-20 23:59:03,462 - httpcore.http11 - DEBUG - response_closed.started
2025-06-20 23:59:03,462 - httpcore.http11 - DEBUG - response_closed.complete
2025-06-20 23:59:03,462 - telegram.ext.ExtBot - DEBUG - No new updates found.
2025-06-20 23:59:03,463 - telegram.ext.ExtBot - DEBUG - ()
2025-06-20 23:59:03,463 - telegram.ext.ExtBot - DEBUG - Exiting: get_updates
2025-06-20 23:59:03,463 - telegram.ext.ExtBot - DEBUG - Entering: get_updates
2025-06-20 23:59:03,466 - httpcore.http11 - DEBUG - send_request_headers.started request=<Request [b'POST']>
2025-06-20 23:59:03,466 - httpcore.http11 - DEBUG - send_request_headers.complete
2025-06-20 23:59:03,466 - httpcore.http11 - DEBUG - send_request_body.started request=<Request [b'POST']>
2025-06-20 23:59:03,468 - httpcore.http11 - DEBUG - send_request_body.complete
2025-06-20 23:59:03,468 - httpcore.http11 - DEBUG - receive_response_headers.started request=<Request [b'POST']>
2025-06-20 23:59:06,646 - httpcore.http11 - DEBUG - receive_response_headers.complete return_value=(b'HTTP/1.1', 200, b'OK', [(b'Server', b'nginx/1.18.0'), (b'Date', b'Fri, 20 Jun 2025 22:59:06 GMT'), (b'Content-Type', b'application/json'), (b'Content-Length', b'356'), (b'Connection', b'keep-alive'), (b'Strict-Transport-Security', b'max-age=31536000; includeSubDomains; preload'), (b'Access-Control-Allow-Origin', b'*'), (b'Access-Control-Allow-Methods', b'GET, POST, OPTIONS'), (b'Access-Control-Expose-Headers', b'Content-Length,Content-Type,Date,Server,Connection')])
2025-06-20 23:59:06,648 - httpx - INFO - HTTP Request: POST https://api.telegram.org/bot7707158318:AAE8rWa4Q8Z_3avql6K0HAmXaooZAReoNF0/getUpdates "HTTP/1.1 200 OK"
2025-06-20 23:59:06,649 - httpcore.http11 - DEBUG - receive_response_body.started request=<Request [b'POST']>
2025-06-20 23:59:06,649 - httpcore.http11 - DEBUG - receive_response_body.complete
2025-06-20 23:59:06,649 - httpcore.http11 - DEBUG - response_closed.started
2025-06-20 23:59:06,651 - httpcore.http11 - DEBUG - response_closed.complete
2025-06-20 23:59:06,651 - telegram.ext.ExtBot - DEBUG - Getting updates: [37529917]
2025-06-20 23:59:06,653 - telegram.ext.ExtBot - DEBUG - (Update(message=Message(channel_chat_created=False, chat=Chat(first_name='Ghost', id=7049055170, last_name='Number1', type=<ChatType.PRIVATE>), date=datetime.datetime(2025, 6, 20, 22, 59, 6, tzinfo=<UTC>), delete_chat_photo=False, entities=(MessageEntity(length=5, offset=0, type=<MessageEntityType.BOT_COMMAND>),), from_user=User(first_name='Ghost', id=7049055170, is_bot=False, language_code='en', last_name='Number1'), group_chat_created=False, message_id=5707, supergroup_chat_created=False, text='/menu'), update_id=37529917),)
2025-06-20 23:59:06,653 - telegram.ext.ExtBot - DEBUG - Exiting: get_updates
2025-06-20 23:59:06,653 - telegram.ext.ExtBot - DEBUG - Entering: get_updates
2025-06-20 23:59:06,655 - telegram.ext.Application - DEBUG - Processing update Update(message=Message(channel_chat_created=False, chat=Chat(first_name='Ghost', id=7049055170, last_name='Number1', type=<ChatType.PRIVATE>), date=datetime.datetime(2025, 6, 20, 22, 59, 6, tzinfo=<UTC>), delete_chat_photo=False, entities=(MessageEntity(length=5, offset=0, type=<MessageEntityType.BOT_COMMAND>),), from_user=User(first_name='Ghost', id=7049055170, is_bot=False, language_code='en', last_name='Number1'), group_chat_created=False, message_id=5707, supergroup_chat_created=False, text='/menu'), update_id=37529917)
2025-06-20 23:59:06,657 - telegram.ext.ExtBot - DEBUG - Entering: send_message
2025-06-20 23:59:06,659 - httpcore.connection - DEBUG - close.started
2025-06-20 23:59:06,661 - httpcore.connection - DEBUG - close.complete
2025-06-20 23:59:06,661 - httpcore.http11 - DEBUG - send_request_headers.started request=<Request [b'POST']>
2025-06-20 23:59:06,661 - httpcore.connection - DEBUG - connect_tcp.started host='api.telegram.org' port=443 local_address=None timeout=5.0 socket_options=None
2025-06-20 23:59:06,663 - httpcore.http11 - DEBUG - send_request_headers.complete
2025-06-20 23:59:06,663 - httpcore.http11 - DEBUG - send_request_body.started request=<Request [b'POST']>
2025-06-20 23:59:06,663 - httpcore.http11 - DEBUG - send_request_body.complete
2025-06-20 23:59:06,663 - httpcore.http11 - DEBUG - receive_response_headers.started request=<Request [b'POST']>
2025-06-20 23:59:06,753 - httpcore.connection - DEBUG - connect_tcp.complete return_value=<httpcore._backends.anyio.AnyIOStream object at 0x0000026295D40D30>
2025-06-20 23:59:06,753 - httpcore.connection - DEBUG - start_tls.started ssl_context=<ssl.SSLContext object at 0x0000026295C49AC0> server_hostname='api.telegram.org' timeout=5.0
2025-06-20 23:59:06,959 - httpcore.connection - DEBUG - start_tls.complete return_value=<httpcore._backends.anyio.AnyIOStream object at 0x0000026295D40D00>
2025-06-20 23:59:06,959 - httpcore.http11 - DEBUG - send_request_headers.started request=<Request [b'POST']>
2025-06-20 23:59:06,959 - httpcore.http11 - DEBUG - send_request_headers.complete
2025-06-20 23:59:06,961 - httpcore.http11 - DEBUG - send_request_body.started request=<Request [b'POST']>
2025-06-20 23:59:06,961 - httpcore.http11 - DEBUG - send_request_body.complete
2025-06-20 23:59:06,961 - httpcore.http11 - DEBUG - receive_response_headers.started request=<Request [b'POST']>
2025-06-20 23:59:07,321 - httpcore.http11 - DEBUG - receive_response_headers.complete return_value=(b'HTTP/1.1', 200, b'OK', [(b'Server', b'nginx/1.18.0'), (b'Date', b'Fri, 20 Jun 2025 22:59:06 GMT'), (b'Content-Type', b'application/json'), (b'Content-Length', b'569'), (b'Connection', b'keep-alive'), (b'Strict-Transport-Security', b'max-age=31536000; includeSubDomains; preload'), (b'Access-Control-Allow-Origin', b'*'), (b'Access-Control-Allow-Methods', b'GET, POST, OPTIONS'), (b'Access-Control-Expose-Headers', b'Content-Length,Content-Type,Date,Server,Connection')])
2025-06-20 23:59:07,325 - httpx - INFO - HTTP Request: POST https://api.telegram.org/bot7707158318:AAE8rWa4Q8Z_3avql6K0HAmXaooZAReoNF0/sendMessage "HTTP/1.1 200 OK"
2025-06-20 23:59:07,326 - httpcore.http11 - DEBUG - receive_response_body.started request=<Request [b'POST']>
2025-06-20 23:59:07,326 - httpcore.http11 - DEBUG - receive_response_body.complete
2025-06-20 23:59:07,326 - httpcore.http11 - DEBUG - response_closed.started
2025-06-20 23:59:07,328 - httpcore.http11 - DEBUG - response_closed.complete
2025-06-20 23:59:07,329 - telegram.ext.ExtBot - DEBUG - Message(channel_chat_created=False, chat=Chat(first_name='Ghost', id=7049055170, last_name='Number1', type=<ChatType.PRIVATE>), date=datetime.datetime(2025, 6, 20, 22, 59, 6, tzinfo=<UTC>), delete_chat_photo=False, from_user=User(first_name='SPRD', id=7707158318, is_bot=True, username='tizi91Bot'), group_chat_created=False, message_id=5708, reply_markup=InlineKeyboardMarkup(inline_keyboard=((InlineKeyboardButton(callback_data='start_sniperx', text='🚀 Start SniperX'),), (InlineKeyboardButton(callback_data='stop_sniperx', text='🛑 Stop SniperX'), InlineKeyboardButton(callback_data='status_sniperx', text='📊 Status')), (InlineKeyboardButton(callback_data='show_balance', text='💰 Balance'),))), supergroup_chat_created=False, text='SniperX Bot Control Panel:')
2025-06-20 23:59:07,330 - telegram.ext.ExtBot - DEBUG - Exiting: send_message
2025-06-20 23:59:08,694 - httpcore.http11 - DEBUG - receive_response_headers.complete return_value=(b'HTTP/1.1', 200, b'OK', [(b'Server', b'nginx/1.18.0'), (b'Date', b'Fri, 20 Jun 2025 22:59:08 GMT'), (b'Content-Type', b'application/json'), (b'Content-Length', b'817'), (b'Connection', b'keep-alive'), (b'Strict-Transport-Security', b'max-age=31536000; includeSubDomains; preload'), (b'Access-Control-Allow-Origin', b'*'), (b'Access-Control-Allow-Methods', b'GET, POST, OPTIONS'), (b'Access-Control-Expose-Headers', b'Content-Length,Content-Type,Date,Server,Connection')])
2025-06-20 23:59:08,696 - httpx - INFO - HTTP Request: POST https://api.telegram.org/bot7707158318:AAE8rWa4Q8Z_3avql6K0HAmXaooZAReoNF0/getUpdates "HTTP/1.1 200 OK"
2025-06-20 23:59:08,697 - httpcore.http11 - DEBUG - receive_response_body.started request=<Request [b'POST']>
2025-06-20 23:59:08,698 - httpcore.http11 - DEBUG - receive_response_body.complete
2025-06-20 23:59:08,699 - httpcore.http11 - DEBUG - response_closed.started
2025-06-20 23:59:08,699 - httpcore.http11 - DEBUG - response_closed.complete
2025-06-20 23:59:08,700 - telegram.ext.ExtBot - DEBUG - Getting updates: [37529918]
2025-06-20 23:59:08,702 - telegram.ext.ExtBot - DEBUG - (Update(callback_query=CallbackQuery(chat_instance='-1307310250263184334', data='start_sniperx', from_user=User(first_name='Ghost', id=7049055170, is_bot=False, language_code='en', last_name='Number1'), id='2605345314562272698', message=Message(channel_chat_created=False, chat=Chat(first_name='Ghost', id=7049055170, last_name='Number1', type=<ChatType.PRIVATE>), date=datetime.datetime(2025, 6, 20, 22, 59, 6, tzinfo=<UTC>), delete_chat_photo=False, from_user=User(first_name='SPRD', id=7707158318, is_bot=True, username='tizi91Bot'), group_chat_created=False, message_id=5708, reply_markup=InlineKeyboardMarkup(inline_keyboard=((InlineKeyboardButton(callback_data='start_sniperx', text='🚀 Start SniperX'),), (InlineKeyboardButton(callback_data='stop_sniperx', text='🛑 Stop SniperX'), InlineKeyboardButton(callback_data='status_sniperx', text='📊 Status')), (InlineKeyboardButton(callback_data='show_balance', text='💰 Balance'),))), supergroup_chat_created=False, text='SniperX Bot Control Panel:')), update_id=37529918),)
2025-06-20 23:59:08,704 - telegram.ext.ExtBot - DEBUG - Exiting: get_updates
2025-06-20 23:59:08,704 - telegram.ext.ExtBot - DEBUG - Entering: get_updates
2025-06-20 23:59:08,706 - telegram.ext.Application - DEBUG - Processing update Update(callback_query=CallbackQuery(chat_instance='-1307310250263184334', data='start_sniperx', from_user=User(first_name='Ghost', id=7049055170, is_bot=False, language_code='en', last_name='Number1'), id='2605345314562272698', message=Message(channel_chat_created=False, chat=Chat(first_name='Ghost', id=7049055170, last_name='Number1', type=<ChatType.PRIVATE>), date=datetime.datetime(2025, 6, 20, 22, 59, 6, tzinfo=<UTC>), delete_chat_photo=False, from_user=User(first_name='SPRD', id=7707158318, is_bot=True, username='tizi91Bot'), group_chat_created=False, message_id=5708, reply_markup=InlineKeyboardMarkup(inline_keyboard=((InlineKeyboardButton(callback_data='start_sniperx', text='🚀 Start SniperX'),), (InlineKeyboardButton(callback_data='stop_sniperx', text='🛑 Stop SniperX'), InlineKeyboardButton(callback_data='status_sniperx', text='📊 Status')), (InlineKeyboardButton(callback_data='show_balance', text='💰 Balance'),))), supergroup_chat_created=False, text='SniperX Bot Control Panel:')), update_id=37529918)
2025-06-20 23:59:08,708 - __main__ - INFO - Button callback received: Update(callback_query=CallbackQuery(chat_instance='-1307310250263184334', data='start_sniperx', from_user=User(first_name='Ghost', id=7049055170, is_bot=False, language_code='en', last_name='Number1'), id='2605345314562272698', message=Message(channel_chat_created=False, chat=Chat(first_name='Ghost', id=7049055170, last_name='Number1', type=<ChatType.PRIVATE>), date=datetime.datetime(2025, 6, 20, 22, 59, 6, tzinfo=<UTC>), delete_chat_photo=False, from_user=User(first_name='SPRD', id=7707158318, is_bot=True, username='tizi91Bot'), group_chat_created=False, message_id=5708, reply_markup=InlineKeyboardMarkup(inline_keyboard=((InlineKeyboardButton(callback_data='start_sniperx', text='🚀 Start SniperX'),), (InlineKeyboardButton(callback_data='stop_sniperx', text='🛑 Stop SniperX'), InlineKeyboardButton(callback_data='status_sniperx', text='📊 Status')), (InlineKeyboardButton(callback_data='show_balance', text='💰 Balance'),))), supergroup_chat_created=False, text='SniperX Bot Control Panel:')), update_id=37529918)
2025-06-20 23:59:08,708 - telegram.ext.ExtBot - DEBUG - Entering: answer_callback_query
2025-06-20 23:59:08,716 - httpcore.http11 - DEBUG - send_request_headers.started request=<Request [b'POST']>
2025-06-20 23:59:08,717 - httpcore.http11 - DEBUG - send_request_headers.started request=<Request [b'POST']>
2025-06-20 23:59:08,719 - httpcore.http11 - DEBUG - send_request_headers.complete
2025-06-20 23:59:08,719 - httpcore.http11 - DEBUG - send_request_body.started request=<Request [b'POST']>
2025-06-20 23:59:08,720 - httpcore.http11 - DEBUG - send_request_headers.complete
2025-06-20 23:59:08,720 - httpcore.http11 - DEBUG - send_request_body.started request=<Request [b'POST']>
2025-06-20 23:59:08,721 - httpcore.http11 - DEBUG - send_request_body.complete
2025-06-20 23:59:08,722 - httpcore.http11 - DEBUG - receive_response_headers.started request=<Request [b'POST']>
2025-06-20 23:59:08,723 - httpcore.http11 - DEBUG - send_request_body.complete
2025-06-20 23:59:08,723 - httpcore.http11 - DEBUG - receive_response_headers.started request=<Request [b'POST']>
2025-06-20 23:59:08,810 - httpcore.http11 - DEBUG - receive_response_headers.complete return_value=(b'HTTP/1.1', 200, b'OK', [(b'Server', b'nginx/1.18.0'), (b'Date', b'Fri, 20 Jun 2025 22:59:08 GMT'), (b'Content-Type', b'application/json'), (b'Content-Length', b'25'), (b'Connection', b'keep-alive'), (b'Strict-Transport-Security', b'max-age=31536000; includeSubDomains; preload'), (b'Access-Control-Allow-Origin', b'*'), (b'Access-Control-Allow-Methods', b'GET, POST, OPTIONS'), (b'Access-Control-Expose-Headers', b'Content-Length,Content-Type,Date,Server,Connection')])
2025-06-20 23:59:08,811 - httpx - INFO - HTTP Request: POST https://api.telegram.org/bot7707158318:AAE8rWa4Q8Z_3avql6K0HAmXaooZAReoNF0/answerCallbackQuery "HTTP/1.1 200 OK"
2025-06-20 23:59:08,813 - httpcore.http11 - DEBUG - receive_response_body.started request=<Request [b'POST']>
2025-06-20 23:59:08,813 - httpcore.http11 - DEBUG - receive_response_body.complete
2025-06-20 23:59:08,814 - httpcore.http11 - DEBUG - response_closed.started
2025-06-20 23:59:08,814 - httpcore.http11 - DEBUG - response_closed.complete
2025-06-20 23:59:08,815 - telegram.ext.ExtBot - DEBUG - True
2025-06-20 23:59:08,815 - telegram.ext.ExtBot - DEBUG - Exiting: answer_callback_query
2025-06-20 23:59:08,815 - __main__ - INFO - Processing action: start_sniperx
2025-06-20 23:59:08,818 - telegram.ext.ExtBot - DEBUG - Entering: send_message
2025-06-20 23:59:08,822 - httpcore.http11 - DEBUG - send_request_headers.started request=<Request [b'POST']>
2025-06-20 23:59:08,823 - httpcore.http11 - DEBUG - send_request_headers.complete
2025-06-20 23:59:08,824 - httpcore.http11 - DEBUG - send_request_body.started request=<Request [b'POST']>
2025-06-20 23:59:08,825 - httpcore.http11 - DEBUG - send_request_body.complete
2025-06-20 23:59:08,825 - httpcore.http11 - DEBUG - receive_response_headers.started request=<Request [b'POST']>
2025-06-20 23:59:09,003 - httpcore.http11 - DEBUG - receive_response_headers.complete return_value=(b'HTTP/1.1', 200, b'OK', [(b'Server', b'nginx/1.18.0'), (b'Date', b'Fri, 20 Jun 2025 22:59:08 GMT'), (b'Content-Type', b'application/json'), (b'Content-Length', b'261'), (b'Connection', b'keep-alive'), (b'Strict-Transport-Security', b'max-age=31536000; includeSubDomains; preload'), (b'Access-Control-Allow-Origin', b'*'), (b'Access-Control-Allow-Methods', b'GET, POST, OPTIONS'), (b'Access-Control-Expose-Headers', b'Content-Length,Content-Type,Date,Server,Connection')])
2025-06-20 23:59:09,004 - httpx - INFO - HTTP Request: POST https://api.telegram.org/bot7707158318:AAE8rWa4Q8Z_3avql6K0HAmXaooZAReoNF0/sendMessage "HTTP/1.1 200 OK"
2025-06-20 23:59:09,004 - httpcore.http11 - DEBUG - receive_response_body.started request=<Request [b'POST']>
2025-06-20 23:59:09,006 - httpcore.http11 - DEBUG - receive_response_body.complete
2025-06-20 23:59:09,006 - httpcore.http11 - DEBUG - response_closed.started
2025-06-20 23:59:09,006 - httpcore.http11 - DEBUG - response_closed.complete
2025-06-20 23:59:09,009 - telegram.ext.ExtBot - DEBUG - Message(channel_chat_created=False, chat=Chat(first_name='Ghost', id=7049055170, last_name='Number1', type=<ChatType.PRIVATE>), date=datetime.datetime(2025, 6, 20, 22, 59, 8, tzinfo=<UTC>), delete_chat_photo=False, from_user=User(first_name='SPRD', id=7707158318, is_bot=True, username='tizi91Bot'), group_chat_created=False, message_id=5709, supergroup_chat_created=False, text='Starting wallet manager...')
2025-06-20 23:59:09,009 - telegram.ext.ExtBot - DEBUG - Exiting: send_message
2025-06-20 23:59:11,084 - telegram.ext.ExtBot - DEBUG - Entering: send_message
2025-06-20 23:59:11,088 - httpcore.http11 - DEBUG - send_request_headers.started request=<Request [b'POST']>
2025-06-20 23:59:11,088 - httpcore.http11 - DEBUG - send_request_headers.complete
2025-06-20 23:59:11,088 - httpcore.http11 - DEBUG - send_request_body.started request=<Request [b'POST']>
2025-06-20 23:59:11,090 - httpcore.http11 - DEBUG - send_request_body.complete
2025-06-20 23:59:11,090 - httpcore.http11 - DEBUG - receive_response_headers.started request=<Request [b'POST']>
2025-06-20 23:59:11,185 - httpcore.http11 - DEBUG - receive_response_headers.complete return_value=(b'HTTP/1.1', 200, b'OK', [(b'Server', b'nginx/1.18.0'), (b'Date', b'Fri, 20 Jun 2025 22:59:10 GMT'), (b'Content-Type', b'application/json'), (b'Content-Length', b'321'), (b'Connection', b'keep-alive'), (b'Strict-Transport-Security', b'max-age=31536000; includeSubDomains; preload'), (b'Access-Control-Allow-Origin', b'*'), (b'Access-Control-Allow-Methods', b'GET, POST, OPTIONS'), (b'Access-Control-Expose-Headers', b'Content-Length,Content-Type,Date,Server,Connection')])
2025-06-20 23:59:11,186 - httpx - INFO - HTTP Request: POST https://api.telegram.org/bot7707158318:AAE8rWa4Q8Z_3avql6K0HAmXaooZAReoNF0/sendMessage "HTTP/1.1 200 OK"
2025-06-20 23:59:11,187 - httpcore.http11 - DEBUG - receive_response_body.started request=<Request [b'POST']>
2025-06-20 23:59:11,187 - httpcore.http11 - DEBUG - receive_response_body.complete
2025-06-20 23:59:11,187 - httpcore.http11 - DEBUG - response_closed.started
2025-06-20 23:59:11,187 - httpcore.http11 - DEBUG - response_closed.complete
2025-06-20 23:59:11,190 - telegram.ext.ExtBot - DEBUG - Message(channel_chat_created=False, chat=Chat(first_name='Ghost', id=7049055170, last_name='Number1', type=<ChatType.PRIVATE>), date=datetime.datetime(2025, 6, 20, 22, 59, 10, tzinfo=<UTC>), delete_chat_photo=False, entities=(MessageEntity(length=5, offset=8, type=<MessageEntityType.URL>),), from_user=User(first_name='SPRD', id=7707158318, is_bot=True, username='tizi91Bot'), group_chat_created=False, message_id=5710, supergroup_chat_created=False, text='SniperX V2.py started with PID 1380.')
2025-06-20 23:59:11,192 - telegram.ext.ExtBot - DEBUG - Exiting: send_message
2025-06-20 23:59:11,192 - __main__ - INFO - SniperX V2.py started with PID 1380 by user tizi91Bot
2025-06-20 23:59:11,207 - telegram.ext.ExtBot - DEBUG - Entering: edit_message_text
2025-06-20 23:59:11,212 - httpcore.http11 - DEBUG - send_request_headers.started request=<Request [b'POST']>
2025-06-20 23:59:11,213 - httpcore.http11 - DEBUG - send_request_headers.complete
2025-06-20 23:59:11,213 - httpcore.http11 - DEBUG - send_request_body.started request=<Request [b'POST']>
2025-06-20 23:59:11,214 - httpcore.http11 - DEBUG - send_request_body.complete
2025-06-20 23:59:11,214 - httpcore.http11 - DEBUG - receive_response_headers.started request=<Request [b'POST']>
2025-06-20 23:59:11,314 - httpcore.http11 - DEBUG - receive_response_headers.complete return_value=(b'HTTP/1.1', 400, b'Bad Request', [(b'Server', b'nginx/1.18.0'), (b'Date', b'Fri, 20 Jun 2025 22:59:11 GMT'), (b'Content-Type', b'application/json'), (b'Content-Length', b'204'), (b'Connection', b'keep-alive'), (b'Strict-Transport-Security', b'max-age=31536000; includeSubDomains; preload'), (b'Access-Control-Allow-Origin', b'*'), (b'Access-Control-Expose-Headers', b'Content-Length,Content-Type,Date,Server,Connection')])
2025-06-20 23:59:11,314 - httpx - INFO - HTTP Request: POST https://api.telegram.org/bot7707158318:AAE8rWa4Q8Z_3avql6K0HAmXaooZAReoNF0/editMessageText "HTTP/1.1 400 Bad Request"
2025-06-20 23:59:11,316 - httpcore.http11 - DEBUG - receive_response_body.started request=<Request [b'POST']>
2025-06-20 23:59:11,316 - httpcore.http11 - DEBUG - receive_response_body.complete
2025-06-20 23:59:11,316 - httpcore.http11 - DEBUG - response_closed.started
2025-06-20 23:59:11,316 - httpcore.http11 - DEBUG - response_closed.complete
2025-06-20 23:59:11,318 - __main__ - ERROR - Error showing menu: Message is not modified: specified new message content and reply markup are exactly the same as a current content and reply markup of the message
2025-06-20 23:59:11,321 - telegram.ext.ExtBot - DEBUG - Entering: send_message
2025-06-20 23:59:11,325 - httpcore.http11 - DEBUG - send_request_headers.started request=<Request [b'POST']>
2025-06-20 23:59:11,325 - httpcore.http11 - DEBUG - send_request_headers.complete
2025-06-20 23:59:11,325 - httpcore.http11 - DEBUG - send_request_body.started request=<Request [b'POST']>
2025-06-20 23:59:11,327 - httpcore.http11 - DEBUG - send_request_body.complete
2025-06-20 23:59:11,327 - httpcore.http11 - DEBUG - receive_response_headers.started request=<Request [b'POST']>
2025-06-20 23:59:11,444 - httpcore.http11 - DEBUG - receive_response_headers.complete return_value=(b'HTTP/1.1', 200, b'OK', [(b'Server', b'nginx/1.18.0'), (b'Date', b'Fri, 20 Jun 2025 22:59:11 GMT'), (b'Content-Type', b'application/json'), (b'Content-Length', b'569'), (b'Connection', b'keep-alive'), (b'Strict-Transport-Security', b'max-age=31536000; includeSubDomains; preload'), (b'Access-Control-Allow-Origin', b'*'), (b'Access-Control-Allow-Methods', b'GET, POST, OPTIONS'), (b'Access-Control-Expose-Headers', b'Content-Length,Content-Type,Date,Server,Connection')])
2025-06-20 23:59:11,444 - httpx - INFO - HTTP Request: POST https://api.telegram.org/bot7707158318:AAE8rWa4Q8Z_3avql6K0HAmXaooZAReoNF0/sendMessage "HTTP/1.1 200 OK"
2025-06-20 23:59:11,447 - httpcore.http11 - DEBUG - receive_response_body.started request=<Request [b'POST']>
2025-06-20 23:59:11,448 - httpcore.http11 - DEBUG - receive_response_body.complete
2025-06-20 23:59:11,449 - httpcore.http11 - DEBUG - response_closed.started
2025-06-20 23:59:11,449 - httpcore.http11 - DEBUG - response_closed.complete
2025-06-20 23:59:11,452 - telegram.ext.ExtBot - DEBUG - Message(channel_chat_created=False, chat=Chat(first_name='Ghost', id=7049055170, last_name='Number1', type=<ChatType.PRIVATE>), date=datetime.datetime(2025, 6, 20, 22, 59, 11, tzinfo=<UTC>), delete_chat_photo=False, from_user=User(first_name='SPRD', id=7707158318, is_bot=True, username='tizi91Bot'), group_chat_created=False, message_id=5711, reply_markup=InlineKeyboardMarkup(inline_keyboard=((InlineKeyboardButton(callback_data='start_sniperx', text='🚀 Start SniperX'),), (InlineKeyboardButton(callback_data='stop_sniperx', text='🛑 Stop SniperX'), InlineKeyboardButton(callback_data='status_sniperx', text='📊 Status')), (InlineKeyboardButton(callback_data='show_balance', text='💰 Balance'),))), supergroup_chat_created=False, text='SniperX Bot Control Panel:')
2025-06-20 23:59:11,453 - telegram.ext.ExtBot - DEBUG - Exiting: send_message
2025-06-20 23:59:19,139 - httpcore.http11 - DEBUG - receive_response_headers.complete return_value=(b'HTTP/1.1', 200, b'OK', [(b'Server', b'nginx/1.18.0'), (b'Date', b'Fri, 20 Jun 2025 22:59:18 GMT'), (b'Content-Type', b'application/json'), (b'Content-Length', b'23'), (b'Connection', b'keep-alive'), (b'Strict-Transport-Security', b'max-age=31536000; includeSubDomains; preload'), (b'Access-Control-Allow-Origin', b'*'), (b'Access-Control-Allow-Methods', b'GET, POST, OPTIONS'), (b'Access-Control-Expose-Headers', b'Content-Length,Content-Type,Date,Server,Connection')])
2025-06-20 23:59:19,142 - httpx - INFO - HTTP Request: POST https://api.telegram.org/bot7707158318:AAE8rWa4Q8Z_3avql6K0HAmXaooZAReoNF0/getUpdates "HTTP/1.1 200 OK"
2025-06-20 23:59:19,143 - httpcore.http11 - DEBUG - receive_response_body.started request=<Request [b'POST']>
2025-06-20 23:59:19,143 - httpcore.http11 - DEBUG - receive_response_body.complete
2025-06-20 23:59:19,144 - httpcore.http11 - DEBUG - response_closed.started
2025-06-20 23:59:19,144 - httpcore.http11 - DEBUG - response_closed.complete
2025-06-20 23:59:19,145 - telegram.ext.ExtBot - DEBUG - No new updates found.
2025-06-20 23:59:19,145 - telegram.ext.ExtBot - DEBUG - ()
2025-06-20 23:59:19,145 - telegram.ext.ExtBot - DEBUG - Exiting: get_updates
2025-06-20 23:59:19,145 - telegram.ext.ExtBot - DEBUG - Entering: get_updates
2025-06-20 23:59:19,147 - httpcore.http11 - DEBUG - send_request_headers.started request=<Request [b'POST']>
2025-06-20 23:59:19,149 - httpcore.http11 - DEBUG - send_request_headers.complete
2025-06-20 23:59:19,149 - httpcore.http11 - DEBUG - send_request_body.started request=<Request [b'POST']>
2025-06-20 23:59:19,150 - httpcore.http11 - DEBUG - send_request_body.complete
2025-06-20 23:59:19,150 - httpcore.http11 - DEBUG - receive_response_headers.started request=<Request [b'POST']>
2025-06-20 23:59:29,385 - httpcore.http11 - DEBUG - receive_response_headers.complete return_value=(b'HTTP/1.1', 200, b'OK', [(b'Server', b'nginx/1.18.0'), (b'Date', b'Fri, 20 Jun 2025 22:59:28 GMT'), (b'Content-Type', b'application/json'), (b'Content-Length', b'23'), (b'Connection', b'keep-alive'), (b'Strict-Transport-Security', b'max-age=31536000; includeSubDomains; preload'), (b'Access-Control-Allow-Origin', b'*'), (b'Access-Control-Allow-Methods', b'GET, POST, OPTIONS'), (b'Access-Control-Expose-Headers', b'Content-Length,Content-Type,Date,Server,Connection')])
2025-06-20 23:59:29,387 - httpx - INFO - HTTP Request: POST https://api.telegram.org/bot7707158318:AAE8rWa4Q8Z_3avql6K0HAmXaooZAReoNF0/getUpdates "HTTP/1.1 200 OK"
2025-06-20 23:59:29,388 - httpcore.http11 - DEBUG - receive_response_body.started request=<Request [b'POST']>
2025-06-20 23:59:29,388 - httpcore.http11 - DEBUG - receive_response_body.complete
2025-06-20 23:59:29,388 - httpcore.http11 - DEBUG - response_closed.started
2025-06-20 23:59:29,388 - httpcore.http11 - DEBUG - response_closed.complete
2025-06-20 23:59:29,388 - telegram.ext.ExtBot - DEBUG - No new updates found.
2025-06-20 23:59:29,388 - telegram.ext.ExtBot - DEBUG - ()
2025-06-20 23:59:29,391 - telegram.ext.ExtBot - DEBUG - Exiting: get_updates
2025-06-20 23:59:29,391 - telegram.ext.ExtBot - DEBUG - Entering: get_updates
2025-06-20 23:59:29,391 - httpcore.http11 - DEBUG - send_request_headers.started request=<Request [b'POST']>
2025-06-20 23:59:29,391 - httpcore.http11 - DEBUG - send_request_headers.complete
2025-06-20 23:59:29,395 - httpcore.http11 - DEBUG - send_request_body.started request=<Request [b'POST']>
2025-06-20 23:59:29,395 - httpcore.http11 - DEBUG - send_request_body.complete
2025-06-20 23:59:29,395 - httpcore.http11 - DEBUG - receive_response_headers.started request=<Request [b'POST']>
2025-06-20 23:59:39,572 - httpcore.http11 - DEBUG - receive_response_headers.complete return_value=(b'HTTP/1.1', 200, b'OK', [(b'Server', b'nginx/1.18.0'), (b'Date', b'Fri, 20 Jun 2025 22:59:39 GMT'), (b'Content-Type', b'application/json'), (b'Content-Length', b'23'), (b'Connection', b'keep-alive'), (b'Strict-Transport-Security', b'max-age=31536000; includeSubDomains; preload'), (b'Access-Control-Allow-Origin', b'*'), (b'Access-Control-Allow-Methods', b'GET, POST, OPTIONS'), (b'Access-Control-Expose-Headers', b'Content-Length,Content-Type,Date,Server,Connection')])
2025-06-20 23:59:39,575 - httpx - INFO - HTTP Request: POST https://api.telegram.org/bot7707158318:AAE8rWa4Q8Z_3avql6K0HAmXaooZAReoNF0/getUpdates "HTTP/1.1 200 OK"
2025-06-20 23:59:39,579 - httpcore.http11 - DEBUG - receive_response_body.started request=<Request [b'POST']>
2025-06-20 23:59:39,579 - httpcore.http11 - DEBUG - receive_response_body.complete
2025-06-20 23:59:39,579 - httpcore.http11 - DEBUG - response_closed.started
2025-06-20 23:59:39,580 - httpcore.http11 - DEBUG - response_closed.complete
2025-06-20 23:59:39,580 - telegram.ext.ExtBot - DEBUG - No new updates found.
2025-06-20 23:59:39,580 - telegram.ext.ExtBot - DEBUG - ()
2025-06-20 23:59:39,582 - telegram.ext.ExtBot - DEBUG - Exiting: get_updates
2025-06-20 23:59:39,582 - telegram.ext.ExtBot - DEBUG - Entering: get_updates
2025-06-20 23:59:39,621 - httpcore.http11 - DEBUG - send_request_headers.started request=<Request [b'POST']>
2025-06-20 23:59:39,622 - httpcore.http11 - DEBUG - send_request_headers.complete
2025-06-20 23:59:39,622 - httpcore.http11 - DEBUG - send_request_body.started request=<Request [b'POST']>
2025-06-20 23:59:39,629 - httpcore.http11 - DEBUG - send_request_body.complete
2025-06-20 23:59:39,631 - httpcore.http11 - DEBUG - receive_response_headers.started request=<Request [b'POST']>
2025-06-20 23:59:49,716 - httpcore.http11 - DEBUG - receive_response_headers.complete return_value=(b'HTTP/1.1', 200, b'OK', [(b'Server', b'nginx/1.18.0'), (b'Date', b'Fri, 20 Jun 2025 22:59:49 GMT'), (b'Content-Type', b'application/json'), (b'Content-Length', b'23'), (b'Connection', b'keep-alive'), (b'Strict-Transport-Security', b'max-age=31536000; includeSubDomains; preload'), (b'Access-Control-Allow-Origin', b'*'), (b'Access-Control-Allow-Methods', b'GET, POST, OPTIONS'), (b'Access-Control-Expose-Headers', b'Content-Length,Content-Type,Date,Server,Connection')])
2025-06-20 23:59:49,716 - httpx - INFO - HTTP Request: POST https://api.telegram.org/bot7707158318:AAE8rWa4Q8Z_3avql6K0HAmXaooZAReoNF0/getUpdates "HTTP/1.1 200 OK"
2025-06-20 23:59:49,718 - httpcore.http11 - DEBUG - receive_response_body.started request=<Request [b'POST']>
2025-06-20 23:59:49,718 - httpcore.http11 - DEBUG - receive_response_body.complete
2025-06-20 23:59:49,718 - httpcore.http11 - DEBUG - response_closed.started
2025-06-20 23:59:49,718 - httpcore.http11 - DEBUG - response_closed.complete
2025-06-20 23:59:49,718 - telegram.ext.ExtBot - DEBUG - No new updates found.
2025-06-20 23:59:49,718 - telegram.ext.ExtBot - DEBUG - ()
2025-06-20 23:59:49,718 - telegram.ext.ExtBot - DEBUG - Exiting: get_updates
2025-06-20 23:59:49,718 - telegram.ext.ExtBot - DEBUG - Entering: get_updates
2025-06-20 23:59:49,724 - httpcore.http11 - DEBUG - send_request_headers.started request=<Request [b'POST']>
2025-06-20 23:59:49,725 - httpcore.http11 - DEBUG - send_request_headers.complete
2025-06-20 23:59:49,725 - httpcore.http11 - DEBUG - send_request_body.started request=<Request [b'POST']>
2025-06-20 23:59:49,725 - httpcore.http11 - DEBUG - send_request_body.complete
2025-06-20 23:59:49,727 - httpcore.http11 - DEBUG - receive_response_headers.started request=<Request [b'POST']>
2025-06-20 23:59:59,802 - httpcore.http11 - DEBUG - receive_response_headers.complete return_value=(b'HTTP/1.1', 200, b'OK', [(b'Server', b'nginx/1.18.0'), (b'Date', b'Fri, 20 Jun 2025 22:59:59 GMT'), (b'Content-Type', b'application/json'), (b'Content-Length', b'23'), (b'Connection', b'keep-alive'), (b'Strict-Transport-Security', b'max-age=31536000; includeSubDomains; preload'), (b'Access-Control-Allow-Origin', b'*'), (b'Access-Control-Allow-Methods', b'GET, POST, OPTIONS'), (b'Access-Control-Expose-Headers', b'Content-Length,Content-Type,Date,Server,Connection')])
2025-06-20 23:59:59,805 - httpx - INFO - HTTP Request: POST https://api.telegram.org/bot7707158318:AAE8rWa4Q8Z_3avql6K0HAmXaooZAReoNF0/getUpdates "HTTP/1.1 200 OK"
2025-06-20 23:59:59,807 - httpcore.http11 - DEBUG - receive_response_body.started request=<Request [b'POST']>
2025-06-20 23:59:59,807 - httpcore.http11 - DEBUG - receive_response_body.complete
2025-06-20 23:59:59,807 - httpcore.http11 - DEBUG - response_closed.started
2025-06-20 23:59:59,807 - httpcore.http11 - DEBUG - response_closed.complete
2025-06-20 23:59:59,809 - telegram.ext.ExtBot - DEBUG - No new updates found.
2025-06-20 23:59:59,809 - telegram.ext.ExtBot - DEBUG - ()
2025-06-20 23:59:59,809 - telegram.ext.ExtBot - DEBUG - Exiting: get_updates
2025-06-20 23:59:59,809 - telegram.ext.ExtBot - DEBUG - Entering: get_updates
2025-06-20 23:59:59,812 - httpcore.http11 - DEBUG - send_request_headers.started request=<Request [b'POST']>
2025-06-20 23:59:59,812 - httpcore.http11 - DEBUG - send_request_headers.complete
2025-06-20 23:59:59,814 - httpcore.http11 - DEBUG - send_request_body.started request=<Request [b'POST']>
2025-06-20 23:59:59,814 - httpcore.http11 - DEBUG - send_request_body.complete
2025-06-20 23:59:59,814 - httpcore.http11 - DEBUG - receive_response_headers.started request=<Request [b'POST']>
2025-06-21 00:00:09,930 - httpcore.http11 - DEBUG - receive_response_headers.complete return_value=(b'HTTP/1.1', 200, b'OK', [(b'Server', b'nginx/1.18.0'), (b'Date', b'Fri, 20 Jun 2025 23:00:09 GMT'), (b'Content-Type', b'application/json'), (b'Content-Length', b'23'), (b'Connection', b'keep-alive'), (b'Strict-Transport-Security', b'max-age=31536000; includeSubDomains; preload'), (b'Access-Control-Allow-Origin', b'*'), (b'Access-Control-Allow-Methods', b'GET, POST, OPTIONS'), (b'Access-Control-Expose-Headers', b'Content-Length,Content-Type,Date,Server,Connection')])
2025-06-21 00:00:09,933 - httpx - INFO - HTTP Request: POST https://api.telegram.org/bot7707158318:AAE8rWa4Q8Z_3avql6K0HAmXaooZAReoNF0/getUpdates "HTTP/1.1 200 OK"
2025-06-21 00:00:09,934 - httpcore.http11 - DEBUG - receive_response_body.started request=<Request [b'POST']>
2025-06-21 00:00:09,934 - httpcore.http11 - DEBUG - receive_response_body.complete
2025-06-21 00:00:09,935 - httpcore.http11 - DEBUG - response_closed.started
2025-06-21 00:00:09,935 - httpcore.http11 - DEBUG - response_closed.complete
2025-06-21 00:00:09,937 - telegram.ext.ExtBot - DEBUG - No new updates found.
2025-06-21 00:00:09,937 - telegram.ext.ExtBot - DEBUG - ()
2025-06-21 00:00:09,937 - telegram.ext.ExtBot - DEBUG - Exiting: get_updates
2025-06-21 00:00:09,937 - telegram.ext.ExtBot - DEBUG - Entering: get_updates
2025-06-21 00:00:09,939 - httpcore.http11 - DEBUG - send_request_headers.started request=<Request [b'POST']>
2025-06-21 00:00:09,941 - httpcore.http11 - DEBUG - send_request_headers.complete
2025-06-21 00:00:09,941 - httpcore.http11 - DEBUG - send_request_body.started request=<Request [b'POST']>
2025-06-21 00:00:09,941 - httpcore.http11 - DEBUG - send_request_body.complete
2025-06-21 00:00:09,941 - httpcore.http11 - DEBUG - receive_response_headers.started request=<Request [b'POST']>
2025-06-21 00:00:20,277 - httpcore.http11 - DEBUG - receive_response_headers.complete return_value=(b'HTTP/1.1', 200, b'OK', [(b'Server', b'nginx/1.18.0'), (b'Date', b'Fri, 20 Jun 2025 23:00:19 GMT'), (b'Content-Type', b'application/json'), (b'Content-Length', b'23'), (b'Connection', b'keep-alive'), (b'Strict-Transport-Security', b'max-age=31536000; includeSubDomains; preload'), (b'Access-Control-Allow-Origin', b'*'), (b'Access-Control-Allow-Methods', b'GET, POST, OPTIONS'), (b'Access-Control-Expose-Headers', b'Content-Length,Content-Type,Date,Server,Connection')])
2025-06-21 00:00:20,279 - httpx - INFO - HTTP Request: POST https://api.telegram.org/bot7707158318:AAE8rWa4Q8Z_3avql6K0HAmXaooZAReoNF0/getUpdates "HTTP/1.1 200 OK"
2025-06-21 00:00:20,280 - httpcore.http11 - DEBUG - receive_response_body.started request=<Request [b'POST']>
2025-06-21 00:00:20,280 - httpcore.http11 - DEBUG - receive_response_body.complete
2025-06-21 00:00:20,280 - httpcore.http11 - DEBUG - response_closed.started
2025-06-21 00:00:20,280 - httpcore.http11 - DEBUG - response_closed.complete
2025-06-21 00:00:20,283 - telegram.ext.ExtBot - DEBUG - No new updates found.
2025-06-21 00:00:20,283 - telegram.ext.ExtBot - DEBUG - ()
2025-06-21 00:00:20,284 - telegram.ext.ExtBot - DEBUG - Exiting: get_updates
2025-06-21 00:00:20,284 - telegram.ext.ExtBot - DEBUG - Entering: get_updates
2025-06-21 00:00:20,285 - httpcore.http11 - DEBUG - send_request_headers.started request=<Request [b'POST']>
2025-06-21 00:00:20,288 - httpcore.http11 - DEBUG - send_request_headers.complete
2025-06-21 00:00:20,288 - httpcore.http11 - DEBUG - send_request_body.started request=<Request [b'POST']>
2025-06-21 00:00:20,292 - httpcore.http11 - DEBUG - send_request_body.complete
2025-06-21 00:00:20,292 - httpcore.http11 - DEBUG - receive_response_headers.started request=<Request [b'POST']>
2025-06-21 00:00:30,411 - httpcore.http11 - DEBUG - receive_response_headers.complete return_value=(b'HTTP/1.1', 200, b'OK', [(b'Server', b'nginx/1.18.0'), (b'Date', b'Fri, 20 Jun 2025 23:00:30 GMT'), (b'Content-Type', b'application/json'), (b'Content-Length', b'23'), (b'Connection', b'keep-alive'), (b'Strict-Transport-Security', b'max-age=31536000; includeSubDomains; preload'), (b'Access-Control-Allow-Origin', b'*'), (b'Access-Control-Allow-Methods', b'GET, POST, OPTIONS'), (b'Access-Control-Expose-Headers', b'Content-Length,Content-Type,Date,Server,Connection')])
2025-06-21 00:00:30,413 - httpx - INFO - HTTP Request: POST https://api.telegram.org/bot7707158318:AAE8rWa4Q8Z_3avql6K0HAmXaooZAReoNF0/getUpdates "HTTP/1.1 200 OK"
2025-06-21 00:00:30,414 - httpcore.http11 - DEBUG - receive_response_body.started request=<Request [b'POST']>
2025-06-21 00:00:30,414 - httpcore.http11 - DEBUG - receive_response_body.complete
2025-06-21 00:00:30,416 - httpcore.http11 - DEBUG - response_closed.started
2025-06-21 00:00:30,416 - httpcore.http11 - DEBUG - response_closed.complete
2025-06-21 00:00:30,420 - telegram.ext.ExtBot - DEBUG - No new updates found.
2025-06-21 00:00:30,425 - telegram.ext.ExtBot - DEBUG - ()
2025-06-21 00:00:30,427 - telegram.ext.ExtBot - DEBUG - Exiting: get_updates
2025-06-21 00:00:30,427 - telegram.ext.ExtBot - DEBUG - Entering: get_updates
2025-06-21 00:00:30,431 - httpcore.http11 - DEBUG - send_request_headers.started request=<Request [b'POST']>
2025-06-21 00:00:30,431 - httpcore.http11 - DEBUG - send_request_headers.complete
2025-06-21 00:00:30,434 - httpcore.http11 - DEBUG - send_request_body.started request=<Request [b'POST']>
2025-06-21 00:00:30,435 - httpcore.http11 - DEBUG - send_request_body.complete
2025-06-21 00:00:30,435 - httpcore.http11 - DEBUG - receive_response_headers.started request=<Request [b'POST']>
2025-06-21 00:00:40,527 - httpcore.http11 - DEBUG - receive_response_headers.complete return_value=(b'HTTP/1.1', 200, b'OK', [(b'Server', b'nginx/1.18.0'), (b'Date', b'Fri, 20 Jun 2025 23:00:40 GMT'), (b'Content-Type', b'application/json'), (b'Content-Length', b'23'), (b'Connection', b'keep-alive'), (b'Strict-Transport-Security', b'max-age=31536000; includeSubDomains; preload'), (b'Access-Control-Allow-Origin', b'*'), (b'Access-Control-Allow-Methods', b'GET, POST, OPTIONS'), (b'Access-Control-Expose-Headers', b'Content-Length,Content-Type,Date,Server,Connection')])
2025-06-21 00:00:40,529 - httpx - INFO - HTTP Request: POST https://api.telegram.org/bot7707158318:AAE8rWa4Q8Z_3avql6K0HAmXaooZAReoNF0/getUpdates "HTTP/1.1 200 OK"
2025-06-21 00:00:40,533 - httpcore.http11 - DEBUG - receive_response_body.started request=<Request [b'POST']>
2025-06-21 00:00:40,534 - httpcore.http11 - DEBUG - receive_response_body.complete
2025-06-21 00:00:40,534 - httpcore.http11 - DEBUG - response_closed.started
2025-06-21 00:00:40,534 - httpcore.http11 - DEBUG - response_closed.complete
2025-06-21 00:00:40,535 - telegram.ext.ExtBot - DEBUG - No new updates found.
2025-06-21 00:00:40,535 - telegram.ext.ExtBot - DEBUG - ()
2025-06-21 00:00:40,535 - telegram.ext.ExtBot - DEBUG - Exiting: get_updates
2025-06-21 00:00:40,536 - telegram.ext.ExtBot - DEBUG - Entering: get_updates
2025-06-21 00:00:40,538 - httpcore.http11 - DEBUG - send_request_headers.started request=<Request [b'POST']>
2025-06-21 00:00:40,539 - httpcore.http11 - DEBUG - send_request_headers.complete
2025-06-21 00:00:40,539 - httpcore.http11 - DEBUG - send_request_body.started request=<Request [b'POST']>
2025-06-21 00:00:40,540 - httpcore.http11 - DEBUG - send_request_body.complete
2025-06-21 00:00:40,540 - httpcore.http11 - DEBUG - receive_response_headers.started request=<Request [b'POST']>
2025-06-21 00:00:51,095 - httpcore.http11 - DEBUG - receive_response_headers.complete return_value=(b'HTTP/1.1', 200, b'OK', [(b'Server', b'nginx/1.18.0'), (b'Date', b'Fri, 20 Jun 2025 23:00:50 GMT'), (b'Content-Type', b'application/json'), (b'Content-Length', b'23'), (b'Connection', b'keep-alive'), (b'Strict-Transport-Security', b'max-age=31536000; includeSubDomains; preload'), (b'Access-Control-Allow-Origin', b'*'), (b'Access-Control-Allow-Methods', b'GET, POST, OPTIONS'), (b'Access-Control-Expose-Headers', b'Content-Length,Content-Type,Date,Server,Connection')])
2025-06-21 00:00:51,096 - httpx - INFO - HTTP Request: POST https://api.telegram.org/bot7707158318:AAE8rWa4Q8Z_3avql6K0HAmXaooZAReoNF0/getUpdates "HTTP/1.1 200 OK"
2025-06-21 00:00:51,103 - httpcore.http11 - DEBUG - receive_response_body.started request=<Request [b'POST']>
2025-06-21 00:00:51,104 - httpcore.http11 - DEBUG - receive_response_body.complete
2025-06-21 00:00:51,104 - httpcore.http11 - DEBUG - response_closed.started
2025-06-21 00:00:51,104 - httpcore.http11 - DEBUG - response_closed.complete
2025-06-21 00:00:51,105 - telegram.ext.ExtBot - DEBUG - No new updates found.
2025-06-21 00:00:51,105 - telegram.ext.ExtBot - DEBUG - ()
2025-06-21 00:00:51,105 - telegram.ext.ExtBot - DEBUG - Exiting: get_updates
2025-06-21 00:00:51,105 - telegram.ext.ExtBot - DEBUG - Entering: get_updates
2025-06-21 00:00:51,108 - httpcore.http11 - DEBUG - send_request_headers.started request=<Request [b'POST']>
2025-06-21 00:00:51,109 - httpcore.http11 - DEBUG - send_request_headers.complete
2025-06-21 00:00:51,109 - httpcore.http11 - DEBUG - send_request_body.started request=<Request [b'POST']>
2025-06-21 00:00:51,110 - httpcore.http11 - DEBUG - send_request_body.complete
2025-06-21 00:00:51,110 - httpcore.http11 - DEBUG - receive_response_headers.started request=<Request [b'POST']>
2025-06-21 00:01:01,539 - httpcore.http11 - DEBUG - receive_response_headers.complete return_value=(b'HTTP/1.1', 200, b'OK', [(b'Server', b'nginx/1.18.0'), (b'Date', b'Fri, 20 Jun 2025 23:01:00 GMT'), (b'Content-Type', b'application/json'), (b'Content-Length', b'23'), (b'Connection', b'keep-alive'), (b'Strict-Transport-Security', b'max-age=31536000; includeSubDomains; preload'), (b'Access-Control-Allow-Origin', b'*'), (b'Access-Control-Allow-Methods', b'GET, POST, OPTIONS'), (b'Access-Control-Expose-Headers', b'Content-Length,Content-Type,Date,Server,Connection')])
2025-06-21 00:01:01,539 - httpx - INFO - HTTP Request: POST https://api.telegram.org/bot7707158318:AAE8rWa4Q8Z_3avql6K0HAmXaooZAReoNF0/getUpdates "HTTP/1.1 200 OK"
2025-06-21 00:01:01,541 - httpcore.http11 - DEBUG - receive_response_body.started request=<Request [b'POST']>
2025-06-21 00:01:01,541 - httpcore.http11 - DEBUG - receive_response_body.complete
2025-06-21 00:01:01,541 - httpcore.http11 - DEBUG - response_closed.started
2025-06-21 00:01:01,543 - httpcore.http11 - DEBUG - response_closed.complete
2025-06-21 00:01:01,543 - telegram.ext.ExtBot - DEBUG - No new updates found.
2025-06-21 00:01:01,543 - telegram.ext.ExtBot - DEBUG - ()
2025-06-21 00:01:01,543 - telegram.ext.ExtBot - DEBUG - Exiting: get_updates
2025-06-21 00:01:01,543 - telegram.ext.ExtBot - DEBUG - Entering: get_updates
2025-06-21 00:01:01,545 - httpcore.http11 - DEBUG - send_request_headers.started request=<Request [b'POST']>
2025-06-21 00:01:01,547 - httpcore.http11 - DEBUG - send_request_headers.complete
2025-06-21 00:01:01,547 - httpcore.http11 - DEBUG - send_request_body.started request=<Request [b'POST']>
2025-06-21 00:01:01,547 - httpcore.http11 - DEBUG - send_request_body.complete
2025-06-21 00:01:01,548 - httpcore.http11 - DEBUG - receive_response_headers.started request=<Request [b'POST']>
2025-06-21 00:01:11,775 - httpcore.http11 - DEBUG - receive_response_headers.complete return_value=(b'HTTP/1.1', 200, b'OK', [(b'Server', b'nginx/1.18.0'), (b'Date', b'Fri, 20 Jun 2025 23:01:11 GMT'), (b'Content-Type', b'application/json'), (b'Content-Length', b'23'), (b'Connection', b'keep-alive'), (b'Strict-Transport-Security', b'max-age=31536000; includeSubDomains; preload'), (b'Access-Control-Allow-Origin', b'*'), (b'Access-Control-Allow-Methods', b'GET, POST, OPTIONS'), (b'Access-Control-Expose-Headers', b'Content-Length,Content-Type,Date,Server,Connection')])
2025-06-21 00:01:11,780 - httpx - INFO - HTTP Request: POST https://api.telegram.org/bot7707158318:AAE8rWa4Q8Z_3avql6K0HAmXaooZAReoNF0/getUpdates "HTTP/1.1 200 OK"
2025-06-21 00:01:11,785 - httpcore.http11 - DEBUG - receive_response_body.started request=<Request [b'POST']>
2025-06-21 00:01:11,785 - httpcore.http11 - DEBUG - receive_response_body.complete
2025-06-21 00:01:11,785 - httpcore.http11 - DEBUG - response_closed.started
2025-06-21 00:01:11,785 - httpcore.http11 - DEBUG - response_closed.complete
2025-06-21 00:01:11,787 - telegram.ext.ExtBot - DEBUG - No new updates found.
2025-06-21 00:01:11,787 - telegram.ext.ExtBot - DEBUG - ()
2025-06-21 00:01:11,787 - telegram.ext.ExtBot - DEBUG - Exiting: get_updates
2025-06-21 00:01:11,787 - telegram.ext.ExtBot - DEBUG - Entering: get_updates
2025-06-21 00:01:11,789 - httpcore.http11 - DEBUG - send_request_headers.started request=<Request [b'POST']>
2025-06-21 00:01:11,789 - httpcore.http11 - DEBUG - send_request_headers.complete
2025-06-21 00:01:11,789 - httpcore.http11 - DEBUG - send_request_body.started request=<Request [b'POST']>
2025-06-21 00:01:11,792 - httpcore.http11 - DEBUG - send_request_body.complete
2025-06-21 00:01:11,792 - httpcore.http11 - DEBUG - receive_response_headers.started request=<Request [b'POST']>
2025-06-21 00:01:21,955 - httpcore.http11 - DEBUG - receive_response_headers.complete return_value=(b'HTTP/1.1', 200, b'OK', [(b'Server', b'nginx/1.18.0'), (b'Date', b'Fri, 20 Jun 2025 23:01:21 GMT'), (b'Content-Type', b'application/json'), (b'Content-Length', b'23'), (b'Connection', b'keep-alive'), (b'Strict-Transport-Security', b'max-age=31536000; includeSubDomains; preload'), (b'Access-Control-Allow-Origin', b'*'), (b'Access-Control-Allow-Methods', b'GET, POST, OPTIONS'), (b'Access-Control-Expose-Headers', b'Content-Length,Content-Type,Date,Server,Connection')])
2025-06-21 00:01:21,957 - httpx - INFO - HTTP Request: POST https://api.telegram.org/bot7707158318:AAE8rWa4Q8Z_3avql6K0HAmXaooZAReoNF0/getUpdates "HTTP/1.1 200 OK"
2025-06-21 00:01:21,964 - httpcore.http11 - DEBUG - receive_response_body.started request=<Request [b'POST']>
2025-06-21 00:01:21,964 - httpcore.http11 - DEBUG - receive_response_body.complete
2025-06-21 00:01:21,965 - httpcore.http11 - DEBUG - response_closed.started
2025-06-21 00:01:21,965 - httpcore.http11 - DEBUG - response_closed.complete
2025-06-21 00:01:21,965 - telegram.ext.ExtBot - DEBUG - No new updates found.
2025-06-21 00:01:21,965 - telegram.ext.ExtBot - DEBUG - ()
2025-06-21 00:01:21,965 - telegram.ext.ExtBot - DEBUG - Exiting: get_updates
2025-06-21 00:01:21,967 - telegram.ext.ExtBot - DEBUG - Entering: get_updates
2025-06-21 00:01:21,968 - httpcore.http11 - DEBUG - send_request_headers.started request=<Request [b'POST']>
2025-06-21 00:01:21,968 - httpcore.http11 - DEBUG - send_request_headers.complete
2025-06-21 00:01:21,970 - httpcore.http11 - DEBUG - send_request_body.started request=<Request [b'POST']>
2025-06-21 00:01:21,970 - httpcore.http11 - DEBUG - send_request_body.complete
2025-06-21 00:01:21,970 - httpcore.http11 - DEBUG - receive_response_headers.started request=<Request [b'POST']>
2025-06-21 00:01:32,051 - httpcore.http11 - DEBUG - receive_response_headers.complete return_value=(b'HTTP/1.1', 200, b'OK', [(b'Server', b'nginx/1.18.0'), (b'Date', b'Fri, 20 Jun 2025 23:01:31 GMT'), (b'Content-Type', b'application/json'), (b'Content-Length', b'23'), (b'Connection', b'keep-alive'), (b'Strict-Transport-Security', b'max-age=31536000; includeSubDomains; preload'), (b'Access-Control-Allow-Origin', b'*'), (b'Access-Control-Allow-Methods', b'GET, POST, OPTIONS'), (b'Access-Control-Expose-Headers', b'Content-Length,Content-Type,Date,Server,Connection')])
2025-06-21 00:01:32,053 - httpx - INFO - HTTP Request: POST https://api.telegram.org/bot7707158318:AAE8rWa4Q8Z_3avql6K0HAmXaooZAReoNF0/getUpdates "HTTP/1.1 200 OK"
2025-06-21 00:01:32,060 - httpcore.http11 - DEBUG - receive_response_body.started request=<Request [b'POST']>
2025-06-21 00:01:32,064 - httpcore.http11 - DEBUG - receive_response_body.complete
2025-06-21 00:01:32,064 - httpcore.http11 - DEBUG - response_closed.started
2025-06-21 00:01:32,064 - httpcore.http11 - DEBUG - response_closed.complete
2025-06-21 00:01:32,066 - telegram.ext.ExtBot - DEBUG - No new updates found.
2025-06-21 00:01:32,066 - telegram.ext.ExtBot - DEBUG - ()
2025-06-21 00:01:32,066 - telegram.ext.ExtBot - DEBUG - Exiting: get_updates
2025-06-21 00:01:32,066 - telegram.ext.ExtBot - DEBUG - Entering: get_updates
2025-06-21 00:01:32,068 - httpcore.http11 - DEBUG - send_request_headers.started request=<Request [b'POST']>
2025-06-21 00:01:32,068 - httpcore.http11 - DEBUG - send_request_headers.complete
2025-06-21 00:01:32,069 - httpcore.http11 - DEBUG - send_request_body.started request=<Request [b'POST']>
2025-06-21 00:01:32,069 - httpcore.http11 - DEBUG - send_request_body.complete
2025-06-21 00:01:32,069 - httpcore.http11 - DEBUG - receive_response_headers.started request=<Request [b'POST']>
2025-06-21 00:01:42,292 - httpcore.http11 - DEBUG - receive_response_headers.complete return_value=(b'HTTP/1.1', 200, b'OK', [(b'Server', b'nginx/1.18.0'), (b'Date', b'Fri, 20 Jun 2025 23:01:41 GMT'), (b'Content-Type', b'application/json'), (b'Content-Length', b'23'), (b'Connection', b'keep-alive'), (b'Strict-Transport-Security', b'max-age=31536000; includeSubDomains; preload'), (b'Access-Control-Allow-Origin', b'*'), (b'Access-Control-Allow-Methods', b'GET, POST, OPTIONS'), (b'Access-Control-Expose-Headers', b'Content-Length,Content-Type,Date,Server,Connection')])
2025-06-21 00:01:42,294 - httpx - INFO - HTTP Request: POST https://api.telegram.org/bot7707158318:AAE8rWa4Q8Z_3avql6K0HAmXaooZAReoNF0/getUpdates "HTTP/1.1 200 OK"
2025-06-21 00:01:42,294 - httpcore.http11 - DEBUG - receive_response_body.started request=<Request [b'POST']>
2025-06-21 00:01:42,294 - httpcore.http11 - DEBUG - receive_response_body.complete
2025-06-21 00:01:42,299 - httpcore.http11 - DEBUG - response_closed.started
2025-06-21 00:01:42,301 - httpcore.http11 - DEBUG - response_closed.complete
2025-06-21 00:01:42,301 - telegram.ext.ExtBot - DEBUG - No new updates found.
2025-06-21 00:01:42,301 - telegram.ext.ExtBot - DEBUG - ()
2025-06-21 00:01:42,301 - telegram.ext.ExtBot - DEBUG - Exiting: get_updates
2025-06-21 00:01:42,303 - telegram.ext.ExtBot - DEBUG - Entering: get_updates
2025-06-21 00:01:42,303 - httpcore.http11 - DEBUG - send_request_headers.started request=<Request [b'POST']>
2025-06-21 00:01:42,303 - httpcore.http11 - DEBUG - send_request_headers.complete
2025-06-21 00:01:42,303 - httpcore.http11 - DEBUG - send_request_body.started request=<Request [b'POST']>
2025-06-21 00:01:42,303 - httpcore.http11 - DEBUG - send_request_body.complete
2025-06-21 00:01:42,303 - httpcore.http11 - DEBUG - receive_response_headers.started request=<Request [b'POST']>
2025-06-21 00:01:52,404 - httpcore.http11 - DEBUG - receive_response_headers.complete return_value=(b'HTTP/1.1', 200, b'OK', [(b'Server', b'nginx/1.18.0'), (b'Date', b'Fri, 20 Jun 2025 23:01:52 GMT'), (b'Content-Type', b'application/json'), (b'Content-Length', b'23'), (b'Connection', b'keep-alive'), (b'Strict-Transport-Security', b'max-age=31536000; includeSubDomains; preload'), (b'Access-Control-Allow-Origin', b'*'), (b'Access-Control-Allow-Methods', b'GET, POST, OPTIONS'), (b'Access-Control-Expose-Headers', b'Content-Length,Content-Type,Date,Server,Connection')])
2025-06-21 00:01:52,405 - httpx - INFO - HTTP Request: POST https://api.telegram.org/bot7707158318:AAE8rWa4Q8Z_3avql6K0HAmXaooZAReoNF0/getUpdates "HTTP/1.1 200 OK"
2025-06-21 00:01:52,411 - httpcore.http11 - DEBUG - receive_response_body.started request=<Request [b'POST']>
2025-06-21 00:01:52,411 - httpcore.http11 - DEBUG - receive_response_body.complete
2025-06-21 00:01:52,411 - httpcore.http11 - DEBUG - response_closed.started
2025-06-21 00:01:52,413 - httpcore.http11 - DEBUG - response_closed.complete
2025-06-21 00:01:52,413 - telegram.ext.ExtBot - DEBUG - No new updates found.
2025-06-21 00:01:52,413 - telegram.ext.ExtBot - DEBUG - ()
2025-06-21 00:01:52,413 - telegram.ext.ExtBot - DEBUG - Exiting: get_updates
2025-06-21 00:01:52,413 - telegram.ext.ExtBot - DEBUG - Entering: get_updates
2025-06-21 00:01:52,420 - httpcore.http11 - DEBUG - send_request_headers.started request=<Request [b'POST']>
2025-06-21 00:01:52,424 - httpcore.http11 - DEBUG - send_request_headers.complete
2025-06-21 00:01:52,424 - httpcore.http11 - DEBUG - send_request_body.started request=<Request [b'POST']>
2025-06-21 00:01:52,595 - httpcore.http11 - DEBUG - send_request_body.complete
2025-06-21 00:01:52,596 - httpcore.http11 - DEBUG - receive_response_headers.started request=<Request [b'POST']>
2025-06-21 00:02:02,781 - httpcore.http11 - DEBUG - receive_response_headers.complete return_value=(b'HTTP/1.1', 200, b'OK', [(b'Server', b'nginx/1.18.0'), (b'Date', b'Fri, 20 Jun 2025 23:02:02 GMT'), (b'Content-Type', b'application/json'), (b'Content-Length', b'23'), (b'Connection', b'keep-alive'), (b'Strict-Transport-Security', b'max-age=31536000; includeSubDomains; preload'), (b'Access-Control-Allow-Origin', b'*'), (b'Access-Control-Allow-Methods', b'GET, POST, OPTIONS'), (b'Access-Control-Expose-Headers', b'Content-Length,Content-Type,Date,Server,Connection')])
2025-06-21 00:02:02,783 - httpx - INFO - HTTP Request: POST https://api.telegram.org/bot7707158318:AAE8rWa4Q8Z_3avql6K0HAmXaooZAReoNF0/getUpdates "HTTP/1.1 200 OK"
2025-06-21 00:02:02,819 - httpcore.http11 - DEBUG - receive_response_body.started request=<Request [b'POST']>
2025-06-21 00:02:02,819 - httpcore.http11 - DEBUG - receive_response_body.complete
2025-06-21 00:02:02,820 - httpcore.http11 - DEBUG - response_closed.started
2025-06-21 00:02:02,975 - httpcore.http11 - DEBUG - response_closed.complete
2025-06-21 00:02:02,987 - telegram.ext.ExtBot - DEBUG - No new updates found.
2025-06-21 00:02:02,987 - telegram.ext.ExtBot - DEBUG - ()
2025-06-21 00:02:02,989 - telegram.ext.ExtBot - DEBUG - Exiting: get_updates
2025-06-21 00:02:02,989 - telegram.ext.ExtBot - DEBUG - Entering: get_updates
2025-06-21 00:02:03,131 - httpcore.http11 - DEBUG - send_request_headers.started request=<Request [b'POST']>
2025-06-21 00:02:03,140 - httpcore.http11 - DEBUG - send_request_headers.complete
2025-06-21 00:02:03,140 - httpcore.http11 - DEBUG - send_request_body.started request=<Request [b'POST']>
2025-06-21 00:02:03,144 - httpcore.http11 - DEBUG - send_request_body.complete
2025-06-21 00:02:03,145 - httpcore.http11 - DEBUG - receive_response_headers.started request=<Request [b'POST']>
2025-06-21 00:02:13,378 - httpcore.http11 - DEBUG - receive_response_headers.complete return_value=(b'HTTP/1.1', 200, b'OK', [(b'Server', b'nginx/1.18.0'), (b'Date', b'Fri, 20 Jun 2025 23:02:13 GMT'), (b'Content-Type', b'application/json'), (b'Content-Length', b'23'), (b'Connection', b'keep-alive'), (b'Strict-Transport-Security', b'max-age=31536000; includeSubDomains; preload'), (b'Access-Control-Allow-Origin', b'*'), (b'Access-Control-Allow-Methods', b'GET, POST, OPTIONS'), (b'Access-Control-Expose-Headers', b'Content-Length,Content-Type,Date,Server,Connection')])
2025-06-21 00:02:13,378 - httpx - INFO - HTTP Request: POST https://api.telegram.org/bot7707158318:AAE8rWa4Q8Z_3avql6K0HAmXaooZAReoNF0/getUpdates "HTTP/1.1 200 OK"
2025-06-21 00:02:13,381 - httpcore.http11 - DEBUG - receive_response_body.started request=<Request [b'POST']>
2025-06-21 00:02:13,381 - httpcore.http11 - DEBUG - receive_response_body.complete
2025-06-21 00:02:13,381 - httpcore.http11 - DEBUG - response_closed.started
2025-06-21 00:02:13,381 - httpcore.http11 - DEBUG - response_closed.complete
2025-06-21 00:02:13,384 - telegram.ext.ExtBot - DEBUG - No new updates found.
2025-06-21 00:02:13,384 - telegram.ext.ExtBot - DEBUG - ()
2025-06-21 00:02:13,384 - telegram.ext.ExtBot - DEBUG - Exiting: get_updates
2025-06-21 00:02:13,384 - telegram.ext.ExtBot - DEBUG - Entering: get_updates
2025-06-21 00:02:13,385 - httpcore.http11 - DEBUG - send_request_headers.started request=<Request [b'POST']>
2025-06-21 00:02:13,387 - httpcore.http11 - DEBUG - send_request_headers.complete
2025-06-21 00:02:13,387 - httpcore.http11 - DEBUG - send_request_body.started request=<Request [b'POST']>
2025-06-21 00:02:13,387 - httpcore.http11 - DEBUG - send_request_body.complete
2025-06-21 00:02:13,387 - httpcore.http11 - DEBUG - receive_response_headers.started request=<Request [b'POST']>
2025-06-21 00:02:23,468 - httpcore.http11 - DEBUG - receive_response_headers.complete return_value=(b'HTTP/1.1', 200, b'OK', [(b'Server', b'nginx/1.18.0'), (b'Date', b'Fri, 20 Jun 2025 23:02:23 GMT'), (b'Content-Type', b'application/json'), (b'Content-Length', b'23'), (b'Connection', b'keep-alive'), (b'Strict-Transport-Security', b'max-age=31536000; includeSubDomains; preload'), (b'Access-Control-Allow-Origin', b'*'), (b'Access-Control-Allow-Methods', b'GET, POST, OPTIONS'), (b'Access-Control-Expose-Headers', b'Content-Length,Content-Type,Date,Server,Connection')])
2025-06-21 00:02:23,470 - httpx - INFO - HTTP Request: POST https://api.telegram.org/bot7707158318:AAE8rWa4Q8Z_3avql6K0HAmXaooZAReoNF0/getUpdates "HTTP/1.1 200 OK"
2025-06-21 00:02:23,473 - httpcore.http11 - DEBUG - receive_response_body.started request=<Request [b'POST']>
2025-06-21 00:02:23,473 - httpcore.http11 - DEBUG - receive_response_body.complete
2025-06-21 00:02:23,475 - httpcore.http11 - DEBUG - response_closed.started
2025-06-21 00:02:23,475 - httpcore.http11 - DEBUG - response_closed.complete
2025-06-21 00:02:23,476 - telegram.ext.ExtBot - DEBUG - No new updates found.
2025-06-21 00:02:23,476 - telegram.ext.ExtBot - DEBUG - ()
2025-06-21 00:02:23,476 - telegram.ext.ExtBot - DEBUG - Exiting: get_updates
2025-06-21 00:02:23,476 - telegram.ext.ExtBot - DEBUG - Entering: get_updates
2025-06-21 00:02:23,478 - httpcore.http11 - DEBUG - send_request_headers.started request=<Request [b'POST']>
2025-06-21 00:02:23,480 - httpcore.http11 - DEBUG - send_request_headers.complete
2025-06-21 00:02:23,480 - httpcore.http11 - DEBUG - send_request_body.started request=<Request [b'POST']>
2025-06-21 00:02:23,480 - httpcore.http11 - DEBUG - send_request_body.complete
2025-06-21 00:02:23,482 - httpcore.http11 - DEBUG - receive_response_headers.started request=<Request [b'POST']>
2025-06-21 00:02:33,642 - httpcore.http11 - DEBUG - receive_response_headers.complete return_value=(b'HTTP/1.1', 200, b'OK', [(b'Server', b'nginx/1.18.0'), (b'Date', b'Fri, 20 Jun 2025 23:02:33 GMT'), (b'Content-Type', b'application/json'), (b'Content-Length', b'23'), (b'Connection', b'keep-alive'), (b'Strict-Transport-Security', b'max-age=31536000; includeSubDomains; preload'), (b'Access-Control-Allow-Origin', b'*'), (b'Access-Control-Allow-Methods', b'GET, POST, OPTIONS'), (b'Access-Control-Expose-Headers', b'Content-Length,Content-Type,Date,Server,Connection')])
2025-06-21 00:02:33,644 - httpx - INFO - HTTP Request: POST https://api.telegram.org/bot7707158318:AAE8rWa4Q8Z_3avql6K0HAmXaooZAReoNF0/getUpdates "HTTP/1.1 200 OK"
2025-06-21 00:02:33,656 - httpcore.http11 - DEBUG - receive_response_body.started request=<Request [b'POST']>
2025-06-21 00:02:33,656 - httpcore.http11 - DEBUG - receive_response_body.complete
2025-06-21 00:02:33,656 - httpcore.http11 - DEBUG - response_closed.started
2025-06-21 00:02:33,656 - httpcore.http11 - DEBUG - response_closed.complete
2025-06-21 00:02:33,659 - telegram.ext.ExtBot - DEBUG - No new updates found.
2025-06-21 00:02:33,660 - telegram.ext.ExtBot - DEBUG - ()
2025-06-21 00:02:33,660 - telegram.ext.ExtBot - DEBUG - Exiting: get_updates
2025-06-21 00:02:33,660 - telegram.ext.ExtBot - DEBUG - Entering: get_updates
2025-06-21 00:02:33,665 - httpcore.http11 - DEBUG - send_request_headers.started request=<Request [b'POST']>
2025-06-21 00:02:33,667 - httpcore.http11 - DEBUG - send_request_headers.complete
2025-06-21 00:02:33,667 - httpcore.http11 - DEBUG - send_request_body.started request=<Request [b'POST']>
2025-06-21 00:02:33,667 - httpcore.http11 - DEBUG - send_request_body.complete
2025-06-21 00:02:33,667 - httpcore.http11 - DEBUG - receive_response_headers.started request=<Request [b'POST']>
2025-06-21 00:02:43,756 - httpcore.http11 - DEBUG - receive_response_headers.complete return_value=(b'HTTP/1.1', 200, b'OK', [(b'Server', b'nginx/1.18.0'), (b'Date', b'Fri, 20 Jun 2025 23:02:43 GMT'), (b'Content-Type', b'application/json'), (b'Content-Length', b'23'), (b'Connection', b'keep-alive'), (b'Strict-Transport-Security', b'max-age=31536000; includeSubDomains; preload'), (b'Access-Control-Allow-Origin', b'*'), (b'Access-Control-Allow-Methods', b'GET, POST, OPTIONS'), (b'Access-Control-Expose-Headers', b'Content-Length,Content-Type,Date,Server,Connection')])
2025-06-21 00:02:43,758 - httpx - INFO - HTTP Request: POST https://api.telegram.org/bot7707158318:AAE8rWa4Q8Z_3avql6K0HAmXaooZAReoNF0/getUpdates "HTTP/1.1 200 OK"
2025-06-21 00:02:43,765 - httpcore.http11 - DEBUG - receive_response_body.started request=<Request [b'POST']>
2025-06-21 00:02:43,766 - httpcore.http11 - DEBUG - receive_response_body.complete
2025-06-21 00:02:43,766 - httpcore.http11 - DEBUG - response_closed.started
2025-06-21 00:02:43,766 - httpcore.http11 - DEBUG - response_closed.complete
2025-06-21 00:02:43,768 - telegram.ext.ExtBot - DEBUG - No new updates found.
2025-06-21 00:02:43,768 - telegram.ext.ExtBot - DEBUG - ()
2025-06-21 00:02:43,768 - telegram.ext.ExtBot - DEBUG - Exiting: get_updates
2025-06-21 00:02:43,768 - telegram.ext.ExtBot - DEBUG - Entering: get_updates
2025-06-21 00:02:43,772 - httpcore.http11 - DEBUG - send_request_headers.started request=<Request [b'POST']>
2025-06-21 00:02:43,774 - httpcore.http11 - DEBUG - send_request_headers.complete
2025-06-21 00:02:43,774 - httpcore.http11 - DEBUG - send_request_body.started request=<Request [b'POST']>
2025-06-21 00:02:43,775 - httpcore.http11 - DEBUG - send_request_body.complete
2025-06-21 00:02:43,775 - httpcore.http11 - DEBUG - receive_response_headers.started request=<Request [b'POST']>
2025-06-21 00:02:54,102 - httpcore.http11 - DEBUG - receive_response_headers.complete return_value=(b'HTTP/1.1', 200, b'OK', [(b'Server', b'nginx/1.18.0'), (b'Date', b'Fri, 20 Jun 2025 23:02:53 GMT'), (b'Content-Type', b'application/json'), (b'Content-Length', b'23'), (b'Connection', b'keep-alive'), (b'Strict-Transport-Security', b'max-age=31536000; includeSubDomains; preload'), (b'Access-Control-Allow-Origin', b'*'), (b'Access-Control-Allow-Methods', b'GET, POST, OPTIONS'), (b'Access-Control-Expose-Headers', b'Content-Length,Content-Type,Date,Server,Connection')])
2025-06-21 00:02:54,165 - httpx - INFO - HTTP Request: POST https://api.telegram.org/bot7707158318:AAE8rWa4Q8Z_3avql6K0HAmXaooZAReoNF0/getUpdates "HTTP/1.1 200 OK"
2025-06-21 00:02:54,184 - httpcore.http11 - DEBUG - receive_response_body.started request=<Request [b'POST']>
2025-06-21 00:02:54,191 - httpcore.http11 - DEBUG - receive_response_body.complete
2025-06-21 00:02:54,320 - httpcore.http11 - DEBUG - response_closed.started
2025-06-21 00:02:54,320 - httpcore.http11 - DEBUG - response_closed.complete
2025-06-21 00:02:54,378 - telegram.ext.ExtBot - DEBUG - No new updates found.
2025-06-21 00:02:54,379 - telegram.ext.ExtBot - DEBUG - ()
2025-06-21 00:02:54,379 - telegram.ext.ExtBot - DEBUG - Exiting: get_updates
2025-06-21 00:02:54,379 - telegram.ext.ExtBot - DEBUG - Entering: get_updates
2025-06-21 00:02:54,402 - httpcore.http11 - DEBUG - send_request_headers.started request=<Request [b'POST']>
2025-06-21 00:02:54,413 - httpcore.http11 - DEBUG - send_request_headers.complete
2025-06-21 00:02:54,421 - httpcore.http11 - DEBUG - send_request_body.started request=<Request [b'POST']>
2025-06-21 00:02:54,425 - httpcore.http11 - DEBUG - send_request_body.complete
2025-06-21 00:02:54,425 - httpcore.http11 - DEBUG - receive_response_headers.started request=<Request [b'POST']>
2025-06-21 00:03:04,508 - httpcore.http11 - DEBUG - receive_response_headers.complete return_value=(b'HTTP/1.1', 200, b'OK', [(b'Server', b'nginx/1.18.0'), (b'Date', b'Fri, 20 Jun 2025 23:03:04 GMT'), (b'Content-Type', b'application/json'), (b'Content-Length', b'23'), (b'Connection', b'keep-alive'), (b'Strict-Transport-Security', b'max-age=31536000; includeSubDomains; preload'), (b'Access-Control-Allow-Origin', b'*'), (b'Access-Control-Allow-Methods', b'GET, POST, OPTIONS'), (b'Access-Control-Expose-Headers', b'Content-Length,Content-Type,Date,Server,Connection')])
2025-06-21 00:03:04,509 - httpx - INFO - HTTP Request: POST https://api.telegram.org/bot7707158318:AAE8rWa4Q8Z_3avql6K0HAmXaooZAReoNF0/getUpdates "HTTP/1.1 200 OK"
2025-06-21 00:03:04,510 - httpcore.http11 - DEBUG - receive_response_body.started request=<Request [b'POST']>
2025-06-21 00:03:04,511 - httpcore.http11 - DEBUG - receive_response_body.complete
2025-06-21 00:03:04,511 - httpcore.http11 - DEBUG - response_closed.started
2025-06-21 00:03:04,511 - httpcore.http11 - DEBUG - response_closed.complete
2025-06-21 00:03:04,512 - telegram.ext.ExtBot - DEBUG - No new updates found.
2025-06-21 00:03:04,513 - telegram.ext.ExtBot - DEBUG - ()
2025-06-21 00:03:04,514 - telegram.ext.ExtBot - DEBUG - Exiting: get_updates
2025-06-21 00:03:04,516 - telegram.ext.ExtBot - DEBUG - Entering: get_updates
2025-06-21 00:03:04,542 - httpcore.http11 - DEBUG - send_request_headers.started request=<Request [b'POST']>
2025-06-21 00:03:04,562 - httpcore.http11 - DEBUG - send_request_headers.complete
2025-06-21 00:03:04,563 - httpcore.http11 - DEBUG - send_request_body.started request=<Request [b'POST']>
2025-06-21 00:03:04,565 - httpcore.http11 - DEBUG - send_request_body.complete
2025-06-21 00:03:04,567 - httpcore.http11 - DEBUG - receive_response_headers.started request=<Request [b'POST']>
2025-06-21 00:03:14,650 - httpcore.http11 - DEBUG - receive_response_headers.complete return_value=(b'HTTP/1.1', 200, b'OK', [(b'Server', b'nginx/1.18.0'), (b'Date', b'Fri, 20 Jun 2025 23:03:14 GMT'), (b'Content-Type', b'application/json'), (b'Content-Length', b'23'), (b'Connection', b'keep-alive'), (b'Strict-Transport-Security', b'max-age=31536000; includeSubDomains; preload'), (b'Access-Control-Allow-Origin', b'*'), (b'Access-Control-Allow-Methods', b'GET, POST, OPTIONS'), (b'Access-Control-Expose-Headers', b'Content-Length,Content-Type,Date,Server,Connection')])
2025-06-21 00:03:14,653 - httpx - INFO - HTTP Request: POST https://api.telegram.org/bot7707158318:AAE8rWa4Q8Z_3avql6K0HAmXaooZAReoNF0/getUpdates "HTTP/1.1 200 OK"
2025-06-21 00:03:14,653 - httpcore.http11 - DEBUG - receive_response_body.started request=<Request [b'POST']>
2025-06-21 00:03:14,653 - httpcore.http11 - DEBUG - receive_response_body.complete
2025-06-21 00:03:14,653 - httpcore.http11 - DEBUG - response_closed.started
2025-06-21 00:03:14,655 - httpcore.http11 - DEBUG - response_closed.complete
2025-06-21 00:03:14,655 - telegram.ext.ExtBot - DEBUG - No new updates found.
2025-06-21 00:03:14,655 - telegram.ext.ExtBot - DEBUG - ()
2025-06-21 00:03:14,655 - telegram.ext.ExtBot - DEBUG - Exiting: get_updates
2025-06-21 00:03:14,655 - telegram.ext.ExtBot - DEBUG - Entering: get_updates
2025-06-21 00:03:14,659 - httpcore.http11 - DEBUG - send_request_headers.started request=<Request [b'POST']>
2025-06-21 00:03:14,660 - httpcore.http11 - DEBUG - send_request_headers.complete
2025-06-21 00:03:14,660 - httpcore.http11 - DEBUG - send_request_body.started request=<Request [b'POST']>
2025-06-21 00:03:14,662 - httpcore.http11 - DEBUG - send_request_body.complete
2025-06-21 00:03:14,662 - httpcore.http11 - DEBUG - receive_response_headers.started request=<Request [b'POST']>
2025-06-21 00:03:25,103 - httpcore.http11 - DEBUG - receive_response_headers.complete return_value=(b'HTTP/1.1', 200, b'OK', [(b'Server', b'nginx/1.18.0'), (b'Date', b'Fri, 20 Jun 2025 23:03:24 GMT'), (b'Content-Type', b'application/json'), (b'Content-Length', b'23'), (b'Connection', b'keep-alive'), (b'Strict-Transport-Security', b'max-age=31536000; includeSubDomains; preload'), (b'Access-Control-Allow-Origin', b'*'), (b'Access-Control-Allow-Methods', b'GET, POST, OPTIONS'), (b'Access-Control-Expose-Headers', b'Content-Length,Content-Type,Date,Server,Connection')])
2025-06-21 00:03:25,106 - httpx - INFO - HTTP Request: POST https://api.telegram.org/bot7707158318:AAE8rWa4Q8Z_3avql6K0HAmXaooZAReoNF0/getUpdates "HTTP/1.1 200 OK"
2025-06-21 00:03:25,106 - httpcore.http11 - DEBUG - receive_response_body.started request=<Request [b'POST']>
2025-06-21 00:03:25,106 - httpcore.http11 - DEBUG - receive_response_body.complete
2025-06-21 00:03:25,109 - httpcore.http11 - DEBUG - response_closed.started
2025-06-21 00:03:25,109 - httpcore.http11 - DEBUG - response_closed.complete
2025-06-21 00:03:25,109 - telegram.ext.ExtBot - DEBUG - No new updates found.
2025-06-21 00:03:25,109 - telegram.ext.ExtBot - DEBUG - ()
2025-06-21 00:03:25,111 - telegram.ext.ExtBot - DEBUG - Exiting: get_updates
2025-06-21 00:03:25,111 - telegram.ext.ExtBot - DEBUG - Entering: get_updates
2025-06-21 00:03:25,112 - httpcore.http11 - DEBUG - send_request_headers.started request=<Request [b'POST']>
2025-06-21 00:03:25,114 - httpcore.http11 - DEBUG - send_request_headers.complete
2025-06-21 00:03:25,114 - httpcore.http11 - DEBUG - send_request_body.started request=<Request [b'POST']>
2025-06-21 00:03:25,114 - httpcore.http11 - DEBUG - send_request_body.complete
2025-06-21 00:03:25,115 - httpcore.http11 - DEBUG - receive_response_headers.started request=<Request [b'POST']>
2025-06-21 00:03:35,247 - httpcore.http11 - DEBUG - receive_response_headers.complete return_value=(b'HTTP/1.1', 200, b'OK', [(b'Server', b'nginx/1.18.0'), (b'Date', b'Fri, 20 Jun 2025 23:03:34 GMT'), (b'Content-Type', b'application/json'), (b'Content-Length', b'23'), (b'Connection', b'keep-alive'), (b'Strict-Transport-Security', b'max-age=31536000; includeSubDomains; preload'), (b'Access-Control-Allow-Origin', b'*'), (b'Access-Control-Allow-Methods', b'GET, POST, OPTIONS'), (b'Access-Control-Expose-Headers', b'Content-Length,Content-Type,Date,Server,Connection')])
2025-06-21 00:03:35,247 - httpx - INFO - HTTP Request: POST https://api.telegram.org/bot7707158318:AAE8rWa4Q8Z_3avql6K0HAmXaooZAReoNF0/getUpdates "HTTP/1.1 200 OK"
2025-06-21 00:03:35,250 - httpcore.http11 - DEBUG - receive_response_body.started request=<Request [b'POST']>
2025-06-21 00:03:35,250 - httpcore.http11 - DEBUG - receive_response_body.complete
2025-06-21 00:03:35,250 - httpcore.http11 - DEBUG - response_closed.started
2025-06-21 00:03:35,250 - httpcore.http11 - DEBUG - response_closed.complete
2025-06-21 00:03:35,250 - telegram.ext.ExtBot - DEBUG - No new updates found.
2025-06-21 00:03:35,250 - telegram.ext.ExtBot - DEBUG - ()
2025-06-21 00:03:35,250 - telegram.ext.ExtBot - DEBUG - Exiting: get_updates
2025-06-21 00:03:35,250 - telegram.ext.ExtBot - DEBUG - Entering: get_updates
2025-06-21 00:03:35,250 - httpcore.http11 - DEBUG - send_request_headers.started request=<Request [b'POST']>
2025-06-21 00:03:35,250 - httpcore.http11 - DEBUG - send_request_headers.complete
2025-06-21 00:03:35,250 - httpcore.http11 - DEBUG - send_request_body.started request=<Request [b'POST']>
2025-06-21 00:03:35,250 - httpcore.http11 - DEBUG - send_request_body.complete
2025-06-21 00:03:35,250 - httpcore.http11 - DEBUG - receive_response_headers.started request=<Request [b'POST']>
2025-06-21 00:03:45,352 - httpcore.http11 - DEBUG - receive_response_headers.complete return_value=(b'HTTP/1.1', 200, b'OK', [(b'Server', b'nginx/1.18.0'), (b'Date', b'Fri, 20 Jun 2025 23:03:45 GMT'), (b'Content-Type', b'application/json'), (b'Content-Length', b'23'), (b'Connection', b'keep-alive'), (b'Strict-Transport-Security', b'max-age=31536000; includeSubDomains; preload'), (b'Access-Control-Allow-Origin', b'*'), (b'Access-Control-Allow-Methods', b'GET, POST, OPTIONS'), (b'Access-Control-Expose-Headers', b'Content-Length,Content-Type,Date,Server,Connection')])
2025-06-21 00:03:45,354 - httpx - INFO - HTTP Request: POST https://api.telegram.org/bot7707158318:AAE8rWa4Q8Z_3avql6K0HAmXaooZAReoNF0/getUpdates "HTTP/1.1 200 OK"
2025-06-21 00:03:45,357 - httpcore.http11 - DEBUG - receive_response_body.started request=<Request [b'POST']>
2025-06-21 00:03:45,357 - httpcore.http11 - DEBUG - receive_response_body.complete
2025-06-21 00:03:45,359 - httpcore.http11 - DEBUG - response_closed.started
2025-06-21 00:03:45,359 - httpcore.http11 - DEBUG - response_closed.complete
2025-06-21 00:03:45,361 - telegram.ext.ExtBot - DEBUG - No new updates found.
2025-06-21 00:03:45,361 - telegram.ext.ExtBot - DEBUG - ()
2025-06-21 00:03:45,362 - telegram.ext.ExtBot - DEBUG - Exiting: get_updates
2025-06-21 00:03:45,362 - telegram.ext.ExtBot - DEBUG - Entering: get_updates
2025-06-21 00:03:45,365 - httpcore.http11 - DEBUG - send_request_headers.started request=<Request [b'POST']>
2025-06-21 00:03:45,365 - httpcore.http11 - DEBUG - send_request_headers.complete
2025-06-21 00:03:45,367 - httpcore.http11 - DEBUG - send_request_body.started request=<Request [b'POST']>
2025-06-21 00:03:45,367 - httpcore.http11 - DEBUG - send_request_body.complete
2025-06-21 00:03:45,367 - httpcore.http11 - DEBUG - receive_response_headers.started request=<Request [b'POST']>
2025-06-21 00:03:55,638 - httpcore.http11 - DEBUG - receive_response_headers.complete return_value=(b'HTTP/1.1', 200, b'OK', [(b'Server', b'nginx/1.18.0'), (b'Date', b'Fri, 20 Jun 2025 23:03:55 GMT'), (b'Content-Type', b'application/json'), (b'Content-Length', b'23'), (b'Connection', b'keep-alive'), (b'Strict-Transport-Security', b'max-age=31536000; includeSubDomains; preload'), (b'Access-Control-Allow-Origin', b'*'), (b'Access-Control-Allow-Methods', b'GET, POST, OPTIONS'), (b'Access-Control-Expose-Headers', b'Content-Length,Content-Type,Date,Server,Connection')])
2025-06-21 00:03:55,639 - httpx - INFO - HTTP Request: POST https://api.telegram.org/bot7707158318:AAE8rWa4Q8Z_3avql6K0HAmXaooZAReoNF0/getUpdates "HTTP/1.1 200 OK"
2025-06-21 00:03:55,669 - httpcore.http11 - DEBUG - receive_response_body.started request=<Request [b'POST']>
2025-06-21 00:03:55,669 - httpcore.http11 - DEBUG - receive_response_body.complete
2025-06-21 00:03:55,670 - httpcore.http11 - DEBUG - response_closed.started
2025-06-21 00:03:55,670 - httpcore.http11 - DEBUG - response_closed.complete
2025-06-21 00:03:55,671 - telegram.ext.ExtBot - DEBUG - No new updates found.
2025-06-21 00:03:55,671 - telegram.ext.ExtBot - DEBUG - ()
2025-06-21 00:03:55,671 - telegram.ext.ExtBot - DEBUG - Exiting: get_updates
2025-06-21 00:03:55,671 - telegram.ext.ExtBot - DEBUG - Entering: get_updates
2025-06-21 00:03:55,674 - httpcore.http11 - DEBUG - send_request_headers.started request=<Request [b'POST']>
2025-06-21 00:03:55,676 - httpcore.http11 - DEBUG - send_request_headers.complete
2025-06-21 00:03:55,676 - httpcore.http11 - DEBUG - send_request_body.started request=<Request [b'POST']>
2025-06-21 00:03:55,681 - httpcore.http11 - DEBUG - send_request_body.complete
2025-06-21 00:03:55,681 - httpcore.http11 - DEBUG - receive_response_headers.started request=<Request [b'POST']>
2025-06-21 00:04:02,174 - httpcore.http11 - DEBUG - receive_response_headers.complete return_value=(b'HTTP/1.1', 200, b'OK', [(b'Server', b'nginx/1.18.0'), (b'Date', b'Fri, 20 Jun 2025 23:04:01 GMT'), (b'Content-Type', b'application/json'), (b'Content-Length', b'816'), (b'Connection', b'keep-alive'), (b'Strict-Transport-Security', b'max-age=31536000; includeSubDomains; preload'), (b'Access-Control-Allow-Origin', b'*'), (b'Access-Control-Allow-Methods', b'GET, POST, OPTIONS'), (b'Access-Control-Expose-Headers', b'Content-Length,Content-Type,Date,Server,Connection')])
2025-06-21 00:04:02,176 - httpx - INFO - HTTP Request: POST https://api.telegram.org/bot7707158318:AAE8rWa4Q8Z_3avql6K0HAmXaooZAReoNF0/getUpdates "HTTP/1.1 200 OK"
2025-06-21 00:04:02,181 - httpcore.http11 - DEBUG - receive_response_body.started request=<Request [b'POST']>
2025-06-21 00:04:02,181 - httpcore.http11 - DEBUG - receive_response_body.complete
2025-06-21 00:04:02,181 - httpcore.http11 - DEBUG - response_closed.started
2025-06-21 00:04:02,181 - httpcore.http11 - DEBUG - response_closed.complete
2025-06-21 00:04:02,183 - telegram.ext.ExtBot - DEBUG - Getting updates: [37529919]
2025-06-21 00:04:02,185 - telegram.ext.ExtBot - DEBUG - (Update(callback_query=CallbackQuery(chat_instance='-1307310250263184334', data='show_balance', from_user=User(first_name='Ghost', id=7049055170, is_bot=False, language_code='en', last_name='Number1'), id='2605345313930699925', message=Message(channel_chat_created=False, chat=Chat(first_name='Ghost', id=7049055170, last_name='Number1', type=<ChatType.PRIVATE>), date=datetime.datetime(2025, 6, 20, 22, 59, 11, tzinfo=<UTC>), delete_chat_photo=False, from_user=User(first_name='SPRD', id=7707158318, is_bot=True, username='tizi91Bot'), group_chat_created=False, message_id=5711, reply_markup=InlineKeyboardMarkup(inline_keyboard=((InlineKeyboardButton(callback_data='start_sniperx', text='🚀 Start SniperX'),), (InlineKeyboardButton(callback_data='stop_sniperx', text='🛑 Stop SniperX'), InlineKeyboardButton(callback_data='status_sniperx', text='📊 Status')), (InlineKeyboardButton(callback_data='show_balance', text='💰 Balance'),))), supergroup_chat_created=False, text='SniperX Bot Control Panel:')), update_id=37529919),)
2025-06-21 00:04:02,185 - telegram.ext.ExtBot - DEBUG - Exiting: get_updates
2025-06-21 00:04:02,185 - telegram.ext.ExtBot - DEBUG - Entering: get_updates
2025-06-21 00:04:02,187 - telegram.ext.Application - DEBUG - Processing update Update(callback_query=CallbackQuery(chat_instance='-1307310250263184334', data='show_balance', from_user=User(first_name='Ghost', id=7049055170, is_bot=False, language_code='en', last_name='Number1'), id='2605345313930699925', message=Message(channel_chat_created=False, chat=Chat(first_name='Ghost', id=7049055170, last_name='Number1', type=<ChatType.PRIVATE>), date=datetime.datetime(2025, 6, 20, 22, 59, 11, tzinfo=<UTC>), delete_chat_photo=False, from_user=User(first_name='SPRD', id=7707158318, is_bot=True, username='tizi91Bot'), group_chat_created=False, message_id=5711, reply_markup=InlineKeyboardMarkup(inline_keyboard=((InlineKeyboardButton(callback_data='start_sniperx', text='🚀 Start SniperX'),), (InlineKeyboardButton(callback_data='stop_sniperx', text='🛑 Stop SniperX'), InlineKeyboardButton(callback_data='status_sniperx', text='📊 Status')), (InlineKeyboardButton(callback_data='show_balance', text='💰 Balance'),))), supergroup_chat_created=False, text='SniperX Bot Control Panel:')), update_id=37529919)
2025-06-21 00:04:02,191 - __main__ - INFO - Button callback received: Update(callback_query=CallbackQuery(chat_instance='-1307310250263184334', data='show_balance', from_user=User(first_name='Ghost', id=7049055170, is_bot=False, language_code='en', last_name='Number1'), id='2605345313930699925', message=Message(channel_chat_created=False, chat=Chat(first_name='Ghost', id=7049055170, last_name='Number1', type=<ChatType.PRIVATE>), date=datetime.datetime(2025, 6, 20, 22, 59, 11, tzinfo=<UTC>), delete_chat_photo=False, from_user=User(first_name='SPRD', id=7707158318, is_bot=True, username='tizi91Bot'), group_chat_created=False, message_id=5711, reply_markup=InlineKeyboardMarkup(inline_keyboard=((InlineKeyboardButton(callback_data='start_sniperx', text='🚀 Start SniperX'),), (InlineKeyboardButton(callback_data='stop_sniperx', text='🛑 Stop SniperX'), InlineKeyboardButton(callback_data='status_sniperx', text='📊 Status')), (InlineKeyboardButton(callback_data='show_balance', text='💰 Balance'),))), supergroup_chat_created=False, text='SniperX Bot Control Panel:')), update_id=37529919)
2025-06-21 00:04:02,194 - telegram.ext.ExtBot - DEBUG - Entering: answer_callback_query
2025-06-21 00:04:02,197 - httpcore.connection - DEBUG - close.started
2025-06-21 00:04:02,198 - httpcore.connection - DEBUG - close.complete
2025-06-21 00:04:02,198 - httpcore.http11 - DEBUG - send_request_headers.started request=<Request [b'POST']>
2025-06-21 00:04:02,200 - httpcore.connection - DEBUG - connect_tcp.started host='api.telegram.org' port=443 local_address=None timeout=5.0 socket_options=None
2025-06-21 00:04:02,201 - httpcore.http11 - DEBUG - send_request_headers.complete
2025-06-21 00:04:02,201 - httpcore.http11 - DEBUG - send_request_body.started request=<Request [b'POST']>
2025-06-21 00:04:02,203 - httpcore.http11 - DEBUG - send_request_body.complete
2025-06-21 00:04:02,204 - httpcore.http11 - DEBUG - receive_response_headers.started request=<Request [b'POST']>
2025-06-21 00:04:02,335 - httpcore.connection - DEBUG - connect_tcp.complete return_value=<httpcore._backends.anyio.AnyIOStream object at 0x0000026295D40190>
2025-06-21 00:04:02,337 - httpcore.connection - DEBUG - start_tls.started ssl_context=<ssl.SSLContext object at 0x0000026295C49AC0> server_hostname='api.telegram.org' timeout=5.0
2025-06-21 00:04:02,450 - httpcore.connection - DEBUG - start_tls.complete return_value=<httpcore._backends.anyio.AnyIOStream object at 0x0000026295D40D30>
2025-06-21 00:04:02,451 - httpcore.http11 - DEBUG - send_request_headers.started request=<Request [b'POST']>
2025-06-21 00:04:02,453 - httpcore.http11 - DEBUG - send_request_headers.complete
2025-06-21 00:04:02,453 - httpcore.http11 - DEBUG - send_request_body.started request=<Request [b'POST']>
2025-06-21 00:04:02,454 - httpcore.http11 - DEBUG - send_request_body.complete
2025-06-21 00:04:02,454 - httpcore.http11 - DEBUG - receive_response_headers.started request=<Request [b'POST']>
2025-06-21 00:04:02,541 - httpcore.http11 - DEBUG - receive_response_headers.complete return_value=(b'HTTP/1.1', 200, b'OK', [(b'Server', b'nginx/1.18.0'), (b'Date', b'Fri, 20 Jun 2025 23:04:02 GMT'), (b'Content-Type', b'application/json'), (b'Content-Length', b'25'), (b'Connection', b'keep-alive'), (b'Strict-Transport-Security', b'max-age=31536000; includeSubDomains; preload'), (b'Access-Control-Allow-Origin', b'*'), (b'Access-Control-Allow-Methods', b'GET, POST, OPTIONS'), (b'Access-Control-Expose-Headers', b'Content-Length,Content-Type,Date,Server,Connection')])
2025-06-21 00:04:02,543 - httpx - INFO - HTTP Request: POST https://api.telegram.org/bot7707158318:AAE8rWa4Q8Z_3avql6K0HAmXaooZAReoNF0/answerCallbackQuery "HTTP/1.1 200 OK"
2025-06-21 00:04:02,543 - httpcore.http11 - DEBUG - receive_response_body.started request=<Request [b'POST']>
2025-06-21 00:04:02,544 - httpcore.http11 - DEBUG - receive_response_body.complete
2025-06-21 00:04:02,544 - httpcore.http11 - DEBUG - response_closed.started
2025-06-21 00:04:02,544 - httpcore.http11 - DEBUG - response_closed.complete
2025-06-21 00:04:02,544 - telegram.ext.ExtBot - DEBUG - True
2025-06-21 00:04:02,544 - telegram.ext.ExtBot - DEBUG - Exiting: answer_callback_query
2025-06-21 00:04:02,546 - __main__ - INFO - Processing action: show_balance
2025-06-21 00:04:02,546 - __main__ - INFO - Processing show_balance action
2025-06-21 00:04:02,547 - __main__ - INFO - Reading wallet balance from: C:\Users\Rachid Aitali\OneDrive - 4JM Solutions Limited\Desktop\SniperX\SniperX\SniperX-V3\wallet_balance.json
2025-06-21 00:04:02,548 - __main__ - DEBUG - Raw wallet balance data: {'sol': '0.001771443', 'usd': '0.246366978111', 'sol_price': '139.077', 'timestamp': 1750460351.3273945}
2025-06-21 00:04:02,548 - __main__ - INFO - Successfully read balance - SOL: 0.001771443, USD: 0.246366978111, Age: 4.9 minutes
2025-06-21 00:04:02,549 - __main__ - INFO - Current balance after read: {'sol': Decimal('0.001771443'), 'usd': Decimal('0.246366978111'), 'timestamp': 1750460351.3273945}
2025-06-21 00:04:02,550 - __main__ - INFO - Wallet manager not running, attempting to start it
2025-06-21 00:04:02,551 - __main__ - INFO - Starting wallet manager from: C:\Users\Rachid Aitali\OneDrive - 4JM Solutions Limited\Desktop\SniperX\SniperX\SniperX-V3\wallet_manager.py
2025-06-21 00:04:02,602 - __main__ - INFO - Wallet manager started with PID: 26064
2025-06-21 00:04:04,607 - __main__ - INFO - Wallet manager started successfully, reading balance...
2025-06-21 00:04:04,608 - __main__ - INFO - Reading wallet balance from: C:\Users\Rachid Aitali\OneDrive - 4JM Solutions Limited\Desktop\SniperX\SniperX\SniperX-V3\wallet_balance.json
2025-06-21 00:04:04,611 - __main__ - DEBUG - Raw wallet balance data: {'sol': '0.001771443', 'usd': '0.246366978111', 'sol_price': '139.077', 'timestamp': 1750460351.3273945}
2025-06-21 00:04:04,611 - __main__ - INFO - Successfully read balance - SOL: 0.001771443, USD: 0.246366978111, Age: 4.9 minutes
2025-06-21 00:04:04,611 - __main__ - INFO - Balance after wallet manager start: {'sol': Decimal('0.001771443'), 'usd': Decimal('0.246366978111'), 'timestamp': 1750460351.3273945}
2025-06-21 00:04:04,614 - __main__ - INFO - Balance retrieved successfully
2025-06-21 00:04:04,648 - telegram.ext.ExtBot - DEBUG - Entering: edit_message_text
2025-06-21 00:04:04,650 - httpcore.http11 - DEBUG - send_request_headers.started request=<Request [b'POST']>
2025-06-21 00:04:04,652 - httpcore.http11 - DEBUG - send_request_headers.complete
2025-06-21 00:04:04,652 - httpcore.http11 - DEBUG - send_request_body.started request=<Request [b'POST']>
2025-06-21 00:04:04,652 - httpcore.http11 - DEBUG - send_request_body.complete
2025-06-21 00:04:04,652 - httpcore.http11 - DEBUG - receive_response_headers.started request=<Request [b'POST']>
2025-06-21 00:04:04,764 - httpcore.http11 - DEBUG - receive_response_headers.complete return_value=(b'HTTP/1.1', 200, b'OK', [(b'Server', b'nginx/1.18.0'), (b'Date', b'Fri, 20 Jun 2025 23:04:04 GMT'), (b'Content-Type', b'application/json'), (b'Content-Length', b'496'), (b'Connection', b'keep-alive'), (b'Strict-Transport-Security', b'max-age=31536000; includeSubDomains; preload'), (b'Access-Control-Allow-Origin', b'*'), (b'Access-Control-Allow-Methods', b'GET, POST, OPTIONS'), (b'Access-Control-Expose-Headers', b'Content-Length,Content-Type,Date,Server,Connection')])
2025-06-21 00:04:04,765 - httpx - INFO - HTTP Request: POST https://api.telegram.org/bot7707158318:AAE8rWa4Q8Z_3avql6K0HAmXaooZAReoNF0/editMessageText "HTTP/1.1 200 OK"
2025-06-21 00:04:04,766 - httpcore.http11 - DEBUG - receive_response_body.started request=<Request [b'POST']>
2025-06-21 00:04:04,766 - httpcore.http11 - DEBUG - receive_response_body.complete
2025-06-21 00:04:04,766 - httpcore.http11 - DEBUG - response_closed.started
2025-06-21 00:04:04,766 - httpcore.http11 - DEBUG - response_closed.complete
2025-06-21 00:04:04,768 - telegram.ext.ExtBot - DEBUG - Message(channel_chat_created=False, chat=Chat(first_name='Ghost', id=7049055170, last_name='Number1', type=<ChatType.PRIVATE>), date=datetime.datetime(2025, 6, 20, 22, 59, 11, tzinfo=<UTC>), delete_chat_photo=False, edit_date=datetime.datetime(2025, 6, 20, 23, 4, 4, tzinfo=<UTC>), from_user=User(first_name='SPRD', id=7707158318, is_bot=True, username='tizi91Bot'), group_chat_created=False, message_id=5711, reply_markup=InlineKeyboardMarkup(inline_keyboard=((InlineKeyboardButton(callback_data='show_balance', text='🔄 Refresh'), InlineKeyboardButton(callback_data='back_to_menu', text='🔙 Back to Menu')),)), supergroup_chat_created=False, text='Current Balance:\nSOL: 0.001771\nUSD: $0.25\n\nLast Update: 23:59:11')
2025-06-21 00:04:04,768 - telegram.ext.ExtBot - DEBUG - Exiting: edit_message_text
2025-06-21 00:04:07,515 - httpcore.http11 - DEBUG - receive_response_headers.complete return_value=(b'HTTP/1.1', 200, b'OK', [(b'Server', b'nginx/1.18.0'), (b'Date', b'Fri, 20 Jun 2025 23:04:07 GMT'), (b'Content-Type', b'application/json'), (b'Content-Length', b'743'), (b'Connection', b'keep-alive'), (b'Strict-Transport-Security', b'max-age=31536000; includeSubDomains; preload'), (b'Access-Control-Allow-Origin', b'*'), (b'Access-Control-Allow-Methods', b'GET, POST, OPTIONS'), (b'Access-Control-Expose-Headers', b'Content-Length,Content-Type,Date,Server,Connection')])
2025-06-21 00:04:07,515 - httpx - INFO - HTTP Request: POST https://api.telegram.org/bot7707158318:AAE8rWa4Q8Z_3avql6K0HAmXaooZAReoNF0/getUpdates "HTTP/1.1 200 OK"
2025-06-21 00:04:07,515 - httpcore.http11 - DEBUG - receive_response_body.started request=<Request [b'POST']>
2025-06-21 00:04:07,515 - httpcore.http11 - DEBUG - receive_response_body.complete
2025-06-21 00:04:07,515 - httpcore.http11 - DEBUG - response_closed.started
2025-06-21 00:04:07,515 - httpcore.http11 - DEBUG - response_closed.complete
2025-06-21 00:04:07,528 - telegram.ext.ExtBot - DEBUG - Getting updates: [37529920]
2025-06-21 00:04:07,528 - telegram.ext.ExtBot - DEBUG - (Update(callback_query=CallbackQuery(chat_instance='-1307310250263184334', data='show_balance', from_user=User(first_name='Ghost', id=7049055170, is_bot=False, language_code='en', last_name='Number1'), id='2605345316309667414', message=Message(channel_chat_created=False, chat=Chat(first_name='Ghost', id=7049055170, last_name='Number1', type=<ChatType.PRIVATE>), date=datetime.datetime(2025, 6, 20, 22, 59, 11, tzinfo=<UTC>), delete_chat_photo=False, edit_date=datetime.datetime(2025, 6, 20, 23, 4, 4, tzinfo=<UTC>), from_user=User(first_name='SPRD', id=7707158318, is_bot=True, username='tizi91Bot'), group_chat_created=False, message_id=5711, reply_markup=InlineKeyboardMarkup(inline_keyboard=((InlineKeyboardButton(callback_data='show_balance', text='🔄 Refresh'), InlineKeyboardButton(callback_data='back_to_menu', text='🔙 Back to Menu')),)), supergroup_chat_created=False, text='Current Balance:\nSOL: 0.001771\nUSD: $0.25\n\nLast Update: 23:59:11')), update_id=37529920),)
2025-06-21 00:04:07,528 - telegram.ext.ExtBot - DEBUG - Exiting: get_updates
2025-06-21 00:04:07,530 - telegram.ext.ExtBot - DEBUG - Entering: get_updates
2025-06-21 00:04:07,530 - telegram.ext.Application - DEBUG - Processing update Update(callback_query=CallbackQuery(chat_instance='-1307310250263184334', data='show_balance', from_user=User(first_name='Ghost', id=7049055170, is_bot=False, language_code='en', last_name='Number1'), id='2605345316309667414', message=Message(channel_chat_created=False, chat=Chat(first_name='Ghost', id=7049055170, last_name='Number1', type=<ChatType.PRIVATE>), date=datetime.datetime(2025, 6, 20, 22, 59, 11, tzinfo=<UTC>), delete_chat_photo=False, edit_date=datetime.datetime(2025, 6, 20, 23, 4, 4, tzinfo=<UTC>), from_user=User(first_name='SPRD', id=7707158318, is_bot=True, username='tizi91Bot'), group_chat_created=False, message_id=5711, reply_markup=InlineKeyboardMarkup(inline_keyboard=((InlineKeyboardButton(callback_data='show_balance', text='🔄 Refresh'), InlineKeyboardButton(callback_data='back_to_menu', text='🔙 Back to Menu')),)), supergroup_chat_created=False, text='Current Balance:\nSOL: 0.001771\nUSD: $0.25\n\nLast Update: 23:59:11')), update_id=37529920)
2025-06-21 00:04:07,533 - __main__ - INFO - Button callback received: Update(callback_query=CallbackQuery(chat_instance='-1307310250263184334', data='show_balance', from_user=User(first_name='Ghost', id=7049055170, is_bot=False, language_code='en', last_name='Number1'), id='2605345316309667414', message=Message(channel_chat_created=False, chat=Chat(first_name='Ghost', id=7049055170, last_name='Number1', type=<ChatType.PRIVATE>), date=datetime.datetime(2025, 6, 20, 22, 59, 11, tzinfo=<UTC>), delete_chat_photo=False, edit_date=datetime.datetime(2025, 6, 20, 23, 4, 4, tzinfo=<UTC>), from_user=User(first_name='SPRD', id=7707158318, is_bot=True, username='tizi91Bot'), group_chat_created=False, message_id=5711, reply_markup=InlineKeyboardMarkup(inline_keyboard=((InlineKeyboardButton(callback_data='show_balance', text='🔄 Refresh'), InlineKeyboardButton(callback_data='back_to_menu', text='🔙 Back to Menu')),)), supergroup_chat_created=False, text='Current Balance:\nSOL: 0.001771\nUSD: $0.25\n\nLast Update: 23:59:11')), update_id=37529920)
2025-06-21 00:04:07,533 - telegram.ext.ExtBot - DEBUG - Entering: answer_callback_query
2025-06-21 00:04:07,536 - httpcore.http11 - DEBUG - send_request_headers.started request=<Request [b'POST']>
2025-06-21 00:04:07,538 - httpcore.http11 - DEBUG - send_request_headers.started request=<Request [b'POST']>
2025-06-21 00:04:07,539 - httpcore.http11 - DEBUG - send_request_headers.complete
2025-06-21 00:04:07,539 - httpcore.http11 - DEBUG - send_request_body.started request=<Request [b'POST']>
2025-06-21 00:04:07,541 - httpcore.http11 - DEBUG - send_request_headers.complete
2025-06-21 00:04:07,542 - httpcore.http11 - DEBUG - send_request_body.started request=<Request [b'POST']>
2025-06-21 00:04:07,543 - httpcore.http11 - DEBUG - send_request_body.complete
2025-06-21 00:04:07,543 - httpcore.http11 - DEBUG - receive_response_headers.started request=<Request [b'POST']>
2025-06-21 00:04:07,545 - httpcore.http11 - DEBUG - send_request_body.complete
2025-06-21 00:04:07,545 - httpcore.http11 - DEBUG - receive_response_headers.started request=<Request [b'POST']>
2025-06-21 00:04:07,659 - httpcore.http11 - DEBUG - receive_response_headers.complete return_value=(b'HTTP/1.1', 200, b'OK', [(b'Server', b'nginx/1.18.0'), (b'Date', b'Fri, 20 Jun 2025 23:04:07 GMT'), (b'Content-Type', b'application/json'), (b'Content-Length', b'25'), (b'Connection', b'keep-alive'), (b'Strict-Transport-Security', b'max-age=31536000; includeSubDomains; preload'), (b'Access-Control-Allow-Origin', b'*'), (b'Access-Control-Allow-Methods', b'GET, POST, OPTIONS'), (b'Access-Control-Expose-Headers', b'Content-Length,Content-Type,Date,Server,Connection')])
2025-06-21 00:04:07,660 - httpx - INFO - HTTP Request: POST https://api.telegram.org/bot7707158318:AAE8rWa4Q8Z_3avql6K0HAmXaooZAReoNF0/answerCallbackQuery "HTTP/1.1 200 OK"
2025-06-21 00:04:07,660 - httpcore.http11 - DEBUG - receive_response_body.started request=<Request [b'POST']>
2025-06-21 00:04:07,660 - httpcore.http11 - DEBUG - receive_response_body.complete
2025-06-21 00:04:07,660 - httpcore.http11 - DEBUG - response_closed.started
2025-06-21 00:04:07,660 - httpcore.http11 - DEBUG - response_closed.complete
2025-06-21 00:04:07,660 - telegram.ext.ExtBot - DEBUG - True
2025-06-21 00:04:07,660 - telegram.ext.ExtBot - DEBUG - Exiting: answer_callback_query
2025-06-21 00:04:07,660 - __main__ - INFO - Processing action: show_balance
2025-06-21 00:04:07,660 - __main__ - INFO - Processing show_balance action
2025-06-21 00:04:07,665 - __main__ - INFO - Reading wallet balance from: C:\Users\Rachid Aitali\OneDrive - 4JM Solutions Limited\Desktop\SniperX\SniperX\SniperX-V3\wallet_balance.json
2025-06-21 00:04:07,665 - __main__ - DEBUG - Raw wallet balance data: {'sol': '0.001771443', 'usd': '0.24607114713', 'sol_price': '138.91', 'timestamp': 1750460645.0059829}
2025-06-21 00:04:07,665 - __main__ - INFO - Successfully read balance - SOL: 0.001771443, USD: 0.24607114713, Age: 0.0 minutes
2025-06-21 00:04:07,665 - __main__ - INFO - Current balance after read: {'sol': Decimal('0.001771443'), 'usd': Decimal('0.24607114713'), 'timestamp': 1750460645.0059829}
2025-06-21 00:04:07,665 - __main__ - INFO - Wallet manager not running, attempting to start it
2025-06-21 00:04:07,669 - __main__ - INFO - Starting wallet manager from: C:\Users\Rachid Aitali\OneDrive - 4JM Solutions Limited\Desktop\SniperX\SniperX\SniperX-V3\wallet_manager.py
2025-06-21 00:04:07,709 - __main__ - INFO - Wallet manager started with PID: 8888
2025-06-21 00:04:09,723 - __main__ - INFO - Wallet manager started successfully, reading balance...
2025-06-21 00:04:09,725 - __main__ - INFO - Reading wallet balance from: C:\Users\Rachid Aitali\OneDrive - 4JM Solutions Limited\Desktop\SniperX\SniperX\SniperX-V3\wallet_balance.json
2025-06-21 00:04:09,728 - __main__ - DEBUG - Raw wallet balance data: {'sol': '0.001771443', 'usd': '0.24607114713', 'sol_price': '138.91', 'timestamp': 1750460645.0059829}
2025-06-21 00:04:09,728 - __main__ - INFO - Successfully read balance - SOL: 0.001771443, USD: 0.24607114713, Age: 0.1 minutes
2025-06-21 00:04:09,728 - __main__ - INFO - Balance after wallet manager start: {'sol': Decimal('0.001771443'), 'usd': Decimal('0.24607114713'), 'timestamp': 1750460645.0059829}
2025-06-21 00:04:09,728 - __main__ - INFO - Balance retrieved successfully
2025-06-21 00:04:09,730 - telegram.ext.ExtBot - DEBUG - Entering: edit_message_text
2025-06-21 00:04:09,730 - httpcore.http11 - DEBUG - send_request_headers.started request=<Request [b'POST']>
2025-06-21 00:04:09,733 - httpcore.http11 - DEBUG - send_request_headers.complete
2025-06-21 00:04:09,733 - httpcore.http11 - DEBUG - send_request_body.started request=<Request [b'POST']>
2025-06-21 00:04:09,733 - httpcore.http11 - DEBUG - send_request_body.complete
2025-06-21 00:04:09,735 - httpcore.http11 - DEBUG - receive_response_headers.started request=<Request [b'POST']>
2025-06-21 00:04:09,832 - httpcore.http11 - DEBUG - receive_response_headers.complete return_value=(b'HTTP/1.1', 200, b'OK', [(b'Server', b'nginx/1.18.0'), (b'Date', b'Fri, 20 Jun 2025 23:04:09 GMT'), (b'Content-Type', b'application/json'), (b'Content-Length', b'496'), (b'Connection', b'keep-alive'), (b'Strict-Transport-Security', b'max-age=31536000; includeSubDomains; preload'), (b'Access-Control-Allow-Origin', b'*'), (b'Access-Control-Allow-Methods', b'GET, POST, OPTIONS'), (b'Access-Control-Expose-Headers', b'Content-Length,Content-Type,Date,Server,Connection')])
2025-06-21 00:04:09,834 - httpx - INFO - HTTP Request: POST https://api.telegram.org/bot7707158318:AAE8rWa4Q8Z_3avql6K0HAmXaooZAReoNF0/editMessageText "HTTP/1.1 200 OK"
2025-06-21 00:04:09,835 - httpcore.http11 - DEBUG - receive_response_body.started request=<Request [b'POST']>
2025-06-21 00:04:09,836 - httpcore.http11 - DEBUG - receive_response_body.complete
2025-06-21 00:04:09,836 - httpcore.http11 - DEBUG - response_closed.started
2025-06-21 00:04:09,837 - httpcore.http11 - DEBUG - response_closed.complete
2025-06-21 00:04:09,840 - telegram.ext.ExtBot - DEBUG - Message(channel_chat_created=False, chat=Chat(first_name='Ghost', id=7049055170, last_name='Number1', type=<ChatType.PRIVATE>), date=datetime.datetime(2025, 6, 20, 22, 59, 11, tzinfo=<UTC>), delete_chat_photo=False, edit_date=datetime.datetime(2025, 6, 20, 23, 4, 9, tzinfo=<UTC>), from_user=User(first_name='SPRD', id=7707158318, is_bot=True, username='tizi91Bot'), group_chat_created=False, message_id=5711, reply_markup=InlineKeyboardMarkup(inline_keyboard=((InlineKeyboardButton(callback_data='show_balance', text='🔄 Refresh'), InlineKeyboardButton(callback_data='back_to_menu', text='🔙 Back to Menu')),)), supergroup_chat_created=False, text='Current Balance:\nSOL: 0.001771\nUSD: $0.25\n\nLast Update: 00:04:05')
2025-06-21 00:04:09,842 - telegram.ext.ExtBot - DEBUG - Exiting: edit_message_text
2025-06-21 00:04:14,466 - httpcore.http11 - DEBUG - receive_response_headers.complete return_value=(b'HTTP/1.1', 200, b'OK', [(b'Server', b'nginx/1.18.0'), (b'Date', b'Fri, 20 Jun 2025 23:04:14 GMT'), (b'Content-Type', b'application/json'), (b'Content-Length', b'743'), (b'Connection', b'keep-alive'), (b'Strict-Transport-Security', b'max-age=31536000; includeSubDomains; preload'), (b'Access-Control-Allow-Origin', b'*'), (b'Access-Control-Allow-Methods', b'GET, POST, OPTIONS'), (b'Access-Control-Expose-Headers', b'Content-Length,Content-Type,Date,Server,Connection')])
2025-06-21 00:04:14,470 - httpx - INFO - HTTP Request: POST https://api.telegram.org/bot7707158318:AAE8rWa4Q8Z_3avql6K0HAmXaooZAReoNF0/getUpdates "HTTP/1.1 200 OK"
2025-06-21 00:04:14,472 - httpcore.http11 - DEBUG - receive_response_body.started request=<Request [b'POST']>
2025-06-21 00:04:14,473 - httpcore.http11 - DEBUG - receive_response_body.complete
2025-06-21 00:04:14,473 - httpcore.http11 - DEBUG - response_closed.started
2025-06-21 00:04:14,473 - httpcore.http11 - DEBUG - response_closed.complete
2025-06-21 00:04:14,473 - telegram.ext.ExtBot - DEBUG - Getting updates: [37529921]
2025-06-21 00:04:14,473 - telegram.ext.ExtBot - DEBUG - (Update(callback_query=CallbackQuery(chat_instance='-1307310250263184334', data='show_balance', from_user=User(first_name='Ghost', id=7049055170, is_bot=False, language_code='en', last_name='Number1'), id='2605345314192562562', message=Message(channel_chat_created=False, chat=Chat(first_name='Ghost', id=7049055170, last_name='Number1', type=<ChatType.PRIVATE>), date=datetime.datetime(2025, 6, 20, 22, 59, 11, tzinfo=<UTC>), delete_chat_photo=False, edit_date=datetime.datetime(2025, 6, 20, 23, 4, 9, tzinfo=<UTC>), from_user=User(first_name='SPRD', id=7707158318, is_bot=True, username='tizi91Bot'), group_chat_created=False, message_id=5711, reply_markup=InlineKeyboardMarkup(inline_keyboard=((InlineKeyboardButton(callback_data='show_balance', text='🔄 Refresh'), InlineKeyboardButton(callback_data='back_to_menu', text='🔙 Back to Menu')),)), supergroup_chat_created=False, text='Current Balance:\nSOL: 0.001771\nUSD: $0.25\n\nLast Update: 00:04:05')), update_id=37529921),)
2025-06-21 00:04:14,473 - telegram.ext.ExtBot - DEBUG - Exiting: get_updates
2025-06-21 00:04:14,473 - telegram.ext.ExtBot - DEBUG - Entering: get_updates
2025-06-21 00:04:14,473 - telegram.ext.Application - DEBUG - Processing update Update(callback_query=CallbackQuery(chat_instance='-1307310250263184334', data='show_balance', from_user=User(first_name='Ghost', id=7049055170, is_bot=False, language_code='en', last_name='Number1'), id='2605345314192562562', message=Message(channel_chat_created=False, chat=Chat(first_name='Ghost', id=7049055170, last_name='Number1', type=<ChatType.PRIVATE>), date=datetime.datetime(2025, 6, 20, 22, 59, 11, tzinfo=<UTC>), delete_chat_photo=False, edit_date=datetime.datetime(2025, 6, 20, 23, 4, 9, tzinfo=<UTC>), from_user=User(first_name='SPRD', id=7707158318, is_bot=True, username='tizi91Bot'), group_chat_created=False, message_id=5711, reply_markup=InlineKeyboardMarkup(inline_keyboard=((InlineKeyboardButton(callback_data='show_balance', text='🔄 Refresh'), InlineKeyboardButton(callback_data='back_to_menu', text='🔙 Back to Menu')),)), supergroup_chat_created=False, text='Current Balance:\nSOL: 0.001771\nUSD: $0.25\n\nLast Update: 00:04:05')), update_id=37529921)
2025-06-21 00:04:14,480 - __main__ - INFO - Button callback received: Update(callback_query=CallbackQuery(chat_instance='-1307310250263184334', data='show_balance', from_user=User(first_name='Ghost', id=7049055170, is_bot=False, language_code='en', last_name='Number1'), id='2605345314192562562', message=Message(channel_chat_created=False, chat=Chat(first_name='Ghost', id=7049055170, last_name='Number1', type=<ChatType.PRIVATE>), date=datetime.datetime(2025, 6, 20, 22, 59, 11, tzinfo=<UTC>), delete_chat_photo=False, edit_date=datetime.datetime(2025, 6, 20, 23, 4, 9, tzinfo=<UTC>), from_user=User(first_name='SPRD', id=7707158318, is_bot=True, username='tizi91Bot'), group_chat_created=False, message_id=5711, reply_markup=InlineKeyboardMarkup(inline_keyboard=((InlineKeyboardButton(callback_data='show_balance', text='🔄 Refresh'), InlineKeyboardButton(callback_data='back_to_menu', text='🔙 Back to Menu')),)), supergroup_chat_created=False, text='Current Balance:\nSOL: 0.001771\nUSD: $0.25\n\nLast Update: 00:04:05')), update_id=37529921)
2025-06-21 00:04:14,483 - telegram.ext.ExtBot - DEBUG - Entering: answer_callback_query
2025-06-21 00:04:14,485 - httpcore.http11 - DEBUG - send_request_headers.started request=<Request [b'POST']>
2025-06-21 00:04:14,486 - httpcore.http11 - DEBUG - send_request_headers.started request=<Request [b'POST']>
2025-06-21 00:04:14,488 - httpcore.http11 - DEBUG - send_request_headers.complete
2025-06-21 00:04:14,488 - httpcore.http11 - DEBUG - send_request_body.started request=<Request [b'POST']>
2025-06-21 00:04:14,489 - httpcore.http11 - DEBUG - send_request_headers.complete
2025-06-21 00:04:14,489 - httpcore.http11 - DEBUG - send_request_body.started request=<Request [b'POST']>
2025-06-21 00:04:14,490 - httpcore.http11 - DEBUG - send_request_body.complete
2025-06-21 00:04:14,490 - httpcore.http11 - DEBUG - receive_response_headers.started request=<Request [b'POST']>
2025-06-21 00:04:14,491 - httpcore.http11 - DEBUG - send_request_body.complete
2025-06-21 00:04:14,492 - httpcore.http11 - DEBUG - receive_response_headers.started request=<Request [b'POST']>
2025-06-21 00:04:14,607 - httpcore.http11 - DEBUG - receive_response_headers.complete return_value=(b'HTTP/1.1', 200, b'OK', [(b'Server', b'nginx/1.18.0'), (b'Date', b'Fri, 20 Jun 2025 23:04:14 GMT'), (b'Content-Type', b'application/json'), (b'Content-Length', b'25'), (b'Connection', b'keep-alive'), (b'Strict-Transport-Security', b'max-age=31536000; includeSubDomains; preload'), (b'Access-Control-Allow-Origin', b'*'), (b'Access-Control-Allow-Methods', b'GET, POST, OPTIONS'), (b'Access-Control-Expose-Headers', b'Content-Length,Content-Type,Date,Server,Connection')])
2025-06-21 00:04:14,609 - httpx - INFO - HTTP Request: POST https://api.telegram.org/bot7707158318:AAE8rWa4Q8Z_3avql6K0HAmXaooZAReoNF0/answerCallbackQuery "HTTP/1.1 200 OK"
2025-06-21 00:04:14,609 - httpcore.http11 - DEBUG - receive_response_body.started request=<Request [b'POST']>
2025-06-21 00:04:14,610 - httpcore.http11 - DEBUG - receive_response_body.complete
2025-06-21 00:04:14,610 - httpcore.http11 - DEBUG - response_closed.started
2025-06-21 00:04:14,612 - httpcore.http11 - DEBUG - response_closed.complete
2025-06-21 00:04:14,612 - telegram.ext.ExtBot - DEBUG - True
2025-06-21 00:04:14,612 - telegram.ext.ExtBot - DEBUG - Exiting: answer_callback_query
2025-06-21 00:04:14,612 - __main__ - INFO - Processing action: show_balance
2025-06-21 00:04:14,615 - __main__ - INFO - Processing show_balance action
2025-06-21 00:04:14,615 - __main__ - INFO - Reading wallet balance from: C:\Users\Rachid Aitali\OneDrive - 4JM Solutions Limited\Desktop\SniperX\SniperX\SniperX-V3\wallet_balance.json
2025-06-21 00:04:14,617 - __main__ - DEBUG - Raw wallet balance data: {'sol': '0.001771443', 'usd': '0.24607114713', 'sol_price': '138.91', 'timestamp': 1750460649.8975527}
2025-06-21 00:04:14,617 - __main__ - INFO - Successfully read balance - SOL: 0.001771443, USD: 0.24607114713, Age: 0.1 minutes
2025-06-21 00:04:14,617 - __main__ - INFO - Current balance after read: {'sol': Decimal('0.001771443'), 'usd': Decimal('0.24607114713'), 'timestamp': 1750460649.8975527}
2025-06-21 00:04:14,617 - __main__ - INFO - Wallet manager not running, attempting to start it
2025-06-21 00:04:14,617 - __main__ - INFO - Starting wallet manager from: C:\Users\Rachid Aitali\OneDrive - 4JM Solutions Limited\Desktop\SniperX\SniperX\SniperX-V3\wallet_manager.py
2025-06-21 00:04:14,661 - __main__ - INFO - Wallet manager started with PID: 15876
2025-06-21 00:04:15,953 - httpcore.http11 - DEBUG - receive_response_headers.complete return_value=(b'HTTP/1.1', 200, b'OK', [(b'Server', b'nginx/1.18.0'), (b'Date', b'Fri, 20 Jun 2025 23:04:15 GMT'), (b'Content-Type', b'application/json'), (b'Content-Length', b'743'), (b'Connection', b'keep-alive'), (b'Strict-Transport-Security', b'max-age=31536000; includeSubDomains; preload'), (b'Access-Control-Allow-Origin', b'*'), (b'Access-Control-Allow-Methods', b'GET, POST, OPTIONS'), (b'Access-Control-Expose-Headers', b'Content-Length,Content-Type,Date,Server,Connection')])
2025-06-21 00:04:15,959 - httpx - INFO - HTTP Request: POST https://api.telegram.org/bot7707158318:AAE8rWa4Q8Z_3avql6K0HAmXaooZAReoNF0/getUpdates "HTTP/1.1 200 OK"
2025-06-21 00:04:15,960 - httpcore.http11 - DEBUG - receive_response_body.started request=<Request [b'POST']>
2025-06-21 00:04:15,960 - httpcore.http11 - DEBUG - receive_response_body.complete
2025-06-21 00:04:15,960 - httpcore.http11 - DEBUG - response_closed.started
2025-06-21 00:04:15,960 - httpcore.http11 - DEBUG - response_closed.complete
2025-06-21 00:04:15,962 - telegram.ext.ExtBot - DEBUG - Getting updates: [37529922]
2025-06-21 00:04:15,963 - telegram.ext.ExtBot - DEBUG - (Update(callback_query=CallbackQuery(chat_instance='-1307310250263184334', data='show_balance', from_user=User(first_name='Ghost', id=7049055170, is_bot=False, language_code='en', last_name='Number1'), id='2605345314472139561', message=Message(channel_chat_created=False, chat=Chat(first_name='Ghost', id=7049055170, last_name='Number1', type=<ChatType.PRIVATE>), date=datetime.datetime(2025, 6, 20, 22, 59, 11, tzinfo=<UTC>), delete_chat_photo=False, edit_date=datetime.datetime(2025, 6, 20, 23, 4, 9, tzinfo=<UTC>), from_user=User(first_name='SPRD', id=7707158318, is_bot=True, username='tizi91Bot'), group_chat_created=False, message_id=5711, reply_markup=InlineKeyboardMarkup(inline_keyboard=((InlineKeyboardButton(callback_data='show_balance', text='🔄 Refresh'), InlineKeyboardButton(callback_data='back_to_menu', text='🔙 Back to Menu')),)), supergroup_chat_created=False, text='Current Balance:\nSOL: 0.001771\nUSD: $0.25\n\nLast Update: 00:04:05')), update_id=37529922),)
2025-06-21 00:04:15,963 - telegram.ext.ExtBot - DEBUG - Exiting: get_updates
2025-06-21 00:04:15,965 - telegram.ext.ExtBot - DEBUG - Entering: get_updates
2025-06-21 00:04:15,967 - httpcore.http11 - DEBUG - send_request_headers.started request=<Request [b'POST']>
2025-06-21 00:04:15,969 - httpcore.http11 - DEBUG - send_request_headers.complete
2025-06-21 00:04:15,969 - httpcore.http11 - DEBUG - send_request_body.started request=<Request [b'POST']>
2025-06-21 00:04:15,969 - httpcore.http11 - DEBUG - send_request_body.complete
2025-06-21 00:04:15,972 - httpcore.http11 - DEBUG - receive_response_headers.started request=<Request [b'POST']>
2025-06-21 00:04:16,660 - __main__ - INFO - Wallet manager started successfully, reading balance...
2025-06-21 00:04:16,663 - __main__ - INFO - Reading wallet balance from: C:\Users\Rachid Aitali\OneDrive - 4JM Solutions Limited\Desktop\SniperX\SniperX\SniperX-V3\wallet_balance.json
2025-06-21 00:04:16,664 - __main__ - DEBUG - Raw wallet balance data: {'sol': '0.001771443', 'usd': '0.24607114713', 'sol_price': '138.91', 'timestamp': 1750460649.8975527}
2025-06-21 00:04:16,665 - __main__ - INFO - Successfully read balance - SOL: 0.001771443, USD: 0.24607114713, Age: 0.1 minutes
2025-06-21 00:04:16,665 - __main__ - INFO - Balance after wallet manager start: {'sol': Decimal('0.001771443'), 'usd': Decimal('0.24607114713'), 'timestamp': 1750460649.8975527}
2025-06-21 00:04:16,665 - __main__ - INFO - Balance retrieved successfully
2025-06-21 00:04:16,666 - telegram.ext.ExtBot - DEBUG - Entering: edit_message_text
2025-06-21 00:04:16,666 - httpcore.http11 - DEBUG - send_request_headers.started request=<Request [b'POST']>
2025-06-21 00:04:16,666 - httpcore.http11 - DEBUG - send_request_headers.complete
2025-06-21 00:04:16,666 - httpcore.http11 - DEBUG - send_request_body.started request=<Request [b'POST']>
2025-06-21 00:04:16,671 - httpcore.http11 - DEBUG - send_request_body.complete
2025-06-21 00:04:16,671 - httpcore.http11 - DEBUG - receive_response_headers.started request=<Request [b'POST']>
2025-06-21 00:04:16,790 - httpcore.http11 - DEBUG - receive_response_headers.complete return_value=(b'HTTP/1.1', 200, b'OK', [(b'Server', b'nginx/1.18.0'), (b'Date', b'Fri, 20 Jun 2025 23:04:16 GMT'), (b'Content-Type', b'application/json'), (b'Content-Length', b'496'), (b'Connection', b'keep-alive'), (b'Strict-Transport-Security', b'max-age=31536000; includeSubDomains; preload'), (b'Access-Control-Allow-Origin', b'*'), (b'Access-Control-Allow-Methods', b'GET, POST, OPTIONS'), (b'Access-Control-Expose-Headers', b'Content-Length,Content-Type,Date,Server,Connection')])
2025-06-21 00:04:16,792 - httpx - INFO - HTTP Request: POST https://api.telegram.org/bot7707158318:AAE8rWa4Q8Z_3avql6K0HAmXaooZAReoNF0/editMessageText "HTTP/1.1 200 OK"
2025-06-21 00:04:16,794 - httpcore.http11 - DEBUG - receive_response_body.started request=<Request [b'POST']>
2025-06-21 00:04:16,796 - httpcore.http11 - DEBUG - receive_response_body.complete
2025-06-21 00:04:16,796 - httpcore.http11 - DEBUG - response_closed.started
2025-06-21 00:04:16,796 - httpcore.http11 - DEBUG - response_closed.complete
2025-06-21 00:04:16,798 - telegram.ext.ExtBot - DEBUG - Message(channel_chat_created=False, chat=Chat(first_name='Ghost', id=7049055170, last_name='Number1', type=<ChatType.PRIVATE>), date=datetime.datetime(2025, 6, 20, 22, 59, 11, tzinfo=<UTC>), delete_chat_photo=False, edit_date=datetime.datetime(2025, 6, 20, 23, 4, 16, tzinfo=<UTC>), from_user=User(first_name='SPRD', id=7707158318, is_bot=True, username='tizi91Bot'), group_chat_created=False, message_id=5711, reply_markup=InlineKeyboardMarkup(inline_keyboard=((InlineKeyboardButton(callback_data='show_balance', text='🔄 Refresh'), InlineKeyboardButton(callback_data='back_to_menu', text='🔙 Back to Menu')),)), supergroup_chat_created=False, text='Current Balance:\nSOL: 0.001771\nUSD: $0.25\n\nLast Update: 00:04:09')
2025-06-21 00:04:16,801 - telegram.ext.ExtBot - DEBUG - Exiting: edit_message_text
2025-06-21 00:04:16,801 - telegram.ext.Application - DEBUG - Processing update Update(callback_query=CallbackQuery(chat_instance='-1307310250263184334', data='show_balance', from_user=User(first_name='Ghost', id=7049055170, is_bot=False, language_code='en', last_name='Number1'), id='2605345314472139561', message=Message(channel_chat_created=False, chat=Chat(first_name='Ghost', id=7049055170, last_name='Number1', type=<ChatType.PRIVATE>), date=datetime.datetime(2025, 6, 20, 22, 59, 11, tzinfo=<UTC>), delete_chat_photo=False, edit_date=datetime.datetime(2025, 6, 20, 23, 4, 9, tzinfo=<UTC>), from_user=User(first_name='SPRD', id=7707158318, is_bot=True, username='tizi91Bot'), group_chat_created=False, message_id=5711, reply_markup=InlineKeyboardMarkup(inline_keyboard=((InlineKeyboardButton(callback_data='show_balance', text='🔄 Refresh'), InlineKeyboardButton(callback_data='back_to_menu', text='🔙 Back to Menu')),)), supergroup_chat_created=False, text='Current Balance:\nSOL: 0.001771\nUSD: $0.25\n\nLast Update: 00:04:05')), update_id=37529922)
2025-06-21 00:04:16,804 - __main__ - INFO - Button callback received: Update(callback_query=CallbackQuery(chat_instance='-1307310250263184334', data='show_balance', from_user=User(first_name='Ghost', id=7049055170, is_bot=False, language_code='en', last_name='Number1'), id='2605345314472139561', message=Message(channel_chat_created=False, chat=Chat(first_name='Ghost', id=7049055170, last_name='Number1', type=<ChatType.PRIVATE>), date=datetime.datetime(2025, 6, 20, 22, 59, 11, tzinfo=<UTC>), delete_chat_photo=False, edit_date=datetime.datetime(2025, 6, 20, 23, 4, 9, tzinfo=<UTC>), from_user=User(first_name='SPRD', id=7707158318, is_bot=True, username='tizi91Bot'), group_chat_created=False, message_id=5711, reply_markup=InlineKeyboardMarkup(inline_keyboard=((InlineKeyboardButton(callback_data='show_balance', text='🔄 Refresh'), InlineKeyboardButton(callback_data='back_to_menu', text='🔙 Back to Menu')),)), supergroup_chat_created=False, text='Current Balance:\nSOL: 0.001771\nUSD: $0.25\n\nLast Update: 00:04:05')), update_id=37529922)
2025-06-21 00:04:16,806 - telegram.ext.ExtBot - DEBUG - Entering: answer_callback_query
2025-06-21 00:04:16,808 - httpcore.http11 - DEBUG - send_request_headers.started request=<Request [b'POST']>
2025-06-21 00:04:16,809 - httpcore.http11 - DEBUG - send_request_headers.complete
2025-06-21 00:04:16,809 - httpcore.http11 - DEBUG - send_request_body.started request=<Request [b'POST']>
2025-06-21 00:04:16,810 - httpcore.http11 - DEBUG - send_request_body.complete
2025-06-21 00:04:16,810 - httpcore.http11 - DEBUG - receive_response_headers.started request=<Request [b'POST']>
2025-06-21 00:04:16,902 - httpcore.http11 - DEBUG - receive_response_headers.complete return_value=(b'HTTP/1.1', 200, b'OK', [(b'Server', b'nginx/1.18.0'), (b'Date', b'Fri, 20 Jun 2025 23:04:16 GMT'), (b'Content-Type', b'application/json'), (b'Content-Length', b'25'), (b'Connection', b'keep-alive'), (b'Strict-Transport-Security', b'max-age=31536000; includeSubDomains; preload'), (b'Access-Control-Allow-Origin', b'*'), (b'Access-Control-Allow-Methods', b'GET, POST, OPTIONS'), (b'Access-Control-Expose-Headers', b'Content-Length,Content-Type,Date,Server,Connection')])
2025-06-21 00:04:16,904 - httpx - INFO - HTTP Request: POST https://api.telegram.org/bot7707158318:AAE8rWa4Q8Z_3avql6K0HAmXaooZAReoNF0/answerCallbackQuery "HTTP/1.1 200 OK"
2025-06-21 00:04:16,904 - httpcore.http11 - DEBUG - receive_response_body.started request=<Request [b'POST']>
2025-06-21 00:04:16,904 - httpcore.http11 - DEBUG - receive_response_body.complete
2025-06-21 00:04:16,904 - httpcore.http11 - DEBUG - response_closed.started
2025-06-21 00:04:16,904 - httpcore.http11 - DEBUG - response_closed.complete
2025-06-21 00:04:16,910 - telegram.ext.ExtBot - DEBUG - True
2025-06-21 00:04:16,910 - telegram.ext.ExtBot - DEBUG - Exiting: answer_callback_query
2025-06-21 00:04:16,910 - __main__ - INFO - Processing action: show_balance
2025-06-21 00:04:16,911 - __main__ - INFO - Processing show_balance action
2025-06-21 00:04:16,911 - __main__ - INFO - Reading wallet balance from: C:\Users\Rachid Aitali\OneDrive - 4JM Solutions Limited\Desktop\SniperX\SniperX\SniperX-V3\wallet_balance.json
2025-06-21 00:04:16,922 - __main__ - DEBUG - Raw wallet balance data: {'sol': '0.001771443', 'usd': '0.24607114713', 'sol_price': '138.91', 'timestamp': 1750460649.8975527}
2025-06-21 00:04:16,922 - __main__ - INFO - Successfully read balance - SOL: 0.001771443, USD: 0.24607114713, Age: 0.1 minutes
2025-06-21 00:04:16,926 - __main__ - INFO - Current balance after read: {'sol': Decimal('0.001771443'), 'usd': Decimal('0.24607114713'), 'timestamp': 1750460649.8975527}
2025-06-21 00:04:16,926 - __main__ - INFO - Wallet manager is running, reading balance...
2025-06-21 00:04:16,927 - __main__ - INFO - Reading wallet balance from: C:\Users\Rachid Aitali\OneDrive - 4JM Solutions Limited\Desktop\SniperX\SniperX\SniperX-V3\wallet_balance.json
2025-06-21 00:04:16,927 - __main__ - DEBUG - Raw wallet balance data: {'sol': '0.001771443', 'usd': '0.24607114713', 'sol_price': '138.91', 'timestamp': 1750460649.8975527}
2025-06-21 00:04:16,927 - __main__ - INFO - Successfully read balance - SOL: 0.001771443, USD: 0.24607114713, Age: 0.1 minutes
2025-06-21 00:04:16,927 - __main__ - INFO - Current balance: {'sol': Decimal('0.001771443'), 'usd': Decimal('0.24607114713'), 'timestamp': 1750460649.8975527}
2025-06-21 00:04:16,927 - __main__ - INFO - Balance retrieved successfully
2025-06-21 00:04:16,931 - telegram.ext.ExtBot - DEBUG - Entering: edit_message_text
2025-06-21 00:04:16,934 - httpcore.http11 - DEBUG - send_request_headers.started request=<Request [b'POST']>
2025-06-21 00:04:16,937 - httpcore.http11 - DEBUG - send_request_headers.complete
2025-06-21 00:04:16,937 - httpcore.http11 - DEBUG - send_request_body.started request=<Request [b'POST']>
2025-06-21 00:04:16,939 - httpcore.http11 - DEBUG - send_request_body.complete
2025-06-21 00:04:16,939 - httpcore.http11 - DEBUG - receive_response_headers.started request=<Request [b'POST']>
2025-06-21 00:04:17,044 - httpcore.http11 - DEBUG - receive_response_headers.complete return_value=(b'HTTP/1.1', 400, b'Bad Request', [(b'Server', b'nginx/1.18.0'), (b'Date', b'Fri, 20 Jun 2025 23:04:16 GMT'), (b'Content-Type', b'application/json'), (b'Content-Length', b'204'), (b'Connection', b'keep-alive'), (b'Strict-Transport-Security', b'max-age=31536000; includeSubDomains; preload'), (b'Access-Control-Allow-Origin', b'*'), (b'Access-Control-Expose-Headers', b'Content-Length,Content-Type,Date,Server,Connection')])
2025-06-21 00:04:17,044 - httpx - INFO - HTTP Request: POST https://api.telegram.org/bot7707158318:AAE8rWa4Q8Z_3avql6K0HAmXaooZAReoNF0/editMessageText "HTTP/1.1 400 Bad Request"
2025-06-21 00:04:17,048 - httpcore.http11 - DEBUG - receive_response_body.started request=<Request [b'POST']>
2025-06-21 00:04:17,049 - httpcore.http11 - DEBUG - receive_response_body.complete
2025-06-21 00:04:17,049 - httpcore.http11 - DEBUG - response_closed.started
2025-06-21 00:04:17,050 - httpcore.http11 - DEBUG - response_closed.complete
2025-06-21 00:04:17,050 - __main__ - ERROR - Error updating balance message: Message is not modified: specified new message content and reply markup are exactly the same as a current content and reply markup of the message
2025-06-21 00:04:17,051 - telegram.ext.ExtBot - DEBUG - Entering: delete_message
2025-06-21 00:04:17,054 - httpcore.http11 - DEBUG - send_request_headers.started request=<Request [b'POST']>
2025-06-21 00:04:17,055 - httpcore.http11 - DEBUG - send_request_headers.complete
2025-06-21 00:04:17,055 - httpcore.http11 - DEBUG - send_request_body.started request=<Request [b'POST']>
2025-06-21 00:04:17,057 - httpcore.http11 - DEBUG - send_request_body.complete
2025-06-21 00:04:17,057 - httpcore.http11 - DEBUG - receive_response_headers.started request=<Request [b'POST']>
2025-06-21 00:04:17,179 - httpcore.http11 - DEBUG - receive_response_headers.complete return_value=(b'HTTP/1.1', 200, b'OK', [(b'Server', b'nginx/1.18.0'), (b'Date', b'Fri, 20 Jun 2025 23:04:16 GMT'), (b'Content-Type', b'application/json'), (b'Content-Length', b'25'), (b'Connection', b'keep-alive'), (b'Strict-Transport-Security', b'max-age=31536000; includeSubDomains; preload'), (b'Access-Control-Allow-Origin', b'*'), (b'Access-Control-Allow-Methods', b'GET, POST, OPTIONS'), (b'Access-Control-Expose-Headers', b'Content-Length,Content-Type,Date,Server,Connection')])
2025-06-21 00:04:17,179 - httpx - INFO - HTTP Request: POST https://api.telegram.org/bot7707158318:AAE8rWa4Q8Z_3avql6K0HAmXaooZAReoNF0/deleteMessage "HTTP/1.1 200 OK"
2025-06-21 00:04:17,184 - httpcore.http11 - DEBUG - receive_response_body.started request=<Request [b'POST']>
2025-06-21 00:04:17,184 - httpcore.http11 - DEBUG - receive_response_body.complete
2025-06-21 00:04:17,185 - httpcore.http11 - DEBUG - response_closed.started
2025-06-21 00:04:17,186 - httpcore.http11 - DEBUG - response_closed.complete
2025-06-21 00:04:17,187 - telegram.ext.ExtBot - DEBUG - True
2025-06-21 00:04:17,187 - telegram.ext.ExtBot - DEBUG - Exiting: delete_message
2025-06-21 00:04:17,187 - telegram.ext.ExtBot - DEBUG - Entering: send_message
2025-06-21 00:04:17,190 - httpcore.http11 - DEBUG - send_request_headers.started request=<Request [b'POST']>
2025-06-21 00:04:17,191 - httpcore.http11 - DEBUG - send_request_headers.complete
2025-06-21 00:04:17,191 - httpcore.http11 - DEBUG - send_request_body.started request=<Request [b'POST']>
2025-06-21 00:04:17,193 - httpcore.http11 - DEBUG - send_request_body.complete
2025-06-21 00:04:17,193 - httpcore.http11 - DEBUG - receive_response_headers.started request=<Request [b'POST']>
2025-06-21 00:04:17,317 - httpcore.http11 - DEBUG - receive_response_headers.complete return_value=(b'HTTP/1.1', 200, b'OK', [(b'Server', b'nginx/1.18.0'), (b'Date', b'Fri, 20 Jun 2025 23:04:17 GMT'), (b'Content-Type', b'application/json'), (b'Content-Length', b'473'), (b'Connection', b'keep-alive'), (b'Strict-Transport-Security', b'max-age=31536000; includeSubDomains; preload'), (b'Access-Control-Allow-Origin', b'*'), (b'Access-Control-Allow-Methods', b'GET, POST, OPTIONS'), (b'Access-Control-Expose-Headers', b'Content-Length,Content-Type,Date,Server,Connection')])
2025-06-21 00:04:17,317 - httpx - INFO - HTTP Request: POST https://api.telegram.org/bot7707158318:AAE8rWa4Q8Z_3avql6K0HAmXaooZAReoNF0/sendMessage "HTTP/1.1 200 OK"
2025-06-21 00:04:17,395 - httpcore.http11 - DEBUG - receive_response_body.started request=<Request [b'POST']>
2025-06-21 00:04:17,395 - httpcore.http11 - DEBUG - receive_response_body.complete
2025-06-21 00:04:17,395 - httpcore.http11 - DEBUG - response_closed.started
2025-06-21 00:04:17,397 - httpcore.http11 - DEBUG - response_closed.complete
2025-06-21 00:04:17,399 - telegram.ext.ExtBot - DEBUG - Message(channel_chat_created=False, chat=Chat(first_name='Ghost', id=7049055170, last_name='Number1', type=<ChatType.PRIVATE>), date=datetime.datetime(2025, 6, 20, 23, 4, 17, tzinfo=<UTC>), delete_chat_photo=False, from_user=User(first_name='SPRD', id=7707158318, is_bot=True, username='tizi91Bot'), group_chat_created=False, message_id=5712, reply_markup=InlineKeyboardMarkup(inline_keyboard=((InlineKeyboardButton(callback_data='show_balance', text='🔄 Refresh'), InlineKeyboardButton(callback_data='back_to_menu', text='🔙 Back to Menu')),)), supergroup_chat_created=False, text='Current Balance:\nSOL: 0.001771\nUSD: $0.25\n\nLast Update: 00:04:09')
2025-06-21 00:04:17,401 - telegram.ext.ExtBot - DEBUG - Exiting: send_message
2025-06-21 00:04:26,015 - httpcore.http11 - DEBUG - receive_response_headers.complete return_value=(b'HTTP/1.1', 200, b'OK', [(b'Server', b'nginx/1.18.0'), (b'Date', b'Fri, 20 Jun 2025 23:04:25 GMT'), (b'Content-Type', b'application/json'), (b'Content-Length', b'720'), (b'Connection', b'keep-alive'), (b'Strict-Transport-Security', b'max-age=31536000; includeSubDomains; preload'), (b'Access-Control-Allow-Origin', b'*'), (b'Access-Control-Allow-Methods', b'GET, POST, OPTIONS'), (b'Access-Control-Expose-Headers', b'Content-Length,Content-Type,Date,Server,Connection')])
2025-06-21 00:04:26,017 - httpx - INFO - HTTP Request: POST https://api.telegram.org/bot7707158318:AAE8rWa4Q8Z_3avql6K0HAmXaooZAReoNF0/getUpdates "HTTP/1.1 200 OK"
2025-06-21 00:04:26,018 - httpcore.http11 - DEBUG - receive_response_body.started request=<Request [b'POST']>
2025-06-21 00:04:26,018 - httpcore.http11 - DEBUG - receive_response_body.complete
2025-06-21 00:04:26,018 - httpcore.http11 - DEBUG - response_closed.started
2025-06-21 00:04:26,018 - httpcore.http11 - DEBUG - response_closed.complete
2025-06-21 00:04:26,020 - telegram.ext.ExtBot - DEBUG - Getting updates: [37529923]
2025-06-21 00:04:26,020 - telegram.ext.ExtBot - DEBUG - (Update(callback_query=CallbackQuery(chat_instance='-1307310250263184334', data='show_balance', from_user=User(first_name='Ghost', id=7049055170, is_bot=False, language_code='en', last_name='Number1'), id='2605345313188531599', message=Message(channel_chat_created=False, chat=Chat(first_name='Ghost', id=7049055170, last_name='Number1', type=<ChatType.PRIVATE>), date=datetime.datetime(2025, 6, 20, 23, 4, 17, tzinfo=<UTC>), delete_chat_photo=False, from_user=User(first_name='SPRD', id=7707158318, is_bot=True, username='tizi91Bot'), group_chat_created=False, message_id=5712, reply_markup=InlineKeyboardMarkup(inline_keyboard=((InlineKeyboardButton(callback_data='show_balance', text='🔄 Refresh'), InlineKeyboardButton(callback_data='back_to_menu', text='🔙 Back to Menu')),)), supergroup_chat_created=False, text='Current Balance:\nSOL: 0.001771\nUSD: $0.25\n\nLast Update: 00:04:09')), update_id=37529923),)
2025-06-21 00:04:26,023 - telegram.ext.ExtBot - DEBUG - Exiting: get_updates
2025-06-21 00:04:26,023 - telegram.ext.ExtBot - DEBUG - Entering: get_updates
2025-06-21 00:04:26,025 - telegram.ext.Application - DEBUG - Processing update Update(callback_query=CallbackQuery(chat_instance='-1307310250263184334', data='show_balance', from_user=User(first_name='Ghost', id=7049055170, is_bot=False, language_code='en', last_name='Number1'), id='2605345313188531599', message=Message(channel_chat_created=False, chat=Chat(first_name='Ghost', id=7049055170, last_name='Number1', type=<ChatType.PRIVATE>), date=datetime.datetime(2025, 6, 20, 23, 4, 17, tzinfo=<UTC>), delete_chat_photo=False, from_user=User(first_name='SPRD', id=7707158318, is_bot=True, username='tizi91Bot'), group_chat_created=False, message_id=5712, reply_markup=InlineKeyboardMarkup(inline_keyboard=((InlineKeyboardButton(callback_data='show_balance', text='🔄 Refresh'), InlineKeyboardButton(callback_data='back_to_menu', text='🔙 Back to Menu')),)), supergroup_chat_created=False, text='Current Balance:\nSOL: 0.001771\nUSD: $0.25\n\nLast Update: 00:04:09')), update_id=37529923)
2025-06-21 00:04:26,027 - __main__ - INFO - Button callback received: Update(callback_query=CallbackQuery(chat_instance='-1307310250263184334', data='show_balance', from_user=User(first_name='Ghost', id=7049055170, is_bot=False, language_code='en', last_name='Number1'), id='2605345313188531599', message=Message(channel_chat_created=False, chat=Chat(first_name='Ghost', id=7049055170, last_name='Number1', type=<ChatType.PRIVATE>), date=datetime.datetime(2025, 6, 20, 23, 4, 17, tzinfo=<UTC>), delete_chat_photo=False, from_user=User(first_name='SPRD', id=7707158318, is_bot=True, username='tizi91Bot'), group_chat_created=False, message_id=5712, reply_markup=InlineKeyboardMarkup(inline_keyboard=((InlineKeyboardButton(callback_data='show_balance', text='🔄 Refresh'), InlineKeyboardButton(callback_data='back_to_menu', text='🔙 Back to Menu')),)), supergroup_chat_created=False, text='Current Balance:\nSOL: 0.001771\nUSD: $0.25\n\nLast Update: 00:04:09')), update_id=37529923)
2025-06-21 00:04:26,029 - telegram.ext.ExtBot - DEBUG - Entering: answer_callback_query
2025-06-21 00:04:26,031 - httpcore.connection - DEBUG - close.started
2025-06-21 00:04:26,032 - httpcore.connection - DEBUG - close.complete
2025-06-21 00:04:26,032 - httpcore.http11 - DEBUG - send_request_headers.started request=<Request [b'POST']>
2025-06-21 00:04:26,035 - httpcore.connection - DEBUG - connect_tcp.started host='api.telegram.org' port=443 local_address=None timeout=5.0 socket_options=None
2025-06-21 00:04:26,035 - httpcore.http11 - DEBUG - send_request_headers.complete
2025-06-21 00:04:26,035 - httpcore.http11 - DEBUG - send_request_body.started request=<Request [b'POST']>
2025-06-21 00:04:26,037 - httpcore.http11 - DEBUG - send_request_body.complete
2025-06-21 00:04:26,039 - httpcore.http11 - DEBUG - receive_response_headers.started request=<Request [b'POST']>
2025-06-21 00:04:26,121 - httpcore.connection - DEBUG - connect_tcp.complete return_value=<httpcore._backends.anyio.AnyIOStream object at 0x0000026295DBEBC0>
2025-06-21 00:04:26,122 - httpcore.connection - DEBUG - start_tls.started ssl_context=<ssl.SSLContext object at 0x0000026295C49AC0> server_hostname='api.telegram.org' timeout=5.0
2025-06-21 00:04:26,200 - httpcore.connection - DEBUG - start_tls.complete return_value=<httpcore._backends.anyio.AnyIOStream object at 0x0000026295DBEA70>
2025-06-21 00:04:26,202 - httpcore.http11 - DEBUG - send_request_headers.started request=<Request [b'POST']>
2025-06-21 00:04:26,202 - httpcore.http11 - DEBUG - send_request_headers.complete
2025-06-21 00:04:26,204 - httpcore.http11 - DEBUG - send_request_body.started request=<Request [b'POST']>
2025-06-21 00:04:26,205 - httpcore.http11 - DEBUG - send_request_body.complete
2025-06-21 00:04:26,205 - httpcore.http11 - DEBUG - receive_response_headers.started request=<Request [b'POST']>
2025-06-21 00:04:26,285 - httpcore.http11 - DEBUG - receive_response_headers.complete return_value=(b'HTTP/1.1', 200, b'OK', [(b'Server', b'nginx/1.18.0'), (b'Date', b'Fri, 20 Jun 2025 23:04:26 GMT'), (b'Content-Type', b'application/json'), (b'Content-Length', b'25'), (b'Connection', b'keep-alive'), (b'Strict-Transport-Security', b'max-age=31536000; includeSubDomains; preload'), (b'Access-Control-Allow-Origin', b'*'), (b'Access-Control-Allow-Methods', b'GET, POST, OPTIONS'), (b'Access-Control-Expose-Headers', b'Content-Length,Content-Type,Date,Server,Connection')])
2025-06-21 00:04:26,287 - httpx - INFO - HTTP Request: POST https://api.telegram.org/bot7707158318:AAE8rWa4Q8Z_3avql6K0HAmXaooZAReoNF0/answerCallbackQuery "HTTP/1.1 200 OK"
2025-06-21 00:04:26,287 - httpcore.http11 - DEBUG - receive_response_body.started request=<Request [b'POST']>
2025-06-21 00:04:26,287 - httpcore.http11 - DEBUG - receive_response_body.complete
2025-06-21 00:04:26,287 - httpcore.http11 - DEBUG - response_closed.started
2025-06-21 00:04:26,287 - httpcore.http11 - DEBUG - response_closed.complete
2025-06-21 00:04:26,291 - telegram.ext.ExtBot - DEBUG - True
2025-06-21 00:04:26,291 - telegram.ext.ExtBot - DEBUG - Exiting: answer_callback_query
2025-06-21 00:04:26,291 - __main__ - INFO - Processing action: show_balance
2025-06-21 00:04:26,291 - __main__ - INFO - Processing show_balance action
2025-06-21 00:04:26,292 - __main__ - INFO - Reading wallet balance from: C:\Users\Rachid Aitali\OneDrive - 4JM Solutions Limited\Desktop\SniperX\SniperX\SniperX-V3\wallet_balance.json
2025-06-21 00:04:26,292 - __main__ - DEBUG - Raw wallet balance data: {'sol': '0.001771443', 'usd': '0.24607114713', 'sol_price': '138.91', 'timestamp': 1750460656.9989748}
2025-06-21 00:04:26,292 - __main__ - INFO - Successfully read balance - SOL: 0.001771443, USD: 0.24607114713, Age: 0.2 minutes
2025-06-21 00:04:26,292 - __main__ - INFO - Current balance after read: {'sol': Decimal('0.001771443'), 'usd': Decimal('0.24607114713'), 'timestamp': 1750460656.9989748}
2025-06-21 00:04:26,292 - __main__ - INFO - Wallet manager not running, attempting to start it
2025-06-21 00:04:26,294 - __main__ - INFO - Starting wallet manager from: C:\Users\Rachid Aitali\OneDrive - 4JM Solutions Limited\Desktop\SniperX\SniperX\SniperX-V3\wallet_manager.py
2025-06-21 00:04:26,326 - __main__ - INFO - Wallet manager started with PID: 12452
2025-06-21 00:04:28,347 - __main__ - INFO - Wallet manager started successfully, reading balance...
2025-06-21 00:04:28,347 - __main__ - INFO - Reading wallet balance from: C:\Users\Rachid Aitali\OneDrive - 4JM Solutions Limited\Desktop\SniperX\SniperX\SniperX-V3\wallet_balance.json
2025-06-21 00:04:28,349 - __main__ - DEBUG - Raw wallet balance data: {'sol': '0.001771443', 'usd': '0.24607114713', 'sol_price': '138.91', 'timestamp': 1750460656.9989748}
2025-06-21 00:04:28,349 - __main__ - INFO - Successfully read balance - SOL: 0.001771443, USD: 0.24607114713, Age: 0.2 minutes
2025-06-21 00:04:28,351 - __main__ - INFO - Balance after wallet manager start: {'sol': Decimal('0.001771443'), 'usd': Decimal('0.24607114713'), 'timestamp': 1750460656.9989748}
2025-06-21 00:04:28,351 - __main__ - INFO - Balance retrieved successfully
2025-06-21 00:04:28,352 - telegram.ext.ExtBot - DEBUG - Entering: edit_message_text
2025-06-21 00:04:28,354 - httpcore.http11 - DEBUG - send_request_headers.started request=<Request [b'POST']>
2025-06-21 00:04:28,354 - httpcore.http11 - DEBUG - send_request_headers.complete
2025-06-21 00:04:28,354 - httpcore.http11 - DEBUG - send_request_body.started request=<Request [b'POST']>
2025-06-21 00:04:28,356 - httpcore.http11 - DEBUG - send_request_body.complete
2025-06-21 00:04:28,356 - httpcore.http11 - DEBUG - receive_response_headers.started request=<Request [b'POST']>
2025-06-21 00:04:28,453 - httpcore.http11 - DEBUG - receive_response_headers.complete return_value=(b'HTTP/1.1', 200, b'OK', [(b'Server', b'nginx/1.18.0'), (b'Date', b'Fri, 20 Jun 2025 23:04:28 GMT'), (b'Content-Type', b'application/json'), (b'Content-Length', b'496'), (b'Connection', b'keep-alive'), (b'Strict-Transport-Security', b'max-age=31536000; includeSubDomains; preload'), (b'Access-Control-Allow-Origin', b'*'), (b'Access-Control-Allow-Methods', b'GET, POST, OPTIONS'), (b'Access-Control-Expose-Headers', b'Content-Length,Content-Type,Date,Server,Connection')])
2025-06-21 00:04:28,455 - httpx - INFO - HTTP Request: POST https://api.telegram.org/bot7707158318:AAE8rWa4Q8Z_3avql6K0HAmXaooZAReoNF0/editMessageText "HTTP/1.1 200 OK"
2025-06-21 00:04:28,456 - httpcore.http11 - DEBUG - receive_response_body.started request=<Request [b'POST']>
2025-06-21 00:04:28,457 - httpcore.http11 - DEBUG - receive_response_body.complete
2025-06-21 00:04:28,457 - httpcore.http11 - DEBUG - response_closed.started
2025-06-21 00:04:28,458 - httpcore.http11 - DEBUG - response_closed.complete
2025-06-21 00:04:28,460 - telegram.ext.ExtBot - DEBUG - Message(channel_chat_created=False, chat=Chat(first_name='Ghost', id=7049055170, last_name='Number1', type=<ChatType.PRIVATE>), date=datetime.datetime(2025, 6, 20, 23, 4, 17, tzinfo=<UTC>), delete_chat_photo=False, edit_date=datetime.datetime(2025, 6, 20, 23, 4, 28, tzinfo=<UTC>), from_user=User(first_name='SPRD', id=7707158318, is_bot=True, username='tizi91Bot'), group_chat_created=False, message_id=5712, reply_markup=InlineKeyboardMarkup(inline_keyboard=((InlineKeyboardButton(callback_data='show_balance', text='🔄 Refresh'), InlineKeyboardButton(callback_data='back_to_menu', text='🔙 Back to Menu')),)), supergroup_chat_created=False, text='Current Balance:\nSOL: 0.001771\nUSD: $0.25\n\nLast Update: 00:04:16')
2025-06-21 00:04:28,461 - telegram.ext.ExtBot - DEBUG - Exiting: edit_message_text
2025-06-21 00:04:30,650 - httpcore.http11 - DEBUG - receive_response_headers.complete return_value=(b'HTTP/1.1', 200, b'OK', [(b'Server', b'nginx/1.18.0'), (b'Date', b'Fri, 20 Jun 2025 23:04:30 GMT'), (b'Content-Type', b'application/json'), (b'Content-Length', b'743'), (b'Connection', b'keep-alive'), (b'Strict-Transport-Security', b'max-age=31536000; includeSubDomains; preload'), (b'Access-Control-Allow-Origin', b'*'), (b'Access-Control-Allow-Methods', b'GET, POST, OPTIONS'), (b'Access-Control-Expose-Headers', b'Content-Length,Content-Type,Date,Server,Connection')])
2025-06-21 00:04:30,650 - httpx - INFO - HTTP Request: POST https://api.telegram.org/bot7707158318:AAE8rWa4Q8Z_3avql6K0HAmXaooZAReoNF0/getUpdates "HTTP/1.1 200 OK"
2025-06-21 00:04:30,657 - httpcore.http11 - DEBUG - receive_response_body.started request=<Request [b'POST']>
2025-06-21 00:04:30,658 - httpcore.http11 - DEBUG - receive_response_body.complete
2025-06-21 00:04:30,659 - httpcore.http11 - DEBUG - response_closed.started
2025-06-21 00:04:30,661 - httpcore.http11 - DEBUG - response_closed.complete
2025-06-21 00:04:30,666 - telegram.ext.ExtBot - DEBUG - Getting updates: [37529924]
2025-06-21 00:04:30,668 - telegram.ext.ExtBot - DEBUG - (Update(callback_query=CallbackQuery(chat_instance='-1307310250263184334', data='back_to_menu', from_user=User(first_name='Ghost', id=7049055170, is_bot=False, language_code='en', last_name='Number1'), id='2605345314101900887', message=Message(channel_chat_created=False, chat=Chat(first_name='Ghost', id=7049055170, last_name='Number1', type=<ChatType.PRIVATE>), date=datetime.datetime(2025, 6, 20, 23, 4, 17, tzinfo=<UTC>), delete_chat_photo=False, edit_date=datetime.datetime(2025, 6, 20, 23, 4, 28, tzinfo=<UTC>), from_user=User(first_name='SPRD', id=7707158318, is_bot=True, username='tizi91Bot'), group_chat_created=False, message_id=5712, reply_markup=InlineKeyboardMarkup(inline_keyboard=((InlineKeyboardButton(callback_data='show_balance', text='🔄 Refresh'), InlineKeyboardButton(callback_data='back_to_menu', text='🔙 Back to Menu')),)), supergroup_chat_created=False, text='Current Balance:\nSOL: 0.001771\nUSD: $0.25\n\nLast Update: 00:04:16')), update_id=37529924),)
2025-06-21 00:04:30,668 - telegram.ext.ExtBot - DEBUG - Exiting: get_updates
2025-06-21 00:04:30,669 - telegram.ext.ExtBot - DEBUG - Entering: get_updates
2025-06-21 00:04:30,669 - telegram.ext.Application - DEBUG - Processing update Update(callback_query=CallbackQuery(chat_instance='-1307310250263184334', data='back_to_menu', from_user=User(first_name='Ghost', id=7049055170, is_bot=False, language_code='en', last_name='Number1'), id='2605345314101900887', message=Message(channel_chat_created=False, chat=Chat(first_name='Ghost', id=7049055170, last_name='Number1', type=<ChatType.PRIVATE>), date=datetime.datetime(2025, 6, 20, 23, 4, 17, tzinfo=<UTC>), delete_chat_photo=False, edit_date=datetime.datetime(2025, 6, 20, 23, 4, 28, tzinfo=<UTC>), from_user=User(first_name='SPRD', id=7707158318, is_bot=True, username='tizi91Bot'), group_chat_created=False, message_id=5712, reply_markup=InlineKeyboardMarkup(inline_keyboard=((InlineKeyboardButton(callback_data='show_balance', text='🔄 Refresh'), InlineKeyboardButton(callback_data='back_to_menu', text='🔙 Back to Menu')),)), supergroup_chat_created=False, text='Current Balance:\nSOL: 0.001771\nUSD: $0.25\n\nLast Update: 00:04:16')), update_id=37529924)
2025-06-21 00:04:30,672 - __main__ - INFO - Button callback received: Update(callback_query=CallbackQuery(chat_instance='-1307310250263184334', data='back_to_menu', from_user=User(first_name='Ghost', id=7049055170, is_bot=False, language_code='en', last_name='Number1'), id='2605345314101900887', message=Message(channel_chat_created=False, chat=Chat(first_name='Ghost', id=7049055170, last_name='Number1', type=<ChatType.PRIVATE>), date=datetime.datetime(2025, 6, 20, 23, 4, 17, tzinfo=<UTC>), delete_chat_photo=False, edit_date=datetime.datetime(2025, 6, 20, 23, 4, 28, tzinfo=<UTC>), from_user=User(first_name='SPRD', id=7707158318, is_bot=True, username='tizi91Bot'), group_chat_created=False, message_id=5712, reply_markup=InlineKeyboardMarkup(inline_keyboard=((InlineKeyboardButton(callback_data='show_balance', text='🔄 Refresh'), InlineKeyboardButton(callback_data='back_to_menu', text='🔙 Back to Menu')),)), supergroup_chat_created=False, text='Current Balance:\nSOL: 0.001771\nUSD: $0.25\n\nLast Update: 00:04:16')), update_id=37529924)
2025-06-21 00:04:30,672 - telegram.ext.ExtBot - DEBUG - Entering: answer_callback_query
2025-06-21 00:04:30,679 - httpcore.http11 - DEBUG - send_request_headers.started request=<Request [b'POST']>
2025-06-21 00:04:30,680 - httpcore.http11 - DEBUG - send_request_headers.started request=<Request [b'POST']>
2025-06-21 00:04:30,682 - httpcore.http11 - DEBUG - send_request_headers.complete
2025-06-21 00:04:30,682 - httpcore.http11 - DEBUG - send_request_body.started request=<Request [b'POST']>
2025-06-21 00:04:30,684 - httpcore.http11 - DEBUG - send_request_headers.complete
2025-06-21 00:04:30,684 - httpcore.http11 - DEBUG - send_request_body.started request=<Request [b'POST']>
2025-06-21 00:04:30,686 - httpcore.http11 - DEBUG - send_request_body.complete
2025-06-21 00:04:30,686 - httpcore.http11 - DEBUG - receive_response_headers.started request=<Request [b'POST']>
2025-06-21 00:04:30,689 - httpcore.http11 - DEBUG - send_request_body.complete
2025-06-21 00:04:30,689 - httpcore.http11 - DEBUG - receive_response_headers.started request=<Request [b'POST']>
2025-06-21 00:04:30,896 - httpcore.http11 - DEBUG - receive_response_headers.complete return_value=(b'HTTP/1.1', 200, b'OK', [(b'Server', b'nginx/1.18.0'), (b'Date', b'Fri, 20 Jun 2025 23:04:30 GMT'), (b'Content-Type', b'application/json'), (b'Content-Length', b'25'), (b'Connection', b'keep-alive'), (b'Strict-Transport-Security', b'max-age=31536000; includeSubDomains; preload'), (b'Access-Control-Allow-Origin', b'*'), (b'Access-Control-Allow-Methods', b'GET, POST, OPTIONS'), (b'Access-Control-Expose-Headers', b'Content-Length,Content-Type,Date,Server,Connection')])
2025-06-21 00:04:30,898 - httpx - INFO - HTTP Request: POST https://api.telegram.org/bot7707158318:AAE8rWa4Q8Z_3avql6K0HAmXaooZAReoNF0/answerCallbackQuery "HTTP/1.1 200 OK"
2025-06-21 00:04:30,899 - httpcore.http11 - DEBUG - receive_response_body.started request=<Request [b'POST']>
2025-06-21 00:04:30,900 - httpcore.http11 - DEBUG - receive_response_body.complete
2025-06-21 00:04:30,900 - httpcore.http11 - DEBUG - response_closed.started
2025-06-21 00:04:30,901 - httpcore.http11 - DEBUG - response_closed.complete
2025-06-21 00:04:30,901 - telegram.ext.ExtBot - DEBUG - True
2025-06-21 00:04:30,901 - telegram.ext.ExtBot - DEBUG - Exiting: answer_callback_query
2025-06-21 00:04:30,903 - __main__ - INFO - Processing action: back_to_menu
2025-06-21 00:04:30,903 - telegram.ext.ExtBot - DEBUG - Entering: edit_message_text
2025-06-21 00:04:30,905 - httpcore.http11 - DEBUG - send_request_headers.started request=<Request [b'POST']>
2025-06-21 00:04:30,907 - httpcore.http11 - DEBUG - send_request_headers.complete
2025-06-21 00:04:30,907 - httpcore.http11 - DEBUG - send_request_body.started request=<Request [b'POST']>
2025-06-21 00:04:30,907 - httpcore.http11 - DEBUG - send_request_body.complete
2025-06-21 00:04:30,907 - httpcore.http11 - DEBUG - receive_response_headers.started request=<Request [b'POST']>
2025-06-21 00:04:31,022 - httpcore.http11 - DEBUG - receive_response_headers.complete return_value=(b'HTTP/1.1', 200, b'OK', [(b'Server', b'nginx/1.18.0'), (b'Date', b'Fri, 20 Jun 2025 23:04:30 GMT'), (b'Content-Type', b'application/json'), (b'Content-Length', b'592'), (b'Connection', b'keep-alive'), (b'Strict-Transport-Security', b'max-age=31536000; includeSubDomains; preload'), (b'Access-Control-Allow-Origin', b'*'), (b'Access-Control-Allow-Methods', b'GET, POST, OPTIONS'), (b'Access-Control-Expose-Headers', b'Content-Length,Content-Type,Date,Server,Connection')])
2025-06-21 00:04:31,023 - httpx - INFO - HTTP Request: POST https://api.telegram.org/bot7707158318:AAE8rWa4Q8Z_3avql6K0HAmXaooZAReoNF0/editMessageText "HTTP/1.1 200 OK"
2025-06-21 00:04:31,025 - httpcore.http11 - DEBUG - receive_response_body.started request=<Request [b'POST']>
2025-06-21 00:04:31,025 - httpcore.http11 - DEBUG - receive_response_body.complete
2025-06-21 00:04:31,026 - httpcore.http11 - DEBUG - response_closed.started
2025-06-21 00:04:31,027 - httpcore.http11 - DEBUG - response_closed.complete
2025-06-21 00:04:31,030 - telegram.ext.ExtBot - DEBUG - Message(channel_chat_created=False, chat=Chat(first_name='Ghost', id=7049055170, last_name='Number1', type=<ChatType.PRIVATE>), date=datetime.datetime(2025, 6, 20, 23, 4, 17, tzinfo=<UTC>), delete_chat_photo=False, edit_date=datetime.datetime(2025, 6, 20, 23, 4, 30, tzinfo=<UTC>), from_user=User(first_name='SPRD', id=7707158318, is_bot=True, username='tizi91Bot'), group_chat_created=False, message_id=5712, reply_markup=InlineKeyboardMarkup(inline_keyboard=((InlineKeyboardButton(callback_data='start_sniperx', text='🚀 Start SniperX'),), (InlineKeyboardButton(callback_data='stop_sniperx', text='🛑 Stop SniperX'), InlineKeyboardButton(callback_data='status_sniperx', text='📊 Status')), (InlineKeyboardButton(callback_data='show_balance', text='💰 Balance'),))), supergroup_chat_created=False, text='SniperX Bot Control Panel:')
2025-06-21 00:04:31,032 - telegram.ext.ExtBot - DEBUG - Exiting: edit_message_text
2025-06-21 00:04:40,880 - httpcore.http11 - DEBUG - receive_response_headers.complete return_value=(b'HTTP/1.1', 200, b'OK', [(b'Server', b'nginx/1.18.0'), (b'Date', b'Fri, 20 Jun 2025 23:04:40 GMT'), (b'Content-Type', b'application/json'), (b'Content-Length', b'23'), (b'Connection', b'keep-alive'), (b'Strict-Transport-Security', b'max-age=31536000; includeSubDomains; preload'), (b'Access-Control-Allow-Origin', b'*'), (b'Access-Control-Allow-Methods', b'GET, POST, OPTIONS'), (b'Access-Control-Expose-Headers', b'Content-Length,Content-Type,Date,Server,Connection')])
2025-06-21 00:04:40,883 - httpx - INFO - HTTP Request: POST https://api.telegram.org/bot7707158318:AAE8rWa4Q8Z_3avql6K0HAmXaooZAReoNF0/getUpdates "HTTP/1.1 200 OK"
2025-06-21 00:04:40,885 - httpcore.http11 - DEBUG - receive_response_body.started request=<Request [b'POST']>
2025-06-21 00:04:40,885 - httpcore.http11 - DEBUG - receive_response_body.complete
2025-06-21 00:04:40,885 - httpcore.http11 - DEBUG - response_closed.started
2025-06-21 00:04:40,885 - httpcore.http11 - DEBUG - response_closed.complete
2025-06-21 00:04:40,887 - telegram.ext.ExtBot - DEBUG - No new updates found.
2025-06-21 00:04:40,887 - telegram.ext.ExtBot - DEBUG - ()
2025-06-21 00:04:40,887 - telegram.ext.ExtBot - DEBUG - Exiting: get_updates
2025-06-21 00:04:40,887 - telegram.ext.ExtBot - DEBUG - Entering: get_updates
2025-06-21 00:04:40,888 - httpcore.http11 - DEBUG - send_request_headers.started request=<Request [b'POST']>
2025-06-21 00:04:40,891 - httpcore.http11 - DEBUG - send_request_headers.complete
2025-06-21 00:04:40,891 - httpcore.http11 - DEBUG - send_request_body.started request=<Request [b'POST']>
2025-06-21 00:04:40,891 - httpcore.http11 - DEBUG - send_request_body.complete
2025-06-21 00:04:40,891 - httpcore.http11 - DEBUG - receive_response_headers.started request=<Request [b'POST']>
2025-06-21 00:04:51,125 - httpcore.http11 - DEBUG - receive_response_headers.complete return_value=(b'HTTP/1.1', 200, b'OK', [(b'Server', b'nginx/1.18.0'), (b'Date', b'Fri, 20 Jun 2025 23:04:50 GMT'), (b'Content-Type', b'application/json'), (b'Content-Length', b'23'), (b'Connection', b'keep-alive'), (b'Strict-Transport-Security', b'max-age=31536000; includeSubDomains; preload'), (b'Access-Control-Allow-Origin', b'*'), (b'Access-Control-Allow-Methods', b'GET, POST, OPTIONS'), (b'Access-Control-Expose-Headers', b'Content-Length,Content-Type,Date,Server,Connection')])
2025-06-21 00:04:51,126 - httpx - INFO - HTTP Request: POST https://api.telegram.org/bot7707158318:AAE8rWa4Q8Z_3avql6K0HAmXaooZAReoNF0/getUpdates "HTTP/1.1 200 OK"
2025-06-21 00:04:51,127 - httpcore.http11 - DEBUG - receive_response_body.started request=<Request [b'POST']>
2025-06-21 00:04:51,127 - httpcore.http11 - DEBUG - receive_response_body.complete
2025-06-21 00:04:51,129 - httpcore.http11 - DEBUG - response_closed.started
2025-06-21 00:04:51,129 - httpcore.http11 - DEBUG - response_closed.complete
2025-06-21 00:04:51,129 - telegram.ext.ExtBot - DEBUG - No new updates found.
2025-06-21 00:04:51,129 - telegram.ext.ExtBot - DEBUG - ()
2025-06-21 00:04:51,129 - telegram.ext.ExtBot - DEBUG - Exiting: get_updates
2025-06-21 00:04:51,129 - telegram.ext.ExtBot - DEBUG - Entering: get_updates
2025-06-21 00:04:51,131 - httpcore.http11 - DEBUG - send_request_headers.started request=<Request [b'POST']>
2025-06-21 00:04:51,133 - httpcore.http11 - DEBUG - send_request_headers.complete
2025-06-21 00:04:51,133 - httpcore.http11 - DEBUG - send_request_body.started request=<Request [b'POST']>
2025-06-21 00:04:51,133 - httpcore.http11 - DEBUG - send_request_body.complete
2025-06-21 00:04:51,136 - httpcore.http11 - DEBUG - receive_response_headers.started request=<Request [b'POST']>
2025-06-21 00:05:01,357 - httpcore.http11 - DEBUG - receive_response_headers.complete return_value=(b'HTTP/1.1', 200, b'OK', [(b'Server', b'nginx/1.18.0'), (b'Date', b'Fri, 20 Jun 2025 23:05:00 GMT'), (b'Content-Type', b'application/json'), (b'Content-Length', b'23'), (b'Connection', b'keep-alive'), (b'Strict-Transport-Security', b'max-age=31536000; includeSubDomains; preload'), (b'Access-Control-Allow-Origin', b'*'), (b'Access-Control-Allow-Methods', b'GET, POST, OPTIONS'), (b'Access-Control-Expose-Headers', b'Content-Length,Content-Type,Date,Server,Connection')])
2025-06-21 00:05:01,359 - httpx - INFO - HTTP Request: POST https://api.telegram.org/bot7707158318:AAE8rWa4Q8Z_3avql6K0HAmXaooZAReoNF0/getUpdates "HTTP/1.1 200 OK"
2025-06-21 00:05:01,359 - httpcore.http11 - DEBUG - receive_response_body.started request=<Request [b'POST']>
2025-06-21 00:05:01,361 - httpcore.http11 - DEBUG - receive_response_body.complete
2025-06-21 00:05:01,361 - httpcore.http11 - DEBUG - response_closed.started
2025-06-21 00:05:01,362 - httpcore.http11 - DEBUG - response_closed.complete
2025-06-21 00:05:01,363 - telegram.ext.ExtBot - DEBUG - No new updates found.
2025-06-21 00:05:01,363 - telegram.ext.ExtBot - DEBUG - ()
2025-06-21 00:05:01,364 - telegram.ext.ExtBot - DEBUG - Exiting: get_updates
2025-06-21 00:05:01,364 - telegram.ext.ExtBot - DEBUG - Entering: get_updates
2025-06-21 00:05:01,365 - httpcore.http11 - DEBUG - send_request_headers.started request=<Request [b'POST']>
2025-06-21 00:05:01,368 - httpcore.http11 - DEBUG - send_request_headers.complete
2025-06-21 00:05:01,368 - httpcore.http11 - DEBUG - send_request_body.started request=<Request [b'POST']>
2025-06-21 00:05:01,369 - httpcore.http11 - DEBUG - send_request_body.complete
2025-06-21 00:05:01,369 - httpcore.http11 - DEBUG - receive_response_headers.started request=<Request [b'POST']>
2025-06-21 00:05:11,598 - httpcore.http11 - DEBUG - receive_response_headers.complete return_value=(b'HTTP/1.1', 200, b'OK', [(b'Server', b'nginx/1.18.0'), (b'Date', b'Fri, 20 Jun 2025 23:05:11 GMT'), (b'Content-Type', b'application/json'), (b'Content-Length', b'23'), (b'Connection', b'keep-alive'), (b'Strict-Transport-Security', b'max-age=31536000; includeSubDomains; preload'), (b'Access-Control-Allow-Origin', b'*'), (b'Access-Control-Allow-Methods', b'GET, POST, OPTIONS'), (b'Access-Control-Expose-Headers', b'Content-Length,Content-Type,Date,Server,Connection')])
2025-06-21 00:05:11,598 - httpx - INFO - HTTP Request: POST https://api.telegram.org/bot7707158318:AAE8rWa4Q8Z_3avql6K0HAmXaooZAReoNF0/getUpdates "HTTP/1.1 200 OK"
2025-06-21 00:05:11,601 - httpcore.http11 - DEBUG - receive_response_body.started request=<Request [b'POST']>
2025-06-21 00:05:11,601 - httpcore.http11 - DEBUG - receive_response_body.complete
2025-06-21 00:05:11,601 - httpcore.http11 - DEBUG - response_closed.started
2025-06-21 00:05:11,601 - httpcore.http11 - DEBUG - response_closed.complete
2025-06-21 00:05:11,603 - telegram.ext.ExtBot - DEBUG - No new updates found.
2025-06-21 00:05:11,603 - telegram.ext.ExtBot - DEBUG - ()
2025-06-21 00:05:11,603 - telegram.ext.ExtBot - DEBUG - Exiting: get_updates
2025-06-21 00:05:11,603 - telegram.ext.ExtBot - DEBUG - Entering: get_updates
2025-06-21 00:05:11,605 - httpcore.http11 - DEBUG - send_request_headers.started request=<Request [b'POST']>
2025-06-21 00:05:11,605 - httpcore.http11 - DEBUG - send_request_headers.complete
2025-06-21 00:05:11,605 - httpcore.http11 - DEBUG - send_request_body.started request=<Request [b'POST']>
2025-06-21 00:05:11,607 - httpcore.http11 - DEBUG - send_request_body.complete
2025-06-21 00:05:11,607 - httpcore.http11 - DEBUG - receive_response_headers.started request=<Request [b'POST']>
2025-06-21 00:05:21,815 - httpcore.http11 - DEBUG - receive_response_headers.complete return_value=(b'HTTP/1.1', 200, b'OK', [(b'Server', b'nginx/1.18.0'), (b'Date', b'Fri, 20 Jun 2025 23:05:21 GMT'), (b'Content-Type', b'application/json'), (b'Content-Length', b'23'), (b'Connection', b'keep-alive'), (b'Strict-Transport-Security', b'max-age=31536000; includeSubDomains; preload'), (b'Access-Control-Allow-Origin', b'*'), (b'Access-Control-Allow-Methods', b'GET, POST, OPTIONS'), (b'Access-Control-Expose-Headers', b'Content-Length,Content-Type,Date,Server,Connection')])
2025-06-21 00:05:21,816 - httpx - INFO - HTTP Request: POST https://api.telegram.org/bot7707158318:AAE8rWa4Q8Z_3avql6K0HAmXaooZAReoNF0/getUpdates "HTTP/1.1 200 OK"
2025-06-21 00:05:21,818 - httpcore.http11 - DEBUG - receive_response_body.started request=<Request [b'POST']>
2025-06-21 00:05:21,819 - httpcore.http11 - DEBUG - receive_response_body.complete
2025-06-21 00:05:21,819 - httpcore.http11 - DEBUG - response_closed.started
2025-06-21 00:05:21,820 - httpcore.http11 - DEBUG - response_closed.complete
2025-06-21 00:05:21,820 - telegram.ext.ExtBot - DEBUG - No new updates found.
2025-06-21 00:05:21,821 - telegram.ext.ExtBot - DEBUG - ()
2025-06-21 00:05:21,821 - telegram.ext.ExtBot - DEBUG - Exiting: get_updates
2025-06-21 00:05:21,821 - telegram.ext.ExtBot - DEBUG - Entering: get_updates
2025-06-21 00:05:21,825 - httpcore.http11 - DEBUG - send_request_headers.started request=<Request [b'POST']>
2025-06-21 00:05:21,826 - httpcore.http11 - DEBUG - send_request_headers.complete
2025-06-21 00:05:21,826 - httpcore.http11 - DEBUG - send_request_body.started request=<Request [b'POST']>
2025-06-21 00:05:21,827 - httpcore.http11 - DEBUG - send_request_body.complete
2025-06-21 00:05:21,828 - httpcore.http11 - DEBUG - receive_response_headers.started request=<Request [b'POST']>
2025-06-21 00:05:32,164 - httpcore.http11 - DEBUG - receive_response_headers.complete return_value=(b'HTTP/1.1', 200, b'OK', [(b'Server', b'nginx/1.18.0'), (b'Date', b'Fri, 20 Jun 2025 23:05:31 GMT'), (b'Content-Type', b'application/json'), (b'Content-Length', b'23'), (b'Connection', b'keep-alive'), (b'Strict-Transport-Security', b'max-age=31536000; includeSubDomains; preload'), (b'Access-Control-Allow-Origin', b'*'), (b'Access-Control-Allow-Methods', b'GET, POST, OPTIONS'), (b'Access-Control-Expose-Headers', b'Content-Length,Content-Type,Date,Server,Connection')])
2025-06-21 00:05:32,166 - httpx - INFO - HTTP Request: POST https://api.telegram.org/bot7707158318:AAE8rWa4Q8Z_3avql6K0HAmXaooZAReoNF0/getUpdates "HTTP/1.1 200 OK"
2025-06-21 00:05:32,168 - httpcore.http11 - DEBUG - receive_response_body.started request=<Request [b'POST']>
2025-06-21 00:05:32,168 - httpcore.http11 - DEBUG - receive_response_body.complete
2025-06-21 00:05:32,168 - httpcore.http11 - DEBUG - response_closed.started
2025-06-21 00:05:32,169 - httpcore.http11 - DEBUG - response_closed.complete
2025-06-21 00:05:32,169 - telegram.ext.ExtBot - DEBUG - No new updates found.
2025-06-21 00:05:32,169 - telegram.ext.ExtBot - DEBUG - ()
2025-06-21 00:05:32,169 - telegram.ext.ExtBot - DEBUG - Exiting: get_updates
2025-06-21 00:05:32,169 - telegram.ext.ExtBot - DEBUG - Entering: get_updates
2025-06-21 00:05:32,172 - httpcore.http11 - DEBUG - send_request_headers.started request=<Request [b'POST']>
2025-06-21 00:05:32,172 - httpcore.http11 - DEBUG - send_request_headers.complete
2025-06-21 00:05:32,172 - httpcore.http11 - DEBUG - send_request_body.started request=<Request [b'POST']>
2025-06-21 00:05:32,174 - httpcore.http11 - DEBUG - send_request_body.complete
2025-06-21 00:05:32,174 - httpcore.http11 - DEBUG - receive_response_headers.started request=<Request [b'POST']>
2025-06-21 00:05:42,525 - httpcore.http11 - DEBUG - receive_response_headers.complete return_value=(b'HTTP/1.1', 200, b'OK', [(b'Server', b'nginx/1.18.0'), (b'Date', b'Fri, 20 Jun 2025 23:05:41 GMT'), (b'Content-Type', b'application/json'), (b'Content-Length', b'23'), (b'Connection', b'keep-alive'), (b'Strict-Transport-Security', b'max-age=31536000; includeSubDomains; preload'), (b'Access-Control-Allow-Origin', b'*'), (b'Access-Control-Allow-Methods', b'GET, POST, OPTIONS'), (b'Access-Control-Expose-Headers', b'Content-Length,Content-Type,Date,Server,Connection')])
2025-06-21 00:05:42,527 - httpx - INFO - HTTP Request: POST https://api.telegram.org/bot7707158318:AAE8rWa4Q8Z_3avql6K0HAmXaooZAReoNF0/getUpdates "HTTP/1.1 200 OK"
2025-06-21 00:05:42,534 - httpcore.http11 - DEBUG - receive_response_body.started request=<Request [b'POST']>
2025-06-21 00:05:42,535 - httpcore.http11 - DEBUG - receive_response_body.complete
2025-06-21 00:05:42,535 - httpcore.http11 - DEBUG - response_closed.started
2025-06-21 00:05:42,535 - httpcore.http11 - DEBUG - response_closed.complete
2025-06-21 00:05:42,536 - telegram.ext.ExtBot - DEBUG - No new updates found.
2025-06-21 00:05:42,536 - telegram.ext.ExtBot - DEBUG - ()
2025-06-21 00:05:42,536 - telegram.ext.ExtBot - DEBUG - Exiting: get_updates
2025-06-21 00:05:42,536 - telegram.ext.ExtBot - DEBUG - Entering: get_updates
2025-06-21 00:05:42,538 - httpcore.http11 - DEBUG - send_request_headers.started request=<Request [b'POST']>
2025-06-21 00:05:42,539 - httpcore.http11 - DEBUG - send_request_headers.complete
2025-06-21 00:05:42,540 - httpcore.http11 - DEBUG - send_request_body.started request=<Request [b'POST']>
2025-06-21 00:05:42,541 - httpcore.http11 - DEBUG - send_request_body.complete
2025-06-21 00:05:42,541 - httpcore.http11 - DEBUG - receive_response_headers.started request=<Request [b'POST']>
2025-06-21 00:05:52,614 - httpcore.http11 - DEBUG - receive_response_headers.complete return_value=(b'HTTP/1.1', 200, b'OK', [(b'Server', b'nginx/1.18.0'), (b'Date', b'Fri, 20 Jun 2025 23:05:52 GMT'), (b'Content-Type', b'application/json'), (b'Content-Length', b'23'), (b'Connection', b'keep-alive'), (b'Strict-Transport-Security', b'max-age=31536000; includeSubDomains; preload'), (b'Access-Control-Allow-Origin', b'*'), (b'Access-Control-Allow-Methods', b'GET, POST, OPTIONS'), (b'Access-Control-Expose-Headers', b'Content-Length,Content-Type,Date,Server,Connection')])
2025-06-21 00:05:52,614 - httpx - INFO - HTTP Request: POST https://api.telegram.org/bot7707158318:AAE8rWa4Q8Z_3avql6K0HAmXaooZAReoNF0/getUpdates "HTTP/1.1 200 OK"
2025-06-21 00:05:52,616 - httpcore.http11 - DEBUG - receive_response_body.started request=<Request [b'POST']>
2025-06-21 00:05:52,618 - httpcore.http11 - DEBUG - receive_response_body.complete
2025-06-21 00:05:52,618 - httpcore.http11 - DEBUG - response_closed.started
2025-06-21 00:05:52,618 - httpcore.http11 - DEBUG - response_closed.complete
2025-06-21 00:05:52,618 - telegram.ext.ExtBot - DEBUG - No new updates found.
2025-06-21 00:05:52,618 - telegram.ext.ExtBot - DEBUG - ()
2025-06-21 00:05:52,620 - telegram.ext.ExtBot - DEBUG - Exiting: get_updates
2025-06-21 00:05:52,620 - telegram.ext.ExtBot - DEBUG - Entering: get_updates
2025-06-21 00:05:52,621 - httpcore.http11 - DEBUG - send_request_headers.started request=<Request [b'POST']>
2025-06-21 00:05:52,623 - httpcore.http11 - DEBUG - send_request_headers.complete
2025-06-21 00:05:52,623 - httpcore.http11 - DEBUG - send_request_body.started request=<Request [b'POST']>
2025-06-21 00:05:52,625 - httpcore.http11 - DEBUG - send_request_body.complete
2025-06-21 00:05:52,625 - httpcore.http11 - DEBUG - receive_response_headers.started request=<Request [b'POST']>
2025-06-21 00:06:02,705 - httpcore.http11 - DEBUG - receive_response_headers.complete return_value=(b'HTTP/1.1', 200, b'OK', [(b'Server', b'nginx/1.18.0'), (b'Date', b'Fri, 20 Jun 2025 23:06:02 GMT'), (b'Content-Type', b'application/json'), (b'Content-Length', b'23'), (b'Connection', b'keep-alive'), (b'Strict-Transport-Security', b'max-age=31536000; includeSubDomains; preload'), (b'Access-Control-Allow-Origin', b'*'), (b'Access-Control-Allow-Methods', b'GET, POST, OPTIONS'), (b'Access-Control-Expose-Headers', b'Content-Length,Content-Type,Date,Server,Connection')])
2025-06-21 00:06:02,707 - httpx - INFO - HTTP Request: POST https://api.telegram.org/bot7707158318:AAE8rWa4Q8Z_3avql6K0HAmXaooZAReoNF0/getUpdates "HTTP/1.1 200 OK"
2025-06-21 00:06:02,709 - httpcore.http11 - DEBUG - receive_response_body.started request=<Request [b'POST']>
2025-06-21 00:06:02,709 - httpcore.http11 - DEBUG - receive_response_body.complete
2025-06-21 00:06:02,710 - httpcore.http11 - DEBUG - response_closed.started
2025-06-21 00:06:02,710 - httpcore.http11 - DEBUG - response_closed.complete
2025-06-21 00:06:02,711 - telegram.ext.ExtBot - DEBUG - No new updates found.
2025-06-21 00:06:02,711 - telegram.ext.ExtBot - DEBUG - ()
2025-06-21 00:06:02,711 - telegram.ext.ExtBot - DEBUG - Exiting: get_updates
2025-06-21 00:06:02,711 - telegram.ext.ExtBot - DEBUG - Entering: get_updates
2025-06-21 00:06:02,713 - httpcore.http11 - DEBUG - send_request_headers.started request=<Request [b'POST']>
2025-06-21 00:06:02,714 - httpcore.http11 - DEBUG - send_request_headers.complete
2025-06-21 00:06:02,714 - httpcore.http11 - DEBUG - send_request_body.started request=<Request [b'POST']>
2025-06-21 00:06:02,715 - httpcore.http11 - DEBUG - send_request_body.complete
2025-06-21 00:06:02,715 - httpcore.http11 - DEBUG - receive_response_headers.started request=<Request [b'POST']>
2025-06-21 00:06:12,809 - httpcore.http11 - DEBUG - receive_response_headers.complete return_value=(b'HTTP/1.1', 200, b'OK', [(b'Server', b'nginx/1.18.0'), (b'Date', b'Fri, 20 Jun 2025 23:06:12 GMT'), (b'Content-Type', b'application/json'), (b'Content-Length', b'23'), (b'Connection', b'keep-alive'), (b'Strict-Transport-Security', b'max-age=31536000; includeSubDomains; preload'), (b'Access-Control-Allow-Origin', b'*'), (b'Access-Control-Allow-Methods', b'GET, POST, OPTIONS'), (b'Access-Control-Expose-Headers', b'Content-Length,Content-Type,Date,Server,Connection')])
2025-06-21 00:06:12,811 - httpx - INFO - HTTP Request: POST https://api.telegram.org/bot7707158318:AAE8rWa4Q8Z_3avql6K0HAmXaooZAReoNF0/getUpdates "HTTP/1.1 200 OK"
2025-06-21 00:06:12,812 - httpcore.http11 - DEBUG - receive_response_body.started request=<Request [b'POST']>
2025-06-21 00:06:12,812 - httpcore.http11 - DEBUG - receive_response_body.complete
2025-06-21 00:06:12,814 - httpcore.http11 - DEBUG - response_closed.started
2025-06-21 00:06:12,814 - httpcore.http11 - DEBUG - response_closed.complete
2025-06-21 00:06:12,814 - telegram.ext.ExtBot - DEBUG - No new updates found.
2025-06-21 00:06:12,814 - telegram.ext.ExtBot - DEBUG - ()
2025-06-21 00:06:12,814 - telegram.ext.ExtBot - DEBUG - Exiting: get_updates
2025-06-21 00:06:12,814 - telegram.ext.ExtBot - DEBUG - Entering: get_updates
2025-06-21 00:06:12,818 - httpcore.http11 - DEBUG - send_request_headers.started request=<Request [b'POST']>
2025-06-21 00:06:12,818 - httpcore.http11 - DEBUG - send_request_headers.complete
2025-06-21 00:06:12,818 - httpcore.http11 - DEBUG - send_request_body.started request=<Request [b'POST']>
2025-06-21 00:06:12,820 - httpcore.http11 - DEBUG - send_request_body.complete
2025-06-21 00:06:12,820 - httpcore.http11 - DEBUG - receive_response_headers.started request=<Request [b'POST']>
2025-06-21 00:06:23,002 - httpcore.http11 - DEBUG - receive_response_headers.complete return_value=(b'HTTP/1.1', 200, b'OK', [(b'Server', b'nginx/1.18.0'), (b'Date', b'Fri, 20 Jun 2025 23:06:22 GMT'), (b'Content-Type', b'application/json'), (b'Content-Length', b'23'), (b'Connection', b'keep-alive'), (b'Strict-Transport-Security', b'max-age=31536000; includeSubDomains; preload'), (b'Access-Control-Allow-Origin', b'*'), (b'Access-Control-Allow-Methods', b'GET, POST, OPTIONS'), (b'Access-Control-Expose-Headers', b'Content-Length,Content-Type,Date,Server,Connection')])
2025-06-21 00:06:23,004 - httpx - INFO - HTTP Request: POST https://api.telegram.org/bot7707158318:AAE8rWa4Q8Z_3avql6K0HAmXaooZAReoNF0/getUpdates "HTTP/1.1 200 OK"
2025-06-21 00:06:23,004 - httpcore.http11 - DEBUG - receive_response_body.started request=<Request [b'POST']>
2025-06-21 00:06:23,004 - httpcore.http11 - DEBUG - receive_response_body.complete
2025-06-21 00:06:23,004 - httpcore.http11 - DEBUG - response_closed.started
2025-06-21 00:06:23,004 - httpcore.http11 - DEBUG - response_closed.complete
2025-06-21 00:06:23,006 - telegram.ext.ExtBot - DEBUG - No new updates found.
2025-06-21 00:06:23,006 - telegram.ext.ExtBot - DEBUG - ()
2025-06-21 00:06:23,006 - telegram.ext.ExtBot - DEBUG - Exiting: get_updates
2025-06-21 00:06:23,007 - telegram.ext.ExtBot - DEBUG - Entering: get_updates
2025-06-21 00:06:23,010 - httpcore.http11 - DEBUG - send_request_headers.started request=<Request [b'POST']>
2025-06-21 00:06:23,011 - httpcore.http11 - DEBUG - send_request_headers.complete
2025-06-21 00:06:23,013 - httpcore.http11 - DEBUG - send_request_body.started request=<Request [b'POST']>
2025-06-21 00:06:23,015 - httpcore.http11 - DEBUG - send_request_body.complete
2025-06-21 00:06:23,015 - httpcore.http11 - DEBUG - receive_response_headers.started request=<Request [b'POST']>
2025-06-21 00:06:33,323 - httpcore.http11 - DEBUG - receive_response_headers.complete return_value=(b'HTTP/1.1', 200, b'OK', [(b'Server', b'nginx/1.18.0'), (b'Date', b'Fri, 20 Jun 2025 23:06:32 GMT'), (b'Content-Type', b'application/json'), (b'Content-Length', b'23'), (b'Connection', b'keep-alive'), (b'Strict-Transport-Security', b'max-age=31536000; includeSubDomains; preload'), (b'Access-Control-Allow-Origin', b'*'), (b'Access-Control-Allow-Methods', b'GET, POST, OPTIONS'), (b'Access-Control-Expose-Headers', b'Content-Length,Content-Type,Date,Server,Connection')])
2025-06-21 00:06:33,323 - httpx - INFO - HTTP Request: POST https://api.telegram.org/bot7707158318:AAE8rWa4Q8Z_3avql6K0HAmXaooZAReoNF0/getUpdates "HTTP/1.1 200 OK"
2025-06-21 00:06:33,325 - httpcore.http11 - DEBUG - receive_response_body.started request=<Request [b'POST']>
2025-06-21 00:06:33,325 - httpcore.http11 - DEBUG - receive_response_body.complete
2025-06-21 00:06:33,327 - httpcore.http11 - DEBUG - response_closed.started
2025-06-21 00:06:33,327 - httpcore.http11 - DEBUG - response_closed.complete
2025-06-21 00:06:33,327 - telegram.ext.ExtBot - DEBUG - No new updates found.
2025-06-21 00:06:33,329 - telegram.ext.ExtBot - DEBUG - ()
2025-06-21 00:06:33,329 - telegram.ext.ExtBot - DEBUG - Exiting: get_updates
2025-06-21 00:06:33,329 - telegram.ext.ExtBot - DEBUG - Entering: get_updates
2025-06-21 00:06:33,331 - httpcore.http11 - DEBUG - send_request_headers.started request=<Request [b'POST']>
2025-06-21 00:06:33,334 - httpcore.http11 - DEBUG - send_request_headers.complete
2025-06-21 00:06:33,334 - httpcore.http11 - DEBUG - send_request_body.started request=<Request [b'POST']>
2025-06-21 00:06:33,334 - httpcore.http11 - DEBUG - send_request_body.complete
2025-06-21 00:06:33,334 - httpcore.http11 - DEBUG - receive_response_headers.started request=<Request [b'POST']>
2025-06-21 00:06:43,444 - httpcore.http11 - DEBUG - receive_response_headers.complete return_value=(b'HTTP/1.1', 200, b'OK', [(b'Server', b'nginx/1.18.0'), (b'Date', b'Fri, 20 Jun 2025 23:06:43 GMT'), (b'Content-Type', b'application/json'), (b'Content-Length', b'23'), (b'Connection', b'keep-alive'), (b'Strict-Transport-Security', b'max-age=31536000; includeSubDomains; preload'), (b'Access-Control-Allow-Origin', b'*'), (b'Access-Control-Allow-Methods', b'GET, POST, OPTIONS'), (b'Access-Control-Expose-Headers', b'Content-Length,Content-Type,Date,Server,Connection')])
2025-06-21 00:06:43,446 - httpx - INFO - HTTP Request: POST https://api.telegram.org/bot7707158318:AAE8rWa4Q8Z_3avql6K0HAmXaooZAReoNF0/getUpdates "HTTP/1.1 200 OK"
2025-06-21 00:06:43,447 - httpcore.http11 - DEBUG - receive_response_body.started request=<Request [b'POST']>
2025-06-21 00:06:43,449 - httpcore.http11 - DEBUG - receive_response_body.complete
2025-06-21 00:06:43,449 - httpcore.http11 - DEBUG - response_closed.started
2025-06-21 00:06:43,449 - httpcore.http11 - DEBUG - response_closed.complete
2025-06-21 00:06:43,451 - telegram.ext.ExtBot - DEBUG - No new updates found.
2025-06-21 00:06:43,451 - telegram.ext.ExtBot - DEBUG - ()
2025-06-21 00:06:43,451 - telegram.ext.ExtBot - DEBUG - Exiting: get_updates
2025-06-21 00:06:43,451 - telegram.ext.ExtBot - DEBUG - Entering: get_updates
2025-06-21 00:06:43,453 - httpcore.http11 - DEBUG - send_request_headers.started request=<Request [b'POST']>
2025-06-21 00:06:43,455 - httpcore.http11 - DEBUG - send_request_headers.complete
2025-06-21 00:06:43,456 - httpcore.http11 - DEBUG - send_request_body.started request=<Request [b'POST']>
2025-06-21 00:06:43,456 - httpcore.http11 - DEBUG - send_request_body.complete
2025-06-21 00:06:43,456 - httpcore.http11 - DEBUG - receive_response_headers.started request=<Request [b'POST']>
2025-06-21 00:06:54,202 - httpcore.http11 - DEBUG - receive_response_headers.complete return_value=(b'HTTP/1.1', 200, b'OK', [(b'Server', b'nginx/1.18.0'), (b'Date', b'Fri, 20 Jun 2025 23:06:53 GMT'), (b'Content-Type', b'application/json'), (b'Content-Length', b'23'), (b'Connection', b'keep-alive'), (b'Strict-Transport-Security', b'max-age=31536000; includeSubDomains; preload'), (b'Access-Control-Allow-Origin', b'*'), (b'Access-Control-Allow-Methods', b'GET, POST, OPTIONS'), (b'Access-Control-Expose-Headers', b'Content-Length,Content-Type,Date,Server,Connection')])
2025-06-21 00:06:54,204 - httpx - INFO - HTTP Request: POST https://api.telegram.org/bot7707158318:AAE8rWa4Q8Z_3avql6K0HAmXaooZAReoNF0/getUpdates "HTTP/1.1 200 OK"
2025-06-21 00:06:54,205 - httpcore.http11 - DEBUG - receive_response_body.started request=<Request [b'POST']>
2025-06-21 00:06:54,205 - httpcore.http11 - DEBUG - receive_response_body.complete
2025-06-21 00:06:54,207 - httpcore.http11 - DEBUG - response_closed.started
2025-06-21 00:06:54,207 - httpcore.http11 - DEBUG - response_closed.complete
2025-06-21 00:06:54,207 - telegram.ext.ExtBot - DEBUG - No new updates found.
2025-06-21 00:06:54,209 - telegram.ext.ExtBot - DEBUG - ()
2025-06-21 00:06:54,209 - telegram.ext.ExtBot - DEBUG - Exiting: get_updates
2025-06-21 00:06:54,209 - telegram.ext.ExtBot - DEBUG - Entering: get_updates
2025-06-21 00:06:54,210 - httpcore.http11 - DEBUG - send_request_headers.started request=<Request [b'POST']>
2025-06-21 00:06:54,212 - httpcore.http11 - DEBUG - send_request_headers.complete
2025-06-21 00:06:54,212 - httpcore.http11 - DEBUG - send_request_body.started request=<Request [b'POST']>
2025-06-21 00:06:54,214 - httpcore.http11 - DEBUG - send_request_body.complete
2025-06-21 00:06:54,214 - httpcore.http11 - DEBUG - receive_response_headers.started request=<Request [b'POST']>
2025-06-21 00:07:04,443 - httpcore.http11 - DEBUG - receive_response_headers.complete return_value=(b'HTTP/1.1', 200, b'OK', [(b'Server', b'nginx/1.18.0'), (b'Date', b'Fri, 20 Jun 2025 23:07:04 GMT'), (b'Content-Type', b'application/json'), (b'Content-Length', b'23'), (b'Connection', b'keep-alive'), (b'Strict-Transport-Security', b'max-age=31536000; includeSubDomains; preload'), (b'Access-Control-Allow-Origin', b'*'), (b'Access-Control-Allow-Methods', b'GET, POST, OPTIONS'), (b'Access-Control-Expose-Headers', b'Content-Length,Content-Type,Date,Server,Connection')])
2025-06-21 00:07:04,445 - httpx - INFO - HTTP Request: POST https://api.telegram.org/bot7707158318:AAE8rWa4Q8Z_3avql6K0HAmXaooZAReoNF0/getUpdates "HTTP/1.1 200 OK"
2025-06-21 00:07:04,450 - httpcore.http11 - DEBUG - receive_response_body.started request=<Request [b'POST']>
2025-06-21 00:07:04,451 - httpcore.http11 - DEBUG - receive_response_body.complete
2025-06-21 00:07:04,451 - httpcore.http11 - DEBUG - response_closed.started
2025-06-21 00:07:04,452 - httpcore.http11 - DEBUG - response_closed.complete
2025-06-21 00:07:04,453 - telegram.ext.ExtBot - DEBUG - No new updates found.
2025-06-21 00:07:04,453 - telegram.ext.ExtBot - DEBUG - ()
2025-06-21 00:07:04,453 - telegram.ext.ExtBot - DEBUG - Exiting: get_updates
2025-06-21 00:07:04,453 - telegram.ext.ExtBot - DEBUG - Entering: get_updates
2025-06-21 00:07:04,455 - httpcore.http11 - DEBUG - send_request_headers.started request=<Request [b'POST']>
2025-06-21 00:07:04,457 - httpcore.http11 - DEBUG - send_request_headers.complete
2025-06-21 00:07:04,457 - httpcore.http11 - DEBUG - send_request_body.started request=<Request [b'POST']>
2025-06-21 00:07:04,458 - httpcore.http11 - DEBUG - send_request_body.complete
2025-06-21 00:07:04,459 - httpcore.http11 - DEBUG - receive_response_headers.started request=<Request [b'POST']>
2025-06-21 00:07:14,580 - httpcore.http11 - DEBUG - receive_response_headers.complete return_value=(b'HTTP/1.1', 200, b'OK', [(b'Server', b'nginx/1.18.0'), (b'Date', b'Fri, 20 Jun 2025 23:07:14 GMT'), (b'Content-Type', b'application/json'), (b'Content-Length', b'23'), (b'Connection', b'keep-alive'), (b'Strict-Transport-Security', b'max-age=31536000; includeSubDomains; preload'), (b'Access-Control-Allow-Origin', b'*'), (b'Access-Control-Allow-Methods', b'GET, POST, OPTIONS'), (b'Access-Control-Expose-Headers', b'Content-Length,Content-Type,Date,Server,Connection')])
2025-06-21 00:07:14,582 - httpx - INFO - HTTP Request: POST https://api.telegram.org/bot7707158318:AAE8rWa4Q8Z_3avql6K0HAmXaooZAReoNF0/getUpdates "HTTP/1.1 200 OK"
2025-06-21 00:07:14,584 - httpcore.http11 - DEBUG - receive_response_body.started request=<Request [b'POST']>
2025-06-21 00:07:14,584 - httpcore.http11 - DEBUG - receive_response_body.complete
2025-06-21 00:07:14,584 - httpcore.http11 - DEBUG - response_closed.started
2025-06-21 00:07:14,584 - httpcore.http11 - DEBUG - response_closed.complete
2025-06-21 00:07:14,587 - telegram.ext.ExtBot - DEBUG - No new updates found.
2025-06-21 00:07:14,587 - telegram.ext.ExtBot - DEBUG - ()
2025-06-21 00:07:14,587 - telegram.ext.ExtBot - DEBUG - Exiting: get_updates
2025-06-21 00:07:14,587 - telegram.ext.ExtBot - DEBUG - Entering: get_updates
2025-06-21 00:07:14,589 - httpcore.http11 - DEBUG - send_request_headers.started request=<Request [b'POST']>
2025-06-21 00:07:14,591 - httpcore.http11 - DEBUG - send_request_headers.complete
2025-06-21 00:07:14,591 - httpcore.http11 - DEBUG - send_request_body.started request=<Request [b'POST']>
2025-06-21 00:07:14,593 - httpcore.http11 - DEBUG - send_request_body.complete
2025-06-21 00:07:14,593 - httpcore.http11 - DEBUG - receive_response_headers.started request=<Request [b'POST']>
2025-06-21 00:07:24,923 - httpcore.http11 - DEBUG - receive_response_headers.complete return_value=(b'HTTP/1.1', 200, b'OK', [(b'Server', b'nginx/1.18.0'), (b'Date', b'Fri, 20 Jun 2025 23:07:24 GMT'), (b'Content-Type', b'application/json'), (b'Content-Length', b'23'), (b'Connection', b'keep-alive'), (b'Strict-Transport-Security', b'max-age=31536000; includeSubDomains; preload'), (b'Access-Control-Allow-Origin', b'*'), (b'Access-Control-Allow-Methods', b'GET, POST, OPTIONS'), (b'Access-Control-Expose-Headers', b'Content-Length,Content-Type,Date,Server,Connection')])
2025-06-21 00:07:24,923 - httpx - INFO - HTTP Request: POST https://api.telegram.org/bot7707158318:AAE8rWa4Q8Z_3avql6K0HAmXaooZAReoNF0/getUpdates "HTTP/1.1 200 OK"
2025-06-21 00:07:24,926 - httpcore.http11 - DEBUG - receive_response_body.started request=<Request [b'POST']>
2025-06-21 00:07:24,926 - httpcore.http11 - DEBUG - receive_response_body.complete
2025-06-21 00:07:24,926 - httpcore.http11 - DEBUG - response_closed.started
2025-06-21 00:07:24,926 - httpcore.http11 - DEBUG - response_closed.complete
2025-06-21 00:07:24,928 - telegram.ext.ExtBot - DEBUG - No new updates found.
2025-06-21 00:07:24,928 - telegram.ext.ExtBot - DEBUG - ()
2025-06-21 00:07:24,928 - telegram.ext.ExtBot - DEBUG - Exiting: get_updates
2025-06-21 00:07:24,928 - telegram.ext.ExtBot - DEBUG - Entering: get_updates
2025-06-21 00:07:24,929 - httpcore.http11 - DEBUG - send_request_headers.started request=<Request [b'POST']>
2025-06-21 00:07:24,931 - httpcore.http11 - DEBUG - send_request_headers.complete
2025-06-21 00:07:24,934 - httpcore.http11 - DEBUG - send_request_body.started request=<Request [b'POST']>
2025-06-21 00:07:24,934 - httpcore.http11 - DEBUG - send_request_body.complete
2025-06-21 00:07:24,934 - httpcore.http11 - DEBUG - receive_response_headers.started request=<Request [b'POST']>
2025-06-21 00:07:35,172 - httpcore.http11 - DEBUG - receive_response_headers.complete return_value=(b'HTTP/1.1', 200, b'OK', [(b'Server', b'nginx/1.18.0'), (b'Date', b'Fri, 20 Jun 2025 23:07:34 GMT'), (b'Content-Type', b'application/json'), (b'Content-Length', b'23'), (b'Connection', b'keep-alive'), (b'Strict-Transport-Security', b'max-age=31536000; includeSubDomains; preload'), (b'Access-Control-Allow-Origin', b'*'), (b'Access-Control-Allow-Methods', b'GET, POST, OPTIONS'), (b'Access-Control-Expose-Headers', b'Content-Length,Content-Type,Date,Server,Connection')])
2025-06-21 00:07:35,173 - httpx - INFO - HTTP Request: POST https://api.telegram.org/bot7707158318:AAE8rWa4Q8Z_3avql6K0HAmXaooZAReoNF0/getUpdates "HTTP/1.1 200 OK"
2025-06-21 00:07:35,184 - httpcore.http11 - DEBUG - receive_response_body.started request=<Request [b'POST']>
2025-06-21 00:07:35,184 - httpcore.http11 - DEBUG - receive_response_body.complete
2025-06-21 00:07:35,185 - httpcore.http11 - DEBUG - response_closed.started
2025-06-21 00:07:35,185 - httpcore.http11 - DEBUG - response_closed.complete
2025-06-21 00:07:35,186 - telegram.ext.ExtBot - DEBUG - No new updates found.
2025-06-21 00:07:35,186 - telegram.ext.ExtBot - DEBUG - ()
2025-06-21 00:07:35,186 - telegram.ext.ExtBot - DEBUG - Exiting: get_updates
2025-06-21 00:07:35,186 - telegram.ext.ExtBot - DEBUG - Entering: get_updates
2025-06-21 00:07:35,189 - httpcore.http11 - DEBUG - send_request_headers.started request=<Request [b'POST']>
2025-06-21 00:07:35,190 - httpcore.http11 - DEBUG - send_request_headers.complete
2025-06-21 00:07:35,191 - httpcore.http11 - DEBUG - send_request_body.started request=<Request [b'POST']>
2025-06-21 00:07:35,191 - httpcore.http11 - DEBUG - send_request_body.complete
2025-06-21 00:07:35,191 - httpcore.http11 - DEBUG - receive_response_headers.started request=<Request [b'POST']>
2025-06-21 00:07:45,279 - httpcore.http11 - DEBUG - receive_response_headers.complete return_value=(b'HTTP/1.1', 200, b'OK', [(b'Server', b'nginx/1.18.0'), (b'Date', b'Fri, 20 Jun 2025 23:07:45 GMT'), (b'Content-Type', b'application/json'), (b'Content-Length', b'23'), (b'Connection', b'keep-alive'), (b'Strict-Transport-Security', b'max-age=31536000; includeSubDomains; preload'), (b'Access-Control-Allow-Origin', b'*'), (b'Access-Control-Allow-Methods', b'GET, POST, OPTIONS'), (b'Access-Control-Expose-Headers', b'Content-Length,Content-Type,Date,Server,Connection')])
2025-06-21 00:07:45,280 - httpx - INFO - HTTP Request: POST https://api.telegram.org/bot7707158318:AAE8rWa4Q8Z_3avql6K0HAmXaooZAReoNF0/getUpdates "HTTP/1.1 200 OK"
2025-06-21 00:07:45,283 - httpcore.http11 - DEBUG - receive_response_body.started request=<Request [b'POST']>
2025-06-21 00:07:45,283 - httpcore.http11 - DEBUG - receive_response_body.complete
2025-06-21 00:07:45,283 - httpcore.http11 - DEBUG - response_closed.started
2025-06-21 00:07:45,283 - httpcore.http11 - DEBUG - response_closed.complete
2025-06-21 00:07:45,285 - telegram.ext.ExtBot - DEBUG - No new updates found.
2025-06-21 00:07:45,285 - telegram.ext.ExtBot - DEBUG - ()
2025-06-21 00:07:45,285 - telegram.ext.ExtBot - DEBUG - Exiting: get_updates
2025-06-21 00:07:45,285 - telegram.ext.ExtBot - DEBUG - Entering: get_updates
2025-06-21 00:07:45,287 - httpcore.http11 - DEBUG - send_request_headers.started request=<Request [b'POST']>
2025-06-21 00:07:45,290 - httpcore.http11 - DEBUG - send_request_headers.complete
2025-06-21 00:07:45,290 - httpcore.http11 - DEBUG - send_request_body.started request=<Request [b'POST']>
2025-06-21 00:07:45,291 - httpcore.http11 - DEBUG - send_request_body.complete
2025-06-21 00:07:45,291 - httpcore.http11 - DEBUG - receive_response_headers.started request=<Request [b'POST']>
2025-06-21 00:07:55,437 - httpcore.http11 - DEBUG - receive_response_headers.complete return_value=(b'HTTP/1.1', 200, b'OK', [(b'Server', b'nginx/1.18.0'), (b'Date', b'Fri, 20 Jun 2025 23:07:55 GMT'), (b'Content-Type', b'application/json'), (b'Content-Length', b'23'), (b'Connection', b'keep-alive'), (b'Strict-Transport-Security', b'max-age=31536000; includeSubDomains; preload'), (b'Access-Control-Allow-Origin', b'*'), (b'Access-Control-Allow-Methods', b'GET, POST, OPTIONS'), (b'Access-Control-Expose-Headers', b'Content-Length,Content-Type,Date,Server,Connection')])
2025-06-21 00:07:55,437 - httpx - INFO - HTTP Request: POST https://api.telegram.org/bot7707158318:AAE8rWa4Q8Z_3avql6K0HAmXaooZAReoNF0/getUpdates "HTTP/1.1 200 OK"
2025-06-21 00:07:55,439 - httpcore.http11 - DEBUG - receive_response_body.started request=<Request [b'POST']>
2025-06-21 00:07:55,441 - httpcore.http11 - DEBUG - receive_response_body.complete
2025-06-21 00:07:55,441 - httpcore.http11 - DEBUG - response_closed.started
2025-06-21 00:07:55,441 - httpcore.http11 - DEBUG - response_closed.complete
2025-06-21 00:07:55,441 - telegram.ext.ExtBot - DEBUG - No new updates found.
2025-06-21 00:07:55,441 - telegram.ext.ExtBot - DEBUG - ()
2025-06-21 00:07:55,441 - telegram.ext.ExtBot - DEBUG - Exiting: get_updates
2025-06-21 00:07:55,441 - telegram.ext.ExtBot - DEBUG - Entering: get_updates
2025-06-21 00:07:55,444 - httpcore.http11 - DEBUG - send_request_headers.started request=<Request [b'POST']>
2025-06-21 00:07:55,447 - httpcore.http11 - DEBUG - send_request_headers.complete
2025-06-21 00:07:55,447 - httpcore.http11 - DEBUG - send_request_body.started request=<Request [b'POST']>
2025-06-21 00:07:55,448 - httpcore.http11 - DEBUG - send_request_body.complete
2025-06-21 00:07:55,448 - httpcore.http11 - DEBUG - receive_response_headers.started request=<Request [b'POST']>
2025-06-21 00:08:06,088 - httpcore.http11 - DEBUG - receive_response_headers.complete return_value=(b'HTTP/1.1', 200, b'OK', [(b'Server', b'nginx/1.18.0'), (b'Date', b'Fri, 20 Jun 2025 23:08:05 GMT'), (b'Content-Type', b'application/json'), (b'Content-Length', b'23'), (b'Connection', b'keep-alive'), (b'Strict-Transport-Security', b'max-age=31536000; includeSubDomains; preload'), (b'Access-Control-Allow-Origin', b'*'), (b'Access-Control-Allow-Methods', b'GET, POST, OPTIONS'), (b'Access-Control-Expose-Headers', b'Content-Length,Content-Type,Date,Server,Connection')])
2025-06-21 00:08:06,089 - httpx - INFO - HTTP Request: POST https://api.telegram.org/bot7707158318:AAE8rWa4Q8Z_3avql6K0HAmXaooZAReoNF0/getUpdates "HTTP/1.1 200 OK"
2025-06-21 00:08:06,091 - httpcore.http11 - DEBUG - receive_response_body.started request=<Request [b'POST']>
2025-06-21 00:08:06,091 - httpcore.http11 - DEBUG - receive_response_body.complete
2025-06-21 00:08:06,091 - httpcore.http11 - DEBUG - response_closed.started
2025-06-21 00:08:06,091 - httpcore.http11 - DEBUG - response_closed.complete
2025-06-21 00:08:06,093 - telegram.ext.ExtBot - DEBUG - No new updates found.
2025-06-21 00:08:06,093 - telegram.ext.ExtBot - DEBUG - ()
2025-06-21 00:08:06,093 - telegram.ext.ExtBot - DEBUG - Exiting: get_updates
2025-06-21 00:08:06,093 - telegram.ext.ExtBot - DEBUG - Entering: get_updates
2025-06-21 00:08:06,097 - httpcore.http11 - DEBUG - send_request_headers.started request=<Request [b'POST']>
2025-06-21 00:08:06,097 - httpcore.http11 - DEBUG - send_request_headers.complete
2025-06-21 00:08:06,099 - httpcore.http11 - DEBUG - send_request_body.started request=<Request [b'POST']>
2025-06-21 00:08:06,099 - httpcore.http11 - DEBUG - send_request_body.complete
2025-06-21 00:08:06,100 - httpcore.http11 - DEBUG - receive_response_headers.started request=<Request [b'POST']>
2025-06-21 00:08:16,532 - httpcore.http11 - DEBUG - receive_response_headers.complete return_value=(b'HTTP/1.1', 200, b'OK', [(b'Server', b'nginx/1.18.0'), (b'Date', b'Fri, 20 Jun 2025 23:08:15 GMT'), (b'Content-Type', b'application/json'), (b'Content-Length', b'23'), (b'Connection', b'keep-alive'), (b'Strict-Transport-Security', b'max-age=31536000; includeSubDomains; preload'), (b'Access-Control-Allow-Origin', b'*'), (b'Access-Control-Allow-Methods', b'GET, POST, OPTIONS'), (b'Access-Control-Expose-Headers', b'Content-Length,Content-Type,Date,Server,Connection')])
2025-06-21 00:08:16,534 - httpx - INFO - HTTP Request: POST https://api.telegram.org/bot7707158318:AAE8rWa4Q8Z_3avql6K0HAmXaooZAReoNF0/getUpdates "HTTP/1.1 200 OK"
2025-06-21 00:08:16,537 - httpcore.http11 - DEBUG - receive_response_body.started request=<Request [b'POST']>
2025-06-21 00:08:16,537 - httpcore.http11 - DEBUG - receive_response_body.complete
2025-06-21 00:08:16,537 - httpcore.http11 - DEBUG - response_closed.started
2025-06-21 00:08:16,537 - httpcore.http11 - DEBUG - response_closed.complete
2025-06-21 00:08:16,539 - telegram.ext.ExtBot - DEBUG - No new updates found.
2025-06-21 00:08:16,539 - telegram.ext.ExtBot - DEBUG - ()
2025-06-21 00:08:16,539 - telegram.ext.ExtBot - DEBUG - Exiting: get_updates
2025-06-21 00:08:16,539 - telegram.ext.ExtBot - DEBUG - Entering: get_updates
2025-06-21 00:08:16,541 - httpcore.http11 - DEBUG - send_request_headers.started request=<Request [b'POST']>
2025-06-21 00:08:16,543 - httpcore.http11 - DEBUG - send_request_headers.complete
2025-06-21 00:08:16,543 - httpcore.http11 - DEBUG - send_request_body.started request=<Request [b'POST']>
2025-06-21 00:08:16,543 - httpcore.http11 - DEBUG - send_request_body.complete
2025-06-21 00:08:16,545 - httpcore.http11 - DEBUG - receive_response_headers.started request=<Request [b'POST']>
2025-06-21 00:08:26,772 - httpcore.http11 - DEBUG - receive_response_headers.complete return_value=(b'HTTP/1.1', 200, b'OK', [(b'Server', b'nginx/1.18.0'), (b'Date', b'Fri, 20 Jun 2025 23:08:26 GMT'), (b'Content-Type', b'application/json'), (b'Content-Length', b'23'), (b'Connection', b'keep-alive'), (b'Strict-Transport-Security', b'max-age=31536000; includeSubDomains; preload'), (b'Access-Control-Allow-Origin', b'*'), (b'Access-Control-Allow-Methods', b'GET, POST, OPTIONS'), (b'Access-Control-Expose-Headers', b'Content-Length,Content-Type,Date,Server,Connection')])
2025-06-21 00:08:26,772 - httpx - INFO - HTTP Request: POST https://api.telegram.org/bot7707158318:AAE8rWa4Q8Z_3avql6K0HAmXaooZAReoNF0/getUpdates "HTTP/1.1 200 OK"
2025-06-21 00:08:26,775 - httpcore.http11 - DEBUG - receive_response_body.started request=<Request [b'POST']>
2025-06-21 00:08:26,775 - httpcore.http11 - DEBUG - receive_response_body.complete
2025-06-21 00:08:26,775 - httpcore.http11 - DEBUG - response_closed.started
2025-06-21 00:08:26,777 - httpcore.http11 - DEBUG - response_closed.complete
2025-06-21 00:08:26,777 - telegram.ext.ExtBot - DEBUG - No new updates found.
2025-06-21 00:08:26,777 - telegram.ext.ExtBot - DEBUG - ()
2025-06-21 00:08:26,777 - telegram.ext.ExtBot - DEBUG - Exiting: get_updates
2025-06-21 00:08:26,777 - telegram.ext.ExtBot - DEBUG - Entering: get_updates
2025-06-21 00:08:26,781 - httpcore.http11 - DEBUG - send_request_headers.started request=<Request [b'POST']>
2025-06-21 00:08:26,781 - httpcore.http11 - DEBUG - send_request_headers.complete
2025-06-21 00:08:26,783 - httpcore.http11 - DEBUG - send_request_body.started request=<Request [b'POST']>
2025-06-21 00:08:26,784 - httpcore.http11 - DEBUG - send_request_body.complete
2025-06-21 00:08:26,784 - httpcore.http11 - DEBUG - receive_response_headers.started request=<Request [b'POST']>
2025-06-21 00:08:36,933 - httpcore.http11 - DEBUG - receive_response_headers.complete return_value=(b'HTTP/1.1', 200, b'OK', [(b'Server', b'nginx/1.18.0'), (b'Date', b'Fri, 20 Jun 2025 23:08:36 GMT'), (b'Content-Type', b'application/json'), (b'Content-Length', b'23'), (b'Connection', b'keep-alive'), (b'Strict-Transport-Security', b'max-age=31536000; includeSubDomains; preload'), (b'Access-Control-Allow-Origin', b'*'), (b'Access-Control-Allow-Methods', b'GET, POST, OPTIONS'), (b'Access-Control-Expose-Headers', b'Content-Length,Content-Type,Date,Server,Connection')])
2025-06-21 00:08:36,935 - httpx - INFO - HTTP Request: POST https://api.telegram.org/bot7707158318:AAE8rWa4Q8Z_3avql6K0HAmXaooZAReoNF0/getUpdates "HTTP/1.1 200 OK"
2025-06-21 00:08:36,935 - httpcore.http11 - DEBUG - receive_response_body.started request=<Request [b'POST']>
2025-06-21 00:08:36,935 - httpcore.http11 - DEBUG - receive_response_body.complete
2025-06-21 00:08:36,937 - httpcore.http11 - DEBUG - response_closed.started
2025-06-21 00:08:36,937 - httpcore.http11 - DEBUG - response_closed.complete
2025-06-21 00:08:36,937 - telegram.ext.ExtBot - DEBUG - No new updates found.
2025-06-21 00:08:36,937 - telegram.ext.ExtBot - DEBUG - ()
2025-06-21 00:08:36,937 - telegram.ext.ExtBot - DEBUG - Exiting: get_updates
2025-06-21 00:08:36,937 - telegram.ext.ExtBot - DEBUG - Entering: get_updates
2025-06-21 00:08:36,941 - httpcore.http11 - DEBUG - send_request_headers.started request=<Request [b'POST']>
2025-06-21 00:08:36,942 - httpcore.http11 - DEBUG - send_request_headers.complete
2025-06-21 00:08:36,942 - httpcore.http11 - DEBUG - send_request_body.started request=<Request [b'POST']>
2025-06-21 00:08:36,945 - httpcore.http11 - DEBUG - send_request_body.complete
2025-06-21 00:08:36,945 - httpcore.http11 - DEBUG - receive_response_headers.started request=<Request [b'POST']>
2025-06-21 00:08:47,462 - httpcore.http11 - DEBUG - receive_response_headers.complete return_value=(b'HTTP/1.1', 200, b'OK', [(b'Server', b'nginx/1.18.0'), (b'Date', b'Fri, 20 Jun 2025 23:08:46 GMT'), (b'Content-Type', b'application/json'), (b'Content-Length', b'23'), (b'Connection', b'keep-alive'), (b'Strict-Transport-Security', b'max-age=31536000; includeSubDomains; preload'), (b'Access-Control-Allow-Origin', b'*'), (b'Access-Control-Allow-Methods', b'GET, POST, OPTIONS'), (b'Access-Control-Expose-Headers', b'Content-Length,Content-Type,Date,Server,Connection')])
2025-06-21 00:08:47,462 - httpx - INFO - HTTP Request: POST https://api.telegram.org/bot7707158318:AAE8rWa4Q8Z_3avql6K0HAmXaooZAReoNF0/getUpdates "HTTP/1.1 200 OK"
2025-06-21 00:08:47,466 - httpcore.http11 - DEBUG - receive_response_body.started request=<Request [b'POST']>
2025-06-21 00:08:47,466 - httpcore.http11 - DEBUG - receive_response_body.complete
2025-06-21 00:08:47,466 - httpcore.http11 - DEBUG - response_closed.started
2025-06-21 00:08:47,468 - httpcore.http11 - DEBUG - response_closed.complete
2025-06-21 00:08:47,468 - telegram.ext.ExtBot - DEBUG - No new updates found.
2025-06-21 00:08:47,468 - telegram.ext.ExtBot - DEBUG - ()
2025-06-21 00:08:47,468 - telegram.ext.ExtBot - DEBUG - Exiting: get_updates
2025-06-21 00:08:47,468 - telegram.ext.ExtBot - DEBUG - Entering: get_updates
2025-06-21 00:08:47,470 - httpcore.http11 - DEBUG - send_request_headers.started request=<Request [b'POST']>
2025-06-21 00:08:47,472 - httpcore.http11 - DEBUG - send_request_headers.complete
2025-06-21 00:08:47,472 - httpcore.http11 - DEBUG - send_request_body.started request=<Request [b'POST']>
2025-06-21 00:08:47,474 - httpcore.http11 - DEBUG - send_request_body.complete
2025-06-21 00:08:47,474 - httpcore.http11 - DEBUG - receive_response_headers.started request=<Request [b'POST']>
2025-06-21 00:08:57,606 - httpcore.http11 - DEBUG - receive_response_headers.complete return_value=(b'HTTP/1.1', 200, b'OK', [(b'Server', b'nginx/1.18.0'), (b'Date', b'Fri, 20 Jun 2025 23:08:57 GMT'), (b'Content-Type', b'application/json'), (b'Content-Length', b'23'), (b'Connection', b'keep-alive'), (b'Strict-Transport-Security', b'max-age=31536000; includeSubDomains; preload'), (b'Access-Control-Allow-Origin', b'*'), (b'Access-Control-Allow-Methods', b'GET, POST, OPTIONS'), (b'Access-Control-Expose-Headers', b'Content-Length,Content-Type,Date,Server,Connection')])
2025-06-21 00:08:57,611 - httpx - INFO - HTTP Request: POST https://api.telegram.org/bot7707158318:AAE8rWa4Q8Z_3avql6K0HAmXaooZAReoNF0/getUpdates "HTTP/1.1 200 OK"
2025-06-21 00:08:57,612 - httpcore.http11 - DEBUG - receive_response_body.started request=<Request [b'POST']>
2025-06-21 00:08:57,614 - httpcore.http11 - DEBUG - receive_response_body.complete
2025-06-21 00:08:57,614 - httpcore.http11 - DEBUG - response_closed.started
2025-06-21 00:08:57,614 - httpcore.http11 - DEBUG - response_closed.complete
2025-06-21 00:08:57,614 - telegram.ext.ExtBot - DEBUG - No new updates found.
2025-06-21 00:08:57,616 - telegram.ext.ExtBot - DEBUG - ()
2025-06-21 00:08:57,616 - telegram.ext.ExtBot - DEBUG - Exiting: get_updates
2025-06-21 00:08:57,616 - telegram.ext.ExtBot - DEBUG - Entering: get_updates
2025-06-21 00:08:57,618 - httpcore.http11 - DEBUG - send_request_headers.started request=<Request [b'POST']>
2025-06-21 00:08:57,620 - httpcore.http11 - DEBUG - send_request_headers.complete
2025-06-21 00:08:57,620 - httpcore.http11 - DEBUG - send_request_body.started request=<Request [b'POST']>
2025-06-21 00:08:57,622 - httpcore.http11 - DEBUG - send_request_body.complete
2025-06-21 00:08:57,622 - httpcore.http11 - DEBUG - receive_response_headers.started request=<Request [b'POST']>
2025-06-21 00:09:07,937 - httpcore.http11 - DEBUG - receive_response_headers.complete return_value=(b'HTTP/1.1', 200, b'OK', [(b'Server', b'nginx/1.18.0'), (b'Date', b'Fri, 20 Jun 2025 23:09:07 GMT'), (b'Content-Type', b'application/json'), (b'Content-Length', b'23'), (b'Connection', b'keep-alive'), (b'Strict-Transport-Security', b'max-age=31536000; includeSubDomains; preload'), (b'Access-Control-Allow-Origin', b'*'), (b'Access-Control-Allow-Methods', b'GET, POST, OPTIONS'), (b'Access-Control-Expose-Headers', b'Content-Length,Content-Type,Date,Server,Connection')])
2025-06-21 00:09:07,937 - httpx - INFO - HTTP Request: POST https://api.telegram.org/bot7707158318:AAE8rWa4Q8Z_3avql6K0HAmXaooZAReoNF0/getUpdates "HTTP/1.1 200 OK"
2025-06-21 00:09:07,941 - httpcore.http11 - DEBUG - receive_response_body.started request=<Request [b'POST']>
2025-06-21 00:09:07,941 - httpcore.http11 - DEBUG - receive_response_body.complete
2025-06-21 00:09:07,941 - httpcore.http11 - DEBUG - response_closed.started
2025-06-21 00:09:07,942 - httpcore.http11 - DEBUG - response_closed.complete
2025-06-21 00:09:07,942 - telegram.ext.ExtBot - DEBUG - No new updates found.
2025-06-21 00:09:07,942 - telegram.ext.ExtBot - DEBUG - ()
2025-06-21 00:09:07,942 - telegram.ext.ExtBot - DEBUG - Exiting: get_updates
2025-06-21 00:09:07,942 - telegram.ext.ExtBot - DEBUG - Entering: get_updates
2025-06-21 00:09:07,944 - httpcore.http11 - DEBUG - send_request_headers.started request=<Request [b'POST']>
2025-06-21 00:09:07,946 - httpcore.http11 - DEBUG - send_request_headers.complete
2025-06-21 00:09:07,946 - httpcore.http11 - DEBUG - send_request_body.started request=<Request [b'POST']>
2025-06-21 00:09:07,948 - httpcore.http11 - DEBUG - send_request_body.complete
2025-06-21 00:09:07,948 - httpcore.http11 - DEBUG - receive_response_headers.started request=<Request [b'POST']>
2025-06-21 00:09:18,176 - httpcore.http11 - DEBUG - receive_response_headers.complete return_value=(b'HTTP/1.1', 200, b'OK', [(b'Server', b'nginx/1.18.0'), (b'Date', b'Fri, 20 Jun 2025 23:09:17 GMT'), (b'Content-Type', b'application/json'), (b'Content-Length', b'23'), (b'Connection', b'keep-alive'), (b'Strict-Transport-Security', b'max-age=31536000; includeSubDomains; preload'), (b'Access-Control-Allow-Origin', b'*'), (b'Access-Control-Allow-Methods', b'GET, POST, OPTIONS'), (b'Access-Control-Expose-Headers', b'Content-Length,Content-Type,Date,Server,Connection')])
2025-06-21 00:09:18,178 - httpx - INFO - HTTP Request: POST https://api.telegram.org/bot7707158318:AAE8rWa4Q8Z_3avql6K0HAmXaooZAReoNF0/getUpdates "HTTP/1.1 200 OK"
2025-06-21 00:09:18,179 - httpcore.http11 - DEBUG - receive_response_body.started request=<Request [b'POST']>
2025-06-21 00:09:18,179 - httpcore.http11 - DEBUG - receive_response_body.complete
2025-06-21 00:09:18,180 - httpcore.http11 - DEBUG - response_closed.started
2025-06-21 00:09:18,180 - httpcore.http11 - DEBUG - response_closed.complete
2025-06-21 00:09:18,181 - telegram.ext.ExtBot - DEBUG - No new updates found.
2025-06-21 00:09:18,181 - telegram.ext.ExtBot - DEBUG - ()
2025-06-21 00:09:18,181 - telegram.ext.ExtBot - DEBUG - Exiting: get_updates
2025-06-21 00:09:18,181 - telegram.ext.ExtBot - DEBUG - Entering: get_updates
2025-06-21 00:09:18,185 - httpcore.http11 - DEBUG - send_request_headers.started request=<Request [b'POST']>
2025-06-21 00:09:18,187 - httpcore.http11 - DEBUG - send_request_headers.complete
2025-06-21 00:09:18,187 - httpcore.http11 - DEBUG - send_request_body.started request=<Request [b'POST']>
2025-06-21 00:09:18,189 - httpcore.http11 - DEBUG - send_request_body.complete
2025-06-21 00:09:18,189 - httpcore.http11 - DEBUG - receive_response_headers.started request=<Request [b'POST']>
2025-06-21 00:09:28,316 - httpcore.http11 - DEBUG - receive_response_headers.complete return_value=(b'HTTP/1.1', 200, b'OK', [(b'Server', b'nginx/1.18.0'), (b'Date', b'Fri, 20 Jun 2025 23:09:28 GMT'), (b'Content-Type', b'application/json'), (b'Content-Length', b'23'), (b'Connection', b'keep-alive'), (b'Strict-Transport-Security', b'max-age=31536000; includeSubDomains; preload'), (b'Access-Control-Allow-Origin', b'*'), (b'Access-Control-Allow-Methods', b'GET, POST, OPTIONS'), (b'Access-Control-Expose-Headers', b'Content-Length,Content-Type,Date,Server,Connection')])
2025-06-21 00:09:28,316 - httpx - INFO - HTTP Request: POST https://api.telegram.org/bot7707158318:AAE8rWa4Q8Z_3avql6K0HAmXaooZAReoNF0/getUpdates "HTTP/1.1 200 OK"
2025-06-21 00:09:28,320 - httpcore.http11 - DEBUG - receive_response_body.started request=<Request [b'POST']>
2025-06-21 00:09:28,322 - httpcore.http11 - DEBUG - receive_response_body.complete
2025-06-21 00:09:28,322 - httpcore.http11 - DEBUG - response_closed.started
2025-06-21 00:09:28,322 - httpcore.http11 - DEBUG - response_closed.complete
2025-06-21 00:09:28,322 - telegram.ext.ExtBot - DEBUG - No new updates found.
2025-06-21 00:09:28,322 - telegram.ext.ExtBot - DEBUG - ()
2025-06-21 00:09:28,324 - telegram.ext.ExtBot - DEBUG - Exiting: get_updates
2025-06-21 00:09:28,324 - telegram.ext.ExtBot - DEBUG - Entering: get_updates
2025-06-21 00:09:28,326 - httpcore.http11 - DEBUG - send_request_headers.started request=<Request [b'POST']>
2025-06-21 00:09:28,328 - httpcore.http11 - DEBUG - send_request_headers.complete
2025-06-21 00:09:28,328 - httpcore.http11 - DEBUG - send_request_body.started request=<Request [b'POST']>
2025-06-21 00:09:28,330 - httpcore.http11 - DEBUG - send_request_body.complete
2025-06-21 00:09:28,330 - httpcore.http11 - DEBUG - receive_response_headers.started request=<Request [b'POST']>
2025-06-21 00:09:38,423 - httpcore.http11 - DEBUG - receive_response_headers.complete return_value=(b'HTTP/1.1', 200, b'OK', [(b'Server', b'nginx/1.18.0'), (b'Date', b'Fri, 20 Jun 2025 23:09:38 GMT'), (b'Content-Type', b'application/json'), (b'Content-Length', b'23'), (b'Connection', b'keep-alive'), (b'Strict-Transport-Security', b'max-age=31536000; includeSubDomains; preload'), (b'Access-Control-Allow-Origin', b'*'), (b'Access-Control-Allow-Methods', b'GET, POST, OPTIONS'), (b'Access-Control-Expose-Headers', b'Content-Length,Content-Type,Date,Server,Connection')])
2025-06-21 00:09:38,424 - httpx - INFO - HTTP Request: POST https://api.telegram.org/bot7707158318:AAE8rWa4Q8Z_3avql6K0HAmXaooZAReoNF0/getUpdates "HTTP/1.1 200 OK"
2025-06-21 00:09:38,426 - httpcore.http11 - DEBUG - receive_response_body.started request=<Request [b'POST']>
2025-06-21 00:09:38,426 - httpcore.http11 - DEBUG - receive_response_body.complete
2025-06-21 00:09:38,426 - httpcore.http11 - DEBUG - response_closed.started
2025-06-21 00:09:38,428 - httpcore.http11 - DEBUG - response_closed.complete
2025-06-21 00:09:38,428 - telegram.ext.ExtBot - DEBUG - No new updates found.
2025-06-21 00:09:38,428 - telegram.ext.ExtBot - DEBUG - ()
2025-06-21 00:09:38,428 - telegram.ext.ExtBot - DEBUG - Exiting: get_updates
2025-06-21 00:09:38,428 - telegram.ext.ExtBot - DEBUG - Entering: get_updates
2025-06-21 00:09:38,430 - httpcore.http11 - DEBUG - send_request_headers.started request=<Request [b'POST']>
2025-06-21 00:09:38,432 - httpcore.http11 - DEBUG - send_request_headers.complete
2025-06-21 00:09:38,432 - httpcore.http11 - DEBUG - send_request_body.started request=<Request [b'POST']>
2025-06-21 00:09:38,432 - httpcore.http11 - DEBUG - send_request_body.complete
2025-06-21 00:09:38,434 - httpcore.http11 - DEBUG - receive_response_headers.started request=<Request [b'POST']>
2025-06-21 00:09:48,531 - httpcore.http11 - DEBUG - receive_response_headers.complete return_value=(b'HTTP/1.1', 200, b'OK', [(b'Server', b'nginx/1.18.0'), (b'Date', b'Fri, 20 Jun 2025 23:09:48 GMT'), (b'Content-Type', b'application/json'), (b'Content-Length', b'23'), (b'Connection', b'keep-alive'), (b'Strict-Transport-Security', b'max-age=31536000; includeSubDomains; preload'), (b'Access-Control-Allow-Origin', b'*'), (b'Access-Control-Allow-Methods', b'GET, POST, OPTIONS'), (b'Access-Control-Expose-Headers', b'Content-Length,Content-Type,Date,Server,Connection')])
2025-06-21 00:09:48,533 - httpx - INFO - HTTP Request: POST https://api.telegram.org/bot7707158318:AAE8rWa4Q8Z_3avql6K0HAmXaooZAReoNF0/getUpdates "HTTP/1.1 200 OK"
2025-06-21 00:09:48,534 - httpcore.http11 - DEBUG - receive_response_body.started request=<Request [b'POST']>
2025-06-21 00:09:48,535 - httpcore.http11 - DEBUG - receive_response_body.complete
2025-06-21 00:09:48,536 - httpcore.http11 - DEBUG - response_closed.started
2025-06-21 00:09:48,537 - httpcore.http11 - DEBUG - response_closed.complete
2025-06-21 00:09:48,539 - telegram.ext.ExtBot - DEBUG - No new updates found.
2025-06-21 00:09:48,540 - telegram.ext.ExtBot - DEBUG - ()
2025-06-21 00:09:48,540 - telegram.ext.ExtBot - DEBUG - Exiting: get_updates
2025-06-21 00:09:48,540 - telegram.ext.ExtBot - DEBUG - Entering: get_updates
2025-06-21 00:09:48,545 - httpcore.http11 - DEBUG - send_request_headers.started request=<Request [b'POST']>
2025-06-21 00:09:48,547 - httpcore.http11 - DEBUG - send_request_headers.complete
2025-06-21 00:09:48,547 - httpcore.http11 - DEBUG - send_request_body.started request=<Request [b'POST']>
2025-06-21 00:09:48,548 - httpcore.http11 - DEBUG - send_request_body.complete
2025-06-21 00:09:48,550 - httpcore.http11 - DEBUG - receive_response_headers.started request=<Request [b'POST']>
2025-06-21 00:09:58,649 - httpcore.http11 - DEBUG - receive_response_headers.complete return_value=(b'HTTP/1.1', 200, b'OK', [(b'Server', b'nginx/1.18.0'), (b'Date', b'Fri, 20 Jun 2025 23:09:58 GMT'), (b'Content-Type', b'application/json'), (b'Content-Length', b'23'), (b'Connection', b'keep-alive'), (b'Strict-Transport-Security', b'max-age=31536000; includeSubDomains; preload'), (b'Access-Control-Allow-Origin', b'*'), (b'Access-Control-Allow-Methods', b'GET, POST, OPTIONS'), (b'Access-Control-Expose-Headers', b'Content-Length,Content-Type,Date,Server,Connection')])
2025-06-21 00:09:58,651 - httpx - INFO - HTTP Request: POST https://api.telegram.org/bot7707158318:AAE8rWa4Q8Z_3avql6K0HAmXaooZAReoNF0/getUpdates "HTTP/1.1 200 OK"
2025-06-21 00:09:58,653 - httpcore.http11 - DEBUG - receive_response_body.started request=<Request [b'POST']>
2025-06-21 00:09:58,654 - httpcore.http11 - DEBUG - receive_response_body.complete
2025-06-21 00:09:58,654 - httpcore.http11 - DEBUG - response_closed.started
2025-06-21 00:09:58,654 - httpcore.http11 - DEBUG - response_closed.complete
2025-06-21 00:09:58,655 - telegram.ext.ExtBot - DEBUG - No new updates found.
2025-06-21 00:09:58,655 - telegram.ext.ExtBot - DEBUG - ()
2025-06-21 00:09:58,655 - telegram.ext.ExtBot - DEBUG - Exiting: get_updates
2025-06-21 00:09:58,656 - telegram.ext.ExtBot - DEBUG - Entering: get_updates
2025-06-21 00:09:58,658 - httpcore.http11 - DEBUG - send_request_headers.started request=<Request [b'POST']>
2025-06-21 00:09:58,659 - httpcore.http11 - DEBUG - send_request_headers.complete
2025-06-21 00:09:58,660 - httpcore.http11 - DEBUG - send_request_body.started request=<Request [b'POST']>
2025-06-21 00:09:58,660 - httpcore.http11 - DEBUG - send_request_body.complete
2025-06-21 00:09:58,661 - httpcore.http11 - DEBUG - receive_response_headers.started request=<Request [b'POST']>
2025-06-21 00:10:08,755 - httpcore.http11 - DEBUG - receive_response_headers.complete return_value=(b'HTTP/1.1', 200, b'OK', [(b'Server', b'nginx/1.18.0'), (b'Date', b'Fri, 20 Jun 2025 23:10:08 GMT'), (b'Content-Type', b'application/json'), (b'Content-Length', b'23'), (b'Connection', b'keep-alive'), (b'Strict-Transport-Security', b'max-age=31536000; includeSubDomains; preload'), (b'Access-Control-Allow-Origin', b'*'), (b'Access-Control-Allow-Methods', b'GET, POST, OPTIONS'), (b'Access-Control-Expose-Headers', b'Content-Length,Content-Type,Date,Server,Connection')])
2025-06-21 00:10:08,756 - httpx - INFO - HTTP Request: POST https://api.telegram.org/bot7707158318:AAE8rWa4Q8Z_3avql6K0HAmXaooZAReoNF0/getUpdates "HTTP/1.1 200 OK"
2025-06-21 00:10:08,775 - httpcore.http11 - DEBUG - receive_response_body.started request=<Request [b'POST']>
2025-06-21 00:10:08,777 - httpcore.http11 - DEBUG - receive_response_body.complete
2025-06-21 00:10:08,777 - httpcore.http11 - DEBUG - response_closed.started
2025-06-21 00:10:08,778 - httpcore.http11 - DEBUG - response_closed.complete
2025-06-21 00:10:08,779 - telegram.ext.ExtBot - DEBUG - No new updates found.
2025-06-21 00:10:08,779 - telegram.ext.ExtBot - DEBUG - ()
2025-06-21 00:10:08,779 - telegram.ext.ExtBot - DEBUG - Exiting: get_updates
2025-06-21 00:10:08,779 - telegram.ext.ExtBot - DEBUG - Entering: get_updates
2025-06-21 00:10:08,782 - httpcore.http11 - DEBUG - send_request_headers.started request=<Request [b'POST']>
2025-06-21 00:10:08,783 - httpcore.http11 - DEBUG - send_request_headers.complete
2025-06-21 00:10:08,783 - httpcore.http11 - DEBUG - send_request_body.started request=<Request [b'POST']>
2025-06-21 00:10:08,784 - httpcore.http11 - DEBUG - send_request_body.complete
2025-06-21 00:10:08,785 - httpcore.http11 - DEBUG - receive_response_headers.started request=<Request [b'POST']>
2025-06-21 00:10:19,060 - httpcore.http11 - DEBUG - receive_response_headers.complete return_value=(b'HTTP/1.1', 200, b'OK', [(b'Server', b'nginx/1.18.0'), (b'Date', b'Fri, 20 Jun 2025 23:10:18 GMT'), (b'Content-Type', b'application/json'), (b'Content-Length', b'23'), (b'Connection', b'keep-alive'), (b'Strict-Transport-Security', b'max-age=31536000; includeSubDomains; preload'), (b'Access-Control-Allow-Origin', b'*'), (b'Access-Control-Allow-Methods', b'GET, POST, OPTIONS'), (b'Access-Control-Expose-Headers', b'Content-Length,Content-Type,Date,Server,Connection')])
2025-06-21 00:10:19,062 - httpx - INFO - HTTP Request: POST https://api.telegram.org/bot7707158318:AAE8rWa4Q8Z_3avql6K0HAmXaooZAReoNF0/getUpdates "HTTP/1.1 200 OK"
2025-06-21 00:10:19,072 - httpcore.http11 - DEBUG - receive_response_body.started request=<Request [b'POST']>
2025-06-21 00:10:19,072 - httpcore.http11 - DEBUG - receive_response_body.complete
2025-06-21 00:10:19,072 - httpcore.http11 - DEBUG - response_closed.started
2025-06-21 00:10:19,073 - httpcore.http11 - DEBUG - response_closed.complete
2025-06-21 00:10:19,074 - telegram.ext.ExtBot - DEBUG - No new updates found.
2025-06-21 00:10:19,074 - telegram.ext.ExtBot - DEBUG - ()
2025-06-21 00:10:19,074 - telegram.ext.ExtBot - DEBUG - Exiting: get_updates
2025-06-21 00:10:19,074 - telegram.ext.ExtBot - DEBUG - Entering: get_updates
2025-06-21 00:10:19,076 - httpcore.http11 - DEBUG - send_request_headers.started request=<Request [b'POST']>
2025-06-21 00:10:19,077 - httpcore.http11 - DEBUG - send_request_headers.complete
2025-06-21 00:10:19,077 - httpcore.http11 - DEBUG - send_request_body.started request=<Request [b'POST']>
2025-06-21 00:10:19,079 - httpcore.http11 - DEBUG - send_request_body.complete
2025-06-21 00:10:19,079 - httpcore.http11 - DEBUG - receive_response_headers.started request=<Request [b'POST']>
2025-06-21 00:10:29,241 - httpcore.http11 - DEBUG - receive_response_headers.complete return_value=(b'HTTP/1.1', 200, b'OK', [(b'Server', b'nginx/1.18.0'), (b'Date', b'Fri, 20 Jun 2025 23:10:28 GMT'), (b'Content-Type', b'application/json'), (b'Content-Length', b'23'), (b'Connection', b'keep-alive'), (b'Strict-Transport-Security', b'max-age=31536000; includeSubDomains; preload'), (b'Access-Control-Allow-Origin', b'*'), (b'Access-Control-Allow-Methods', b'GET, POST, OPTIONS'), (b'Access-Control-Expose-Headers', b'Content-Length,Content-Type,Date,Server,Connection')])
2025-06-21 00:10:29,241 - httpx - INFO - HTTP Request: POST https://api.telegram.org/bot7707158318:AAE8rWa4Q8Z_3avql6K0HAmXaooZAReoNF0/getUpdates "HTTP/1.1 200 OK"
2025-06-21 00:10:29,244 - httpcore.http11 - DEBUG - receive_response_body.started request=<Request [b'POST']>
2025-06-21 00:10:29,245 - httpcore.http11 - DEBUG - receive_response_body.complete
2025-06-21 00:10:29,245 - httpcore.http11 - DEBUG - response_closed.started
2025-06-21 00:10:29,245 - httpcore.http11 - DEBUG - response_closed.complete
2025-06-21 00:10:29,245 - telegram.ext.ExtBot - DEBUG - No new updates found.
2025-06-21 00:10:29,247 - telegram.ext.ExtBot - DEBUG - ()
2025-06-21 00:10:29,248 - telegram.ext.ExtBot - DEBUG - Exiting: get_updates
2025-06-21 00:10:29,248 - telegram.ext.ExtBot - DEBUG - Entering: get_updates
2025-06-21 00:10:29,251 - httpcore.http11 - DEBUG - send_request_headers.started request=<Request [b'POST']>
2025-06-21 00:10:29,253 - httpcore.http11 - DEBUG - send_request_headers.complete
2025-06-21 00:10:29,253 - httpcore.http11 - DEBUG - send_request_body.started request=<Request [b'POST']>
2025-06-21 00:10:29,255 - httpcore.http11 - DEBUG - send_request_body.complete
2025-06-21 00:10:29,255 - httpcore.http11 - DEBUG - receive_response_headers.started request=<Request [b'POST']>
2025-06-21 00:10:39,483 - httpcore.http11 - DEBUG - receive_response_headers.complete return_value=(b'HTTP/1.1', 200, b'OK', [(b'Server', b'nginx/1.18.0'), (b'Date', b'Fri, 20 Jun 2025 23:10:39 GMT'), (b'Content-Type', b'application/json'), (b'Content-Length', b'23'), (b'Connection', b'keep-alive'), (b'Strict-Transport-Security', b'max-age=31536000; includeSubDomains; preload'), (b'Access-Control-Allow-Origin', b'*'), (b'Access-Control-Allow-Methods', b'GET, POST, OPTIONS'), (b'Access-Control-Expose-Headers', b'Content-Length,Content-Type,Date,Server,Connection')])
2025-06-21 00:10:39,484 - httpx - INFO - HTTP Request: POST https://api.telegram.org/bot7707158318:AAE8rWa4Q8Z_3avql6K0HAmXaooZAReoNF0/getUpdates "HTTP/1.1 200 OK"
2025-06-21 00:10:39,594 - httpcore.http11 - DEBUG - receive_response_body.started request=<Request [b'POST']>
2025-06-21 00:10:39,595 - httpcore.http11 - DEBUG - receive_response_body.complete
2025-06-21 00:10:39,595 - httpcore.http11 - DEBUG - response_closed.started
2025-06-21 00:10:39,596 - httpcore.http11 - DEBUG - response_closed.complete
2025-06-21 00:10:39,597 - telegram.ext.ExtBot - DEBUG - No new updates found.
2025-06-21 00:10:39,597 - telegram.ext.ExtBot - DEBUG - ()
2025-06-21 00:10:39,598 - telegram.ext.ExtBot - DEBUG - Exiting: get_updates
2025-06-21 00:10:39,598 - telegram.ext.ExtBot - DEBUG - Entering: get_updates
2025-06-21 00:10:39,600 - httpcore.http11 - DEBUG - send_request_headers.started request=<Request [b'POST']>
2025-06-21 00:10:39,602 - httpcore.http11 - DEBUG - send_request_headers.complete
2025-06-21 00:10:39,604 - httpcore.http11 - DEBUG - send_request_body.started request=<Request [b'POST']>
2025-06-21 00:10:39,604 - httpcore.http11 - DEBUG - send_request_body.complete
2025-06-21 00:10:39,605 - httpcore.http11 - DEBUG - receive_response_headers.started request=<Request [b'POST']>
2025-06-21 00:10:49,680 - httpcore.http11 - DEBUG - receive_response_headers.complete return_value=(b'HTTP/1.1', 200, b'OK', [(b'Server', b'nginx/1.18.0'), (b'Date', b'Fri, 20 Jun 2025 23:10:49 GMT'), (b'Content-Type', b'application/json'), (b'Content-Length', b'23'), (b'Connection', b'keep-alive'), (b'Strict-Transport-Security', b'max-age=31536000; includeSubDomains; preload'), (b'Access-Control-Allow-Origin', b'*'), (b'Access-Control-Allow-Methods', b'GET, POST, OPTIONS'), (b'Access-Control-Expose-Headers', b'Content-Length,Content-Type,Date,Server,Connection')])
2025-06-21 00:10:49,680 - httpx - INFO - HTTP Request: POST https://api.telegram.org/bot7707158318:AAE8rWa4Q8Z_3avql6K0HAmXaooZAReoNF0/getUpdates "HTTP/1.1 200 OK"
2025-06-21 00:10:49,680 - httpcore.http11 - DEBUG - receive_response_body.started request=<Request [b'POST']>
2025-06-21 00:10:49,683 - httpcore.http11 - DEBUG - receive_response_body.complete
2025-06-21 00:10:49,683 - httpcore.http11 - DEBUG - response_closed.started
2025-06-21 00:10:49,685 - httpcore.http11 - DEBUG - response_closed.complete
2025-06-21 00:10:49,685 - telegram.ext.ExtBot - DEBUG - No new updates found.
2025-06-21 00:10:49,685 - telegram.ext.ExtBot - DEBUG - ()
2025-06-21 00:10:49,685 - telegram.ext.ExtBot - DEBUG - Exiting: get_updates
2025-06-21 00:10:49,685 - telegram.ext.ExtBot - DEBUG - Entering: get_updates
2025-06-21 00:10:49,687 - httpcore.http11 - DEBUG - send_request_headers.started request=<Request [b'POST']>
2025-06-21 00:10:49,687 - httpcore.http11 - DEBUG - send_request_headers.complete
2025-06-21 00:10:49,687 - httpcore.http11 - DEBUG - send_request_body.started request=<Request [b'POST']>
2025-06-21 00:10:49,690 - httpcore.http11 - DEBUG - send_request_body.complete
2025-06-21 00:10:49,690 - httpcore.http11 - DEBUG - receive_response_headers.started request=<Request [b'POST']>
2025-06-21 00:10:59,765 - httpcore.http11 - DEBUG - receive_response_headers.complete return_value=(b'HTTP/1.1', 200, b'OK', [(b'Server', b'nginx/1.18.0'), (b'Date', b'Fri, 20 Jun 2025 23:10:59 GMT'), (b'Content-Type', b'application/json'), (b'Content-Length', b'23'), (b'Connection', b'keep-alive'), (b'Strict-Transport-Security', b'max-age=31536000; includeSubDomains; preload'), (b'Access-Control-Allow-Origin', b'*'), (b'Access-Control-Allow-Methods', b'GET, POST, OPTIONS'), (b'Access-Control-Expose-Headers', b'Content-Length,Content-Type,Date,Server,Connection')])
2025-06-21 00:10:59,765 - httpx - INFO - HTTP Request: POST https://api.telegram.org/bot7707158318:AAE8rWa4Q8Z_3avql6K0HAmXaooZAReoNF0/getUpdates "HTTP/1.1 200 OK"
2025-06-21 00:10:59,767 - httpcore.http11 - DEBUG - receive_response_body.started request=<Request [b'POST']>
2025-06-21 00:10:59,767 - httpcore.http11 - DEBUG - receive_response_body.complete
2025-06-21 00:10:59,769 - httpcore.http11 - DEBUG - response_closed.started
2025-06-21 00:10:59,769 - httpcore.http11 - DEBUG - response_closed.complete
2025-06-21 00:10:59,773 - telegram.ext.ExtBot - DEBUG - No new updates found.
2025-06-21 00:10:59,773 - telegram.ext.ExtBot - DEBUG - ()
2025-06-21 00:10:59,774 - telegram.ext.ExtBot - DEBUG - Exiting: get_updates
2025-06-21 00:10:59,774 - telegram.ext.ExtBot - DEBUG - Entering: get_updates
2025-06-21 00:10:59,776 - httpcore.http11 - DEBUG - send_request_headers.started request=<Request [b'POST']>
2025-06-21 00:10:59,778 - httpcore.http11 - DEBUG - send_request_headers.complete
2025-06-21 00:10:59,778 - httpcore.http11 - DEBUG - send_request_body.started request=<Request [b'POST']>
2025-06-21 00:10:59,780 - httpcore.http11 - DEBUG - send_request_body.complete
2025-06-21 00:10:59,783 - httpcore.http11 - DEBUG - receive_response_headers.started request=<Request [b'POST']>
2025-06-21 00:11:00,208 - httpcore.http11 - DEBUG - receive_response_headers.complete return_value=(b'HTTP/1.1', 200, b'OK', [(b'Server', b'nginx/1.18.0'), (b'Date', b'Fri, 20 Jun 2025 23:10:59 GMT'), (b'Content-Type', b'application/json'), (b'Content-Length', b'839'), (b'Connection', b'keep-alive'), (b'Strict-Transport-Security', b'max-age=31536000; includeSubDomains; preload'), (b'Access-Control-Allow-Origin', b'*'), (b'Access-Control-Allow-Methods', b'GET, POST, OPTIONS'), (b'Access-Control-Expose-Headers', b'Content-Length,Content-Type,Date,Server,Connection')])
2025-06-21 00:11:00,210 - httpx - INFO - HTTP Request: POST https://api.telegram.org/bot7707158318:AAE8rWa4Q8Z_3avql6K0HAmXaooZAReoNF0/getUpdates "HTTP/1.1 200 OK"
2025-06-21 00:11:00,212 - httpcore.http11 - DEBUG - receive_response_body.started request=<Request [b'POST']>
2025-06-21 00:11:00,216 - httpcore.http11 - DEBUG - receive_response_body.complete
2025-06-21 00:11:00,216 - httpcore.http11 - DEBUG - response_closed.started
2025-06-21 00:11:00,216 - httpcore.http11 - DEBUG - response_closed.complete
2025-06-21 00:11:00,218 - telegram.ext.ExtBot - DEBUG - Getting updates: [37529925]
2025-06-21 00:11:03,590 - telegram.ext.ExtBot - DEBUG - (Update(callback_query=CallbackQuery(chat_instance='-1307310250263184334', data='show_balance', from_user=User(first_name='Ghost', id=7049055170, is_bot=False, language_code='en', last_name='Number1'), id='2605345314297752330', message=Message(channel_chat_created=False, chat=Chat(first_name='Ghost', id=7049055170, last_name='Number1', type=<ChatType.PRIVATE>), date=datetime.datetime(2025, 6, 20, 23, 4, 17, tzinfo=<UTC>), delete_chat_photo=False, edit_date=datetime.datetime(2025, 6, 20, 23, 4, 30, tzinfo=<UTC>), from_user=User(first_name='SPRD', id=7707158318, is_bot=True, username='tizi91Bot'), group_chat_created=False, message_id=5712, reply_markup=InlineKeyboardMarkup(inline_keyboard=((InlineKeyboardButton(callback_data='start_sniperx', text='🚀 Start SniperX'),), (InlineKeyboardButton(callback_data='stop_sniperx', text='🛑 Stop SniperX'), InlineKeyboardButton(callback_data='status_sniperx', text='📊 Status')), (InlineKeyboardButton(callback_data='show_balance', text='💰 Balance'),))), supergroup_chat_created=False, text='SniperX Bot Control Panel:')), update_id=37529925),)
2025-06-21 00:11:03,592 - telegram.ext.ExtBot - DEBUG - Exiting: get_updates
2025-06-21 00:11:03,629 - telegram.ext.ExtBot - DEBUG - Entering: get_updates
2025-06-21 00:11:03,659 - telegram.ext.Application - DEBUG - Processing update Update(callback_query=CallbackQuery(chat_instance='-1307310250263184334', data='show_balance', from_user=User(first_name='Ghost', id=7049055170, is_bot=False, language_code='en', last_name='Number1'), id='2605345314297752330', message=Message(channel_chat_created=False, chat=Chat(first_name='Ghost', id=7049055170, last_name='Number1', type=<ChatType.PRIVATE>), date=datetime.datetime(2025, 6, 20, 23, 4, 17, tzinfo=<UTC>), delete_chat_photo=False, edit_date=datetime.datetime(2025, 6, 20, 23, 4, 30, tzinfo=<UTC>), from_user=User(first_name='SPRD', id=7707158318, is_bot=True, username='tizi91Bot'), group_chat_created=False, message_id=5712, reply_markup=InlineKeyboardMarkup(inline_keyboard=((InlineKeyboardButton(callback_data='start_sniperx', text='🚀 Start SniperX'),), (InlineKeyboardButton(callback_data='stop_sniperx', text='🛑 Stop SniperX'), InlineKeyboardButton(callback_data='status_sniperx', text='📊 Status')), (InlineKeyboardButton(callback_data='show_balance', text='💰 Balance'),))), supergroup_chat_created=False, text='SniperX Bot Control Panel:')), update_id=37529925)
2025-06-21 00:11:03,816 - __main__ - INFO - Button callback received: Update(callback_query=CallbackQuery(chat_instance='-1307310250263184334', data='show_balance', from_user=User(first_name='Ghost', id=7049055170, is_bot=False, language_code='en', last_name='Number1'), id='2605345314297752330', message=Message(channel_chat_created=False, chat=Chat(first_name='Ghost', id=7049055170, last_name='Number1', type=<ChatType.PRIVATE>), date=datetime.datetime(2025, 6, 20, 23, 4, 17, tzinfo=<UTC>), delete_chat_photo=False, edit_date=datetime.datetime(2025, 6, 20, 23, 4, 30, tzinfo=<UTC>), from_user=User(first_name='SPRD', id=7707158318, is_bot=True, username='tizi91Bot'), group_chat_created=False, message_id=5712, reply_markup=InlineKeyboardMarkup(inline_keyboard=((InlineKeyboardButton(callback_data='start_sniperx', text='🚀 Start SniperX'),), (InlineKeyboardButton(callback_data='stop_sniperx', text='🛑 Stop SniperX'), InlineKeyboardButton(callback_data='status_sniperx', text='📊 Status')), (InlineKeyboardButton(callback_data='show_balance', text='💰 Balance'),))), supergroup_chat_created=False, text='SniperX Bot Control Panel:')), update_id=37529925)
2025-06-21 00:11:03,879 - telegram.ext.ExtBot - DEBUG - Entering: answer_callback_query
2025-06-21 00:11:03,912 - httpcore.connection - DEBUG - close.started
2025-06-21 00:11:05,545 - httpcore.connection - DEBUG - close.complete
2025-06-21 00:11:05,545 - httpcore.http11 - DEBUG - send_request_headers.started request=<Request [b'POST']>
2025-06-21 00:11:05,594 - httpcore.connection - DEBUG - connect_tcp.started host='api.telegram.org' port=443 local_address=None timeout=5.0 socket_options=None
2025-06-21 00:11:05,612 - httpcore.http11 - DEBUG - send_request_headers.complete
2025-06-21 00:11:05,613 - httpcore.http11 - DEBUG - send_request_body.started request=<Request [b'POST']>
2025-06-21 00:11:05,683 - httpcore.http11 - DEBUG - send_request_body.complete
2025-06-21 00:11:05,707 - httpcore.http11 - DEBUG - receive_response_headers.started request=<Request [b'POST']>
2025-06-21 00:11:05,826 - httpcore.connection - DEBUG - connect_tcp.complete return_value=<httpcore._backends.anyio.AnyIOStream object at 0x0000026295CEB2E0>
2025-06-21 00:11:05,827 - httpcore.connection - DEBUG - start_tls.started ssl_context=<ssl.SSLContext object at 0x0000026295C49AC0> server_hostname='api.telegram.org' timeout=5.0
2025-06-21 00:11:06,013 - httpcore.connection - DEBUG - start_tls.complete return_value=<httpcore._backends.anyio.AnyIOStream object at 0x0000026295CEB7F0>
2025-06-21 00:11:06,016 - httpcore.http11 - DEBUG - send_request_headers.started request=<Request [b'POST']>
2025-06-21 00:11:06,032 - httpcore.http11 - DEBUG - send_request_headers.complete
2025-06-21 00:11:06,041 - httpcore.http11 - DEBUG - send_request_body.started request=<Request [b'POST']>
2025-06-21 00:11:06,045 - httpcore.http11 - DEBUG - send_request_body.complete
2025-06-21 00:11:06,046 - httpcore.http11 - DEBUG - receive_response_headers.started request=<Request [b'POST']>
2025-06-21 00:11:06,150 - httpcore.http11 - DEBUG - receive_response_headers.complete return_value=(b'HTTP/1.1', 200, b'OK', [(b'Server', b'nginx/1.18.0'), (b'Date', b'Fri, 20 Jun 2025 23:11:05 GMT'), (b'Content-Type', b'application/json'), (b'Content-Length', b'25'), (b'Connection', b'keep-alive'), (b'Strict-Transport-Security', b'max-age=31536000; includeSubDomains; preload'), (b'Access-Control-Allow-Origin', b'*'), (b'Access-Control-Allow-Methods', b'GET, POST, OPTIONS'), (b'Access-Control-Expose-Headers', b'Content-Length,Content-Type,Date,Server,Connection')])
2025-06-21 00:11:06,153 - httpx - INFO - HTTP Request: POST https://api.telegram.org/bot7707158318:AAE8rWa4Q8Z_3avql6K0HAmXaooZAReoNF0/answerCallbackQuery "HTTP/1.1 200 OK"
2025-06-21 00:11:06,158 - httpcore.http11 - DEBUG - receive_response_body.started request=<Request [b'POST']>
2025-06-21 00:11:06,159 - httpcore.http11 - DEBUG - receive_response_body.complete
2025-06-21 00:11:06,160 - httpcore.http11 - DEBUG - response_closed.started
2025-06-21 00:11:06,160 - httpcore.http11 - DEBUG - response_closed.complete
2025-06-21 00:11:06,160 - telegram.ext.ExtBot - DEBUG - True
2025-06-21 00:11:06,160 - telegram.ext.ExtBot - DEBUG - Exiting: answer_callback_query
2025-06-21 00:11:06,160 - __main__ - INFO - Processing action: show_balance
2025-06-21 00:11:06,164 - __main__ - INFO - Processing show_balance action
2025-06-21 00:11:06,175 - __main__ - INFO - Reading wallet balance from: C:\Users\Rachid Aitali\OneDrive - 4JM Solutions Limited\Desktop\SniperX\SniperX\SniperX-V3\wallet_balance.json
2025-06-21 00:11:06,207 - __main__ - DEBUG - Raw wallet balance data: {'sol': '0.001771443', 'usd': '0.24607114713', 'sol_price': '138.91', 'timestamp': 1750460668.5723505}
2025-06-21 00:11:06,207 - __main__ - WARNING - Balance data is too old (6.6 minutes old)
2025-06-21 00:11:06,227 - __main__ - INFO - Current balance after read: {'sol': Decimal('0'), 'usd': Decimal('0'), 'timestamp': 0}
2025-06-21 00:11:06,240 - __main__ - INFO - Wallet manager not running, attempting to start it
2025-06-21 00:11:06,248 - __main__ - INFO - Starting wallet manager from: C:\Users\Rachid Aitali\OneDrive - 4JM Solutions Limited\Desktop\SniperX\SniperX\SniperX-V3\wallet_manager.py
2025-06-21 00:11:06,372 - __main__ - INFO - Wallet manager started with PID: 7092
2025-06-21 00:11:08,394 - __main__ - INFO - Wallet manager started successfully, reading balance...
2025-06-21 00:11:08,401 - __main__ - INFO - Reading wallet balance from: C:\Users\Rachid Aitali\OneDrive - 4JM Solutions Limited\Desktop\SniperX\SniperX\SniperX-V3\wallet_balance.json
2025-06-21 00:11:08,461 - __main__ - DEBUG - Raw wallet balance data: {'sol': '0.001771443', 'usd': '0.24607114713', 'sol_price': '138.91', 'timestamp': 1750460668.5723505}
2025-06-21 00:11:08,461 - __main__ - WARNING - Balance data is too old (6.7 minutes old)
2025-06-21 00:11:09,504 - __main__ - INFO - Balance after wallet manager start: {'sol': Decimal('0'), 'usd': Decimal('0'), 'timestamp': 0}
2025-06-21 00:11:09,522 - __main__ - INFO - Wallet manager is starting up. Please wait a moment and try again.
2025-06-21 00:11:09,650 - telegram.ext.ExtBot - DEBUG - Entering: edit_message_text
2025-06-21 00:11:09,667 - httpcore.http11 - DEBUG - send_request_headers.started request=<Request [b'POST']>
2025-06-21 00:11:09,673 - httpcore.http11 - DEBUG - send_request_headers.complete
2025-06-21 00:11:09,674 - httpcore.http11 - DEBUG - send_request_body.started request=<Request [b'POST']>
2025-06-21 00:11:09,745 - httpcore.http11 - DEBUG - send_request_body.complete
2025-06-21 00:11:09,745 - httpcore.http11 - DEBUG - receive_response_headers.started request=<Request [b'POST']>
2025-06-21 00:11:09,852 - httpcore.http11 - DEBUG - receive_response_headers.complete return_value=(b'HTTP/1.1', 200, b'OK', [(b'Server', b'nginx/1.18.0'), (b'Date', b'Fri, 20 Jun 2025 23:11:09 GMT'), (b'Content-Type', b'application/json'), (b'Content-Length', b'500'), (b'Connection', b'keep-alive'), (b'Strict-Transport-Security', b'max-age=31536000; includeSubDomains; preload'), (b'Access-Control-Allow-Origin', b'*'), (b'Access-Control-Allow-Methods', b'GET, POST, OPTIONS'), (b'Access-Control-Expose-Headers', b'Content-Length,Content-Type,Date,Server,Connection')])
2025-06-21 00:11:09,854 - httpx - INFO - HTTP Request: POST https://api.telegram.org/bot7707158318:AAE8rWa4Q8Z_3avql6K0HAmXaooZAReoNF0/editMessageText "HTTP/1.1 200 OK"
2025-06-21 00:11:09,854 - httpcore.http11 - DEBUG - receive_response_body.started request=<Request [b'POST']>
2025-06-21 00:11:09,854 - httpcore.http11 - DEBUG - receive_response_body.complete
2025-06-21 00:11:09,912 - httpcore.http11 - DEBUG - response_closed.started
2025-06-21 00:11:09,916 - httpcore.http11 - DEBUG - response_closed.complete
2025-06-21 00:11:09,935 - telegram.ext.ExtBot - DEBUG - Message(channel_chat_created=False, chat=Chat(first_name='Ghost', id=7049055170, last_name='Number1', type=<ChatType.PRIVATE>), date=datetime.datetime(2025, 6, 20, 23, 4, 17, tzinfo=<UTC>), delete_chat_photo=False, edit_date=datetime.datetime(2025, 6, 20, 23, 11, 9, tzinfo=<UTC>), from_user=User(first_name='SPRD', id=7707158318, is_bot=True, username='tizi91Bot'), group_chat_created=False, message_id=5712, reply_markup=InlineKeyboardMarkup(inline_keyboard=((InlineKeyboardButton(callback_data='show_balance', text='🔄 Refresh'), InlineKeyboardButton(callback_data='back_to_menu', text='🔙 Back to Menu')),)), supergroup_chat_created=False, text='Waiting for wallet balance update...\nPlease try again in a few seconds.')
2025-06-21 00:11:09,942 - telegram.ext.ExtBot - DEBUG - Exiting: edit_message_text
2025-06-21 00:11:15,835 - httpcore.http11 - DEBUG - receive_response_headers.complete return_value=(b'HTTP/1.1', 200, b'OK', [(b'Server', b'nginx/1.18.0'), (b'Date', b'Fri, 20 Jun 2025 23:11:15 GMT'), (b'Content-Type', b'application/json'), (b'Content-Length', b'23'), (b'Connection', b'keep-alive'), (b'Strict-Transport-Security', b'max-age=31536000; includeSubDomains; preload'), (b'Access-Control-Allow-Origin', b'*'), (b'Access-Control-Allow-Methods', b'GET, POST, OPTIONS'), (b'Access-Control-Expose-Headers', b'Content-Length,Content-Type,Date,Server,Connection')])
2025-06-21 00:11:15,837 - httpx - INFO - HTTP Request: POST https://api.telegram.org/bot7707158318:AAE8rWa4Q8Z_3avql6K0HAmXaooZAReoNF0/getUpdates "HTTP/1.1 200 OK"
2025-06-21 00:11:15,839 - httpcore.http11 - DEBUG - receive_response_body.started request=<Request [b'POST']>
2025-06-21 00:11:15,840 - httpcore.http11 - DEBUG - receive_response_body.complete
2025-06-21 00:11:15,841 - httpcore.http11 - DEBUG - response_closed.started
2025-06-21 00:11:15,841 - httpcore.http11 - DEBUG - response_closed.complete
2025-06-21 00:11:15,843 - telegram.ext.ExtBot - DEBUG - No new updates found.
2025-06-21 00:11:15,843 - telegram.ext.ExtBot - DEBUG - ()
2025-06-21 00:11:15,843 - telegram.ext.ExtBot - DEBUG - Exiting: get_updates
2025-06-21 00:11:15,843 - telegram.ext.ExtBot - DEBUG - Entering: get_updates
2025-06-21 00:11:15,853 - httpcore.http11 - DEBUG - send_request_headers.started request=<Request [b'POST']>
2025-06-21 00:11:15,873 - httpcore.http11 - DEBUG - send_request_headers.complete
2025-06-21 00:11:15,875 - httpcore.http11 - DEBUG - send_request_body.started request=<Request [b'POST']>
2025-06-21 00:11:15,876 - httpcore.http11 - DEBUG - send_request_body.complete
2025-06-21 00:11:15,878 - httpcore.http11 - DEBUG - receive_response_headers.started request=<Request [b'POST']>
2025-06-21 00:11:15,971 - httpcore.http11 - DEBUG - receive_response_headers.complete return_value=(b'HTTP/1.1', 200, b'OK', [(b'Server', b'nginx/1.18.0'), (b'Date', b'Fri, 20 Jun 2025 23:11:15 GMT'), (b'Content-Type', b'application/json'), (b'Content-Length', b'747'), (b'Connection', b'keep-alive'), (b'Strict-Transport-Security', b'max-age=31536000; includeSubDomains; preload'), (b'Access-Control-Allow-Origin', b'*'), (b'Access-Control-Allow-Methods', b'GET, POST, OPTIONS'), (b'Access-Control-Expose-Headers', b'Content-Length,Content-Type,Date,Server,Connection')])
2025-06-21 00:11:15,972 - httpx - INFO - HTTP Request: POST https://api.telegram.org/bot7707158318:AAE8rWa4Q8Z_3avql6K0HAmXaooZAReoNF0/getUpdates "HTTP/1.1 200 OK"
2025-06-21 00:11:15,975 - httpcore.http11 - DEBUG - receive_response_body.started request=<Request [b'POST']>
2025-06-21 00:11:15,975 - httpcore.http11 - DEBUG - receive_response_body.complete
2025-06-21 00:11:15,975 - httpcore.http11 - DEBUG - response_closed.started
2025-06-21 00:11:15,975 - httpcore.http11 - DEBUG - response_closed.complete
2025-06-21 00:11:15,975 - telegram.ext.ExtBot - DEBUG - Getting updates: [37529926]
2025-06-21 00:11:15,983 - telegram.ext.ExtBot - DEBUG - (Update(callback_query=CallbackQuery(chat_instance='-1307310250263184334', data='show_balance', from_user=User(first_name='Ghost', id=7049055170, is_bot=False, language_code='en', last_name='Number1'), id='2605345313811340058', message=Message(channel_chat_created=False, chat=Chat(first_name='Ghost', id=7049055170, last_name='Number1', type=<ChatType.PRIVATE>), date=datetime.datetime(2025, 6, 20, 23, 4, 17, tzinfo=<UTC>), delete_chat_photo=False, edit_date=datetime.datetime(2025, 6, 20, 23, 11, 9, tzinfo=<UTC>), from_user=User(first_name='SPRD', id=7707158318, is_bot=True, username='tizi91Bot'), group_chat_created=False, message_id=5712, reply_markup=InlineKeyboardMarkup(inline_keyboard=((InlineKeyboardButton(callback_data='show_balance', text='🔄 Refresh'), InlineKeyboardButton(callback_data='back_to_menu', text='🔙 Back to Menu')),)), supergroup_chat_created=False, text='Waiting for wallet balance update...\nPlease try again in a few seconds.')), update_id=37529926),)
2025-06-21 00:11:15,986 - telegram.ext.ExtBot - DEBUG - Exiting: get_updates
2025-06-21 00:11:15,986 - telegram.ext.ExtBot - DEBUG - Entering: get_updates
2025-06-21 00:11:15,992 - telegram.ext.Application - DEBUG - Processing update Update(callback_query=CallbackQuery(chat_instance='-1307310250263184334', data='show_balance', from_user=User(first_name='Ghost', id=7049055170, is_bot=False, language_code='en', last_name='Number1'), id='2605345313811340058', message=Message(channel_chat_created=False, chat=Chat(first_name='Ghost', id=7049055170, last_name='Number1', type=<ChatType.PRIVATE>), date=datetime.datetime(2025, 6, 20, 23, 4, 17, tzinfo=<UTC>), delete_chat_photo=False, edit_date=datetime.datetime(2025, 6, 20, 23, 11, 9, tzinfo=<UTC>), from_user=User(first_name='SPRD', id=7707158318, is_bot=True, username='tizi91Bot'), group_chat_created=False, message_id=5712, reply_markup=InlineKeyboardMarkup(inline_keyboard=((InlineKeyboardButton(callback_data='show_balance', text='🔄 Refresh'), InlineKeyboardButton(callback_data='back_to_menu', text='🔙 Back to Menu')),)), supergroup_chat_created=False, text='Waiting for wallet balance update...\nPlease try again in a few seconds.')), update_id=37529926)
2025-06-21 00:11:16,009 - __main__ - INFO - Button callback received: Update(callback_query=CallbackQuery(chat_instance='-1307310250263184334', data='show_balance', from_user=User(first_name='Ghost', id=7049055170, is_bot=False, language_code='en', last_name='Number1'), id='2605345313811340058', message=Message(channel_chat_created=False, chat=Chat(first_name='Ghost', id=7049055170, last_name='Number1', type=<ChatType.PRIVATE>), date=datetime.datetime(2025, 6, 20, 23, 4, 17, tzinfo=<UTC>), delete_chat_photo=False, edit_date=datetime.datetime(2025, 6, 20, 23, 11, 9, tzinfo=<UTC>), from_user=User(first_name='SPRD', id=7707158318, is_bot=True, username='tizi91Bot'), group_chat_created=False, message_id=5712, reply_markup=InlineKeyboardMarkup(inline_keyboard=((InlineKeyboardButton(callback_data='show_balance', text='🔄 Refresh'), InlineKeyboardButton(callback_data='back_to_menu', text='🔙 Back to Menu')),)), supergroup_chat_created=False, text='Waiting for wallet balance update...\nPlease try again in a few seconds.')), update_id=37529926)
2025-06-21 00:11:16,010 - telegram.ext.ExtBot - DEBUG - Entering: answer_callback_query
2025-06-21 00:11:16,022 - httpcore.connection - DEBUG - close.started
2025-06-21 00:11:16,023 - httpcore.connection - DEBUG - close.complete
2025-06-21 00:11:16,023 - httpcore.http11 - DEBUG - send_request_headers.started request=<Request [b'POST']>
2025-06-21 00:11:16,023 - httpcore.connection - DEBUG - connect_tcp.started host='api.telegram.org' port=443 local_address=None timeout=5.0 socket_options=None
2025-06-21 00:11:16,028 - httpcore.http11 - DEBUG - send_request_headers.complete
2025-06-21 00:11:16,037 - httpcore.http11 - DEBUG - send_request_body.started request=<Request [b'POST']>
2025-06-21 00:11:16,038 - httpcore.http11 - DEBUG - send_request_body.complete
2025-06-21 00:11:16,038 - httpcore.http11 - DEBUG - receive_response_headers.started request=<Request [b'POST']>
2025-06-21 00:11:16,133 - httpcore.connection - DEBUG - connect_tcp.complete return_value=<httpcore._backends.anyio.AnyIOStream object at 0x0000026295DD5780>
2025-06-21 00:11:16,134 - httpcore.connection - DEBUG - start_tls.started ssl_context=<ssl.SSLContext object at 0x0000026295C49AC0> server_hostname='api.telegram.org' timeout=5.0
2025-06-21 00:11:16,255 - httpcore.connection - DEBUG - start_tls.complete return_value=<httpcore._backends.anyio.AnyIOStream object at 0x0000026295DD7AC0>
2025-06-21 00:11:16,257 - httpcore.http11 - DEBUG - send_request_headers.started request=<Request [b'POST']>
2025-06-21 00:11:16,260 - httpcore.http11 - DEBUG - send_request_headers.complete
2025-06-21 00:11:16,260 - httpcore.http11 - DEBUG - send_request_body.started request=<Request [b'POST']>
2025-06-21 00:11:16,261 - httpcore.http11 - DEBUG - send_request_body.complete
2025-06-21 00:11:16,264 - httpcore.http11 - DEBUG - receive_response_headers.started request=<Request [b'POST']>
2025-06-21 00:11:16,349 - httpcore.http11 - DEBUG - receive_response_headers.complete return_value=(b'HTTP/1.1', 200, b'OK', [(b'Server', b'nginx/1.18.0'), (b'Date', b'Fri, 20 Jun 2025 23:11:16 GMT'), (b'Content-Type', b'application/json'), (b'Content-Length', b'25'), (b'Connection', b'keep-alive'), (b'Strict-Transport-Security', b'max-age=31536000; includeSubDomains; preload'), (b'Access-Control-Allow-Origin', b'*'), (b'Access-Control-Allow-Methods', b'GET, POST, OPTIONS'), (b'Access-Control-Expose-Headers', b'Content-Length,Content-Type,Date,Server,Connection')])
2025-06-21 00:11:16,352 - httpx - INFO - HTTP Request: POST https://api.telegram.org/bot7707158318:AAE8rWa4Q8Z_3avql6K0HAmXaooZAReoNF0/answerCallbackQuery "HTTP/1.1 200 OK"
2025-06-21 00:11:16,352 - httpcore.http11 - DEBUG - receive_response_body.started request=<Request [b'POST']>
2025-06-21 00:11:16,355 - httpcore.http11 - DEBUG - receive_response_body.complete
2025-06-21 00:11:16,355 - httpcore.http11 - DEBUG - response_closed.started
2025-06-21 00:11:16,355 - httpcore.http11 - DEBUG - response_closed.complete
2025-06-21 00:11:16,355 - telegram.ext.ExtBot - DEBUG - True
2025-06-21 00:11:16,359 - telegram.ext.ExtBot - DEBUG - Exiting: answer_callback_query
2025-06-21 00:11:16,359 - __main__ - INFO - Processing action: show_balance
2025-06-21 00:11:16,359 - __main__ - INFO - Processing show_balance action
2025-06-21 00:11:16,368 - __main__ - INFO - Reading wallet balance from: C:\Users\Rachid Aitali\OneDrive - 4JM Solutions Limited\Desktop\SniperX\SniperX\SniperX-V3\wallet_balance.json
2025-06-21 00:11:16,373 - __main__ - DEBUG - Raw wallet balance data: {'sol': '0.001771443', 'usd': '0.24672658104', 'sol_price': '139.28', 'timestamp': 1750461070.4596467}
2025-06-21 00:11:16,375 - __main__ - INFO - Successfully read balance - SOL: 0.001771443, USD: 0.24672658104, Age: 0.1 minutes
2025-06-21 00:11:16,376 - __main__ - INFO - Current balance after read: {'sol': Decimal('0.001771443'), 'usd': Decimal('0.24672658104'), 'timestamp': 1750461070.4596467}
2025-06-21 00:11:16,377 - __main__ - INFO - Wallet manager not running, attempting to start it
2025-06-21 00:11:16,377 - __main__ - INFO - Starting wallet manager from: C:\Users\Rachid Aitali\OneDrive - 4JM Solutions Limited\Desktop\SniperX\SniperX\SniperX-V3\wallet_manager.py
2025-06-21 00:11:16,643 - __main__ - INFO - Wallet manager started with PID: 24428
2025-06-21 00:11:18,655 - __main__ - INFO - Wallet manager started successfully, reading balance...
2025-06-21 00:11:18,666 - __main__ - INFO - Reading wallet balance from: C:\Users\Rachid Aitali\OneDrive - 4JM Solutions Limited\Desktop\SniperX\SniperX\SniperX-V3\wallet_balance.json
2025-06-21 00:11:19,453 - __main__ - DEBUG - Raw wallet balance data: {'sol': '0.001771443', 'usd': '0.24672658104', 'sol_price': '139.28', 'timestamp': 1750461070.4596467}
2025-06-21 00:11:19,492 - __main__ - INFO - Successfully read balance - SOL: 0.001771443, USD: 0.24672658104, Age: 0.2 minutes
2025-06-21 00:11:19,559 - __main__ - INFO - Balance after wallet manager start: {'sol': Decimal('0.001771443'), 'usd': Decimal('0.24672658104'), 'timestamp': 1750461070.4596467}
2025-06-21 00:11:19,642 - __main__ - INFO - Balance retrieved successfully
2025-06-21 00:11:19,665 - telegram.ext.ExtBot - DEBUG - Entering: edit_message_text
2025-06-21 00:11:19,702 - httpcore.http11 - DEBUG - send_request_headers.started request=<Request [b'POST']>
2025-06-21 00:11:19,702 - httpcore.http11 - DEBUG - send_request_headers.complete
2025-06-21 00:11:19,702 - httpcore.http11 - DEBUG - send_request_body.started request=<Request [b'POST']>
2025-06-21 00:11:19,723 - httpcore.http11 - DEBUG - send_request_body.complete
2025-06-21 00:11:19,723 - httpcore.http11 - DEBUG - receive_response_headers.started request=<Request [b'POST']>
2025-06-21 00:11:19,854 - httpcore.http11 - DEBUG - receive_response_headers.complete return_value=(b'HTTP/1.1', 200, b'OK', [(b'Server', b'nginx/1.18.0'), (b'Date', b'Fri, 20 Jun 2025 23:11:19 GMT'), (b'Content-Type', b'application/json'), (b'Content-Length', b'496'), (b'Connection', b'keep-alive'), (b'Strict-Transport-Security', b'max-age=31536000; includeSubDomains; preload'), (b'Access-Control-Allow-Origin', b'*'), (b'Access-Control-Allow-Methods', b'GET, POST, OPTIONS'), (b'Access-Control-Expose-Headers', b'Content-Length,Content-Type,Date,Server,Connection')])
2025-06-21 00:11:19,856 - httpx - INFO - HTTP Request: POST https://api.telegram.org/bot7707158318:AAE8rWa4Q8Z_3avql6K0HAmXaooZAReoNF0/editMessageText "HTTP/1.1 200 OK"
2025-06-21 00:11:19,858 - httpcore.http11 - DEBUG - receive_response_body.started request=<Request [b'POST']>
2025-06-21 00:11:19,858 - httpcore.http11 - DEBUG - receive_response_body.complete
2025-06-21 00:11:19,866 - httpcore.http11 - DEBUG - response_closed.started
2025-06-21 00:11:19,870 - httpcore.http11 - DEBUG - response_closed.complete
2025-06-21 00:11:19,874 - telegram.ext.ExtBot - DEBUG - Message(channel_chat_created=False, chat=Chat(first_name='Ghost', id=7049055170, last_name='Number1', type=<ChatType.PRIVATE>), date=datetime.datetime(2025, 6, 20, 23, 4, 17, tzinfo=<UTC>), delete_chat_photo=False, edit_date=datetime.datetime(2025, 6, 20, 23, 11, 19, tzinfo=<UTC>), from_user=User(first_name='SPRD', id=7707158318, is_bot=True, username='tizi91Bot'), group_chat_created=False, message_id=5712, reply_markup=InlineKeyboardMarkup(inline_keyboard=((InlineKeyboardButton(callback_data='show_balance', text='🔄 Refresh'), InlineKeyboardButton(callback_data='back_to_menu', text='🔙 Back to Menu')),)), supergroup_chat_created=False, text='Current Balance:\nSOL: 0.001771\nUSD: $0.25\n\nLast Update: 00:11:10')
2025-06-21 00:11:20,033 - telegram.ext.ExtBot - DEBUG - Exiting: edit_message_text
2025-06-21 00:11:26,382 - httpcore.http11 - DEBUG - receive_response_headers.complete return_value=(b'HTTP/1.1', 200, b'OK', [(b'Server', b'nginx/1.18.0'), (b'Date', b'Fri, 20 Jun 2025 23:11:25 GMT'), (b'Content-Type', b'application/json'), (b'Content-Length', b'23'), (b'Connection', b'keep-alive'), (b'Strict-Transport-Security', b'max-age=31536000; includeSubDomains; preload'), (b'Access-Control-Allow-Origin', b'*'), (b'Access-Control-Allow-Methods', b'GET, POST, OPTIONS'), (b'Access-Control-Expose-Headers', b'Content-Length,Content-Type,Date,Server,Connection')])
2025-06-21 00:11:26,383 - httpx - INFO - HTTP Request: POST https://api.telegram.org/bot7707158318:AAE8rWa4Q8Z_3avql6K0HAmXaooZAReoNF0/getUpdates "HTTP/1.1 200 OK"
2025-06-21 00:11:26,383 - httpcore.http11 - DEBUG - receive_response_body.started request=<Request [b'POST']>
2025-06-21 00:11:26,385 - httpcore.http11 - DEBUG - receive_response_body.complete
2025-06-21 00:11:26,385 - httpcore.http11 - DEBUG - response_closed.started
2025-06-21 00:11:26,385 - httpcore.http11 - DEBUG - response_closed.complete
2025-06-21 00:11:26,387 - telegram.ext.ExtBot - DEBUG - No new updates found.
2025-06-21 00:11:26,388 - telegram.ext.ExtBot - DEBUG - ()
2025-06-21 00:11:26,388 - telegram.ext.ExtBot - DEBUG - Exiting: get_updates
2025-06-21 00:11:26,388 - telegram.ext.ExtBot - DEBUG - Entering: get_updates
2025-06-21 00:11:26,390 - httpcore.http11 - DEBUG - send_request_headers.started request=<Request [b'POST']>
2025-06-21 00:11:26,391 - httpcore.http11 - DEBUG - send_request_headers.complete
2025-06-21 00:11:26,391 - httpcore.http11 - DEBUG - send_request_body.started request=<Request [b'POST']>
2025-06-21 00:11:26,391 - httpcore.http11 - DEBUG - send_request_body.complete
2025-06-21 00:11:26,391 - httpcore.http11 - DEBUG - receive_response_headers.started request=<Request [b'POST']>
2025-06-21 00:11:28,634 - httpcore.http11 - DEBUG - receive_response_headers.complete return_value=(b'HTTP/1.1', 200, b'OK', [(b'Server', b'nginx/1.18.0'), (b'Date', b'Fri, 20 Jun 2025 23:11:28 GMT'), (b'Content-Type', b'application/json'), (b'Content-Length', b'743'), (b'Connection', b'keep-alive'), (b'Strict-Transport-Security', b'max-age=31536000; includeSubDomains; preload'), (b'Access-Control-Allow-Origin', b'*'), (b'Access-Control-Allow-Methods', b'GET, POST, OPTIONS'), (b'Access-Control-Expose-Headers', b'Content-Length,Content-Type,Date,Server,Connection')])
2025-06-21 00:11:28,635 - httpx - INFO - HTTP Request: POST https://api.telegram.org/bot7707158318:AAE8rWa4Q8Z_3avql6K0HAmXaooZAReoNF0/getUpdates "HTTP/1.1 200 OK"
2025-06-21 00:11:28,635 - httpcore.http11 - DEBUG - receive_response_body.started request=<Request [b'POST']>
2025-06-21 00:11:28,637 - httpcore.http11 - DEBUG - receive_response_body.complete
2025-06-21 00:11:28,637 - httpcore.http11 - DEBUG - response_closed.started
2025-06-21 00:11:28,637 - httpcore.http11 - DEBUG - response_closed.complete
2025-06-21 00:11:28,641 - telegram.ext.ExtBot - DEBUG - Getting updates: [37529927]
2025-06-21 00:11:28,643 - telegram.ext.ExtBot - DEBUG - (Update(callback_query=CallbackQuery(chat_instance='-1307310250263184334', data='show_balance', from_user=User(first_name='Ghost', id=7049055170, is_bot=False, language_code='en', last_name='Number1'), id='2605345313686611374', message=Message(channel_chat_created=False, chat=Chat(first_name='Ghost', id=7049055170, last_name='Number1', type=<ChatType.PRIVATE>), date=datetime.datetime(2025, 6, 20, 23, 4, 17, tzinfo=<UTC>), delete_chat_photo=False, edit_date=datetime.datetime(2025, 6, 20, 23, 11, 19, tzinfo=<UTC>), from_user=User(first_name='SPRD', id=7707158318, is_bot=True, username='tizi91Bot'), group_chat_created=False, message_id=5712, reply_markup=InlineKeyboardMarkup(inline_keyboard=((InlineKeyboardButton(callback_data='show_balance', text='🔄 Refresh'), InlineKeyboardButton(callback_data='back_to_menu', text='🔙 Back to Menu')),)), supergroup_chat_created=False, text='Current Balance:\nSOL: 0.001771\nUSD: $0.25\n\nLast Update: 00:11:10')), update_id=37529927),)
2025-06-21 00:11:28,643 - telegram.ext.ExtBot - DEBUG - Exiting: get_updates
2025-06-21 00:11:28,643 - telegram.ext.ExtBot - DEBUG - Entering: get_updates
2025-06-21 00:11:28,648 - telegram.ext.Application - DEBUG - Processing update Update(callback_query=CallbackQuery(chat_instance='-1307310250263184334', data='show_balance', from_user=User(first_name='Ghost', id=7049055170, is_bot=False, language_code='en', last_name='Number1'), id='2605345313686611374', message=Message(channel_chat_created=False, chat=Chat(first_name='Ghost', id=7049055170, last_name='Number1', type=<ChatType.PRIVATE>), date=datetime.datetime(2025, 6, 20, 23, 4, 17, tzinfo=<UTC>), delete_chat_photo=False, edit_date=datetime.datetime(2025, 6, 20, 23, 11, 19, tzinfo=<UTC>), from_user=User(first_name='SPRD', id=7707158318, is_bot=True, username='tizi91Bot'), group_chat_created=False, message_id=5712, reply_markup=InlineKeyboardMarkup(inline_keyboard=((InlineKeyboardButton(callback_data='show_balance', text='🔄 Refresh'), InlineKeyboardButton(callback_data='back_to_menu', text='🔙 Back to Menu')),)), supergroup_chat_created=False, text='Current Balance:\nSOL: 0.001771\nUSD: $0.25\n\nLast Update: 00:11:10')), update_id=37529927)
2025-06-21 00:11:28,650 - __main__ - INFO - Button callback received: Update(callback_query=CallbackQuery(chat_instance='-1307310250263184334', data='show_balance', from_user=User(first_name='Ghost', id=7049055170, is_bot=False, language_code='en', last_name='Number1'), id='2605345313686611374', message=Message(channel_chat_created=False, chat=Chat(first_name='Ghost', id=7049055170, last_name='Number1', type=<ChatType.PRIVATE>), date=datetime.datetime(2025, 6, 20, 23, 4, 17, tzinfo=<UTC>), delete_chat_photo=False, edit_date=datetime.datetime(2025, 6, 20, 23, 11, 19, tzinfo=<UTC>), from_user=User(first_name='SPRD', id=7707158318, is_bot=True, username='tizi91Bot'), group_chat_created=False, message_id=5712, reply_markup=InlineKeyboardMarkup(inline_keyboard=((InlineKeyboardButton(callback_data='show_balance', text='🔄 Refresh'), InlineKeyboardButton(callback_data='back_to_menu', text='🔙 Back to Menu')),)), supergroup_chat_created=False, text='Current Balance:\nSOL: 0.001771\nUSD: $0.25\n\nLast Update: 00:11:10')), update_id=37529927)
2025-06-21 00:11:28,671 - telegram.ext.ExtBot - DEBUG - Entering: answer_callback_query
2025-06-21 00:11:28,680 - httpcore.connection - DEBUG - close.started
2025-06-21 00:11:28,681 - httpcore.connection - DEBUG - close.complete
2025-06-21 00:11:28,681 - httpcore.http11 - DEBUG - send_request_headers.started request=<Request [b'POST']>
2025-06-21 00:11:28,681 - httpcore.connection - DEBUG - connect_tcp.started host='api.telegram.org' port=443 local_address=None timeout=5.0 socket_options=None
2025-06-21 00:11:28,685 - httpcore.http11 - DEBUG - send_request_headers.complete
2025-06-21 00:11:28,685 - httpcore.http11 - DEBUG - send_request_body.started request=<Request [b'POST']>
2025-06-21 00:11:28,687 - httpcore.http11 - DEBUG - send_request_body.complete
2025-06-21 00:11:28,687 - httpcore.http11 - DEBUG - receive_response_headers.started request=<Request [b'POST']>
2025-06-21 00:11:28,785 - httpcore.connection - DEBUG - connect_tcp.complete return_value=<httpcore._backends.anyio.AnyIOStream object at 0x0000026295DBE2C0>
2025-06-21 00:11:28,785 - httpcore.connection - DEBUG - start_tls.started ssl_context=<ssl.SSLContext object at 0x0000026295C49AC0> server_hostname='api.telegram.org' timeout=5.0
2025-06-21 00:11:28,887 - httpcore.connection - DEBUG - start_tls.complete return_value=<httpcore._backends.anyio.AnyIOStream object at 0x0000026295DBEB90>
2025-06-21 00:11:28,892 - httpcore.http11 - DEBUG - send_request_headers.started request=<Request [b'POST']>
2025-06-21 00:11:28,894 - httpcore.http11 - DEBUG - send_request_headers.complete
2025-06-21 00:11:28,894 - httpcore.http11 - DEBUG - send_request_body.started request=<Request [b'POST']>
2025-06-21 00:11:28,895 - httpcore.http11 - DEBUG - send_request_body.complete
2025-06-21 00:11:28,895 - httpcore.http11 - DEBUG - receive_response_headers.started request=<Request [b'POST']>
2025-06-21 00:11:28,980 - httpcore.http11 - DEBUG - receive_response_headers.complete return_value=(b'HTTP/1.1', 200, b'OK', [(b'Server', b'nginx/1.18.0'), (b'Date', b'Fri, 20 Jun 2025 23:11:28 GMT'), (b'Content-Type', b'application/json'), (b'Content-Length', b'25'), (b'Connection', b'keep-alive'), (b'Strict-Transport-Security', b'max-age=31536000; includeSubDomains; preload'), (b'Access-Control-Allow-Origin', b'*'), (b'Access-Control-Allow-Methods', b'GET, POST, OPTIONS'), (b'Access-Control-Expose-Headers', b'Content-Length,Content-Type,Date,Server,Connection')])
2025-06-21 00:11:28,982 - httpx - INFO - HTTP Request: POST https://api.telegram.org/bot7707158318:AAE8rWa4Q8Z_3avql6K0HAmXaooZAReoNF0/answerCallbackQuery "HTTP/1.1 200 OK"
2025-06-21 00:11:28,984 - httpcore.http11 - DEBUG - receive_response_body.started request=<Request [b'POST']>
2025-06-21 00:11:28,984 - httpcore.http11 - DEBUG - receive_response_body.complete
2025-06-21 00:11:28,984 - httpcore.http11 - DEBUG - response_closed.started
2025-06-21 00:11:28,987 - httpcore.http11 - DEBUG - response_closed.complete
2025-06-21 00:11:28,990 - telegram.ext.ExtBot - DEBUG - True
2025-06-21 00:11:28,990 - telegram.ext.ExtBot - DEBUG - Exiting: answer_callback_query
2025-06-21 00:11:28,994 - __main__ - INFO - Processing action: show_balance
2025-06-21 00:11:28,996 - __main__ - INFO - Processing show_balance action
2025-06-21 00:11:29,004 - __main__ - INFO - Reading wallet balance from: C:\Users\Rachid Aitali\OneDrive - 4JM Solutions Limited\Desktop\SniperX\SniperX\SniperX-V3\wallet_balance.json
2025-06-21 00:11:29,004 - __main__ - DEBUG - Raw wallet balance data: {'sol': '0.001771443', 'usd': '0.24672658104', 'sol_price': '139.28', 'timestamp': 1750461080.2061684}
2025-06-21 00:11:29,004 - __main__ - INFO - Successfully read balance - SOL: 0.001771443, USD: 0.24672658104, Age: 0.1 minutes
2025-06-21 00:11:29,009 - __main__ - INFO - Current balance after read: {'sol': Decimal('0.001771443'), 'usd': Decimal('0.24672658104'), 'timestamp': 1750461080.2061684}
2025-06-21 00:11:29,016 - __main__ - INFO - Wallet manager not running, attempting to start it
2025-06-21 00:11:29,018 - __main__ - INFO - Starting wallet manager from: C:\Users\Rachid Aitali\OneDrive - 4JM Solutions Limited\Desktop\SniperX\SniperX\SniperX-V3\wallet_manager.py
2025-06-21 00:11:29,072 - __main__ - INFO - Wallet manager started with PID: 19300
2025-06-21 00:11:30,566 - httpcore.http11 - DEBUG - receive_response_headers.complete return_value=(b'HTTP/1.1', 200, b'OK', [(b'Server', b'nginx/1.18.0'), (b'Date', b'Fri, 20 Jun 2025 23:11:30 GMT'), (b'Content-Type', b'application/json'), (b'Content-Length', b'743'), (b'Connection', b'keep-alive'), (b'Strict-Transport-Security', b'max-age=31536000; includeSubDomains; preload'), (b'Access-Control-Allow-Origin', b'*'), (b'Access-Control-Allow-Methods', b'GET, POST, OPTIONS'), (b'Access-Control-Expose-Headers', b'Content-Length,Content-Type,Date,Server,Connection')])
2025-06-21 00:11:30,569 - httpx - INFO - HTTP Request: POST https://api.telegram.org/bot7707158318:AAE8rWa4Q8Z_3avql6K0HAmXaooZAReoNF0/getUpdates "HTTP/1.1 200 OK"
2025-06-21 00:11:30,571 - httpcore.http11 - DEBUG - receive_response_body.started request=<Request [b'POST']>
2025-06-21 00:11:30,571 - httpcore.http11 - DEBUG - receive_response_body.complete
2025-06-21 00:11:30,572 - httpcore.http11 - DEBUG - response_closed.started
2025-06-21 00:11:30,574 - httpcore.http11 - DEBUG - response_closed.complete
2025-06-21 00:11:30,575 - telegram.ext.ExtBot - DEBUG - Getting updates: [37529928]
2025-06-21 00:11:30,576 - telegram.ext.ExtBot - DEBUG - (Update(callback_query=CallbackQuery(chat_instance='-1307310250263184334', data='back_to_menu', from_user=User(first_name='Ghost', id=7049055170, is_bot=False, language_code='en', last_name='Number1'), id='2605345314407197709', message=Message(channel_chat_created=False, chat=Chat(first_name='Ghost', id=7049055170, last_name='Number1', type=<ChatType.PRIVATE>), date=datetime.datetime(2025, 6, 20, 23, 4, 17, tzinfo=<UTC>), delete_chat_photo=False, edit_date=datetime.datetime(2025, 6, 20, 23, 11, 19, tzinfo=<UTC>), from_user=User(first_name='SPRD', id=7707158318, is_bot=True, username='tizi91Bot'), group_chat_created=False, message_id=5712, reply_markup=InlineKeyboardMarkup(inline_keyboard=((InlineKeyboardButton(callback_data='show_balance', text='🔄 Refresh'), InlineKeyboardButton(callback_data='back_to_menu', text='🔙 Back to Menu')),)), supergroup_chat_created=False, text='Current Balance:\nSOL: 0.001771\nUSD: $0.25\n\nLast Update: 00:11:10')), update_id=37529928),)
2025-06-21 00:11:30,576 - telegram.ext.ExtBot - DEBUG - Exiting: get_updates
2025-06-21 00:11:30,576 - telegram.ext.ExtBot - DEBUG - Entering: get_updates
2025-06-21 00:11:30,580 - httpcore.http11 - DEBUG - send_request_headers.started request=<Request [b'POST']>
2025-06-21 00:11:30,582 - httpcore.http11 - DEBUG - send_request_headers.complete
2025-06-21 00:11:30,582 - httpcore.http11 - DEBUG - send_request_body.started request=<Request [b'POST']>
2025-06-21 00:11:30,587 - httpcore.http11 - DEBUG - send_request_body.complete
2025-06-21 00:11:30,590 - httpcore.http11 - DEBUG - receive_response_headers.started request=<Request [b'POST']>
2025-06-21 00:11:31,109 - __main__ - INFO - Wallet manager started successfully, reading balance...
2025-06-21 00:11:31,111 - __main__ - INFO - Reading wallet balance from: C:\Users\Rachid Aitali\OneDrive - 4JM Solutions Limited\Desktop\SniperX\SniperX\SniperX-V3\wallet_balance.json
2025-06-21 00:11:31,111 - __main__ - DEBUG - Raw wallet balance data: {'sol': '0.001771443', 'usd': '0.24672658104', 'sol_price': '139.28', 'timestamp': 1750461080.2061684}
2025-06-21 00:11:31,113 - __main__ - INFO - Successfully read balance - SOL: 0.001771443, USD: 0.24672658104, Age: 0.2 minutes
2025-06-21 00:11:31,113 - __main__ - INFO - Balance after wallet manager start: {'sol': Decimal('0.001771443'), 'usd': Decimal('0.24672658104'), 'timestamp': 1750461080.2061684}
2025-06-21 00:11:31,114 - __main__ - INFO - Balance retrieved successfully
2025-06-21 00:11:31,115 - telegram.ext.ExtBot - DEBUG - Entering: edit_message_text
2025-06-21 00:11:31,132 - httpcore.http11 - DEBUG - send_request_headers.started request=<Request [b'POST']>
2025-06-21 00:11:31,132 - httpcore.http11 - DEBUG - send_request_headers.complete
2025-06-21 00:11:31,134 - httpcore.http11 - DEBUG - send_request_body.started request=<Request [b'POST']>
2025-06-21 00:11:31,136 - httpcore.http11 - DEBUG - send_request_body.complete
2025-06-21 00:11:31,136 - httpcore.http11 - DEBUG - receive_response_headers.started request=<Request [b'POST']>
2025-06-21 00:11:31,230 - httpcore.http11 - DEBUG - receive_response_headers.complete return_value=(b'HTTP/1.1', 200, b'OK', [(b'Server', b'nginx/1.18.0'), (b'Date', b'Fri, 20 Jun 2025 23:11:30 GMT'), (b'Content-Type', b'application/json'), (b'Content-Length', b'496'), (b'Connection', b'keep-alive'), (b'Strict-Transport-Security', b'max-age=31536000; includeSubDomains; preload'), (b'Access-Control-Allow-Origin', b'*'), (b'Access-Control-Allow-Methods', b'GET, POST, OPTIONS'), (b'Access-Control-Expose-Headers', b'Content-Length,Content-Type,Date,Server,Connection')])
2025-06-21 00:11:31,231 - httpx - INFO - HTTP Request: POST https://api.telegram.org/bot7707158318:AAE8rWa4Q8Z_3avql6K0HAmXaooZAReoNF0/editMessageText "HTTP/1.1 200 OK"
2025-06-21 00:11:31,231 - httpcore.http11 - DEBUG - receive_response_body.started request=<Request [b'POST']>
2025-06-21 00:11:31,233 - httpcore.http11 - DEBUG - receive_response_body.complete
2025-06-21 00:11:31,233 - httpcore.http11 - DEBUG - response_closed.started
2025-06-21 00:11:31,233 - httpcore.http11 - DEBUG - response_closed.complete
2025-06-21 00:11:31,236 - telegram.ext.ExtBot - DEBUG - Message(channel_chat_created=False, chat=Chat(first_name='Ghost', id=7049055170, last_name='Number1', type=<ChatType.PRIVATE>), date=datetime.datetime(2025, 6, 20, 23, 4, 17, tzinfo=<UTC>), delete_chat_photo=False, edit_date=datetime.datetime(2025, 6, 20, 23, 11, 30, tzinfo=<UTC>), from_user=User(first_name='SPRD', id=7707158318, is_bot=True, username='tizi91Bot'), group_chat_created=False, message_id=5712, reply_markup=InlineKeyboardMarkup(inline_keyboard=((InlineKeyboardButton(callback_data='show_balance', text='🔄 Refresh'), InlineKeyboardButton(callback_data='back_to_menu', text='🔙 Back to Menu')),)), supergroup_chat_created=False, text='Current Balance:\nSOL: 0.001771\nUSD: $0.25\n\nLast Update: 00:11:20')
2025-06-21 00:11:31,237 - telegram.ext.ExtBot - DEBUG - Exiting: edit_message_text
2025-06-21 00:11:31,238 - telegram.ext.Application - DEBUG - Processing update Update(callback_query=CallbackQuery(chat_instance='-1307310250263184334', data='back_to_menu', from_user=User(first_name='Ghost', id=7049055170, is_bot=False, language_code='en', last_name='Number1'), id='2605345314407197709', message=Message(channel_chat_created=False, chat=Chat(first_name='Ghost', id=7049055170, last_name='Number1', type=<ChatType.PRIVATE>), date=datetime.datetime(2025, 6, 20, 23, 4, 17, tzinfo=<UTC>), delete_chat_photo=False, edit_date=datetime.datetime(2025, 6, 20, 23, 11, 19, tzinfo=<UTC>), from_user=User(first_name='SPRD', id=7707158318, is_bot=True, username='tizi91Bot'), group_chat_created=False, message_id=5712, reply_markup=InlineKeyboardMarkup(inline_keyboard=((InlineKeyboardButton(callback_data='show_balance', text='🔄 Refresh'), InlineKeyboardButton(callback_data='back_to_menu', text='🔙 Back to Menu')),)), supergroup_chat_created=False, text='Current Balance:\nSOL: 0.001771\nUSD: $0.25\n\nLast Update: 00:11:10')), update_id=37529928)
2025-06-21 00:11:31,238 - __main__ - INFO - Button callback received: Update(callback_query=CallbackQuery(chat_instance='-1307310250263184334', data='back_to_menu', from_user=User(first_name='Ghost', id=7049055170, is_bot=False, language_code='en', last_name='Number1'), id='2605345314407197709', message=Message(channel_chat_created=False, chat=Chat(first_name='Ghost', id=7049055170, last_name='Number1', type=<ChatType.PRIVATE>), date=datetime.datetime(2025, 6, 20, 23, 4, 17, tzinfo=<UTC>), delete_chat_photo=False, edit_date=datetime.datetime(2025, 6, 20, 23, 11, 19, tzinfo=<UTC>), from_user=User(first_name='SPRD', id=7707158318, is_bot=True, username='tizi91Bot'), group_chat_created=False, message_id=5712, reply_markup=InlineKeyboardMarkup(inline_keyboard=((InlineKeyboardButton(callback_data='show_balance', text='🔄 Refresh'), InlineKeyboardButton(callback_data='back_to_menu', text='🔙 Back to Menu')),)), supergroup_chat_created=False, text='Current Balance:\nSOL: 0.001771\nUSD: $0.25\n\nLast Update: 00:11:10')), update_id=37529928)
2025-06-21 00:11:31,241 - telegram.ext.ExtBot - DEBUG - Entering: answer_callback_query
2025-06-21 00:11:31,243 - httpcore.http11 - DEBUG - send_request_headers.started request=<Request [b'POST']>
2025-06-21 00:11:31,246 - httpcore.http11 - DEBUG - send_request_headers.complete
2025-06-21 00:11:31,248 - httpcore.http11 - DEBUG - send_request_body.started request=<Request [b'POST']>
2025-06-21 00:11:31,250 - httpcore.http11 - DEBUG - send_request_body.complete
2025-06-21 00:11:31,251 - httpcore.http11 - DEBUG - receive_response_headers.started request=<Request [b'POST']>
2025-06-21 00:11:31,344 - httpcore.http11 - DEBUG - receive_response_headers.complete return_value=(b'HTTP/1.1', 200, b'OK', [(b'Server', b'nginx/1.18.0'), (b'Date', b'Fri, 20 Jun 2025 23:11:31 GMT'), (b'Content-Type', b'application/json'), (b'Content-Length', b'25'), (b'Connection', b'keep-alive'), (b'Strict-Transport-Security', b'max-age=31536000; includeSubDomains; preload'), (b'Access-Control-Allow-Origin', b'*'), (b'Access-Control-Allow-Methods', b'GET, POST, OPTIONS'), (b'Access-Control-Expose-Headers', b'Content-Length,Content-Type,Date,Server,Connection')])
2025-06-21 00:11:31,347 - httpx - INFO - HTTP Request: POST https://api.telegram.org/bot7707158318:AAE8rWa4Q8Z_3avql6K0HAmXaooZAReoNF0/answerCallbackQuery "HTTP/1.1 200 OK"
2025-06-21 00:11:31,349 - httpcore.http11 - DEBUG - receive_response_body.started request=<Request [b'POST']>
2025-06-21 00:11:31,350 - httpcore.http11 - DEBUG - receive_response_body.complete
2025-06-21 00:11:31,351 - httpcore.http11 - DEBUG - response_closed.started
2025-06-21 00:11:31,351 - httpcore.http11 - DEBUG - response_closed.complete
2025-06-21 00:11:31,352 - telegram.ext.ExtBot - DEBUG - True
2025-06-21 00:11:31,352 - telegram.ext.ExtBot - DEBUG - Exiting: answer_callback_query
2025-06-21 00:11:31,352 - __main__ - INFO - Processing action: back_to_menu
2025-06-21 00:11:31,354 - telegram.ext.ExtBot - DEBUG - Entering: edit_message_text
2025-06-21 00:11:31,356 - httpcore.http11 - DEBUG - send_request_headers.started request=<Request [b'POST']>
2025-06-21 00:11:31,359 - httpcore.http11 - DEBUG - send_request_headers.complete
2025-06-21 00:11:31,359 - httpcore.http11 - DEBUG - send_request_body.started request=<Request [b'POST']>
2025-06-21 00:11:31,361 - httpcore.http11 - DEBUG - send_request_body.complete
2025-06-21 00:11:31,361 - httpcore.http11 - DEBUG - receive_response_headers.started request=<Request [b'POST']>
2025-06-21 00:11:31,457 - httpcore.http11 - DEBUG - receive_response_headers.complete return_value=(b'HTTP/1.1', 200, b'OK', [(b'Server', b'nginx/1.18.0'), (b'Date', b'Fri, 20 Jun 2025 23:11:31 GMT'), (b'Content-Type', b'application/json'), (b'Content-Length', b'592'), (b'Connection', b'keep-alive'), (b'Strict-Transport-Security', b'max-age=31536000; includeSubDomains; preload'), (b'Access-Control-Allow-Origin', b'*'), (b'Access-Control-Allow-Methods', b'GET, POST, OPTIONS'), (b'Access-Control-Expose-Headers', b'Content-Length,Content-Type,Date,Server,Connection')])
2025-06-21 00:11:31,459 - httpx - INFO - HTTP Request: POST https://api.telegram.org/bot7707158318:AAE8rWa4Q8Z_3avql6K0HAmXaooZAReoNF0/editMessageText "HTTP/1.1 200 OK"
2025-06-21 00:11:31,461 - httpcore.http11 - DEBUG - receive_response_body.started request=<Request [b'POST']>
2025-06-21 00:11:31,461 - httpcore.http11 - DEBUG - receive_response_body.complete
2025-06-21 00:11:31,461 - httpcore.http11 - DEBUG - response_closed.started
2025-06-21 00:11:31,461 - httpcore.http11 - DEBUG - response_closed.complete
2025-06-21 00:11:31,465 - telegram.ext.ExtBot - DEBUG - Message(channel_chat_created=False, chat=Chat(first_name='Ghost', id=7049055170, last_name='Number1', type=<ChatType.PRIVATE>), date=datetime.datetime(2025, 6, 20, 23, 4, 17, tzinfo=<UTC>), delete_chat_photo=False, edit_date=datetime.datetime(2025, 6, 20, 23, 11, 31, tzinfo=<UTC>), from_user=User(first_name='SPRD', id=7707158318, is_bot=True, username='tizi91Bot'), group_chat_created=False, message_id=5712, reply_markup=InlineKeyboardMarkup(inline_keyboard=((InlineKeyboardButton(callback_data='start_sniperx', text='🚀 Start SniperX'),), (InlineKeyboardButton(callback_data='stop_sniperx', text='🛑 Stop SniperX'), InlineKeyboardButton(callback_data='status_sniperx', text='📊 Status')), (InlineKeyboardButton(callback_data='show_balance', text='💰 Balance'),))), supergroup_chat_created=False, text='SniperX Bot Control Panel:')
2025-06-21 00:11:31,466 - telegram.ext.ExtBot - DEBUG - Exiting: edit_message_text
2025-06-21 00:11:40,718 - httpcore.http11 - DEBUG - receive_response_headers.complete return_value=(b'HTTP/1.1', 200, b'OK', [(b'Server', b'nginx/1.18.0'), (b'Date', b'Fri, 20 Jun 2025 23:11:40 GMT'), (b'Content-Type', b'application/json'), (b'Content-Length', b'23'), (b'Connection', b'keep-alive'), (b'Strict-Transport-Security', b'max-age=31536000; includeSubDomains; preload'), (b'Access-Control-Allow-Origin', b'*'), (b'Access-Control-Allow-Methods', b'GET, POST, OPTIONS'), (b'Access-Control-Expose-Headers', b'Content-Length,Content-Type,Date,Server,Connection')])
2025-06-21 00:11:40,720 - httpx - INFO - HTTP Request: POST https://api.telegram.org/bot7707158318:AAE8rWa4Q8Z_3avql6K0HAmXaooZAReoNF0/getUpdates "HTTP/1.1 200 OK"
2025-06-21 00:11:40,721 - httpcore.http11 - DEBUG - receive_response_body.started request=<Request [b'POST']>
2025-06-21 00:11:40,721 - httpcore.http11 - DEBUG - receive_response_body.complete
2025-06-21 00:11:40,721 - httpcore.http11 - DEBUG - response_closed.started
2025-06-21 00:11:40,723 - httpcore.http11 - DEBUG - response_closed.complete
2025-06-21 00:11:40,723 - telegram.ext.ExtBot - DEBUG - No new updates found.
2025-06-21 00:11:40,723 - telegram.ext.ExtBot - DEBUG - ()
2025-06-21 00:11:40,725 - telegram.ext.ExtBot - DEBUG - Exiting: get_updates
2025-06-21 00:11:40,726 - telegram.ext.ExtBot - DEBUG - Entering: get_updates
2025-06-21 00:11:40,728 - httpcore.http11 - DEBUG - send_request_headers.started request=<Request [b'POST']>
2025-06-21 00:11:40,730 - httpcore.http11 - DEBUG - send_request_headers.complete
2025-06-21 00:11:40,730 - httpcore.http11 - DEBUG - send_request_body.started request=<Request [b'POST']>
2025-06-21 00:11:40,730 - httpcore.http11 - DEBUG - send_request_body.complete
2025-06-21 00:11:40,731 - httpcore.http11 - DEBUG - receive_response_headers.started request=<Request [b'POST']>
2025-06-21 00:11:50,955 - httpcore.http11 - DEBUG - receive_response_headers.complete return_value=(b'HTTP/1.1', 200, b'OK', [(b'Server', b'nginx/1.18.0'), (b'Date', b'Fri, 20 Jun 2025 23:11:50 GMT'), (b'Content-Type', b'application/json'), (b'Content-Length', b'23'), (b'Connection', b'keep-alive'), (b'Strict-Transport-Security', b'max-age=31536000; includeSubDomains; preload'), (b'Access-Control-Allow-Origin', b'*'), (b'Access-Control-Allow-Methods', b'GET, POST, OPTIONS'), (b'Access-Control-Expose-Headers', b'Content-Length,Content-Type,Date,Server,Connection')])
2025-06-21 00:11:50,957 - httpx - INFO - HTTP Request: POST https://api.telegram.org/bot7707158318:AAE8rWa4Q8Z_3avql6K0HAmXaooZAReoNF0/getUpdates "HTTP/1.1 200 OK"
2025-06-21 00:11:50,959 - httpcore.http11 - DEBUG - receive_response_body.started request=<Request [b'POST']>
2025-06-21 00:11:50,959 - httpcore.http11 - DEBUG - receive_response_body.complete
2025-06-21 00:11:50,961 - httpcore.http11 - DEBUG - response_closed.started
2025-06-21 00:11:50,961 - httpcore.http11 - DEBUG - response_closed.complete
2025-06-21 00:11:50,961 - telegram.ext.ExtBot - DEBUG - No new updates found.
2025-06-21 00:11:50,961 - telegram.ext.ExtBot - DEBUG - ()
2025-06-21 00:11:50,961 - telegram.ext.ExtBot - DEBUG - Exiting: get_updates
2025-06-21 00:11:50,961 - telegram.ext.ExtBot - DEBUG - Entering: get_updates
2025-06-21 00:11:50,966 - httpcore.http11 - DEBUG - send_request_headers.started request=<Request [b'POST']>
2025-06-21 00:11:50,966 - httpcore.http11 - DEBUG - send_request_headers.complete
2025-06-21 00:11:50,966 - httpcore.http11 - DEBUG - send_request_body.started request=<Request [b'POST']>
2025-06-21 00:11:50,968 - httpcore.http11 - DEBUG - send_request_body.complete
2025-06-21 00:11:50,968 - httpcore.http11 - DEBUG - receive_response_headers.started request=<Request [b'POST']>
2025-06-21 00:12:01,093 - httpcore.http11 - DEBUG - receive_response_headers.complete return_value=(b'HTTP/1.1', 200, b'OK', [(b'Server', b'nginx/1.18.0'), (b'Date', b'Fri, 20 Jun 2025 23:12:00 GMT'), (b'Content-Type', b'application/json'), (b'Content-Length', b'23'), (b'Connection', b'keep-alive'), (b'Strict-Transport-Security', b'max-age=31536000; includeSubDomains; preload'), (b'Access-Control-Allow-Origin', b'*'), (b'Access-Control-Allow-Methods', b'GET, POST, OPTIONS'), (b'Access-Control-Expose-Headers', b'Content-Length,Content-Type,Date,Server,Connection')])
2025-06-21 00:12:01,094 - httpx - INFO - HTTP Request: POST https://api.telegram.org/bot7707158318:AAE8rWa4Q8Z_3avql6K0HAmXaooZAReoNF0/getUpdates "HTTP/1.1 200 OK"
2025-06-21 00:12:01,098 - httpcore.http11 - DEBUG - receive_response_body.started request=<Request [b'POST']>
2025-06-21 00:12:01,099 - httpcore.http11 - DEBUG - receive_response_body.complete
2025-06-21 00:12:01,099 - httpcore.http11 - DEBUG - response_closed.started
2025-06-21 00:12:01,100 - httpcore.http11 - DEBUG - response_closed.complete
2025-06-21 00:12:01,101 - telegram.ext.ExtBot - DEBUG - No new updates found.
2025-06-21 00:12:01,102 - telegram.ext.ExtBot - DEBUG - ()
2025-06-21 00:12:01,102 - telegram.ext.ExtBot - DEBUG - Exiting: get_updates
2025-06-21 00:12:01,102 - telegram.ext.ExtBot - DEBUG - Entering: get_updates
2025-06-21 00:12:01,106 - httpcore.http11 - DEBUG - send_request_headers.started request=<Request [b'POST']>
2025-06-21 00:12:01,109 - httpcore.http11 - DEBUG - send_request_headers.complete
2025-06-21 00:12:01,109 - httpcore.http11 - DEBUG - send_request_body.started request=<Request [b'POST']>
2025-06-21 00:12:01,112 - httpcore.http11 - DEBUG - send_request_body.complete
2025-06-21 00:12:01,114 - httpcore.http11 - DEBUG - receive_response_headers.started request=<Request [b'POST']>
2025-06-21 00:12:11,965 - httpcore.http11 - DEBUG - receive_response_headers.complete return_value=(b'HTTP/1.1', 200, b'OK', [(b'Server', b'nginx/1.18.0'), (b'Date', b'Fri, 20 Jun 2025 23:12:10 GMT'), (b'Content-Type', b'application/json'), (b'Content-Length', b'23'), (b'Connection', b'keep-alive'), (b'Strict-Transport-Security', b'max-age=31536000; includeSubDomains; preload'), (b'Access-Control-Allow-Origin', b'*'), (b'Access-Control-Allow-Methods', b'GET, POST, OPTIONS'), (b'Access-Control-Expose-Headers', b'Content-Length,Content-Type,Date,Server,Connection')])
2025-06-21 00:12:11,967 - httpx - INFO - HTTP Request: POST https://api.telegram.org/bot7707158318:AAE8rWa4Q8Z_3avql6K0HAmXaooZAReoNF0/getUpdates "HTTP/1.1 200 OK"
2025-06-21 00:12:11,968 - httpcore.http11 - DEBUG - receive_response_body.started request=<Request [b'POST']>
2025-06-21 00:12:11,969 - httpcore.http11 - DEBUG - receive_response_body.complete
2025-06-21 00:12:11,970 - httpcore.http11 - DEBUG - response_closed.started
2025-06-21 00:12:11,970 - httpcore.http11 - DEBUG - response_closed.complete
2025-06-21 00:12:11,971 - telegram.ext.ExtBot - DEBUG - No new updates found.
2025-06-21 00:12:11,972 - telegram.ext.ExtBot - DEBUG - ()
2025-06-21 00:12:11,973 - telegram.ext.ExtBot - DEBUG - Exiting: get_updates
2025-06-21 00:12:11,973 - telegram.ext.ExtBot - DEBUG - Entering: get_updates
2025-06-21 00:12:11,976 - httpcore.http11 - DEBUG - send_request_headers.started request=<Request [b'POST']>
2025-06-21 00:12:11,977 - httpcore.http11 - DEBUG - send_request_headers.complete
2025-06-21 00:12:11,977 - httpcore.http11 - DEBUG - send_request_body.started request=<Request [b'POST']>
2025-06-21 00:12:11,978 - httpcore.http11 - DEBUG - send_request_body.complete
2025-06-21 00:12:11,978 - httpcore.http11 - DEBUG - receive_response_headers.started request=<Request [b'POST']>
2025-06-21 00:12:22,095 - httpcore.http11 - DEBUG - receive_response_headers.complete return_value=(b'HTTP/1.1', 200, b'OK', [(b'Server', b'nginx/1.18.0'), (b'Date', b'Fri, 20 Jun 2025 23:12:21 GMT'), (b'Content-Type', b'application/json'), (b'Content-Length', b'23'), (b'Connection', b'keep-alive'), (b'Strict-Transport-Security', b'max-age=31536000; includeSubDomains; preload'), (b'Access-Control-Allow-Origin', b'*'), (b'Access-Control-Allow-Methods', b'GET, POST, OPTIONS'), (b'Access-Control-Expose-Headers', b'Content-Length,Content-Type,Date,Server,Connection')])
2025-06-21 00:12:22,096 - httpx - INFO - HTTP Request: POST https://api.telegram.org/bot7707158318:AAE8rWa4Q8Z_3avql6K0HAmXaooZAReoNF0/getUpdates "HTTP/1.1 200 OK"
2025-06-21 00:12:22,097 - httpcore.http11 - DEBUG - receive_response_body.started request=<Request [b'POST']>
2025-06-21 00:12:22,098 - httpcore.http11 - DEBUG - receive_response_body.complete
2025-06-21 00:12:22,099 - httpcore.http11 - DEBUG - response_closed.started
2025-06-21 00:12:22,099 - httpcore.http11 - DEBUG - response_closed.complete
2025-06-21 00:12:22,100 - telegram.ext.ExtBot - DEBUG - No new updates found.
2025-06-21 00:12:22,100 - telegram.ext.ExtBot - DEBUG - ()
2025-06-21 00:12:22,101 - telegram.ext.ExtBot - DEBUG - Exiting: get_updates
2025-06-21 00:12:22,101 - telegram.ext.ExtBot - DEBUG - Entering: get_updates
2025-06-21 00:12:22,104 - httpcore.http11 - DEBUG - send_request_headers.started request=<Request [b'POST']>
2025-06-21 00:12:22,105 - httpcore.http11 - DEBUG - send_request_headers.complete
2025-06-21 00:12:22,105 - httpcore.http11 - DEBUG - send_request_body.started request=<Request [b'POST']>
2025-06-21 00:12:22,107 - httpcore.http11 - DEBUG - send_request_body.complete
2025-06-21 00:12:22,107 - httpcore.http11 - DEBUG - receive_response_headers.started request=<Request [b'POST']>
2025-06-21 00:12:32,324 - httpcore.http11 - DEBUG - receive_response_headers.complete return_value=(b'HTTP/1.1', 200, b'OK', [(b'Server', b'nginx/1.18.0'), (b'Date', b'Fri, 20 Jun 2025 23:12:31 GMT'), (b'Content-Type', b'application/json'), (b'Content-Length', b'23'), (b'Connection', b'keep-alive'), (b'Strict-Transport-Security', b'max-age=31536000; includeSubDomains; preload'), (b'Access-Control-Allow-Origin', b'*'), (b'Access-Control-Allow-Methods', b'GET, POST, OPTIONS'), (b'Access-Control-Expose-Headers', b'Content-Length,Content-Type,Date,Server,Connection')])
2025-06-21 00:12:32,324 - httpx - INFO - HTTP Request: POST https://api.telegram.org/bot7707158318:AAE8rWa4Q8Z_3avql6K0HAmXaooZAReoNF0/getUpdates "HTTP/1.1 200 OK"
2025-06-21 00:12:32,336 - httpcore.http11 - DEBUG - receive_response_body.started request=<Request [b'POST']>
2025-06-21 00:12:32,339 - httpcore.http11 - DEBUG - receive_response_body.complete
2025-06-21 00:12:32,340 - httpcore.http11 - DEBUG - response_closed.started
2025-06-21 00:12:32,340 - httpcore.http11 - DEBUG - response_closed.complete
2025-06-21 00:12:32,397 - telegram.ext.ExtBot - DEBUG - No new updates found.
2025-06-21 00:12:32,397 - telegram.ext.ExtBot - DEBUG - ()
2025-06-21 00:12:32,397 - telegram.ext.ExtBot - DEBUG - Exiting: get_updates
2025-06-21 00:12:32,397 - telegram.ext.ExtBot - DEBUG - Entering: get_updates
2025-06-21 00:12:32,423 - httpcore.http11 - DEBUG - send_request_headers.started request=<Request [b'POST']>
2025-06-21 00:12:32,445 - httpcore.http11 - DEBUG - send_request_headers.complete
2025-06-21 00:12:32,456 - httpcore.http11 - DEBUG - send_request_body.started request=<Request [b'POST']>
2025-06-21 00:12:32,468 - httpcore.http11 - DEBUG - send_request_body.complete
2025-06-21 00:12:32,469 - httpcore.http11 - DEBUG - receive_response_headers.started request=<Request [b'POST']>
2025-06-21 00:12:42,538 - httpcore.http11 - DEBUG - receive_response_headers.complete return_value=(b'HTTP/1.1', 200, b'OK', [(b'Server', b'nginx/1.18.0'), (b'Date', b'Fri, 20 Jun 2025 23:12:42 GMT'), (b'Content-Type', b'application/json'), (b'Content-Length', b'23'), (b'Connection', b'keep-alive'), (b'Strict-Transport-Security', b'max-age=31536000; includeSubDomains; preload'), (b'Access-Control-Allow-Origin', b'*'), (b'Access-Control-Allow-Methods', b'GET, POST, OPTIONS'), (b'Access-Control-Expose-Headers', b'Content-Length,Content-Type,Date,Server,Connection')])
2025-06-21 00:12:42,546 - httpx - INFO - HTTP Request: POST https://api.telegram.org/bot7707158318:AAE8rWa4Q8Z_3avql6K0HAmXaooZAReoNF0/getUpdates "HTTP/1.1 200 OK"
2025-06-21 00:12:42,549 - httpcore.http11 - DEBUG - receive_response_body.started request=<Request [b'POST']>
2025-06-21 00:12:42,550 - httpcore.http11 - DEBUG - receive_response_body.complete
2025-06-21 00:12:42,550 - httpcore.http11 - DEBUG - response_closed.started
2025-06-21 00:12:42,552 - httpcore.http11 - DEBUG - response_closed.complete
2025-06-21 00:12:42,554 - telegram.ext.ExtBot - DEBUG - No new updates found.
2025-06-21 00:12:42,554 - telegram.ext.ExtBot - DEBUG - ()
2025-06-21 00:12:42,554 - telegram.ext.ExtBot - DEBUG - Exiting: get_updates
2025-06-21 00:12:42,554 - telegram.ext.ExtBot - DEBUG - Entering: get_updates
2025-06-21 00:12:42,585 - httpcore.http11 - DEBUG - send_request_headers.started request=<Request [b'POST']>
2025-06-21 00:12:42,587 - httpcore.http11 - DEBUG - send_request_headers.complete
2025-06-21 00:12:42,587 - httpcore.http11 - DEBUG - send_request_body.started request=<Request [b'POST']>
2025-06-21 00:12:42,592 - httpcore.http11 - DEBUG - send_request_body.complete
2025-06-21 00:12:42,598 - httpcore.http11 - DEBUG - receive_response_headers.started request=<Request [b'POST']>
2025-06-21 00:12:52,672 - httpcore.http11 - DEBUG - receive_response_headers.complete return_value=(b'HTTP/1.1', 200, b'OK', [(b'Server', b'nginx/1.18.0'), (b'Date', b'Fri, 20 Jun 2025 23:12:52 GMT'), (b'Content-Type', b'application/json'), (b'Content-Length', b'23'), (b'Connection', b'keep-alive'), (b'Strict-Transport-Security', b'max-age=31536000; includeSubDomains; preload'), (b'Access-Control-Allow-Origin', b'*'), (b'Access-Control-Allow-Methods', b'GET, POST, OPTIONS'), (b'Access-Control-Expose-Headers', b'Content-Length,Content-Type,Date,Server,Connection')])
2025-06-21 00:12:52,676 - httpx - INFO - HTTP Request: POST https://api.telegram.org/bot7707158318:AAE8rWa4Q8Z_3avql6K0HAmXaooZAReoNF0/getUpdates "HTTP/1.1 200 OK"
2025-06-21 00:12:52,678 - httpcore.http11 - DEBUG - receive_response_body.started request=<Request [b'POST']>
2025-06-21 00:12:52,680 - httpcore.http11 - DEBUG - receive_response_body.complete
2025-06-21 00:12:52,680 - httpcore.http11 - DEBUG - response_closed.started
2025-06-21 00:12:52,680 - httpcore.http11 - DEBUG - response_closed.complete
2025-06-21 00:12:52,682 - telegram.ext.ExtBot - DEBUG - No new updates found.
2025-06-21 00:12:52,682 - telegram.ext.ExtBot - DEBUG - ()
2025-06-21 00:12:52,683 - telegram.ext.ExtBot - DEBUG - Exiting: get_updates
2025-06-21 00:12:52,683 - telegram.ext.ExtBot - DEBUG - Entering: get_updates
2025-06-21 00:12:52,688 - httpcore.http11 - DEBUG - send_request_headers.started request=<Request [b'POST']>
2025-06-21 00:12:52,692 - httpcore.http11 - DEBUG - send_request_headers.complete
2025-06-21 00:12:52,696 - httpcore.http11 - DEBUG - send_request_body.started request=<Request [b'POST']>
2025-06-21 00:12:52,701 - httpcore.http11 - DEBUG - send_request_body.complete
2025-06-21 00:12:52,701 - httpcore.http11 - DEBUG - receive_response_headers.started request=<Request [b'POST']>
2025-06-21 00:13:02,842 - httpcore.http11 - DEBUG - receive_response_headers.complete return_value=(b'HTTP/1.1', 200, b'OK', [(b'Server', b'nginx/1.18.0'), (b'Date', b'Fri, 20 Jun 2025 23:13:02 GMT'), (b'Content-Type', b'application/json'), (b'Content-Length', b'23'), (b'Connection', b'keep-alive'), (b'Strict-Transport-Security', b'max-age=31536000; includeSubDomains; preload'), (b'Access-Control-Allow-Origin', b'*'), (b'Access-Control-Allow-Methods', b'GET, POST, OPTIONS'), (b'Access-Control-Expose-Headers', b'Content-Length,Content-Type,Date,Server,Connection')])
2025-06-21 00:13:02,842 - httpx - INFO - HTTP Request: POST https://api.telegram.org/bot7707158318:AAE8rWa4Q8Z_3avql6K0HAmXaooZAReoNF0/getUpdates "HTTP/1.1 200 OK"
2025-06-21 00:13:02,844 - httpcore.http11 - DEBUG - receive_response_body.started request=<Request [b'POST']>
2025-06-21 00:13:02,844 - httpcore.http11 - DEBUG - receive_response_body.complete
2025-06-21 00:13:02,846 - httpcore.http11 - DEBUG - response_closed.started
2025-06-21 00:13:02,846 - httpcore.http11 - DEBUG - response_closed.complete
2025-06-21 00:13:02,847 - telegram.ext.ExtBot - DEBUG - No new updates found.
2025-06-21 00:13:02,847 - telegram.ext.ExtBot - DEBUG - ()
2025-06-21 00:13:02,847 - telegram.ext.ExtBot - DEBUG - Exiting: get_updates
2025-06-21 00:13:02,849 - telegram.ext.ExtBot - DEBUG - Entering: get_updates
2025-06-21 00:13:02,851 - httpcore.http11 - DEBUG - send_request_headers.started request=<Request [b'POST']>
2025-06-21 00:13:02,854 - httpcore.http11 - DEBUG - send_request_headers.complete
2025-06-21 00:13:02,854 - httpcore.http11 - DEBUG - send_request_body.started request=<Request [b'POST']>
2025-06-21 00:13:02,854 - httpcore.http11 - DEBUG - send_request_body.complete
2025-06-21 00:13:02,854 - httpcore.http11 - DEBUG - receive_response_headers.started request=<Request [b'POST']>
2025-06-21 00:13:12,975 - httpcore.http11 - DEBUG - receive_response_headers.complete return_value=(b'HTTP/1.1', 200, b'OK', [(b'Server', b'nginx/1.18.0'), (b'Date', b'Fri, 20 Jun 2025 23:13:12 GMT'), (b'Content-Type', b'application/json'), (b'Content-Length', b'23'), (b'Connection', b'keep-alive'), (b'Strict-Transport-Security', b'max-age=31536000; includeSubDomains; preload'), (b'Access-Control-Allow-Origin', b'*'), (b'Access-Control-Allow-Methods', b'GET, POST, OPTIONS'), (b'Access-Control-Expose-Headers', b'Content-Length,Content-Type,Date,Server,Connection')])
2025-06-21 00:13:12,977 - httpx - INFO - HTTP Request: POST https://api.telegram.org/bot7707158318:AAE8rWa4Q8Z_3avql6K0HAmXaooZAReoNF0/getUpdates "HTTP/1.1 200 OK"
2025-06-21 00:13:12,979 - httpcore.http11 - DEBUG - receive_response_body.started request=<Request [b'POST']>
2025-06-21 00:13:12,980 - httpcore.http11 - DEBUG - receive_response_body.complete
2025-06-21 00:13:12,980 - httpcore.http11 - DEBUG - response_closed.started
2025-06-21 00:13:12,980 - httpcore.http11 - DEBUG - response_closed.complete
2025-06-21 00:13:12,982 - telegram.ext.ExtBot - DEBUG - No new updates found.
2025-06-21 00:13:12,982 - telegram.ext.ExtBot - DEBUG - ()
2025-06-21 00:13:12,982 - telegram.ext.ExtBot - DEBUG - Exiting: get_updates
2025-06-21 00:13:12,982 - telegram.ext.ExtBot - DEBUG - Entering: get_updates
2025-06-21 00:13:12,986 - httpcore.http11 - DEBUG - send_request_headers.started request=<Request [b'POST']>
2025-06-21 00:13:12,988 - httpcore.http11 - DEBUG - send_request_headers.complete
2025-06-21 00:13:12,988 - httpcore.http11 - DEBUG - send_request_body.started request=<Request [b'POST']>
2025-06-21 00:13:12,990 - httpcore.http11 - DEBUG - send_request_body.complete
2025-06-21 00:13:12,990 - httpcore.http11 - DEBUG - receive_response_headers.started request=<Request [b'POST']>
2025-06-21 00:13:23,114 - httpcore.http11 - DEBUG - receive_response_headers.complete return_value=(b'HTTP/1.1', 200, b'OK', [(b'Server', b'nginx/1.18.0'), (b'Date', b'Fri, 20 Jun 2025 23:13:22 GMT'), (b'Content-Type', b'application/json'), (b'Content-Length', b'23'), (b'Connection', b'keep-alive'), (b'Strict-Transport-Security', b'max-age=31536000; includeSubDomains; preload'), (b'Access-Control-Allow-Origin', b'*'), (b'Access-Control-Allow-Methods', b'GET, POST, OPTIONS'), (b'Access-Control-Expose-Headers', b'Content-Length,Content-Type,Date,Server,Connection')])
2025-06-21 00:13:23,117 - httpx - INFO - HTTP Request: POST https://api.telegram.org/bot7707158318:AAE8rWa4Q8Z_3avql6K0HAmXaooZAReoNF0/getUpdates "HTTP/1.1 200 OK"
2025-06-21 00:13:23,119 - httpcore.http11 - DEBUG - receive_response_body.started request=<Request [b'POST']>
2025-06-21 00:13:23,119 - httpcore.http11 - DEBUG - receive_response_body.complete
2025-06-21 00:13:23,119 - httpcore.http11 - DEBUG - response_closed.started
2025-06-21 00:13:23,119 - httpcore.http11 - DEBUG - response_closed.complete
2025-06-21 00:13:23,121 - telegram.ext.ExtBot - DEBUG - No new updates found.
2025-06-21 00:13:23,121 - telegram.ext.ExtBot - DEBUG - ()
2025-06-21 00:13:23,121 - telegram.ext.ExtBot - DEBUG - Exiting: get_updates
2025-06-21 00:13:23,121 - telegram.ext.ExtBot - DEBUG - Entering: get_updates
2025-06-21 00:13:23,124 - httpcore.http11 - DEBUG - send_request_headers.started request=<Request [b'POST']>
2025-06-21 00:13:23,126 - httpcore.http11 - DEBUG - send_request_headers.complete
2025-06-21 00:13:23,126 - httpcore.http11 - DEBUG - send_request_body.started request=<Request [b'POST']>
2025-06-21 00:13:23,126 - httpcore.http11 - DEBUG - send_request_body.complete
2025-06-21 00:13:23,126 - httpcore.http11 - DEBUG - receive_response_headers.started request=<Request [b'POST']>
2025-06-21 00:13:33,357 - httpcore.http11 - DEBUG - receive_response_headers.complete return_value=(b'HTTP/1.1', 200, b'OK', [(b'Server', b'nginx/1.18.0'), (b'Date', b'Fri, 20 Jun 2025 23:13:33 GMT'), (b'Content-Type', b'application/json'), (b'Content-Length', b'23'), (b'Connection', b'keep-alive'), (b'Strict-Transport-Security', b'max-age=31536000; includeSubDomains; preload'), (b'Access-Control-Allow-Origin', b'*'), (b'Access-Control-Allow-Methods', b'GET, POST, OPTIONS'), (b'Access-Control-Expose-Headers', b'Content-Length,Content-Type,Date,Server,Connection')])
2025-06-21 00:13:33,357 - httpx - INFO - HTTP Request: POST https://api.telegram.org/bot7707158318:AAE8rWa4Q8Z_3avql6K0HAmXaooZAReoNF0/getUpdates "HTTP/1.1 200 OK"
2025-06-21 00:13:33,361 - httpcore.http11 - DEBUG - receive_response_body.started request=<Request [b'POST']>
2025-06-21 00:13:33,361 - httpcore.http11 - DEBUG - receive_response_body.complete
2025-06-21 00:13:33,361 - httpcore.http11 - DEBUG - response_closed.started
2025-06-21 00:13:33,361 - httpcore.http11 - DEBUG - response_closed.complete
2025-06-21 00:13:33,363 - telegram.ext.ExtBot - DEBUG - No new updates found.
2025-06-21 00:13:33,363 - telegram.ext.ExtBot - DEBUG - ()
2025-06-21 00:13:33,363 - telegram.ext.ExtBot - DEBUG - Exiting: get_updates
2025-06-21 00:13:33,363 - telegram.ext.ExtBot - DEBUG - Entering: get_updates
2025-06-21 00:13:33,365 - httpcore.http11 - DEBUG - send_request_headers.started request=<Request [b'POST']>
2025-06-21 00:13:33,367 - httpcore.http11 - DEBUG - send_request_headers.complete
2025-06-21 00:13:33,367 - httpcore.http11 - DEBUG - send_request_body.started request=<Request [b'POST']>
2025-06-21 00:13:33,369 - httpcore.http11 - DEBUG - send_request_body.complete
2025-06-21 00:13:33,369 - httpcore.http11 - DEBUG - receive_response_headers.started request=<Request [b'POST']>
2025-06-21 00:13:43,596 - httpcore.http11 - DEBUG - receive_response_headers.complete return_value=(b'HTTP/1.1', 200, b'OK', [(b'Server', b'nginx/1.18.0'), (b'Date', b'Fri, 20 Jun 2025 23:13:43 GMT'), (b'Content-Type', b'application/json'), (b'Content-Length', b'23'), (b'Connection', b'keep-alive'), (b'Strict-Transport-Security', b'max-age=31536000; includeSubDomains; preload'), (b'Access-Control-Allow-Origin', b'*'), (b'Access-Control-Allow-Methods', b'GET, POST, OPTIONS'), (b'Access-Control-Expose-Headers', b'Content-Length,Content-Type,Date,Server,Connection')])
2025-06-21 00:13:43,598 - httpx - INFO - HTTP Request: POST https://api.telegram.org/bot7707158318:AAE8rWa4Q8Z_3avql6K0HAmXaooZAReoNF0/getUpdates "HTTP/1.1 200 OK"
2025-06-21 00:13:43,601 - httpcore.http11 - DEBUG - receive_response_body.started request=<Request [b'POST']>
2025-06-21 00:13:43,601 - httpcore.http11 - DEBUG - receive_response_body.complete
2025-06-21 00:13:43,601 - httpcore.http11 - DEBUG - response_closed.started
2025-06-21 00:13:43,603 - httpcore.http11 - DEBUG - response_closed.complete
2025-06-21 00:13:43,604 - telegram.ext.ExtBot - DEBUG - No new updates found.
2025-06-21 00:13:43,604 - telegram.ext.ExtBot - DEBUG - ()
2025-06-21 00:13:43,604 - telegram.ext.ExtBot - DEBUG - Exiting: get_updates
2025-06-21 00:13:43,604 - telegram.ext.ExtBot - DEBUG - Entering: get_updates
2025-06-21 00:13:43,606 - httpcore.http11 - DEBUG - send_request_headers.started request=<Request [b'POST']>
2025-06-21 00:13:43,608 - httpcore.http11 - DEBUG - send_request_headers.complete
2025-06-21 00:13:43,608 - httpcore.http11 - DEBUG - send_request_body.started request=<Request [b'POST']>
2025-06-21 00:13:43,608 - httpcore.http11 - DEBUG - send_request_body.complete
2025-06-21 00:13:43,610 - httpcore.http11 - DEBUG - receive_response_headers.started request=<Request [b'POST']>
2025-06-21 00:13:53,835 - httpcore.http11 - DEBUG - receive_response_headers.complete return_value=(b'HTTP/1.1', 200, b'OK', [(b'Server', b'nginx/1.18.0'), (b'Date', b'Fri, 20 Jun 2025 23:13:53 GMT'), (b'Content-Type', b'application/json'), (b'Content-Length', b'23'), (b'Connection', b'keep-alive'), (b'Strict-Transport-Security', b'max-age=31536000; includeSubDomains; preload'), (b'Access-Control-Allow-Origin', b'*'), (b'Access-Control-Allow-Methods', b'GET, POST, OPTIONS'), (b'Access-Control-Expose-Headers', b'Content-Length,Content-Type,Date,Server,Connection')])
2025-06-21 00:13:53,837 - httpx - INFO - HTTP Request: POST https://api.telegram.org/bot7707158318:AAE8rWa4Q8Z_3avql6K0HAmXaooZAReoNF0/getUpdates "HTTP/1.1 200 OK"
2025-06-21 00:13:53,839 - httpcore.http11 - DEBUG - receive_response_body.started request=<Request [b'POST']>
2025-06-21 00:13:53,841 - httpcore.http11 - DEBUG - receive_response_body.complete
2025-06-21 00:13:53,841 - httpcore.http11 - DEBUG - response_closed.started
2025-06-21 00:13:53,841 - httpcore.http11 - DEBUG - response_closed.complete
2025-06-21 00:13:53,841 - telegram.ext.ExtBot - DEBUG - No new updates found.
2025-06-21 00:13:53,841 - telegram.ext.ExtBot - DEBUG - ()
2025-06-21 00:13:53,843 - telegram.ext.ExtBot - DEBUG - Exiting: get_updates
2025-06-21 00:13:53,843 - telegram.ext.ExtBot - DEBUG - Entering: get_updates
2025-06-21 00:13:53,845 - httpcore.http11 - DEBUG - send_request_headers.started request=<Request [b'POST']>
2025-06-21 00:13:53,845 - httpcore.http11 - DEBUG - send_request_headers.complete
2025-06-21 00:13:53,845 - httpcore.http11 - DEBUG - send_request_body.started request=<Request [b'POST']>
2025-06-21 00:13:53,848 - httpcore.http11 - DEBUG - send_request_body.complete
2025-06-21 00:13:53,848 - httpcore.http11 - DEBUG - receive_response_headers.started request=<Request [b'POST']>
2025-06-21 00:14:04,076 - httpcore.http11 - DEBUG - receive_response_headers.complete return_value=(b'HTTP/1.1', 200, b'OK', [(b'Server', b'nginx/1.18.0'), (b'Date', b'Fri, 20 Jun 2025 23:14:03 GMT'), (b'Content-Type', b'application/json'), (b'Content-Length', b'23'), (b'Connection', b'keep-alive'), (b'Strict-Transport-Security', b'max-age=31536000; includeSubDomains; preload'), (b'Access-Control-Allow-Origin', b'*'), (b'Access-Control-Allow-Methods', b'GET, POST, OPTIONS'), (b'Access-Control-Expose-Headers', b'Content-Length,Content-Type,Date,Server,Connection')])
2025-06-21 00:14:04,076 - httpx - INFO - HTTP Request: POST https://api.telegram.org/bot7707158318:AAE8rWa4Q8Z_3avql6K0HAmXaooZAReoNF0/getUpdates "HTTP/1.1 200 OK"
2025-06-21 00:14:04,081 - httpcore.http11 - DEBUG - receive_response_body.started request=<Request [b'POST']>
2025-06-21 00:14:04,081 - httpcore.http11 - DEBUG - receive_response_body.complete
2025-06-21 00:14:04,081 - httpcore.http11 - DEBUG - response_closed.started
2025-06-21 00:14:04,083 - httpcore.http11 - DEBUG - response_closed.complete
2025-06-21 00:14:04,083 - telegram.ext.ExtBot - DEBUG - No new updates found.
2025-06-21 00:14:04,083 - telegram.ext.ExtBot - DEBUG - ()
2025-06-21 00:14:04,083 - telegram.ext.ExtBot - DEBUG - Exiting: get_updates
2025-06-21 00:14:04,083 - telegram.ext.ExtBot - DEBUG - Entering: get_updates
2025-06-21 00:14:04,085 - httpcore.http11 - DEBUG - send_request_headers.started request=<Request [b'POST']>
2025-06-21 00:14:04,087 - httpcore.http11 - DEBUG - send_request_headers.complete
2025-06-21 00:14:04,087 - httpcore.http11 - DEBUG - send_request_body.started request=<Request [b'POST']>
2025-06-21 00:14:04,089 - httpcore.http11 - DEBUG - send_request_body.complete
2025-06-21 00:14:04,089 - httpcore.http11 - DEBUG - receive_response_headers.started request=<Request [b'POST']>
2025-06-21 00:14:14,521 - httpcore.http11 - DEBUG - receive_response_headers.complete return_value=(b'HTTP/1.1', 200, b'OK', [(b'Server', b'nginx/1.18.0'), (b'Date', b'Fri, 20 Jun 2025 23:14:13 GMT'), (b'Content-Type', b'application/json'), (b'Content-Length', b'23'), (b'Connection', b'keep-alive'), (b'Strict-Transport-Security', b'max-age=31536000; includeSubDomains; preload'), (b'Access-Control-Allow-Origin', b'*'), (b'Access-Control-Allow-Methods', b'GET, POST, OPTIONS'), (b'Access-Control-Expose-Headers', b'Content-Length,Content-Type,Date,Server,Connection')])
2025-06-21 00:14:14,522 - httpx - INFO - HTTP Request: POST https://api.telegram.org/bot7707158318:AAE8rWa4Q8Z_3avql6K0HAmXaooZAReoNF0/getUpdates "HTTP/1.1 200 OK"
2025-06-21 00:14:14,524 - httpcore.http11 - DEBUG - receive_response_body.started request=<Request [b'POST']>
2025-06-21 00:14:14,524 - httpcore.http11 - DEBUG - receive_response_body.complete
2025-06-21 00:14:14,524 - httpcore.http11 - DEBUG - response_closed.started
2025-06-21 00:14:14,526 - httpcore.http11 - DEBUG - response_closed.complete
2025-06-21 00:14:14,526 - telegram.ext.ExtBot - DEBUG - No new updates found.
2025-06-21 00:14:14,526 - telegram.ext.ExtBot - DEBUG - ()
2025-06-21 00:14:14,526 - telegram.ext.ExtBot - DEBUG - Exiting: get_updates
2025-06-21 00:14:14,526 - telegram.ext.ExtBot - DEBUG - Entering: get_updates
2025-06-21 00:14:14,528 - httpcore.http11 - DEBUG - send_request_headers.started request=<Request [b'POST']>
2025-06-21 00:14:14,530 - httpcore.http11 - DEBUG - send_request_headers.complete
2025-06-21 00:14:14,530 - httpcore.http11 - DEBUG - send_request_body.started request=<Request [b'POST']>
2025-06-21 00:14:14,532 - httpcore.http11 - DEBUG - send_request_body.complete
2025-06-21 00:14:14,532 - httpcore.http11 - DEBUG - receive_response_headers.started request=<Request [b'POST']>
2025-06-21 00:14:24,762 - httpcore.http11 - DEBUG - receive_response_headers.complete return_value=(b'HTTP/1.1', 200, b'OK', [(b'Server', b'nginx/1.18.0'), (b'Date', b'Fri, 20 Jun 2025 23:14:24 GMT'), (b'Content-Type', b'application/json'), (b'Content-Length', b'23'), (b'Connection', b'keep-alive'), (b'Strict-Transport-Security', b'max-age=31536000; includeSubDomains; preload'), (b'Access-Control-Allow-Origin', b'*'), (b'Access-Control-Allow-Methods', b'GET, POST, OPTIONS'), (b'Access-Control-Expose-Headers', b'Content-Length,Content-Type,Date,Server,Connection')])
2025-06-21 00:14:24,762 - httpx - INFO - HTTP Request: POST https://api.telegram.org/bot7707158318:AAE8rWa4Q8Z_3avql6K0HAmXaooZAReoNF0/getUpdates "HTTP/1.1 200 OK"
2025-06-21 00:14:24,764 - httpcore.http11 - DEBUG - receive_response_body.started request=<Request [b'POST']>
2025-06-21 00:14:24,764 - httpcore.http11 - DEBUG - receive_response_body.complete
2025-06-21 00:14:24,764 - httpcore.http11 - DEBUG - response_closed.started
2025-06-21 00:14:24,766 - httpcore.http11 - DEBUG - response_closed.complete
2025-06-21 00:14:24,766 - telegram.ext.ExtBot - DEBUG - No new updates found.
2025-06-21 00:14:24,766 - telegram.ext.ExtBot - DEBUG - ()
2025-06-21 00:14:24,766 - telegram.ext.ExtBot - DEBUG - Exiting: get_updates
2025-06-21 00:14:24,766 - telegram.ext.ExtBot - DEBUG - Entering: get_updates
2025-06-21 00:14:24,770 - httpcore.http11 - DEBUG - send_request_headers.started request=<Request [b'POST']>
2025-06-21 00:14:24,770 - httpcore.http11 - DEBUG - send_request_headers.complete
2025-06-21 00:14:24,770 - httpcore.http11 - DEBUG - send_request_body.started request=<Request [b'POST']>
2025-06-21 00:14:24,772 - httpcore.http11 - DEBUG - send_request_body.complete
2025-06-21 00:14:24,774 - httpcore.http11 - DEBUG - receive_response_headers.started request=<Request [b'POST']>
2025-06-21 00:14:34,907 - httpcore.http11 - DEBUG - receive_response_headers.complete return_value=(b'HTTP/1.1', 200, b'OK', [(b'Server', b'nginx/1.18.0'), (b'Date', b'Fri, 20 Jun 2025 23:14:34 GMT'), (b'Content-Type', b'application/json'), (b'Content-Length', b'23'), (b'Connection', b'keep-alive'), (b'Strict-Transport-Security', b'max-age=31536000; includeSubDomains; preload'), (b'Access-Control-Allow-Origin', b'*'), (b'Access-Control-Allow-Methods', b'GET, POST, OPTIONS'), (b'Access-Control-Expose-Headers', b'Content-Length,Content-Type,Date,Server,Connection')])
2025-06-21 00:14:34,907 - httpx - INFO - HTTP Request: POST https://api.telegram.org/bot7707158318:AAE8rWa4Q8Z_3avql6K0HAmXaooZAReoNF0/getUpdates "HTTP/1.1 200 OK"
2025-06-21 00:14:34,909 - httpcore.http11 - DEBUG - receive_response_body.started request=<Request [b'POST']>
2025-06-21 00:14:34,910 - httpcore.http11 - DEBUG - receive_response_body.complete
2025-06-21 00:14:34,910 - httpcore.http11 - DEBUG - response_closed.started
2025-06-21 00:14:34,910 - httpcore.http11 - DEBUG - response_closed.complete
2025-06-21 00:14:34,910 - telegram.ext.ExtBot - DEBUG - No new updates found.
2025-06-21 00:14:34,912 - telegram.ext.ExtBot - DEBUG - ()
2025-06-21 00:14:34,912 - telegram.ext.ExtBot - DEBUG - Exiting: get_updates
2025-06-21 00:14:34,912 - telegram.ext.ExtBot - DEBUG - Entering: get_updates
2025-06-21 00:14:34,914 - httpcore.http11 - DEBUG - send_request_headers.started request=<Request [b'POST']>
2025-06-21 00:14:34,914 - httpcore.http11 - DEBUG - send_request_headers.complete
2025-06-21 00:14:34,914 - httpcore.http11 - DEBUG - send_request_body.started request=<Request [b'POST']>
2025-06-21 00:14:34,916 - httpcore.http11 - DEBUG - send_request_body.complete
2025-06-21 00:14:34,916 - httpcore.http11 - DEBUG - receive_response_headers.started request=<Request [b'POST']>
2025-06-21 00:14:45,039 - httpcore.http11 - DEBUG - receive_response_headers.complete return_value=(b'HTTP/1.1', 200, b'OK', [(b'Server', b'nginx/1.18.0'), (b'Date', b'Fri, 20 Jun 2025 23:14:44 GMT'), (b'Content-Type', b'application/json'), (b'Content-Length', b'23'), (b'Connection', b'close'), (b'Strict-Transport-Security', b'max-age=31536000; includeSubDomains; preload'), (b'Access-Control-Allow-Origin', b'*'), (b'Access-Control-Allow-Methods', b'GET, POST, OPTIONS'), (b'Access-Control-Expose-Headers', b'Content-Length,Content-Type,Date,Server,Connection')])
2025-06-21 00:14:45,040 - httpx - INFO - HTTP Request: POST https://api.telegram.org/bot7707158318:AAE8rWa4Q8Z_3avql6K0HAmXaooZAReoNF0/getUpdates "HTTP/1.1 200 OK"
2025-06-21 00:14:45,042 - httpcore.http11 - DEBUG - receive_response_body.started request=<Request [b'POST']>
2025-06-21 00:14:45,044 - httpcore.http11 - DEBUG - receive_response_body.complete
2025-06-21 00:14:45,045 - httpcore.http11 - DEBUG - response_closed.started
2025-06-21 00:14:45,049 - httpcore.http11 - DEBUG - response_closed.complete
2025-06-21 00:14:45,049 - telegram.ext.ExtBot - DEBUG - No new updates found.
2025-06-21 00:14:45,049 - telegram.ext.ExtBot - DEBUG - ()
2025-06-21 00:14:45,049 - telegram.ext.ExtBot - DEBUG - Exiting: get_updates
2025-06-21 00:14:45,049 - telegram.ext.ExtBot - DEBUG - Entering: get_updates
2025-06-21 00:14:45,058 - httpcore.connection - DEBUG - connect_tcp.started host='api.telegram.org' port=443 local_address=None timeout=5.0 socket_options=None
2025-06-21 00:14:45,196 - httpcore.connection - DEBUG - connect_tcp.complete return_value=<httpcore._backends.anyio.AnyIOStream object at 0x0000026295D42EC0>
2025-06-21 00:14:45,198 - httpcore.connection - DEBUG - start_tls.started ssl_context=<ssl.SSLContext object at 0x0000026295C49BC0> server_hostname='api.telegram.org' timeout=5.0
2025-06-21 00:14:45,313 - httpcore.connection - DEBUG - start_tls.complete return_value=<httpcore._backends.anyio.AnyIOStream object at 0x0000026295CEA080>
2025-06-21 00:14:45,313 - httpcore.http11 - DEBUG - send_request_headers.started request=<Request [b'POST']>
2025-06-21 00:14:45,319 - httpcore.http11 - DEBUG - send_request_headers.complete
2025-06-21 00:14:45,321 - httpcore.http11 - DEBUG - send_request_body.started request=<Request [b'POST']>
2025-06-21 00:14:45,323 - httpcore.http11 - DEBUG - send_request_body.complete
2025-06-21 00:14:45,323 - httpcore.http11 - DEBUG - receive_response_headers.started request=<Request [b'POST']>
2025-06-21 00:14:55,489 - httpcore.http11 - DEBUG - receive_response_headers.complete return_value=(b'HTTP/1.1', 200, b'OK', [(b'Server', b'nginx/1.18.0'), (b'Date', b'Fri, 20 Jun 2025 23:14:55 GMT'), (b'Content-Type', b'application/json'), (b'Content-Length', b'23'), (b'Connection', b'keep-alive'), (b'Strict-Transport-Security', b'max-age=31536000; includeSubDomains; preload'), (b'Access-Control-Allow-Origin', b'*'), (b'Access-Control-Allow-Methods', b'GET, POST, OPTIONS'), (b'Access-Control-Expose-Headers', b'Content-Length,Content-Type,Date,Server,Connection')])
2025-06-21 00:14:55,491 - httpx - INFO - HTTP Request: POST https://api.telegram.org/bot7707158318:AAE8rWa4Q8Z_3avql6K0HAmXaooZAReoNF0/getUpdates "HTTP/1.1 200 OK"
2025-06-21 00:14:55,492 - httpcore.http11 - DEBUG - receive_response_body.started request=<Request [b'POST']>
2025-06-21 00:14:55,494 - httpcore.http11 - DEBUG - receive_response_body.complete
2025-06-21 00:14:55,494 - httpcore.http11 - DEBUG - response_closed.started
2025-06-21 00:14:55,494 - httpcore.http11 - DEBUG - response_closed.complete
2025-06-21 00:14:55,495 - telegram.ext.ExtBot - DEBUG - No new updates found.
2025-06-21 00:14:55,496 - telegram.ext.ExtBot - DEBUG - ()
2025-06-21 00:14:55,496 - telegram.ext.ExtBot - DEBUG - Exiting: get_updates
2025-06-21 00:14:55,496 - telegram.ext.ExtBot - DEBUG - Entering: get_updates
2025-06-21 00:14:55,509 - httpcore.http11 - DEBUG - send_request_headers.started request=<Request [b'POST']>
2025-06-21 00:14:55,512 - httpcore.http11 - DEBUG - send_request_headers.complete
2025-06-21 00:14:55,512 - httpcore.http11 - DEBUG - send_request_body.started request=<Request [b'POST']>
2025-06-21 00:14:55,514 - httpcore.http11 - DEBUG - send_request_body.complete
2025-06-21 00:14:55,514 - httpcore.http11 - DEBUG - receive_response_headers.started request=<Request [b'POST']>
2025-06-21 00:15:05,618 - httpcore.http11 - DEBUG - receive_response_headers.complete return_value=(b'HTTP/1.1', 200, b'OK', [(b'Server', b'nginx/1.18.0'), (b'Date', b'Fri, 20 Jun 2025 23:15:05 GMT'), (b'Content-Type', b'application/json'), (b'Content-Length', b'23'), (b'Connection', b'keep-alive'), (b'Strict-Transport-Security', b'max-age=31536000; includeSubDomains; preload'), (b'Access-Control-Allow-Origin', b'*'), (b'Access-Control-Allow-Methods', b'GET, POST, OPTIONS'), (b'Access-Control-Expose-Headers', b'Content-Length,Content-Type,Date,Server,Connection')])
2025-06-21 00:15:05,618 - httpx - INFO - HTTP Request: POST https://api.telegram.org/bot7707158318:AAE8rWa4Q8Z_3avql6K0HAmXaooZAReoNF0/getUpdates "HTTP/1.1 200 OK"
2025-06-21 00:15:05,618 - httpcore.http11 - DEBUG - receive_response_body.started request=<Request [b'POST']>
2025-06-21 00:15:05,618 - httpcore.http11 - DEBUG - receive_response_body.complete
2025-06-21 00:15:05,618 - httpcore.http11 - DEBUG - response_closed.started
2025-06-21 00:15:05,618 - httpcore.http11 - DEBUG - response_closed.complete
2025-06-21 00:15:05,622 - telegram.ext.ExtBot - DEBUG - No new updates found.
2025-06-21 00:15:05,622 - telegram.ext.ExtBot - DEBUG - ()
2025-06-21 00:15:05,622 - telegram.ext.ExtBot - DEBUG - Exiting: get_updates
2025-06-21 00:15:05,622 - telegram.ext.ExtBot - DEBUG - Entering: get_updates
2025-06-21 00:15:05,622 - httpcore.http11 - DEBUG - send_request_headers.started request=<Request [b'POST']>
2025-06-21 00:15:05,622 - httpcore.http11 - DEBUG - send_request_headers.complete
2025-06-21 00:15:05,622 - httpcore.http11 - DEBUG - send_request_body.started request=<Request [b'POST']>
2025-06-21 00:15:05,622 - httpcore.http11 - DEBUG - send_request_body.complete
2025-06-21 00:15:05,622 - httpcore.http11 - DEBUG - receive_response_headers.started request=<Request [b'POST']>
2025-06-21 00:15:16,164 - httpcore.http11 - DEBUG - receive_response_headers.complete return_value=(b'HTTP/1.1', 200, b'OK', [(b'Server', b'nginx/1.18.0'), (b'Date', b'Fri, 20 Jun 2025 23:15:15 GMT'), (b'Content-Type', b'application/json'), (b'Content-Length', b'23'), (b'Connection', b'keep-alive'), (b'Strict-Transport-Security', b'max-age=31536000; includeSubDomains; preload'), (b'Access-Control-Allow-Origin', b'*'), (b'Access-Control-Allow-Methods', b'GET, POST, OPTIONS'), (b'Access-Control-Expose-Headers', b'Content-Length,Content-Type,Date,Server,Connection')])
2025-06-21 00:15:16,166 - httpx - INFO - HTTP Request: POST https://api.telegram.org/bot7707158318:AAE8rWa4Q8Z_3avql6K0HAmXaooZAReoNF0/getUpdates "HTTP/1.1 200 OK"
2025-06-21 00:15:16,167 - httpcore.http11 - DEBUG - receive_response_body.started request=<Request [b'POST']>
2025-06-21 00:15:16,167 - httpcore.http11 - DEBUG - receive_response_body.complete
2025-06-21 00:15:16,167 - httpcore.http11 - DEBUG - response_closed.started
2025-06-21 00:15:16,167 - httpcore.http11 - DEBUG - response_closed.complete
2025-06-21 00:15:16,171 - telegram.ext.ExtBot - DEBUG - No new updates found.
2025-06-21 00:15:16,171 - telegram.ext.ExtBot - DEBUG - ()
2025-06-21 00:15:16,171 - telegram.ext.ExtBot - DEBUG - Exiting: get_updates
2025-06-21 00:15:16,173 - telegram.ext.ExtBot - DEBUG - Entering: get_updates
2025-06-21 00:15:16,176 - httpcore.http11 - DEBUG - send_request_headers.started request=<Request [b'POST']>
2025-06-21 00:15:16,178 - httpcore.http11 - DEBUG - send_request_headers.complete
2025-06-21 00:15:16,178 - httpcore.http11 - DEBUG - send_request_body.started request=<Request [b'POST']>
2025-06-21 00:15:16,178 - httpcore.http11 - DEBUG - send_request_body.complete
2025-06-21 00:15:16,178 - httpcore.http11 - DEBUG - receive_response_headers.started request=<Request [b'POST']>
2025-06-21 00:15:26,270 - httpcore.http11 - DEBUG - receive_response_headers.complete return_value=(b'HTTP/1.1', 200, b'OK', [(b'Server', b'nginx/1.18.0'), (b'Date', b'Fri, 20 Jun 2025 23:15:25 GMT'), (b'Content-Type', b'application/json'), (b'Content-Length', b'23'), (b'Connection', b'keep-alive'), (b'Strict-Transport-Security', b'max-age=31536000; includeSubDomains; preload'), (b'Access-Control-Allow-Origin', b'*'), (b'Access-Control-Allow-Methods', b'GET, POST, OPTIONS'), (b'Access-Control-Expose-Headers', b'Content-Length,Content-Type,Date,Server,Connection')])
2025-06-21 00:15:26,270 - httpx - INFO - HTTP Request: POST https://api.telegram.org/bot7707158318:AAE8rWa4Q8Z_3avql6K0HAmXaooZAReoNF0/getUpdates "HTTP/1.1 200 OK"
2025-06-21 00:15:26,272 - httpcore.http11 - DEBUG - receive_response_body.started request=<Request [b'POST']>
2025-06-21 00:15:26,272 - httpcore.http11 - DEBUG - receive_response_body.complete
2025-06-21 00:15:26,274 - httpcore.http11 - DEBUG - response_closed.started
2025-06-21 00:15:26,274 - httpcore.http11 - DEBUG - response_closed.complete
2025-06-21 00:15:26,276 - telegram.ext.ExtBot - DEBUG - No new updates found.
2025-06-21 00:15:26,276 - telegram.ext.ExtBot - DEBUG - ()
2025-06-21 00:15:26,278 - telegram.ext.ExtBot - DEBUG - Exiting: get_updates
2025-06-21 00:15:26,278 - telegram.ext.ExtBot - DEBUG - Entering: get_updates
2025-06-21 00:15:26,295 - httpcore.http11 - DEBUG - send_request_headers.started request=<Request [b'POST']>
2025-06-21 00:15:26,297 - httpcore.http11 - DEBUG - send_request_headers.complete
2025-06-21 00:15:26,297 - httpcore.http11 - DEBUG - send_request_body.started request=<Request [b'POST']>
2025-06-21 00:15:26,299 - httpcore.http11 - DEBUG - send_request_body.complete
2025-06-21 00:15:26,299 - httpcore.http11 - DEBUG - receive_response_headers.started request=<Request [b'POST']>
2025-06-21 00:15:36,449 - httpcore.http11 - DEBUG - receive_response_headers.complete return_value=(b'HTTP/1.1', 200, b'OK', [(b'Server', b'nginx/1.18.0'), (b'Date', b'Fri, 20 Jun 2025 23:15:36 GMT'), (b'Content-Type', b'application/json'), (b'Content-Length', b'23'), (b'Connection', b'keep-alive'), (b'Strict-Transport-Security', b'max-age=31536000; includeSubDomains; preload'), (b'Access-Control-Allow-Origin', b'*'), (b'Access-Control-Allow-Methods', b'GET, POST, OPTIONS'), (b'Access-Control-Expose-Headers', b'Content-Length,Content-Type,Date,Server,Connection')])
2025-06-21 00:15:36,452 - httpx - INFO - HTTP Request: POST https://api.telegram.org/bot7707158318:AAE8rWa4Q8Z_3avql6K0HAmXaooZAReoNF0/getUpdates "HTTP/1.1 200 OK"
2025-06-21 00:15:36,457 - httpcore.http11 - DEBUG - receive_response_body.started request=<Request [b'POST']>
2025-06-21 00:15:36,459 - httpcore.http11 - DEBUG - receive_response_body.complete
2025-06-21 00:15:36,459 - httpcore.http11 - DEBUG - response_closed.started
2025-06-21 00:15:36,460 - httpcore.http11 - DEBUG - response_closed.complete
2025-06-21 00:15:36,460 - telegram.ext.ExtBot - DEBUG - No new updates found.
2025-06-21 00:15:36,464 - telegram.ext.ExtBot - DEBUG - ()
2025-06-21 00:15:36,464 - telegram.ext.ExtBot - DEBUG - Exiting: get_updates
2025-06-21 00:15:36,466 - telegram.ext.ExtBot - DEBUG - Entering: get_updates
2025-06-21 00:15:36,470 - httpcore.http11 - DEBUG - send_request_headers.started request=<Request [b'POST']>
2025-06-21 00:15:36,476 - httpcore.http11 - DEBUG - send_request_headers.complete
2025-06-21 00:15:36,476 - httpcore.http11 - DEBUG - send_request_body.started request=<Request [b'POST']>
2025-06-21 00:15:36,491 - httpcore.http11 - DEBUG - send_request_body.complete
2025-06-21 00:15:36,493 - httpcore.http11 - DEBUG - receive_response_headers.started request=<Request [b'POST']>
2025-06-21 00:15:46,679 - httpcore.http11 - DEBUG - receive_response_headers.complete return_value=(b'HTTP/1.1', 200, b'OK', [(b'Server', b'nginx/1.18.0'), (b'Date', b'Fri, 20 Jun 2025 23:15:46 GMT'), (b'Content-Type', b'application/json'), (b'Content-Length', b'23'), (b'Connection', b'keep-alive'), (b'Strict-Transport-Security', b'max-age=31536000; includeSubDomains; preload'), (b'Access-Control-Allow-Origin', b'*'), (b'Access-Control-Allow-Methods', b'GET, POST, OPTIONS'), (b'Access-Control-Expose-Headers', b'Content-Length,Content-Type,Date,Server,Connection')])
2025-06-21 00:15:46,680 - httpx - INFO - HTTP Request: POST https://api.telegram.org/bot7707158318:AAE8rWa4Q8Z_3avql6K0HAmXaooZAReoNF0/getUpdates "HTTP/1.1 200 OK"
2025-06-21 00:15:46,682 - httpcore.http11 - DEBUG - receive_response_body.started request=<Request [b'POST']>
2025-06-21 00:15:46,684 - httpcore.http11 - DEBUG - receive_response_body.complete
2025-06-21 00:15:46,684 - httpcore.http11 - DEBUG - response_closed.started
2025-06-21 00:15:46,685 - httpcore.http11 - DEBUG - response_closed.complete
2025-06-21 00:15:46,685 - telegram.ext.ExtBot - DEBUG - No new updates found.
2025-06-21 00:15:46,685 - telegram.ext.ExtBot - DEBUG - ()
2025-06-21 00:15:46,685 - telegram.ext.ExtBot - DEBUG - Exiting: get_updates
2025-06-21 00:15:46,685 - telegram.ext.ExtBot - DEBUG - Entering: get_updates
2025-06-21 00:15:46,687 - httpcore.http11 - DEBUG - send_request_headers.started request=<Request [b'POST']>
2025-06-21 00:15:46,689 - httpcore.http11 - DEBUG - send_request_headers.complete
2025-06-21 00:15:46,689 - httpcore.http11 - DEBUG - send_request_body.started request=<Request [b'POST']>
2025-06-21 00:15:46,691 - httpcore.http11 - DEBUG - send_request_body.complete
2025-06-21 00:15:46,691 - httpcore.http11 - DEBUG - receive_response_headers.started request=<Request [b'POST']>
2025-06-21 00:15:57,125 - httpcore.http11 - DEBUG - receive_response_headers.complete return_value=(b'HTTP/1.1', 200, b'OK', [(b'Server', b'nginx/1.18.0'), (b'Date', b'Fri, 20 Jun 2025 23:15:56 GMT'), (b'Content-Type', b'application/json'), (b'Content-Length', b'23'), (b'Connection', b'keep-alive'), (b'Strict-Transport-Security', b'max-age=31536000; includeSubDomains; preload'), (b'Access-Control-Allow-Origin', b'*'), (b'Access-Control-Allow-Methods', b'GET, POST, OPTIONS'), (b'Access-Control-Expose-Headers', b'Content-Length,Content-Type,Date,Server,Connection')])
2025-06-21 00:15:57,125 - httpx - INFO - HTTP Request: POST https://api.telegram.org/bot7707158318:AAE8rWa4Q8Z_3avql6K0HAmXaooZAReoNF0/getUpdates "HTTP/1.1 200 OK"
2025-06-21 00:15:57,127 - httpcore.http11 - DEBUG - receive_response_body.started request=<Request [b'POST']>
2025-06-21 00:15:57,127 - httpcore.http11 - DEBUG - receive_response_body.complete
2025-06-21 00:15:57,129 - httpcore.http11 - DEBUG - response_closed.started
2025-06-21 00:15:57,129 - httpcore.http11 - DEBUG - response_closed.complete
2025-06-21 00:15:57,130 - telegram.ext.ExtBot - DEBUG - No new updates found.
2025-06-21 00:15:57,130 - telegram.ext.ExtBot - DEBUG - ()
2025-06-21 00:15:57,130 - telegram.ext.ExtBot - DEBUG - Exiting: get_updates
2025-06-21 00:15:57,130 - telegram.ext.ExtBot - DEBUG - Entering: get_updates
2025-06-21 00:15:57,132 - httpcore.http11 - DEBUG - send_request_headers.started request=<Request [b'POST']>
2025-06-21 00:15:57,134 - httpcore.http11 - DEBUG - send_request_headers.complete
2025-06-21 00:15:57,134 - httpcore.http11 - DEBUG - send_request_body.started request=<Request [b'POST']>
2025-06-21 00:15:57,136 - httpcore.http11 - DEBUG - send_request_body.complete
2025-06-21 00:15:57,136 - httpcore.http11 - DEBUG - receive_response_headers.started request=<Request [b'POST']>
2025-06-21 00:16:07,364 - httpcore.http11 - DEBUG - receive_response_headers.complete return_value=(b'HTTP/1.1', 200, b'OK', [(b'Server', b'nginx/1.18.0'), (b'Date', b'Fri, 20 Jun 2025 23:16:06 GMT'), (b'Content-Type', b'application/json'), (b'Content-Length', b'23'), (b'Connection', b'keep-alive'), (b'Strict-Transport-Security', b'max-age=31536000; includeSubDomains; preload'), (b'Access-Control-Allow-Origin', b'*'), (b'Access-Control-Allow-Methods', b'GET, POST, OPTIONS'), (b'Access-Control-Expose-Headers', b'Content-Length,Content-Type,Date,Server,Connection')])
2025-06-21 00:16:07,366 - httpx - INFO - HTTP Request: POST https://api.telegram.org/bot7707158318:AAE8rWa4Q8Z_3avql6K0HAmXaooZAReoNF0/getUpdates "HTTP/1.1 200 OK"
2025-06-21 00:16:07,368 - httpcore.http11 - DEBUG - receive_response_body.started request=<Request [b'POST']>
2025-06-21 00:16:07,370 - httpcore.http11 - DEBUG - receive_response_body.complete
2025-06-21 00:16:07,370 - httpcore.http11 - DEBUG - response_closed.started
2025-06-21 00:16:07,370 - httpcore.http11 - DEBUG - response_closed.complete
2025-06-21 00:16:07,370 - telegram.ext.ExtBot - DEBUG - No new updates found.
2025-06-21 00:16:07,372 - telegram.ext.ExtBot - DEBUG - ()
2025-06-21 00:16:07,372 - telegram.ext.ExtBot - DEBUG - Exiting: get_updates
2025-06-21 00:16:07,372 - telegram.ext.ExtBot - DEBUG - Entering: get_updates
2025-06-21 00:16:07,374 - httpcore.http11 - DEBUG - send_request_headers.started request=<Request [b'POST']>
2025-06-21 00:16:07,376 - httpcore.http11 - DEBUG - send_request_headers.complete
2025-06-21 00:16:07,376 - httpcore.http11 - DEBUG - send_request_body.started request=<Request [b'POST']>
2025-06-21 00:16:07,376 - httpcore.http11 - DEBUG - send_request_body.complete
2025-06-21 00:16:07,376 - httpcore.http11 - DEBUG - receive_response_headers.started request=<Request [b'POST']>
2025-06-21 00:16:17,604 - httpcore.http11 - DEBUG - receive_response_headers.complete return_value=(b'HTTP/1.1', 200, b'OK', [(b'Server', b'nginx/1.18.0'), (b'Date', b'Fri, 20 Jun 2025 23:16:17 GMT'), (b'Content-Type', b'application/json'), (b'Content-Length', b'23'), (b'Connection', b'keep-alive'), (b'Strict-Transport-Security', b'max-age=31536000; includeSubDomains; preload'), (b'Access-Control-Allow-Origin', b'*'), (b'Access-Control-Allow-Methods', b'GET, POST, OPTIONS'), (b'Access-Control-Expose-Headers', b'Content-Length,Content-Type,Date,Server,Connection')])
2025-06-21 00:16:17,604 - httpx - INFO - HTTP Request: POST https://api.telegram.org/bot7707158318:AAE8rWa4Q8Z_3avql6K0HAmXaooZAReoNF0/getUpdates "HTTP/1.1 200 OK"
2025-06-21 00:16:17,606 - httpcore.http11 - DEBUG - receive_response_body.started request=<Request [b'POST']>
2025-06-21 00:16:17,606 - httpcore.http11 - DEBUG - receive_response_body.complete
2025-06-21 00:16:17,606 - httpcore.http11 - DEBUG - response_closed.started
2025-06-21 00:16:17,609 - httpcore.http11 - DEBUG - response_closed.complete
2025-06-21 00:16:17,609 - telegram.ext.ExtBot - DEBUG - No new updates found.
2025-06-21 00:16:17,609 - telegram.ext.ExtBot - DEBUG - ()
2025-06-21 00:16:17,609 - telegram.ext.ExtBot - DEBUG - Exiting: get_updates
2025-06-21 00:16:17,610 - telegram.ext.ExtBot - DEBUG - Entering: get_updates
2025-06-21 00:16:17,613 - httpcore.http11 - DEBUG - send_request_headers.started request=<Request [b'POST']>
2025-06-21 00:16:17,615 - httpcore.http11 - DEBUG - send_request_headers.complete
2025-06-21 00:16:17,615 - httpcore.http11 - DEBUG - send_request_body.started request=<Request [b'POST']>
2025-06-21 00:16:17,615 - httpcore.http11 - DEBUG - send_request_body.complete
2025-06-21 00:16:17,615 - httpcore.http11 - DEBUG - receive_response_headers.started request=<Request [b'POST']>
2025-06-21 00:16:27,845 - httpcore.http11 - DEBUG - receive_response_headers.complete return_value=(b'HTTP/1.1', 200, b'OK', [(b'Server', b'nginx/1.18.0'), (b'Date', b'Fri, 20 Jun 2025 23:16:27 GMT'), (b'Content-Type', b'application/json'), (b'Content-Length', b'23'), (b'Connection', b'keep-alive'), (b'Strict-Transport-Security', b'max-age=31536000; includeSubDomains; preload'), (b'Access-Control-Allow-Origin', b'*'), (b'Access-Control-Allow-Methods', b'GET, POST, OPTIONS'), (b'Access-Control-Expose-Headers', b'Content-Length,Content-Type,Date,Server,Connection')])
2025-06-21 00:16:27,845 - httpx - INFO - HTTP Request: POST https://api.telegram.org/bot7707158318:AAE8rWa4Q8Z_3avql6K0HAmXaooZAReoNF0/getUpdates "HTTP/1.1 200 OK"
2025-06-21 00:16:27,851 - httpcore.http11 - DEBUG - receive_response_body.started request=<Request [b'POST']>
2025-06-21 00:16:27,852 - httpcore.http11 - DEBUG - receive_response_body.complete
2025-06-21 00:16:27,852 - httpcore.http11 - DEBUG - response_closed.started
2025-06-21 00:16:27,853 - httpcore.http11 - DEBUG - response_closed.complete
2025-06-21 00:16:27,854 - telegram.ext.ExtBot - DEBUG - No new updates found.
2025-06-21 00:16:27,854 - telegram.ext.ExtBot - DEBUG - ()
2025-06-21 00:16:27,854 - telegram.ext.ExtBot - DEBUG - Exiting: get_updates
2025-06-21 00:16:27,854 - telegram.ext.ExtBot - DEBUG - Entering: get_updates
2025-06-21 00:16:27,857 - httpcore.http11 - DEBUG - send_request_headers.started request=<Request [b'POST']>
2025-06-21 00:16:27,858 - httpcore.http11 - DEBUG - send_request_headers.complete
2025-06-21 00:16:27,858 - httpcore.http11 - DEBUG - send_request_body.started request=<Request [b'POST']>
2025-06-21 00:16:27,859 - httpcore.http11 - DEBUG - send_request_body.complete
2025-06-21 00:16:27,859 - httpcore.http11 - DEBUG - receive_response_headers.started request=<Request [b'POST']>
2025-06-21 00:16:37,983 - httpcore.http11 - DEBUG - receive_response_headers.complete return_value=(b'HTTP/1.1', 200, b'OK', [(b'Server', b'nginx/1.18.0'), (b'Date', b'Fri, 20 Jun 2025 23:16:37 GMT'), (b'Content-Type', b'application/json'), (b'Content-Length', b'23'), (b'Connection', b'keep-alive'), (b'Strict-Transport-Security', b'max-age=31536000; includeSubDomains; preload'), (b'Access-Control-Allow-Origin', b'*'), (b'Access-Control-Allow-Methods', b'GET, POST, OPTIONS'), (b'Access-Control-Expose-Headers', b'Content-Length,Content-Type,Date,Server,Connection')])
2025-06-21 00:16:37,985 - httpx - INFO - HTTP Request: POST https://api.telegram.org/bot7707158318:AAE8rWa4Q8Z_3avql6K0HAmXaooZAReoNF0/getUpdates "HTTP/1.1 200 OK"
2025-06-21 00:16:37,986 - httpcore.http11 - DEBUG - receive_response_body.started request=<Request [b'POST']>
2025-06-21 00:16:37,986 - httpcore.http11 - DEBUG - receive_response_body.complete
2025-06-21 00:16:37,987 - httpcore.http11 - DEBUG - response_closed.started
2025-06-21 00:16:37,987 - httpcore.http11 - DEBUG - response_closed.complete
2025-06-21 00:16:37,989 - telegram.ext.ExtBot - DEBUG - No new updates found.
2025-06-21 00:16:37,989 - telegram.ext.ExtBot - DEBUG - ()
2025-06-21 00:16:37,989 - telegram.ext.ExtBot - DEBUG - Exiting: get_updates
2025-06-21 00:16:37,989 - telegram.ext.ExtBot - DEBUG - Entering: get_updates
2025-06-21 00:16:37,992 - httpcore.http11 - DEBUG - send_request_headers.started request=<Request [b'POST']>
2025-06-21 00:16:37,995 - httpcore.http11 - DEBUG - send_request_headers.complete
2025-06-21 00:16:37,995 - httpcore.http11 - DEBUG - send_request_body.started request=<Request [b'POST']>
2025-06-21 00:16:37,997 - httpcore.http11 - DEBUG - send_request_body.complete
2025-06-21 00:16:37,997 - httpcore.http11 - DEBUG - receive_response_headers.started request=<Request [b'POST']>
2025-06-21 00:16:48,133 - httpcore.http11 - DEBUG - receive_response_headers.complete return_value=(b'HTTP/1.1', 200, b'OK', [(b'Server', b'nginx/1.18.0'), (b'Date', b'Fri, 20 Jun 2025 23:16:47 GMT'), (b'Content-Type', b'application/json'), (b'Content-Length', b'23'), (b'Connection', b'keep-alive'), (b'Strict-Transport-Security', b'max-age=31536000; includeSubDomains; preload'), (b'Access-Control-Allow-Origin', b'*'), (b'Access-Control-Allow-Methods', b'GET, POST, OPTIONS'), (b'Access-Control-Expose-Headers', b'Content-Length,Content-Type,Date,Server,Connection')])
2025-06-21 00:16:48,134 - httpx - INFO - HTTP Request: POST https://api.telegram.org/bot7707158318:AAE8rWa4Q8Z_3avql6K0HAmXaooZAReoNF0/getUpdates "HTTP/1.1 200 OK"
2025-06-21 00:16:48,136 - httpcore.http11 - DEBUG - receive_response_body.started request=<Request [b'POST']>
2025-06-21 00:16:48,137 - httpcore.http11 - DEBUG - receive_response_body.complete
2025-06-21 00:16:48,137 - httpcore.http11 - DEBUG - response_closed.started
2025-06-21 00:16:48,138 - httpcore.http11 - DEBUG - response_closed.complete
2025-06-21 00:16:48,138 - telegram.ext.ExtBot - DEBUG - No new updates found.
2025-06-21 00:16:48,139 - telegram.ext.ExtBot - DEBUG - ()
2025-06-21 00:16:48,139 - telegram.ext.ExtBot - DEBUG - Exiting: get_updates
2025-06-21 00:16:48,139 - telegram.ext.ExtBot - DEBUG - Entering: get_updates
2025-06-21 00:16:48,141 - httpcore.http11 - DEBUG - send_request_headers.started request=<Request [b'POST']>
2025-06-21 00:16:48,143 - httpcore.http11 - DEBUG - send_request_headers.complete
2025-06-21 00:16:48,143 - httpcore.http11 - DEBUG - send_request_body.started request=<Request [b'POST']>
2025-06-21 00:16:48,144 - httpcore.http11 - DEBUG - send_request_body.complete
2025-06-21 00:16:48,144 - httpcore.http11 - DEBUG - receive_response_headers.started request=<Request [b'POST']>
2025-06-21 00:16:58,364 - httpcore.http11 - DEBUG - receive_response_headers.complete return_value=(b'HTTP/1.1', 200, b'OK', [(b'Server', b'nginx/1.18.0'), (b'Date', b'Fri, 20 Jun 2025 23:16:57 GMT'), (b'Content-Type', b'application/json'), (b'Content-Length', b'23'), (b'Connection', b'keep-alive'), (b'Strict-Transport-Security', b'max-age=31536000; includeSubDomains; preload'), (b'Access-Control-Allow-Origin', b'*'), (b'Access-Control-Allow-Methods', b'GET, POST, OPTIONS'), (b'Access-Control-Expose-Headers', b'Content-Length,Content-Type,Date,Server,Connection')])
2025-06-21 00:16:58,365 - httpx - INFO - HTTP Request: POST https://api.telegram.org/bot7707158318:AAE8rWa4Q8Z_3avql6K0HAmXaooZAReoNF0/getUpdates "HTTP/1.1 200 OK"
2025-06-21 00:16:58,368 - httpcore.http11 - DEBUG - receive_response_body.started request=<Request [b'POST']>
2025-06-21 00:16:58,368 - httpcore.http11 - DEBUG - receive_response_body.complete
2025-06-21 00:16:58,368 - httpcore.http11 - DEBUG - response_closed.started
2025-06-21 00:16:58,369 - httpcore.http11 - DEBUG - response_closed.complete
2025-06-21 00:16:58,370 - telegram.ext.ExtBot - DEBUG - No new updates found.
2025-06-21 00:16:58,370 - telegram.ext.ExtBot - DEBUG - ()
2025-06-21 00:16:58,370 - telegram.ext.ExtBot - DEBUG - Exiting: get_updates
2025-06-21 00:16:58,370 - telegram.ext.ExtBot - DEBUG - Entering: get_updates
2025-06-21 00:16:58,372 - httpcore.http11 - DEBUG - send_request_headers.started request=<Request [b'POST']>
2025-06-21 00:16:58,373 - httpcore.http11 - DEBUG - send_request_headers.complete
2025-06-21 00:16:58,373 - httpcore.http11 - DEBUG - send_request_body.started request=<Request [b'POST']>
2025-06-21 00:16:58,374 - httpcore.http11 - DEBUG - send_request_body.complete
2025-06-21 00:16:58,375 - httpcore.http11 - DEBUG - receive_response_headers.started request=<Request [b'POST']>
2025-06-21 00:17:08,541 - httpcore.http11 - DEBUG - receive_response_headers.complete return_value=(b'HTTP/1.1', 200, b'OK', [(b'Server', b'nginx/1.18.0'), (b'Date', b'Fri, 20 Jun 2025 23:17:08 GMT'), (b'Content-Type', b'application/json'), (b'Content-Length', b'23'), (b'Connection', b'keep-alive'), (b'Strict-Transport-Security', b'max-age=31536000; includeSubDomains; preload'), (b'Access-Control-Allow-Origin', b'*'), (b'Access-Control-Allow-Methods', b'GET, POST, OPTIONS'), (b'Access-Control-Expose-Headers', b'Content-Length,Content-Type,Date,Server,Connection')])
2025-06-21 00:17:08,541 - httpx - INFO - HTTP Request: POST https://api.telegram.org/bot7707158318:AAE8rWa4Q8Z_3avql6K0HAmXaooZAReoNF0/getUpdates "HTTP/1.1 200 OK"
2025-06-21 00:17:08,543 - httpcore.http11 - DEBUG - receive_response_body.started request=<Request [b'POST']>
2025-06-21 00:17:08,545 - httpcore.http11 - DEBUG - receive_response_body.complete
2025-06-21 00:17:08,545 - httpcore.http11 - DEBUG - response_closed.started
2025-06-21 00:17:08,545 - httpcore.http11 - DEBUG - response_closed.complete
2025-06-21 00:17:08,547 - telegram.ext.ExtBot - DEBUG - No new updates found.
2025-06-21 00:17:08,547 - telegram.ext.ExtBot - DEBUG - ()
2025-06-21 00:17:08,547 - telegram.ext.ExtBot - DEBUG - Exiting: get_updates
2025-06-21 00:17:08,547 - telegram.ext.ExtBot - DEBUG - Entering: get_updates
2025-06-21 00:17:08,549 - httpcore.http11 - DEBUG - send_request_headers.started request=<Request [b'POST']>
2025-06-21 00:17:08,551 - httpcore.http11 - DEBUG - send_request_headers.complete
2025-06-21 00:17:08,551 - httpcore.http11 - DEBUG - send_request_body.started request=<Request [b'POST']>
2025-06-21 00:17:08,551 - httpcore.http11 - DEBUG - send_request_body.complete
2025-06-21 00:17:08,551 - httpcore.http11 - DEBUG - receive_response_headers.started request=<Request [b'POST']>
2025-06-21 00:17:18,739 - httpcore.http11 - DEBUG - receive_response_headers.complete return_value=(b'HTTP/1.1', 200, b'OK', [(b'Server', b'nginx/1.18.0'), (b'Date', b'Fri, 20 Jun 2025 23:17:18 GMT'), (b'Content-Type', b'application/json'), (b'Content-Length', b'23'), (b'Connection', b'keep-alive'), (b'Strict-Transport-Security', b'max-age=31536000; includeSubDomains; preload'), (b'Access-Control-Allow-Origin', b'*'), (b'Access-Control-Allow-Methods', b'GET, POST, OPTIONS'), (b'Access-Control-Expose-Headers', b'Content-Length,Content-Type,Date,Server,Connection')])
2025-06-21 00:17:18,739 - httpx - INFO - HTTP Request: POST https://api.telegram.org/bot7707158318:AAE8rWa4Q8Z_3avql6K0HAmXaooZAReoNF0/getUpdates "HTTP/1.1 200 OK"
2025-06-21 00:17:18,741 - httpcore.http11 - DEBUG - receive_response_body.started request=<Request [b'POST']>
2025-06-21 00:17:18,742 - httpcore.http11 - DEBUG - receive_response_body.complete
2025-06-21 00:17:18,742 - httpcore.http11 - DEBUG - response_closed.started
2025-06-21 00:17:18,742 - httpcore.http11 - DEBUG - response_closed.complete
2025-06-21 00:17:18,744 - telegram.ext.ExtBot - DEBUG - No new updates found.
2025-06-21 00:17:18,744 - telegram.ext.ExtBot - DEBUG - ()
2025-06-21 00:17:18,744 - telegram.ext.ExtBot - DEBUG - Exiting: get_updates
2025-06-21 00:17:18,744 - telegram.ext.ExtBot - DEBUG - Entering: get_updates
2025-06-21 00:17:18,746 - httpcore.http11 - DEBUG - send_request_headers.started request=<Request [b'POST']>
2025-06-21 00:17:18,748 - httpcore.http11 - DEBUG - send_request_headers.complete
2025-06-21 00:17:18,748 - httpcore.http11 - DEBUG - send_request_body.started request=<Request [b'POST']>
2025-06-21 00:17:18,748 - httpcore.http11 - DEBUG - send_request_body.complete
2025-06-21 00:17:18,748 - httpcore.http11 - DEBUG - receive_response_headers.started request=<Request [b'POST']>
2025-06-21 00:17:29,080 - httpcore.http11 - DEBUG - receive_response_headers.complete return_value=(b'HTTP/1.1', 200, b'OK', [(b'Server', b'nginx/1.18.0'), (b'Date', b'Fri, 20 Jun 2025 23:17:28 GMT'), (b'Content-Type', b'application/json'), (b'Content-Length', b'23'), (b'Connection', b'keep-alive'), (b'Strict-Transport-Security', b'max-age=31536000; includeSubDomains; preload'), (b'Access-Control-Allow-Origin', b'*'), (b'Access-Control-Allow-Methods', b'GET, POST, OPTIONS'), (b'Access-Control-Expose-Headers', b'Content-Length,Content-Type,Date,Server,Connection')])
2025-06-21 00:17:29,080 - httpx - INFO - HTTP Request: POST https://api.telegram.org/bot7707158318:AAE8rWa4Q8Z_3avql6K0HAmXaooZAReoNF0/getUpdates "HTTP/1.1 200 OK"
2025-06-21 00:17:29,084 - httpcore.http11 - DEBUG - receive_response_body.started request=<Request [b'POST']>
2025-06-21 00:17:29,085 - httpcore.http11 - DEBUG - receive_response_body.complete
2025-06-21 00:17:29,085 - httpcore.http11 - DEBUG - response_closed.started
2025-06-21 00:17:29,086 - httpcore.http11 - DEBUG - response_closed.complete
2025-06-21 00:17:29,087 - telegram.ext.ExtBot - DEBUG - No new updates found.
2025-06-21 00:17:29,087 - telegram.ext.ExtBot - DEBUG - ()
2025-06-21 00:17:29,087 - telegram.ext.ExtBot - DEBUG - Exiting: get_updates
2025-06-21 00:17:29,087 - telegram.ext.ExtBot - DEBUG - Entering: get_updates
2025-06-21 00:17:29,090 - httpcore.http11 - DEBUG - send_request_headers.started request=<Request [b'POST']>
2025-06-21 00:17:29,091 - httpcore.http11 - DEBUG - send_request_headers.complete
2025-06-21 00:17:29,091 - httpcore.http11 - DEBUG - send_request_body.started request=<Request [b'POST']>
2025-06-21 00:17:29,092 - httpcore.http11 - DEBUG - send_request_body.complete
2025-06-21 00:17:29,092 - httpcore.http11 - DEBUG - receive_response_headers.started request=<Request [b'POST']>
2025-06-21 00:17:39,567 - httpcore.http11 - DEBUG - receive_response_headers.complete return_value=(b'HTTP/1.1', 200, b'OK', [(b'Server', b'nginx/1.18.0'), (b'Date', b'Fri, 20 Jun 2025 23:17:38 GMT'), (b'Content-Type', b'application/json'), (b'Content-Length', b'23'), (b'Connection', b'keep-alive'), (b'Strict-Transport-Security', b'max-age=31536000; includeSubDomains; preload'), (b'Access-Control-Allow-Origin', b'*'), (b'Access-Control-Allow-Methods', b'GET, POST, OPTIONS'), (b'Access-Control-Expose-Headers', b'Content-Length,Content-Type,Date,Server,Connection')])
2025-06-21 00:17:39,570 - httpx - INFO - HTTP Request: POST https://api.telegram.org/bot7707158318:AAE8rWa4Q8Z_3avql6K0HAmXaooZAReoNF0/getUpdates "HTTP/1.1 200 OK"
2025-06-21 00:17:39,572 - httpcore.http11 - DEBUG - receive_response_body.started request=<Request [b'POST']>
2025-06-21 00:17:39,572 - httpcore.http11 - DEBUG - receive_response_body.complete
2025-06-21 00:17:39,572 - httpcore.http11 - DEBUG - response_closed.started
2025-06-21 00:17:39,573 - httpcore.http11 - DEBUG - response_closed.complete
2025-06-21 00:17:39,573 - telegram.ext.ExtBot - DEBUG - No new updates found.
2025-06-21 00:17:39,573 - telegram.ext.ExtBot - DEBUG - ()
2025-06-21 00:17:39,573 - telegram.ext.ExtBot - DEBUG - Exiting: get_updates
2025-06-21 00:17:39,573 - telegram.ext.ExtBot - DEBUG - Entering: get_updates
2025-06-21 00:17:39,575 - httpcore.http11 - DEBUG - send_request_headers.started request=<Request [b'POST']>
2025-06-21 00:17:39,577 - httpcore.http11 - DEBUG - send_request_headers.complete
2025-06-21 00:17:39,577 - httpcore.http11 - DEBUG - send_request_body.started request=<Request [b'POST']>
2025-06-21 00:17:39,579 - httpcore.http11 - DEBUG - send_request_body.complete
2025-06-21 00:17:39,579 - httpcore.http11 - DEBUG - receive_response_headers.started request=<Request [b'POST']>
2025-06-21 00:17:49,909 - httpcore.http11 - DEBUG - receive_response_headers.complete return_value=(b'HTTP/1.1', 200, b'OK', [(b'Server', b'nginx/1.18.0'), (b'Date', b'Fri, 20 Jun 2025 23:17:49 GMT'), (b'Content-Type', b'application/json'), (b'Content-Length', b'23'), (b'Connection', b'keep-alive'), (b'Strict-Transport-Security', b'max-age=31536000; includeSubDomains; preload'), (b'Access-Control-Allow-Origin', b'*'), (b'Access-Control-Allow-Methods', b'GET, POST, OPTIONS'), (b'Access-Control-Expose-Headers', b'Content-Length,Content-Type,Date,Server,Connection')])
2025-06-21 00:17:49,911 - httpx - INFO - HTTP Request: POST https://api.telegram.org/bot7707158318:AAE8rWa4Q8Z_3avql6K0HAmXaooZAReoNF0/getUpdates "HTTP/1.1 200 OK"
2025-06-21 00:17:49,916 - httpcore.http11 - DEBUG - receive_response_body.started request=<Request [b'POST']>
2025-06-21 00:17:49,917 - httpcore.http11 - DEBUG - receive_response_body.complete
2025-06-21 00:17:49,918 - httpcore.http11 - DEBUG - response_closed.started
2025-06-21 00:17:49,918 - httpcore.http11 - DEBUG - response_closed.complete
2025-06-21 00:17:49,919 - telegram.ext.ExtBot - DEBUG - No new updates found.
2025-06-21 00:17:49,919 - telegram.ext.ExtBot - DEBUG - ()
2025-06-21 00:17:49,919 - telegram.ext.ExtBot - DEBUG - Exiting: get_updates
2025-06-21 00:17:49,920 - telegram.ext.ExtBot - DEBUG - Entering: get_updates
2025-06-21 00:17:49,922 - httpcore.http11 - DEBUG - send_request_headers.started request=<Request [b'POST']>
2025-06-21 00:17:49,923 - httpcore.http11 - DEBUG - send_request_headers.complete
2025-06-21 00:17:49,924 - httpcore.http11 - DEBUG - send_request_body.started request=<Request [b'POST']>
2025-06-21 00:17:49,925 - httpcore.http11 - DEBUG - send_request_body.complete
2025-06-21 00:17:49,925 - httpcore.http11 - DEBUG - receive_response_headers.started request=<Request [b'POST']>
2025-06-21 00:18:00,208 - httpcore.http11 - DEBUG - receive_response_headers.complete return_value=(b'HTTP/1.1', 200, b'OK', [(b'Server', b'nginx/1.18.0'), (b'Date', b'Fri, 20 Jun 2025 23:17:59 GMT'), (b'Content-Type', b'application/json'), (b'Content-Length', b'23'), (b'Connection', b'keep-alive'), (b'Strict-Transport-Security', b'max-age=31536000; includeSubDomains; preload'), (b'Access-Control-Allow-Origin', b'*'), (b'Access-Control-Allow-Methods', b'GET, POST, OPTIONS'), (b'Access-Control-Expose-Headers', b'Content-Length,Content-Type,Date,Server,Connection')])
2025-06-21 00:18:00,208 - httpx - INFO - HTTP Request: POST https://api.telegram.org/bot7707158318:AAE8rWa4Q8Z_3avql6K0HAmXaooZAReoNF0/getUpdates "HTTP/1.1 200 OK"
2025-06-21 00:18:00,210 - httpcore.http11 - DEBUG - receive_response_body.started request=<Request [b'POST']>
2025-06-21 00:18:00,212 - httpcore.http11 - DEBUG - receive_response_body.complete
2025-06-21 00:18:00,212 - httpcore.http11 - DEBUG - response_closed.started
2025-06-21 00:18:00,212 - httpcore.http11 - DEBUG - response_closed.complete
2025-06-21 00:18:00,214 - telegram.ext.ExtBot - DEBUG - No new updates found.
2025-06-21 00:18:00,214 - telegram.ext.ExtBot - DEBUG - ()
2025-06-21 00:18:00,214 - telegram.ext.ExtBot - DEBUG - Exiting: get_updates
2025-06-21 00:18:00,214 - telegram.ext.ExtBot - DEBUG - Entering: get_updates
2025-06-21 00:18:00,216 - httpcore.http11 - DEBUG - send_request_headers.started request=<Request [b'POST']>
2025-06-21 00:18:00,218 - httpcore.http11 - DEBUG - send_request_headers.complete
2025-06-21 00:18:00,218 - httpcore.http11 - DEBUG - send_request_body.started request=<Request [b'POST']>
2025-06-21 00:18:00,218 - httpcore.http11 - DEBUG - send_request_body.complete
2025-06-21 00:18:00,218 - httpcore.http11 - DEBUG - receive_response_headers.started request=<Request [b'POST']>
2025-06-21 00:18:10,448 - httpcore.http11 - DEBUG - receive_response_headers.complete return_value=(b'HTTP/1.1', 200, b'OK', [(b'Server', b'nginx/1.18.0'), (b'Date', b'Fri, 20 Jun 2025 23:18:10 GMT'), (b'Content-Type', b'application/json'), (b'Content-Length', b'23'), (b'Connection', b'keep-alive'), (b'Strict-Transport-Security', b'max-age=31536000; includeSubDomains; preload'), (b'Access-Control-Allow-Origin', b'*'), (b'Access-Control-Allow-Methods', b'GET, POST, OPTIONS'), (b'Access-Control-Expose-Headers', b'Content-Length,Content-Type,Date,Server,Connection')])
2025-06-21 00:18:10,449 - httpx - INFO - HTTP Request: POST https://api.telegram.org/bot7707158318:AAE8rWa4Q8Z_3avql6K0HAmXaooZAReoNF0/getUpdates "HTTP/1.1 200 OK"
2025-06-21 00:18:10,453 - httpcore.http11 - DEBUG - receive_response_body.started request=<Request [b'POST']>
2025-06-21 00:18:10,453 - httpcore.http11 - DEBUG - receive_response_body.complete
2025-06-21 00:18:10,453 - httpcore.http11 - DEBUG - response_closed.started
2025-06-21 00:18:10,453 - httpcore.http11 - DEBUG - response_closed.complete
2025-06-21 00:18:10,453 - telegram.ext.ExtBot - DEBUG - No new updates found.
2025-06-21 00:18:10,453 - telegram.ext.ExtBot - DEBUG - ()
2025-06-21 00:18:10,453 - telegram.ext.ExtBot - DEBUG - Exiting: get_updates
2025-06-21 00:18:10,453 - telegram.ext.ExtBot - DEBUG - Entering: get_updates
2025-06-21 00:18:10,457 - httpcore.http11 - DEBUG - send_request_headers.started request=<Request [b'POST']>
2025-06-21 00:18:10,459 - httpcore.http11 - DEBUG - send_request_headers.complete
2025-06-21 00:18:10,459 - httpcore.http11 - DEBUG - send_request_body.started request=<Request [b'POST']>
2025-06-21 00:18:10,460 - httpcore.http11 - DEBUG - send_request_body.complete
2025-06-21 00:18:10,460 - httpcore.http11 - DEBUG - receive_response_headers.started request=<Request [b'POST']>
2025-06-21 00:18:20,905 - httpcore.http11 - DEBUG - receive_response_headers.complete return_value=(b'HTTP/1.1', 200, b'OK', [(b'Server', b'nginx/1.18.0'), (b'Date', b'Fri, 20 Jun 2025 23:18:20 GMT'), (b'Content-Type', b'application/json'), (b'Content-Length', b'23'), (b'Connection', b'keep-alive'), (b'Strict-Transport-Security', b'max-age=31536000; includeSubDomains; preload'), (b'Access-Control-Allow-Origin', b'*'), (b'Access-Control-Allow-Methods', b'GET, POST, OPTIONS'), (b'Access-Control-Expose-Headers', b'Content-Length,Content-Type,Date,Server,Connection')])
2025-06-21 00:18:20,907 - httpx - INFO - HTTP Request: POST https://api.telegram.org/bot7707158318:AAE8rWa4Q8Z_3avql6K0HAmXaooZAReoNF0/getUpdates "HTTP/1.1 200 OK"
2025-06-21 00:18:20,909 - httpcore.http11 - DEBUG - receive_response_body.started request=<Request [b'POST']>
2025-06-21 00:18:20,909 - httpcore.http11 - DEBUG - receive_response_body.complete
2025-06-21 00:18:20,909 - httpcore.http11 - DEBUG - response_closed.started
2025-06-21 00:18:20,910 - httpcore.http11 - DEBUG - response_closed.complete
2025-06-21 00:18:20,910 - telegram.ext.ExtBot - DEBUG - No new updates found.
2025-06-21 00:18:20,910 - telegram.ext.ExtBot - DEBUG - ()
2025-06-21 00:18:20,912 - telegram.ext.ExtBot - DEBUG - Exiting: get_updates
2025-06-21 00:18:20,912 - telegram.ext.ExtBot - DEBUG - Entering: get_updates
2025-06-21 00:18:20,915 - httpcore.http11 - DEBUG - send_request_headers.started request=<Request [b'POST']>
2025-06-21 00:18:20,915 - httpcore.http11 - DEBUG - send_request_headers.complete
2025-06-21 00:18:20,915 - httpcore.http11 - DEBUG - send_request_body.started request=<Request [b'POST']>
2025-06-21 00:18:20,918 - httpcore.http11 - DEBUG - send_request_body.complete
2025-06-21 00:18:20,918 - httpcore.http11 - DEBUG - receive_response_headers.started request=<Request [b'POST']>
2025-06-21 00:18:31,133 - httpcore.http11 - DEBUG - receive_response_headers.complete return_value=(b'HTTP/1.1', 200, b'OK', [(b'Server', b'nginx/1.18.0'), (b'Date', b'Fri, 20 Jun 2025 23:18:30 GMT'), (b'Content-Type', b'application/json'), (b'Content-Length', b'23'), (b'Connection', b'keep-alive'), (b'Strict-Transport-Security', b'max-age=31536000; includeSubDomains; preload'), (b'Access-Control-Allow-Origin', b'*'), (b'Access-Control-Allow-Methods', b'GET, POST, OPTIONS'), (b'Access-Control-Expose-Headers', b'Content-Length,Content-Type,Date,Server,Connection')])
2025-06-21 00:18:31,136 - httpx - INFO - HTTP Request: POST https://api.telegram.org/bot7707158318:AAE8rWa4Q8Z_3avql6K0HAmXaooZAReoNF0/getUpdates "HTTP/1.1 200 OK"
2025-06-21 00:18:31,143 - httpcore.http11 - DEBUG - receive_response_body.started request=<Request [b'POST']>
2025-06-21 00:18:31,143 - httpcore.http11 - DEBUG - receive_response_body.complete
2025-06-21 00:18:31,143 - httpcore.http11 - DEBUG - response_closed.started
2025-06-21 00:18:31,143 - httpcore.http11 - DEBUG - response_closed.complete
2025-06-21 00:18:31,145 - telegram.ext.ExtBot - DEBUG - No new updates found.
2025-06-21 00:18:31,145 - telegram.ext.ExtBot - DEBUG - ()
2025-06-21 00:18:31,145 - telegram.ext.ExtBot - DEBUG - Exiting: get_updates
2025-06-21 00:18:31,145 - telegram.ext.ExtBot - DEBUG - Entering: get_updates
2025-06-21 00:18:31,148 - httpcore.http11 - DEBUG - send_request_headers.started request=<Request [b'POST']>
2025-06-21 00:18:31,150 - httpcore.http11 - DEBUG - send_request_headers.complete
2025-06-21 00:18:31,151 - httpcore.http11 - DEBUG - send_request_body.started request=<Request [b'POST']>
2025-06-21 00:18:31,153 - httpcore.http11 - DEBUG - send_request_body.complete
2025-06-21 00:18:31,153 - httpcore.http11 - DEBUG - receive_response_headers.started request=<Request [b'POST']>
2025-06-21 00:18:41,309 - httpcore.http11 - DEBUG - receive_response_headers.complete return_value=(b'HTTP/1.1', 200, b'OK', [(b'Server', b'nginx/1.18.0'), (b'Date', b'Fri, 20 Jun 2025 23:18:40 GMT'), (b'Content-Type', b'application/json'), (b'Content-Length', b'23'), (b'Connection', b'keep-alive'), (b'Strict-Transport-Security', b'max-age=31536000; includeSubDomains; preload'), (b'Access-Control-Allow-Origin', b'*'), (b'Access-Control-Allow-Methods', b'GET, POST, OPTIONS'), (b'Access-Control-Expose-Headers', b'Content-Length,Content-Type,Date,Server,Connection')])
2025-06-21 00:18:41,311 - httpx - INFO - HTTP Request: POST https://api.telegram.org/bot7707158318:AAE8rWa4Q8Z_3avql6K0HAmXaooZAReoNF0/getUpdates "HTTP/1.1 200 OK"
2025-06-21 00:18:41,312 - httpcore.http11 - DEBUG - receive_response_body.started request=<Request [b'POST']>
2025-06-21 00:18:41,313 - httpcore.http11 - DEBUG - receive_response_body.complete
2025-06-21 00:18:41,313 - httpcore.http11 - DEBUG - response_closed.started
2025-06-21 00:18:41,314 - httpcore.http11 - DEBUG - response_closed.complete
2025-06-21 00:18:41,315 - telegram.ext.ExtBot - DEBUG - No new updates found.
2025-06-21 00:18:41,315 - telegram.ext.ExtBot - DEBUG - ()
2025-06-21 00:18:41,315 - telegram.ext.ExtBot - DEBUG - Exiting: get_updates
2025-06-21 00:18:41,315 - telegram.ext.ExtBot - DEBUG - Entering: get_updates
2025-06-21 00:18:41,318 - httpcore.http11 - DEBUG - send_request_headers.started request=<Request [b'POST']>
2025-06-21 00:18:41,319 - httpcore.http11 - DEBUG - send_request_headers.complete
2025-06-21 00:18:41,319 - httpcore.http11 - DEBUG - send_request_body.started request=<Request [b'POST']>
2025-06-21 00:18:41,320 - httpcore.http11 - DEBUG - send_request_body.complete
2025-06-21 00:18:41,321 - httpcore.http11 - DEBUG - receive_response_headers.started request=<Request [b'POST']>
2025-06-21 00:18:51,619 - httpcore.http11 - DEBUG - receive_response_headers.complete return_value=(b'HTTP/1.1', 200, b'OK', [(b'Server', b'nginx/1.18.0'), (b'Date', b'Fri, 20 Jun 2025 23:18:51 GMT'), (b'Content-Type', b'application/json'), (b'Content-Length', b'23'), (b'Connection', b'keep-alive'), (b'Strict-Transport-Security', b'max-age=31536000; includeSubDomains; preload'), (b'Access-Control-Allow-Origin', b'*'), (b'Access-Control-Allow-Methods', b'GET, POST, OPTIONS'), (b'Access-Control-Expose-Headers', b'Content-Length,Content-Type,Date,Server,Connection')])
2025-06-21 00:18:51,619 - httpx - INFO - HTTP Request: POST https://api.telegram.org/bot7707158318:AAE8rWa4Q8Z_3avql6K0HAmXaooZAReoNF0/getUpdates "HTTP/1.1 200 OK"
2025-06-21 00:18:51,622 - httpcore.http11 - DEBUG - receive_response_body.started request=<Request [b'POST']>
2025-06-21 00:18:51,622 - httpcore.http11 - DEBUG - receive_response_body.complete
2025-06-21 00:18:51,622 - httpcore.http11 - DEBUG - response_closed.started
2025-06-21 00:18:51,623 - httpcore.http11 - DEBUG - response_closed.complete
2025-06-21 00:18:51,624 - telegram.ext.ExtBot - DEBUG - No new updates found.
2025-06-21 00:18:51,624 - telegram.ext.ExtBot - DEBUG - ()
2025-06-21 00:18:51,624 - telegram.ext.ExtBot - DEBUG - Exiting: get_updates
2025-06-21 00:18:51,624 - telegram.ext.ExtBot - DEBUG - Entering: get_updates
2025-06-21 00:18:51,627 - httpcore.http11 - DEBUG - send_request_headers.started request=<Request [b'POST']>
2025-06-21 00:18:51,628 - httpcore.http11 - DEBUG - send_request_headers.complete
2025-06-21 00:18:51,629 - httpcore.http11 - DEBUG - send_request_body.started request=<Request [b'POST']>
2025-06-21 00:18:51,629 - httpcore.http11 - DEBUG - send_request_body.complete
2025-06-21 00:18:51,629 - httpcore.http11 - DEBUG - receive_response_headers.started request=<Request [b'POST']>
2025-06-21 00:19:01,762 - httpcore.http11 - DEBUG - receive_response_headers.complete return_value=(b'HTTP/1.1', 200, b'OK', [(b'Server', b'nginx/1.18.0'), (b'Date', b'Fri, 20 Jun 2025 23:19:01 GMT'), (b'Content-Type', b'application/json'), (b'Content-Length', b'23'), (b'Connection', b'keep-alive'), (b'Strict-Transport-Security', b'max-age=31536000; includeSubDomains; preload'), (b'Access-Control-Allow-Origin', b'*'), (b'Access-Control-Allow-Methods', b'GET, POST, OPTIONS'), (b'Access-Control-Expose-Headers', b'Content-Length,Content-Type,Date,Server,Connection')])
2025-06-21 00:19:01,763 - httpx - INFO - HTTP Request: POST https://api.telegram.org/bot7707158318:AAE8rWa4Q8Z_3avql6K0HAmXaooZAReoNF0/getUpdates "HTTP/1.1 200 OK"
2025-06-21 00:19:01,766 - httpcore.http11 - DEBUG - receive_response_body.started request=<Request [b'POST']>
2025-06-21 00:19:01,766 - httpcore.http11 - DEBUG - receive_response_body.complete
2025-06-21 00:19:01,766 - httpcore.http11 - DEBUG - response_closed.started
2025-06-21 00:19:01,768 - httpcore.http11 - DEBUG - response_closed.complete
2025-06-21 00:19:01,768 - telegram.ext.ExtBot - DEBUG - No new updates found.
2025-06-21 00:19:01,768 - telegram.ext.ExtBot - DEBUG - ()
2025-06-21 00:19:01,768 - telegram.ext.ExtBot - DEBUG - Exiting: get_updates
2025-06-21 00:19:01,768 - telegram.ext.ExtBot - DEBUG - Entering: get_updates
2025-06-21 00:19:01,770 - httpcore.http11 - DEBUG - send_request_headers.started request=<Request [b'POST']>
2025-06-21 00:19:01,772 - httpcore.http11 - DEBUG - send_request_headers.complete
2025-06-21 00:19:01,772 - httpcore.http11 - DEBUG - send_request_body.started request=<Request [b'POST']>
2025-06-21 00:19:01,774 - httpcore.http11 - DEBUG - send_request_body.complete
2025-06-21 00:19:01,774 - httpcore.http11 - DEBUG - receive_response_headers.started request=<Request [b'POST']>
2025-06-21 00:19:12,022 - httpcore.http11 - DEBUG - receive_response_headers.complete return_value=(b'HTTP/1.1', 200, b'OK', [(b'Server', b'nginx/1.18.0'), (b'Date', b'Fri, 20 Jun 2025 23:19:11 GMT'), (b'Content-Type', b'application/json'), (b'Content-Length', b'23'), (b'Connection', b'keep-alive'), (b'Strict-Transport-Security', b'max-age=31536000; includeSubDomains; preload'), (b'Access-Control-Allow-Origin', b'*'), (b'Access-Control-Allow-Methods', b'GET, POST, OPTIONS'), (b'Access-Control-Expose-Headers', b'Content-Length,Content-Type,Date,Server,Connection')])
2025-06-21 00:19:12,022 - httpx - INFO - HTTP Request: POST https://api.telegram.org/bot7707158318:AAE8rWa4Q8Z_3avql6K0HAmXaooZAReoNF0/getUpdates "HTTP/1.1 200 OK"
2025-06-21 00:19:12,023 - httpcore.http11 - DEBUG - receive_response_body.started request=<Request [b'POST']>
2025-06-21 00:19:12,023 - httpcore.http11 - DEBUG - receive_response_body.complete
2025-06-21 00:19:12,025 - httpcore.http11 - DEBUG - response_closed.started
2025-06-21 00:19:12,025 - httpcore.http11 - DEBUG - response_closed.complete
2025-06-21 00:19:12,025 - telegram.ext.ExtBot - DEBUG - No new updates found.
2025-06-21 00:19:12,025 - telegram.ext.ExtBot - DEBUG - ()
2025-06-21 00:19:12,025 - telegram.ext.ExtBot - DEBUG - Exiting: get_updates
2025-06-21 00:19:12,027 - telegram.ext.ExtBot - DEBUG - Entering: get_updates
2025-06-21 00:19:12,029 - httpcore.http11 - DEBUG - send_request_headers.started request=<Request [b'POST']>
2025-06-21 00:19:12,029 - httpcore.http11 - DEBUG - send_request_headers.complete
2025-06-21 00:19:12,029 - httpcore.http11 - DEBUG - send_request_body.started request=<Request [b'POST']>
2025-06-21 00:19:12,031 - httpcore.http11 - DEBUG - send_request_body.complete
2025-06-21 00:19:12,031 - httpcore.http11 - DEBUG - receive_response_headers.started request=<Request [b'POST']>
2025-06-21 00:19:22,130 - httpcore.http11 - DEBUG - receive_response_headers.complete return_value=(b'HTTP/1.1', 200, b'OK', [(b'Server', b'nginx/1.18.0'), (b'Date', b'Fri, 20 Jun 2025 23:19:21 GMT'), (b'Content-Type', b'application/json'), (b'Content-Length', b'23'), (b'Connection', b'keep-alive'), (b'Strict-Transport-Security', b'max-age=31536000; includeSubDomains; preload'), (b'Access-Control-Allow-Origin', b'*'), (b'Access-Control-Allow-Methods', b'GET, POST, OPTIONS'), (b'Access-Control-Expose-Headers', b'Content-Length,Content-Type,Date,Server,Connection')])
2025-06-21 00:19:22,130 - httpx - INFO - HTTP Request: POST https://api.telegram.org/bot7707158318:AAE8rWa4Q8Z_3avql6K0HAmXaooZAReoNF0/getUpdates "HTTP/1.1 200 OK"
2025-06-21 00:19:22,137 - httpcore.http11 - DEBUG - receive_response_body.started request=<Request [b'POST']>
2025-06-21 00:19:22,137 - httpcore.http11 - DEBUG - receive_response_body.complete
2025-06-21 00:19:22,137 - httpcore.http11 - DEBUG - response_closed.started
2025-06-21 00:19:22,137 - httpcore.http11 - DEBUG - response_closed.complete
2025-06-21 00:19:22,139 - telegram.ext.ExtBot - DEBUG - No new updates found.
2025-06-21 00:19:22,139 - telegram.ext.ExtBot - DEBUG - ()
2025-06-21 00:19:22,139 - telegram.ext.ExtBot - DEBUG - Exiting: get_updates
2025-06-21 00:19:22,139 - telegram.ext.ExtBot - DEBUG - Entering: get_updates
2025-06-21 00:19:22,141 - httpcore.http11 - DEBUG - send_request_headers.started request=<Request [b'POST']>
2025-06-21 00:19:22,143 - httpcore.http11 - DEBUG - send_request_headers.complete
2025-06-21 00:19:22,143 - httpcore.http11 - DEBUG - send_request_body.started request=<Request [b'POST']>
2025-06-21 00:19:22,146 - httpcore.http11 - DEBUG - send_request_body.complete
2025-06-21 00:19:22,146 - httpcore.http11 - DEBUG - receive_response_headers.started request=<Request [b'POST']>
2025-06-21 00:19:32,365 - httpcore.http11 - DEBUG - receive_response_headers.complete return_value=(b'HTTP/1.1', 200, b'OK', [(b'Server', b'nginx/1.18.0'), (b'Date', b'Fri, 20 Jun 2025 23:19:31 GMT'), (b'Content-Type', b'application/json'), (b'Content-Length', b'23'), (b'Connection', b'keep-alive'), (b'Strict-Transport-Security', b'max-age=31536000; includeSubDomains; preload'), (b'Access-Control-Allow-Origin', b'*'), (b'Access-Control-Allow-Methods', b'GET, POST, OPTIONS'), (b'Access-Control-Expose-Headers', b'Content-Length,Content-Type,Date,Server,Connection')])
2025-06-21 00:19:32,370 - httpx - INFO - HTTP Request: POST https://api.telegram.org/bot7707158318:AAE8rWa4Q8Z_3avql6K0HAmXaooZAReoNF0/getUpdates "HTTP/1.1 200 OK"
2025-06-21 00:19:32,372 - httpcore.http11 - DEBUG - receive_response_body.started request=<Request [b'POST']>
2025-06-21 00:19:32,372 - httpcore.http11 - DEBUG - receive_response_body.complete
2025-06-21 00:19:32,375 - httpcore.http11 - DEBUG - response_closed.started
2025-06-21 00:19:32,376 - httpcore.http11 - DEBUG - response_closed.complete
2025-06-21 00:19:32,377 - telegram.ext.ExtBot - DEBUG - No new updates found.
2025-06-21 00:19:32,377 - telegram.ext.ExtBot - DEBUG - ()
2025-06-21 00:19:32,377 - telegram.ext.ExtBot - DEBUG - Exiting: get_updates
2025-06-21 00:19:32,377 - telegram.ext.ExtBot - DEBUG - Entering: get_updates
2025-06-21 00:19:32,381 - httpcore.http11 - DEBUG - send_request_headers.started request=<Request [b'POST']>
2025-06-21 00:19:32,381 - httpcore.http11 - DEBUG - send_request_headers.complete
2025-06-21 00:19:32,381 - httpcore.http11 - DEBUG - send_request_body.started request=<Request [b'POST']>
2025-06-21 00:19:32,383 - httpcore.http11 - DEBUG - send_request_body.complete
2025-06-21 00:19:32,383 - httpcore.http11 - DEBUG - receive_response_headers.started request=<Request [b'POST']>
2025-06-21 00:19:42,609 - httpcore.http11 - DEBUG - receive_response_headers.complete return_value=(b'HTTP/1.1', 200, b'OK', [(b'Server', b'nginx/1.18.0'), (b'Date', b'Fri, 20 Jun 2025 23:19:42 GMT'), (b'Content-Type', b'application/json'), (b'Content-Length', b'23'), (b'Connection', b'keep-alive'), (b'Strict-Transport-Security', b'max-age=31536000; includeSubDomains; preload'), (b'Access-Control-Allow-Origin', b'*'), (b'Access-Control-Allow-Methods', b'GET, POST, OPTIONS'), (b'Access-Control-Expose-Headers', b'Content-Length,Content-Type,Date,Server,Connection')])
2025-06-21 00:19:42,610 - httpx - INFO - HTTP Request: POST https://api.telegram.org/bot7707158318:AAE8rWa4Q8Z_3avql6K0HAmXaooZAReoNF0/getUpdates "HTTP/1.1 200 OK"
2025-06-21 00:19:42,610 - httpcore.http11 - DEBUG - receive_response_body.started request=<Request [b'POST']>
2025-06-21 00:19:42,613 - httpcore.http11 - DEBUG - receive_response_body.complete
2025-06-21 00:19:42,613 - httpcore.http11 - DEBUG - response_closed.started
2025-06-21 00:19:42,614 - httpcore.http11 - DEBUG - response_closed.complete
2025-06-21 00:19:42,614 - telegram.ext.ExtBot - DEBUG - No new updates found.
2025-06-21 00:19:42,615 - telegram.ext.ExtBot - DEBUG - ()
2025-06-21 00:19:42,615 - telegram.ext.ExtBot - DEBUG - Exiting: get_updates
2025-06-21 00:19:42,615 - telegram.ext.ExtBot - DEBUG - Entering: get_updates
2025-06-21 00:19:42,615 - httpcore.http11 - DEBUG - send_request_headers.started request=<Request [b'POST']>
2025-06-21 00:19:42,615 - httpcore.http11 - DEBUG - send_request_headers.complete
2025-06-21 00:19:42,615 - httpcore.http11 - DEBUG - send_request_body.started request=<Request [b'POST']>
2025-06-21 00:19:42,615 - httpcore.http11 - DEBUG - send_request_body.complete
2025-06-21 00:19:42,615 - httpcore.http11 - DEBUG - receive_response_headers.started request=<Request [b'POST']>
2025-06-21 00:19:52,709 - httpcore.http11 - DEBUG - receive_response_headers.complete return_value=(b'HTTP/1.1', 200, b'OK', [(b'Server', b'nginx/1.18.0'), (b'Date', b'Fri, 20 Jun 2025 23:19:52 GMT'), (b'Content-Type', b'application/json'), (b'Content-Length', b'23'), (b'Connection', b'keep-alive'), (b'Strict-Transport-Security', b'max-age=31536000; includeSubDomains; preload'), (b'Access-Control-Allow-Origin', b'*'), (b'Access-Control-Allow-Methods', b'GET, POST, OPTIONS'), (b'Access-Control-Expose-Headers', b'Content-Length,Content-Type,Date,Server,Connection')])
2025-06-21 00:19:52,711 - httpx - INFO - HTTP Request: POST https://api.telegram.org/bot7707158318:AAE8rWa4Q8Z_3avql6K0HAmXaooZAReoNF0/getUpdates "HTTP/1.1 200 OK"
2025-06-21 00:19:52,712 - httpcore.http11 - DEBUG - receive_response_body.started request=<Request [b'POST']>
2025-06-21 00:19:52,713 - httpcore.http11 - DEBUG - receive_response_body.complete
2025-06-21 00:19:52,713 - httpcore.http11 - DEBUG - response_closed.started
2025-06-21 00:19:52,713 - httpcore.http11 - DEBUG - response_closed.complete
2025-06-21 00:19:52,715 - telegram.ext.ExtBot - DEBUG - No new updates found.
2025-06-21 00:19:52,715 - telegram.ext.ExtBot - DEBUG - ()
2025-06-21 00:19:52,716 - telegram.ext.ExtBot - DEBUG - Exiting: get_updates
2025-06-21 00:19:52,716 - telegram.ext.ExtBot - DEBUG - Entering: get_updates
2025-06-21 00:19:52,716 - httpcore.http11 - DEBUG - send_request_headers.started request=<Request [b'POST']>
2025-06-21 00:19:52,716 - httpcore.http11 - DEBUG - send_request_headers.complete
2025-06-21 00:19:52,716 - httpcore.http11 - DEBUG - send_request_body.started request=<Request [b'POST']>
2025-06-21 00:19:52,721 - httpcore.http11 - DEBUG - send_request_body.complete
2025-06-21 00:19:52,721 - httpcore.http11 - DEBUG - receive_response_headers.started request=<Request [b'POST']>
2025-06-21 00:20:02,794 - httpcore.http11 - DEBUG - receive_response_headers.complete return_value=(b'HTTP/1.1', 200, b'OK', [(b'Server', b'nginx/1.18.0'), (b'Date', b'Fri, 20 Jun 2025 23:20:02 GMT'), (b'Content-Type', b'application/json'), (b'Content-Length', b'23'), (b'Connection', b'keep-alive'), (b'Strict-Transport-Security', b'max-age=31536000; includeSubDomains; preload'), (b'Access-Control-Allow-Origin', b'*'), (b'Access-Control-Allow-Methods', b'GET, POST, OPTIONS'), (b'Access-Control-Expose-Headers', b'Content-Length,Content-Type,Date,Server,Connection')])
2025-06-21 00:20:02,797 - httpx - INFO - HTTP Request: POST https://api.telegram.org/bot7707158318:AAE8rWa4Q8Z_3avql6K0HAmXaooZAReoNF0/getUpdates "HTTP/1.1 200 OK"
2025-06-21 00:20:02,798 - httpcore.http11 - DEBUG - receive_response_body.started request=<Request [b'POST']>
2025-06-21 00:20:02,799 - httpcore.http11 - DEBUG - receive_response_body.complete
2025-06-21 00:20:02,800 - httpcore.http11 - DEBUG - response_closed.started
2025-06-21 00:20:02,801 - httpcore.http11 - DEBUG - response_closed.complete
2025-06-21 00:20:02,802 - telegram.ext.ExtBot - DEBUG - No new updates found.
2025-06-21 00:20:02,803 - telegram.ext.ExtBot - DEBUG - ()
2025-06-21 00:20:02,803 - telegram.ext.ExtBot - DEBUG - Exiting: get_updates
2025-06-21 00:20:02,803 - telegram.ext.ExtBot - DEBUG - Entering: get_updates
2025-06-21 00:20:02,807 - httpcore.http11 - DEBUG - send_request_headers.started request=<Request [b'POST']>
2025-06-21 00:20:02,807 - httpcore.http11 - DEBUG - send_request_headers.complete
2025-06-21 00:20:02,809 - httpcore.http11 - DEBUG - send_request_body.started request=<Request [b'POST']>
2025-06-21 00:20:02,810 - httpcore.http11 - DEBUG - send_request_body.complete
2025-06-21 00:20:02,810 - httpcore.http11 - DEBUG - receive_response_headers.started request=<Request [b'POST']>
2025-06-21 00:20:13,329 - httpcore.http11 - DEBUG - receive_response_headers.complete return_value=(b'HTTP/1.1', 200, b'OK', [(b'Server', b'nginx/1.18.0'), (b'Date', b'Fri, 20 Jun 2025 23:20:12 GMT'), (b'Content-Type', b'application/json'), (b'Content-Length', b'23'), (b'Connection', b'keep-alive'), (b'Strict-Transport-Security', b'max-age=31536000; includeSubDomains; preload'), (b'Access-Control-Allow-Origin', b'*'), (b'Access-Control-Allow-Methods', b'GET, POST, OPTIONS'), (b'Access-Control-Expose-Headers', b'Content-Length,Content-Type,Date,Server,Connection')])
2025-06-21 00:20:13,329 - httpx - INFO - HTTP Request: POST https://api.telegram.org/bot7707158318:AAE8rWa4Q8Z_3avql6K0HAmXaooZAReoNF0/getUpdates "HTTP/1.1 200 OK"
2025-06-21 00:20:13,330 - httpcore.http11 - DEBUG - receive_response_body.started request=<Request [b'POST']>
2025-06-21 00:20:13,332 - httpcore.http11 - DEBUG - receive_response_body.complete
2025-06-21 00:20:13,332 - httpcore.http11 - DEBUG - response_closed.started
2025-06-21 00:20:13,332 - httpcore.http11 - DEBUG - response_closed.complete
2025-06-21 00:20:13,333 - telegram.ext.ExtBot - DEBUG - No new updates found.
2025-06-21 00:20:13,333 - telegram.ext.ExtBot - DEBUG - ()
2025-06-21 00:20:13,334 - telegram.ext.ExtBot - DEBUG - Exiting: get_updates
2025-06-21 00:20:13,334 - telegram.ext.ExtBot - DEBUG - Entering: get_updates
2025-06-21 00:20:13,336 - httpcore.http11 - DEBUG - send_request_headers.started request=<Request [b'POST']>
2025-06-21 00:20:13,336 - httpcore.http11 - DEBUG - send_request_headers.complete
2025-06-21 00:20:13,338 - httpcore.http11 - DEBUG - send_request_body.started request=<Request [b'POST']>
2025-06-21 00:20:13,339 - httpcore.http11 - DEBUG - send_request_body.complete
2025-06-21 00:20:13,339 - httpcore.http11 - DEBUG - receive_response_headers.started request=<Request [b'POST']>
2025-06-21 00:20:23,466 - httpcore.http11 - DEBUG - receive_response_headers.complete return_value=(b'HTTP/1.1', 200, b'OK', [(b'Server', b'nginx/1.18.0'), (b'Date', b'Fri, 20 Jun 2025 23:20:23 GMT'), (b'Content-Type', b'application/json'), (b'Content-Length', b'23'), (b'Connection', b'keep-alive'), (b'Strict-Transport-Security', b'max-age=31536000; includeSubDomains; preload'), (b'Access-Control-Allow-Origin', b'*'), (b'Access-Control-Allow-Methods', b'GET, POST, OPTIONS'), (b'Access-Control-Expose-Headers', b'Content-Length,Content-Type,Date,Server,Connection')])
2025-06-21 00:20:23,466 - httpx - INFO - HTTP Request: POST https://api.telegram.org/bot7707158318:AAE8rWa4Q8Z_3avql6K0HAmXaooZAReoNF0/getUpdates "HTTP/1.1 200 OK"
2025-06-21 00:20:23,468 - httpcore.http11 - DEBUG - receive_response_body.started request=<Request [b'POST']>
2025-06-21 00:20:23,468 - httpcore.http11 - DEBUG - receive_response_body.complete
2025-06-21 00:20:23,470 - httpcore.http11 - DEBUG - response_closed.started
2025-06-21 00:20:23,470 - httpcore.http11 - DEBUG - response_closed.complete
2025-06-21 00:20:23,470 - telegram.ext.ExtBot - DEBUG - No new updates found.
2025-06-21 00:20:23,470 - telegram.ext.ExtBot - DEBUG - ()
2025-06-21 00:20:23,470 - telegram.ext.ExtBot - DEBUG - Exiting: get_updates
2025-06-21 00:20:23,470 - telegram.ext.ExtBot - DEBUG - Entering: get_updates
2025-06-21 00:20:23,474 - httpcore.http11 - DEBUG - send_request_headers.started request=<Request [b'POST']>
2025-06-21 00:20:23,474 - httpcore.http11 - DEBUG - send_request_headers.complete
2025-06-21 00:20:23,474 - httpcore.http11 - DEBUG - send_request_body.started request=<Request [b'POST']>
2025-06-21 00:20:23,476 - httpcore.http11 - DEBUG - send_request_body.complete
2025-06-21 00:20:23,476 - httpcore.http11 - DEBUG - receive_response_headers.started request=<Request [b'POST']>
2025-06-21 00:20:33,593 - httpcore.http11 - DEBUG - receive_response_headers.complete return_value=(b'HTTP/1.1', 200, b'OK', [(b'Server', b'nginx/1.18.0'), (b'Date', b'Fri, 20 Jun 2025 23:20:33 GMT'), (b'Content-Type', b'application/json'), (b'Content-Length', b'23'), (b'Connection', b'keep-alive'), (b'Strict-Transport-Security', b'max-age=31536000; includeSubDomains; preload'), (b'Access-Control-Allow-Origin', b'*'), (b'Access-Control-Allow-Methods', b'GET, POST, OPTIONS'), (b'Access-Control-Expose-Headers', b'Content-Length,Content-Type,Date,Server,Connection')])
2025-06-21 00:20:33,595 - httpx - INFO - HTTP Request: POST https://api.telegram.org/bot7707158318:AAE8rWa4Q8Z_3avql6K0HAmXaooZAReoNF0/getUpdates "HTTP/1.1 200 OK"
2025-06-21 00:20:33,599 - httpcore.http11 - DEBUG - receive_response_body.started request=<Request [b'POST']>
2025-06-21 00:20:33,599 - httpcore.http11 - DEBUG - receive_response_body.complete
2025-06-21 00:20:33,599 - httpcore.http11 - DEBUG - response_closed.started
2025-06-21 00:20:33,601 - httpcore.http11 - DEBUG - response_closed.complete
2025-06-21 00:20:33,601 - telegram.ext.ExtBot - DEBUG - No new updates found.
2025-06-21 00:20:33,601 - telegram.ext.ExtBot - DEBUG - ()
2025-06-21 00:20:33,601 - telegram.ext.ExtBot - DEBUG - Exiting: get_updates
2025-06-21 00:20:33,601 - telegram.ext.ExtBot - DEBUG - Entering: get_updates
2025-06-21 00:20:33,603 - httpcore.http11 - DEBUG - send_request_headers.started request=<Request [b'POST']>
2025-06-21 00:20:33,605 - httpcore.http11 - DEBUG - send_request_headers.complete
2025-06-21 00:20:33,605 - httpcore.http11 - DEBUG - send_request_body.started request=<Request [b'POST']>
2025-06-21 00:20:33,605 - httpcore.http11 - DEBUG - send_request_body.complete
2025-06-21 00:20:33,607 - httpcore.http11 - DEBUG - receive_response_headers.started request=<Request [b'POST']>
2025-06-21 00:20:43,846 - httpcore.http11 - DEBUG - receive_response_headers.complete return_value=(b'HTTP/1.1', 200, b'OK', [(b'Server', b'nginx/1.18.0'), (b'Date', b'Fri, 20 Jun 2025 23:20:43 GMT'), (b'Content-Type', b'application/json'), (b'Content-Length', b'23'), (b'Connection', b'keep-alive'), (b'Strict-Transport-Security', b'max-age=31536000; includeSubDomains; preload'), (b'Access-Control-Allow-Origin', b'*'), (b'Access-Control-Allow-Methods', b'GET, POST, OPTIONS'), (b'Access-Control-Expose-Headers', b'Content-Length,Content-Type,Date,Server,Connection')])
2025-06-21 00:20:43,849 - httpx - INFO - HTTP Request: POST https://api.telegram.org/bot7707158318:AAE8rWa4Q8Z_3avql6K0HAmXaooZAReoNF0/getUpdates "HTTP/1.1 200 OK"
2025-06-21 00:20:43,851 - httpcore.http11 - DEBUG - receive_response_body.started request=<Request [b'POST']>
2025-06-21 00:20:43,851 - httpcore.http11 - DEBUG - receive_response_body.complete
2025-06-21 00:20:43,851 - httpcore.http11 - DEBUG - response_closed.started
2025-06-21 00:20:43,851 - httpcore.http11 - DEBUG - response_closed.complete
2025-06-21 00:20:43,853 - telegram.ext.ExtBot - DEBUG - No new updates found.
2025-06-21 00:20:43,853 - telegram.ext.ExtBot - DEBUG - ()
2025-06-21 00:20:43,853 - telegram.ext.ExtBot - DEBUG - Exiting: get_updates
2025-06-21 00:20:43,853 - telegram.ext.ExtBot - DEBUG - Entering: get_updates
2025-06-21 00:20:43,855 - httpcore.http11 - DEBUG - send_request_headers.started request=<Request [b'POST']>
2025-06-21 00:20:43,858 - httpcore.http11 - DEBUG - send_request_headers.complete
2025-06-21 00:20:43,858 - httpcore.http11 - DEBUG - send_request_body.started request=<Request [b'POST']>
2025-06-21 00:20:43,860 - httpcore.http11 - DEBUG - send_request_body.complete
2025-06-21 00:20:43,860 - httpcore.http11 - DEBUG - receive_response_headers.started request=<Request [b'POST']>
2025-06-21 00:20:53,959 - httpcore.http11 - DEBUG - receive_response_headers.complete return_value=(b'HTTP/1.1', 200, b'OK', [(b'Server', b'nginx/1.18.0'), (b'Date', b'Fri, 20 Jun 2025 23:20:53 GMT'), (b'Content-Type', b'application/json'), (b'Content-Length', b'23'), (b'Connection', b'keep-alive'), (b'Strict-Transport-Security', b'max-age=31536000; includeSubDomains; preload'), (b'Access-Control-Allow-Origin', b'*'), (b'Access-Control-Allow-Methods', b'GET, POST, OPTIONS'), (b'Access-Control-Expose-Headers', b'Content-Length,Content-Type,Date,Server,Connection')])
2025-06-21 00:20:53,959 - httpx - INFO - HTTP Request: POST https://api.telegram.org/bot7707158318:AAE8rWa4Q8Z_3avql6K0HAmXaooZAReoNF0/getUpdates "HTTP/1.1 200 OK"
2025-06-21 00:20:53,965 - httpcore.http11 - DEBUG - receive_response_body.started request=<Request [b'POST']>
2025-06-21 00:20:53,966 - httpcore.http11 - DEBUG - receive_response_body.complete
2025-06-21 00:20:53,966 - httpcore.http11 - DEBUG - response_closed.started
2025-06-21 00:20:53,966 - httpcore.http11 - DEBUG - response_closed.complete
2025-06-21 00:20:53,967 - telegram.ext.ExtBot - DEBUG - No new updates found.
2025-06-21 00:20:53,967 - telegram.ext.ExtBot - DEBUG - ()
2025-06-21 00:20:53,968 - telegram.ext.ExtBot - DEBUG - Exiting: get_updates
2025-06-21 00:20:53,968 - telegram.ext.ExtBot - DEBUG - Entering: get_updates
2025-06-21 00:20:53,971 - httpcore.http11 - DEBUG - send_request_headers.started request=<Request [b'POST']>
2025-06-21 00:20:53,974 - httpcore.http11 - DEBUG - send_request_headers.complete
2025-06-21 00:20:53,974 - httpcore.http11 - DEBUG - send_request_body.started request=<Request [b'POST']>
2025-06-21 00:20:53,975 - httpcore.http11 - DEBUG - send_request_body.complete
2025-06-21 00:20:53,976 - httpcore.http11 - DEBUG - receive_response_headers.started request=<Request [b'POST']>
2025-06-21 00:21:04,072 - httpcore.http11 - DEBUG - receive_response_headers.complete return_value=(b'HTTP/1.1', 200, b'OK', [(b'Server', b'nginx/1.18.0'), (b'Date', b'Fri, 20 Jun 2025 23:21:03 GMT'), (b'Content-Type', b'application/json'), (b'Content-Length', b'23'), (b'Connection', b'keep-alive'), (b'Strict-Transport-Security', b'max-age=31536000; includeSubDomains; preload'), (b'Access-Control-Allow-Origin', b'*'), (b'Access-Control-Allow-Methods', b'GET, POST, OPTIONS'), (b'Access-Control-Expose-Headers', b'Content-Length,Content-Type,Date,Server,Connection')])
2025-06-21 00:21:04,074 - httpx - INFO - HTTP Request: POST https://api.telegram.org/bot7707158318:AAE8rWa4Q8Z_3avql6K0HAmXaooZAReoNF0/getUpdates "HTTP/1.1 200 OK"
2025-06-21 00:21:04,074 - httpcore.http11 - DEBUG - receive_response_body.started request=<Request [b'POST']>
2025-06-21 00:21:04,076 - httpcore.http11 - DEBUG - receive_response_body.complete
2025-06-21 00:21:04,076 - httpcore.http11 - DEBUG - response_closed.started
2025-06-21 00:21:04,076 - httpcore.http11 - DEBUG - response_closed.complete
2025-06-21 00:21:04,076 - telegram.ext.ExtBot - DEBUG - No new updates found.
2025-06-21 00:21:04,076 - telegram.ext.ExtBot - DEBUG - ()
2025-06-21 00:21:04,076 - telegram.ext.ExtBot - DEBUG - Exiting: get_updates
2025-06-21 00:21:04,076 - telegram.ext.ExtBot - DEBUG - Entering: get_updates
2025-06-21 00:21:04,080 - httpcore.http11 - DEBUG - send_request_headers.started request=<Request [b'POST']>
2025-06-21 00:21:04,083 - httpcore.http11 - DEBUG - send_request_headers.complete
2025-06-21 00:21:04,083 - httpcore.http11 - DEBUG - send_request_body.started request=<Request [b'POST']>
2025-06-21 00:21:04,085 - httpcore.http11 - DEBUG - send_request_body.complete
2025-06-21 00:21:04,086 - httpcore.http11 - DEBUG - receive_response_headers.started request=<Request [b'POST']>
2025-06-21 00:21:14,360 - httpcore.http11 - DEBUG - receive_response_headers.complete return_value=(b'HTTP/1.1', 200, b'OK', [(b'Server', b'nginx/1.18.0'), (b'Date', b'Fri, 20 Jun 2025 23:21:13 GMT'), (b'Content-Type', b'application/json'), (b'Content-Length', b'23'), (b'Connection', b'keep-alive'), (b'Strict-Transport-Security', b'max-age=31536000; includeSubDomains; preload'), (b'Access-Control-Allow-Origin', b'*'), (b'Access-Control-Allow-Methods', b'GET, POST, OPTIONS'), (b'Access-Control-Expose-Headers', b'Content-Length,Content-Type,Date,Server,Connection')])
2025-06-21 00:21:14,362 - httpx - INFO - HTTP Request: POST https://api.telegram.org/bot7707158318:AAE8rWa4Q8Z_3avql6K0HAmXaooZAReoNF0/getUpdates "HTTP/1.1 200 OK"
2025-06-21 00:21:14,364 - httpcore.http11 - DEBUG - receive_response_body.started request=<Request [b'POST']>
2025-06-21 00:21:14,365 - httpcore.http11 - DEBUG - receive_response_body.complete
2025-06-21 00:21:14,365 - httpcore.http11 - DEBUG - response_closed.started
2025-06-21 00:21:14,366 - httpcore.http11 - DEBUG - response_closed.complete
2025-06-21 00:21:14,367 - telegram.ext.ExtBot - DEBUG - No new updates found.
2025-06-21 00:21:14,367 - telegram.ext.ExtBot - DEBUG - ()
2025-06-21 00:21:14,367 - telegram.ext.ExtBot - DEBUG - Exiting: get_updates
2025-06-21 00:21:14,367 - telegram.ext.ExtBot - DEBUG - Entering: get_updates
2025-06-21 00:21:14,370 - httpcore.http11 - DEBUG - send_request_headers.started request=<Request [b'POST']>
2025-06-21 00:21:14,371 - httpcore.http11 - DEBUG - send_request_headers.complete
2025-06-21 00:21:14,371 - httpcore.http11 - DEBUG - send_request_body.started request=<Request [b'POST']>
2025-06-21 00:21:14,372 - httpcore.http11 - DEBUG - send_request_body.complete
2025-06-21 00:21:14,372 - httpcore.http11 - DEBUG - receive_response_headers.started request=<Request [b'POST']>
2025-06-21 00:21:24,547 - httpcore.http11 - DEBUG - receive_response_headers.complete return_value=(b'HTTP/1.1', 200, b'OK', [(b'Server', b'nginx/1.18.0'), (b'Date', b'Fri, 20 Jun 2025 23:21:24 GMT'), (b'Content-Type', b'application/json'), (b'Content-Length', b'23'), (b'Connection', b'keep-alive'), (b'Strict-Transport-Security', b'max-age=31536000; includeSubDomains; preload'), (b'Access-Control-Allow-Origin', b'*'), (b'Access-Control-Allow-Methods', b'GET, POST, OPTIONS'), (b'Access-Control-Expose-Headers', b'Content-Length,Content-Type,Date,Server,Connection')])
2025-06-21 00:21:24,549 - httpx - INFO - HTTP Request: POST https://api.telegram.org/bot7707158318:AAE8rWa4Q8Z_3avql6K0HAmXaooZAReoNF0/getUpdates "HTTP/1.1 200 OK"
2025-06-21 00:21:24,550 - httpcore.http11 - DEBUG - receive_response_body.started request=<Request [b'POST']>
2025-06-21 00:21:24,552 - httpcore.http11 - DEBUG - receive_response_body.complete
2025-06-21 00:21:24,552 - httpcore.http11 - DEBUG - response_closed.started
2025-06-21 00:21:24,552 - httpcore.http11 - DEBUG - response_closed.complete
2025-06-21 00:21:24,554 - telegram.ext.ExtBot - DEBUG - No new updates found.
2025-06-21 00:21:24,554 - telegram.ext.ExtBot - DEBUG - ()
2025-06-21 00:21:24,554 - telegram.ext.ExtBot - DEBUG - Exiting: get_updates
2025-06-21 00:21:24,554 - telegram.ext.ExtBot - DEBUG - Entering: get_updates
2025-06-21 00:21:24,556 - httpcore.http11 - DEBUG - send_request_headers.started request=<Request [b'POST']>
2025-06-21 00:21:24,558 - httpcore.http11 - DEBUG - send_request_headers.complete
2025-06-21 00:21:24,558 - httpcore.http11 - DEBUG - send_request_body.started request=<Request [b'POST']>
2025-06-21 00:21:24,560 - httpcore.http11 - DEBUG - send_request_body.complete
2025-06-21 00:21:24,560 - httpcore.http11 - DEBUG - receive_response_headers.started request=<Request [b'POST']>
2025-06-21 00:21:34,839 - httpcore.http11 - DEBUG - receive_response_headers.complete return_value=(b'HTTP/1.1', 200, b'OK', [(b'Server', b'nginx/1.18.0'), (b'Date', b'Fri, 20 Jun 2025 23:21:34 GMT'), (b'Content-Type', b'application/json'), (b'Content-Length', b'23'), (b'Connection', b'keep-alive'), (b'Strict-Transport-Security', b'max-age=31536000; includeSubDomains; preload'), (b'Access-Control-Allow-Origin', b'*'), (b'Access-Control-Allow-Methods', b'GET, POST, OPTIONS'), (b'Access-Control-Expose-Headers', b'Content-Length,Content-Type,Date,Server,Connection')])
2025-06-21 00:21:34,839 - httpx - INFO - HTTP Request: POST https://api.telegram.org/bot7707158318:AAE8rWa4Q8Z_3avql6K0HAmXaooZAReoNF0/getUpdates "HTTP/1.1 200 OK"
2025-06-21 00:21:34,841 - httpcore.http11 - DEBUG - receive_response_body.started request=<Request [b'POST']>
2025-06-21 00:21:34,841 - httpcore.http11 - DEBUG - receive_response_body.complete
2025-06-21 00:21:34,841 - httpcore.http11 - DEBUG - response_closed.started
2025-06-21 00:21:34,841 - httpcore.http11 - DEBUG - response_closed.complete
2025-06-21 00:21:34,841 - telegram.ext.ExtBot - DEBUG - No new updates found.
2025-06-21 00:21:34,841 - telegram.ext.ExtBot - DEBUG - ()
2025-06-21 00:21:34,841 - telegram.ext.ExtBot - DEBUG - Exiting: get_updates
2025-06-21 00:21:34,841 - telegram.ext.ExtBot - DEBUG - Entering: get_updates
2025-06-21 00:21:34,847 - httpcore.http11 - DEBUG - send_request_headers.started request=<Request [b'POST']>
2025-06-21 00:21:34,847 - httpcore.http11 - DEBUG - send_request_headers.complete
2025-06-21 00:21:34,849 - httpcore.http11 - DEBUG - send_request_body.started request=<Request [b'POST']>
2025-06-21 00:21:34,849 - httpcore.http11 - DEBUG - send_request_body.complete
2025-06-21 00:21:34,849 - httpcore.http11 - DEBUG - receive_response_headers.started request=<Request [b'POST']>
2025-06-21 00:21:44,992 - httpcore.http11 - DEBUG - receive_response_headers.complete return_value=(b'HTTP/1.1', 200, b'OK', [(b'Server', b'nginx/1.18.0'), (b'Date', b'Fri, 20 Jun 2025 23:21:44 GMT'), (b'Content-Type', b'application/json'), (b'Content-Length', b'23'), (b'Connection', b'keep-alive'), (b'Strict-Transport-Security', b'max-age=31536000; includeSubDomains; preload'), (b'Access-Control-Allow-Origin', b'*'), (b'Access-Control-Allow-Methods', b'GET, POST, OPTIONS'), (b'Access-Control-Expose-Headers', b'Content-Length,Content-Type,Date,Server,Connection')])
2025-06-21 00:21:44,994 - httpx - INFO - HTTP Request: POST https://api.telegram.org/bot7707158318:AAE8rWa4Q8Z_3avql6K0HAmXaooZAReoNF0/getUpdates "HTTP/1.1 200 OK"
2025-06-21 00:21:44,995 - httpcore.http11 - DEBUG - receive_response_body.started request=<Request [b'POST']>
2025-06-21 00:21:44,997 - httpcore.http11 - DEBUG - receive_response_body.complete
2025-06-21 00:21:44,997 - httpcore.http11 - DEBUG - response_closed.started
2025-06-21 00:21:44,999 - httpcore.http11 - DEBUG - response_closed.complete
2025-06-21 00:21:45,001 - telegram.ext.ExtBot - DEBUG - No new updates found.
2025-06-21 00:21:45,001 - telegram.ext.ExtBot - DEBUG - ()
2025-06-21 00:21:45,001 - telegram.ext.ExtBot - DEBUG - Exiting: get_updates
2025-06-21 00:21:45,001 - telegram.ext.ExtBot - DEBUG - Entering: get_updates
2025-06-21 00:21:45,005 - httpcore.http11 - DEBUG - send_request_headers.started request=<Request [b'POST']>
2025-06-21 00:21:45,007 - httpcore.http11 - DEBUG - send_request_headers.complete
2025-06-21 00:21:45,007 - httpcore.http11 - DEBUG - send_request_body.started request=<Request [b'POST']>
2025-06-21 00:21:45,009 - httpcore.http11 - DEBUG - send_request_body.complete
2025-06-21 00:21:45,009 - httpcore.http11 - DEBUG - receive_response_headers.started request=<Request [b'POST']>
2025-06-21 00:21:55,114 - httpcore.http11 - DEBUG - receive_response_headers.complete return_value=(b'HTTP/1.1', 200, b'OK', [(b'Server', b'nginx/1.18.0'), (b'Date', b'Fri, 20 Jun 2025 23:21:54 GMT'), (b'Content-Type', b'application/json'), (b'Content-Length', b'23'), (b'Connection', b'keep-alive'), (b'Strict-Transport-Security', b'max-age=31536000; includeSubDomains; preload'), (b'Access-Control-Allow-Origin', b'*'), (b'Access-Control-Allow-Methods', b'GET, POST, OPTIONS'), (b'Access-Control-Expose-Headers', b'Content-Length,Content-Type,Date,Server,Connection')])
2025-06-21 00:21:55,114 - httpx - INFO - HTTP Request: POST https://api.telegram.org/bot7707158318:AAE8rWa4Q8Z_3avql6K0HAmXaooZAReoNF0/getUpdates "HTTP/1.1 200 OK"
2025-06-21 00:21:55,116 - httpcore.http11 - DEBUG - receive_response_body.started request=<Request [b'POST']>
2025-06-21 00:21:55,116 - httpcore.http11 - DEBUG - receive_response_body.complete
2025-06-21 00:21:55,118 - httpcore.http11 - DEBUG - response_closed.started
2025-06-21 00:21:55,118 - httpcore.http11 - DEBUG - response_closed.complete
2025-06-21 00:21:55,118 - telegram.ext.ExtBot - DEBUG - No new updates found.
2025-06-21 00:21:55,120 - telegram.ext.ExtBot - DEBUG - ()
2025-06-21 00:21:55,120 - telegram.ext.ExtBot - DEBUG - Exiting: get_updates
2025-06-21 00:21:55,120 - telegram.ext.ExtBot - DEBUG - Entering: get_updates
2025-06-21 00:21:55,122 - httpcore.http11 - DEBUG - send_request_headers.started request=<Request [b'POST']>
2025-06-21 00:21:55,122 - httpcore.http11 - DEBUG - send_request_headers.complete
2025-06-21 00:21:55,124 - httpcore.http11 - DEBUG - send_request_body.started request=<Request [b'POST']>
2025-06-21 00:21:55,124 - httpcore.http11 - DEBUG - send_request_body.complete
2025-06-21 00:21:55,124 - httpcore.http11 - DEBUG - receive_response_headers.started request=<Request [b'POST']>
2025-06-21 00:22:05,456 - httpcore.http11 - DEBUG - receive_response_headers.complete return_value=(b'HTTP/1.1', 200, b'OK', [(b'Server', b'nginx/1.18.0'), (b'Date', b'Fri, 20 Jun 2025 23:22:05 GMT'), (b'Content-Type', b'application/json'), (b'Content-Length', b'23'), (b'Connection', b'keep-alive'), (b'Strict-Transport-Security', b'max-age=31536000; includeSubDomains; preload'), (b'Access-Control-Allow-Origin', b'*'), (b'Access-Control-Allow-Methods', b'GET, POST, OPTIONS'), (b'Access-Control-Expose-Headers', b'Content-Length,Content-Type,Date,Server,Connection')])
2025-06-21 00:22:05,457 - httpx - INFO - HTTP Request: POST https://api.telegram.org/bot7707158318:AAE8rWa4Q8Z_3avql6K0HAmXaooZAReoNF0/getUpdates "HTTP/1.1 200 OK"
2025-06-21 00:22:05,459 - httpcore.http11 - DEBUG - receive_response_body.started request=<Request [b'POST']>
2025-06-21 00:22:05,460 - httpcore.http11 - DEBUG - receive_response_body.complete
2025-06-21 00:22:05,460 - httpcore.http11 - DEBUG - response_closed.started
2025-06-21 00:22:05,461 - httpcore.http11 - DEBUG - response_closed.complete
2025-06-21 00:22:05,461 - telegram.ext.ExtBot - DEBUG - No new updates found.
2025-06-21 00:22:05,462 - telegram.ext.ExtBot - DEBUG - ()
2025-06-21 00:22:05,462 - telegram.ext.ExtBot - DEBUG - Exiting: get_updates
2025-06-21 00:22:05,462 - telegram.ext.ExtBot - DEBUG - Entering: get_updates
2025-06-21 00:22:05,464 - httpcore.http11 - DEBUG - send_request_headers.started request=<Request [b'POST']>
2025-06-21 00:22:05,466 - httpcore.http11 - DEBUG - send_request_headers.complete
2025-06-21 00:22:05,466 - httpcore.http11 - DEBUG - send_request_body.started request=<Request [b'POST']>
2025-06-21 00:22:05,467 - httpcore.http11 - DEBUG - send_request_body.complete
2025-06-21 00:22:05,467 - httpcore.http11 - DEBUG - receive_response_headers.started request=<Request [b'POST']>
2025-06-21 00:22:15,622 - httpcore.http11 - DEBUG - receive_response_headers.complete return_value=(b'HTTP/1.1', 200, b'OK', [(b'Server', b'nginx/1.18.0'), (b'Date', b'Fri, 20 Jun 2025 23:22:15 GMT'), (b'Content-Type', b'application/json'), (b'Content-Length', b'23'), (b'Connection', b'keep-alive'), (b'Strict-Transport-Security', b'max-age=31536000; includeSubDomains; preload'), (b'Access-Control-Allow-Origin', b'*'), (b'Access-Control-Allow-Methods', b'GET, POST, OPTIONS'), (b'Access-Control-Expose-Headers', b'Content-Length,Content-Type,Date,Server,Connection')])
2025-06-21 00:22:15,624 - httpx - INFO - HTTP Request: POST https://api.telegram.org/bot7707158318:AAE8rWa4Q8Z_3avql6K0HAmXaooZAReoNF0/getUpdates "HTTP/1.1 200 OK"
2025-06-21 00:22:15,626 - httpcore.http11 - DEBUG - receive_response_body.started request=<Request [b'POST']>
2025-06-21 00:22:15,628 - httpcore.http11 - DEBUG - receive_response_body.complete
2025-06-21 00:22:15,628 - httpcore.http11 - DEBUG - response_closed.started
2025-06-21 00:22:15,628 - httpcore.http11 - DEBUG - response_closed.complete
2025-06-21 00:22:15,628 - telegram.ext.ExtBot - DEBUG - No new updates found.
2025-06-21 00:22:15,628 - telegram.ext.ExtBot - DEBUG - ()
2025-06-21 00:22:15,630 - telegram.ext.ExtBot - DEBUG - Exiting: get_updates
2025-06-21 00:22:15,630 - telegram.ext.ExtBot - DEBUG - Entering: get_updates
2025-06-21 00:22:15,632 - httpcore.http11 - DEBUG - send_request_headers.started request=<Request [b'POST']>
2025-06-21 00:22:15,634 - httpcore.http11 - DEBUG - send_request_headers.complete
2025-06-21 00:22:15,634 - httpcore.http11 - DEBUG - send_request_body.started request=<Request [b'POST']>
2025-06-21 00:22:15,634 - httpcore.http11 - DEBUG - send_request_body.complete
2025-06-21 00:22:15,634 - httpcore.http11 - DEBUG - receive_response_headers.started request=<Request [b'POST']>
2025-06-21 00:22:26,653 - httpcore.http11 - DEBUG - receive_response_headers.complete return_value=(b'HTTP/1.1', 200, b'OK', [(b'Server', b'nginx/1.18.0'), (b'Date', b'Fri, 20 Jun 2025 23:22:26 GMT'), (b'Content-Type', b'application/json'), (b'Content-Length', b'23'), (b'Connection', b'keep-alive'), (b'Strict-Transport-Security', b'max-age=31536000; includeSubDomains; preload'), (b'Access-Control-Allow-Origin', b'*'), (b'Access-Control-Allow-Methods', b'GET, POST, OPTIONS'), (b'Access-Control-Expose-Headers', b'Content-Length,Content-Type,Date,Server,Connection')])
2025-06-21 00:22:26,653 - httpx - INFO - HTTP Request: POST https://api.telegram.org/bot7707158318:AAE8rWa4Q8Z_3avql6K0HAmXaooZAReoNF0/getUpdates "HTTP/1.1 200 OK"
2025-06-21 00:22:26,655 - httpcore.http11 - DEBUG - receive_response_body.started request=<Request [b'POST']>
2025-06-21 00:22:26,655 - httpcore.http11 - DEBUG - receive_response_body.complete
2025-06-21 00:22:26,655 - httpcore.http11 - DEBUG - response_closed.started
2025-06-21 00:22:26,657 - httpcore.http11 - DEBUG - response_closed.complete
2025-06-21 00:22:26,657 - telegram.ext.ExtBot - DEBUG - No new updates found.
2025-06-21 00:22:26,657 - telegram.ext.ExtBot - DEBUG - ()
2025-06-21 00:22:26,658 - telegram.ext.ExtBot - DEBUG - Exiting: get_updates
2025-06-21 00:22:26,658 - telegram.ext.ExtBot - DEBUG - Entering: get_updates
2025-06-21 00:22:26,660 - httpcore.http11 - DEBUG - send_request_headers.started request=<Request [b'POST']>
2025-06-21 00:22:26,662 - httpcore.http11 - DEBUG - send_request_headers.complete
2025-06-21 00:22:26,662 - httpcore.http11 - DEBUG - send_request_body.started request=<Request [b'POST']>
2025-06-21 00:22:26,664 - httpcore.http11 - DEBUG - send_request_body.complete
2025-06-21 00:22:26,666 - httpcore.http11 - DEBUG - receive_response_headers.started request=<Request [b'POST']>
2025-06-21 00:22:36,778 - httpcore.http11 - DEBUG - receive_response_headers.complete return_value=(b'HTTP/1.1', 200, b'OK', [(b'Server', b'nginx/1.18.0'), (b'Date', b'Fri, 20 Jun 2025 23:22:36 GMT'), (b'Content-Type', b'application/json'), (b'Content-Length', b'23'), (b'Connection', b'keep-alive'), (b'Strict-Transport-Security', b'max-age=31536000; includeSubDomains; preload'), (b'Access-Control-Allow-Origin', b'*'), (b'Access-Control-Allow-Methods', b'GET, POST, OPTIONS'), (b'Access-Control-Expose-Headers', b'Content-Length,Content-Type,Date,Server,Connection')])
2025-06-21 00:22:36,780 - httpx - INFO - HTTP Request: POST https://api.telegram.org/bot7707158318:AAE8rWa4Q8Z_3avql6K0HAmXaooZAReoNF0/getUpdates "HTTP/1.1 200 OK"
2025-06-21 00:22:36,780 - httpcore.http11 - DEBUG - receive_response_body.started request=<Request [b'POST']>
2025-06-21 00:22:36,780 - httpcore.http11 - DEBUG - receive_response_body.complete
2025-06-21 00:22:36,782 - httpcore.http11 - DEBUG - response_closed.started
2025-06-21 00:22:36,783 - httpcore.http11 - DEBUG - response_closed.complete
2025-06-21 00:22:36,783 - telegram.ext.ExtBot - DEBUG - No new updates found.
2025-06-21 00:22:36,783 - telegram.ext.ExtBot - DEBUG - ()
2025-06-21 00:22:36,785 - telegram.ext.ExtBot - DEBUG - Exiting: get_updates
2025-06-21 00:22:36,785 - telegram.ext.ExtBot - DEBUG - Entering: get_updates
2025-06-21 00:22:36,788 - httpcore.http11 - DEBUG - send_request_headers.started request=<Request [b'POST']>
2025-06-21 00:22:36,790 - httpcore.http11 - DEBUG - send_request_headers.complete
2025-06-21 00:22:36,790 - httpcore.http11 - DEBUG - send_request_body.started request=<Request [b'POST']>
2025-06-21 00:22:36,791 - httpcore.http11 - DEBUG - send_request_body.complete
2025-06-21 00:22:36,791 - httpcore.http11 - DEBUG - receive_response_headers.started request=<Request [b'POST']>
2025-06-21 00:22:47,146 - httpcore.http11 - DEBUG - receive_response_headers.complete return_value=(b'HTTP/1.1', 200, b'OK', [(b'Server', b'nginx/1.18.0'), (b'Date', b'Fri, 20 Jun 2025 23:22:46 GMT'), (b'Content-Type', b'application/json'), (b'Content-Length', b'23'), (b'Connection', b'keep-alive'), (b'Strict-Transport-Security', b'max-age=31536000; includeSubDomains; preload'), (b'Access-Control-Allow-Origin', b'*'), (b'Access-Control-Allow-Methods', b'GET, POST, OPTIONS'), (b'Access-Control-Expose-Headers', b'Content-Length,Content-Type,Date,Server,Connection')])
2025-06-21 00:22:47,160 - httpx - INFO - HTTP Request: POST https://api.telegram.org/bot7707158318:AAE8rWa4Q8Z_3avql6K0HAmXaooZAReoNF0/getUpdates "HTTP/1.1 200 OK"
2025-06-21 00:22:47,163 - httpcore.http11 - DEBUG - receive_response_body.started request=<Request [b'POST']>
2025-06-21 00:22:47,165 - httpcore.http11 - DEBUG - receive_response_body.complete
2025-06-21 00:22:47,165 - httpcore.http11 - DEBUG - response_closed.started
2025-06-21 00:22:47,165 - httpcore.http11 - DEBUG - response_closed.complete
2025-06-21 00:22:47,168 - telegram.ext.ExtBot - DEBUG - No new updates found.
2025-06-21 00:22:47,170 - telegram.ext.ExtBot - DEBUG - ()
2025-06-21 00:22:47,177 - telegram.ext.ExtBot - DEBUG - Exiting: get_updates
2025-06-21 00:22:47,226 - telegram.ext.ExtBot - DEBUG - Entering: get_updates
2025-06-21 00:22:47,262 - httpcore.http11 - DEBUG - send_request_headers.started request=<Request [b'POST']>
2025-06-21 00:22:47,276 - httpcore.http11 - DEBUG - send_request_headers.complete
2025-06-21 00:22:47,276 - httpcore.http11 - DEBUG - send_request_body.started request=<Request [b'POST']>
2025-06-21 00:22:47,292 - httpcore.http11 - DEBUG - send_request_body.complete
2025-06-21 00:22:47,292 - httpcore.http11 - DEBUG - receive_response_headers.started request=<Request [b'POST']>
2025-06-21 00:22:57,577 - httpcore.http11 - DEBUG - receive_response_headers.complete return_value=(b'HTTP/1.1', 200, b'OK', [(b'Server', b'nginx/1.18.0'), (b'Date', b'Fri, 20 Jun 2025 23:22:57 GMT'), (b'Content-Type', b'application/json'), (b'Content-Length', b'23'), (b'Connection', b'keep-alive'), (b'Strict-Transport-Security', b'max-age=31536000; includeSubDomains; preload'), (b'Access-Control-Allow-Origin', b'*'), (b'Access-Control-Allow-Methods', b'GET, POST, OPTIONS'), (b'Access-Control-Expose-Headers', b'Content-Length,Content-Type,Date,Server,Connection')])
2025-06-21 00:22:57,579 - httpx - INFO - HTTP Request: POST https://api.telegram.org/bot7707158318:AAE8rWa4Q8Z_3avql6K0HAmXaooZAReoNF0/getUpdates "HTTP/1.1 200 OK"
2025-06-21 00:22:57,581 - httpcore.http11 - DEBUG - receive_response_body.started request=<Request [b'POST']>
2025-06-21 00:22:57,581 - httpcore.http11 - DEBUG - receive_response_body.complete
2025-06-21 00:22:57,581 - httpcore.http11 - DEBUG - response_closed.started
2025-06-21 00:22:57,584 - httpcore.http11 - DEBUG - response_closed.complete
2025-06-21 00:22:57,586 - telegram.ext.ExtBot - DEBUG - No new updates found.
2025-06-21 00:22:57,586 - telegram.ext.ExtBot - DEBUG - ()
2025-06-21 00:22:57,586 - telegram.ext.ExtBot - DEBUG - Exiting: get_updates
2025-06-21 00:22:57,587 - telegram.ext.ExtBot - DEBUG - Entering: get_updates
2025-06-21 00:22:57,592 - httpcore.http11 - DEBUG - send_request_headers.started request=<Request [b'POST']>
2025-06-21 00:22:57,594 - httpcore.http11 - DEBUG - send_request_headers.complete
2025-06-21 00:22:57,595 - httpcore.http11 - DEBUG - send_request_body.started request=<Request [b'POST']>
2025-06-21 00:22:57,600 - httpcore.http11 - DEBUG - send_request_body.complete
2025-06-21 00:22:57,601 - httpcore.http11 - DEBUG - receive_response_headers.started request=<Request [b'POST']>
2025-06-21 00:23:07,722 - httpcore.http11 - DEBUG - receive_response_headers.complete return_value=(b'HTTP/1.1', 200, b'OK', [(b'Server', b'nginx/1.18.0'), (b'Date', b'Fri, 20 Jun 2025 23:23:07 GMT'), (b'Content-Type', b'application/json'), (b'Content-Length', b'23'), (b'Connection', b'keep-alive'), (b'Strict-Transport-Security', b'max-age=31536000; includeSubDomains; preload'), (b'Access-Control-Allow-Origin', b'*'), (b'Access-Control-Allow-Methods', b'GET, POST, OPTIONS'), (b'Access-Control-Expose-Headers', b'Content-Length,Content-Type,Date,Server,Connection')])
2025-06-21 00:23:07,722 - httpx - INFO - HTTP Request: POST https://api.telegram.org/bot7707158318:AAE8rWa4Q8Z_3avql6K0HAmXaooZAReoNF0/getUpdates "HTTP/1.1 200 OK"
2025-06-21 00:23:07,724 - httpcore.http11 - DEBUG - receive_response_body.started request=<Request [b'POST']>
2025-06-21 00:23:07,724 - httpcore.http11 - DEBUG - receive_response_body.complete
2025-06-21 00:23:07,724 - httpcore.http11 - DEBUG - response_closed.started
2025-06-21 00:23:07,724 - httpcore.http11 - DEBUG - response_closed.complete
2025-06-21 00:23:07,724 - telegram.ext.ExtBot - DEBUG - No new updates found.
2025-06-21 00:23:07,724 - telegram.ext.ExtBot - DEBUG - ()
2025-06-21 00:23:07,724 - telegram.ext.ExtBot - DEBUG - Exiting: get_updates
2025-06-21 00:23:07,724 - telegram.ext.ExtBot - DEBUG - Entering: get_updates
2025-06-21 00:23:07,735 - httpcore.http11 - DEBUG - send_request_headers.started request=<Request [b'POST']>
2025-06-21 00:23:07,742 - httpcore.http11 - DEBUG - send_request_headers.complete
2025-06-21 00:23:07,742 - httpcore.http11 - DEBUG - send_request_body.started request=<Request [b'POST']>
2025-06-21 00:23:07,742 - httpcore.http11 - DEBUG - send_request_body.complete
2025-06-21 00:23:07,747 - httpcore.http11 - DEBUG - receive_response_headers.started request=<Request [b'POST']>
2025-06-21 00:23:17,853 - httpcore.http11 - DEBUG - receive_response_headers.complete return_value=(b'HTTP/1.1', 200, b'OK', [(b'Server', b'nginx/1.18.0'), (b'Date', b'Fri, 20 Jun 2025 23:23:17 GMT'), (b'Content-Type', b'application/json'), (b'Content-Length', b'23'), (b'Connection', b'keep-alive'), (b'Strict-Transport-Security', b'max-age=31536000; includeSubDomains; preload'), (b'Access-Control-Allow-Origin', b'*'), (b'Access-Control-Allow-Methods', b'GET, POST, OPTIONS'), (b'Access-Control-Expose-Headers', b'Content-Length,Content-Type,Date,Server,Connection')])
2025-06-21 00:23:17,855 - httpx - INFO - HTTP Request: POST https://api.telegram.org/bot7707158318:AAE8rWa4Q8Z_3avql6K0HAmXaooZAReoNF0/getUpdates "HTTP/1.1 200 OK"
2025-06-21 00:23:17,857 - httpcore.http11 - DEBUG - receive_response_body.started request=<Request [b'POST']>
2025-06-21 00:23:17,858 - httpcore.http11 - DEBUG - receive_response_body.complete
2025-06-21 00:23:17,859 - httpcore.http11 - DEBUG - response_closed.started
2025-06-21 00:23:17,859 - httpcore.http11 - DEBUG - response_closed.complete
2025-06-21 00:23:17,860 - telegram.ext.ExtBot - DEBUG - No new updates found.
2025-06-21 00:23:17,861 - telegram.ext.ExtBot - DEBUG - ()
2025-06-21 00:23:17,861 - telegram.ext.ExtBot - DEBUG - Exiting: get_updates
2025-06-21 00:23:17,861 - telegram.ext.ExtBot - DEBUG - Entering: get_updates
2025-06-21 00:23:17,865 - httpcore.http11 - DEBUG - send_request_headers.started request=<Request [b'POST']>
2025-06-21 00:23:17,867 - httpcore.http11 - DEBUG - send_request_headers.complete
2025-06-21 00:23:17,867 - httpcore.http11 - DEBUG - send_request_body.started request=<Request [b'POST']>
2025-06-21 00:23:17,868 - httpcore.http11 - DEBUG - send_request_body.complete
2025-06-21 00:23:17,868 - httpcore.http11 - DEBUG - receive_response_headers.started request=<Request [b'POST']>
2025-06-21 00:23:28,091 - httpcore.http11 - DEBUG - receive_response_headers.complete return_value=(b'HTTP/1.1', 200, b'OK', [(b'Server', b'nginx/1.18.0'), (b'Date', b'Fri, 20 Jun 2025 23:23:27 GMT'), (b'Content-Type', b'application/json'), (b'Content-Length', b'23'), (b'Connection', b'keep-alive'), (b'Strict-Transport-Security', b'max-age=31536000; includeSubDomains; preload'), (b'Access-Control-Allow-Origin', b'*'), (b'Access-Control-Allow-Methods', b'GET, POST, OPTIONS'), (b'Access-Control-Expose-Headers', b'Content-Length,Content-Type,Date,Server,Connection')])
2025-06-21 00:23:28,091 - httpx - INFO - HTTP Request: POST https://api.telegram.org/bot7707158318:AAE8rWa4Q8Z_3avql6K0HAmXaooZAReoNF0/getUpdates "HTTP/1.1 200 OK"
2025-06-21 00:23:28,094 - httpcore.http11 - DEBUG - receive_response_body.started request=<Request [b'POST']>
2025-06-21 00:23:28,095 - httpcore.http11 - DEBUG - receive_response_body.complete
2025-06-21 00:23:28,095 - httpcore.http11 - DEBUG - response_closed.started
2025-06-21 00:23:28,095 - httpcore.http11 - DEBUG - response_closed.complete
2025-06-21 00:23:28,096 - telegram.ext.ExtBot - DEBUG - No new updates found.
2025-06-21 00:23:28,097 - telegram.ext.ExtBot - DEBUG - ()
2025-06-21 00:23:28,097 - telegram.ext.ExtBot - DEBUG - Exiting: get_updates
2025-06-21 00:23:28,098 - telegram.ext.ExtBot - DEBUG - Entering: get_updates
2025-06-21 00:23:28,100 - httpcore.http11 - DEBUG - send_request_headers.started request=<Request [b'POST']>
2025-06-21 00:23:28,100 - httpcore.http11 - DEBUG - send_request_headers.complete
2025-06-21 00:23:28,102 - httpcore.http11 - DEBUG - send_request_body.started request=<Request [b'POST']>
2025-06-21 00:23:28,102 - httpcore.http11 - DEBUG - send_request_body.complete
2025-06-21 00:23:28,102 - httpcore.http11 - DEBUG - receive_response_headers.started request=<Request [b'POST']>
2025-06-21 00:23:38,233 - httpcore.http11 - DEBUG - receive_response_headers.complete return_value=(b'HTTP/1.1', 200, b'OK', [(b'Server', b'nginx/1.18.0'), (b'Date', b'Fri, 20 Jun 2025 23:23:37 GMT'), (b'Content-Type', b'application/json'), (b'Content-Length', b'23'), (b'Connection', b'keep-alive'), (b'Strict-Transport-Security', b'max-age=31536000; includeSubDomains; preload'), (b'Access-Control-Allow-Origin', b'*'), (b'Access-Control-Allow-Methods', b'GET, POST, OPTIONS'), (b'Access-Control-Expose-Headers', b'Content-Length,Content-Type,Date,Server,Connection')])
2025-06-21 00:23:38,235 - httpx - INFO - HTTP Request: POST https://api.telegram.org/bot7707158318:AAE8rWa4Q8Z_3avql6K0HAmXaooZAReoNF0/getUpdates "HTTP/1.1 200 OK"
2025-06-21 00:23:38,247 - httpcore.http11 - DEBUG - receive_response_body.started request=<Request [b'POST']>
2025-06-21 00:23:38,248 - httpcore.http11 - DEBUG - receive_response_body.complete
2025-06-21 00:23:38,248 - httpcore.http11 - DEBUG - response_closed.started
2025-06-21 00:23:38,249 - httpcore.http11 - DEBUG - response_closed.complete
2025-06-21 00:23:38,250 - telegram.ext.ExtBot - DEBUG - No new updates found.
2025-06-21 00:23:38,250 - telegram.ext.ExtBot - DEBUG - ()
2025-06-21 00:23:38,250 - telegram.ext.ExtBot - DEBUG - Exiting: get_updates
2025-06-21 00:23:38,250 - telegram.ext.ExtBot - DEBUG - Entering: get_updates
2025-06-21 00:23:38,253 - httpcore.http11 - DEBUG - send_request_headers.started request=<Request [b'POST']>
2025-06-21 00:23:38,254 - httpcore.http11 - DEBUG - send_request_headers.complete
2025-06-21 00:23:38,254 - httpcore.http11 - DEBUG - send_request_body.started request=<Request [b'POST']>
2025-06-21 00:23:38,256 - httpcore.http11 - DEBUG - send_request_body.complete
2025-06-21 00:23:38,257 - httpcore.http11 - DEBUG - receive_response_headers.started request=<Request [b'POST']>
2025-06-21 00:23:48,355 - httpcore.http11 - DEBUG - receive_response_headers.complete return_value=(b'HTTP/1.1', 200, b'OK', [(b'Server', b'nginx/1.18.0'), (b'Date', b'Fri, 20 Jun 2025 23:23:48 GMT'), (b'Content-Type', b'application/json'), (b'Content-Length', b'23'), (b'Connection', b'keep-alive'), (b'Strict-Transport-Security', b'max-age=31536000; includeSubDomains; preload'), (b'Access-Control-Allow-Origin', b'*'), (b'Access-Control-Allow-Methods', b'GET, POST, OPTIONS'), (b'Access-Control-Expose-Headers', b'Content-Length,Content-Type,Date,Server,Connection')])
2025-06-21 00:23:48,357 - httpx - INFO - HTTP Request: POST https://api.telegram.org/bot7707158318:AAE8rWa4Q8Z_3avql6K0HAmXaooZAReoNF0/getUpdates "HTTP/1.1 200 OK"
2025-06-21 00:23:48,357 - httpcore.http11 - DEBUG - receive_response_body.started request=<Request [b'POST']>
2025-06-21 00:23:48,359 - httpcore.http11 - DEBUG - receive_response_body.complete
2025-06-21 00:23:48,359 - httpcore.http11 - DEBUG - response_closed.started
2025-06-21 00:23:48,360 - httpcore.http11 - DEBUG - response_closed.complete
2025-06-21 00:23:48,360 - telegram.ext.ExtBot - DEBUG - No new updates found.
2025-06-21 00:23:48,360 - telegram.ext.ExtBot - DEBUG - ()
2025-06-21 00:23:48,360 - telegram.ext.ExtBot - DEBUG - Exiting: get_updates
2025-06-21 00:23:48,362 - telegram.ext.ExtBot - DEBUG - Entering: get_updates
2025-06-21 00:23:48,366 - httpcore.http11 - DEBUG - send_request_headers.started request=<Request [b'POST']>
2025-06-21 00:23:48,368 - httpcore.http11 - DEBUG - send_request_headers.complete
2025-06-21 00:23:48,368 - httpcore.http11 - DEBUG - send_request_body.started request=<Request [b'POST']>
2025-06-21 00:23:48,369 - httpcore.http11 - DEBUG - send_request_body.complete
2025-06-21 00:23:48,369 - httpcore.http11 - DEBUG - receive_response_headers.started request=<Request [b'POST']>
2025-06-21 00:23:58,607 - httpcore.http11 - DEBUG - receive_response_headers.complete return_value=(b'HTTP/1.1', 200, b'OK', [(b'Server', b'nginx/1.18.0'), (b'Date', b'Fri, 20 Jun 2025 23:23:58 GMT'), (b'Content-Type', b'application/json'), (b'Content-Length', b'23'), (b'Connection', b'keep-alive'), (b'Strict-Transport-Security', b'max-age=31536000; includeSubDomains; preload'), (b'Access-Control-Allow-Origin', b'*'), (b'Access-Control-Allow-Methods', b'GET, POST, OPTIONS'), (b'Access-Control-Expose-Headers', b'Content-Length,Content-Type,Date,Server,Connection')])
2025-06-21 00:23:58,609 - httpx - INFO - HTTP Request: POST https://api.telegram.org/bot7707158318:AAE8rWa4Q8Z_3avql6K0HAmXaooZAReoNF0/getUpdates "HTTP/1.1 200 OK"
2025-06-21 00:23:58,613 - httpcore.http11 - DEBUG - receive_response_body.started request=<Request [b'POST']>
2025-06-21 00:23:58,613 - httpcore.http11 - DEBUG - receive_response_body.complete
2025-06-21 00:23:58,613 - httpcore.http11 - DEBUG - response_closed.started
2025-06-21 00:23:58,615 - httpcore.http11 - DEBUG - response_closed.complete
2025-06-21 00:23:58,615 - telegram.ext.ExtBot - DEBUG - No new updates found.
2025-06-21 00:23:58,615 - telegram.ext.ExtBot - DEBUG - ()
2025-06-21 00:23:58,615 - telegram.ext.ExtBot - DEBUG - Exiting: get_updates
2025-06-21 00:23:58,615 - telegram.ext.ExtBot - DEBUG - Entering: get_updates
2025-06-21 00:23:58,620 - httpcore.http11 - DEBUG - send_request_headers.started request=<Request [b'POST']>
2025-06-21 00:23:58,622 - httpcore.http11 - DEBUG - send_request_headers.complete
2025-06-21 00:23:58,622 - httpcore.http11 - DEBUG - send_request_body.started request=<Request [b'POST']>
2025-06-21 00:23:58,623 - httpcore.http11 - DEBUG - send_request_body.complete
2025-06-21 00:23:58,624 - httpcore.http11 - DEBUG - receive_response_headers.started request=<Request [b'POST']>
2025-06-21 00:24:08,849 - httpcore.http11 - DEBUG - receive_response_headers.complete return_value=(b'HTTP/1.1', 200, b'OK', [(b'Server', b'nginx/1.18.0'), (b'Date', b'Fri, 20 Jun 2025 23:24:08 GMT'), (b'Content-Type', b'application/json'), (b'Content-Length', b'23'), (b'Connection', b'keep-alive'), (b'Strict-Transport-Security', b'max-age=31536000; includeSubDomains; preload'), (b'Access-Control-Allow-Origin', b'*'), (b'Access-Control-Allow-Methods', b'GET, POST, OPTIONS'), (b'Access-Control-Expose-Headers', b'Content-Length,Content-Type,Date,Server,Connection')])
2025-06-21 00:24:08,851 - httpx - INFO - HTTP Request: POST https://api.telegram.org/bot7707158318:AAE8rWa4Q8Z_3avql6K0HAmXaooZAReoNF0/getUpdates "HTTP/1.1 200 OK"
2025-06-21 00:24:08,852 - httpcore.http11 - DEBUG - receive_response_body.started request=<Request [b'POST']>
2025-06-21 00:24:08,852 - httpcore.http11 - DEBUG - receive_response_body.complete
2025-06-21 00:24:08,854 - httpcore.http11 - DEBUG - response_closed.started
2025-06-21 00:24:08,854 - httpcore.http11 - DEBUG - response_closed.complete
2025-06-21 00:24:08,854 - telegram.ext.ExtBot - DEBUG - No new updates found.
2025-06-21 00:24:08,854 - telegram.ext.ExtBot - DEBUG - ()
2025-06-21 00:24:08,854 - telegram.ext.ExtBot - DEBUG - Exiting: get_updates
2025-06-21 00:24:08,856 - telegram.ext.ExtBot - DEBUG - Entering: get_updates
2025-06-21 00:24:08,858 - httpcore.http11 - DEBUG - send_request_headers.started request=<Request [b'POST']>
2025-06-21 00:24:08,858 - httpcore.http11 - DEBUG - send_request_headers.complete
2025-06-21 00:24:08,860 - httpcore.http11 - DEBUG - send_request_body.started request=<Request [b'POST']>
2025-06-21 00:24:08,860 - httpcore.http11 - DEBUG - send_request_body.complete
2025-06-21 00:24:08,860 - httpcore.http11 - DEBUG - receive_response_headers.started request=<Request [b'POST']>
2025-06-21 00:24:19,292 - httpcore.http11 - DEBUG - receive_response_headers.complete return_value=(b'HTTP/1.1', 200, b'OK', [(b'Server', b'nginx/1.18.0'), (b'Date', b'Fri, 20 Jun 2025 23:24:18 GMT'), (b'Content-Type', b'application/json'), (b'Content-Length', b'23'), (b'Connection', b'keep-alive'), (b'Strict-Transport-Security', b'max-age=31536000; includeSubDomains; preload'), (b'Access-Control-Allow-Origin', b'*'), (b'Access-Control-Allow-Methods', b'GET, POST, OPTIONS'), (b'Access-Control-Expose-Headers', b'Content-Length,Content-Type,Date,Server,Connection')])
2025-06-21 00:24:19,293 - httpx - INFO - HTTP Request: POST https://api.telegram.org/bot7707158318:AAE8rWa4Q8Z_3avql6K0HAmXaooZAReoNF0/getUpdates "HTTP/1.1 200 OK"
2025-06-21 00:24:19,294 - httpcore.http11 - DEBUG - receive_response_body.started request=<Request [b'POST']>
2025-06-21 00:24:19,295 - httpcore.http11 - DEBUG - receive_response_body.complete
2025-06-21 00:24:19,296 - httpcore.http11 - DEBUG - response_closed.started
2025-06-21 00:24:19,296 - httpcore.http11 - DEBUG - response_closed.complete
2025-06-21 00:24:19,297 - telegram.ext.ExtBot - DEBUG - No new updates found.
2025-06-21 00:24:19,297 - telegram.ext.ExtBot - DEBUG - ()
2025-06-21 00:24:19,297 - telegram.ext.ExtBot - DEBUG - Exiting: get_updates
2025-06-21 00:24:19,297 - telegram.ext.ExtBot - DEBUG - Entering: get_updates
2025-06-21 00:24:19,300 - httpcore.http11 - DEBUG - send_request_headers.started request=<Request [b'POST']>
2025-06-21 00:24:19,302 - httpcore.http11 - DEBUG - send_request_headers.complete
2025-06-21 00:24:19,302 - httpcore.http11 - DEBUG - send_request_body.started request=<Request [b'POST']>
2025-06-21 00:24:19,303 - httpcore.http11 - DEBUG - send_request_body.complete
2025-06-21 00:24:19,303 - httpcore.http11 - DEBUG - receive_response_headers.started request=<Request [b'POST']>
2025-06-21 00:24:29,531 - httpcore.http11 - DEBUG - receive_response_headers.complete return_value=(b'HTTP/1.1', 200, b'OK', [(b'Server', b'nginx/1.18.0'), (b'Date', b'Fri, 20 Jun 2025 23:24:29 GMT'), (b'Content-Type', b'application/json'), (b'Content-Length', b'23'), (b'Connection', b'keep-alive'), (b'Strict-Transport-Security', b'max-age=31536000; includeSubDomains; preload'), (b'Access-Control-Allow-Origin', b'*'), (b'Access-Control-Allow-Methods', b'GET, POST, OPTIONS'), (b'Access-Control-Expose-Headers', b'Content-Length,Content-Type,Date,Server,Connection')])
2025-06-21 00:24:29,533 - httpx - INFO - HTTP Request: POST https://api.telegram.org/bot7707158318:AAE8rWa4Q8Z_3avql6K0HAmXaooZAReoNF0/getUpdates "HTTP/1.1 200 OK"
2025-06-21 00:24:29,535 - httpcore.http11 - DEBUG - receive_response_body.started request=<Request [b'POST']>
2025-06-21 00:24:29,535 - httpcore.http11 - DEBUG - receive_response_body.complete
2025-06-21 00:24:29,535 - httpcore.http11 - DEBUG - response_closed.started
2025-06-21 00:24:29,535 - httpcore.http11 - DEBUG - response_closed.complete
2025-06-21 00:24:29,537 - telegram.ext.ExtBot - DEBUG - No new updates found.
2025-06-21 00:24:29,537 - telegram.ext.ExtBot - DEBUG - ()
2025-06-21 00:24:29,537 - telegram.ext.ExtBot - DEBUG - Exiting: get_updates
2025-06-21 00:24:29,537 - telegram.ext.ExtBot - DEBUG - Entering: get_updates
2025-06-21 00:24:29,541 - httpcore.http11 - DEBUG - send_request_headers.started request=<Request [b'POST']>
2025-06-21 00:24:29,543 - httpcore.http11 - DEBUG - send_request_headers.complete
2025-06-21 00:24:29,543 - httpcore.http11 - DEBUG - send_request_body.started request=<Request [b'POST']>
2025-06-21 00:24:29,544 - httpcore.http11 - DEBUG - send_request_body.complete
2025-06-21 00:24:29,544 - httpcore.http11 - DEBUG - receive_response_headers.started request=<Request [b'POST']>
2025-06-21 00:24:39,772 - httpcore.http11 - DEBUG - receive_response_headers.complete return_value=(b'HTTP/1.1', 200, b'OK', [(b'Server', b'nginx/1.18.0'), (b'Date', b'Fri, 20 Jun 2025 23:24:39 GMT'), (b'Content-Type', b'application/json'), (b'Content-Length', b'23'), (b'Connection', b'keep-alive'), (b'Strict-Transport-Security', b'max-age=31536000; includeSubDomains; preload'), (b'Access-Control-Allow-Origin', b'*'), (b'Access-Control-Allow-Methods', b'GET, POST, OPTIONS'), (b'Access-Control-Expose-Headers', b'Content-Length,Content-Type,Date,Server,Connection')])
2025-06-21 00:24:39,774 - httpx - INFO - HTTP Request: POST https://api.telegram.org/bot7707158318:AAE8rWa4Q8Z_3avql6K0HAmXaooZAReoNF0/getUpdates "HTTP/1.1 200 OK"
2025-06-21 00:24:39,774 - httpcore.http11 - DEBUG - receive_response_body.started request=<Request [b'POST']>
2025-06-21 00:24:39,776 - httpcore.http11 - DEBUG - receive_response_body.complete
2025-06-21 00:24:39,776 - httpcore.http11 - DEBUG - response_closed.started
2025-06-21 00:24:39,776 - httpcore.http11 - DEBUG - response_closed.complete
2025-06-21 00:24:39,776 - telegram.ext.ExtBot - DEBUG - No new updates found.
2025-06-21 00:24:39,778 - telegram.ext.ExtBot - DEBUG - ()
2025-06-21 00:24:39,778 - telegram.ext.ExtBot - DEBUG - Exiting: get_updates
2025-06-21 00:24:39,778 - telegram.ext.ExtBot - DEBUG - Entering: get_updates
2025-06-21 00:24:39,780 - httpcore.http11 - DEBUG - send_request_headers.started request=<Request [b'POST']>
2025-06-21 00:24:39,782 - httpcore.http11 - DEBUG - send_request_headers.complete
2025-06-21 00:24:39,782 - httpcore.http11 - DEBUG - send_request_body.started request=<Request [b'POST']>
2025-06-21 00:24:39,782 - httpcore.http11 - DEBUG - send_request_body.complete
2025-06-21 00:24:39,782 - httpcore.http11 - DEBUG - receive_response_headers.started request=<Request [b'POST']>
2025-06-21 00:24:50,126 - httpcore.http11 - DEBUG - receive_response_headers.complete return_value=(b'HTTP/1.1', 200, b'OK', [(b'Server', b'nginx/1.18.0'), (b'Date', b'Fri, 20 Jun 2025 23:24:49 GMT'), (b'Content-Type', b'application/json'), (b'Content-Length', b'23'), (b'Connection', b'keep-alive'), (b'Strict-Transport-Security', b'max-age=31536000; includeSubDomains; preload'), (b'Access-Control-Allow-Origin', b'*'), (b'Access-Control-Allow-Methods', b'GET, POST, OPTIONS'), (b'Access-Control-Expose-Headers', b'Content-Length,Content-Type,Date,Server,Connection')])
2025-06-21 00:24:50,126 - httpx - INFO - HTTP Request: POST https://api.telegram.org/bot7707158318:AAE8rWa4Q8Z_3avql6K0HAmXaooZAReoNF0/getUpdates "HTTP/1.1 200 OK"
2025-06-21 00:24:50,133 - httpcore.http11 - DEBUG - receive_response_body.started request=<Request [b'POST']>
2025-06-21 00:24:50,133 - httpcore.http11 - DEBUG - receive_response_body.complete
2025-06-21 00:24:50,133 - httpcore.http11 - DEBUG - response_closed.started
2025-06-21 00:24:50,133 - httpcore.http11 - DEBUG - response_closed.complete
2025-06-21 00:24:50,135 - telegram.ext.ExtBot - DEBUG - No new updates found.
2025-06-21 00:24:50,135 - telegram.ext.ExtBot - DEBUG - ()
2025-06-21 00:24:50,135 - telegram.ext.ExtBot - DEBUG - Exiting: get_updates
2025-06-21 00:24:50,135 - telegram.ext.ExtBot - DEBUG - Entering: get_updates
2025-06-21 00:24:50,137 - httpcore.http11 - DEBUG - send_request_headers.started request=<Request [b'POST']>
2025-06-21 00:24:50,139 - httpcore.http11 - DEBUG - send_request_headers.complete
2025-06-21 00:24:50,139 - httpcore.http11 - DEBUG - send_request_body.started request=<Request [b'POST']>
2025-06-21 00:24:50,141 - httpcore.http11 - DEBUG - send_request_body.complete
2025-06-21 00:24:50,141 - httpcore.http11 - DEBUG - receive_response_headers.started request=<Request [b'POST']>
2025-06-21 00:25:00,456 - httpcore.http11 - DEBUG - receive_response_headers.complete return_value=(b'HTTP/1.1', 200, b'OK', [(b'Server', b'nginx/1.18.0'), (b'Date', b'Fri, 20 Jun 2025 23:24:59 GMT'), (b'Content-Type', b'application/json'), (b'Content-Length', b'23'), (b'Connection', b'keep-alive'), (b'Strict-Transport-Security', b'max-age=31536000; includeSubDomains; preload'), (b'Access-Control-Allow-Origin', b'*'), (b'Access-Control-Allow-Methods', b'GET, POST, OPTIONS'), (b'Access-Control-Expose-Headers', b'Content-Length,Content-Type,Date,Server,Connection')])
2025-06-21 00:25:00,456 - httpx - INFO - HTTP Request: POST https://api.telegram.org/bot7707158318:AAE8rWa4Q8Z_3avql6K0HAmXaooZAReoNF0/getUpdates "HTTP/1.1 200 OK"
2025-06-21 00:25:00,459 - httpcore.http11 - DEBUG - receive_response_body.started request=<Request [b'POST']>
2025-06-21 00:25:00,461 - httpcore.http11 - DEBUG - receive_response_body.complete
2025-06-21 00:25:00,461 - httpcore.http11 - DEBUG - response_closed.started
2025-06-21 00:25:00,462 - httpcore.http11 - DEBUG - response_closed.complete
2025-06-21 00:25:00,462 - telegram.ext.ExtBot - DEBUG - No new updates found.
2025-06-21 00:25:00,463 - telegram.ext.ExtBot - DEBUG - ()
2025-06-21 00:25:00,463 - telegram.ext.ExtBot - DEBUG - Exiting: get_updates
2025-06-21 00:25:00,463 - telegram.ext.ExtBot - DEBUG - Entering: get_updates
2025-06-21 00:25:00,465 - httpcore.http11 - DEBUG - send_request_headers.started request=<Request [b'POST']>
2025-06-21 00:25:00,467 - httpcore.http11 - DEBUG - send_request_headers.complete
2025-06-21 00:25:00,467 - httpcore.http11 - DEBUG - send_request_body.started request=<Request [b'POST']>
2025-06-21 00:25:00,467 - httpcore.http11 - DEBUG - send_request_body.complete
2025-06-21 00:25:00,469 - httpcore.http11 - DEBUG - receive_response_headers.started request=<Request [b'POST']>
2025-06-21 00:25:10,557 - httpcore.http11 - DEBUG - receive_response_headers.complete return_value=(b'HTTP/1.1', 200, b'OK', [(b'Server', b'nginx/1.18.0'), (b'Date', b'Fri, 20 Jun 2025 23:25:10 GMT'), (b'Content-Type', b'application/json'), (b'Content-Length', b'23'), (b'Connection', b'keep-alive'), (b'Strict-Transport-Security', b'max-age=31536000; includeSubDomains; preload'), (b'Access-Control-Allow-Origin', b'*'), (b'Access-Control-Allow-Methods', b'GET, POST, OPTIONS'), (b'Access-Control-Expose-Headers', b'Content-Length,Content-Type,Date,Server,Connection')])
2025-06-21 00:25:10,559 - httpx - INFO - HTTP Request: POST https://api.telegram.org/bot7707158318:AAE8rWa4Q8Z_3avql6K0HAmXaooZAReoNF0/getUpdates "HTTP/1.1 200 OK"
2025-06-21 00:25:10,560 - httpcore.http11 - DEBUG - receive_response_body.started request=<Request [b'POST']>
2025-06-21 00:25:10,560 - httpcore.http11 - DEBUG - receive_response_body.complete
2025-06-21 00:25:10,560 - httpcore.http11 - DEBUG - response_closed.started
2025-06-21 00:25:10,562 - httpcore.http11 - DEBUG - response_closed.complete
2025-06-21 00:25:10,562 - telegram.ext.ExtBot - DEBUG - No new updates found.
2025-06-21 00:25:10,562 - telegram.ext.ExtBot - DEBUG - ()
2025-06-21 00:25:10,562 - telegram.ext.ExtBot - DEBUG - Exiting: get_updates
2025-06-21 00:25:10,562 - telegram.ext.ExtBot - DEBUG - Entering: get_updates
2025-06-21 00:25:10,566 - httpcore.http11 - DEBUG - send_request_headers.started request=<Request [b'POST']>
2025-06-21 00:25:10,566 - httpcore.http11 - DEBUG - send_request_headers.complete
2025-06-21 00:25:10,566 - httpcore.http11 - DEBUG - send_request_body.started request=<Request [b'POST']>
2025-06-21 00:25:10,566 - httpcore.http11 - DEBUG - send_request_body.complete
2025-06-21 00:25:10,566 - httpcore.http11 - DEBUG - receive_response_headers.started request=<Request [b'POST']>
2025-06-21 00:25:20,732 - httpcore.http11 - DEBUG - receive_response_headers.complete return_value=(b'HTTP/1.1', 200, b'OK', [(b'Server', b'nginx/1.18.0'), (b'Date', b'Fri, 20 Jun 2025 23:25:20 GMT'), (b'Content-Type', b'application/json'), (b'Content-Length', b'23'), (b'Connection', b'keep-alive'), (b'Strict-Transport-Security', b'max-age=31536000; includeSubDomains; preload'), (b'Access-Control-Allow-Origin', b'*'), (b'Access-Control-Allow-Methods', b'GET, POST, OPTIONS'), (b'Access-Control-Expose-Headers', b'Content-Length,Content-Type,Date,Server,Connection')])
2025-06-21 00:25:20,734 - httpx - INFO - HTTP Request: POST https://api.telegram.org/bot7707158318:AAE8rWa4Q8Z_3avql6K0HAmXaooZAReoNF0/getUpdates "HTTP/1.1 200 OK"
2025-06-21 00:25:20,747 - httpcore.http11 - DEBUG - receive_response_body.started request=<Request [b'POST']>
2025-06-21 00:25:20,748 - httpcore.http11 - DEBUG - receive_response_body.complete
2025-06-21 00:25:20,749 - httpcore.http11 - DEBUG - response_closed.started
2025-06-21 00:25:20,749 - httpcore.http11 - DEBUG - response_closed.complete
2025-06-21 00:25:20,751 - telegram.ext.ExtBot - DEBUG - No new updates found.
2025-06-21 00:25:20,751 - telegram.ext.ExtBot - DEBUG - ()
2025-06-21 00:25:20,751 - telegram.ext.ExtBot - DEBUG - Exiting: get_updates
2025-06-21 00:25:20,751 - telegram.ext.ExtBot - DEBUG - Entering: get_updates
2025-06-21 00:25:20,753 - httpcore.http11 - DEBUG - send_request_headers.started request=<Request [b'POST']>
2025-06-21 00:25:20,756 - httpcore.http11 - DEBUG - send_request_headers.complete
2025-06-21 00:25:20,756 - httpcore.http11 - DEBUG - send_request_body.started request=<Request [b'POST']>
2025-06-21 00:25:20,756 - httpcore.http11 - DEBUG - send_request_body.complete
2025-06-21 00:25:20,756 - httpcore.http11 - DEBUG - receive_response_headers.started request=<Request [b'POST']>
2025-06-21 00:25:30,972 - httpcore.http11 - DEBUG - receive_response_headers.complete return_value=(b'HTTP/1.1', 200, b'OK', [(b'Server', b'nginx/1.18.0'), (b'Date', b'Fri, 20 Jun 2025 23:25:30 GMT'), (b'Content-Type', b'application/json'), (b'Content-Length', b'23'), (b'Connection', b'keep-alive'), (b'Strict-Transport-Security', b'max-age=31536000; includeSubDomains; preload'), (b'Access-Control-Allow-Origin', b'*'), (b'Access-Control-Allow-Methods', b'GET, POST, OPTIONS'), (b'Access-Control-Expose-Headers', b'Content-Length,Content-Type,Date,Server,Connection')])
2025-06-21 00:25:30,972 - httpx - INFO - HTTP Request: POST https://api.telegram.org/bot7707158318:AAE8rWa4Q8Z_3avql6K0HAmXaooZAReoNF0/getUpdates "HTTP/1.1 200 OK"
2025-06-21 00:25:30,974 - httpcore.http11 - DEBUG - receive_response_body.started request=<Request [b'POST']>
2025-06-21 00:25:30,976 - httpcore.http11 - DEBUG - receive_response_body.complete
2025-06-21 00:25:30,976 - httpcore.http11 - DEBUG - response_closed.started
2025-06-21 00:25:30,976 - httpcore.http11 - DEBUG - response_closed.complete
2025-06-21 00:25:30,976 - telegram.ext.ExtBot - DEBUG - No new updates found.
2025-06-21 00:25:30,978 - telegram.ext.ExtBot - DEBUG - ()
2025-06-21 00:25:30,978 - telegram.ext.ExtBot - DEBUG - Exiting: get_updates
2025-06-21 00:25:30,978 - telegram.ext.ExtBot - DEBUG - Entering: get_updates
2025-06-21 00:25:30,980 - httpcore.http11 - DEBUG - send_request_headers.started request=<Request [b'POST']>
2025-06-21 00:25:30,982 - httpcore.http11 - DEBUG - send_request_headers.complete
2025-06-21 00:25:30,982 - httpcore.http11 - DEBUG - send_request_body.started request=<Request [b'POST']>
2025-06-21 00:25:30,982 - httpcore.http11 - DEBUG - send_request_body.complete
2025-06-21 00:25:30,984 - httpcore.http11 - DEBUG - receive_response_headers.started request=<Request [b'POST']>
2025-06-21 00:25:41,423 - httpcore.http11 - DEBUG - receive_response_headers.complete return_value=(b'HTTP/1.1', 200, b'OK', [(b'Server', b'nginx/1.18.0'), (b'Date', b'Fri, 20 Jun 2025 23:25:40 GMT'), (b'Content-Type', b'application/json'), (b'Content-Length', b'23'), (b'Connection', b'keep-alive'), (b'Strict-Transport-Security', b'max-age=31536000; includeSubDomains; preload'), (b'Access-Control-Allow-Origin', b'*'), (b'Access-Control-Allow-Methods', b'GET, POST, OPTIONS'), (b'Access-Control-Expose-Headers', b'Content-Length,Content-Type,Date,Server,Connection')])
2025-06-21 00:25:41,425 - httpx - INFO - HTTP Request: POST https://api.telegram.org/bot7707158318:AAE8rWa4Q8Z_3avql6K0HAmXaooZAReoNF0/getUpdates "HTTP/1.1 200 OK"
2025-06-21 00:25:41,427 - httpcore.http11 - DEBUG - receive_response_body.started request=<Request [b'POST']>
2025-06-21 00:25:41,427 - httpcore.http11 - DEBUG - receive_response_body.complete
2025-06-21 00:25:41,427 - httpcore.http11 - DEBUG - response_closed.started
2025-06-21 00:25:41,429 - httpcore.http11 - DEBUG - response_closed.complete
2025-06-21 00:25:41,429 - telegram.ext.ExtBot - DEBUG - No new updates found.
2025-06-21 00:25:41,429 - telegram.ext.ExtBot - DEBUG - ()
2025-06-21 00:25:41,429 - telegram.ext.ExtBot - DEBUG - Exiting: get_updates
2025-06-21 00:25:41,429 - telegram.ext.ExtBot - DEBUG - Entering: get_updates
2025-06-21 00:25:41,431 - httpcore.http11 - DEBUG - send_request_headers.started request=<Request [b'POST']>
2025-06-21 00:25:41,433 - httpcore.http11 - DEBUG - send_request_headers.complete
2025-06-21 00:25:41,433 - httpcore.http11 - DEBUG - send_request_body.started request=<Request [b'POST']>
2025-06-21 00:25:41,435 - httpcore.http11 - DEBUG - send_request_body.complete
2025-06-21 00:25:41,435 - httpcore.http11 - DEBUG - receive_response_headers.started request=<Request [b'POST']>
2025-06-21 00:25:51,587 - httpcore.http11 - DEBUG - receive_response_headers.complete return_value=(b'HTTP/1.1', 200, b'OK', [(b'Server', b'nginx/1.18.0'), (b'Date', b'Fri, 20 Jun 2025 23:25:51 GMT'), (b'Content-Type', b'application/json'), (b'Content-Length', b'23'), (b'Connection', b'keep-alive'), (b'Strict-Transport-Security', b'max-age=31536000; includeSubDomains; preload'), (b'Access-Control-Allow-Origin', b'*'), (b'Access-Control-Allow-Methods', b'GET, POST, OPTIONS'), (b'Access-Control-Expose-Headers', b'Content-Length,Content-Type,Date,Server,Connection')])
2025-06-21 00:25:51,589 - httpx - INFO - HTTP Request: POST https://api.telegram.org/bot7707158318:AAE8rWa4Q8Z_3avql6K0HAmXaooZAReoNF0/getUpdates "HTTP/1.1 200 OK"
2025-06-21 00:25:51,591 - httpcore.http11 - DEBUG - receive_response_body.started request=<Request [b'POST']>
2025-06-21 00:25:51,591 - httpcore.http11 - DEBUG - receive_response_body.complete
2025-06-21 00:25:51,591 - httpcore.http11 - DEBUG - response_closed.started
2025-06-21 00:25:51,593 - httpcore.http11 - DEBUG - response_closed.complete
2025-06-21 00:25:51,593 - telegram.ext.ExtBot - DEBUG - No new updates found.
2025-06-21 00:25:51,593 - telegram.ext.ExtBot - DEBUG - ()
2025-06-21 00:25:51,593 - telegram.ext.ExtBot - DEBUG - Exiting: get_updates
2025-06-21 00:25:51,593 - telegram.ext.ExtBot - DEBUG - Entering: get_updates
2025-06-21 00:25:51,595 - httpcore.http11 - DEBUG - send_request_headers.started request=<Request [b'POST']>
2025-06-21 00:25:51,597 - httpcore.http11 - DEBUG - send_request_headers.complete
2025-06-21 00:25:51,597 - httpcore.http11 - DEBUG - send_request_body.started request=<Request [b'POST']>
2025-06-21 00:25:51,598 - httpcore.http11 - DEBUG - send_request_body.complete
2025-06-21 00:25:51,598 - httpcore.http11 - DEBUG - receive_response_headers.started request=<Request [b'POST']>
2025-06-21 00:26:01,706 - httpcore.http11 - DEBUG - receive_response_headers.complete return_value=(b'HTTP/1.1', 200, b'OK', [(b'Server', b'nginx/1.18.0'), (b'Date', b'Fri, 20 Jun 2025 23:26:01 GMT'), (b'Content-Type', b'application/json'), (b'Content-Length', b'23'), (b'Connection', b'keep-alive'), (b'Strict-Transport-Security', b'max-age=31536000; includeSubDomains; preload'), (b'Access-Control-Allow-Origin', b'*'), (b'Access-Control-Allow-Methods', b'GET, POST, OPTIONS'), (b'Access-Control-Expose-Headers', b'Content-Length,Content-Type,Date,Server,Connection')])
2025-06-21 00:26:01,708 - httpx - INFO - HTTP Request: POST https://api.telegram.org/bot7707158318:AAE8rWa4Q8Z_3avql6K0HAmXaooZAReoNF0/getUpdates "HTTP/1.1 200 OK"
2025-06-21 00:26:01,716 - httpcore.http11 - DEBUG - receive_response_body.started request=<Request [b'POST']>
2025-06-21 00:26:01,716 - httpcore.http11 - DEBUG - receive_response_body.complete
2025-06-21 00:26:01,718 - httpcore.http11 - DEBUG - response_closed.started
2025-06-21 00:26:01,718 - httpcore.http11 - DEBUG - response_closed.complete
2025-06-21 00:26:01,718 - telegram.ext.ExtBot - DEBUG - No new updates found.
2025-06-21 00:26:01,718 - telegram.ext.ExtBot - DEBUG - ()
2025-06-21 00:26:01,718 - telegram.ext.ExtBot - DEBUG - Exiting: get_updates
2025-06-21 00:26:01,718 - telegram.ext.ExtBot - DEBUG - Entering: get_updates
2025-06-21 00:26:01,723 - httpcore.http11 - DEBUG - send_request_headers.started request=<Request [b'POST']>
2025-06-21 00:26:01,723 - httpcore.http11 - DEBUG - send_request_headers.complete
2025-06-21 00:26:01,723 - httpcore.http11 - DEBUG - send_request_body.started request=<Request [b'POST']>
2025-06-21 00:26:01,725 - httpcore.http11 - DEBUG - send_request_body.complete
2025-06-21 00:26:01,726 - httpcore.http11 - DEBUG - receive_response_headers.started request=<Request [b'POST']>
2025-06-21 00:26:11,932 - httpcore.http11 - DEBUG - receive_response_headers.complete return_value=(b'HTTP/1.1', 200, b'OK', [(b'Server', b'nginx/1.18.0'), (b'Date', b'Fri, 20 Jun 2025 23:26:11 GMT'), (b'Content-Type', b'application/json'), (b'Content-Length', b'23'), (b'Connection', b'keep-alive'), (b'Strict-Transport-Security', b'max-age=31536000; includeSubDomains; preload'), (b'Access-Control-Allow-Origin', b'*'), (b'Access-Control-Allow-Methods', b'GET, POST, OPTIONS'), (b'Access-Control-Expose-Headers', b'Content-Length,Content-Type,Date,Server,Connection')])
2025-06-21 00:26:11,933 - httpx - INFO - HTTP Request: POST https://api.telegram.org/bot7707158318:AAE8rWa4Q8Z_3avql6K0HAmXaooZAReoNF0/getUpdates "HTTP/1.1 200 OK"
2025-06-21 00:26:11,935 - httpcore.http11 - DEBUG - receive_response_body.started request=<Request [b'POST']>
2025-06-21 00:26:11,935 - httpcore.http11 - DEBUG - receive_response_body.complete
2025-06-21 00:26:11,935 - httpcore.http11 - DEBUG - response_closed.started
2025-06-21 00:26:11,935 - httpcore.http11 - DEBUG - response_closed.complete
2025-06-21 00:26:11,937 - telegram.ext.ExtBot - DEBUG - No new updates found.
2025-06-21 00:26:11,937 - telegram.ext.ExtBot - DEBUG - ()
2025-06-21 00:26:11,937 - telegram.ext.ExtBot - DEBUG - Exiting: get_updates
2025-06-21 00:26:11,937 - telegram.ext.ExtBot - DEBUG - Entering: get_updates
2025-06-21 00:26:11,939 - httpcore.http11 - DEBUG - send_request_headers.started request=<Request [b'POST']>
2025-06-21 00:26:11,941 - httpcore.http11 - DEBUG - send_request_headers.complete
2025-06-21 00:26:11,941 - httpcore.http11 - DEBUG - send_request_body.started request=<Request [b'POST']>
2025-06-21 00:26:11,941 - httpcore.http11 - DEBUG - send_request_body.complete
2025-06-21 00:26:11,941 - httpcore.http11 - DEBUG - receive_response_headers.started request=<Request [b'POST']>
2025-06-21 00:26:22,167 - httpcore.http11 - DEBUG - receive_response_headers.complete return_value=(b'HTTP/1.1', 200, b'OK', [(b'Server', b'nginx/1.18.0'), (b'Date', b'Fri, 20 Jun 2025 23:26:21 GMT'), (b'Content-Type', b'application/json'), (b'Content-Length', b'23'), (b'Connection', b'keep-alive'), (b'Strict-Transport-Security', b'max-age=31536000; includeSubDomains; preload'), (b'Access-Control-Allow-Origin', b'*'), (b'Access-Control-Allow-Methods', b'GET, POST, OPTIONS'), (b'Access-Control-Expose-Headers', b'Content-Length,Content-Type,Date,Server,Connection')])
2025-06-21 00:26:22,174 - httpx - INFO - HTTP Request: POST https://api.telegram.org/bot7707158318:AAE8rWa4Q8Z_3avql6K0HAmXaooZAReoNF0/getUpdates "HTTP/1.1 200 OK"
2025-06-21 00:26:22,177 - httpcore.http11 - DEBUG - receive_response_body.started request=<Request [b'POST']>
2025-06-21 00:26:22,179 - httpcore.http11 - DEBUG - receive_response_body.complete
2025-06-21 00:26:22,179 - httpcore.http11 - DEBUG - response_closed.started
2025-06-21 00:26:22,179 - httpcore.http11 - DEBUG - response_closed.complete
2025-06-21 00:26:22,179 - telegram.ext.ExtBot - DEBUG - No new updates found.
2025-06-21 00:26:22,181 - telegram.ext.ExtBot - DEBUG - ()
2025-06-21 00:26:22,181 - telegram.ext.ExtBot - DEBUG - Exiting: get_updates
2025-06-21 00:26:22,181 - telegram.ext.ExtBot - DEBUG - Entering: get_updates
2025-06-21 00:26:22,183 - httpcore.http11 - DEBUG - send_request_headers.started request=<Request [b'POST']>
2025-06-21 00:26:22,185 - httpcore.http11 - DEBUG - send_request_headers.complete
2025-06-21 00:26:22,185 - httpcore.http11 - DEBUG - send_request_body.started request=<Request [b'POST']>
2025-06-21 00:26:22,186 - httpcore.http11 - DEBUG - send_request_body.complete
2025-06-21 00:26:22,186 - httpcore.http11 - DEBUG - receive_response_headers.started request=<Request [b'POST']>
2025-06-21 00:26:32,411 - httpcore.http11 - DEBUG - receive_response_headers.complete return_value=(b'HTTP/1.1', 200, b'OK', [(b'Server', b'nginx/1.18.0'), (b'Date', b'Fri, 20 Jun 2025 23:26:31 GMT'), (b'Content-Type', b'application/json'), (b'Content-Length', b'23'), (b'Connection', b'keep-alive'), (b'Strict-Transport-Security', b'max-age=31536000; includeSubDomains; preload'), (b'Access-Control-Allow-Origin', b'*'), (b'Access-Control-Allow-Methods', b'GET, POST, OPTIONS'), (b'Access-Control-Expose-Headers', b'Content-Length,Content-Type,Date,Server,Connection')])
2025-06-21 00:26:32,411 - httpx - INFO - HTTP Request: POST https://api.telegram.org/bot7707158318:AAE8rWa4Q8Z_3avql6K0HAmXaooZAReoNF0/getUpdates "HTTP/1.1 200 OK"
2025-06-21 00:26:32,414 - httpcore.http11 - DEBUG - receive_response_body.started request=<Request [b'POST']>
2025-06-21 00:26:32,415 - httpcore.http11 - DEBUG - receive_response_body.complete
2025-06-21 00:26:32,415 - httpcore.http11 - DEBUG - response_closed.started
2025-06-21 00:26:32,415 - httpcore.http11 - DEBUG - response_closed.complete
2025-06-21 00:26:32,417 - telegram.ext.ExtBot - DEBUG - No new updates found.
2025-06-21 00:26:32,417 - telegram.ext.ExtBot - DEBUG - ()
2025-06-21 00:26:32,417 - telegram.ext.ExtBot - DEBUG - Exiting: get_updates
2025-06-21 00:26:32,417 - telegram.ext.ExtBot - DEBUG - Entering: get_updates
2025-06-21 00:26:32,419 - httpcore.http11 - DEBUG - send_request_headers.started request=<Request [b'POST']>
2025-06-21 00:26:32,421 - httpcore.http11 - DEBUG - send_request_headers.complete
2025-06-21 00:26:32,422 - httpcore.http11 - DEBUG - send_request_body.started request=<Request [b'POST']>
2025-06-21 00:26:32,422 - httpcore.http11 - DEBUG - send_request_body.complete
2025-06-21 00:26:32,422 - httpcore.http11 - DEBUG - receive_response_headers.started request=<Request [b'POST']>
2025-06-21 00:26:42,549 - httpcore.http11 - DEBUG - receive_response_headers.complete return_value=(b'HTTP/1.1', 200, b'OK', [(b'Server', b'nginx/1.18.0'), (b'Date', b'Fri, 20 Jun 2025 23:26:42 GMT'), (b'Content-Type', b'application/json'), (b'Content-Length', b'23'), (b'Connection', b'keep-alive'), (b'Strict-Transport-Security', b'max-age=31536000; includeSubDomains; preload'), (b'Access-Control-Allow-Origin', b'*'), (b'Access-Control-Allow-Methods', b'GET, POST, OPTIONS'), (b'Access-Control-Expose-Headers', b'Content-Length,Content-Type,Date,Server,Connection')])
2025-06-21 00:26:42,549 - httpx - INFO - HTTP Request: POST https://api.telegram.org/bot7707158318:AAE8rWa4Q8Z_3avql6K0HAmXaooZAReoNF0/getUpdates "HTTP/1.1 200 OK"
2025-06-21 00:26:42,551 - httpcore.http11 - DEBUG - receive_response_body.started request=<Request [b'POST']>
2025-06-21 00:26:42,551 - httpcore.http11 - DEBUG - receive_response_body.complete
2025-06-21 00:26:42,551 - httpcore.http11 - DEBUG - response_closed.started
2025-06-21 00:26:42,553 - httpcore.http11 - DEBUG - response_closed.complete
2025-06-21 00:26:42,553 - telegram.ext.ExtBot - DEBUG - No new updates found.
2025-06-21 00:26:42,553 - telegram.ext.ExtBot - DEBUG - ()
2025-06-21 00:26:42,553 - telegram.ext.ExtBot - DEBUG - Exiting: get_updates
2025-06-21 00:26:42,553 - telegram.ext.ExtBot - DEBUG - Entering: get_updates
2025-06-21 00:26:42,557 - httpcore.http11 - DEBUG - send_request_headers.started request=<Request [b'POST']>
2025-06-21 00:26:42,558 - httpcore.http11 - DEBUG - send_request_headers.complete
2025-06-21 00:26:42,558 - httpcore.http11 - DEBUG - send_request_body.started request=<Request [b'POST']>
2025-06-21 00:26:42,560 - httpcore.http11 - DEBUG - send_request_body.complete
2025-06-21 00:26:42,560 - httpcore.http11 - DEBUG - receive_response_headers.started request=<Request [b'POST']>
2025-06-21 00:26:52,776 - httpcore.http11 - DEBUG - receive_response_headers.complete return_value=(b'HTTP/1.1', 200, b'OK', [(b'Server', b'nginx/1.18.0'), (b'Date', b'Fri, 20 Jun 2025 23:26:52 GMT'), (b'Content-Type', b'application/json'), (b'Content-Length', b'23'), (b'Connection', b'keep-alive'), (b'Strict-Transport-Security', b'max-age=31536000; includeSubDomains; preload'), (b'Access-Control-Allow-Origin', b'*'), (b'Access-Control-Allow-Methods', b'GET, POST, OPTIONS'), (b'Access-Control-Expose-Headers', b'Content-Length,Content-Type,Date,Server,Connection')])
2025-06-21 00:26:52,776 - httpx - INFO - HTTP Request: POST https://api.telegram.org/bot7707158318:AAE8rWa4Q8Z_3avql6K0HAmXaooZAReoNF0/getUpdates "HTTP/1.1 200 OK"
2025-06-21 00:26:52,778 - httpcore.http11 - DEBUG - receive_response_body.started request=<Request [b'POST']>
2025-06-21 00:26:52,778 - httpcore.http11 - DEBUG - receive_response_body.complete
2025-06-21 00:26:52,781 - httpcore.http11 - DEBUG - response_closed.started
2025-06-21 00:26:52,781 - httpcore.http11 - DEBUG - response_closed.complete
2025-06-21 00:26:52,781 - telegram.ext.ExtBot - DEBUG - No new updates found.
2025-06-21 00:26:52,781 - telegram.ext.ExtBot - DEBUG - ()
2025-06-21 00:26:52,781 - telegram.ext.ExtBot - DEBUG - Exiting: get_updates
2025-06-21 00:26:52,781 - telegram.ext.ExtBot - DEBUG - Entering: get_updates
2025-06-21 00:26:52,783 - httpcore.http11 - DEBUG - send_request_headers.started request=<Request [b'POST']>
2025-06-21 00:26:52,785 - httpcore.http11 - DEBUG - send_request_headers.complete
2025-06-21 00:26:52,785 - httpcore.http11 - DEBUG - send_request_body.started request=<Request [b'POST']>
2025-06-21 00:26:52,787 - httpcore.http11 - DEBUG - send_request_body.complete
2025-06-21 00:26:52,787 - httpcore.http11 - DEBUG - receive_response_headers.started request=<Request [b'POST']>
2025-06-21 00:27:03,011 - httpcore.http11 - DEBUG - receive_response_headers.complete return_value=(b'HTTP/1.1', 200, b'OK', [(b'Server', b'nginx/1.18.0'), (b'Date', b'Fri, 20 Jun 2025 23:27:02 GMT'), (b'Content-Type', b'application/json'), (b'Content-Length', b'23'), (b'Connection', b'keep-alive'), (b'Strict-Transport-Security', b'max-age=31536000; includeSubDomains; preload'), (b'Access-Control-Allow-Origin', b'*'), (b'Access-Control-Allow-Methods', b'GET, POST, OPTIONS'), (b'Access-Control-Expose-Headers', b'Content-Length,Content-Type,Date,Server,Connection')])
2025-06-21 00:27:03,013 - httpx - INFO - HTTP Request: POST https://api.telegram.org/bot7707158318:AAE8rWa4Q8Z_3avql6K0HAmXaooZAReoNF0/getUpdates "HTTP/1.1 200 OK"
2025-06-21 00:27:03,014 - httpcore.http11 - DEBUG - receive_response_body.started request=<Request [b'POST']>
2025-06-21 00:27:03,014 - httpcore.http11 - DEBUG - receive_response_body.complete
2025-06-21 00:27:03,014 - httpcore.http11 - DEBUG - response_closed.started
2025-06-21 00:27:03,016 - httpcore.http11 - DEBUG - response_closed.complete
2025-06-21 00:27:03,016 - telegram.ext.ExtBot - DEBUG - No new updates found.
2025-06-21 00:27:03,016 - telegram.ext.ExtBot - DEBUG - ()
2025-06-21 00:27:03,016 - telegram.ext.ExtBot - DEBUG - Exiting: get_updates
2025-06-21 00:27:03,016 - telegram.ext.ExtBot - DEBUG - Entering: get_updates
2025-06-21 00:27:03,020 - httpcore.http11 - DEBUG - send_request_headers.started request=<Request [b'POST']>
2025-06-21 00:27:03,022 - httpcore.http11 - DEBUG - send_request_headers.complete
2025-06-21 00:27:03,022 - httpcore.http11 - DEBUG - send_request_body.started request=<Request [b'POST']>
2025-06-21 00:27:03,024 - httpcore.http11 - DEBUG - send_request_body.complete
2025-06-21 00:27:03,024 - httpcore.http11 - DEBUG - receive_response_headers.started request=<Request [b'POST']>
2025-06-21 00:27:13,372 - httpcore.http11 - DEBUG - receive_response_headers.complete return_value=(b'HTTP/1.1', 200, b'OK', [(b'Server', b'nginx/1.18.0'), (b'Date', b'Fri, 20 Jun 2025 23:27:12 GMT'), (b'Content-Type', b'application/json'), (b'Content-Length', b'23'), (b'Connection', b'keep-alive'), (b'Strict-Transport-Security', b'max-age=31536000; includeSubDomains; preload'), (b'Access-Control-Allow-Origin', b'*'), (b'Access-Control-Allow-Methods', b'GET, POST, OPTIONS'), (b'Access-Control-Expose-Headers', b'Content-Length,Content-Type,Date,Server,Connection')])
2025-06-21 00:27:13,374 - httpx - INFO - HTTP Request: POST https://api.telegram.org/bot7707158318:AAE8rWa4Q8Z_3avql6K0HAmXaooZAReoNF0/getUpdates "HTTP/1.1 200 OK"
2025-06-21 00:27:13,377 - httpcore.http11 - DEBUG - receive_response_body.started request=<Request [b'POST']>
2025-06-21 00:27:13,377 - httpcore.http11 - DEBUG - receive_response_body.complete
2025-06-21 00:27:13,377 - httpcore.http11 - DEBUG - response_closed.started
2025-06-21 00:27:13,378 - httpcore.http11 - DEBUG - response_closed.complete
2025-06-21 00:27:13,379 - telegram.ext.ExtBot - DEBUG - No new updates found.
2025-06-21 00:27:13,379 - telegram.ext.ExtBot - DEBUG - ()
2025-06-21 00:27:13,379 - telegram.ext.ExtBot - DEBUG - Exiting: get_updates
2025-06-21 00:27:13,379 - telegram.ext.ExtBot - DEBUG - Entering: get_updates
2025-06-21 00:27:13,382 - httpcore.http11 - DEBUG - send_request_headers.started request=<Request [b'POST']>
2025-06-21 00:27:13,383 - httpcore.http11 - DEBUG - send_request_headers.complete
2025-06-21 00:27:13,383 - httpcore.http11 - DEBUG - send_request_body.started request=<Request [b'POST']>
2025-06-21 00:27:13,385 - httpcore.http11 - DEBUG - send_request_body.complete
2025-06-21 00:27:13,386 - httpcore.http11 - DEBUG - receive_response_headers.started request=<Request [b'POST']>
2025-06-21 00:27:23,609 - httpcore.http11 - DEBUG - receive_response_headers.complete return_value=(b'HTTP/1.1', 200, b'OK', [(b'Server', b'nginx/1.18.0'), (b'Date', b'Fri, 20 Jun 2025 23:27:23 GMT'), (b'Content-Type', b'application/json'), (b'Content-Length', b'23'), (b'Connection', b'keep-alive'), (b'Strict-Transport-Security', b'max-age=31536000; includeSubDomains; preload'), (b'Access-Control-Allow-Origin', b'*'), (b'Access-Control-Allow-Methods', b'GET, POST, OPTIONS'), (b'Access-Control-Expose-Headers', b'Content-Length,Content-Type,Date,Server,Connection')])
2025-06-21 00:27:23,611 - httpx - INFO - HTTP Request: POST https://api.telegram.org/bot7707158318:AAE8rWa4Q8Z_3avql6K0HAmXaooZAReoNF0/getUpdates "HTTP/1.1 200 OK"
2025-06-21 00:27:23,614 - httpcore.http11 - DEBUG - receive_response_body.started request=<Request [b'POST']>
2025-06-21 00:27:23,616 - httpcore.http11 - DEBUG - receive_response_body.complete
2025-06-21 00:27:23,616 - httpcore.http11 - DEBUG - response_closed.started
2025-06-21 00:27:23,616 - httpcore.http11 - DEBUG - response_closed.complete
2025-06-21 00:27:23,616 - telegram.ext.ExtBot - DEBUG - No new updates found.
2025-06-21 00:27:23,618 - telegram.ext.ExtBot - DEBUG - ()
2025-06-21 00:27:23,618 - telegram.ext.ExtBot - DEBUG - Exiting: get_updates
2025-06-21 00:27:23,618 - telegram.ext.ExtBot - DEBUG - Entering: get_updates
2025-06-21 00:27:23,619 - httpcore.http11 - DEBUG - send_request_headers.started request=<Request [b'POST']>
2025-06-21 00:27:23,621 - httpcore.http11 - DEBUG - send_request_headers.complete
2025-06-21 00:27:23,621 - httpcore.http11 - DEBUG - send_request_body.started request=<Request [b'POST']>
2025-06-21 00:27:23,624 - httpcore.http11 - DEBUG - send_request_body.complete
2025-06-21 00:27:23,624 - httpcore.http11 - DEBUG - receive_response_headers.started request=<Request [b'POST']>
2025-06-21 00:27:33,747 - httpcore.http11 - DEBUG - receive_response_headers.complete return_value=(b'HTTP/1.1', 200, b'OK', [(b'Server', b'nginx/1.18.0'), (b'Date', b'Fri, 20 Jun 2025 23:27:33 GMT'), (b'Content-Type', b'application/json'), (b'Content-Length', b'23'), (b'Connection', b'keep-alive'), (b'Strict-Transport-Security', b'max-age=31536000; includeSubDomains; preload'), (b'Access-Control-Allow-Origin', b'*'), (b'Access-Control-Allow-Methods', b'GET, POST, OPTIONS'), (b'Access-Control-Expose-Headers', b'Content-Length,Content-Type,Date,Server,Connection')])
2025-06-21 00:27:33,749 - httpx - INFO - HTTP Request: POST https://api.telegram.org/bot7707158318:AAE8rWa4Q8Z_3avql6K0HAmXaooZAReoNF0/getUpdates "HTTP/1.1 200 OK"
2025-06-21 00:27:33,751 - httpcore.http11 - DEBUG - receive_response_body.started request=<Request [b'POST']>
2025-06-21 00:27:33,751 - httpcore.http11 - DEBUG - receive_response_body.complete
2025-06-21 00:27:33,751 - httpcore.http11 - DEBUG - response_closed.started
2025-06-21 00:27:33,751 - httpcore.http11 - DEBUG - response_closed.complete
2025-06-21 00:27:33,753 - telegram.ext.ExtBot - DEBUG - No new updates found.
2025-06-21 00:27:33,753 - telegram.ext.ExtBot - DEBUG - ()
2025-06-21 00:27:33,754 - telegram.ext.ExtBot - DEBUG - Exiting: get_updates
2025-06-21 00:27:33,754 - telegram.ext.ExtBot - DEBUG - Entering: get_updates
2025-06-21 00:27:33,756 - httpcore.http11 - DEBUG - send_request_headers.started request=<Request [b'POST']>
2025-06-21 00:27:33,758 - httpcore.http11 - DEBUG - send_request_headers.complete
2025-06-21 00:27:33,758 - httpcore.http11 - DEBUG - send_request_body.started request=<Request [b'POST']>
2025-06-21 00:27:33,760 - httpcore.http11 - DEBUG - send_request_body.complete
2025-06-21 00:27:33,761 - httpcore.http11 - DEBUG - receive_response_headers.started request=<Request [b'POST']>
2025-06-21 00:27:43,885 - httpcore.http11 - DEBUG - receive_response_headers.complete return_value=(b'HTTP/1.1', 200, b'OK', [(b'Server', b'nginx/1.18.0'), (b'Date', b'Fri, 20 Jun 2025 23:27:43 GMT'), (b'Content-Type', b'application/json'), (b'Content-Length', b'23'), (b'Connection', b'keep-alive'), (b'Strict-Transport-Security', b'max-age=31536000; includeSubDomains; preload'), (b'Access-Control-Allow-Origin', b'*'), (b'Access-Control-Allow-Methods', b'GET, POST, OPTIONS'), (b'Access-Control-Expose-Headers', b'Content-Length,Content-Type,Date,Server,Connection')])
2025-06-21 00:27:43,889 - httpx - INFO - HTTP Request: POST https://api.telegram.org/bot7707158318:AAE8rWa4Q8Z_3avql6K0HAmXaooZAReoNF0/getUpdates "HTTP/1.1 200 OK"
2025-06-21 00:27:43,890 - httpcore.http11 - DEBUG - receive_response_body.started request=<Request [b'POST']>
2025-06-21 00:27:43,890 - httpcore.http11 - DEBUG - receive_response_body.complete
2025-06-21 00:27:43,890 - httpcore.http11 - DEBUG - response_closed.started
2025-06-21 00:27:43,892 - httpcore.http11 - DEBUG - response_closed.complete
2025-06-21 00:27:43,892 - telegram.ext.ExtBot - DEBUG - No new updates found.
2025-06-21 00:27:43,892 - telegram.ext.ExtBot - DEBUG - ()
2025-06-21 00:27:43,892 - telegram.ext.ExtBot - DEBUG - Exiting: get_updates
2025-06-21 00:27:43,894 - telegram.ext.ExtBot - DEBUG - Entering: get_updates
2025-06-21 00:27:43,896 - httpcore.http11 - DEBUG - send_request_headers.started request=<Request [b'POST']>
2025-06-21 00:27:43,898 - httpcore.http11 - DEBUG - send_request_headers.complete
2025-06-21 00:27:43,898 - httpcore.http11 - DEBUG - send_request_body.started request=<Request [b'POST']>
2025-06-21 00:27:43,898 - httpcore.http11 - DEBUG - send_request_body.complete
2025-06-21 00:27:43,900 - httpcore.http11 - DEBUG - receive_response_headers.started request=<Request [b'POST']>
2025-06-21 00:27:53,985 - httpcore.http11 - DEBUG - receive_response_headers.complete return_value=(b'HTTP/1.1', 200, b'OK', [(b'Server', b'nginx/1.18.0'), (b'Date', b'Fri, 20 Jun 2025 23:27:53 GMT'), (b'Content-Type', b'application/json'), (b'Content-Length', b'23'), (b'Connection', b'keep-alive'), (b'Strict-Transport-Security', b'max-age=31536000; includeSubDomains; preload'), (b'Access-Control-Allow-Origin', b'*'), (b'Access-Control-Allow-Methods', b'GET, POST, OPTIONS'), (b'Access-Control-Expose-Headers', b'Content-Length,Content-Type,Date,Server,Connection')])
2025-06-21 00:27:53,985 - httpx - INFO - HTTP Request: POST https://api.telegram.org/bot7707158318:AAE8rWa4Q8Z_3avql6K0HAmXaooZAReoNF0/getUpdates "HTTP/1.1 200 OK"
2025-06-21 00:27:53,993 - httpcore.http11 - DEBUG - receive_response_body.started request=<Request [b'POST']>
2025-06-21 00:27:53,994 - httpcore.http11 - DEBUG - receive_response_body.complete
2025-06-21 00:27:53,994 - httpcore.http11 - DEBUG - response_closed.started
2025-06-21 00:27:53,995 - httpcore.http11 - DEBUG - response_closed.complete
2025-06-21 00:27:53,996 - telegram.ext.ExtBot - DEBUG - No new updates found.
2025-06-21 00:27:53,996 - telegram.ext.ExtBot - DEBUG - ()
2025-06-21 00:27:53,997 - telegram.ext.ExtBot - DEBUG - Exiting: get_updates
2025-06-21 00:27:53,997 - telegram.ext.ExtBot - DEBUG - Entering: get_updates
2025-06-21 00:27:54,001 - httpcore.http11 - DEBUG - send_request_headers.started request=<Request [b'POST']>
2025-06-21 00:27:54,003 - httpcore.http11 - DEBUG - send_request_headers.complete
2025-06-21 00:27:54,003 - httpcore.http11 - DEBUG - send_request_body.started request=<Request [b'POST']>
2025-06-21 00:27:54,005 - httpcore.http11 - DEBUG - send_request_body.complete
2025-06-21 00:27:54,005 - httpcore.http11 - DEBUG - receive_response_headers.started request=<Request [b'POST']>
2025-06-21 00:28:04,085 - httpcore.http11 - DEBUG - receive_response_headers.complete return_value=(b'HTTP/1.1', 200, b'OK', [(b'Server', b'nginx/1.18.0'), (b'Date', b'Fri, 20 Jun 2025 23:28:03 GMT'), (b'Content-Type', b'application/json'), (b'Content-Length', b'23'), (b'Connection', b'keep-alive'), (b'Strict-Transport-Security', b'max-age=31536000; includeSubDomains; preload'), (b'Access-Control-Allow-Origin', b'*'), (b'Access-Control-Allow-Methods', b'GET, POST, OPTIONS'), (b'Access-Control-Expose-Headers', b'Content-Length,Content-Type,Date,Server,Connection')])
2025-06-21 00:28:04,087 - httpx - INFO - HTTP Request: POST https://api.telegram.org/bot7707158318:AAE8rWa4Q8Z_3avql6K0HAmXaooZAReoNF0/getUpdates "HTTP/1.1 200 OK"
2025-06-21 00:28:04,142 - httpcore.http11 - DEBUG - receive_response_body.started request=<Request [b'POST']>
2025-06-21 00:28:04,143 - httpcore.http11 - DEBUG - receive_response_body.complete
2025-06-21 00:28:04,143 - httpcore.http11 - DEBUG - response_closed.started
2025-06-21 00:28:04,146 - httpcore.http11 - DEBUG - response_closed.complete
2025-06-21 00:28:04,150 - telegram.ext.ExtBot - DEBUG - No new updates found.
2025-06-21 00:28:04,150 - telegram.ext.ExtBot - DEBUG - ()
2025-06-21 00:28:04,150 - telegram.ext.ExtBot - DEBUG - Exiting: get_updates
2025-06-21 00:28:04,152 - telegram.ext.ExtBot - DEBUG - Entering: get_updates
2025-06-21 00:28:04,153 - httpcore.http11 - DEBUG - send_request_headers.started request=<Request [b'POST']>
2025-06-21 00:28:04,153 - httpcore.http11 - DEBUG - send_request_headers.complete
2025-06-21 00:28:04,153 - httpcore.http11 - DEBUG - send_request_body.started request=<Request [b'POST']>
2025-06-21 00:28:04,153 - httpcore.http11 - DEBUG - send_request_body.complete
2025-06-21 00:28:04,153 - httpcore.http11 - DEBUG - receive_response_headers.started request=<Request [b'POST']>
2025-06-21 00:28:14,401 - httpcore.http11 - DEBUG - receive_response_headers.complete return_value=(b'HTTP/1.1', 200, b'OK', [(b'Server', b'nginx/1.18.0'), (b'Date', b'Fri, 20 Jun 2025 23:28:13 GMT'), (b'Content-Type', b'application/json'), (b'Content-Length', b'23'), (b'Connection', b'keep-alive'), (b'Strict-Transport-Security', b'max-age=31536000; includeSubDomains; preload'), (b'Access-Control-Allow-Origin', b'*'), (b'Access-Control-Allow-Methods', b'GET, POST, OPTIONS'), (b'Access-Control-Expose-Headers', b'Content-Length,Content-Type,Date,Server,Connection')])
2025-06-21 00:28:14,401 - httpx - INFO - HTTP Request: POST https://api.telegram.org/bot7707158318:AAE8rWa4Q8Z_3avql6K0HAmXaooZAReoNF0/getUpdates "HTTP/1.1 200 OK"
2025-06-21 00:28:14,409 - httpcore.http11 - DEBUG - receive_response_body.started request=<Request [b'POST']>
2025-06-21 00:28:14,410 - httpcore.http11 - DEBUG - receive_response_body.complete
2025-06-21 00:28:14,410 - httpcore.http11 - DEBUG - response_closed.started
2025-06-21 00:28:14,411 - httpcore.http11 - DEBUG - response_closed.complete
2025-06-21 00:28:14,411 - telegram.ext.ExtBot - DEBUG - No new updates found.
2025-06-21 00:28:14,412 - telegram.ext.ExtBot - DEBUG - ()
2025-06-21 00:28:14,412 - telegram.ext.ExtBot - DEBUG - Exiting: get_updates
2025-06-21 00:28:14,412 - telegram.ext.ExtBot - DEBUG - Entering: get_updates
2025-06-21 00:28:14,414 - httpcore.http11 - DEBUG - send_request_headers.started request=<Request [b'POST']>
2025-06-21 00:28:14,415 - httpcore.http11 - DEBUG - send_request_headers.complete
2025-06-21 00:28:14,415 - httpcore.http11 - DEBUG - send_request_body.started request=<Request [b'POST']>
2025-06-21 00:28:14,416 - httpcore.http11 - DEBUG - send_request_body.complete
2025-06-21 00:28:14,416 - httpcore.http11 - DEBUG - receive_response_headers.started request=<Request [b'POST']>
2025-06-21 00:28:24,633 - httpcore.http11 - DEBUG - receive_response_headers.complete return_value=(b'HTTP/1.1', 200, b'OK', [(b'Server', b'nginx/1.18.0'), (b'Date', b'Fri, 20 Jun 2025 23:28:24 GMT'), (b'Content-Type', b'application/json'), (b'Content-Length', b'23'), (b'Connection', b'keep-alive'), (b'Strict-Transport-Security', b'max-age=31536000; includeSubDomains; preload'), (b'Access-Control-Allow-Origin', b'*'), (b'Access-Control-Allow-Methods', b'GET, POST, OPTIONS'), (b'Access-Control-Expose-Headers', b'Content-Length,Content-Type,Date,Server,Connection')])
2025-06-21 00:28:24,636 - httpx - INFO - HTTP Request: POST https://api.telegram.org/bot7707158318:AAE8rWa4Q8Z_3avql6K0HAmXaooZAReoNF0/getUpdates "HTTP/1.1 200 OK"
2025-06-21 00:28:24,637 - httpcore.http11 - DEBUG - receive_response_body.started request=<Request [b'POST']>
2025-06-21 00:28:24,639 - httpcore.http11 - DEBUG - receive_response_body.complete
2025-06-21 00:28:24,639 - httpcore.http11 - DEBUG - response_closed.started
2025-06-21 00:28:24,639 - httpcore.http11 - DEBUG - response_closed.complete
2025-06-21 00:28:24,639 - telegram.ext.ExtBot - DEBUG - No new updates found.
2025-06-21 00:28:24,639 - telegram.ext.ExtBot - DEBUG - ()
2025-06-21 00:28:24,641 - telegram.ext.ExtBot - DEBUG - Exiting: get_updates
2025-06-21 00:28:24,641 - telegram.ext.ExtBot - DEBUG - Entering: get_updates
2025-06-21 00:28:24,643 - httpcore.http11 - DEBUG - send_request_headers.started request=<Request [b'POST']>
2025-06-21 00:28:24,643 - httpcore.http11 - DEBUG - send_request_headers.complete
2025-06-21 00:28:24,645 - httpcore.http11 - DEBUG - send_request_body.started request=<Request [b'POST']>
2025-06-21 00:28:24,645 - httpcore.http11 - DEBUG - send_request_body.complete
2025-06-21 00:28:24,645 - httpcore.http11 - DEBUG - receive_response_headers.started request=<Request [b'POST']>
2025-06-21 00:28:34,924 - httpcore.http11 - DEBUG - receive_response_headers.complete return_value=(b'HTTP/1.1', 200, b'OK', [(b'Server', b'nginx/1.18.0'), (b'Date', b'Fri, 20 Jun 2025 23:28:34 GMT'), (b'Content-Type', b'application/json'), (b'Content-Length', b'23'), (b'Connection', b'keep-alive'), (b'Strict-Transport-Security', b'max-age=31536000; includeSubDomains; preload'), (b'Access-Control-Allow-Origin', b'*'), (b'Access-Control-Allow-Methods', b'GET, POST, OPTIONS'), (b'Access-Control-Expose-Headers', b'Content-Length,Content-Type,Date,Server,Connection')])
2025-06-21 00:28:34,924 - httpx - INFO - HTTP Request: POST https://api.telegram.org/bot7707158318:AAE8rWa4Q8Z_3avql6K0HAmXaooZAReoNF0/getUpdates "HTTP/1.1 200 OK"
2025-06-21 00:28:34,927 - httpcore.http11 - DEBUG - receive_response_body.started request=<Request [b'POST']>
2025-06-21 00:28:34,927 - httpcore.http11 - DEBUG - receive_response_body.complete
2025-06-21 00:28:34,927 - httpcore.http11 - DEBUG - response_closed.started
2025-06-21 00:28:34,930 - httpcore.http11 - DEBUG - response_closed.complete
2025-06-21 00:28:34,930 - telegram.ext.ExtBot - DEBUG - No new updates found.
2025-06-21 00:28:34,930 - telegram.ext.ExtBot - DEBUG - ()
2025-06-21 00:28:34,930 - telegram.ext.ExtBot - DEBUG - Exiting: get_updates
2025-06-21 00:28:34,930 - telegram.ext.ExtBot - DEBUG - Entering: get_updates
2025-06-21 00:28:34,930 - httpcore.http11 - DEBUG - send_request_headers.started request=<Request [b'POST']>
2025-06-21 00:28:34,930 - httpcore.http11 - DEBUG - send_request_headers.complete
2025-06-21 00:28:34,930 - httpcore.http11 - DEBUG - send_request_body.started request=<Request [b'POST']>
2025-06-21 00:28:34,930 - httpcore.http11 - DEBUG - send_request_body.complete
2025-06-21 00:28:34,930 - httpcore.http11 - DEBUG - receive_response_headers.started request=<Request [b'POST']>
2025-06-21 00:28:45,120 - httpcore.http11 - DEBUG - receive_response_headers.complete return_value=(b'HTTP/1.1', 200, b'OK', [(b'Server', b'nginx/1.18.0'), (b'Date', b'Fri, 20 Jun 2025 23:28:44 GMT'), (b'Content-Type', b'application/json'), (b'Content-Length', b'23'), (b'Connection', b'keep-alive'), (b'Strict-Transport-Security', b'max-age=31536000; includeSubDomains; preload'), (b'Access-Control-Allow-Origin', b'*'), (b'Access-Control-Allow-Methods', b'GET, POST, OPTIONS'), (b'Access-Control-Expose-Headers', b'Content-Length,Content-Type,Date,Server,Connection')])
2025-06-21 00:28:45,122 - httpx - INFO - HTTP Request: POST https://api.telegram.org/bot7707158318:AAE8rWa4Q8Z_3avql6K0HAmXaooZAReoNF0/getUpdates "HTTP/1.1 200 OK"
2025-06-21 00:28:45,122 - httpcore.http11 - DEBUG - receive_response_body.started request=<Request [b'POST']>
2025-06-21 00:28:45,122 - httpcore.http11 - DEBUG - receive_response_body.complete
2025-06-21 00:28:45,122 - httpcore.http11 - DEBUG - response_closed.started
2025-06-21 00:28:45,122 - httpcore.http11 - DEBUG - response_closed.complete
2025-06-21 00:28:45,122 - telegram.ext.ExtBot - DEBUG - No new updates found.
2025-06-21 00:28:45,122 - telegram.ext.ExtBot - DEBUG - ()
2025-06-21 00:28:45,122 - telegram.ext.ExtBot - DEBUG - Exiting: get_updates
2025-06-21 00:28:45,122 - telegram.ext.ExtBot - DEBUG - Entering: get_updates
2025-06-21 00:28:45,128 - httpcore.http11 - DEBUG - send_request_headers.started request=<Request [b'POST']>
2025-06-21 00:28:45,130 - httpcore.http11 - DEBUG - send_request_headers.complete
2025-06-21 00:28:45,132 - httpcore.http11 - DEBUG - send_request_body.started request=<Request [b'POST']>
2025-06-21 00:28:45,133 - httpcore.http11 - DEBUG - send_request_body.complete
2025-06-21 00:28:45,133 - httpcore.http11 - DEBUG - receive_response_headers.started request=<Request [b'POST']>
2025-06-21 00:28:55,239 - httpcore.http11 - DEBUG - receive_response_headers.complete return_value=(b'HTTP/1.1', 200, b'OK', [(b'Server', b'nginx/1.18.0'), (b'Date', b'Fri, 20 Jun 2025 23:28:54 GMT'), (b'Content-Type', b'application/json'), (b'Content-Length', b'23'), (b'Connection', b'keep-alive'), (b'Strict-Transport-Security', b'max-age=31536000; includeSubDomains; preload'), (b'Access-Control-Allow-Origin', b'*'), (b'Access-Control-Allow-Methods', b'GET, POST, OPTIONS'), (b'Access-Control-Expose-Headers', b'Content-Length,Content-Type,Date,Server,Connection')])
2025-06-21 00:28:55,241 - httpx - INFO - HTTP Request: POST https://api.telegram.org/bot7707158318:AAE8rWa4Q8Z_3avql6K0HAmXaooZAReoNF0/getUpdates "HTTP/1.1 200 OK"
2025-06-21 00:28:55,242 - httpcore.http11 - DEBUG - receive_response_body.started request=<Request [b'POST']>
2025-06-21 00:28:55,243 - httpcore.http11 - DEBUG - receive_response_body.complete
2025-06-21 00:28:55,243 - httpcore.http11 - DEBUG - response_closed.started
2025-06-21 00:28:55,244 - httpcore.http11 - DEBUG - response_closed.complete
2025-06-21 00:28:55,245 - telegram.ext.ExtBot - DEBUG - No new updates found.
2025-06-21 00:28:55,245 - telegram.ext.ExtBot - DEBUG - ()
2025-06-21 00:28:55,246 - telegram.ext.ExtBot - DEBUG - Exiting: get_updates
2025-06-21 00:28:55,246 - telegram.ext.ExtBot - DEBUG - Entering: get_updates
2025-06-21 00:28:55,251 - httpcore.http11 - DEBUG - send_request_headers.started request=<Request [b'POST']>
2025-06-21 00:28:55,253 - httpcore.http11 - DEBUG - send_request_headers.complete
2025-06-21 00:28:55,254 - httpcore.http11 - DEBUG - send_request_body.started request=<Request [b'POST']>
2025-06-21 00:28:55,256 - httpcore.http11 - DEBUG - send_request_body.complete
2025-06-21 00:28:55,256 - httpcore.http11 - DEBUG - receive_response_headers.started request=<Request [b'POST']>
2025-06-21 00:29:05,412 - httpcore.http11 - DEBUG - receive_response_headers.complete return_value=(b'HTTP/1.1', 200, b'OK', [(b'Server', b'nginx/1.18.0'), (b'Date', b'Fri, 20 Jun 2025 23:29:05 GMT'), (b'Content-Type', b'application/json'), (b'Content-Length', b'23'), (b'Connection', b'keep-alive'), (b'Strict-Transport-Security', b'max-age=31536000; includeSubDomains; preload'), (b'Access-Control-Allow-Origin', b'*'), (b'Access-Control-Allow-Methods', b'GET, POST, OPTIONS'), (b'Access-Control-Expose-Headers', b'Content-Length,Content-Type,Date,Server,Connection')])
2025-06-21 00:29:05,414 - httpx - INFO - HTTP Request: POST https://api.telegram.org/bot7707158318:AAE8rWa4Q8Z_3avql6K0HAmXaooZAReoNF0/getUpdates "HTTP/1.1 200 OK"
2025-06-21 00:29:05,421 - httpcore.http11 - DEBUG - receive_response_body.started request=<Request [b'POST']>
2025-06-21 00:29:05,422 - httpcore.http11 - DEBUG - receive_response_body.complete
2025-06-21 00:29:05,422 - httpcore.http11 - DEBUG - response_closed.started
2025-06-21 00:29:05,423 - httpcore.http11 - DEBUG - response_closed.complete
2025-06-21 00:29:05,423 - telegram.ext.ExtBot - DEBUG - No new updates found.
2025-06-21 00:29:05,424 - telegram.ext.ExtBot - DEBUG - ()
2025-06-21 00:29:05,424 - telegram.ext.ExtBot - DEBUG - Exiting: get_updates
2025-06-21 00:29:05,424 - telegram.ext.ExtBot - DEBUG - Entering: get_updates
2025-06-21 00:29:05,427 - httpcore.http11 - DEBUG - send_request_headers.started request=<Request [b'POST']>
2025-06-21 00:29:05,429 - httpcore.http11 - DEBUG - send_request_headers.complete
2025-06-21 00:29:05,429 - httpcore.http11 - DEBUG - send_request_body.started request=<Request [b'POST']>
2025-06-21 00:29:05,430 - httpcore.http11 - DEBUG - send_request_body.complete
2025-06-21 00:29:05,430 - httpcore.http11 - DEBUG - receive_response_headers.started request=<Request [b'POST']>
2025-06-21 00:29:15,841 - httpcore.http11 - DEBUG - receive_response_headers.complete return_value=(b'HTTP/1.1', 200, b'OK', [(b'Server', b'nginx/1.18.0'), (b'Date', b'Fri, 20 Jun 2025 23:29:15 GMT'), (b'Content-Type', b'application/json'), (b'Content-Length', b'23'), (b'Connection', b'keep-alive'), (b'Strict-Transport-Security', b'max-age=31536000; includeSubDomains; preload'), (b'Access-Control-Allow-Origin', b'*'), (b'Access-Control-Allow-Methods', b'GET, POST, OPTIONS'), (b'Access-Control-Expose-Headers', b'Content-Length,Content-Type,Date,Server,Connection')])
2025-06-21 00:29:15,843 - httpx - INFO - HTTP Request: POST https://api.telegram.org/bot7707158318:AAE8rWa4Q8Z_3avql6K0HAmXaooZAReoNF0/getUpdates "HTTP/1.1 200 OK"
2025-06-21 00:29:15,846 - httpcore.http11 - DEBUG - receive_response_body.started request=<Request [b'POST']>
2025-06-21 00:29:15,847 - httpcore.http11 - DEBUG - receive_response_body.complete
2025-06-21 00:29:15,848 - httpcore.http11 - DEBUG - response_closed.started
2025-06-21 00:29:15,848 - httpcore.http11 - DEBUG - response_closed.complete
2025-06-21 00:29:15,848 - telegram.ext.ExtBot - DEBUG - No new updates found.
2025-06-21 00:29:15,848 - telegram.ext.ExtBot - DEBUG - ()
2025-06-21 00:29:15,848 - telegram.ext.ExtBot - DEBUG - Exiting: get_updates
2025-06-21 00:29:15,850 - telegram.ext.ExtBot - DEBUG - Entering: get_updates
2025-06-21 00:29:15,852 - httpcore.http11 - DEBUG - send_request_headers.started request=<Request [b'POST']>
2025-06-21 00:29:15,852 - httpcore.http11 - DEBUG - send_request_headers.complete
2025-06-21 00:29:15,854 - httpcore.http11 - DEBUG - send_request_body.started request=<Request [b'POST']>
2025-06-21 00:29:15,854 - httpcore.http11 - DEBUG - send_request_body.complete
2025-06-21 00:29:15,854 - httpcore.http11 - DEBUG - receive_response_headers.started request=<Request [b'POST']>
2025-06-21 00:29:26,081 - httpcore.http11 - DEBUG - receive_response_headers.complete return_value=(b'HTTP/1.1', 200, b'OK', [(b'Server', b'nginx/1.18.0'), (b'Date', b'Fri, 20 Jun 2025 23:29:25 GMT'), (b'Content-Type', b'application/json'), (b'Content-Length', b'23'), (b'Connection', b'keep-alive'), (b'Strict-Transport-Security', b'max-age=31536000; includeSubDomains; preload'), (b'Access-Control-Allow-Origin', b'*'), (b'Access-Control-Allow-Methods', b'GET, POST, OPTIONS'), (b'Access-Control-Expose-Headers', b'Content-Length,Content-Type,Date,Server,Connection')])
2025-06-21 00:29:26,083 - httpx - INFO - HTTP Request: POST https://api.telegram.org/bot7707158318:AAE8rWa4Q8Z_3avql6K0HAmXaooZAReoNF0/getUpdates "HTTP/1.1 200 OK"
2025-06-21 00:29:26,085 - httpcore.http11 - DEBUG - receive_response_body.started request=<Request [b'POST']>
2025-06-21 00:29:26,087 - httpcore.http11 - DEBUG - receive_response_body.complete
2025-06-21 00:29:26,087 - httpcore.http11 - DEBUG - response_closed.started
2025-06-21 00:29:26,087 - httpcore.http11 - DEBUG - response_closed.complete
2025-06-21 00:29:26,088 - telegram.ext.ExtBot - DEBUG - No new updates found.
2025-06-21 00:29:26,088 - telegram.ext.ExtBot - DEBUG - ()
2025-06-21 00:29:26,088 - telegram.ext.ExtBot - DEBUG - Exiting: get_updates
2025-06-21 00:29:26,088 - telegram.ext.ExtBot - DEBUG - Entering: get_updates
2025-06-21 00:29:26,092 - httpcore.http11 - DEBUG - send_request_headers.started request=<Request [b'POST']>
2025-06-21 00:29:26,092 - httpcore.http11 - DEBUG - send_request_headers.complete
2025-06-21 00:29:26,094 - httpcore.http11 - DEBUG - send_request_body.started request=<Request [b'POST']>
2025-06-21 00:29:26,094 - httpcore.http11 - DEBUG - send_request_body.complete
2025-06-21 00:29:26,094 - httpcore.http11 - DEBUG - receive_response_headers.started request=<Request [b'POST']>
2025-06-21 00:29:36,322 - httpcore.http11 - DEBUG - receive_response_headers.complete return_value=(b'HTTP/1.1', 200, b'OK', [(b'Server', b'nginx/1.18.0'), (b'Date', b'Fri, 20 Jun 2025 23:29:35 GMT'), (b'Content-Type', b'application/json'), (b'Content-Length', b'23'), (b'Connection', b'keep-alive'), (b'Strict-Transport-Security', b'max-age=31536000; includeSubDomains; preload'), (b'Access-Control-Allow-Origin', b'*'), (b'Access-Control-Allow-Methods', b'GET, POST, OPTIONS'), (b'Access-Control-Expose-Headers', b'Content-Length,Content-Type,Date,Server,Connection')])
2025-06-21 00:29:36,323 - httpx - INFO - HTTP Request: POST https://api.telegram.org/bot7707158318:AAE8rWa4Q8Z_3avql6K0HAmXaooZAReoNF0/getUpdates "HTTP/1.1 200 OK"
2025-06-21 00:29:36,329 - httpcore.http11 - DEBUG - receive_response_body.started request=<Request [b'POST']>
2025-06-21 00:29:36,329 - httpcore.http11 - DEBUG - receive_response_body.complete
2025-06-21 00:29:36,330 - httpcore.http11 - DEBUG - response_closed.started
2025-06-21 00:29:36,330 - httpcore.http11 - DEBUG - response_closed.complete
2025-06-21 00:29:36,331 - telegram.ext.ExtBot - DEBUG - No new updates found.
2025-06-21 00:29:36,331 - telegram.ext.ExtBot - DEBUG - ()
2025-06-21 00:29:36,331 - telegram.ext.ExtBot - DEBUG - Exiting: get_updates
2025-06-21 00:29:36,332 - telegram.ext.ExtBot - DEBUG - Entering: get_updates
2025-06-21 00:29:36,334 - httpcore.http11 - DEBUG - send_request_headers.started request=<Request [b'POST']>
2025-06-21 00:29:36,335 - httpcore.http11 - DEBUG - send_request_headers.complete
2025-06-21 00:29:36,335 - httpcore.http11 - DEBUG - send_request_body.started request=<Request [b'POST']>
2025-06-21 00:29:36,336 - httpcore.http11 - DEBUG - send_request_body.complete
2025-06-21 00:29:36,337 - httpcore.http11 - DEBUG - receive_response_headers.started request=<Request [b'POST']>
2025-06-21 00:29:46,560 - httpcore.http11 - DEBUG - receive_response_headers.complete return_value=(b'HTTP/1.1', 200, b'OK', [(b'Server', b'nginx/1.18.0'), (b'Date', b'Fri, 20 Jun 2025 23:29:46 GMT'), (b'Content-Type', b'application/json'), (b'Content-Length', b'23'), (b'Connection', b'keep-alive'), (b'Strict-Transport-Security', b'max-age=31536000; includeSubDomains; preload'), (b'Access-Control-Allow-Origin', b'*'), (b'Access-Control-Allow-Methods', b'GET, POST, OPTIONS'), (b'Access-Control-Expose-Headers', b'Content-Length,Content-Type,Date,Server,Connection')])
2025-06-21 00:29:46,560 - httpx - INFO - HTTP Request: POST https://api.telegram.org/bot7707158318:AAE8rWa4Q8Z_3avql6K0HAmXaooZAReoNF0/getUpdates "HTTP/1.1 200 OK"
2025-06-21 00:29:46,560 - httpcore.http11 - DEBUG - receive_response_body.started request=<Request [b'POST']>
2025-06-21 00:29:46,560 - httpcore.http11 - DEBUG - receive_response_body.complete
2025-06-21 00:29:46,564 - httpcore.http11 - DEBUG - response_closed.started
2025-06-21 00:29:46,564 - httpcore.http11 - DEBUG - response_closed.complete
2025-06-21 00:29:46,565 - telegram.ext.ExtBot - DEBUG - No new updates found.
2025-06-21 00:29:46,566 - telegram.ext.ExtBot - DEBUG - ()
2025-06-21 00:29:46,566 - telegram.ext.ExtBot - DEBUG - Exiting: get_updates
2025-06-21 00:29:46,566 - telegram.ext.ExtBot - DEBUG - Entering: get_updates
2025-06-21 00:29:46,566 - httpcore.http11 - DEBUG - send_request_headers.started request=<Request [b'POST']>
2025-06-21 00:29:46,566 - httpcore.http11 - DEBUG - send_request_headers.complete
2025-06-21 00:29:46,566 - httpcore.http11 - DEBUG - send_request_body.started request=<Request [b'POST']>
2025-06-21 00:29:46,566 - httpcore.http11 - DEBUG - send_request_body.complete
2025-06-21 00:29:46,566 - httpcore.http11 - DEBUG - receive_response_headers.started request=<Request [b'POST']>
2025-06-21 00:29:56,699 - httpcore.http11 - DEBUG - receive_response_headers.complete return_value=(b'HTTP/1.1', 200, b'OK', [(b'Server', b'nginx/1.18.0'), (b'Date', b'Fri, 20 Jun 2025 23:29:56 GMT'), (b'Content-Type', b'application/json'), (b'Content-Length', b'23'), (b'Connection', b'keep-alive'), (b'Strict-Transport-Security', b'max-age=31536000; includeSubDomains; preload'), (b'Access-Control-Allow-Origin', b'*'), (b'Access-Control-Allow-Methods', b'GET, POST, OPTIONS'), (b'Access-Control-Expose-Headers', b'Content-Length,Content-Type,Date,Server,Connection')])
2025-06-21 00:29:56,700 - httpx - INFO - HTTP Request: POST https://api.telegram.org/bot7707158318:AAE8rWa4Q8Z_3avql6K0HAmXaooZAReoNF0/getUpdates "HTTP/1.1 200 OK"
2025-06-21 00:29:56,707 - httpcore.http11 - DEBUG - receive_response_body.started request=<Request [b'POST']>
2025-06-21 00:29:56,707 - httpcore.http11 - DEBUG - receive_response_body.complete
2025-06-21 00:29:56,708 - httpcore.http11 - DEBUG - response_closed.started
2025-06-21 00:29:56,708 - httpcore.http11 - DEBUG - response_closed.complete
2025-06-21 00:29:56,708 - telegram.ext.ExtBot - DEBUG - No new updates found.
2025-06-21 00:29:56,710 - telegram.ext.ExtBot - DEBUG - ()
2025-06-21 00:29:56,710 - telegram.ext.ExtBot - DEBUG - Exiting: get_updates
2025-06-21 00:29:56,710 - telegram.ext.ExtBot - DEBUG - Entering: get_updates
2025-06-21 00:29:56,713 - httpcore.http11 - DEBUG - send_request_headers.started request=<Request [b'POST']>
2025-06-21 00:29:56,714 - httpcore.http11 - DEBUG - send_request_headers.complete
2025-06-21 00:29:56,715 - httpcore.http11 - DEBUG - send_request_body.started request=<Request [b'POST']>
2025-06-21 00:29:56,716 - httpcore.http11 - DEBUG - send_request_body.complete
2025-06-21 00:29:56,716 - httpcore.http11 - DEBUG - receive_response_headers.started request=<Request [b'POST']>
2025-06-21 00:30:06,956 - httpcore.http11 - DEBUG - receive_response_headers.complete return_value=(b'HTTP/1.1', 200, b'OK', [(b'Server', b'nginx/1.18.0'), (b'Date', b'Fri, 20 Jun 2025 23:30:06 GMT'), (b'Content-Type', b'application/json'), (b'Content-Length', b'23'), (b'Connection', b'keep-alive'), (b'Strict-Transport-Security', b'max-age=31536000; includeSubDomains; preload'), (b'Access-Control-Allow-Origin', b'*'), (b'Access-Control-Allow-Methods', b'GET, POST, OPTIONS'), (b'Access-Control-Expose-Headers', b'Content-Length,Content-Type,Date,Server,Connection')])
2025-06-21 00:30:06,960 - httpx - INFO - HTTP Request: POST https://api.telegram.org/bot7707158318:AAE8rWa4Q8Z_3avql6K0HAmXaooZAReoNF0/getUpdates "HTTP/1.1 200 OK"
2025-06-21 00:30:06,962 - httpcore.http11 - DEBUG - receive_response_body.started request=<Request [b'POST']>
2025-06-21 00:30:06,963 - httpcore.http11 - DEBUG - receive_response_body.complete
2025-06-21 00:30:06,963 - httpcore.http11 - DEBUG - response_closed.started
2025-06-21 00:30:06,965 - httpcore.http11 - DEBUG - response_closed.complete
2025-06-21 00:30:06,966 - telegram.ext.ExtBot - DEBUG - No new updates found.
2025-06-21 00:30:06,966 - telegram.ext.ExtBot - DEBUG - ()
2025-06-21 00:30:06,968 - telegram.ext.ExtBot - DEBUG - Exiting: get_updates
2025-06-21 00:30:06,968 - telegram.ext.ExtBot - DEBUG - Entering: get_updates
2025-06-21 00:30:06,972 - httpcore.http11 - DEBUG - send_request_headers.started request=<Request [b'POST']>
2025-06-21 00:30:06,975 - httpcore.http11 - DEBUG - send_request_headers.complete
2025-06-21 00:30:06,975 - httpcore.http11 - DEBUG - send_request_body.started request=<Request [b'POST']>
2025-06-21 00:30:06,978 - httpcore.http11 - DEBUG - send_request_body.complete
2025-06-21 00:30:06,978 - httpcore.http11 - DEBUG - receive_response_headers.started request=<Request [b'POST']>
2025-06-21 00:30:17,274 - httpcore.http11 - DEBUG - receive_response_headers.complete return_value=(b'HTTP/1.1', 200, b'OK', [(b'Server', b'nginx/1.18.0'), (b'Date', b'Fri, 20 Jun 2025 23:30:16 GMT'), (b'Content-Type', b'application/json'), (b'Content-Length', b'23'), (b'Connection', b'keep-alive'), (b'Strict-Transport-Security', b'max-age=31536000; includeSubDomains; preload'), (b'Access-Control-Allow-Origin', b'*'), (b'Access-Control-Allow-Methods', b'GET, POST, OPTIONS'), (b'Access-Control-Expose-Headers', b'Content-Length,Content-Type,Date,Server,Connection')])
2025-06-21 00:30:17,283 - httpx - INFO - HTTP Request: POST https://api.telegram.org/bot7707158318:AAE8rWa4Q8Z_3avql6K0HAmXaooZAReoNF0/getUpdates "HTTP/1.1 200 OK"
2025-06-21 00:30:17,284 - httpcore.http11 - DEBUG - receive_response_body.started request=<Request [b'POST']>
2025-06-21 00:30:17,286 - httpcore.http11 - DEBUG - receive_response_body.complete
2025-06-21 00:30:17,286 - httpcore.http11 - DEBUG - response_closed.started
2025-06-21 00:30:17,286 - httpcore.http11 - DEBUG - response_closed.complete
2025-06-21 00:30:17,287 - telegram.ext.ExtBot - DEBUG - No new updates found.
2025-06-21 00:30:17,287 - telegram.ext.ExtBot - DEBUG - ()
2025-06-21 00:30:17,287 - telegram.ext.ExtBot - DEBUG - Exiting: get_updates
2025-06-21 00:30:17,287 - telegram.ext.ExtBot - DEBUG - Entering: get_updates
2025-06-21 00:30:17,287 - httpcore.http11 - DEBUG - send_request_headers.started request=<Request [b'POST']>
2025-06-21 00:30:17,294 - httpcore.http11 - DEBUG - send_request_headers.complete
2025-06-21 00:30:17,294 - httpcore.http11 - DEBUG - send_request_body.started request=<Request [b'POST']>
2025-06-21 00:30:17,297 - httpcore.http11 - DEBUG - send_request_body.complete
2025-06-21 00:30:17,297 - httpcore.http11 - DEBUG - receive_response_headers.started request=<Request [b'POST']>
2025-06-21 00:30:27,387 - httpcore.http11 - DEBUG - receive_response_headers.complete return_value=(b'HTTP/1.1', 200, b'OK', [(b'Server', b'nginx/1.18.0'), (b'Date', b'Fri, 20 Jun 2025 23:30:27 GMT'), (b'Content-Type', b'application/json'), (b'Content-Length', b'23'), (b'Connection', b'keep-alive'), (b'Strict-Transport-Security', b'max-age=31536000; includeSubDomains; preload'), (b'Access-Control-Allow-Origin', b'*'), (b'Access-Control-Allow-Methods', b'GET, POST, OPTIONS'), (b'Access-Control-Expose-Headers', b'Content-Length,Content-Type,Date,Server,Connection')])
2025-06-21 00:30:27,387 - httpx - INFO - HTTP Request: POST https://api.telegram.org/bot7707158318:AAE8rWa4Q8Z_3avql6K0HAmXaooZAReoNF0/getUpdates "HTTP/1.1 200 OK"
2025-06-21 00:30:27,387 - httpcore.http11 - DEBUG - receive_response_body.started request=<Request [b'POST']>
2025-06-21 00:30:27,387 - httpcore.http11 - DEBUG - receive_response_body.complete
2025-06-21 00:30:27,387 - httpcore.http11 - DEBUG - response_closed.started
2025-06-21 00:30:27,391 - httpcore.http11 - DEBUG - response_closed.complete
2025-06-21 00:30:27,391 - telegram.ext.ExtBot - DEBUG - No new updates found.
2025-06-21 00:30:27,391 - telegram.ext.ExtBot - DEBUG - ()
2025-06-21 00:30:27,391 - telegram.ext.ExtBot - DEBUG - Exiting: get_updates
2025-06-21 00:30:27,391 - telegram.ext.ExtBot - DEBUG - Entering: get_updates
2025-06-21 00:30:27,396 - httpcore.http11 - DEBUG - send_request_headers.started request=<Request [b'POST']>
2025-06-21 00:30:27,398 - httpcore.http11 - DEBUG - send_request_headers.complete
2025-06-21 00:30:27,398 - httpcore.http11 - DEBUG - send_request_body.started request=<Request [b'POST']>
2025-06-21 00:30:27,400 - httpcore.http11 - DEBUG - send_request_body.complete
2025-06-21 00:30:27,400 - httpcore.http11 - DEBUG - receive_response_headers.started request=<Request [b'POST']>
2025-06-21 00:30:37,556 - httpcore.http11 - DEBUG - receive_response_headers.complete return_value=(b'HTTP/1.1', 200, b'OK', [(b'Server', b'nginx/1.18.0'), (b'Date', b'Fri, 20 Jun 2025 23:30:37 GMT'), (b'Content-Type', b'application/json'), (b'Content-Length', b'23'), (b'Connection', b'keep-alive'), (b'Strict-Transport-Security', b'max-age=31536000; includeSubDomains; preload'), (b'Access-Control-Allow-Origin', b'*'), (b'Access-Control-Allow-Methods', b'GET, POST, OPTIONS'), (b'Access-Control-Expose-Headers', b'Content-Length,Content-Type,Date,Server,Connection')])
2025-06-21 00:30:37,556 - httpx - INFO - HTTP Request: POST https://api.telegram.org/bot7707158318:AAE8rWa4Q8Z_3avql6K0HAmXaooZAReoNF0/getUpdates "HTTP/1.1 200 OK"
2025-06-21 00:30:37,559 - httpcore.http11 - DEBUG - receive_response_body.started request=<Request [b'POST']>
2025-06-21 00:30:37,563 - httpcore.http11 - DEBUG - receive_response_body.complete
2025-06-21 00:30:37,563 - httpcore.http11 - DEBUG - response_closed.started
2025-06-21 00:30:37,564 - httpcore.http11 - DEBUG - response_closed.complete
2025-06-21 00:30:37,566 - telegram.ext.ExtBot - DEBUG - No new updates found.
2025-06-21 00:30:37,568 - telegram.ext.ExtBot - DEBUG - ()
2025-06-21 00:30:37,568 - telegram.ext.ExtBot - DEBUG - Exiting: get_updates
2025-06-21 00:30:37,569 - telegram.ext.ExtBot - DEBUG - Entering: get_updates
2025-06-21 00:30:37,574 - httpcore.http11 - DEBUG - send_request_headers.started request=<Request [b'POST']>
2025-06-21 00:30:37,588 - httpcore.http11 - DEBUG - send_request_headers.complete
2025-06-21 00:30:37,602 - httpcore.http11 - DEBUG - send_request_body.started request=<Request [b'POST']>
2025-06-21 00:30:37,606 - httpcore.http11 - DEBUG - send_request_body.complete
2025-06-21 00:30:37,607 - httpcore.http11 - DEBUG - receive_response_headers.started request=<Request [b'POST']>
2025-06-21 00:30:47,698 - httpcore.http11 - DEBUG - receive_response_headers.complete return_value=(b'HTTP/1.1', 200, b'OK', [(b'Server', b'nginx/1.18.0'), (b'Date', b'Fri, 20 Jun 2025 23:30:47 GMT'), (b'Content-Type', b'application/json'), (b'Content-Length', b'23'), (b'Connection', b'keep-alive'), (b'Strict-Transport-Security', b'max-age=31536000; includeSubDomains; preload'), (b'Access-Control-Allow-Origin', b'*'), (b'Access-Control-Allow-Methods', b'GET, POST, OPTIONS'), (b'Access-Control-Expose-Headers', b'Content-Length,Content-Type,Date,Server,Connection')])
2025-06-21 00:30:47,701 - httpx - INFO - HTTP Request: POST https://api.telegram.org/bot7707158318:AAE8rWa4Q8Z_3avql6K0HAmXaooZAReoNF0/getUpdates "HTTP/1.1 200 OK"
2025-06-21 00:30:47,703 - httpcore.http11 - DEBUG - receive_response_body.started request=<Request [b'POST']>
2025-06-21 00:30:47,703 - httpcore.http11 - DEBUG - receive_response_body.complete
2025-06-21 00:30:47,703 - httpcore.http11 - DEBUG - response_closed.started
2025-06-21 00:30:47,705 - httpcore.http11 - DEBUG - response_closed.complete
2025-06-21 00:30:47,706 - telegram.ext.ExtBot - DEBUG - No new updates found.
2025-06-21 00:30:47,706 - telegram.ext.ExtBot - DEBUG - ()
2025-06-21 00:30:47,706 - telegram.ext.ExtBot - DEBUG - Exiting: get_updates
2025-06-21 00:30:47,706 - telegram.ext.ExtBot - DEBUG - Entering: get_updates
2025-06-21 00:30:47,719 - httpcore.http11 - DEBUG - send_request_headers.started request=<Request [b'POST']>
2025-06-21 00:30:47,738 - httpcore.http11 - DEBUG - send_request_headers.complete
2025-06-21 00:30:47,745 - httpcore.http11 - DEBUG - send_request_body.started request=<Request [b'POST']>
2025-06-21 00:30:47,750 - httpcore.http11 - DEBUG - send_request_body.complete
2025-06-21 00:30:47,750 - httpcore.http11 - DEBUG - receive_response_headers.started request=<Request [b'POST']>
2025-06-21 00:30:57,834 - httpcore.http11 - DEBUG - receive_response_headers.complete return_value=(b'HTTP/1.1', 200, b'OK', [(b'Server', b'nginx/1.18.0'), (b'Date', b'Fri, 20 Jun 2025 23:30:57 GMT'), (b'Content-Type', b'application/json'), (b'Content-Length', b'23'), (b'Connection', b'keep-alive'), (b'Strict-Transport-Security', b'max-age=31536000; includeSubDomains; preload'), (b'Access-Control-Allow-Origin', b'*'), (b'Access-Control-Allow-Methods', b'GET, POST, OPTIONS'), (b'Access-Control-Expose-Headers', b'Content-Length,Content-Type,Date,Server,Connection')])
2025-06-21 00:30:57,836 - httpx - INFO - HTTP Request: POST https://api.telegram.org/bot7707158318:AAE8rWa4Q8Z_3avql6K0HAmXaooZAReoNF0/getUpdates "HTTP/1.1 200 OK"
2025-06-21 00:30:57,837 - httpcore.http11 - DEBUG - receive_response_body.started request=<Request [b'POST']>
2025-06-21 00:30:57,839 - httpcore.http11 - DEBUG - receive_response_body.complete
2025-06-21 00:30:57,839 - httpcore.http11 - DEBUG - response_closed.started
2025-06-21 00:30:57,840 - httpcore.http11 - DEBUG - response_closed.complete
2025-06-21 00:30:57,840 - telegram.ext.ExtBot - DEBUG - No new updates found.
2025-06-21 00:30:57,841 - telegram.ext.ExtBot - DEBUG - ()
2025-06-21 00:30:57,841 - telegram.ext.ExtBot - DEBUG - Exiting: get_updates
2025-06-21 00:30:57,841 - telegram.ext.ExtBot - DEBUG - Entering: get_updates
2025-06-21 00:30:57,845 - httpcore.http11 - DEBUG - send_request_headers.started request=<Request [b'POST']>
2025-06-21 00:30:57,848 - httpcore.http11 - DEBUG - send_request_headers.complete
2025-06-21 00:30:57,849 - httpcore.http11 - DEBUG - send_request_body.started request=<Request [b'POST']>
2025-06-21 00:30:57,849 - httpcore.http11 - DEBUG - send_request_body.complete
2025-06-21 00:30:57,852 - httpcore.http11 - DEBUG - receive_response_headers.started request=<Request [b'POST']>
2025-06-21 00:31:08,000 - httpcore.http11 - DEBUG - receive_response_headers.complete return_value=(b'HTTP/1.1', 200, b'OK', [(b'Server', b'nginx/1.18.0'), (b'Date', b'Fri, 20 Jun 2025 23:31:07 GMT'), (b'Content-Type', b'application/json'), (b'Content-Length', b'23'), (b'Connection', b'keep-alive'), (b'Strict-Transport-Security', b'max-age=31536000; includeSubDomains; preload'), (b'Access-Control-Allow-Origin', b'*'), (b'Access-Control-Allow-Methods', b'GET, POST, OPTIONS'), (b'Access-Control-Expose-Headers', b'Content-Length,Content-Type,Date,Server,Connection')])
2025-06-21 00:31:08,002 - httpx - INFO - HTTP Request: POST https://api.telegram.org/bot7707158318:AAE8rWa4Q8Z_3avql6K0HAmXaooZAReoNF0/getUpdates "HTTP/1.1 200 OK"
2025-06-21 00:31:08,002 - httpcore.http11 - DEBUG - receive_response_body.started request=<Request [b'POST']>
2025-06-21 00:31:08,002 - httpcore.http11 - DEBUG - receive_response_body.complete
2025-06-21 00:31:08,002 - httpcore.http11 - DEBUG - response_closed.started
2025-06-21 00:31:08,004 - httpcore.http11 - DEBUG - response_closed.complete
2025-06-21 00:31:08,004 - telegram.ext.ExtBot - DEBUG - No new updates found.
2025-06-21 00:31:08,004 - telegram.ext.ExtBot - DEBUG - ()
2025-06-21 00:31:08,006 - telegram.ext.ExtBot - DEBUG - Exiting: get_updates
2025-06-21 00:31:08,006 - telegram.ext.ExtBot - DEBUG - Entering: get_updates
2025-06-21 00:31:08,009 - httpcore.http11 - DEBUG - send_request_headers.started request=<Request [b'POST']>
2025-06-21 00:31:08,010 - httpcore.http11 - DEBUG - send_request_headers.complete
2025-06-21 00:31:08,010 - httpcore.http11 - DEBUG - send_request_body.started request=<Request [b'POST']>
2025-06-21 00:31:08,010 - httpcore.http11 - DEBUG - send_request_body.complete
2025-06-21 00:31:08,010 - httpcore.http11 - DEBUG - receive_response_headers.started request=<Request [b'POST']>
2025-06-21 00:31:18,087 - httpcore.http11 - DEBUG - receive_response_headers.complete return_value=(b'HTTP/1.1', 200, b'OK', [(b'Server', b'nginx/1.18.0'), (b'Date', b'Fri, 20 Jun 2025 23:31:17 GMT'), (b'Content-Type', b'application/json'), (b'Content-Length', b'23'), (b'Connection', b'keep-alive'), (b'Strict-Transport-Security', b'max-age=31536000; includeSubDomains; preload'), (b'Access-Control-Allow-Origin', b'*'), (b'Access-Control-Allow-Methods', b'GET, POST, OPTIONS'), (b'Access-Control-Expose-Headers', b'Content-Length,Content-Type,Date,Server,Connection')])
2025-06-21 00:31:18,089 - httpx - INFO - HTTP Request: POST https://api.telegram.org/bot7707158318:AAE8rWa4Q8Z_3avql6K0HAmXaooZAReoNF0/getUpdates "HTTP/1.1 200 OK"
2025-06-21 00:31:18,091 - httpcore.http11 - DEBUG - receive_response_body.started request=<Request [b'POST']>
2025-06-21 00:31:18,093 - httpcore.http11 - DEBUG - receive_response_body.complete
2025-06-21 00:31:18,093 - httpcore.http11 - DEBUG - response_closed.started
2025-06-21 00:31:18,095 - httpcore.http11 - DEBUG - response_closed.complete
2025-06-21 00:31:18,095 - telegram.ext.ExtBot - DEBUG - No new updates found.
2025-06-21 00:31:18,095 - telegram.ext.ExtBot - DEBUG - ()
2025-06-21 00:31:18,095 - telegram.ext.ExtBot - DEBUG - Exiting: get_updates
2025-06-21 00:31:18,097 - telegram.ext.ExtBot - DEBUG - Entering: get_updates
2025-06-21 00:31:18,099 - httpcore.http11 - DEBUG - send_request_headers.started request=<Request [b'POST']>
2025-06-21 00:31:18,099 - httpcore.http11 - DEBUG - send_request_headers.complete
2025-06-21 00:31:18,101 - httpcore.http11 - DEBUG - send_request_body.started request=<Request [b'POST']>
2025-06-21 00:31:18,101 - httpcore.http11 - DEBUG - send_request_body.complete
2025-06-21 00:31:18,101 - httpcore.http11 - DEBUG - receive_response_headers.started request=<Request [b'POST']>
2025-06-21 00:31:28,345 - httpcore.http11 - DEBUG - receive_response_headers.complete return_value=(b'HTTP/1.1', 200, b'OK', [(b'Server', b'nginx/1.18.0'), (b'Date', b'Fri, 20 Jun 2025 23:31:27 GMT'), (b'Content-Type', b'application/json'), (b'Content-Length', b'23'), (b'Connection', b'keep-alive'), (b'Strict-Transport-Security', b'max-age=31536000; includeSubDomains; preload'), (b'Access-Control-Allow-Origin', b'*'), (b'Access-Control-Allow-Methods', b'GET, POST, OPTIONS'), (b'Access-Control-Expose-Headers', b'Content-Length,Content-Type,Date,Server,Connection')])
2025-06-21 00:31:28,347 - httpx - INFO - HTTP Request: POST https://api.telegram.org/bot7707158318:AAE8rWa4Q8Z_3avql6K0HAmXaooZAReoNF0/getUpdates "HTTP/1.1 200 OK"
2025-06-21 00:31:28,348 - httpcore.http11 - DEBUG - receive_response_body.started request=<Request [b'POST']>
2025-06-21 00:31:28,349 - httpcore.http11 - DEBUG - receive_response_body.complete
2025-06-21 00:31:28,349 - httpcore.http11 - DEBUG - response_closed.started
2025-06-21 00:31:28,350 - httpcore.http11 - DEBUG - response_closed.complete
2025-06-21 00:31:28,350 - telegram.ext.ExtBot - DEBUG - No new updates found.
2025-06-21 00:31:28,350 - telegram.ext.ExtBot - DEBUG - ()
2025-06-21 00:31:28,350 - telegram.ext.ExtBot - DEBUG - Exiting: get_updates
2025-06-21 00:31:28,350 - telegram.ext.ExtBot - DEBUG - Entering: get_updates
2025-06-21 00:31:28,354 - httpcore.http11 - DEBUG - send_request_headers.started request=<Request [b'POST']>
2025-06-21 00:31:28,356 - httpcore.http11 - DEBUG - send_request_headers.complete
2025-06-21 00:31:28,356 - httpcore.http11 - DEBUG - send_request_body.started request=<Request [b'POST']>
2025-06-21 00:31:28,356 - httpcore.http11 - DEBUG - send_request_body.complete
2025-06-21 00:31:28,356 - httpcore.http11 - DEBUG - receive_response_headers.started request=<Request [b'POST']>
2025-06-21 00:31:38,480 - httpcore.http11 - DEBUG - receive_response_headers.complete return_value=(b'HTTP/1.1', 200, b'OK', [(b'Server', b'nginx/1.18.0'), (b'Date', b'Fri, 20 Jun 2025 23:31:38 GMT'), (b'Content-Type', b'application/json'), (b'Content-Length', b'23'), (b'Connection', b'keep-alive'), (b'Strict-Transport-Security', b'max-age=31536000; includeSubDomains; preload'), (b'Access-Control-Allow-Origin', b'*'), (b'Access-Control-Allow-Methods', b'GET, POST, OPTIONS'), (b'Access-Control-Expose-Headers', b'Content-Length,Content-Type,Date,Server,Connection')])
2025-06-21 00:31:38,483 - httpx - INFO - HTTP Request: POST https://api.telegram.org/bot7707158318:AAE8rWa4Q8Z_3avql6K0HAmXaooZAReoNF0/getUpdates "HTTP/1.1 200 OK"
2025-06-21 00:31:38,485 - httpcore.http11 - DEBUG - receive_response_body.started request=<Request [b'POST']>
2025-06-21 00:31:38,485 - httpcore.http11 - DEBUG - receive_response_body.complete
2025-06-21 00:31:38,487 - httpcore.http11 - DEBUG - response_closed.started
2025-06-21 00:31:38,488 - httpcore.http11 - DEBUG - response_closed.complete
2025-06-21 00:31:38,488 - telegram.ext.ExtBot - DEBUG - No new updates found.
2025-06-21 00:31:38,488 - telegram.ext.ExtBot - DEBUG - ()
2025-06-21 00:31:38,488 - telegram.ext.ExtBot - DEBUG - Exiting: get_updates
2025-06-21 00:31:38,490 - telegram.ext.ExtBot - DEBUG - Entering: get_updates
2025-06-21 00:31:38,493 - httpcore.http11 - DEBUG - send_request_headers.started request=<Request [b'POST']>
2025-06-21 00:31:38,494 - httpcore.http11 - DEBUG - send_request_headers.complete
2025-06-21 00:31:38,494 - httpcore.http11 - DEBUG - send_request_body.started request=<Request [b'POST']>
2025-06-21 00:31:38,497 - httpcore.http11 - DEBUG - send_request_body.complete
2025-06-21 00:31:38,497 - httpcore.http11 - DEBUG - receive_response_headers.started request=<Request [b'POST']>
2025-06-21 00:31:48,614 - httpcore.http11 - DEBUG - receive_response_headers.complete return_value=(b'HTTP/1.1', 200, b'OK', [(b'Server', b'nginx/1.18.0'), (b'Date', b'Fri, 20 Jun 2025 23:31:48 GMT'), (b'Content-Type', b'application/json'), (b'Content-Length', b'23'), (b'Connection', b'close'), (b'Strict-Transport-Security', b'max-age=31536000; includeSubDomains; preload'), (b'Access-Control-Allow-Origin', b'*'), (b'Access-Control-Allow-Methods', b'GET, POST, OPTIONS'), (b'Access-Control-Expose-Headers', b'Content-Length,Content-Type,Date,Server,Connection')])
2025-06-21 00:31:48,616 - httpx - INFO - HTTP Request: POST https://api.telegram.org/bot7707158318:AAE8rWa4Q8Z_3avql6K0HAmXaooZAReoNF0/getUpdates "HTTP/1.1 200 OK"
2025-06-21 00:31:48,617 - httpcore.http11 - DEBUG - receive_response_body.started request=<Request [b'POST']>
2025-06-21 00:31:48,619 - httpcore.http11 - DEBUG - receive_response_body.complete
2025-06-21 00:31:48,619 - httpcore.http11 - DEBUG - response_closed.started
2025-06-21 00:31:48,619 - httpcore.http11 - DEBUG - response_closed.complete
2025-06-21 00:31:48,621 - telegram.ext.ExtBot - DEBUG - No new updates found.
2025-06-21 00:31:48,621 - telegram.ext.ExtBot - DEBUG - ()
2025-06-21 00:31:48,621 - telegram.ext.ExtBot - DEBUG - Exiting: get_updates
2025-06-21 00:31:48,621 - telegram.ext.ExtBot - DEBUG - Entering: get_updates
2025-06-21 00:31:48,623 - httpcore.connection - DEBUG - connect_tcp.started host='api.telegram.org' port=443 local_address=None timeout=5.0 socket_options=None
2025-06-21 00:31:49,146 - httpcore.connection - DEBUG - connect_tcp.complete return_value=<httpcore._backends.anyio.AnyIOStream object at 0x0000026295D40310>
2025-06-21 00:31:49,146 - httpcore.connection - DEBUG - start_tls.started ssl_context=<ssl.SSLContext object at 0x0000026295C49BC0> server_hostname='api.telegram.org' timeout=5.0
2025-06-21 00:31:49,265 - httpcore.connection - DEBUG - start_tls.complete return_value=<httpcore._backends.anyio.AnyIOStream object at 0x0000026295DD5510>
2025-06-21 00:31:49,266 - httpcore.http11 - DEBUG - send_request_headers.started request=<Request [b'POST']>
2025-06-21 00:31:49,266 - httpcore.http11 - DEBUG - send_request_headers.complete
2025-06-21 00:31:49,266 - httpcore.http11 - DEBUG - send_request_body.started request=<Request [b'POST']>
2025-06-21 00:31:49,266 - httpcore.http11 - DEBUG - send_request_body.complete
2025-06-21 00:31:49,266 - httpcore.http11 - DEBUG - receive_response_headers.started request=<Request [b'POST']>
2025-06-21 00:31:59,476 - httpcore.http11 - DEBUG - receive_response_headers.complete return_value=(b'HTTP/1.1', 200, b'OK', [(b'Server', b'nginx/1.18.0'), (b'Date', b'Fri, 20 Jun 2025 23:31:59 GMT'), (b'Content-Type', b'application/json'), (b'Content-Length', b'23'), (b'Connection', b'keep-alive'), (b'Strict-Transport-Security', b'max-age=31536000; includeSubDomains; preload'), (b'Access-Control-Allow-Origin', b'*'), (b'Access-Control-Allow-Methods', b'GET, POST, OPTIONS'), (b'Access-Control-Expose-Headers', b'Content-Length,Content-Type,Date,Server,Connection')])
2025-06-21 00:31:59,479 - httpx - INFO - HTTP Request: POST https://api.telegram.org/bot7707158318:AAE8rWa4Q8Z_3avql6K0HAmXaooZAReoNF0/getUpdates "HTTP/1.1 200 OK"
2025-06-21 00:31:59,480 - httpcore.http11 - DEBUG - receive_response_body.started request=<Request [b'POST']>
2025-06-21 00:31:59,482 - httpcore.http11 - DEBUG - receive_response_body.complete
2025-06-21 00:31:59,483 - httpcore.http11 - DEBUG - response_closed.started
2025-06-21 00:31:59,484 - httpcore.http11 - DEBUG - response_closed.complete
2025-06-21 00:31:59,484 - telegram.ext.ExtBot - DEBUG - No new updates found.
2025-06-21 00:31:59,485 - telegram.ext.ExtBot - DEBUG - ()
2025-06-21 00:31:59,485 - telegram.ext.ExtBot - DEBUG - Exiting: get_updates
2025-06-21 00:31:59,485 - telegram.ext.ExtBot - DEBUG - Entering: get_updates
2025-06-21 00:31:59,487 - httpcore.http11 - DEBUG - send_request_headers.started request=<Request [b'POST']>
2025-06-21 00:31:59,490 - httpcore.http11 - DEBUG - send_request_headers.complete
2025-06-21 00:31:59,490 - httpcore.http11 - DEBUG - send_request_body.started request=<Request [b'POST']>
2025-06-21 00:31:59,492 - httpcore.http11 - DEBUG - send_request_body.complete
2025-06-21 00:31:59,494 - httpcore.http11 - DEBUG - receive_response_headers.started request=<Request [b'POST']>
2025-06-21 00:32:09,593 - httpcore.http11 - DEBUG - receive_response_headers.complete return_value=(b'HTTP/1.1', 200, b'OK', [(b'Server', b'nginx/1.18.0'), (b'Date', b'Fri, 20 Jun 2025 23:32:09 GMT'), (b'Content-Type', b'application/json'), (b'Content-Length', b'23'), (b'Connection', b'keep-alive'), (b'Strict-Transport-Security', b'max-age=31536000; includeSubDomains; preload'), (b'Access-Control-Allow-Origin', b'*'), (b'Access-Control-Allow-Methods', b'GET, POST, OPTIONS'), (b'Access-Control-Expose-Headers', b'Content-Length,Content-Type,Date,Server,Connection')])
2025-06-21 00:32:09,594 - httpx - INFO - HTTP Request: POST https://api.telegram.org/bot7707158318:AAE8rWa4Q8Z_3avql6K0HAmXaooZAReoNF0/getUpdates "HTTP/1.1 200 OK"
2025-06-21 00:32:09,596 - httpcore.http11 - DEBUG - receive_response_body.started request=<Request [b'POST']>
2025-06-21 00:32:09,597 - httpcore.http11 - DEBUG - receive_response_body.complete
2025-06-21 00:32:09,597 - httpcore.http11 - DEBUG - response_closed.started
2025-06-21 00:32:09,598 - httpcore.http11 - DEBUG - response_closed.complete
2025-06-21 00:32:09,598 - telegram.ext.ExtBot - DEBUG - No new updates found.
2025-06-21 00:32:09,599 - telegram.ext.ExtBot - DEBUG - ()
2025-06-21 00:32:09,599 - telegram.ext.ExtBot - DEBUG - Exiting: get_updates
2025-06-21 00:32:09,599 - telegram.ext.ExtBot - DEBUG - Entering: get_updates
2025-06-21 00:32:09,602 - httpcore.http11 - DEBUG - send_request_headers.started request=<Request [b'POST']>
2025-06-21 00:32:09,603 - httpcore.http11 - DEBUG - send_request_headers.complete
2025-06-21 00:32:09,605 - httpcore.http11 - DEBUG - send_request_body.started request=<Request [b'POST']>
2025-06-21 00:32:09,605 - httpcore.http11 - DEBUG - send_request_body.complete
2025-06-21 00:32:09,605 - httpcore.http11 - DEBUG - receive_response_headers.started request=<Request [b'POST']>
2025-06-21 00:32:19,723 - httpcore.http11 - DEBUG - receive_response_headers.complete return_value=(b'HTTP/1.1', 200, b'OK', [(b'Server', b'nginx/1.18.0'), (b'Date', b'Fri, 20 Jun 2025 23:32:19 GMT'), (b'Content-Type', b'application/json'), (b'Content-Length', b'23'), (b'Connection', b'keep-alive'), (b'Strict-Transport-Security', b'max-age=31536000; includeSubDomains; preload'), (b'Access-Control-Allow-Origin', b'*'), (b'Access-Control-Allow-Methods', b'GET, POST, OPTIONS'), (b'Access-Control-Expose-Headers', b'Content-Length,Content-Type,Date,Server,Connection')])
2025-06-21 00:32:19,723 - httpx - INFO - HTTP Request: POST https://api.telegram.org/bot7707158318:AAE8rWa4Q8Z_3avql6K0HAmXaooZAReoNF0/getUpdates "HTTP/1.1 200 OK"
2025-06-21 00:32:19,725 - httpcore.http11 - DEBUG - receive_response_body.started request=<Request [b'POST']>
2025-06-21 00:32:19,725 - httpcore.http11 - DEBUG - receive_response_body.complete
2025-06-21 00:32:19,727 - httpcore.http11 - DEBUG - response_closed.started
2025-06-21 00:32:19,727 - httpcore.http11 - DEBUG - response_closed.complete
2025-06-21 00:32:19,729 - telegram.ext.ExtBot - DEBUG - No new updates found.
2025-06-21 00:32:19,729 - telegram.ext.ExtBot - DEBUG - ()
2025-06-21 00:32:19,729 - telegram.ext.ExtBot - DEBUG - Exiting: get_updates
2025-06-21 00:32:19,729 - telegram.ext.ExtBot - DEBUG - Entering: get_updates
2025-06-21 00:32:19,733 - httpcore.http11 - DEBUG - send_request_headers.started request=<Request [b'POST']>
2025-06-21 00:32:19,736 - httpcore.http11 - DEBUG - send_request_headers.complete
2025-06-21 00:32:19,736 - httpcore.http11 - DEBUG - send_request_body.started request=<Request [b'POST']>
2025-06-21 00:32:19,737 - httpcore.http11 - DEBUG - send_request_body.complete
2025-06-21 00:32:19,738 - httpcore.http11 - DEBUG - receive_response_headers.started request=<Request [b'POST']>
2025-06-21 00:32:30,091 - httpcore.http11 - DEBUG - receive_response_headers.complete return_value=(b'HTTP/1.1', 200, b'OK', [(b'Server', b'nginx/1.18.0'), (b'Date', b'Fri, 20 Jun 2025 23:32:29 GMT'), (b'Content-Type', b'application/json'), (b'Content-Length', b'23'), (b'Connection', b'keep-alive'), (b'Strict-Transport-Security', b'max-age=31536000; includeSubDomains; preload'), (b'Access-Control-Allow-Origin', b'*'), (b'Access-Control-Allow-Methods', b'GET, POST, OPTIONS'), (b'Access-Control-Expose-Headers', b'Content-Length,Content-Type,Date,Server,Connection')])
2025-06-21 00:32:30,094 - httpx - INFO - HTTP Request: POST https://api.telegram.org/bot7707158318:AAE8rWa4Q8Z_3avql6K0HAmXaooZAReoNF0/getUpdates "HTTP/1.1 200 OK"
2025-06-21 00:32:30,094 - httpcore.http11 - DEBUG - receive_response_body.started request=<Request [b'POST']>
2025-06-21 00:32:30,096 - httpcore.http11 - DEBUG - receive_response_body.complete
2025-06-21 00:32:30,096 - httpcore.http11 - DEBUG - response_closed.started
2025-06-21 00:32:30,097 - httpcore.http11 - DEBUG - response_closed.complete
2025-06-21 00:32:30,097 - telegram.ext.ExtBot - DEBUG - No new updates found.
2025-06-21 00:32:30,097 - telegram.ext.ExtBot - DEBUG - ()
2025-06-21 00:32:30,100 - telegram.ext.ExtBot - DEBUG - Exiting: get_updates
2025-06-21 00:32:30,100 - telegram.ext.ExtBot - DEBUG - Entering: get_updates
2025-06-21 00:32:30,104 - httpcore.http11 - DEBUG - send_request_headers.started request=<Request [b'POST']>
2025-06-21 00:32:30,106 - httpcore.http11 - DEBUG - send_request_headers.complete
2025-06-21 00:32:30,106 - httpcore.http11 - DEBUG - send_request_body.started request=<Request [b'POST']>
2025-06-21 00:32:30,109 - httpcore.http11 - DEBUG - send_request_body.complete
2025-06-21 00:32:30,109 - httpcore.http11 - DEBUG - receive_response_headers.started request=<Request [b'POST']>
2025-06-21 00:32:40,459 - httpcore.http11 - DEBUG - receive_response_headers.complete return_value=(b'HTTP/1.1', 200, b'OK', [(b'Server', b'nginx/1.18.0'), (b'Date', b'Fri, 20 Jun 2025 23:32:39 GMT'), (b'Content-Type', b'application/json'), (b'Content-Length', b'23'), (b'Connection', b'keep-alive'), (b'Strict-Transport-Security', b'max-age=31536000; includeSubDomains; preload'), (b'Access-Control-Allow-Origin', b'*'), (b'Access-Control-Allow-Methods', b'GET, POST, OPTIONS'), (b'Access-Control-Expose-Headers', b'Content-Length,Content-Type,Date,Server,Connection')])
2025-06-21 00:32:40,459 - httpx - INFO - HTTP Request: POST https://api.telegram.org/bot7707158318:AAE8rWa4Q8Z_3avql6K0HAmXaooZAReoNF0/getUpdates "HTTP/1.1 200 OK"
2025-06-21 00:32:40,465 - httpcore.http11 - DEBUG - receive_response_body.started request=<Request [b'POST']>
2025-06-21 00:32:40,465 - httpcore.http11 - DEBUG - receive_response_body.complete
2025-06-21 00:32:40,465 - httpcore.http11 - DEBUG - response_closed.started
2025-06-21 00:32:40,465 - httpcore.http11 - DEBUG - response_closed.complete
2025-06-21 00:32:40,473 - telegram.ext.ExtBot - DEBUG - No new updates found.
2025-06-21 00:32:40,473 - telegram.ext.ExtBot - DEBUG - ()
2025-06-21 00:32:40,473 - telegram.ext.ExtBot - DEBUG - Exiting: get_updates
2025-06-21 00:32:40,473 - telegram.ext.ExtBot - DEBUG - Entering: get_updates
2025-06-21 00:32:40,473 - httpcore.http11 - DEBUG - send_request_headers.started request=<Request [b'POST']>
2025-06-21 00:32:40,473 - httpcore.http11 - DEBUG - send_request_headers.complete
2025-06-21 00:32:40,473 - httpcore.http11 - DEBUG - send_request_body.started request=<Request [b'POST']>
2025-06-21 00:32:40,473 - httpcore.http11 - DEBUG - send_request_body.complete
2025-06-21 00:32:40,473 - httpcore.http11 - DEBUG - receive_response_headers.started request=<Request [b'POST']>
2025-06-21 00:32:51,386 - httpcore.http11 - DEBUG - receive_response_headers.complete return_value=(b'HTTP/1.1', 200, b'OK', [(b'Server', b'nginx/1.18.0'), (b'Date', b'Fri, 20 Jun 2025 23:32:50 GMT'), (b'Content-Type', b'application/json'), (b'Content-Length', b'23'), (b'Connection', b'keep-alive'), (b'Strict-Transport-Security', b'max-age=31536000; includeSubDomains; preload'), (b'Access-Control-Allow-Origin', b'*'), (b'Access-Control-Allow-Methods', b'GET, POST, OPTIONS'), (b'Access-Control-Expose-Headers', b'Content-Length,Content-Type,Date,Server,Connection')])
2025-06-21 00:32:51,386 - httpx - INFO - HTTP Request: POST https://api.telegram.org/bot7707158318:AAE8rWa4Q8Z_3avql6K0HAmXaooZAReoNF0/getUpdates "HTTP/1.1 200 OK"
2025-06-21 00:32:51,389 - httpcore.http11 - DEBUG - receive_response_body.started request=<Request [b'POST']>
2025-06-21 00:32:51,389 - httpcore.http11 - DEBUG - receive_response_body.complete
2025-06-21 00:32:51,389 - httpcore.http11 - DEBUG - response_closed.started
2025-06-21 00:32:51,391 - httpcore.http11 - DEBUG - response_closed.complete
2025-06-21 00:32:51,392 - telegram.ext.ExtBot - DEBUG - No new updates found.
2025-06-21 00:32:51,392 - telegram.ext.ExtBot - DEBUG - ()
2025-06-21 00:32:51,392 - telegram.ext.ExtBot - DEBUG - Exiting: get_updates
2025-06-21 00:32:51,392 - telegram.ext.ExtBot - DEBUG - Entering: get_updates
2025-06-21 00:32:51,394 - httpcore.http11 - DEBUG - send_request_headers.started request=<Request [b'POST']>
2025-06-21 00:32:51,396 - httpcore.http11 - DEBUG - send_request_headers.complete
2025-06-21 00:32:51,396 - httpcore.http11 - DEBUG - send_request_body.started request=<Request [b'POST']>
2025-06-21 00:32:51,398 - httpcore.http11 - DEBUG - send_request_body.complete
2025-06-21 00:32:51,399 - httpcore.http11 - DEBUG - receive_response_headers.started request=<Request [b'POST']>
2025-06-21 00:33:01,483 - httpcore.http11 - DEBUG - receive_response_headers.complete return_value=(b'HTTP/1.1', 200, b'OK', [(b'Server', b'nginx/1.18.0'), (b'Date', b'Fri, 20 Jun 2025 23:33:01 GMT'), (b'Content-Type', b'application/json'), (b'Content-Length', b'23'), (b'Connection', b'keep-alive'), (b'Strict-Transport-Security', b'max-age=31536000; includeSubDomains; preload'), (b'Access-Control-Allow-Origin', b'*'), (b'Access-Control-Allow-Methods', b'GET, POST, OPTIONS'), (b'Access-Control-Expose-Headers', b'Content-Length,Content-Type,Date,Server,Connection')])
2025-06-21 00:33:01,485 - httpx - INFO - HTTP Request: POST https://api.telegram.org/bot7707158318:AAE8rWa4Q8Z_3avql6K0HAmXaooZAReoNF0/getUpdates "HTTP/1.1 200 OK"
2025-06-21 00:33:01,487 - httpcore.http11 - DEBUG - receive_response_body.started request=<Request [b'POST']>
2025-06-21 00:33:01,487 - httpcore.http11 - DEBUG - receive_response_body.complete
2025-06-21 00:33:01,487 - httpcore.http11 - DEBUG - response_closed.started
2025-06-21 00:33:01,487 - httpcore.http11 - DEBUG - response_closed.complete
2025-06-21 00:33:01,489 - telegram.ext.ExtBot - DEBUG - No new updates found.
2025-06-21 00:33:01,489 - telegram.ext.ExtBot - DEBUG - ()
2025-06-21 00:33:01,489 - telegram.ext.ExtBot - DEBUG - Exiting: get_updates
2025-06-21 00:33:01,489 - telegram.ext.ExtBot - DEBUG - Entering: get_updates
2025-06-21 00:33:01,491 - httpcore.http11 - DEBUG - send_request_headers.started request=<Request [b'POST']>
2025-06-21 00:33:01,493 - httpcore.http11 - DEBUG - send_request_headers.complete
2025-06-21 00:33:01,493 - httpcore.http11 - DEBUG - send_request_body.started request=<Request [b'POST']>
2025-06-21 00:33:01,493 - httpcore.http11 - DEBUG - send_request_body.complete
2025-06-21 00:33:01,495 - httpcore.http11 - DEBUG - receive_response_headers.started request=<Request [b'POST']>
2025-06-21 00:33:11,573 - httpcore.http11 - DEBUG - receive_response_headers.complete return_value=(b'HTTP/1.1', 200, b'OK', [(b'Server', b'nginx/1.18.0'), (b'Date', b'Fri, 20 Jun 2025 23:33:11 GMT'), (b'Content-Type', b'application/json'), (b'Content-Length', b'23'), (b'Connection', b'keep-alive'), (b'Strict-Transport-Security', b'max-age=31536000; includeSubDomains; preload'), (b'Access-Control-Allow-Origin', b'*'), (b'Access-Control-Allow-Methods', b'GET, POST, OPTIONS'), (b'Access-Control-Expose-Headers', b'Content-Length,Content-Type,Date,Server,Connection')])
2025-06-21 00:33:11,575 - httpx - INFO - HTTP Request: POST https://api.telegram.org/bot7707158318:AAE8rWa4Q8Z_3avql6K0HAmXaooZAReoNF0/getUpdates "HTTP/1.1 200 OK"
2025-06-21 00:33:11,575 - httpcore.http11 - DEBUG - receive_response_body.started request=<Request [b'POST']>
2025-06-21 00:33:11,576 - httpcore.http11 - DEBUG - receive_response_body.complete
2025-06-21 00:33:11,576 - httpcore.http11 - DEBUG - response_closed.started
2025-06-21 00:33:11,577 - httpcore.http11 - DEBUG - response_closed.complete
2025-06-21 00:33:11,578 - telegram.ext.ExtBot - DEBUG - No new updates found.
2025-06-21 00:33:11,579 - telegram.ext.ExtBot - DEBUG - ()
2025-06-21 00:33:11,579 - telegram.ext.ExtBot - DEBUG - Exiting: get_updates
2025-06-21 00:33:11,579 - telegram.ext.ExtBot - DEBUG - Entering: get_updates
2025-06-21 00:33:11,583 - httpcore.http11 - DEBUG - send_request_headers.started request=<Request [b'POST']>
2025-06-21 00:33:11,586 - httpcore.http11 - DEBUG - send_request_headers.complete
2025-06-21 00:33:11,586 - httpcore.http11 - DEBUG - send_request_body.started request=<Request [b'POST']>
2025-06-21 00:33:11,589 - httpcore.http11 - DEBUG - send_request_body.complete
2025-06-21 00:33:11,589 - httpcore.http11 - DEBUG - receive_response_headers.started request=<Request [b'POST']>
2025-06-21 00:33:22,515 - httpcore.http11 - DEBUG - receive_response_headers.complete return_value=(b'HTTP/1.1', 200, b'OK', [(b'Server', b'nginx/1.18.0'), (b'Date', b'Fri, 20 Jun 2025 23:33:21 GMT'), (b'Content-Type', b'application/json'), (b'Content-Length', b'23'), (b'Connection', b'keep-alive'), (b'Strict-Transport-Security', b'max-age=31536000; includeSubDomains; preload'), (b'Access-Control-Allow-Origin', b'*'), (b'Access-Control-Allow-Methods', b'GET, POST, OPTIONS'), (b'Access-Control-Expose-Headers', b'Content-Length,Content-Type,Date,Server,Connection')])
2025-06-21 00:33:22,517 - httpx - INFO - HTTP Request: POST https://api.telegram.org/bot7707158318:AAE8rWa4Q8Z_3avql6K0HAmXaooZAReoNF0/getUpdates "HTTP/1.1 200 OK"
2025-06-21 00:33:22,519 - httpcore.http11 - DEBUG - receive_response_body.started request=<Request [b'POST']>
2025-06-21 00:33:22,522 - httpcore.http11 - DEBUG - receive_response_body.complete
2025-06-21 00:33:22,522 - httpcore.http11 - DEBUG - response_closed.started
2025-06-21 00:33:22,522 - httpcore.http11 - DEBUG - response_closed.complete
2025-06-21 00:33:22,522 - telegram.ext.ExtBot - DEBUG - No new updates found.
2025-06-21 00:33:22,524 - telegram.ext.ExtBot - DEBUG - ()
2025-06-21 00:33:22,524 - telegram.ext.ExtBot - DEBUG - Exiting: get_updates
2025-06-21 00:33:22,524 - telegram.ext.ExtBot - DEBUG - Entering: get_updates
2025-06-21 00:33:22,526 - httpcore.http11 - DEBUG - send_request_headers.started request=<Request [b'POST']>
2025-06-21 00:33:22,528 - httpcore.http11 - DEBUG - send_request_headers.complete
2025-06-21 00:33:22,528 - httpcore.http11 - DEBUG - send_request_body.started request=<Request [b'POST']>
2025-06-21 00:33:22,528 - httpcore.http11 - DEBUG - send_request_body.complete
2025-06-21 00:33:22,528 - httpcore.http11 - DEBUG - receive_response_headers.started request=<Request [b'POST']>
2025-06-21 00:33:32,797 - httpcore.http11 - DEBUG - receive_response_headers.complete return_value=(b'HTTP/1.1', 200, b'OK', [(b'Server', b'nginx/1.18.0'), (b'Date', b'Fri, 20 Jun 2025 23:33:32 GMT'), (b'Content-Type', b'application/json'), (b'Content-Length', b'23'), (b'Connection', b'keep-alive'), (b'Strict-Transport-Security', b'max-age=31536000; includeSubDomains; preload'), (b'Access-Control-Allow-Origin', b'*'), (b'Access-Control-Allow-Methods', b'GET, POST, OPTIONS'), (b'Access-Control-Expose-Headers', b'Content-Length,Content-Type,Date,Server,Connection')])
2025-06-21 00:33:32,799 - httpx - INFO - HTTP Request: POST https://api.telegram.org/bot7707158318:AAE8rWa4Q8Z_3avql6K0HAmXaooZAReoNF0/getUpdates "HTTP/1.1 200 OK"
2025-06-21 00:33:32,804 - httpcore.http11 - DEBUG - receive_response_body.started request=<Request [b'POST']>
2025-06-21 00:33:32,804 - httpcore.http11 - DEBUG - receive_response_body.complete
2025-06-21 00:33:32,806 - httpcore.http11 - DEBUG - response_closed.started
2025-06-21 00:33:32,806 - httpcore.http11 - DEBUG - response_closed.complete
2025-06-21 00:33:32,806 - telegram.ext.ExtBot - DEBUG - No new updates found.
2025-06-21 00:33:32,806 - telegram.ext.ExtBot - DEBUG - ()
2025-06-21 00:33:32,806 - telegram.ext.ExtBot - DEBUG - Exiting: get_updates
2025-06-21 00:33:32,806 - telegram.ext.ExtBot - DEBUG - Entering: get_updates
2025-06-21 00:33:32,810 - httpcore.http11 - DEBUG - send_request_headers.started request=<Request [b'POST']>
2025-06-21 00:33:32,810 - httpcore.http11 - DEBUG - send_request_headers.complete
2025-06-21 00:33:32,812 - httpcore.http11 - DEBUG - send_request_body.started request=<Request [b'POST']>
2025-06-21 00:33:32,812 - httpcore.http11 - DEBUG - send_request_body.complete
2025-06-21 00:33:32,812 - httpcore.http11 - DEBUG - receive_response_headers.started request=<Request [b'POST']>
2025-06-21 00:33:42,952 - httpcore.http11 - DEBUG - receive_response_headers.complete return_value=(b'HTTP/1.1', 200, b'OK', [(b'Server', b'nginx/1.18.0'), (b'Date', b'Fri, 20 Jun 2025 23:33:42 GMT'), (b'Content-Type', b'application/json'), (b'Content-Length', b'23'), (b'Connection', b'keep-alive'), (b'Strict-Transport-Security', b'max-age=31536000; includeSubDomains; preload'), (b'Access-Control-Allow-Origin', b'*'), (b'Access-Control-Allow-Methods', b'GET, POST, OPTIONS'), (b'Access-Control-Expose-Headers', b'Content-Length,Content-Type,Date,Server,Connection')])
2025-06-21 00:33:42,952 - httpx - INFO - HTTP Request: POST https://api.telegram.org/bot7707158318:AAE8rWa4Q8Z_3avql6K0HAmXaooZAReoNF0/getUpdates "HTTP/1.1 200 OK"
2025-06-21 00:33:42,952 - httpcore.http11 - DEBUG - receive_response_body.started request=<Request [b'POST']>
2025-06-21 00:33:42,952 - httpcore.http11 - DEBUG - receive_response_body.complete
2025-06-21 00:33:42,952 - httpcore.http11 - DEBUG - response_closed.started
2025-06-21 00:33:42,952 - httpcore.http11 - DEBUG - response_closed.complete
2025-06-21 00:33:42,952 - telegram.ext.ExtBot - DEBUG - No new updates found.
2025-06-21 00:33:42,952 - telegram.ext.ExtBot - DEBUG - ()
2025-06-21 00:33:42,952 - telegram.ext.ExtBot - DEBUG - Exiting: get_updates
2025-06-21 00:33:42,952 - telegram.ext.ExtBot - DEBUG - Entering: get_updates
2025-06-21 00:33:42,959 - httpcore.http11 - DEBUG - send_request_headers.started request=<Request [b'POST']>
2025-06-21 00:33:42,960 - httpcore.http11 - DEBUG - send_request_headers.complete
2025-06-21 00:33:42,960 - httpcore.http11 - DEBUG - send_request_body.started request=<Request [b'POST']>
2025-06-21 00:33:42,960 - httpcore.http11 - DEBUG - send_request_body.complete
2025-06-21 00:33:42,960 - httpcore.http11 - DEBUG - receive_response_headers.started request=<Request [b'POST']>
2025-06-21 00:33:53,121 - httpcore.http11 - DEBUG - receive_response_headers.complete return_value=(b'HTTP/1.1', 200, b'OK', [(b'Server', b'nginx/1.18.0'), (b'Date', b'Fri, 20 Jun 2025 23:33:52 GMT'), (b'Content-Type', b'application/json'), (b'Content-Length', b'23'), (b'Connection', b'keep-alive'), (b'Strict-Transport-Security', b'max-age=31536000; includeSubDomains; preload'), (b'Access-Control-Allow-Origin', b'*'), (b'Access-Control-Allow-Methods', b'GET, POST, OPTIONS'), (b'Access-Control-Expose-Headers', b'Content-Length,Content-Type,Date,Server,Connection')])
2025-06-21 00:33:53,121 - httpx - INFO - HTTP Request: POST https://api.telegram.org/bot7707158318:AAE8rWa4Q8Z_3avql6K0HAmXaooZAReoNF0/getUpdates "HTTP/1.1 200 OK"
2025-06-21 00:33:53,146 - httpcore.http11 - DEBUG - receive_response_body.started request=<Request [b'POST']>
2025-06-21 00:33:53,147 - httpcore.http11 - DEBUG - receive_response_body.complete
2025-06-21 00:33:53,148 - httpcore.http11 - DEBUG - response_closed.started
2025-06-21 00:33:53,148 - httpcore.http11 - DEBUG - response_closed.complete
2025-06-21 00:33:53,150 - telegram.ext.ExtBot - DEBUG - No new updates found.
2025-06-21 00:33:53,150 - telegram.ext.ExtBot - DEBUG - ()
2025-06-21 00:33:53,150 - telegram.ext.ExtBot - DEBUG - Exiting: get_updates
2025-06-21 00:33:53,150 - telegram.ext.ExtBot - DEBUG - Entering: get_updates
2025-06-21 00:33:53,155 - httpcore.http11 - DEBUG - send_request_headers.started request=<Request [b'POST']>
2025-06-21 00:33:53,157 - httpcore.http11 - DEBUG - send_request_headers.complete
2025-06-21 00:33:53,157 - httpcore.http11 - DEBUG - send_request_body.started request=<Request [b'POST']>
2025-06-21 00:33:53,159 - httpcore.http11 - DEBUG - send_request_body.complete
2025-06-21 00:33:53,159 - httpcore.http11 - DEBUG - receive_response_headers.started request=<Request [b'POST']>
2025-06-21 00:34:03,384 - httpcore.http11 - DEBUG - receive_response_headers.complete return_value=(b'HTTP/1.1', 200, b'OK', [(b'Server', b'nginx/1.18.0'), (b'Date', b'Fri, 20 Jun 2025 23:34:02 GMT'), (b'Content-Type', b'application/json'), (b'Content-Length', b'23'), (b'Connection', b'keep-alive'), (b'Strict-Transport-Security', b'max-age=31536000; includeSubDomains; preload'), (b'Access-Control-Allow-Origin', b'*'), (b'Access-Control-Allow-Methods', b'GET, POST, OPTIONS'), (b'Access-Control-Expose-Headers', b'Content-Length,Content-Type,Date,Server,Connection')])
2025-06-21 00:34:03,384 - httpx - INFO - HTTP Request: POST https://api.telegram.org/bot7707158318:AAE8rWa4Q8Z_3avql6K0HAmXaooZAReoNF0/getUpdates "HTTP/1.1 200 OK"
2025-06-21 00:34:03,408 - httpcore.http11 - DEBUG - receive_response_body.started request=<Request [b'POST']>
2025-06-21 00:34:03,408 - httpcore.http11 - DEBUG - receive_response_body.complete
2025-06-21 00:34:03,409 - httpcore.http11 - DEBUG - response_closed.started
2025-06-21 00:34:03,409 - httpcore.http11 - DEBUG - response_closed.complete
2025-06-21 00:34:03,409 - telegram.ext.ExtBot - DEBUG - No new updates found.
2025-06-21 00:34:03,409 - telegram.ext.ExtBot - DEBUG - ()
2025-06-21 00:34:03,409 - telegram.ext.ExtBot - DEBUG - Exiting: get_updates
2025-06-21 00:34:03,409 - telegram.ext.ExtBot - DEBUG - Entering: get_updates
2025-06-21 00:34:03,413 - httpcore.http11 - DEBUG - send_request_headers.started request=<Request [b'POST']>
2025-06-21 00:34:03,413 - httpcore.http11 - DEBUG - send_request_headers.complete
2025-06-21 00:34:03,415 - httpcore.http11 - DEBUG - send_request_body.started request=<Request [b'POST']>
2025-06-21 00:34:03,415 - httpcore.http11 - DEBUG - send_request_body.complete
2025-06-21 00:34:03,415 - httpcore.http11 - DEBUG - receive_response_headers.started request=<Request [b'POST']>
2025-06-21 00:34:13,672 - httpcore.http11 - DEBUG - receive_response_headers.complete return_value=(b'HTTP/1.1', 200, b'OK', [(b'Server', b'nginx/1.18.0'), (b'Date', b'Fri, 20 Jun 2025 23:34:13 GMT'), (b'Content-Type', b'application/json'), (b'Content-Length', b'23'), (b'Connection', b'keep-alive'), (b'Strict-Transport-Security', b'max-age=31536000; includeSubDomains; preload'), (b'Access-Control-Allow-Origin', b'*'), (b'Access-Control-Allow-Methods', b'GET, POST, OPTIONS'), (b'Access-Control-Expose-Headers', b'Content-Length,Content-Type,Date,Server,Connection')])
2025-06-21 00:34:13,674 - httpx - INFO - HTTP Request: POST https://api.telegram.org/bot7707158318:AAE8rWa4Q8Z_3avql6K0HAmXaooZAReoNF0/getUpdates "HTTP/1.1 200 OK"
2025-06-21 00:34:13,675 - httpcore.http11 - DEBUG - receive_response_body.started request=<Request [b'POST']>
2025-06-21 00:34:13,676 - httpcore.http11 - DEBUG - receive_response_body.complete
2025-06-21 00:34:13,677 - httpcore.http11 - DEBUG - response_closed.started
2025-06-21 00:34:13,678 - httpcore.http11 - DEBUG - response_closed.complete
2025-06-21 00:34:13,679 - telegram.ext.ExtBot - DEBUG - No new updates found.
2025-06-21 00:34:13,679 - telegram.ext.ExtBot - DEBUG - ()
2025-06-21 00:34:13,679 - telegram.ext.ExtBot - DEBUG - Exiting: get_updates
2025-06-21 00:34:13,680 - telegram.ext.ExtBot - DEBUG - Entering: get_updates
2025-06-21 00:34:13,684 - httpcore.http11 - DEBUG - send_request_headers.started request=<Request [b'POST']>
2025-06-21 00:34:13,685 - httpcore.http11 - DEBUG - send_request_headers.complete
2025-06-21 00:34:13,685 - httpcore.http11 - DEBUG - send_request_body.started request=<Request [b'POST']>
2025-06-21 00:34:13,687 - httpcore.http11 - DEBUG - send_request_body.complete
2025-06-21 00:34:13,687 - httpcore.http11 - DEBUG - receive_response_headers.started request=<Request [b'POST']>
2025-06-21 00:34:23,865 - httpcore.http11 - DEBUG - receive_response_headers.complete return_value=(b'HTTP/1.1', 200, b'OK', [(b'Server', b'nginx/1.18.0'), (b'Date', b'Fri, 20 Jun 2025 23:34:23 GMT'), (b'Content-Type', b'application/json'), (b'Content-Length', b'23'), (b'Connection', b'keep-alive'), (b'Strict-Transport-Security', b'max-age=31536000; includeSubDomains; preload'), (b'Access-Control-Allow-Origin', b'*'), (b'Access-Control-Allow-Methods', b'GET, POST, OPTIONS'), (b'Access-Control-Expose-Headers', b'Content-Length,Content-Type,Date,Server,Connection')])
2025-06-21 00:34:23,865 - httpx - INFO - HTTP Request: POST https://api.telegram.org/bot7707158318:AAE8rWa4Q8Z_3avql6K0HAmXaooZAReoNF0/getUpdates "HTTP/1.1 200 OK"
2025-06-21 00:34:23,868 - httpcore.http11 - DEBUG - receive_response_body.started request=<Request [b'POST']>
2025-06-21 00:34:23,868 - httpcore.http11 - DEBUG - receive_response_body.complete
2025-06-21 00:34:23,868 - httpcore.http11 - DEBUG - response_closed.started
2025-06-21 00:34:23,868 - httpcore.http11 - DEBUG - response_closed.complete
2025-06-21 00:34:23,868 - telegram.ext.ExtBot - DEBUG - No new updates found.
2025-06-21 00:34:23,868 - telegram.ext.ExtBot - DEBUG - ()
2025-06-21 00:34:23,868 - telegram.ext.ExtBot - DEBUG - Exiting: get_updates
2025-06-21 00:34:23,868 - telegram.ext.ExtBot - DEBUG - Entering: get_updates
2025-06-21 00:34:23,873 - httpcore.http11 - DEBUG - send_request_headers.started request=<Request [b'POST']>
2025-06-21 00:34:23,876 - httpcore.http11 - DEBUG - send_request_headers.complete
2025-06-21 00:34:23,876 - httpcore.http11 - DEBUG - send_request_body.started request=<Request [b'POST']>
2025-06-21 00:34:23,879 - httpcore.http11 - DEBUG - send_request_body.complete
2025-06-21 00:34:23,879 - httpcore.http11 - DEBUG - receive_response_headers.started request=<Request [b'POST']>
2025-06-21 00:34:33,968 - httpcore.http11 - DEBUG - receive_response_headers.complete return_value=(b'HTTP/1.1', 200, b'OK', [(b'Server', b'nginx/1.18.0'), (b'Date', b'Fri, 20 Jun 2025 23:34:33 GMT'), (b'Content-Type', b'application/json'), (b'Content-Length', b'23'), (b'Connection', b'keep-alive'), (b'Strict-Transport-Security', b'max-age=31536000; includeSubDomains; preload'), (b'Access-Control-Allow-Origin', b'*'), (b'Access-Control-Allow-Methods', b'GET, POST, OPTIONS'), (b'Access-Control-Expose-Headers', b'Content-Length,Content-Type,Date,Server,Connection')])
2025-06-21 00:34:33,968 - httpx - INFO - HTTP Request: POST https://api.telegram.org/bot7707158318:AAE8rWa4Q8Z_3avql6K0HAmXaooZAReoNF0/getUpdates "HTTP/1.1 200 OK"
2025-06-21 00:34:33,973 - httpcore.http11 - DEBUG - receive_response_body.started request=<Request [b'POST']>
2025-06-21 00:34:33,973 - httpcore.http11 - DEBUG - receive_response_body.complete
2025-06-21 00:34:33,973 - httpcore.http11 - DEBUG - response_closed.started
2025-06-21 00:34:33,973 - httpcore.http11 - DEBUG - response_closed.complete
2025-06-21 00:34:33,973 - telegram.ext.ExtBot - DEBUG - No new updates found.
2025-06-21 00:34:33,973 - telegram.ext.ExtBot - DEBUG - ()
2025-06-21 00:34:33,973 - telegram.ext.ExtBot - DEBUG - Exiting: get_updates
2025-06-21 00:34:33,973 - telegram.ext.ExtBot - DEBUG - Entering: get_updates
2025-06-21 00:34:33,973 - httpcore.http11 - DEBUG - send_request_headers.started request=<Request [b'POST']>
2025-06-21 00:34:33,973 - httpcore.http11 - DEBUG - send_request_headers.complete
2025-06-21 00:34:33,973 - httpcore.http11 - DEBUG - send_request_body.started request=<Request [b'POST']>
2025-06-21 00:34:33,973 - httpcore.http11 - DEBUG - send_request_body.complete
2025-06-21 00:34:33,973 - httpcore.http11 - DEBUG - receive_response_headers.started request=<Request [b'POST']>
2025-06-21 00:34:44,060 - httpcore.http11 - DEBUG - receive_response_headers.complete return_value=(b'HTTP/1.1', 200, b'OK', [(b'Server', b'nginx/1.18.0'), (b'Date', b'Fri, 20 Jun 2025 23:34:43 GMT'), (b'Content-Type', b'application/json'), (b'Content-Length', b'23'), (b'Connection', b'keep-alive'), (b'Strict-Transport-Security', b'max-age=31536000; includeSubDomains; preload'), (b'Access-Control-Allow-Origin', b'*'), (b'Access-Control-Allow-Methods', b'GET, POST, OPTIONS'), (b'Access-Control-Expose-Headers', b'Content-Length,Content-Type,Date,Server,Connection')])
2025-06-21 00:34:44,062 - httpx - INFO - HTTP Request: POST https://api.telegram.org/bot7707158318:AAE8rWa4Q8Z_3avql6K0HAmXaooZAReoNF0/getUpdates "HTTP/1.1 200 OK"
2025-06-21 00:34:44,064 - httpcore.http11 - DEBUG - receive_response_body.started request=<Request [b'POST']>
2025-06-21 00:34:44,064 - httpcore.http11 - DEBUG - receive_response_body.complete
2025-06-21 00:34:44,066 - httpcore.http11 - DEBUG - response_closed.started
2025-06-21 00:34:44,066 - httpcore.http11 - DEBUG - response_closed.complete
2025-06-21 00:34:44,069 - telegram.ext.ExtBot - DEBUG - No new updates found.
2025-06-21 00:34:44,069 - telegram.ext.ExtBot - DEBUG - ()
2025-06-21 00:34:44,069 - telegram.ext.ExtBot - DEBUG - Exiting: get_updates
2025-06-21 00:34:44,069 - telegram.ext.ExtBot - DEBUG - Entering: get_updates
2025-06-21 00:34:44,073 - httpcore.http11 - DEBUG - send_request_headers.started request=<Request [b'POST']>
2025-06-21 00:34:44,075 - httpcore.http11 - DEBUG - send_request_headers.complete
2025-06-21 00:34:44,077 - httpcore.http11 - DEBUG - send_request_body.started request=<Request [b'POST']>
2025-06-21 00:34:44,077 - httpcore.http11 - DEBUG - send_request_body.complete
2025-06-21 00:34:44,077 - httpcore.http11 - DEBUG - receive_response_headers.started request=<Request [b'POST']>
2025-06-21 00:34:54,182 - httpcore.http11 - DEBUG - receive_response_headers.complete return_value=(b'HTTP/1.1', 200, b'OK', [(b'Server', b'nginx/1.18.0'), (b'Date', b'Fri, 20 Jun 2025 23:34:53 GMT'), (b'Content-Type', b'application/json'), (b'Content-Length', b'23'), (b'Connection', b'keep-alive'), (b'Strict-Transport-Security', b'max-age=31536000; includeSubDomains; preload'), (b'Access-Control-Allow-Origin', b'*'), (b'Access-Control-Allow-Methods', b'GET, POST, OPTIONS'), (b'Access-Control-Expose-Headers', b'Content-Length,Content-Type,Date,Server,Connection')])
2025-06-21 00:34:54,183 - httpx - INFO - HTTP Request: POST https://api.telegram.org/bot7707158318:AAE8rWa4Q8Z_3avql6K0HAmXaooZAReoNF0/getUpdates "HTTP/1.1 200 OK"
2025-06-21 00:34:54,183 - httpcore.http11 - DEBUG - receive_response_body.started request=<Request [b'POST']>
2025-06-21 00:34:54,185 - httpcore.http11 - DEBUG - receive_response_body.complete
2025-06-21 00:34:54,185 - httpcore.http11 - DEBUG - response_closed.started
2025-06-21 00:34:54,185 - httpcore.http11 - DEBUG - response_closed.complete
2025-06-21 00:34:54,187 - telegram.ext.ExtBot - DEBUG - No new updates found.
2025-06-21 00:34:54,187 - telegram.ext.ExtBot - DEBUG - ()
2025-06-21 00:34:54,187 - telegram.ext.ExtBot - DEBUG - Exiting: get_updates
2025-06-21 00:34:54,187 - telegram.ext.ExtBot - DEBUG - Entering: get_updates
2025-06-21 00:34:54,192 - httpcore.http11 - DEBUG - send_request_headers.started request=<Request [b'POST']>
2025-06-21 00:34:54,194 - httpcore.http11 - DEBUG - send_request_headers.complete
2025-06-21 00:34:54,194 - httpcore.http11 - DEBUG - send_request_body.started request=<Request [b'POST']>
2025-06-21 00:34:54,194 - httpcore.http11 - DEBUG - send_request_body.complete
2025-06-21 00:34:54,196 - httpcore.http11 - DEBUG - receive_response_headers.started request=<Request [b'POST']>
2025-06-21 00:35:04,287 - httpcore.http11 - DEBUG - receive_response_headers.complete return_value=(b'HTTP/1.1', 200, b'OK', [(b'Server', b'nginx/1.18.0'), (b'Date', b'Fri, 20 Jun 2025 23:35:04 GMT'), (b'Content-Type', b'application/json'), (b'Content-Length', b'23'), (b'Connection', b'keep-alive'), (b'Strict-Transport-Security', b'max-age=31536000; includeSubDomains; preload'), (b'Access-Control-Allow-Origin', b'*'), (b'Access-Control-Allow-Methods', b'GET, POST, OPTIONS'), (b'Access-Control-Expose-Headers', b'Content-Length,Content-Type,Date,Server,Connection')])
2025-06-21 00:35:04,289 - httpx - INFO - HTTP Request: POST https://api.telegram.org/bot7707158318:AAE8rWa4Q8Z_3avql6K0HAmXaooZAReoNF0/getUpdates "HTTP/1.1 200 OK"
2025-06-21 00:35:04,291 - httpcore.http11 - DEBUG - receive_response_body.started request=<Request [b'POST']>
2025-06-21 00:35:04,291 - httpcore.http11 - DEBUG - receive_response_body.complete
2025-06-21 00:35:04,291 - httpcore.http11 - DEBUG - response_closed.started
2025-06-21 00:35:04,293 - httpcore.http11 - DEBUG - response_closed.complete
2025-06-21 00:35:04,293 - telegram.ext.ExtBot - DEBUG - No new updates found.
2025-06-21 00:35:04,293 - telegram.ext.ExtBot - DEBUG - ()
2025-06-21 00:35:04,293 - telegram.ext.ExtBot - DEBUG - Exiting: get_updates
2025-06-21 00:35:04,295 - telegram.ext.ExtBot - DEBUG - Entering: get_updates
2025-06-21 00:35:04,299 - httpcore.http11 - DEBUG - send_request_headers.started request=<Request [b'POST']>
2025-06-21 00:35:04,301 - httpcore.http11 - DEBUG - send_request_headers.complete
2025-06-21 00:35:04,301 - httpcore.http11 - DEBUG - send_request_body.started request=<Request [b'POST']>
2025-06-21 00:35:04,303 - httpcore.http11 - DEBUG - send_request_body.complete
2025-06-21 00:35:04,303 - httpcore.http11 - DEBUG - receive_response_headers.started request=<Request [b'POST']>
2025-06-21 00:35:14,391 - httpcore.http11 - DEBUG - receive_response_headers.complete return_value=(b'HTTP/1.1', 200, b'OK', [(b'Server', b'nginx/1.18.0'), (b'Date', b'Fri, 20 Jun 2025 23:35:14 GMT'), (b'Content-Type', b'application/json'), (b'Content-Length', b'23'), (b'Connection', b'keep-alive'), (b'Strict-Transport-Security', b'max-age=31536000; includeSubDomains; preload'), (b'Access-Control-Allow-Origin', b'*'), (b'Access-Control-Allow-Methods', b'GET, POST, OPTIONS'), (b'Access-Control-Expose-Headers', b'Content-Length,Content-Type,Date,Server,Connection')])
2025-06-21 00:35:14,393 - httpx - INFO - HTTP Request: POST https://api.telegram.org/bot7707158318:AAE8rWa4Q8Z_3avql6K0HAmXaooZAReoNF0/getUpdates "HTTP/1.1 200 OK"
2025-06-21 00:35:14,393 - httpcore.http11 - DEBUG - receive_response_body.started request=<Request [b'POST']>
2025-06-21 00:35:14,395 - httpcore.http11 - DEBUG - receive_response_body.complete
2025-06-21 00:35:14,395 - httpcore.http11 - DEBUG - response_closed.started
2025-06-21 00:35:14,395 - httpcore.http11 - DEBUG - response_closed.complete
2025-06-21 00:35:14,395 - telegram.ext.ExtBot - DEBUG - No new updates found.
2025-06-21 00:35:14,397 - telegram.ext.ExtBot - DEBUG - ()
2025-06-21 00:35:14,397 - telegram.ext.ExtBot - DEBUG - Exiting: get_updates
2025-06-21 00:35:14,397 - telegram.ext.ExtBot - DEBUG - Entering: get_updates
2025-06-21 00:35:14,399 - httpcore.http11 - DEBUG - send_request_headers.started request=<Request [b'POST']>
2025-06-21 00:35:14,400 - httpcore.http11 - DEBUG - send_request_headers.complete
2025-06-21 00:35:14,400 - httpcore.http11 - DEBUG - send_request_body.started request=<Request [b'POST']>
2025-06-21 00:35:14,402 - httpcore.http11 - DEBUG - send_request_body.complete
2025-06-21 00:35:14,402 - httpcore.http11 - DEBUG - receive_response_headers.started request=<Request [b'POST']>
2025-06-21 00:35:24,503 - httpcore.http11 - DEBUG - receive_response_headers.complete return_value=(b'HTTP/1.1', 200, b'OK', [(b'Server', b'nginx/1.18.0'), (b'Date', b'Fri, 20 Jun 2025 23:35:24 GMT'), (b'Content-Type', b'application/json'), (b'Content-Length', b'23'), (b'Connection', b'keep-alive'), (b'Strict-Transport-Security', b'max-age=31536000; includeSubDomains; preload'), (b'Access-Control-Allow-Origin', b'*'), (b'Access-Control-Allow-Methods', b'GET, POST, OPTIONS'), (b'Access-Control-Expose-Headers', b'Content-Length,Content-Type,Date,Server,Connection')])
2025-06-21 00:35:24,506 - httpx - INFO - HTTP Request: POST https://api.telegram.org/bot7707158318:AAE8rWa4Q8Z_3avql6K0HAmXaooZAReoNF0/getUpdates "HTTP/1.1 200 OK"
2025-06-21 00:35:24,506 - httpcore.http11 - DEBUG - receive_response_body.started request=<Request [b'POST']>
2025-06-21 00:35:24,506 - httpcore.http11 - DEBUG - receive_response_body.complete
2025-06-21 00:35:24,506 - httpcore.http11 - DEBUG - response_closed.started
2025-06-21 00:35:24,509 - httpcore.http11 - DEBUG - response_closed.complete
2025-06-21 00:35:24,509 - telegram.ext.ExtBot - DEBUG - No new updates found.
2025-06-21 00:35:24,510 - telegram.ext.ExtBot - DEBUG - ()
2025-06-21 00:35:24,510 - telegram.ext.ExtBot - DEBUG - Exiting: get_updates
2025-06-21 00:35:24,510 - telegram.ext.ExtBot - DEBUG - Entering: get_updates
2025-06-21 00:35:24,513 - httpcore.http11 - DEBUG - send_request_headers.started request=<Request [b'POST']>
2025-06-21 00:35:24,514 - httpcore.http11 - DEBUG - send_request_headers.complete
2025-06-21 00:35:24,514 - httpcore.http11 - DEBUG - send_request_body.started request=<Request [b'POST']>
2025-06-21 00:35:24,515 - httpcore.http11 - DEBUG - send_request_body.complete
2025-06-21 00:35:24,515 - httpcore.http11 - DEBUG - receive_response_headers.started request=<Request [b'POST']>
2025-06-21 00:35:34,609 - httpcore.http11 - DEBUG - receive_response_headers.complete return_value=(b'HTTP/1.1', 200, b'OK', [(b'Server', b'nginx/1.18.0'), (b'Date', b'Fri, 20 Jun 2025 23:35:34 GMT'), (b'Content-Type', b'application/json'), (b'Content-Length', b'23'), (b'Connection', b'keep-alive'), (b'Strict-Transport-Security', b'max-age=31536000; includeSubDomains; preload'), (b'Access-Control-Allow-Origin', b'*'), (b'Access-Control-Allow-Methods', b'GET, POST, OPTIONS'), (b'Access-Control-Expose-Headers', b'Content-Length,Content-Type,Date,Server,Connection')])
2025-06-21 00:35:34,611 - httpx - INFO - HTTP Request: POST https://api.telegram.org/bot7707158318:AAE8rWa4Q8Z_3avql6K0HAmXaooZAReoNF0/getUpdates "HTTP/1.1 200 OK"
2025-06-21 00:35:34,613 - httpcore.http11 - DEBUG - receive_response_body.started request=<Request [b'POST']>
2025-06-21 00:35:34,613 - httpcore.http11 - DEBUG - receive_response_body.complete
2025-06-21 00:35:34,613 - httpcore.http11 - DEBUG - response_closed.started
2025-06-21 00:35:34,615 - httpcore.http11 - DEBUG - response_closed.complete
2025-06-21 00:35:34,616 - telegram.ext.ExtBot - DEBUG - No new updates found.
2025-06-21 00:35:34,616 - telegram.ext.ExtBot - DEBUG - ()
2025-06-21 00:35:34,616 - telegram.ext.ExtBot - DEBUG - Exiting: get_updates
2025-06-21 00:35:34,616 - telegram.ext.ExtBot - DEBUG - Entering: get_updates
2025-06-21 00:35:34,620 - httpcore.http11 - DEBUG - send_request_headers.started request=<Request [b'POST']>
2025-06-21 00:35:34,622 - httpcore.http11 - DEBUG - send_request_headers.complete
2025-06-21 00:35:34,622 - httpcore.http11 - DEBUG - send_request_body.started request=<Request [b'POST']>
2025-06-21 00:35:34,624 - httpcore.http11 - DEBUG - send_request_body.complete
2025-06-21 00:35:34,624 - httpcore.http11 - DEBUG - receive_response_headers.started request=<Request [b'POST']>
2025-06-21 00:35:45,339 - httpcore.http11 - DEBUG - receive_response_headers.complete return_value=(b'HTTP/1.1', 200, b'OK', [(b'Server', b'nginx/1.18.0'), (b'Date', b'Fri, 20 Jun 2025 23:35:44 GMT'), (b'Content-Type', b'application/json'), (b'Content-Length', b'23'), (b'Connection', b'keep-alive'), (b'Strict-Transport-Security', b'max-age=31536000; includeSubDomains; preload'), (b'Access-Control-Allow-Origin', b'*'), (b'Access-Control-Allow-Methods', b'GET, POST, OPTIONS'), (b'Access-Control-Expose-Headers', b'Content-Length,Content-Type,Date,Server,Connection')])
2025-06-21 00:35:45,341 - httpx - INFO - HTTP Request: POST https://api.telegram.org/bot7707158318:AAE8rWa4Q8Z_3avql6K0HAmXaooZAReoNF0/getUpdates "HTTP/1.1 200 OK"
2025-06-21 00:35:45,341 - httpcore.http11 - DEBUG - receive_response_body.started request=<Request [b'POST']>
2025-06-21 00:35:45,343 - httpcore.http11 - DEBUG - receive_response_body.complete
2025-06-21 00:35:45,343 - httpcore.http11 - DEBUG - response_closed.started
2025-06-21 00:35:45,344 - httpcore.http11 - DEBUG - response_closed.complete
2025-06-21 00:35:45,344 - telegram.ext.ExtBot - DEBUG - No new updates found.
2025-06-21 00:35:45,344 - telegram.ext.ExtBot - DEBUG - ()
2025-06-21 00:35:45,346 - telegram.ext.ExtBot - DEBUG - Exiting: get_updates
2025-06-21 00:35:45,346 - telegram.ext.ExtBot - DEBUG - Entering: get_updates
2025-06-21 00:35:45,348 - httpcore.http11 - DEBUG - send_request_headers.started request=<Request [b'POST']>
2025-06-21 00:35:45,351 - httpcore.http11 - DEBUG - send_request_headers.complete
2025-06-21 00:35:45,353 - httpcore.http11 - DEBUG - send_request_body.started request=<Request [b'POST']>
2025-06-21 00:35:45,354 - httpcore.http11 - DEBUG - send_request_body.complete
2025-06-21 00:35:45,354 - httpcore.http11 - DEBUG - receive_response_headers.started request=<Request [b'POST']>
2025-06-21 00:35:55,430 - httpcore.http11 - DEBUG - receive_response_headers.complete return_value=(b'HTTP/1.1', 200, b'OK', [(b'Server', b'nginx/1.18.0'), (b'Date', b'Fri, 20 Jun 2025 23:35:55 GMT'), (b'Content-Type', b'application/json'), (b'Content-Length', b'23'), (b'Connection', b'keep-alive'), (b'Strict-Transport-Security', b'max-age=31536000; includeSubDomains; preload'), (b'Access-Control-Allow-Origin', b'*'), (b'Access-Control-Allow-Methods', b'GET, POST, OPTIONS'), (b'Access-Control-Expose-Headers', b'Content-Length,Content-Type,Date,Server,Connection')])
2025-06-21 00:35:55,432 - httpx - INFO - HTTP Request: POST https://api.telegram.org/bot7707158318:AAE8rWa4Q8Z_3avql6K0HAmXaooZAReoNF0/getUpdates "HTTP/1.1 200 OK"
2025-06-21 00:35:55,433 - httpcore.http11 - DEBUG - receive_response_body.started request=<Request [b'POST']>
2025-06-21 00:35:55,434 - httpcore.http11 - DEBUG - receive_response_body.complete
2025-06-21 00:35:55,434 - httpcore.http11 - DEBUG - response_closed.started
2025-06-21 00:35:55,434 - httpcore.http11 - DEBUG - response_closed.complete
2025-06-21 00:35:55,435 - telegram.ext.ExtBot - DEBUG - No new updates found.
2025-06-21 00:35:55,435 - telegram.ext.ExtBot - DEBUG - ()
2025-06-21 00:35:55,435 - telegram.ext.ExtBot - DEBUG - Exiting: get_updates
2025-06-21 00:35:55,435 - telegram.ext.ExtBot - DEBUG - Entering: get_updates
2025-06-21 00:35:55,438 - httpcore.http11 - DEBUG - send_request_headers.started request=<Request [b'POST']>
2025-06-21 00:35:55,440 - httpcore.http11 - DEBUG - send_request_headers.complete
2025-06-21 00:35:55,440 - httpcore.http11 - DEBUG - send_request_body.started request=<Request [b'POST']>
2025-06-21 00:35:55,440 - httpcore.http11 - DEBUG - send_request_body.complete
2025-06-21 00:35:55,440 - httpcore.http11 - DEBUG - receive_response_headers.started request=<Request [b'POST']>
2025-06-21 00:36:07,442 - httpcore.http11 - DEBUG - receive_response_headers.failed exception=ReadTimeout(TimeoutError())
2025-06-21 00:36:07,443 - httpcore.http11 - DEBUG - response_closed.started
2025-06-21 00:36:07,445 - httpcore.http11 - DEBUG - response_closed.complete
2025-06-21 00:36:07,448 - telegram.ext.Updater - DEBUG - Timed out getting Updates: Timed out
2025-06-21 00:36:07,448 - telegram.ext.ExtBot - DEBUG - Entering: get_updates
2025-06-21 00:36:07,453 - httpcore.connection - DEBUG - connect_tcp.started host='api.telegram.org' port=443 local_address=None timeout=5.0 socket_options=None
2025-06-21 00:36:07,952 - httpcore.connection - DEBUG - connect_tcp.complete return_value=<httpcore._backends.anyio.AnyIOStream object at 0x0000026295D40580>
2025-06-21 00:36:07,952 - httpcore.connection - DEBUG - start_tls.started ssl_context=<ssl.SSLContext object at 0x0000026295C49BC0> server_hostname='api.telegram.org' timeout=5.0
2025-06-21 00:36:08,413 - httpcore.connection - DEBUG - start_tls.complete return_value=<httpcore._backends.anyio.AnyIOStream object at 0x0000026295D40D30>
2025-06-21 00:36:08,414 - httpcore.http11 - DEBUG - send_request_headers.started request=<Request [b'POST']>
2025-06-21 00:36:08,416 - httpcore.http11 - DEBUG - send_request_headers.complete
2025-06-21 00:36:08,416 - httpcore.http11 - DEBUG - send_request_body.started request=<Request [b'POST']>
2025-06-21 00:36:08,418 - httpcore.http11 - DEBUG - send_request_body.complete
2025-06-21 00:36:08,419 - httpcore.http11 - DEBUG - receive_response_headers.started request=<Request [b'POST']>
2025-06-21 00:36:18,491 - httpcore.http11 - DEBUG - receive_response_headers.complete return_value=(b'HTTP/1.1', 200, b'OK', [(b'Server', b'nginx/1.18.0'), (b'Date', b'Fri, 20 Jun 2025 23:36:18 GMT'), (b'Content-Type', b'application/json'), (b'Content-Length', b'23'), (b'Connection', b'keep-alive'), (b'Strict-Transport-Security', b'max-age=31536000; includeSubDomains; preload'), (b'Access-Control-Allow-Origin', b'*'), (b'Access-Control-Allow-Methods', b'GET, POST, OPTIONS'), (b'Access-Control-Expose-Headers', b'Content-Length,Content-Type,Date,Server,Connection')])
2025-06-21 00:36:18,491 - httpx - INFO - HTTP Request: POST https://api.telegram.org/bot7707158318:AAE8rWa4Q8Z_3avql6K0HAmXaooZAReoNF0/getUpdates "HTTP/1.1 200 OK"
2025-06-21 00:36:18,494 - httpcore.http11 - DEBUG - receive_response_body.started request=<Request [b'POST']>
2025-06-21 00:36:18,495 - httpcore.http11 - DEBUG - receive_response_body.complete
2025-06-21 00:36:18,495 - httpcore.http11 - DEBUG - response_closed.started
2025-06-21 00:36:18,495 - httpcore.http11 - DEBUG - response_closed.complete
2025-06-21 00:36:18,495 - telegram.ext.ExtBot - DEBUG - No new updates found.
2025-06-21 00:36:18,495 - telegram.ext.ExtBot - DEBUG - ()
2025-06-21 00:36:18,495 - telegram.ext.ExtBot - DEBUG - Exiting: get_updates
2025-06-21 00:36:18,495 - telegram.ext.ExtBot - DEBUG - Entering: get_updates
2025-06-21 00:36:18,498 - httpcore.http11 - DEBUG - send_request_headers.started request=<Request [b'POST']>
2025-06-21 00:36:18,500 - httpcore.http11 - DEBUG - send_request_headers.complete
2025-06-21 00:36:18,500 - httpcore.http11 - DEBUG - send_request_body.started request=<Request [b'POST']>
2025-06-21 00:36:18,500 - httpcore.http11 - DEBUG - send_request_body.complete
2025-06-21 00:36:18,500 - httpcore.http11 - DEBUG - receive_response_headers.started request=<Request [b'POST']>
2025-06-21 00:36:28,597 - httpcore.http11 - DEBUG - receive_response_headers.complete return_value=(b'HTTP/1.1', 200, b'OK', [(b'Server', b'nginx/1.18.0'), (b'Date', b'Fri, 20 Jun 2025 23:36:28 GMT'), (b'Content-Type', b'application/json'), (b'Content-Length', b'23'), (b'Connection', b'keep-alive'), (b'Strict-Transport-Security', b'max-age=31536000; includeSubDomains; preload'), (b'Access-Control-Allow-Origin', b'*'), (b'Access-Control-Allow-Methods', b'GET, POST, OPTIONS'), (b'Access-Control-Expose-Headers', b'Content-Length,Content-Type,Date,Server,Connection')])
2025-06-21 00:36:28,599 - httpx - INFO - HTTP Request: POST https://api.telegram.org/bot7707158318:AAE8rWa4Q8Z_3avql6K0HAmXaooZAReoNF0/getUpdates "HTTP/1.1 200 OK"
2025-06-21 00:36:28,600 - httpcore.http11 - DEBUG - receive_response_body.started request=<Request [b'POST']>
2025-06-21 00:36:28,600 - httpcore.http11 - DEBUG - receive_response_body.complete
2025-06-21 00:36:28,600 - httpcore.http11 - DEBUG - response_closed.started
2025-06-21 00:36:28,600 - httpcore.http11 - DEBUG - response_closed.complete
2025-06-21 00:36:28,602 - telegram.ext.ExtBot - DEBUG - No new updates found.
2025-06-21 00:36:28,602 - telegram.ext.ExtBot - DEBUG - ()
2025-06-21 00:36:28,602 - telegram.ext.ExtBot - DEBUG - Exiting: get_updates
2025-06-21 00:36:28,602 - telegram.ext.ExtBot - DEBUG - Entering: get_updates
2025-06-21 00:36:28,604 - httpcore.http11 - DEBUG - send_request_headers.started request=<Request [b'POST']>
2025-06-21 00:36:28,606 - httpcore.http11 - DEBUG - send_request_headers.complete
2025-06-21 00:36:28,606 - httpcore.http11 - DEBUG - send_request_body.started request=<Request [b'POST']>
2025-06-21 00:36:28,606 - httpcore.http11 - DEBUG - send_request_body.complete
2025-06-21 00:36:28,608 - httpcore.http11 - DEBUG - receive_response_headers.started request=<Request [b'POST']>
2025-06-21 00:36:38,699 - httpcore.http11 - DEBUG - receive_response_headers.complete return_value=(b'HTTP/1.1', 200, b'OK', [(b'Server', b'nginx/1.18.0'), (b'Date', b'Fri, 20 Jun 2025 23:36:38 GMT'), (b'Content-Type', b'application/json'), (b'Content-Length', b'23'), (b'Connection', b'keep-alive'), (b'Strict-Transport-Security', b'max-age=31536000; includeSubDomains; preload'), (b'Access-Control-Allow-Origin', b'*'), (b'Access-Control-Allow-Methods', b'GET, POST, OPTIONS'), (b'Access-Control-Expose-Headers', b'Content-Length,Content-Type,Date,Server,Connection')])
2025-06-21 00:36:38,700 - httpx - INFO - HTTP Request: POST https://api.telegram.org/bot7707158318:AAE8rWa4Q8Z_3avql6K0HAmXaooZAReoNF0/getUpdates "HTTP/1.1 200 OK"
2025-06-21 00:36:38,702 - httpcore.http11 - DEBUG - receive_response_body.started request=<Request [b'POST']>
2025-06-21 00:36:38,702 - httpcore.http11 - DEBUG - receive_response_body.complete
2025-06-21 00:36:38,702 - httpcore.http11 - DEBUG - response_closed.started
2025-06-21 00:36:38,702 - httpcore.http11 - DEBUG - response_closed.complete
2025-06-21 00:36:38,702 - telegram.ext.ExtBot - DEBUG - No new updates found.
2025-06-21 00:36:38,702 - telegram.ext.ExtBot - DEBUG - ()
2025-06-21 00:36:38,702 - telegram.ext.ExtBot - DEBUG - Exiting: get_updates
2025-06-21 00:36:38,702 - telegram.ext.ExtBot - DEBUG - Entering: get_updates
2025-06-21 00:36:38,705 - httpcore.http11 - DEBUG - send_request_headers.started request=<Request [b'POST']>
2025-06-21 00:36:38,705 - httpcore.http11 - DEBUG - send_request_headers.complete
2025-06-21 00:36:38,705 - httpcore.http11 - DEBUG - send_request_body.started request=<Request [b'POST']>
2025-06-21 00:36:38,705 - httpcore.http11 - DEBUG - send_request_body.complete
2025-06-21 00:36:38,705 - httpcore.http11 - DEBUG - receive_response_headers.started request=<Request [b'POST']>
2025-06-21 00:36:48,810 - httpcore.http11 - DEBUG - receive_response_headers.complete return_value=(b'HTTP/1.1', 200, b'OK', [(b'Server', b'nginx/1.18.0'), (b'Date', b'Fri, 20 Jun 2025 23:36:48 GMT'), (b'Content-Type', b'application/json'), (b'Content-Length', b'23'), (b'Connection', b'keep-alive'), (b'Strict-Transport-Security', b'max-age=31536000; includeSubDomains; preload'), (b'Access-Control-Allow-Origin', b'*'), (b'Access-Control-Allow-Methods', b'GET, POST, OPTIONS'), (b'Access-Control-Expose-Headers', b'Content-Length,Content-Type,Date,Server,Connection')])
2025-06-21 00:36:48,810 - httpx - INFO - HTTP Request: POST https://api.telegram.org/bot7707158318:AAE8rWa4Q8Z_3avql6K0HAmXaooZAReoNF0/getUpdates "HTTP/1.1 200 OK"
2025-06-21 00:36:48,814 - httpcore.http11 - DEBUG - receive_response_body.started request=<Request [b'POST']>
2025-06-21 00:36:48,816 - httpcore.http11 - DEBUG - receive_response_body.complete
2025-06-21 00:36:48,816 - httpcore.http11 - DEBUG - response_closed.started
2025-06-21 00:36:48,818 - httpcore.http11 - DEBUG - response_closed.complete
2025-06-21 00:36:48,818 - telegram.ext.ExtBot - DEBUG - No new updates found.
2025-06-21 00:36:48,818 - telegram.ext.ExtBot - DEBUG - ()
2025-06-21 00:36:48,818 - telegram.ext.ExtBot - DEBUG - Exiting: get_updates
2025-06-21 00:36:48,818 - telegram.ext.ExtBot - DEBUG - Entering: get_updates
2025-06-21 00:36:48,822 - httpcore.http11 - DEBUG - send_request_headers.started request=<Request [b'POST']>
2025-06-21 00:36:48,823 - httpcore.http11 - DEBUG - send_request_headers.complete
2025-06-21 00:36:48,823 - httpcore.http11 - DEBUG - send_request_body.started request=<Request [b'POST']>
2025-06-21 00:36:48,826 - httpcore.http11 - DEBUG - send_request_body.complete
2025-06-21 00:36:48,826 - httpcore.http11 - DEBUG - receive_response_headers.started request=<Request [b'POST']>
2025-06-21 00:36:58,922 - httpcore.http11 - DEBUG - receive_response_headers.complete return_value=(b'HTTP/1.1', 200, b'OK', [(b'Server', b'nginx/1.18.0'), (b'Date', b'Fri, 20 Jun 2025 23:36:58 GMT'), (b'Content-Type', b'application/json'), (b'Content-Length', b'23'), (b'Connection', b'keep-alive'), (b'Strict-Transport-Security', b'max-age=31536000; includeSubDomains; preload'), (b'Access-Control-Allow-Origin', b'*'), (b'Access-Control-Allow-Methods', b'GET, POST, OPTIONS'), (b'Access-Control-Expose-Headers', b'Content-Length,Content-Type,Date,Server,Connection')])
2025-06-21 00:36:58,927 - httpx - INFO - HTTP Request: POST https://api.telegram.org/bot7707158318:AAE8rWa4Q8Z_3avql6K0HAmXaooZAReoNF0/getUpdates "HTTP/1.1 200 OK"
2025-06-21 00:36:58,927 - httpcore.http11 - DEBUG - receive_response_body.started request=<Request [b'POST']>
2025-06-21 00:36:58,927 - httpcore.http11 - DEBUG - receive_response_body.complete
2025-06-21 00:36:58,927 - httpcore.http11 - DEBUG - response_closed.started
2025-06-21 00:36:58,927 - httpcore.http11 - DEBUG - response_closed.complete
2025-06-21 00:36:58,930 - telegram.ext.ExtBot - DEBUG - No new updates found.
2025-06-21 00:36:58,930 - telegram.ext.ExtBot - DEBUG - ()
2025-06-21 00:36:58,930 - telegram.ext.ExtBot - DEBUG - Exiting: get_updates
2025-06-21 00:36:58,930 - telegram.ext.ExtBot - DEBUG - Entering: get_updates
2025-06-21 00:36:58,933 - httpcore.http11 - DEBUG - send_request_headers.started request=<Request [b'POST']>
2025-06-21 00:36:58,933 - httpcore.http11 - DEBUG - send_request_headers.complete
2025-06-21 00:36:58,933 - httpcore.http11 - DEBUG - send_request_body.started request=<Request [b'POST']>
2025-06-21 00:36:58,935 - httpcore.http11 - DEBUG - send_request_body.complete
2025-06-21 00:36:58,935 - httpcore.http11 - DEBUG - receive_response_headers.started request=<Request [b'POST']>
2025-06-21 00:37:09,005 - httpcore.http11 - DEBUG - receive_response_headers.complete return_value=(b'HTTP/1.1', 200, b'OK', [(b'Server', b'nginx/1.18.0'), (b'Date', b'Fri, 20 Jun 2025 23:37:08 GMT'), (b'Content-Type', b'application/json'), (b'Content-Length', b'23'), (b'Connection', b'keep-alive'), (b'Strict-Transport-Security', b'max-age=31536000; includeSubDomains; preload'), (b'Access-Control-Allow-Origin', b'*'), (b'Access-Control-Allow-Methods', b'GET, POST, OPTIONS'), (b'Access-Control-Expose-Headers', b'Content-Length,Content-Type,Date,Server,Connection')])
2025-06-21 00:37:09,006 - httpx - INFO - HTTP Request: POST https://api.telegram.org/bot7707158318:AAE8rWa4Q8Z_3avql6K0HAmXaooZAReoNF0/getUpdates "HTTP/1.1 200 OK"
2025-06-21 00:37:09,006 - httpcore.http11 - DEBUG - receive_response_body.started request=<Request [b'POST']>
2025-06-21 00:37:09,008 - httpcore.http11 - DEBUG - receive_response_body.complete
2025-06-21 00:37:09,008 - httpcore.http11 - DEBUG - response_closed.started
2025-06-21 00:37:09,009 - httpcore.http11 - DEBUG - response_closed.complete
2025-06-21 00:37:09,009 - telegram.ext.ExtBot - DEBUG - No new updates found.
2025-06-21 00:37:09,010 - telegram.ext.ExtBot - DEBUG - ()
2025-06-21 00:37:09,010 - telegram.ext.ExtBot - DEBUG - Exiting: get_updates
2025-06-21 00:37:09,010 - telegram.ext.ExtBot - DEBUG - Entering: get_updates
2025-06-21 00:37:09,011 - httpcore.http11 - DEBUG - send_request_headers.started request=<Request [b'POST']>
2025-06-21 00:37:09,013 - httpcore.http11 - DEBUG - send_request_headers.complete
2025-06-21 00:37:09,013 - httpcore.http11 - DEBUG - send_request_body.started request=<Request [b'POST']>
2025-06-21 00:37:09,014 - httpcore.http11 - DEBUG - send_request_body.complete
2025-06-21 00:37:09,014 - httpcore.http11 - DEBUG - receive_response_headers.started request=<Request [b'POST']>
