2025-06-23 05:25:53,165 - asyncio - DEBUG - Using proactor: IocpProactor
2025-06-23 05:25:53,172 - httpx - DEBUG - load_ssl_context verify=True cert=None trust_env=True http2=False
2025-06-23 05:25:53,173 - httpx - DEBUG - load_verify_locations cafile='c:\\Users\\Rachid Aitali\\OneDrive - 4JM Solutions Limited\\Desktop\\SniperX\\SniperX\\.venv\\lib\\site-packages\\certifi\\cacert.pem'
2025-06-23 05:25:53,185 - httpx - DEBUG - load_ssl_context verify=True cert=None trust_env=True http2=False
2025-06-23 05:25:53,185 - httpx - DEBUG - load_verify_locations cafile='c:\\Users\\Rachid Aitali\\OneDrive - 4JM Solutions Limited\\Desktop\\SniperX\\SniperX\\.venv\\lib\\site-packages\\certifi\\cacert.pem'
2025-06-23 05:25:53,198 - __main__ - INFO - Telegram Manager Bot started. Send /menu to interact.
2025-06-23 05:25:53,200 - telegram.ext.ExtBot - DEBUG - Entering: send_message
2025-06-23 05:25:53,233 - httpcore.connection - DEBUG - connect_tcp.started host='api.telegram.org' port=443 local_address=None timeout=5.0 socket_options=None
2025-06-23 05:25:53,401 - httpcore.connection - DEBUG - connect_tcp.complete return_value=<httpcore._backends.anyio.AnyIOStream object at 0x0000024B2B49ABC0>
2025-06-23 05:25:53,401 - httpcore.connection - DEBUG - start_tls.started ssl_context=<ssl.SSLContext object at 0x0000024B2B3F9AC0> server_hostname='api.telegram.org' timeout=5.0
2025-06-23 05:25:53,525 - httpcore.connection - DEBUG - start_tls.complete return_value=<httpcore._backends.anyio.AnyIOStream object at 0x0000024B2B49B430>
2025-06-23 05:25:53,526 - httpcore.http11 - DEBUG - send_request_headers.started request=<Request [b'POST']>
2025-06-23 05:25:53,529 - httpcore.http11 - DEBUG - send_request_headers.complete
2025-06-23 05:25:53,530 - httpcore.http11 - DEBUG - send_request_body.started request=<Request [b'POST']>
2025-06-23 05:25:53,532 - httpcore.http11 - DEBUG - send_request_body.complete
2025-06-23 05:25:53,532 - httpcore.http11 - DEBUG - receive_response_headers.started request=<Request [b'POST']>
2025-06-23 05:25:53,631 - httpcore.http11 - DEBUG - receive_response_headers.complete return_value=(b'HTTP/1.1', 200, b'OK', [(b'Server', b'nginx/1.18.0'), (b'Date', b'Mon, 23 Jun 2025 04:25:55 GMT'), (b'Content-Type', b'application/json'), (b'Content-Length', b'351'), (b'Connection', b'keep-alive'), (b'Strict-Transport-Security', b'max-age=31536000; includeSubDomains; preload'), (b'Access-Control-Allow-Origin', b'*'), (b'Access-Control-Allow-Methods', b'GET, POST, OPTIONS'), (b'Access-Control-Expose-Headers', b'Content-Length,Content-Type,Date,Server,Connection')])
2025-06-23 05:25:53,635 - httpx - INFO - HTTP Request: POST https://api.telegram.org/bot7707158318:AAE8rWa4Q8Z_3avql6K0HAmXaooZAReoNF0/sendMessage "HTTP/1.1 200 OK"
2025-06-23 05:25:53,635 - httpcore.http11 - DEBUG - receive_response_body.started request=<Request [b'POST']>
2025-06-23 05:25:53,636 - httpcore.http11 - DEBUG - receive_response_body.complete
2025-06-23 05:25:53,636 - httpcore.http11 - DEBUG - response_closed.started
2025-06-23 05:25:53,637 - httpcore.http11 - DEBUG - response_closed.complete
2025-06-23 05:25:53,641 - telegram.ext.ExtBot - DEBUG - Message(channel_chat_created=False, chat=Chat(first_name='Ghost', id=7049055170, last_name='Number1', type=<ChatType.PRIVATE>), date=datetime.datetime(2025, 6, 23, 4, 25, 55, tzinfo=<UTC>), delete_chat_photo=False, entities=(MessageEntity(length=5, offset=36, type=<MessageEntityType.BOT_COMMAND>),), from_user=User(first_name='SPRD', id=7707158318, is_bot=True, username='tizi91Bot'), group_chat_created=False, message_id=5947, supergroup_chat_created=False, text='SniperX Control Bot is online! Send /menu to see options.')
2025-06-23 05:25:53,644 - telegram.ext.ExtBot - DEBUG - Exiting: send_message
2025-06-23 05:25:53,645 - telegram.ext.ExtBot - DEBUG - Entering: get_me
2025-06-23 05:25:53,650 - httpcore.http11 - DEBUG - send_request_headers.started request=<Request [b'POST']>
2025-06-23 05:25:53,654 - httpcore.http11 - DEBUG - send_request_headers.complete
2025-06-23 05:25:53,655 - httpcore.http11 - DEBUG - send_request_body.started request=<Request [b'POST']>
2025-06-23 05:25:53,657 - httpcore.http11 - DEBUG - send_request_body.complete
2025-06-23 05:25:53,657 - httpcore.http11 - DEBUG - receive_response_headers.started request=<Request [b'POST']>
2025-06-23 05:25:53,760 - httpcore.http11 - DEBUG - receive_response_headers.complete return_value=(b'HTTP/1.1', 200, b'OK', [(b'Server', b'nginx/1.18.0'), (b'Date', b'Mon, 23 Jun 2025 04:25:56 GMT'), (b'Content-Type', b'application/json'), (b'Content-Length', b'243'), (b'Connection', b'keep-alive'), (b'Strict-Transport-Security', b'max-age=31536000; includeSubDomains; preload'), (b'Access-Control-Allow-Origin', b'*'), (b'Access-Control-Allow-Methods', b'GET, POST, OPTIONS'), (b'Access-Control-Expose-Headers', b'Content-Length,Content-Type,Date,Server,Connection')])
2025-06-23 05:25:53,761 - httpx - INFO - HTTP Request: POST https://api.telegram.org/bot7707158318:AAE8rWa4Q8Z_3avql6K0HAmXaooZAReoNF0/getMe "HTTP/1.1 200 OK"
2025-06-23 05:25:53,761 - httpcore.http11 - DEBUG - receive_response_body.started request=<Request [b'POST']>
2025-06-23 05:25:53,763 - httpcore.http11 - DEBUG - receive_response_body.complete
2025-06-23 05:25:53,764 - httpcore.http11 - DEBUG - response_closed.started
2025-06-23 05:25:53,765 - httpcore.http11 - DEBUG - response_closed.complete
2025-06-23 05:25:53,768 - telegram.ext.ExtBot - DEBUG - User(api_kwargs={'can_connect_to_business': False, 'has_main_web_app': False}, can_join_groups=True, can_read_all_group_messages=False, first_name='SPRD', id=7707158318, is_bot=True, supports_inline_queries=False, username='tizi91Bot')
2025-06-23 05:25:53,769 - telegram.ext.ExtBot - DEBUG - Exiting: get_me
2025-06-23 05:25:53,769 - telegram.ext.ExtBot - DEBUG - This Bot is already initialized.
2025-06-23 05:25:53,770 - telegram.ext.Updater - DEBUG - Updater started (polling)
2025-06-23 05:25:53,771 - telegram.ext.Updater - DEBUG - Start network loop retry bootstrap del webhook
2025-06-23 05:25:53,771 - telegram.ext.Updater - DEBUG - Deleting webhook
2025-06-23 05:25:53,771 - telegram.ext.ExtBot - DEBUG - Entering: delete_webhook
2025-06-23 05:25:53,774 - httpcore.http11 - DEBUG - send_request_headers.started request=<Request [b'POST']>
2025-06-23 05:25:53,776 - httpcore.http11 - DEBUG - send_request_headers.complete
2025-06-23 05:25:53,776 - httpcore.http11 - DEBUG - send_request_body.started request=<Request [b'POST']>
2025-06-23 05:25:53,776 - httpcore.http11 - DEBUG - send_request_body.complete
2025-06-23 05:25:53,776 - httpcore.http11 - DEBUG - receive_response_headers.started request=<Request [b'POST']>
2025-06-23 05:25:53,927 - httpcore.http11 - DEBUG - receive_response_headers.complete return_value=(b'HTTP/1.1', 200, b'OK', [(b'Server', b'nginx/1.18.0'), (b'Date', b'Mon, 23 Jun 2025 04:25:56 GMT'), (b'Content-Type', b'application/json'), (b'Content-Length', b'68'), (b'Connection', b'keep-alive'), (b'Strict-Transport-Security', b'max-age=31536000; includeSubDomains; preload'), (b'Access-Control-Allow-Origin', b'*'), (b'Access-Control-Allow-Methods', b'GET, POST, OPTIONS'), (b'Access-Control-Expose-Headers', b'Content-Length,Content-Type,Date,Server,Connection')])
2025-06-23 05:25:53,929 - httpx - INFO - HTTP Request: POST https://api.telegram.org/bot7707158318:AAE8rWa4Q8Z_3avql6K0HAmXaooZAReoNF0/deleteWebhook "HTTP/1.1 200 OK"
2025-06-23 05:25:53,934 - httpcore.http11 - DEBUG - receive_response_body.started request=<Request [b'POST']>
2025-06-23 05:25:53,935 - httpcore.http11 - DEBUG - receive_response_body.complete
2025-06-23 05:25:53,935 - httpcore.http11 - DEBUG - response_closed.started
2025-06-23 05:25:53,936 - httpcore.http11 - DEBUG - response_closed.complete
2025-06-23 05:25:53,937 - telegram.ext.ExtBot - DEBUG - True
2025-06-23 05:25:53,937 - telegram.ext.ExtBot - DEBUG - Exiting: delete_webhook
2025-06-23 05:25:53,937 - telegram.ext.Updater - DEBUG - Bootstrap done
2025-06-23 05:25:53,937 - telegram.ext.Updater - DEBUG - Waiting for polling to start
2025-06-23 05:25:53,937 - telegram.ext.Updater - DEBUG - Polling updates from Telegram started
2025-06-23 05:25:53,938 - telegram.ext.Updater - DEBUG - Start network loop retry getting Updates
2025-06-23 05:25:53,938 - telegram.ext.ExtBot - DEBUG - Entering: get_updates
2025-06-23 05:25:53,940 - telegram.ext.Application - INFO - Application started
2025-06-23 05:25:53,940 - httpcore.connection - DEBUG - connect_tcp.started host='api.telegram.org' port=443 local_address=None timeout=5.0 socket_options=None
2025-06-23 05:25:54,037 - httpcore.connection - DEBUG - connect_tcp.complete return_value=<httpcore._backends.anyio.AnyIOStream object at 0x0000024B2C4BE9B0>
2025-06-23 05:25:54,038 - httpcore.connection - DEBUG - start_tls.started ssl_context=<ssl.SSLContext object at 0x0000024B2B3F9BC0> server_hostname='api.telegram.org' timeout=5.0
2025-06-23 05:25:54,176 - httpcore.connection - DEBUG - start_tls.complete return_value=<httpcore._backends.anyio.AnyIOStream object at 0x0000024B2C4BE860>
2025-06-23 05:25:54,176 - httpcore.http11 - DEBUG - send_request_headers.started request=<Request [b'POST']>
2025-06-23 05:25:54,177 - httpcore.http11 - DEBUG - send_request_headers.complete
2025-06-23 05:25:54,178 - httpcore.http11 - DEBUG - send_request_body.started request=<Request [b'POST']>
2025-06-23 05:25:54,181 - httpcore.http11 - DEBUG - send_request_body.complete
2025-06-23 05:25:54,181 - httpcore.http11 - DEBUG - receive_response_headers.started request=<Request [b'POST']>
2025-06-23 05:26:04,275 - httpcore.http11 - DEBUG - receive_response_headers.complete return_value=(b'HTTP/1.1', 200, b'OK', [(b'Server', b'nginx/1.18.0'), (b'Date', b'Mon, 23 Jun 2025 04:26:06 GMT'), (b'Content-Type', b'application/json'), (b'Content-Length', b'23'), (b'Connection', b'keep-alive'), (b'Strict-Transport-Security', b'max-age=31536000; includeSubDomains; preload'), (b'Access-Control-Allow-Origin', b'*'), (b'Access-Control-Allow-Methods', b'GET, POST, OPTIONS'), (b'Access-Control-Expose-Headers', b'Content-Length,Content-Type,Date,Server,Connection')])
2025-06-23 05:26:04,277 - httpx - INFO - HTTP Request: POST https://api.telegram.org/bot7707158318:AAE8rWa4Q8Z_3avql6K0HAmXaooZAReoNF0/getUpdates "HTTP/1.1 200 OK"
2025-06-23 05:26:04,277 - httpcore.http11 - DEBUG - receive_response_body.started request=<Request [b'POST']>
2025-06-23 05:26:04,277 - httpcore.http11 - DEBUG - receive_response_body.complete
2025-06-23 05:26:04,277 - httpcore.http11 - DEBUG - response_closed.started
2025-06-23 05:26:04,277 - httpcore.http11 - DEBUG - response_closed.complete
2025-06-23 05:26:04,277 - telegram.ext.ExtBot - DEBUG - No new updates found.
2025-06-23 05:26:04,277 - telegram.ext.ExtBot - DEBUG - ()
2025-06-23 05:26:04,277 - telegram.ext.ExtBot - DEBUG - Exiting: get_updates
2025-06-23 05:26:04,277 - telegram.ext.ExtBot - DEBUG - Entering: get_updates
2025-06-23 05:26:04,283 - httpcore.http11 - DEBUG - send_request_headers.started request=<Request [b'POST']>
2025-06-23 05:26:04,285 - httpcore.http11 - DEBUG - send_request_headers.complete
2025-06-23 05:26:04,286 - httpcore.http11 - DEBUG - send_request_body.started request=<Request [b'POST']>
2025-06-23 05:26:04,286 - httpcore.http11 - DEBUG - send_request_body.complete
2025-06-23 05:26:04,287 - httpcore.http11 - DEBUG - receive_response_headers.started request=<Request [b'POST']>
2025-06-23 05:26:14,408 - httpcore.http11 - DEBUG - receive_response_headers.complete return_value=(b'HTTP/1.1', 200, b'OK', [(b'Server', b'nginx/1.18.0'), (b'Date', b'Mon, 23 Jun 2025 04:26:16 GMT'), (b'Content-Type', b'application/json'), (b'Content-Length', b'23'), (b'Connection', b'keep-alive'), (b'Strict-Transport-Security', b'max-age=31536000; includeSubDomains; preload'), (b'Access-Control-Allow-Origin', b'*'), (b'Access-Control-Allow-Methods', b'GET, POST, OPTIONS'), (b'Access-Control-Expose-Headers', b'Content-Length,Content-Type,Date,Server,Connection')])
2025-06-23 05:26:14,408 - httpx - INFO - HTTP Request: POST https://api.telegram.org/bot7707158318:AAE8rWa4Q8Z_3avql6K0HAmXaooZAReoNF0/getUpdates "HTTP/1.1 200 OK"
2025-06-23 05:26:14,408 - httpcore.http11 - DEBUG - receive_response_body.started request=<Request [b'POST']>
2025-06-23 05:26:14,408 - httpcore.http11 - DEBUG - receive_response_body.complete
2025-06-23 05:26:14,408 - httpcore.http11 - DEBUG - response_closed.started
2025-06-23 05:26:14,408 - httpcore.http11 - DEBUG - response_closed.complete
2025-06-23 05:26:14,408 - telegram.ext.ExtBot - DEBUG - No new updates found.
2025-06-23 05:26:14,408 - telegram.ext.ExtBot - DEBUG - ()
2025-06-23 05:26:14,408 - telegram.ext.ExtBot - DEBUG - Exiting: get_updates
2025-06-23 05:26:14,408 - telegram.ext.ExtBot - DEBUG - Entering: get_updates
2025-06-23 05:26:14,408 - httpcore.http11 - DEBUG - send_request_headers.started request=<Request [b'POST']>
2025-06-23 05:26:14,411 - httpcore.http11 - DEBUG - send_request_headers.complete
2025-06-23 05:26:14,411 - httpcore.http11 - DEBUG - send_request_body.started request=<Request [b'POST']>
2025-06-23 05:26:14,411 - httpcore.http11 - DEBUG - send_request_body.complete
2025-06-23 05:26:14,411 - httpcore.http11 - DEBUG - receive_response_headers.started request=<Request [b'POST']>
2025-06-23 05:26:24,487 - httpcore.http11 - DEBUG - receive_response_headers.complete return_value=(b'HTTP/1.1', 200, b'OK', [(b'Server', b'nginx/1.18.0'), (b'Date', b'Mon, 23 Jun 2025 04:26:26 GMT'), (b'Content-Type', b'application/json'), (b'Content-Length', b'23'), (b'Connection', b'keep-alive'), (b'Strict-Transport-Security', b'max-age=31536000; includeSubDomains; preload'), (b'Access-Control-Allow-Origin', b'*'), (b'Access-Control-Allow-Methods', b'GET, POST, OPTIONS'), (b'Access-Control-Expose-Headers', b'Content-Length,Content-Type,Date,Server,Connection')])
2025-06-23 05:26:24,489 - httpx - INFO - HTTP Request: POST https://api.telegram.org/bot7707158318:AAE8rWa4Q8Z_3avql6K0HAmXaooZAReoNF0/getUpdates "HTTP/1.1 200 OK"
2025-06-23 05:26:24,491 - httpcore.http11 - DEBUG - receive_response_body.started request=<Request [b'POST']>
2025-06-23 05:26:24,491 - httpcore.http11 - DEBUG - receive_response_body.complete
2025-06-23 05:26:24,491 - httpcore.http11 - DEBUG - response_closed.started
2025-06-23 05:26:24,491 - httpcore.http11 - DEBUG - response_closed.complete
2025-06-23 05:26:24,491 - telegram.ext.ExtBot - DEBUG - No new updates found.
2025-06-23 05:26:24,492 - telegram.ext.ExtBot - DEBUG - ()
2025-06-23 05:26:24,492 - telegram.ext.ExtBot - DEBUG - Exiting: get_updates
2025-06-23 05:26:24,492 - telegram.ext.ExtBot - DEBUG - Entering: get_updates
2025-06-23 05:26:24,492 - httpcore.http11 - DEBUG - send_request_headers.started request=<Request [b'POST']>
2025-06-23 05:26:24,493 - httpcore.http11 - DEBUG - send_request_headers.complete
2025-06-23 05:26:24,493 - httpcore.http11 - DEBUG - send_request_body.started request=<Request [b'POST']>
2025-06-23 05:26:24,493 - httpcore.http11 - DEBUG - send_request_body.complete
2025-06-23 05:26:24,495 - httpcore.http11 - DEBUG - receive_response_headers.started request=<Request [b'POST']>
2025-06-23 05:26:24,599 - httpcore.http11 - DEBUG - receive_response_headers.complete return_value=(b'HTTP/1.1', 200, b'OK', [(b'Server', b'nginx/1.18.0'), (b'Date', b'Mon, 23 Jun 2025 04:26:26 GMT'), (b'Content-Type', b'application/json'), (b'Content-Length', b'356'), (b'Connection', b'keep-alive'), (b'Strict-Transport-Security', b'max-age=31536000; includeSubDomains; preload'), (b'Access-Control-Allow-Origin', b'*'), (b'Access-Control-Allow-Methods', b'GET, POST, OPTIONS'), (b'Access-Control-Expose-Headers', b'Content-Length,Content-Type,Date,Server,Connection')])
2025-06-23 05:26:24,600 - httpx - INFO - HTTP Request: POST https://api.telegram.org/bot7707158318:AAE8rWa4Q8Z_3avql6K0HAmXaooZAReoNF0/getUpdates "HTTP/1.1 200 OK"
2025-06-23 05:26:24,600 - httpcore.http11 - DEBUG - receive_response_body.started request=<Request [b'POST']>
2025-06-23 05:26:24,601 - httpcore.http11 - DEBUG - receive_response_body.complete
2025-06-23 05:26:24,601 - httpcore.http11 - DEBUG - response_closed.started
2025-06-23 05:26:24,601 - httpcore.http11 - DEBUG - response_closed.complete
2025-06-23 05:26:24,601 - telegram.ext.ExtBot - DEBUG - Getting updates: [37530068]
2025-06-23 05:26:24,604 - telegram.ext.ExtBot - DEBUG - (Update(message=Message(channel_chat_created=False, chat=Chat(first_name='Ghost', id=7049055170, last_name='Number1', type=<ChatType.PRIVATE>), date=datetime.datetime(2025, 6, 23, 4, 26, 26, tzinfo=<UTC>), delete_chat_photo=False, entities=(MessageEntity(length=5, offset=0, type=<MessageEntityType.BOT_COMMAND>),), from_user=User(first_name='Ghost', id=7049055170, is_bot=False, language_code='en', last_name='Number1'), group_chat_created=False, message_id=5948, supergroup_chat_created=False, text='/menu'), update_id=37530068),)
2025-06-23 05:26:24,604 - telegram.ext.ExtBot - DEBUG - Exiting: get_updates
2025-06-23 05:26:24,604 - telegram.ext.ExtBot - DEBUG - Entering: get_updates
2025-06-23 05:26:24,604 - telegram.ext.Application - DEBUG - Processing update Update(message=Message(channel_chat_created=False, chat=Chat(first_name='Ghost', id=7049055170, last_name='Number1', type=<ChatType.PRIVATE>), date=datetime.datetime(2025, 6, 23, 4, 26, 26, tzinfo=<UTC>), delete_chat_photo=False, entities=(MessageEntity(length=5, offset=0, type=<MessageEntityType.BOT_COMMAND>),), from_user=User(first_name='Ghost', id=7049055170, is_bot=False, language_code='en', last_name='Number1'), group_chat_created=False, message_id=5948, supergroup_chat_created=False, text='/menu'), update_id=37530068)
2025-06-23 05:26:24,609 - telegram.ext.ExtBot - DEBUG - Entering: send_message
2025-06-23 05:26:24,609 - httpcore.connection - DEBUG - close.started
2025-06-23 05:26:24,612 - httpcore.connection - DEBUG - close.complete
2025-06-23 05:26:24,612 - httpcore.http11 - DEBUG - send_request_headers.started request=<Request [b'POST']>
2025-06-23 05:26:24,612 - httpcore.connection - DEBUG - connect_tcp.started host='api.telegram.org' port=443 local_address=None timeout=5.0 socket_options=None
2025-06-23 05:26:24,615 - httpcore.http11 - DEBUG - send_request_headers.complete
2025-06-23 05:26:24,615 - httpcore.http11 - DEBUG - send_request_body.started request=<Request [b'POST']>
2025-06-23 05:26:24,616 - httpcore.http11 - DEBUG - send_request_body.complete
2025-06-23 05:26:24,617 - httpcore.http11 - DEBUG - receive_response_headers.started request=<Request [b'POST']>
2025-06-23 05:26:24,695 - httpcore.connection - DEBUG - connect_tcp.complete return_value=<httpcore._backends.anyio.AnyIOStream object at 0x0000024B2C4BF520>
2025-06-23 05:26:24,695 - httpcore.connection - DEBUG - start_tls.started ssl_context=<ssl.SSLContext object at 0x0000024B2B3F9AC0> server_hostname='api.telegram.org' timeout=5.0
2025-06-23 05:26:24,793 - httpcore.connection - DEBUG - start_tls.complete return_value=<httpcore._backends.anyio.AnyIOStream object at 0x0000024B2C4BF880>
2025-06-23 05:26:24,793 - httpcore.http11 - DEBUG - send_request_headers.started request=<Request [b'POST']>
2025-06-23 05:26:24,795 - httpcore.http11 - DEBUG - send_request_headers.complete
2025-06-23 05:26:24,796 - httpcore.http11 - DEBUG - send_request_body.started request=<Request [b'POST']>
2025-06-23 05:26:24,796 - httpcore.http11 - DEBUG - send_request_body.complete
2025-06-23 05:26:24,796 - httpcore.http11 - DEBUG - receive_response_headers.started request=<Request [b'POST']>
2025-06-23 05:26:24,894 - httpcore.http11 - DEBUG - receive_response_headers.complete return_value=(b'HTTP/1.1', 200, b'OK', [(b'Server', b'nginx/1.18.0'), (b'Date', b'Mon, 23 Jun 2025 04:26:27 GMT'), (b'Content-Type', b'application/json'), (b'Content-Length', b'569'), (b'Connection', b'keep-alive'), (b'Strict-Transport-Security', b'max-age=31536000; includeSubDomains; preload'), (b'Access-Control-Allow-Origin', b'*'), (b'Access-Control-Allow-Methods', b'GET, POST, OPTIONS'), (b'Access-Control-Expose-Headers', b'Content-Length,Content-Type,Date,Server,Connection')])
2025-06-23 05:26:24,894 - httpx - INFO - HTTP Request: POST https://api.telegram.org/bot7707158318:AAE8rWa4Q8Z_3avql6K0HAmXaooZAReoNF0/sendMessage "HTTP/1.1 200 OK"
2025-06-23 05:26:24,894 - httpcore.http11 - DEBUG - receive_response_body.started request=<Request [b'POST']>
2025-06-23 05:26:24,894 - httpcore.http11 - DEBUG - receive_response_body.complete
2025-06-23 05:26:24,894 - httpcore.http11 - DEBUG - response_closed.started
2025-06-23 05:26:24,894 - httpcore.http11 - DEBUG - response_closed.complete
2025-06-23 05:26:24,894 - telegram.ext.ExtBot - DEBUG - Message(channel_chat_created=False, chat=Chat(first_name='Ghost', id=7049055170, last_name='Number1', type=<ChatType.PRIVATE>), date=datetime.datetime(2025, 6, 23, 4, 26, 27, tzinfo=<UTC>), delete_chat_photo=False, from_user=User(first_name='SPRD', id=7707158318, is_bot=True, username='tizi91Bot'), group_chat_created=False, message_id=5949, reply_markup=InlineKeyboardMarkup(inline_keyboard=((InlineKeyboardButton(callback_data='start_sniperx', text='🚀 Start SniperX'),), (InlineKeyboardButton(callback_data='stop_sniperx', text='🛑 Stop SniperX'), InlineKeyboardButton(callback_data='status_sniperx', text='📊 Status')), (InlineKeyboardButton(callback_data='show_balance', text='💰 Balance'),))), supergroup_chat_created=False, text='SniperX Bot Control Panel:')
2025-06-23 05:26:24,894 - telegram.ext.ExtBot - DEBUG - Exiting: send_message
2025-06-23 05:26:26,488 - httpcore.http11 - DEBUG - receive_response_headers.complete return_value=(b'HTTP/1.1', 200, b'OK', [(b'Server', b'nginx/1.18.0'), (b'Date', b'Mon, 23 Jun 2025 04:26:28 GMT'), (b'Content-Type', b'application/json'), (b'Content-Length', b'817'), (b'Connection', b'keep-alive'), (b'Strict-Transport-Security', b'max-age=31536000; includeSubDomains; preload'), (b'Access-Control-Allow-Origin', b'*'), (b'Access-Control-Allow-Methods', b'GET, POST, OPTIONS'), (b'Access-Control-Expose-Headers', b'Content-Length,Content-Type,Date,Server,Connection')])
2025-06-23 05:26:26,488 - httpx - INFO - HTTP Request: POST https://api.telegram.org/bot7707158318:AAE8rWa4Q8Z_3avql6K0HAmXaooZAReoNF0/getUpdates "HTTP/1.1 200 OK"
2025-06-23 05:26:26,488 - httpcore.http11 - DEBUG - receive_response_body.started request=<Request [b'POST']>
2025-06-23 05:26:26,491 - httpcore.http11 - DEBUG - receive_response_body.complete
2025-06-23 05:26:26,491 - httpcore.http11 - DEBUG - response_closed.started
2025-06-23 05:26:26,491 - httpcore.http11 - DEBUG - response_closed.complete
2025-06-23 05:26:26,491 - telegram.ext.ExtBot - DEBUG - Getting updates: [37530069]
2025-06-23 05:26:26,493 - telegram.ext.ExtBot - DEBUG - (Update(callback_query=CallbackQuery(chat_instance='-1307310250263184334', data='start_sniperx', from_user=User(first_name='Ghost', id=7049055170, is_bot=False, language_code='en', last_name='Number1'), id='2605345314519172635', message=Message(channel_chat_created=False, chat=Chat(first_name='Ghost', id=7049055170, last_name='Number1', type=<ChatType.PRIVATE>), date=datetime.datetime(2025, 6, 23, 4, 26, 27, tzinfo=<UTC>), delete_chat_photo=False, from_user=User(first_name='SPRD', id=7707158318, is_bot=True, username='tizi91Bot'), group_chat_created=False, message_id=5949, reply_markup=InlineKeyboardMarkup(inline_keyboard=((InlineKeyboardButton(callback_data='start_sniperx', text='🚀 Start SniperX'),), (InlineKeyboardButton(callback_data='stop_sniperx', text='🛑 Stop SniperX'), InlineKeyboardButton(callback_data='status_sniperx', text='📊 Status')), (InlineKeyboardButton(callback_data='show_balance', text='💰 Balance'),))), supergroup_chat_created=False, text='SniperX Bot Control Panel:')), update_id=37530069),)
2025-06-23 05:26:26,494 - telegram.ext.ExtBot - DEBUG - Exiting: get_updates
2025-06-23 05:26:26,494 - telegram.ext.ExtBot - DEBUG - Entering: get_updates
2025-06-23 05:26:26,494 - telegram.ext.Application - DEBUG - Processing update Update(callback_query=CallbackQuery(chat_instance='-1307310250263184334', data='start_sniperx', from_user=User(first_name='Ghost', id=7049055170, is_bot=False, language_code='en', last_name='Number1'), id='2605345314519172635', message=Message(channel_chat_created=False, chat=Chat(first_name='Ghost', id=7049055170, last_name='Number1', type=<ChatType.PRIVATE>), date=datetime.datetime(2025, 6, 23, 4, 26, 27, tzinfo=<UTC>), delete_chat_photo=False, from_user=User(first_name='SPRD', id=7707158318, is_bot=True, username='tizi91Bot'), group_chat_created=False, message_id=5949, reply_markup=InlineKeyboardMarkup(inline_keyboard=((InlineKeyboardButton(callback_data='start_sniperx', text='🚀 Start SniperX'),), (InlineKeyboardButton(callback_data='stop_sniperx', text='🛑 Stop SniperX'), InlineKeyboardButton(callback_data='status_sniperx', text='📊 Status')), (InlineKeyboardButton(callback_data='show_balance', text='💰 Balance'),))), supergroup_chat_created=False, text='SniperX Bot Control Panel:')), update_id=37530069)
2025-06-23 05:26:26,494 - __main__ - INFO - Button callback received: Update(callback_query=CallbackQuery(chat_instance='-1307310250263184334', data='start_sniperx', from_user=User(first_name='Ghost', id=7049055170, is_bot=False, language_code='en', last_name='Number1'), id='2605345314519172635', message=Message(channel_chat_created=False, chat=Chat(first_name='Ghost', id=7049055170, last_name='Number1', type=<ChatType.PRIVATE>), date=datetime.datetime(2025, 6, 23, 4, 26, 27, tzinfo=<UTC>), delete_chat_photo=False, from_user=User(first_name='SPRD', id=7707158318, is_bot=True, username='tizi91Bot'), group_chat_created=False, message_id=5949, reply_markup=InlineKeyboardMarkup(inline_keyboard=((InlineKeyboardButton(callback_data='start_sniperx', text='🚀 Start SniperX'),), (InlineKeyboardButton(callback_data='stop_sniperx', text='🛑 Stop SniperX'), InlineKeyboardButton(callback_data='status_sniperx', text='📊 Status')), (InlineKeyboardButton(callback_data='show_balance', text='💰 Balance'),))), supergroup_chat_created=False, text='SniperX Bot Control Panel:')), update_id=37530069)
2025-06-23 05:26:26,501 - telegram.ext.ExtBot - DEBUG - Entering: answer_callback_query
2025-06-23 05:26:26,507 - httpcore.http11 - DEBUG - send_request_headers.started request=<Request [b'POST']>
2025-06-23 05:26:26,508 - httpcore.http11 - DEBUG - send_request_headers.started request=<Request [b'POST']>
2025-06-23 05:26:26,509 - httpcore.http11 - DEBUG - send_request_headers.complete
2025-06-23 05:26:26,510 - httpcore.http11 - DEBUG - send_request_body.started request=<Request [b'POST']>
2025-06-23 05:26:26,510 - httpcore.http11 - DEBUG - send_request_headers.complete
2025-06-23 05:26:26,510 - httpcore.http11 - DEBUG - send_request_body.started request=<Request [b'POST']>
2025-06-23 05:26:26,510 - httpcore.http11 - DEBUG - send_request_body.complete
2025-06-23 05:26:26,511 - httpcore.http11 - DEBUG - receive_response_headers.started request=<Request [b'POST']>
2025-06-23 05:26:26,511 - httpcore.http11 - DEBUG - send_request_body.complete
2025-06-23 05:26:26,511 - httpcore.http11 - DEBUG - receive_response_headers.started request=<Request [b'POST']>
2025-06-23 05:26:26,623 - httpcore.http11 - DEBUG - receive_response_headers.complete return_value=(b'HTTP/1.1', 200, b'OK', [(b'Server', b'nginx/1.18.0'), (b'Date', b'Mon, 23 Jun 2025 04:26:28 GMT'), (b'Content-Type', b'application/json'), (b'Content-Length', b'25'), (b'Connection', b'keep-alive'), (b'Strict-Transport-Security', b'max-age=31536000; includeSubDomains; preload'), (b'Access-Control-Allow-Origin', b'*'), (b'Access-Control-Allow-Methods', b'GET, POST, OPTIONS'), (b'Access-Control-Expose-Headers', b'Content-Length,Content-Type,Date,Server,Connection')])
2025-06-23 05:26:26,624 - httpx - INFO - HTTP Request: POST https://api.telegram.org/bot7707158318:AAE8rWa4Q8Z_3avql6K0HAmXaooZAReoNF0/answerCallbackQuery "HTTP/1.1 200 OK"
2025-06-23 05:26:26,624 - httpcore.http11 - DEBUG - receive_response_body.started request=<Request [b'POST']>
2025-06-23 05:26:26,624 - httpcore.http11 - DEBUG - receive_response_body.complete
2025-06-23 05:26:26,624 - httpcore.http11 - DEBUG - response_closed.started
2025-06-23 05:26:26,627 - httpcore.http11 - DEBUG - response_closed.complete
2025-06-23 05:26:26,627 - telegram.ext.ExtBot - DEBUG - True
2025-06-23 05:26:26,627 - telegram.ext.ExtBot - DEBUG - Exiting: answer_callback_query
2025-06-23 05:26:26,627 - __main__ - INFO - Processing action: start_sniperx
2025-06-23 05:26:26,633 - telegram.ext.ExtBot - DEBUG - Entering: send_message
2025-06-23 05:26:26,638 - httpcore.http11 - DEBUG - send_request_headers.started request=<Request [b'POST']>
2025-06-23 05:26:26,640 - httpcore.http11 - DEBUG - send_request_headers.complete
2025-06-23 05:26:26,640 - httpcore.http11 - DEBUG - send_request_body.started request=<Request [b'POST']>
2025-06-23 05:26:26,641 - httpcore.http11 - DEBUG - send_request_body.complete
2025-06-23 05:26:26,641 - httpcore.http11 - DEBUG - receive_response_headers.started request=<Request [b'POST']>
2025-06-23 05:26:26,734 - httpcore.http11 - DEBUG - receive_response_headers.complete return_value=(b'HTTP/1.1', 200, b'OK', [(b'Server', b'nginx/1.18.0'), (b'Date', b'Mon, 23 Jun 2025 04:26:29 GMT'), (b'Content-Type', b'application/json'), (b'Content-Length', b'261'), (b'Connection', b'keep-alive'), (b'Strict-Transport-Security', b'max-age=31536000; includeSubDomains; preload'), (b'Access-Control-Allow-Origin', b'*'), (b'Access-Control-Allow-Methods', b'GET, POST, OPTIONS'), (b'Access-Control-Expose-Headers', b'Content-Length,Content-Type,Date,Server,Connection')])
2025-06-23 05:26:26,735 - httpx - INFO - HTTP Request: POST https://api.telegram.org/bot7707158318:AAE8rWa4Q8Z_3avql6K0HAmXaooZAReoNF0/sendMessage "HTTP/1.1 200 OK"
2025-06-23 05:26:26,737 - httpcore.http11 - DEBUG - receive_response_body.started request=<Request [b'POST']>
2025-06-23 05:26:26,737 - httpcore.http11 - DEBUG - receive_response_body.complete
2025-06-23 05:26:26,737 - httpcore.http11 - DEBUG - response_closed.started
2025-06-23 05:26:26,738 - httpcore.http11 - DEBUG - response_closed.complete
2025-06-23 05:26:26,740 - telegram.ext.ExtBot - DEBUG - Message(channel_chat_created=False, chat=Chat(first_name='Ghost', id=7049055170, last_name='Number1', type=<ChatType.PRIVATE>), date=datetime.datetime(2025, 6, 23, 4, 26, 29, tzinfo=<UTC>), delete_chat_photo=False, from_user=User(first_name='SPRD', id=7707158318, is_bot=True, username='tizi91Bot'), group_chat_created=False, message_id=5950, supergroup_chat_created=False, text='Starting wallet manager...')
2025-06-23 05:26:26,741 - telegram.ext.ExtBot - DEBUG - Exiting: send_message
2025-06-23 05:26:28,843 - telegram.ext.ExtBot - DEBUG - Entering: send_message
2025-06-23 05:26:28,848 - httpcore.http11 - DEBUG - send_request_headers.started request=<Request [b'POST']>
2025-06-23 05:26:28,849 - httpcore.http11 - DEBUG - send_request_headers.complete
2025-06-23 05:26:28,849 - httpcore.http11 - DEBUG - send_request_body.started request=<Request [b'POST']>
2025-06-23 05:26:28,851 - httpcore.http11 - DEBUG - send_request_body.complete
2025-06-23 05:26:28,851 - httpcore.http11 - DEBUG - receive_response_headers.started request=<Request [b'POST']>
2025-06-23 05:26:28,949 - httpcore.http11 - DEBUG - receive_response_headers.complete return_value=(b'HTTP/1.1', 200, b'OK', [(b'Server', b'nginx/1.18.0'), (b'Date', b'Mon, 23 Jun 2025 04:26:31 GMT'), (b'Content-Type', b'application/json'), (b'Content-Length', b'321'), (b'Connection', b'keep-alive'), (b'Strict-Transport-Security', b'max-age=31536000; includeSubDomains; preload'), (b'Access-Control-Allow-Origin', b'*'), (b'Access-Control-Allow-Methods', b'GET, POST, OPTIONS'), (b'Access-Control-Expose-Headers', b'Content-Length,Content-Type,Date,Server,Connection')])
2025-06-23 05:26:28,950 - httpx - INFO - HTTP Request: POST https://api.telegram.org/bot7707158318:AAE8rWa4Q8Z_3avql6K0HAmXaooZAReoNF0/sendMessage "HTTP/1.1 200 OK"
2025-06-23 05:26:28,950 - httpcore.http11 - DEBUG - receive_response_body.started request=<Request [b'POST']>
2025-06-23 05:26:28,952 - httpcore.http11 - DEBUG - receive_response_body.complete
2025-06-23 05:26:28,952 - httpcore.http11 - DEBUG - response_closed.started
2025-06-23 05:26:28,952 - httpcore.http11 - DEBUG - response_closed.complete
2025-06-23 05:26:28,953 - telegram.ext.ExtBot - DEBUG - Message(channel_chat_created=False, chat=Chat(first_name='Ghost', id=7049055170, last_name='Number1', type=<ChatType.PRIVATE>), date=datetime.datetime(2025, 6, 23, 4, 26, 31, tzinfo=<UTC>), delete_chat_photo=False, entities=(MessageEntity(length=5, offset=8, type=<MessageEntityType.URL>),), from_user=User(first_name='SPRD', id=7707158318, is_bot=True, username='tizi91Bot'), group_chat_created=False, message_id=5951, supergroup_chat_created=False, text='SniperX V2.py started with PID 5352.')
2025-06-23 05:26:28,953 - telegram.ext.ExtBot - DEBUG - Exiting: send_message
2025-06-23 05:26:28,954 - __main__ - INFO - SniperX V2.py started with PID 5352 by user tizi91Bot
2025-06-23 05:26:28,954 - telegram.ext.ExtBot - DEBUG - Entering: edit_message_text
2025-06-23 05:26:28,954 - httpcore.http11 - DEBUG - send_request_headers.started request=<Request [b'POST']>
2025-06-23 05:26:28,954 - httpcore.http11 - DEBUG - send_request_headers.complete
2025-06-23 05:26:28,954 - httpcore.http11 - DEBUG - send_request_body.started request=<Request [b'POST']>
2025-06-23 05:26:28,954 - httpcore.http11 - DEBUG - send_request_body.complete
2025-06-23 05:26:28,954 - httpcore.http11 - DEBUG - receive_response_headers.started request=<Request [b'POST']>
2025-06-23 05:26:29,064 - httpcore.http11 - DEBUG - receive_response_headers.complete return_value=(b'HTTP/1.1', 400, b'Bad Request', [(b'Server', b'nginx/1.18.0'), (b'Date', b'Mon, 23 Jun 2025 04:26:31 GMT'), (b'Content-Type', b'application/json'), (b'Content-Length', b'204'), (b'Connection', b'keep-alive'), (b'Strict-Transport-Security', b'max-age=31536000; includeSubDomains; preload'), (b'Access-Control-Allow-Origin', b'*'), (b'Access-Control-Expose-Headers', b'Content-Length,Content-Type,Date,Server,Connection')])
2025-06-23 05:26:29,064 - httpx - INFO - HTTP Request: POST https://api.telegram.org/bot7707158318:AAE8rWa4Q8Z_3avql6K0HAmXaooZAReoNF0/editMessageText "HTTP/1.1 400 Bad Request"
2025-06-23 05:26:29,064 - httpcore.http11 - DEBUG - receive_response_body.started request=<Request [b'POST']>
2025-06-23 05:26:29,065 - httpcore.http11 - DEBUG - receive_response_body.complete
2025-06-23 05:26:29,065 - httpcore.http11 - DEBUG - response_closed.started
2025-06-23 05:26:29,065 - httpcore.http11 - DEBUG - response_closed.complete
2025-06-23 05:26:29,065 - __main__ - ERROR - Error showing menu: Message is not modified: specified new message content and reply markup are exactly the same as a current content and reply markup of the message
2025-06-23 05:26:29,066 - telegram.ext.ExtBot - DEBUG - Entering: send_message
2025-06-23 05:26:29,067 - httpcore.http11 - DEBUG - send_request_headers.started request=<Request [b'POST']>
2025-06-23 05:26:29,068 - httpcore.http11 - DEBUG - send_request_headers.complete
2025-06-23 05:26:29,068 - httpcore.http11 - DEBUG - send_request_body.started request=<Request [b'POST']>
2025-06-23 05:26:29,068 - httpcore.http11 - DEBUG - send_request_body.complete
2025-06-23 05:26:29,068 - httpcore.http11 - DEBUG - receive_response_headers.started request=<Request [b'POST']>
2025-06-23 05:26:29,192 - httpcore.http11 - DEBUG - receive_response_headers.complete return_value=(b'HTTP/1.1', 200, b'OK', [(b'Server', b'nginx/1.18.0'), (b'Date', b'Mon, 23 Jun 2025 04:26:31 GMT'), (b'Content-Type', b'application/json'), (b'Content-Length', b'569'), (b'Connection', b'keep-alive'), (b'Strict-Transport-Security', b'max-age=31536000; includeSubDomains; preload'), (b'Access-Control-Allow-Origin', b'*'), (b'Access-Control-Allow-Methods', b'GET, POST, OPTIONS'), (b'Access-Control-Expose-Headers', b'Content-Length,Content-Type,Date,Server,Connection')])
2025-06-23 05:26:29,193 - httpx - INFO - HTTP Request: POST https://api.telegram.org/bot7707158318:AAE8rWa4Q8Z_3avql6K0HAmXaooZAReoNF0/sendMessage "HTTP/1.1 200 OK"
2025-06-23 05:26:29,193 - httpcore.http11 - DEBUG - receive_response_body.started request=<Request [b'POST']>
2025-06-23 05:26:29,193 - httpcore.http11 - DEBUG - receive_response_body.complete
2025-06-23 05:26:29,194 - httpcore.http11 - DEBUG - response_closed.started
2025-06-23 05:26:29,194 - httpcore.http11 - DEBUG - response_closed.complete
2025-06-23 05:26:29,197 - telegram.ext.ExtBot - DEBUG - Message(channel_chat_created=False, chat=Chat(first_name='Ghost', id=7049055170, last_name='Number1', type=<ChatType.PRIVATE>), date=datetime.datetime(2025, 6, 23, 4, 26, 31, tzinfo=<UTC>), delete_chat_photo=False, from_user=User(first_name='SPRD', id=7707158318, is_bot=True, username='tizi91Bot'), group_chat_created=False, message_id=5952, reply_markup=InlineKeyboardMarkup(inline_keyboard=((InlineKeyboardButton(callback_data='start_sniperx', text='🚀 Start SniperX'),), (InlineKeyboardButton(callback_data='stop_sniperx', text='🛑 Stop SniperX'), InlineKeyboardButton(callback_data='status_sniperx', text='📊 Status')), (InlineKeyboardButton(callback_data='show_balance', text='💰 Balance'),))), supergroup_chat_created=False, text='SniperX Bot Control Panel:')
2025-06-23 05:26:29,199 - telegram.ext.ExtBot - DEBUG - Exiting: send_message
2025-06-23 05:26:36,588 - httpcore.http11 - DEBUG - receive_response_headers.complete return_value=(b'HTTP/1.1', 200, b'OK', [(b'Server', b'nginx/1.18.0'), (b'Date', b'Mon, 23 Jun 2025 04:26:38 GMT'), (b'Content-Type', b'application/json'), (b'Content-Length', b'23'), (b'Connection', b'keep-alive'), (b'Strict-Transport-Security', b'max-age=31536000; includeSubDomains; preload'), (b'Access-Control-Allow-Origin', b'*'), (b'Access-Control-Allow-Methods', b'GET, POST, OPTIONS'), (b'Access-Control-Expose-Headers', b'Content-Length,Content-Type,Date,Server,Connection')])
2025-06-23 05:26:36,589 - httpx - INFO - HTTP Request: POST https://api.telegram.org/bot7707158318:AAE8rWa4Q8Z_3avql6K0HAmXaooZAReoNF0/getUpdates "HTTP/1.1 200 OK"
2025-06-23 05:26:36,589 - httpcore.http11 - DEBUG - receive_response_body.started request=<Request [b'POST']>
2025-06-23 05:26:36,589 - httpcore.http11 - DEBUG - receive_response_body.complete
2025-06-23 05:26:36,590 - httpcore.http11 - DEBUG - response_closed.started
2025-06-23 05:26:36,590 - httpcore.http11 - DEBUG - response_closed.complete
2025-06-23 05:26:36,590 - telegram.ext.ExtBot - DEBUG - No new updates found.
2025-06-23 05:26:36,590 - telegram.ext.ExtBot - DEBUG - ()
2025-06-23 05:26:36,590 - telegram.ext.ExtBot - DEBUG - Exiting: get_updates
2025-06-23 05:26:36,590 - telegram.ext.ExtBot - DEBUG - Entering: get_updates
2025-06-23 05:26:36,591 - httpcore.http11 - DEBUG - send_request_headers.started request=<Request [b'POST']>
2025-06-23 05:26:36,592 - httpcore.http11 - DEBUG - send_request_headers.complete
2025-06-23 05:26:36,592 - httpcore.http11 - DEBUG - send_request_body.started request=<Request [b'POST']>
2025-06-23 05:26:36,592 - httpcore.http11 - DEBUG - send_request_body.complete
2025-06-23 05:26:36,592 - httpcore.http11 - DEBUG - receive_response_headers.started request=<Request [b'POST']>
2025-06-23 05:26:46,669 - httpcore.http11 - DEBUG - receive_response_headers.complete return_value=(b'HTTP/1.1', 200, b'OK', [(b'Server', b'nginx/1.18.0'), (b'Date', b'Mon, 23 Jun 2025 04:26:48 GMT'), (b'Content-Type', b'application/json'), (b'Content-Length', b'23'), (b'Connection', b'keep-alive'), (b'Strict-Transport-Security', b'max-age=31536000; includeSubDomains; preload'), (b'Access-Control-Allow-Origin', b'*'), (b'Access-Control-Allow-Methods', b'GET, POST, OPTIONS'), (b'Access-Control-Expose-Headers', b'Content-Length,Content-Type,Date,Server,Connection')])
2025-06-23 05:26:46,669 - httpx - INFO - HTTP Request: POST https://api.telegram.org/bot7707158318:AAE8rWa4Q8Z_3avql6K0HAmXaooZAReoNF0/getUpdates "HTTP/1.1 200 OK"
2025-06-23 05:26:46,671 - httpcore.http11 - DEBUG - receive_response_body.started request=<Request [b'POST']>
2025-06-23 05:26:46,671 - httpcore.http11 - DEBUG - receive_response_body.complete
2025-06-23 05:26:46,671 - httpcore.http11 - DEBUG - response_closed.started
2025-06-23 05:26:46,672 - httpcore.http11 - DEBUG - response_closed.complete
2025-06-23 05:26:46,673 - telegram.ext.ExtBot - DEBUG - No new updates found.
2025-06-23 05:26:46,674 - telegram.ext.ExtBot - DEBUG - ()
2025-06-23 05:26:46,674 - telegram.ext.ExtBot - DEBUG - Exiting: get_updates
2025-06-23 05:26:46,674 - telegram.ext.ExtBot - DEBUG - Entering: get_updates
2025-06-23 05:26:46,677 - httpcore.http11 - DEBUG - send_request_headers.started request=<Request [b'POST']>
2025-06-23 05:26:46,679 - httpcore.http11 - DEBUG - send_request_headers.complete
2025-06-23 05:26:46,679 - httpcore.http11 - DEBUG - send_request_body.started request=<Request [b'POST']>
2025-06-23 05:26:46,680 - httpcore.http11 - DEBUG - send_request_body.complete
2025-06-23 05:26:46,680 - httpcore.http11 - DEBUG - receive_response_headers.started request=<Request [b'POST']>
2025-06-23 05:26:56,764 - httpcore.http11 - DEBUG - receive_response_headers.complete return_value=(b'HTTP/1.1', 200, b'OK', [(b'Server', b'nginx/1.18.0'), (b'Date', b'Mon, 23 Jun 2025 04:26:59 GMT'), (b'Content-Type', b'application/json'), (b'Content-Length', b'23'), (b'Connection', b'keep-alive'), (b'Strict-Transport-Security', b'max-age=31536000; includeSubDomains; preload'), (b'Access-Control-Allow-Origin', b'*'), (b'Access-Control-Allow-Methods', b'GET, POST, OPTIONS'), (b'Access-Control-Expose-Headers', b'Content-Length,Content-Type,Date,Server,Connection')])
2025-06-23 05:26:56,765 - httpx - INFO - HTTP Request: POST https://api.telegram.org/bot7707158318:AAE8rWa4Q8Z_3avql6K0HAmXaooZAReoNF0/getUpdates "HTTP/1.1 200 OK"
2025-06-23 05:26:56,767 - httpcore.http11 - DEBUG - receive_response_body.started request=<Request [b'POST']>
2025-06-23 05:26:56,767 - httpcore.http11 - DEBUG - receive_response_body.complete
2025-06-23 05:26:56,767 - httpcore.http11 - DEBUG - response_closed.started
2025-06-23 05:26:56,767 - httpcore.http11 - DEBUG - response_closed.complete
2025-06-23 05:26:56,770 - telegram.ext.ExtBot - DEBUG - No new updates found.
2025-06-23 05:26:56,771 - telegram.ext.ExtBot - DEBUG - ()
2025-06-23 05:26:56,771 - telegram.ext.ExtBot - DEBUG - Exiting: get_updates
2025-06-23 05:26:56,771 - telegram.ext.ExtBot - DEBUG - Entering: get_updates
2025-06-23 05:26:56,772 - httpcore.http11 - DEBUG - send_request_headers.started request=<Request [b'POST']>
2025-06-23 05:26:56,774 - httpcore.http11 - DEBUG - send_request_headers.complete
2025-06-23 05:26:56,774 - httpcore.http11 - DEBUG - send_request_body.started request=<Request [b'POST']>
2025-06-23 05:26:56,775 - httpcore.http11 - DEBUG - send_request_body.complete
2025-06-23 05:26:56,775 - httpcore.http11 - DEBUG - receive_response_headers.started request=<Request [b'POST']>
2025-06-23 05:27:06,851 - httpcore.http11 - DEBUG - receive_response_headers.complete return_value=(b'HTTP/1.1', 200, b'OK', [(b'Server', b'nginx/1.18.0'), (b'Date', b'Mon, 23 Jun 2025 04:27:09 GMT'), (b'Content-Type', b'application/json'), (b'Content-Length', b'23'), (b'Connection', b'keep-alive'), (b'Strict-Transport-Security', b'max-age=31536000; includeSubDomains; preload'), (b'Access-Control-Allow-Origin', b'*'), (b'Access-Control-Allow-Methods', b'GET, POST, OPTIONS'), (b'Access-Control-Expose-Headers', b'Content-Length,Content-Type,Date,Server,Connection')])
2025-06-23 05:27:06,851 - httpx - INFO - HTTP Request: POST https://api.telegram.org/bot7707158318:AAE8rWa4Q8Z_3avql6K0HAmXaooZAReoNF0/getUpdates "HTTP/1.1 200 OK"
2025-06-23 05:27:06,852 - httpcore.http11 - DEBUG - receive_response_body.started request=<Request [b'POST']>
2025-06-23 05:27:06,852 - httpcore.http11 - DEBUG - receive_response_body.complete
2025-06-23 05:27:06,852 - httpcore.http11 - DEBUG - response_closed.started
2025-06-23 05:27:06,852 - httpcore.http11 - DEBUG - response_closed.complete
2025-06-23 05:27:06,852 - telegram.ext.ExtBot - DEBUG - No new updates found.
2025-06-23 05:27:06,852 - telegram.ext.ExtBot - DEBUG - ()
2025-06-23 05:27:06,852 - telegram.ext.ExtBot - DEBUG - Exiting: get_updates
2025-06-23 05:27:06,852 - telegram.ext.ExtBot - DEBUG - Entering: get_updates
2025-06-23 05:27:06,854 - httpcore.http11 - DEBUG - send_request_headers.started request=<Request [b'POST']>
2025-06-23 05:27:06,855 - httpcore.http11 - DEBUG - send_request_headers.complete
2025-06-23 05:27:06,855 - httpcore.http11 - DEBUG - send_request_body.started request=<Request [b'POST']>
2025-06-23 05:27:06,855 - httpcore.http11 - DEBUG - send_request_body.complete
2025-06-23 05:27:06,855 - httpcore.http11 - DEBUG - receive_response_headers.started request=<Request [b'POST']>
2025-06-23 05:27:16,942 - httpcore.http11 - DEBUG - receive_response_headers.complete return_value=(b'HTTP/1.1', 200, b'OK', [(b'Server', b'nginx/1.18.0'), (b'Date', b'Mon, 23 Jun 2025 04:27:19 GMT'), (b'Content-Type', b'application/json'), (b'Content-Length', b'23'), (b'Connection', b'keep-alive'), (b'Strict-Transport-Security', b'max-age=31536000; includeSubDomains; preload'), (b'Access-Control-Allow-Origin', b'*'), (b'Access-Control-Allow-Methods', b'GET, POST, OPTIONS'), (b'Access-Control-Expose-Headers', b'Content-Length,Content-Type,Date,Server,Connection')])
2025-06-23 05:27:16,943 - httpx - INFO - HTTP Request: POST https://api.telegram.org/bot7707158318:AAE8rWa4Q8Z_3avql6K0HAmXaooZAReoNF0/getUpdates "HTTP/1.1 200 OK"
2025-06-23 05:27:16,943 - httpcore.http11 - DEBUG - receive_response_body.started request=<Request [b'POST']>
2025-06-23 05:27:16,943 - httpcore.http11 - DEBUG - receive_response_body.complete
2025-06-23 05:27:16,943 - httpcore.http11 - DEBUG - response_closed.started
2025-06-23 05:27:16,943 - httpcore.http11 - DEBUG - response_closed.complete
2025-06-23 05:27:16,946 - telegram.ext.ExtBot - DEBUG - No new updates found.
2025-06-23 05:27:16,946 - telegram.ext.ExtBot - DEBUG - ()
2025-06-23 05:27:16,946 - telegram.ext.ExtBot - DEBUG - Exiting: get_updates
2025-06-23 05:27:16,946 - telegram.ext.ExtBot - DEBUG - Entering: get_updates
2025-06-23 05:27:16,946 - httpcore.http11 - DEBUG - send_request_headers.started request=<Request [b'POST']>
2025-06-23 05:27:16,946 - httpcore.http11 - DEBUG - send_request_headers.complete
2025-06-23 05:27:16,946 - httpcore.http11 - DEBUG - send_request_body.started request=<Request [b'POST']>
2025-06-23 05:27:16,948 - httpcore.http11 - DEBUG - send_request_body.complete
2025-06-23 05:27:16,948 - httpcore.http11 - DEBUG - receive_response_headers.started request=<Request [b'POST']>
2025-06-23 05:27:27,028 - httpcore.http11 - DEBUG - receive_response_headers.complete return_value=(b'HTTP/1.1', 200, b'OK', [(b'Server', b'nginx/1.18.0'), (b'Date', b'Mon, 23 Jun 2025 04:27:29 GMT'), (b'Content-Type', b'application/json'), (b'Content-Length', b'23'), (b'Connection', b'keep-alive'), (b'Strict-Transport-Security', b'max-age=31536000; includeSubDomains; preload'), (b'Access-Control-Allow-Origin', b'*'), (b'Access-Control-Allow-Methods', b'GET, POST, OPTIONS'), (b'Access-Control-Expose-Headers', b'Content-Length,Content-Type,Date,Server,Connection')])
2025-06-23 05:27:27,031 - httpx - INFO - HTTP Request: POST https://api.telegram.org/bot7707158318:AAE8rWa4Q8Z_3avql6K0HAmXaooZAReoNF0/getUpdates "HTTP/1.1 200 OK"
2025-06-23 05:27:27,031 - httpcore.http11 - DEBUG - receive_response_body.started request=<Request [b'POST']>
2025-06-23 05:27:27,031 - httpcore.http11 - DEBUG - receive_response_body.complete
2025-06-23 05:27:27,031 - httpcore.http11 - DEBUG - response_closed.started
2025-06-23 05:27:27,031 - httpcore.http11 - DEBUG - response_closed.complete
2025-06-23 05:27:27,031 - telegram.ext.ExtBot - DEBUG - No new updates found.
2025-06-23 05:27:27,031 - telegram.ext.ExtBot - DEBUG - ()
2025-06-23 05:27:27,031 - telegram.ext.ExtBot - DEBUG - Exiting: get_updates
2025-06-23 05:27:27,031 - telegram.ext.ExtBot - DEBUG - Entering: get_updates
2025-06-23 05:27:27,037 - httpcore.http11 - DEBUG - send_request_headers.started request=<Request [b'POST']>
2025-06-23 05:27:27,037 - httpcore.http11 - DEBUG - send_request_headers.complete
2025-06-23 05:27:27,038 - httpcore.http11 - DEBUG - send_request_body.started request=<Request [b'POST']>
2025-06-23 05:27:27,038 - httpcore.http11 - DEBUG - send_request_body.complete
2025-06-23 05:27:27,038 - httpcore.http11 - DEBUG - receive_response_headers.started request=<Request [b'POST']>
2025-06-23 05:27:37,131 - httpcore.http11 - DEBUG - receive_response_headers.complete return_value=(b'HTTP/1.1', 200, b'OK', [(b'Server', b'nginx/1.18.0'), (b'Date', b'Mon, 23 Jun 2025 04:27:39 GMT'), (b'Content-Type', b'application/json'), (b'Content-Length', b'23'), (b'Connection', b'keep-alive'), (b'Strict-Transport-Security', b'max-age=31536000; includeSubDomains; preload'), (b'Access-Control-Allow-Origin', b'*'), (b'Access-Control-Allow-Methods', b'GET, POST, OPTIONS'), (b'Access-Control-Expose-Headers', b'Content-Length,Content-Type,Date,Server,Connection')])
2025-06-23 05:27:37,131 - httpx - INFO - HTTP Request: POST https://api.telegram.org/bot7707158318:AAE8rWa4Q8Z_3avql6K0HAmXaooZAReoNF0/getUpdates "HTTP/1.1 200 OK"
2025-06-23 05:27:37,132 - httpcore.http11 - DEBUG - receive_response_body.started request=<Request [b'POST']>
2025-06-23 05:27:37,133 - httpcore.http11 - DEBUG - receive_response_body.complete
2025-06-23 05:27:37,133 - httpcore.http11 - DEBUG - response_closed.started
2025-06-23 05:27:37,133 - httpcore.http11 - DEBUG - response_closed.complete
2025-06-23 05:27:37,133 - telegram.ext.ExtBot - DEBUG - No new updates found.
2025-06-23 05:27:37,134 - telegram.ext.ExtBot - DEBUG - ()
2025-06-23 05:27:37,134 - telegram.ext.ExtBot - DEBUG - Exiting: get_updates
2025-06-23 05:27:37,134 - telegram.ext.ExtBot - DEBUG - Entering: get_updates
2025-06-23 05:27:37,135 - httpcore.http11 - DEBUG - send_request_headers.started request=<Request [b'POST']>
2025-06-23 05:27:37,135 - httpcore.http11 - DEBUG - send_request_headers.complete
2025-06-23 05:27:37,135 - httpcore.http11 - DEBUG - send_request_body.started request=<Request [b'POST']>
2025-06-23 05:27:37,135 - httpcore.http11 - DEBUG - send_request_body.complete
2025-06-23 05:27:37,135 - httpcore.http11 - DEBUG - receive_response_headers.started request=<Request [b'POST']>
2025-06-23 05:27:47,216 - httpcore.http11 - DEBUG - receive_response_headers.complete return_value=(b'HTTP/1.1', 200, b'OK', [(b'Server', b'nginx/1.18.0'), (b'Date', b'Mon, 23 Jun 2025 04:27:49 GMT'), (b'Content-Type', b'application/json'), (b'Content-Length', b'23'), (b'Connection', b'keep-alive'), (b'Strict-Transport-Security', b'max-age=31536000; includeSubDomains; preload'), (b'Access-Control-Allow-Origin', b'*'), (b'Access-Control-Allow-Methods', b'GET, POST, OPTIONS'), (b'Access-Control-Expose-Headers', b'Content-Length,Content-Type,Date,Server,Connection')])
2025-06-23 05:27:47,217 - httpx - INFO - HTTP Request: POST https://api.telegram.org/bot7707158318:AAE8rWa4Q8Z_3avql6K0HAmXaooZAReoNF0/getUpdates "HTTP/1.1 200 OK"
2025-06-23 05:27:47,217 - httpcore.http11 - DEBUG - receive_response_body.started request=<Request [b'POST']>
2025-06-23 05:27:47,217 - httpcore.http11 - DEBUG - receive_response_body.complete
2025-06-23 05:27:47,217 - httpcore.http11 - DEBUG - response_closed.started
2025-06-23 05:27:47,217 - httpcore.http11 - DEBUG - response_closed.complete
2025-06-23 05:27:47,217 - telegram.ext.ExtBot - DEBUG - No new updates found.
2025-06-23 05:27:47,217 - telegram.ext.ExtBot - DEBUG - ()
2025-06-23 05:27:47,217 - telegram.ext.ExtBot - DEBUG - Exiting: get_updates
2025-06-23 05:27:47,217 - telegram.ext.ExtBot - DEBUG - Entering: get_updates
2025-06-23 05:27:47,219 - httpcore.http11 - DEBUG - send_request_headers.started request=<Request [b'POST']>
2025-06-23 05:27:47,219 - httpcore.http11 - DEBUG - send_request_headers.complete
2025-06-23 05:27:47,220 - httpcore.http11 - DEBUG - send_request_body.started request=<Request [b'POST']>
2025-06-23 05:27:47,221 - httpcore.http11 - DEBUG - send_request_body.complete
2025-06-23 05:27:47,221 - httpcore.http11 - DEBUG - receive_response_headers.started request=<Request [b'POST']>
2025-06-23 05:27:57,304 - httpcore.http11 - DEBUG - receive_response_headers.complete return_value=(b'HTTP/1.1', 200, b'OK', [(b'Server', b'nginx/1.18.0'), (b'Date', b'Mon, 23 Jun 2025 04:27:59 GMT'), (b'Content-Type', b'application/json'), (b'Content-Length', b'23'), (b'Connection', b'keep-alive'), (b'Strict-Transport-Security', b'max-age=31536000; includeSubDomains; preload'), (b'Access-Control-Allow-Origin', b'*'), (b'Access-Control-Allow-Methods', b'GET, POST, OPTIONS'), (b'Access-Control-Expose-Headers', b'Content-Length,Content-Type,Date,Server,Connection')])
2025-06-23 05:27:57,304 - httpx - INFO - HTTP Request: POST https://api.telegram.org/bot7707158318:AAE8rWa4Q8Z_3avql6K0HAmXaooZAReoNF0/getUpdates "HTTP/1.1 200 OK"
2025-06-23 05:27:57,306 - httpcore.http11 - DEBUG - receive_response_body.started request=<Request [b'POST']>
2025-06-23 05:27:57,307 - httpcore.http11 - DEBUG - receive_response_body.complete
2025-06-23 05:27:57,308 - httpcore.http11 - DEBUG - response_closed.started
2025-06-23 05:27:57,308 - httpcore.http11 - DEBUG - response_closed.complete
2025-06-23 05:27:57,308 - telegram.ext.ExtBot - DEBUG - No new updates found.
2025-06-23 05:27:57,308 - telegram.ext.ExtBot - DEBUG - ()
2025-06-23 05:27:57,308 - telegram.ext.ExtBot - DEBUG - Exiting: get_updates
2025-06-23 05:27:57,308 - telegram.ext.ExtBot - DEBUG - Entering: get_updates
2025-06-23 05:27:57,311 - httpcore.http11 - DEBUG - send_request_headers.started request=<Request [b'POST']>
2025-06-23 05:27:57,313 - httpcore.http11 - DEBUG - send_request_headers.complete
2025-06-23 05:27:57,313 - httpcore.http11 - DEBUG - send_request_body.started request=<Request [b'POST']>
2025-06-23 05:27:57,313 - httpcore.http11 - DEBUG - send_request_body.complete
2025-06-23 05:27:57,313 - httpcore.http11 - DEBUG - receive_response_headers.started request=<Request [b'POST']>
2025-06-23 05:28:07,522 - httpcore.http11 - DEBUG - receive_response_headers.complete return_value=(b'HTTP/1.1', 200, b'OK', [(b'Server', b'nginx/1.18.0'), (b'Date', b'Mon, 23 Jun 2025 04:28:09 GMT'), (b'Content-Type', b'application/json'), (b'Content-Length', b'23'), (b'Connection', b'keep-alive'), (b'Strict-Transport-Security', b'max-age=31536000; includeSubDomains; preload'), (b'Access-Control-Allow-Origin', b'*'), (b'Access-Control-Allow-Methods', b'GET, POST, OPTIONS'), (b'Access-Control-Expose-Headers', b'Content-Length,Content-Type,Date,Server,Connection')])
2025-06-23 05:28:07,523 - httpx - INFO - HTTP Request: POST https://api.telegram.org/bot7707158318:AAE8rWa4Q8Z_3avql6K0HAmXaooZAReoNF0/getUpdates "HTTP/1.1 200 OK"
2025-06-23 05:28:07,523 - httpcore.http11 - DEBUG - receive_response_body.started request=<Request [b'POST']>
2025-06-23 05:28:07,523 - httpcore.http11 - DEBUG - receive_response_body.complete
2025-06-23 05:28:07,523 - httpcore.http11 - DEBUG - response_closed.started
2025-06-23 05:28:07,524 - httpcore.http11 - DEBUG - response_closed.complete
2025-06-23 05:28:07,524 - telegram.ext.ExtBot - DEBUG - No new updates found.
2025-06-23 05:28:07,525 - telegram.ext.ExtBot - DEBUG - ()
2025-06-23 05:28:07,525 - telegram.ext.ExtBot - DEBUG - Exiting: get_updates
2025-06-23 05:28:07,525 - telegram.ext.ExtBot - DEBUG - Entering: get_updates
2025-06-23 05:28:07,525 - httpcore.http11 - DEBUG - send_request_headers.started request=<Request [b'POST']>
2025-06-23 05:28:07,527 - httpcore.http11 - DEBUG - send_request_headers.complete
2025-06-23 05:28:07,527 - httpcore.http11 - DEBUG - send_request_body.started request=<Request [b'POST']>
2025-06-23 05:28:07,527 - httpcore.http11 - DEBUG - send_request_body.complete
2025-06-23 05:28:07,527 - httpcore.http11 - DEBUG - receive_response_headers.started request=<Request [b'POST']>
2025-06-23 05:28:17,643 - httpcore.http11 - DEBUG - receive_response_headers.complete return_value=(b'HTTP/1.1', 200, b'OK', [(b'Server', b'nginx/1.18.0'), (b'Date', b'Mon, 23 Jun 2025 04:28:19 GMT'), (b'Content-Type', b'application/json'), (b'Content-Length', b'23'), (b'Connection', b'keep-alive'), (b'Strict-Transport-Security', b'max-age=31536000; includeSubDomains; preload'), (b'Access-Control-Allow-Origin', b'*'), (b'Access-Control-Allow-Methods', b'GET, POST, OPTIONS'), (b'Access-Control-Expose-Headers', b'Content-Length,Content-Type,Date,Server,Connection')])
2025-06-23 05:28:17,648 - httpx - INFO - HTTP Request: POST https://api.telegram.org/bot7707158318:AAE8rWa4Q8Z_3avql6K0HAmXaooZAReoNF0/getUpdates "HTTP/1.1 200 OK"
2025-06-23 05:28:17,648 - httpcore.http11 - DEBUG - receive_response_body.started request=<Request [b'POST']>
2025-06-23 05:28:17,648 - httpcore.http11 - DEBUG - receive_response_body.complete
2025-06-23 05:28:17,648 - httpcore.http11 - DEBUG - response_closed.started
2025-06-23 05:28:17,650 - httpcore.http11 - DEBUG - response_closed.complete
2025-06-23 05:28:17,650 - telegram.ext.ExtBot - DEBUG - No new updates found.
2025-06-23 05:28:17,650 - telegram.ext.ExtBot - DEBUG - ()
2025-06-23 05:28:17,650 - telegram.ext.ExtBot - DEBUG - Exiting: get_updates
2025-06-23 05:28:17,650 - telegram.ext.ExtBot - DEBUG - Entering: get_updates
2025-06-23 05:28:17,650 - httpcore.http11 - DEBUG - send_request_headers.started request=<Request [b'POST']>
2025-06-23 05:28:17,655 - httpcore.http11 - DEBUG - send_request_headers.complete
2025-06-23 05:28:17,655 - httpcore.http11 - DEBUG - send_request_body.started request=<Request [b'POST']>
2025-06-23 05:28:17,655 - httpcore.http11 - DEBUG - send_request_body.complete
2025-06-23 05:28:17,655 - httpcore.http11 - DEBUG - receive_response_headers.started request=<Request [b'POST']>
2025-06-23 05:28:27,742 - httpcore.http11 - DEBUG - receive_response_headers.complete return_value=(b'HTTP/1.1', 200, b'OK', [(b'Server', b'nginx/1.18.0'), (b'Date', b'Mon, 23 Jun 2025 04:28:30 GMT'), (b'Content-Type', b'application/json'), (b'Content-Length', b'23'), (b'Connection', b'keep-alive'), (b'Strict-Transport-Security', b'max-age=31536000; includeSubDomains; preload'), (b'Access-Control-Allow-Origin', b'*'), (b'Access-Control-Allow-Methods', b'GET, POST, OPTIONS'), (b'Access-Control-Expose-Headers', b'Content-Length,Content-Type,Date,Server,Connection')])
2025-06-23 05:28:27,743 - httpx - INFO - HTTP Request: POST https://api.telegram.org/bot7707158318:AAE8rWa4Q8Z_3avql6K0HAmXaooZAReoNF0/getUpdates "HTTP/1.1 200 OK"
2025-06-23 05:28:27,743 - httpcore.http11 - DEBUG - receive_response_body.started request=<Request [b'POST']>
2025-06-23 05:28:27,743 - httpcore.http11 - DEBUG - receive_response_body.complete
2025-06-23 05:28:27,743 - httpcore.http11 - DEBUG - response_closed.started
2025-06-23 05:28:27,743 - httpcore.http11 - DEBUG - response_closed.complete
2025-06-23 05:28:27,743 - telegram.ext.ExtBot - DEBUG - No new updates found.
2025-06-23 05:28:27,743 - telegram.ext.ExtBot - DEBUG - ()
2025-06-23 05:28:27,743 - telegram.ext.ExtBot - DEBUG - Exiting: get_updates
2025-06-23 05:28:27,743 - telegram.ext.ExtBot - DEBUG - Entering: get_updates
2025-06-23 05:28:27,743 - httpcore.http11 - DEBUG - send_request_headers.started request=<Request [b'POST']>
2025-06-23 05:28:27,749 - httpcore.http11 - DEBUG - send_request_headers.complete
2025-06-23 05:28:27,749 - httpcore.http11 - DEBUG - send_request_body.started request=<Request [b'POST']>
2025-06-23 05:28:27,750 - httpcore.http11 - DEBUG - send_request_body.complete
2025-06-23 05:28:27,750 - httpcore.http11 - DEBUG - receive_response_headers.started request=<Request [b'POST']>
2025-06-23 05:28:37,827 - httpcore.http11 - DEBUG - receive_response_headers.complete return_value=(b'HTTP/1.1', 200, b'OK', [(b'Server', b'nginx/1.18.0'), (b'Date', b'Mon, 23 Jun 2025 04:28:40 GMT'), (b'Content-Type', b'application/json'), (b'Content-Length', b'23'), (b'Connection', b'keep-alive'), (b'Strict-Transport-Security', b'max-age=31536000; includeSubDomains; preload'), (b'Access-Control-Allow-Origin', b'*'), (b'Access-Control-Allow-Methods', b'GET, POST, OPTIONS'), (b'Access-Control-Expose-Headers', b'Content-Length,Content-Type,Date,Server,Connection')])
2025-06-23 05:28:37,827 - httpx - INFO - HTTP Request: POST https://api.telegram.org/bot7707158318:AAE8rWa4Q8Z_3avql6K0HAmXaooZAReoNF0/getUpdates "HTTP/1.1 200 OK"
2025-06-23 05:28:37,831 - httpcore.http11 - DEBUG - receive_response_body.started request=<Request [b'POST']>
2025-06-23 05:28:37,831 - httpcore.http11 - DEBUG - receive_response_body.complete
2025-06-23 05:28:37,831 - httpcore.http11 - DEBUG - response_closed.started
2025-06-23 05:28:37,831 - httpcore.http11 - DEBUG - response_closed.complete
2025-06-23 05:28:37,831 - telegram.ext.ExtBot - DEBUG - No new updates found.
2025-06-23 05:28:37,831 - telegram.ext.ExtBot - DEBUG - ()
2025-06-23 05:28:37,831 - telegram.ext.ExtBot - DEBUG - Exiting: get_updates
2025-06-23 05:28:37,831 - telegram.ext.ExtBot - DEBUG - Entering: get_updates
2025-06-23 05:28:37,831 - httpcore.http11 - DEBUG - send_request_headers.started request=<Request [b'POST']>
2025-06-23 05:28:37,835 - httpcore.http11 - DEBUG - send_request_headers.complete
2025-06-23 05:28:37,835 - httpcore.http11 - DEBUG - send_request_body.started request=<Request [b'POST']>
2025-06-23 05:28:37,835 - httpcore.http11 - DEBUG - send_request_body.complete
2025-06-23 05:28:37,835 - httpcore.http11 - DEBUG - receive_response_headers.started request=<Request [b'POST']>
2025-06-23 05:28:47,913 - httpcore.http11 - DEBUG - receive_response_headers.complete return_value=(b'HTTP/1.1', 200, b'OK', [(b'Server', b'nginx/1.18.0'), (b'Date', b'Mon, 23 Jun 2025 04:28:50 GMT'), (b'Content-Type', b'application/json'), (b'Content-Length', b'23'), (b'Connection', b'keep-alive'), (b'Strict-Transport-Security', b'max-age=31536000; includeSubDomains; preload'), (b'Access-Control-Allow-Origin', b'*'), (b'Access-Control-Allow-Methods', b'GET, POST, OPTIONS'), (b'Access-Control-Expose-Headers', b'Content-Length,Content-Type,Date,Server,Connection')])
2025-06-23 05:28:47,913 - httpx - INFO - HTTP Request: POST https://api.telegram.org/bot7707158318:AAE8rWa4Q8Z_3avql6K0HAmXaooZAReoNF0/getUpdates "HTTP/1.1 200 OK"
2025-06-23 05:28:47,913 - httpcore.http11 - DEBUG - receive_response_body.started request=<Request [b'POST']>
2025-06-23 05:28:47,915 - httpcore.http11 - DEBUG - receive_response_body.complete
2025-06-23 05:28:47,915 - httpcore.http11 - DEBUG - response_closed.started
2025-06-23 05:28:47,915 - httpcore.http11 - DEBUG - response_closed.complete
2025-06-23 05:28:47,915 - telegram.ext.ExtBot - DEBUG - No new updates found.
2025-06-23 05:28:47,915 - telegram.ext.ExtBot - DEBUG - ()
2025-06-23 05:28:47,915 - telegram.ext.ExtBot - DEBUG - Exiting: get_updates
2025-06-23 05:28:47,915 - telegram.ext.ExtBot - DEBUG - Entering: get_updates
2025-06-23 05:28:47,915 - httpcore.http11 - DEBUG - send_request_headers.started request=<Request [b'POST']>
2025-06-23 05:28:47,915 - httpcore.http11 - DEBUG - send_request_headers.complete
2025-06-23 05:28:47,915 - httpcore.http11 - DEBUG - send_request_body.started request=<Request [b'POST']>
2025-06-23 05:28:47,918 - httpcore.http11 - DEBUG - send_request_body.complete
2025-06-23 05:28:47,918 - httpcore.http11 - DEBUG - receive_response_headers.started request=<Request [b'POST']>
2025-06-23 05:28:58,023 - httpcore.http11 - DEBUG - receive_response_headers.complete return_value=(b'HTTP/1.1', 200, b'OK', [(b'Server', b'nginx/1.18.0'), (b'Date', b'Mon, 23 Jun 2025 04:29:00 GMT'), (b'Content-Type', b'application/json'), (b'Content-Length', b'23'), (b'Connection', b'keep-alive'), (b'Strict-Transport-Security', b'max-age=31536000; includeSubDomains; preload'), (b'Access-Control-Allow-Origin', b'*'), (b'Access-Control-Allow-Methods', b'GET, POST, OPTIONS'), (b'Access-Control-Expose-Headers', b'Content-Length,Content-Type,Date,Server,Connection')])
2025-06-23 05:28:58,025 - httpx - INFO - HTTP Request: POST https://api.telegram.org/bot7707158318:AAE8rWa4Q8Z_3avql6K0HAmXaooZAReoNF0/getUpdates "HTTP/1.1 200 OK"
2025-06-23 05:28:58,025 - httpcore.http11 - DEBUG - receive_response_body.started request=<Request [b'POST']>
2025-06-23 05:28:58,025 - httpcore.http11 - DEBUG - receive_response_body.complete
2025-06-23 05:28:58,027 - httpcore.http11 - DEBUG - response_closed.started
2025-06-23 05:28:58,027 - httpcore.http11 - DEBUG - response_closed.complete
2025-06-23 05:28:58,027 - telegram.ext.ExtBot - DEBUG - No new updates found.
2025-06-23 05:28:58,027 - telegram.ext.ExtBot - DEBUG - ()
2025-06-23 05:28:58,027 - telegram.ext.ExtBot - DEBUG - Exiting: get_updates
2025-06-23 05:28:58,027 - telegram.ext.ExtBot - DEBUG - Entering: get_updates
2025-06-23 05:28:58,031 - httpcore.http11 - DEBUG - send_request_headers.started request=<Request [b'POST']>
2025-06-23 05:28:58,031 - httpcore.http11 - DEBUG - send_request_headers.complete
2025-06-23 05:28:58,031 - httpcore.http11 - DEBUG - send_request_body.started request=<Request [b'POST']>
2025-06-23 05:28:58,034 - httpcore.http11 - DEBUG - send_request_body.complete
2025-06-23 05:28:58,034 - httpcore.http11 - DEBUG - receive_response_headers.started request=<Request [b'POST']>
2025-06-23 05:29:08,116 - httpcore.http11 - DEBUG - receive_response_headers.complete return_value=(b'HTTP/1.1', 200, b'OK', [(b'Server', b'nginx/1.18.0'), (b'Date', b'Mon, 23 Jun 2025 04:29:10 GMT'), (b'Content-Type', b'application/json'), (b'Content-Length', b'23'), (b'Connection', b'keep-alive'), (b'Strict-Transport-Security', b'max-age=31536000; includeSubDomains; preload'), (b'Access-Control-Allow-Origin', b'*'), (b'Access-Control-Allow-Methods', b'GET, POST, OPTIONS'), (b'Access-Control-Expose-Headers', b'Content-Length,Content-Type,Date,Server,Connection')])
2025-06-23 05:29:08,117 - httpx - INFO - HTTP Request: POST https://api.telegram.org/bot7707158318:AAE8rWa4Q8Z_3avql6K0HAmXaooZAReoNF0/getUpdates "HTTP/1.1 200 OK"
2025-06-23 05:29:08,119 - httpcore.http11 - DEBUG - receive_response_body.started request=<Request [b'POST']>
2025-06-23 05:29:08,119 - httpcore.http11 - DEBUG - receive_response_body.complete
2025-06-23 05:29:08,120 - httpcore.http11 - DEBUG - response_closed.started
2025-06-23 05:29:08,120 - httpcore.http11 - DEBUG - response_closed.complete
2025-06-23 05:29:08,120 - telegram.ext.ExtBot - DEBUG - No new updates found.
2025-06-23 05:29:08,120 - telegram.ext.ExtBot - DEBUG - ()
2025-06-23 05:29:08,121 - telegram.ext.ExtBot - DEBUG - Exiting: get_updates
2025-06-23 05:29:08,121 - telegram.ext.ExtBot - DEBUG - Entering: get_updates
2025-06-23 05:29:08,123 - httpcore.http11 - DEBUG - send_request_headers.started request=<Request [b'POST']>
2025-06-23 05:29:08,124 - httpcore.http11 - DEBUG - send_request_headers.complete
2025-06-23 05:29:08,124 - httpcore.http11 - DEBUG - send_request_body.started request=<Request [b'POST']>
2025-06-23 05:29:08,125 - httpcore.http11 - DEBUG - send_request_body.complete
2025-06-23 05:29:08,125 - httpcore.http11 - DEBUG - receive_response_headers.started request=<Request [b'POST']>
2025-06-23 05:29:18,204 - httpcore.http11 - DEBUG - receive_response_headers.complete return_value=(b'HTTP/1.1', 200, b'OK', [(b'Server', b'nginx/1.18.0'), (b'Date', b'Mon, 23 Jun 2025 04:29:20 GMT'), (b'Content-Type', b'application/json'), (b'Content-Length', b'23'), (b'Connection', b'keep-alive'), (b'Strict-Transport-Security', b'max-age=31536000; includeSubDomains; preload'), (b'Access-Control-Allow-Origin', b'*'), (b'Access-Control-Allow-Methods', b'GET, POST, OPTIONS'), (b'Access-Control-Expose-Headers', b'Content-Length,Content-Type,Date,Server,Connection')])
2025-06-23 05:29:18,206 - httpx - INFO - HTTP Request: POST https://api.telegram.org/bot7707158318:AAE8rWa4Q8Z_3avql6K0HAmXaooZAReoNF0/getUpdates "HTTP/1.1 200 OK"
2025-06-23 05:29:18,208 - httpcore.http11 - DEBUG - receive_response_body.started request=<Request [b'POST']>
2025-06-23 05:29:18,208 - httpcore.http11 - DEBUG - receive_response_body.complete
2025-06-23 05:29:18,209 - httpcore.http11 - DEBUG - response_closed.started
2025-06-23 05:29:18,210 - httpcore.http11 - DEBUG - response_closed.complete
2025-06-23 05:29:18,210 - telegram.ext.ExtBot - DEBUG - No new updates found.
2025-06-23 05:29:18,210 - telegram.ext.ExtBot - DEBUG - ()
2025-06-23 05:29:18,210 - telegram.ext.ExtBot - DEBUG - Exiting: get_updates
2025-06-23 05:29:18,210 - telegram.ext.ExtBot - DEBUG - Entering: get_updates
2025-06-23 05:29:18,211 - httpcore.http11 - DEBUG - send_request_headers.started request=<Request [b'POST']>
2025-06-23 05:29:18,213 - httpcore.http11 - DEBUG - send_request_headers.complete
2025-06-23 05:29:18,213 - httpcore.http11 - DEBUG - send_request_body.started request=<Request [b'POST']>
2025-06-23 05:29:18,213 - httpcore.http11 - DEBUG - send_request_body.complete
2025-06-23 05:29:18,213 - httpcore.http11 - DEBUG - receive_response_headers.started request=<Request [b'POST']>
2025-06-23 05:29:28,287 - httpcore.http11 - DEBUG - receive_response_headers.complete return_value=(b'HTTP/1.1', 200, b'OK', [(b'Server', b'nginx/1.18.0'), (b'Date', b'Mon, 23 Jun 2025 04:29:30 GMT'), (b'Content-Type', b'application/json'), (b'Content-Length', b'23'), (b'Connection', b'keep-alive'), (b'Strict-Transport-Security', b'max-age=31536000; includeSubDomains; preload'), (b'Access-Control-Allow-Origin', b'*'), (b'Access-Control-Allow-Methods', b'GET, POST, OPTIONS'), (b'Access-Control-Expose-Headers', b'Content-Length,Content-Type,Date,Server,Connection')])
2025-06-23 05:29:28,291 - httpx - INFO - HTTP Request: POST https://api.telegram.org/bot7707158318:AAE8rWa4Q8Z_3avql6K0HAmXaooZAReoNF0/getUpdates "HTTP/1.1 200 OK"
2025-06-23 05:29:28,292 - httpcore.http11 - DEBUG - receive_response_body.started request=<Request [b'POST']>
2025-06-23 05:29:28,292 - httpcore.http11 - DEBUG - receive_response_body.complete
2025-06-23 05:29:28,292 - httpcore.http11 - DEBUG - response_closed.started
2025-06-23 05:29:28,292 - httpcore.http11 - DEBUG - response_closed.complete
2025-06-23 05:29:28,292 - telegram.ext.ExtBot - DEBUG - No new updates found.
2025-06-23 05:29:28,292 - telegram.ext.ExtBot - DEBUG - ()
2025-06-23 05:29:28,292 - telegram.ext.ExtBot - DEBUG - Exiting: get_updates
2025-06-23 05:29:28,292 - telegram.ext.ExtBot - DEBUG - Entering: get_updates
2025-06-23 05:29:28,294 - httpcore.http11 - DEBUG - send_request_headers.started request=<Request [b'POST']>
2025-06-23 05:29:28,294 - httpcore.http11 - DEBUG - send_request_headers.complete
2025-06-23 05:29:28,294 - httpcore.http11 - DEBUG - send_request_body.started request=<Request [b'POST']>
2025-06-23 05:29:28,294 - httpcore.http11 - DEBUG - send_request_body.complete
2025-06-23 05:29:28,294 - httpcore.http11 - DEBUG - receive_response_headers.started request=<Request [b'POST']>
2025-06-23 05:29:38,377 - httpcore.http11 - DEBUG - receive_response_headers.complete return_value=(b'HTTP/1.1', 200, b'OK', [(b'Server', b'nginx/1.18.0'), (b'Date', b'Mon, 23 Jun 2025 04:29:40 GMT'), (b'Content-Type', b'application/json'), (b'Content-Length', b'23'), (b'Connection', b'keep-alive'), (b'Strict-Transport-Security', b'max-age=31536000; includeSubDomains; preload'), (b'Access-Control-Allow-Origin', b'*'), (b'Access-Control-Allow-Methods', b'GET, POST, OPTIONS'), (b'Access-Control-Expose-Headers', b'Content-Length,Content-Type,Date,Server,Connection')])
2025-06-23 05:29:38,378 - httpx - INFO - HTTP Request: POST https://api.telegram.org/bot7707158318:AAE8rWa4Q8Z_3avql6K0HAmXaooZAReoNF0/getUpdates "HTTP/1.1 200 OK"
2025-06-23 05:29:38,378 - httpcore.http11 - DEBUG - receive_response_body.started request=<Request [b'POST']>
2025-06-23 05:29:38,378 - httpcore.http11 - DEBUG - receive_response_body.complete
2025-06-23 05:29:38,379 - httpcore.http11 - DEBUG - response_closed.started
2025-06-23 05:29:38,379 - httpcore.http11 - DEBUG - response_closed.complete
2025-06-23 05:29:38,379 - telegram.ext.ExtBot - DEBUG - No new updates found.
2025-06-23 05:29:38,379 - telegram.ext.ExtBot - DEBUG - ()
2025-06-23 05:29:38,379 - telegram.ext.ExtBot - DEBUG - Exiting: get_updates
2025-06-23 05:29:38,379 - telegram.ext.ExtBot - DEBUG - Entering: get_updates
2025-06-23 05:29:38,382 - httpcore.http11 - DEBUG - send_request_headers.started request=<Request [b'POST']>
2025-06-23 05:29:38,383 - httpcore.http11 - DEBUG - send_request_headers.complete
2025-06-23 05:29:38,384 - httpcore.http11 - DEBUG - send_request_body.started request=<Request [b'POST']>
2025-06-23 05:29:38,384 - httpcore.http11 - DEBUG - send_request_body.complete
2025-06-23 05:29:38,384 - httpcore.http11 - DEBUG - receive_response_headers.started request=<Request [b'POST']>
2025-06-23 05:29:48,743 - httpcore.http11 - DEBUG - receive_response_headers.complete return_value=(b'HTTP/1.1', 200, b'OK', [(b'Server', b'nginx/1.18.0'), (b'Date', b'Mon, 23 Jun 2025 04:29:50 GMT'), (b'Content-Type', b'application/json'), (b'Content-Length', b'23'), (b'Connection', b'keep-alive'), (b'Strict-Transport-Security', b'max-age=31536000; includeSubDomains; preload'), (b'Access-Control-Allow-Origin', b'*'), (b'Access-Control-Allow-Methods', b'GET, POST, OPTIONS'), (b'Access-Control-Expose-Headers', b'Content-Length,Content-Type,Date,Server,Connection')])
2025-06-23 05:29:48,748 - httpx - INFO - HTTP Request: POST https://api.telegram.org/bot7707158318:AAE8rWa4Q8Z_3avql6K0HAmXaooZAReoNF0/getUpdates "HTTP/1.1 200 OK"
2025-06-23 05:29:48,748 - httpcore.http11 - DEBUG - receive_response_body.started request=<Request [b'POST']>
2025-06-23 05:29:48,748 - httpcore.http11 - DEBUG - receive_response_body.complete
2025-06-23 05:29:48,748 - httpcore.http11 - DEBUG - response_closed.started
2025-06-23 05:29:48,748 - httpcore.http11 - DEBUG - response_closed.complete
2025-06-23 05:29:48,748 - telegram.ext.ExtBot - DEBUG - No new updates found.
2025-06-23 05:29:48,748 - telegram.ext.ExtBot - DEBUG - ()
2025-06-23 05:29:48,748 - telegram.ext.ExtBot - DEBUG - Exiting: get_updates
2025-06-23 05:29:48,748 - telegram.ext.ExtBot - DEBUG - Entering: get_updates
2025-06-23 05:29:48,751 - httpcore.http11 - DEBUG - send_request_headers.started request=<Request [b'POST']>
2025-06-23 05:29:48,751 - httpcore.http11 - DEBUG - send_request_headers.complete
2025-06-23 05:29:48,751 - httpcore.http11 - DEBUG - send_request_body.started request=<Request [b'POST']>
2025-06-23 05:29:48,751 - httpcore.http11 - DEBUG - send_request_body.complete
2025-06-23 05:29:48,754 - httpcore.http11 - DEBUG - receive_response_headers.started request=<Request [b'POST']>
2025-06-23 05:29:58,987 - httpcore.http11 - DEBUG - receive_response_headers.complete return_value=(b'HTTP/1.1', 200, b'OK', [(b'Server', b'nginx/1.18.0'), (b'Date', b'Mon, 23 Jun 2025 04:30:01 GMT'), (b'Content-Type', b'application/json'), (b'Content-Length', b'23'), (b'Connection', b'keep-alive'), (b'Strict-Transport-Security', b'max-age=31536000; includeSubDomains; preload'), (b'Access-Control-Allow-Origin', b'*'), (b'Access-Control-Allow-Methods', b'GET, POST, OPTIONS'), (b'Access-Control-Expose-Headers', b'Content-Length,Content-Type,Date,Server,Connection')])
2025-06-23 05:29:58,987 - httpx - INFO - HTTP Request: POST https://api.telegram.org/bot7707158318:AAE8rWa4Q8Z_3avql6K0HAmXaooZAReoNF0/getUpdates "HTTP/1.1 200 OK"
2025-06-23 05:29:58,987 - httpcore.http11 - DEBUG - receive_response_body.started request=<Request [b'POST']>
2025-06-23 05:29:58,987 - httpcore.http11 - DEBUG - receive_response_body.complete
2025-06-23 05:29:58,987 - httpcore.http11 - DEBUG - response_closed.started
2025-06-23 05:29:58,987 - httpcore.http11 - DEBUG - response_closed.complete
2025-06-23 05:29:58,987 - telegram.ext.ExtBot - DEBUG - No new updates found.
2025-06-23 05:29:58,987 - telegram.ext.ExtBot - DEBUG - ()
2025-06-23 05:29:58,987 - telegram.ext.ExtBot - DEBUG - Exiting: get_updates
2025-06-23 05:29:58,987 - telegram.ext.ExtBot - DEBUG - Entering: get_updates
2025-06-23 05:29:58,987 - httpcore.http11 - DEBUG - send_request_headers.started request=<Request [b'POST']>
2025-06-23 05:29:58,987 - httpcore.http11 - DEBUG - send_request_headers.complete
2025-06-23 05:29:58,991 - httpcore.http11 - DEBUG - send_request_body.started request=<Request [b'POST']>
2025-06-23 05:29:58,991 - httpcore.http11 - DEBUG - send_request_body.complete
2025-06-23 05:29:58,991 - httpcore.http11 - DEBUG - receive_response_headers.started request=<Request [b'POST']>
2025-06-23 05:30:09,225 - httpcore.http11 - DEBUG - receive_response_headers.complete return_value=(b'HTTP/1.1', 200, b'OK', [(b'Server', b'nginx/1.18.0'), (b'Date', b'Mon, 23 Jun 2025 04:30:11 GMT'), (b'Content-Type', b'application/json'), (b'Content-Length', b'23'), (b'Connection', b'keep-alive'), (b'Strict-Transport-Security', b'max-age=31536000; includeSubDomains; preload'), (b'Access-Control-Allow-Origin', b'*'), (b'Access-Control-Allow-Methods', b'GET, POST, OPTIONS'), (b'Access-Control-Expose-Headers', b'Content-Length,Content-Type,Date,Server,Connection')])
2025-06-23 05:30:09,227 - httpx - INFO - HTTP Request: POST https://api.telegram.org/bot7707158318:AAE8rWa4Q8Z_3avql6K0HAmXaooZAReoNF0/getUpdates "HTTP/1.1 200 OK"
2025-06-23 05:30:09,228 - httpcore.http11 - DEBUG - receive_response_body.started request=<Request [b'POST']>
2025-06-23 05:30:09,228 - httpcore.http11 - DEBUG - receive_response_body.complete
2025-06-23 05:30:09,228 - httpcore.http11 - DEBUG - response_closed.started
2025-06-23 05:30:09,228 - httpcore.http11 - DEBUG - response_closed.complete
2025-06-23 05:30:09,231 - telegram.ext.ExtBot - DEBUG - No new updates found.
2025-06-23 05:30:09,231 - telegram.ext.ExtBot - DEBUG - ()
2025-06-23 05:30:09,231 - telegram.ext.ExtBot - DEBUG - Exiting: get_updates
2025-06-23 05:30:09,231 - telegram.ext.ExtBot - DEBUG - Entering: get_updates
2025-06-23 05:30:09,232 - httpcore.http11 - DEBUG - send_request_headers.started request=<Request [b'POST']>
2025-06-23 05:30:09,234 - httpcore.http11 - DEBUG - send_request_headers.complete
2025-06-23 05:30:09,234 - httpcore.http11 - DEBUG - send_request_body.started request=<Request [b'POST']>
2025-06-23 05:30:09,236 - httpcore.http11 - DEBUG - send_request_body.complete
2025-06-23 05:30:09,236 - httpcore.http11 - DEBUG - receive_response_headers.started request=<Request [b'POST']>
2025-06-23 05:30:19,465 - httpcore.http11 - DEBUG - receive_response_headers.complete return_value=(b'HTTP/1.1', 200, b'OK', [(b'Server', b'nginx/1.18.0'), (b'Date', b'Mon, 23 Jun 2025 04:30:21 GMT'), (b'Content-Type', b'application/json'), (b'Content-Length', b'23'), (b'Connection', b'keep-alive'), (b'Strict-Transport-Security', b'max-age=31536000; includeSubDomains; preload'), (b'Access-Control-Allow-Origin', b'*'), (b'Access-Control-Allow-Methods', b'GET, POST, OPTIONS'), (b'Access-Control-Expose-Headers', b'Content-Length,Content-Type,Date,Server,Connection')])
2025-06-23 05:30:19,465 - httpx - INFO - HTTP Request: POST https://api.telegram.org/bot7707158318:AAE8rWa4Q8Z_3avql6K0HAmXaooZAReoNF0/getUpdates "HTTP/1.1 200 OK"
2025-06-23 05:30:19,465 - httpcore.http11 - DEBUG - receive_response_body.started request=<Request [b'POST']>
2025-06-23 05:30:19,465 - httpcore.http11 - DEBUG - receive_response_body.complete
2025-06-23 05:30:19,465 - httpcore.http11 - DEBUG - response_closed.started
2025-06-23 05:30:19,465 - httpcore.http11 - DEBUG - response_closed.complete
2025-06-23 05:30:19,468 - telegram.ext.ExtBot - DEBUG - No new updates found.
2025-06-23 05:30:19,468 - telegram.ext.ExtBot - DEBUG - ()
2025-06-23 05:30:19,468 - telegram.ext.ExtBot - DEBUG - Exiting: get_updates
2025-06-23 05:30:19,468 - telegram.ext.ExtBot - DEBUG - Entering: get_updates
2025-06-23 05:30:19,469 - httpcore.http11 - DEBUG - send_request_headers.started request=<Request [b'POST']>
2025-06-23 05:30:19,470 - httpcore.http11 - DEBUG - send_request_headers.complete
2025-06-23 05:30:19,470 - httpcore.http11 - DEBUG - send_request_body.started request=<Request [b'POST']>
2025-06-23 05:30:19,470 - httpcore.http11 - DEBUG - send_request_body.complete
2025-06-23 05:30:19,470 - httpcore.http11 - DEBUG - receive_response_headers.started request=<Request [b'POST']>
2025-06-23 05:30:29,705 - httpcore.http11 - DEBUG - receive_response_headers.complete return_value=(b'HTTP/1.1', 200, b'OK', [(b'Server', b'nginx/1.18.0'), (b'Date', b'Mon, 23 Jun 2025 04:30:31 GMT'), (b'Content-Type', b'application/json'), (b'Content-Length', b'23'), (b'Connection', b'keep-alive'), (b'Strict-Transport-Security', b'max-age=31536000; includeSubDomains; preload'), (b'Access-Control-Allow-Origin', b'*'), (b'Access-Control-Allow-Methods', b'GET, POST, OPTIONS'), (b'Access-Control-Expose-Headers', b'Content-Length,Content-Type,Date,Server,Connection')])
2025-06-23 05:30:29,706 - httpx - INFO - HTTP Request: POST https://api.telegram.org/bot7707158318:AAE8rWa4Q8Z_3avql6K0HAmXaooZAReoNF0/getUpdates "HTTP/1.1 200 OK"
2025-06-23 05:30:29,706 - httpcore.http11 - DEBUG - receive_response_body.started request=<Request [b'POST']>
2025-06-23 05:30:29,706 - httpcore.http11 - DEBUG - receive_response_body.complete
2025-06-23 05:30:29,706 - httpcore.http11 - DEBUG - response_closed.started
2025-06-23 05:30:29,706 - httpcore.http11 - DEBUG - response_closed.complete
2025-06-23 05:30:29,708 - telegram.ext.ExtBot - DEBUG - No new updates found.
2025-06-23 05:30:29,708 - telegram.ext.ExtBot - DEBUG - ()
2025-06-23 05:30:29,708 - telegram.ext.ExtBot - DEBUG - Exiting: get_updates
2025-06-23 05:30:29,708 - telegram.ext.ExtBot - DEBUG - Entering: get_updates
2025-06-23 05:30:29,708 - httpcore.http11 - DEBUG - send_request_headers.started request=<Request [b'POST']>
2025-06-23 05:30:29,709 - httpcore.http11 - DEBUG - send_request_headers.complete
2025-06-23 05:30:29,709 - httpcore.http11 - DEBUG - send_request_body.started request=<Request [b'POST']>
2025-06-23 05:30:29,709 - httpcore.http11 - DEBUG - send_request_body.complete
2025-06-23 05:30:29,709 - httpcore.http11 - DEBUG - receive_response_headers.started request=<Request [b'POST']>
2025-06-23 05:30:39,790 - httpcore.http11 - DEBUG - receive_response_headers.complete return_value=(b'HTTP/1.1', 200, b'OK', [(b'Server', b'nginx/1.18.0'), (b'Date', b'Mon, 23 Jun 2025 04:30:42 GMT'), (b'Content-Type', b'application/json'), (b'Content-Length', b'23'), (b'Connection', b'keep-alive'), (b'Strict-Transport-Security', b'max-age=31536000; includeSubDomains; preload'), (b'Access-Control-Allow-Origin', b'*'), (b'Access-Control-Allow-Methods', b'GET, POST, OPTIONS'), (b'Access-Control-Expose-Headers', b'Content-Length,Content-Type,Date,Server,Connection')])
2025-06-23 05:30:39,791 - httpx - INFO - HTTP Request: POST https://api.telegram.org/bot7707158318:AAE8rWa4Q8Z_3avql6K0HAmXaooZAReoNF0/getUpdates "HTTP/1.1 200 OK"
2025-06-23 05:30:39,792 - httpcore.http11 - DEBUG - receive_response_body.started request=<Request [b'POST']>
2025-06-23 05:30:39,792 - httpcore.http11 - DEBUG - receive_response_body.complete
2025-06-23 05:30:39,792 - httpcore.http11 - DEBUG - response_closed.started
2025-06-23 05:30:39,792 - httpcore.http11 - DEBUG - response_closed.complete
2025-06-23 05:30:39,793 - telegram.ext.ExtBot - DEBUG - No new updates found.
2025-06-23 05:30:39,793 - telegram.ext.ExtBot - DEBUG - ()
2025-06-23 05:30:39,793 - telegram.ext.ExtBot - DEBUG - Exiting: get_updates
2025-06-23 05:30:39,794 - telegram.ext.ExtBot - DEBUG - Entering: get_updates
2025-06-23 05:30:39,796 - httpcore.http11 - DEBUG - send_request_headers.started request=<Request [b'POST']>
2025-06-23 05:30:39,797 - httpcore.http11 - DEBUG - send_request_headers.complete
2025-06-23 05:30:39,798 - httpcore.http11 - DEBUG - send_request_body.started request=<Request [b'POST']>
2025-06-23 05:30:39,798 - httpcore.http11 - DEBUG - send_request_body.complete
2025-06-23 05:30:39,799 - httpcore.http11 - DEBUG - receive_response_headers.started request=<Request [b'POST']>
2025-06-23 05:30:49,875 - httpcore.http11 - DEBUG - receive_response_headers.complete return_value=(b'HTTP/1.1', 200, b'OK', [(b'Server', b'nginx/1.18.0'), (b'Date', b'Mon, 23 Jun 2025 04:30:52 GMT'), (b'Content-Type', b'application/json'), (b'Content-Length', b'23'), (b'Connection', b'keep-alive'), (b'Strict-Transport-Security', b'max-age=31536000; includeSubDomains; preload'), (b'Access-Control-Allow-Origin', b'*'), (b'Access-Control-Allow-Methods', b'GET, POST, OPTIONS'), (b'Access-Control-Expose-Headers', b'Content-Length,Content-Type,Date,Server,Connection')])
2025-06-23 05:30:49,875 - httpx - INFO - HTTP Request: POST https://api.telegram.org/bot7707158318:AAE8rWa4Q8Z_3avql6K0HAmXaooZAReoNF0/getUpdates "HTTP/1.1 200 OK"
2025-06-23 05:30:49,875 - httpcore.http11 - DEBUG - receive_response_body.started request=<Request [b'POST']>
2025-06-23 05:30:49,875 - httpcore.http11 - DEBUG - receive_response_body.complete
2025-06-23 05:30:49,875 - httpcore.http11 - DEBUG - response_closed.started
2025-06-23 05:30:49,875 - httpcore.http11 - DEBUG - response_closed.complete
2025-06-23 05:30:49,875 - telegram.ext.ExtBot - DEBUG - No new updates found.
2025-06-23 05:30:49,875 - telegram.ext.ExtBot - DEBUG - ()
2025-06-23 05:30:49,875 - telegram.ext.ExtBot - DEBUG - Exiting: get_updates
2025-06-23 05:30:49,875 - telegram.ext.ExtBot - DEBUG - Entering: get_updates
2025-06-23 05:30:49,877 - httpcore.http11 - DEBUG - send_request_headers.started request=<Request [b'POST']>
2025-06-23 05:30:49,877 - httpcore.http11 - DEBUG - send_request_headers.complete
2025-06-23 05:30:49,877 - httpcore.http11 - DEBUG - send_request_body.started request=<Request [b'POST']>
2025-06-23 05:30:49,877 - httpcore.http11 - DEBUG - send_request_body.complete
2025-06-23 05:30:49,877 - httpcore.http11 - DEBUG - receive_response_headers.started request=<Request [b'POST']>
2025-06-23 05:31:00,104 - httpcore.http11 - DEBUG - receive_response_headers.complete return_value=(b'HTTP/1.1', 200, b'OK', [(b'Server', b'nginx/1.18.0'), (b'Date', b'Mon, 23 Jun 2025 04:31:02 GMT'), (b'Content-Type', b'application/json'), (b'Content-Length', b'23'), (b'Connection', b'keep-alive'), (b'Strict-Transport-Security', b'max-age=31536000; includeSubDomains; preload'), (b'Access-Control-Allow-Origin', b'*'), (b'Access-Control-Allow-Methods', b'GET, POST, OPTIONS'), (b'Access-Control-Expose-Headers', b'Content-Length,Content-Type,Date,Server,Connection')])
2025-06-23 05:31:00,104 - httpx - INFO - HTTP Request: POST https://api.telegram.org/bot7707158318:AAE8rWa4Q8Z_3avql6K0HAmXaooZAReoNF0/getUpdates "HTTP/1.1 200 OK"
2025-06-23 05:31:00,104 - httpcore.http11 - DEBUG - receive_response_body.started request=<Request [b'POST']>
2025-06-23 05:31:00,104 - httpcore.http11 - DEBUG - receive_response_body.complete
2025-06-23 05:31:00,108 - httpcore.http11 - DEBUG - response_closed.started
2025-06-23 05:31:00,108 - httpcore.http11 - DEBUG - response_closed.complete
2025-06-23 05:31:00,108 - telegram.ext.ExtBot - DEBUG - No new updates found.
2025-06-23 05:31:00,108 - telegram.ext.ExtBot - DEBUG - ()
2025-06-23 05:31:00,108 - telegram.ext.ExtBot - DEBUG - Exiting: get_updates
2025-06-23 05:31:00,108 - telegram.ext.ExtBot - DEBUG - Entering: get_updates
2025-06-23 05:31:00,111 - httpcore.http11 - DEBUG - send_request_headers.started request=<Request [b'POST']>
2025-06-23 05:31:00,111 - httpcore.http11 - DEBUG - send_request_headers.complete
2025-06-23 05:31:00,112 - httpcore.http11 - DEBUG - send_request_body.started request=<Request [b'POST']>
2025-06-23 05:31:00,112 - httpcore.http11 - DEBUG - send_request_body.complete
2025-06-23 05:31:00,112 - httpcore.http11 - DEBUG - receive_response_headers.started request=<Request [b'POST']>
2025-06-23 05:31:10,405 - httpcore.http11 - DEBUG - receive_response_headers.complete return_value=(b'HTTP/1.1', 200, b'OK', [(b'Server', b'nginx/1.18.0'), (b'Date', b'Mon, 23 Jun 2025 04:31:12 GMT'), (b'Content-Type', b'application/json'), (b'Content-Length', b'23'), (b'Connection', b'keep-alive'), (b'Strict-Transport-Security', b'max-age=31536000; includeSubDomains; preload'), (b'Access-Control-Allow-Origin', b'*'), (b'Access-Control-Allow-Methods', b'GET, POST, OPTIONS'), (b'Access-Control-Expose-Headers', b'Content-Length,Content-Type,Date,Server,Connection')])
2025-06-23 05:31:10,408 - httpx - INFO - HTTP Request: POST https://api.telegram.org/bot7707158318:AAE8rWa4Q8Z_3avql6K0HAmXaooZAReoNF0/getUpdates "HTTP/1.1 200 OK"
2025-06-23 05:31:10,408 - httpcore.http11 - DEBUG - receive_response_body.started request=<Request [b'POST']>
2025-06-23 05:31:10,408 - httpcore.http11 - DEBUG - receive_response_body.complete
2025-06-23 05:31:10,408 - httpcore.http11 - DEBUG - response_closed.started
2025-06-23 05:31:10,408 - httpcore.http11 - DEBUG - response_closed.complete
2025-06-23 05:31:10,408 - telegram.ext.ExtBot - DEBUG - No new updates found.
2025-06-23 05:31:10,408 - telegram.ext.ExtBot - DEBUG - ()
2025-06-23 05:31:10,408 - telegram.ext.ExtBot - DEBUG - Exiting: get_updates
2025-06-23 05:31:10,408 - telegram.ext.ExtBot - DEBUG - Entering: get_updates
2025-06-23 05:31:10,408 - httpcore.http11 - DEBUG - send_request_headers.started request=<Request [b'POST']>
2025-06-23 05:31:10,411 - httpcore.http11 - DEBUG - send_request_headers.complete
2025-06-23 05:31:10,411 - httpcore.http11 - DEBUG - send_request_body.started request=<Request [b'POST']>
2025-06-23 05:31:10,411 - httpcore.http11 - DEBUG - send_request_body.complete
2025-06-23 05:31:10,411 - httpcore.http11 - DEBUG - receive_response_headers.started request=<Request [b'POST']>
2025-06-23 05:31:20,582 - httpcore.http11 - DEBUG - receive_response_headers.complete return_value=(b'HTTP/1.1', 200, b'OK', [(b'Server', b'nginx/1.18.0'), (b'Date', b'Mon, 23 Jun 2025 04:31:22 GMT'), (b'Content-Type', b'application/json'), (b'Content-Length', b'23'), (b'Connection', b'keep-alive'), (b'Strict-Transport-Security', b'max-age=31536000; includeSubDomains; preload'), (b'Access-Control-Allow-Origin', b'*'), (b'Access-Control-Allow-Methods', b'GET, POST, OPTIONS'), (b'Access-Control-Expose-Headers', b'Content-Length,Content-Type,Date,Server,Connection')])
2025-06-23 05:31:20,587 - httpx - INFO - HTTP Request: POST https://api.telegram.org/bot7707158318:AAE8rWa4Q8Z_3avql6K0HAmXaooZAReoNF0/getUpdates "HTTP/1.1 200 OK"
2025-06-23 05:31:20,587 - httpcore.http11 - DEBUG - receive_response_body.started request=<Request [b'POST']>
2025-06-23 05:31:20,587 - httpcore.http11 - DEBUG - receive_response_body.complete
2025-06-23 05:31:20,587 - httpcore.http11 - DEBUG - response_closed.started
2025-06-23 05:31:20,587 - httpcore.http11 - DEBUG - response_closed.complete
2025-06-23 05:31:20,587 - telegram.ext.ExtBot - DEBUG - No new updates found.
2025-06-23 05:31:20,587 - telegram.ext.ExtBot - DEBUG - ()
2025-06-23 05:31:20,587 - telegram.ext.ExtBot - DEBUG - Exiting: get_updates
2025-06-23 05:31:20,587 - telegram.ext.ExtBot - DEBUG - Entering: get_updates
2025-06-23 05:31:20,591 - httpcore.http11 - DEBUG - send_request_headers.started request=<Request [b'POST']>
2025-06-23 05:31:20,591 - httpcore.http11 - DEBUG - send_request_headers.complete
2025-06-23 05:31:20,591 - httpcore.http11 - DEBUG - send_request_body.started request=<Request [b'POST']>
2025-06-23 05:31:20,591 - httpcore.http11 - DEBUG - send_request_body.complete
2025-06-23 05:31:20,591 - httpcore.http11 - DEBUG - receive_response_headers.started request=<Request [b'POST']>
2025-06-23 05:31:30,825 - httpcore.http11 - DEBUG - receive_response_headers.complete return_value=(b'HTTP/1.1', 200, b'OK', [(b'Server', b'nginx/1.18.0'), (b'Date', b'Mon, 23 Jun 2025 04:31:32 GMT'), (b'Content-Type', b'application/json'), (b'Content-Length', b'23'), (b'Connection', b'keep-alive'), (b'Strict-Transport-Security', b'max-age=31536000; includeSubDomains; preload'), (b'Access-Control-Allow-Origin', b'*'), (b'Access-Control-Allow-Methods', b'GET, POST, OPTIONS'), (b'Access-Control-Expose-Headers', b'Content-Length,Content-Type,Date,Server,Connection')])
2025-06-23 05:31:30,825 - httpx - INFO - HTTP Request: POST https://api.telegram.org/bot7707158318:AAE8rWa4Q8Z_3avql6K0HAmXaooZAReoNF0/getUpdates "HTTP/1.1 200 OK"
2025-06-23 05:31:30,825 - httpcore.http11 - DEBUG - receive_response_body.started request=<Request [b'POST']>
2025-06-23 05:31:30,825 - httpcore.http11 - DEBUG - receive_response_body.complete
2025-06-23 05:31:30,825 - httpcore.http11 - DEBUG - response_closed.started
2025-06-23 05:31:30,825 - httpcore.http11 - DEBUG - response_closed.complete
2025-06-23 05:31:30,825 - telegram.ext.ExtBot - DEBUG - No new updates found.
2025-06-23 05:31:30,825 - telegram.ext.ExtBot - DEBUG - ()
2025-06-23 05:31:30,825 - telegram.ext.ExtBot - DEBUG - Exiting: get_updates
2025-06-23 05:31:30,825 - telegram.ext.ExtBot - DEBUG - Entering: get_updates
2025-06-23 05:31:30,829 - httpcore.http11 - DEBUG - send_request_headers.started request=<Request [b'POST']>
2025-06-23 05:31:30,829 - httpcore.http11 - DEBUG - send_request_headers.complete
2025-06-23 05:31:30,829 - httpcore.http11 - DEBUG - send_request_body.started request=<Request [b'POST']>
2025-06-23 05:31:30,829 - httpcore.http11 - DEBUG - send_request_body.complete
2025-06-23 05:31:30,829 - httpcore.http11 - DEBUG - receive_response_headers.started request=<Request [b'POST']>
2025-06-23 05:31:41,065 - httpcore.http11 - DEBUG - receive_response_headers.complete return_value=(b'HTTP/1.1', 200, b'OK', [(b'Server', b'nginx/1.18.0'), (b'Date', b'Mon, 23 Jun 2025 04:31:43 GMT'), (b'Content-Type', b'application/json'), (b'Content-Length', b'23'), (b'Connection', b'keep-alive'), (b'Strict-Transport-Security', b'max-age=31536000; includeSubDomains; preload'), (b'Access-Control-Allow-Origin', b'*'), (b'Access-Control-Allow-Methods', b'GET, POST, OPTIONS'), (b'Access-Control-Expose-Headers', b'Content-Length,Content-Type,Date,Server,Connection')])
2025-06-23 05:31:41,069 - httpx - INFO - HTTP Request: POST https://api.telegram.org/bot7707158318:AAE8rWa4Q8Z_3avql6K0HAmXaooZAReoNF0/getUpdates "HTTP/1.1 200 OK"
2025-06-23 05:31:41,070 - httpcore.http11 - DEBUG - receive_response_body.started request=<Request [b'POST']>
2025-06-23 05:31:41,070 - httpcore.http11 - DEBUG - receive_response_body.complete
2025-06-23 05:31:41,070 - httpcore.http11 - DEBUG - response_closed.started
2025-06-23 05:31:41,070 - httpcore.http11 - DEBUG - response_closed.complete
2025-06-23 05:31:41,070 - telegram.ext.ExtBot - DEBUG - No new updates found.
2025-06-23 05:31:41,070 - telegram.ext.ExtBot - DEBUG - ()
2025-06-23 05:31:41,070 - telegram.ext.ExtBot - DEBUG - Exiting: get_updates
2025-06-23 05:31:41,070 - telegram.ext.ExtBot - DEBUG - Entering: get_updates
2025-06-23 05:31:41,072 - httpcore.http11 - DEBUG - send_request_headers.started request=<Request [b'POST']>
2025-06-23 05:31:41,073 - httpcore.http11 - DEBUG - send_request_headers.complete
2025-06-23 05:31:41,073 - httpcore.http11 - DEBUG - send_request_body.started request=<Request [b'POST']>
2025-06-23 05:31:41,073 - httpcore.http11 - DEBUG - send_request_body.complete
2025-06-23 05:31:41,075 - httpcore.http11 - DEBUG - receive_response_headers.started request=<Request [b'POST']>
2025-06-23 05:31:51,304 - httpcore.http11 - DEBUG - receive_response_headers.complete return_value=(b'HTTP/1.1', 200, b'OK', [(b'Server', b'nginx/1.18.0'), (b'Date', b'Mon, 23 Jun 2025 04:31:53 GMT'), (b'Content-Type', b'application/json'), (b'Content-Length', b'23'), (b'Connection', b'keep-alive'), (b'Strict-Transport-Security', b'max-age=31536000; includeSubDomains; preload'), (b'Access-Control-Allow-Origin', b'*'), (b'Access-Control-Allow-Methods', b'GET, POST, OPTIONS'), (b'Access-Control-Expose-Headers', b'Content-Length,Content-Type,Date,Server,Connection')])
2025-06-23 05:31:51,304 - httpx - INFO - HTTP Request: POST https://api.telegram.org/bot7707158318:AAE8rWa4Q8Z_3avql6K0HAmXaooZAReoNF0/getUpdates "HTTP/1.1 200 OK"
2025-06-23 05:31:51,304 - httpcore.http11 - DEBUG - receive_response_body.started request=<Request [b'POST']>
2025-06-23 05:31:51,304 - httpcore.http11 - DEBUG - receive_response_body.complete
2025-06-23 05:31:51,307 - httpcore.http11 - DEBUG - response_closed.started
2025-06-23 05:31:51,307 - httpcore.http11 - DEBUG - response_closed.complete
2025-06-23 05:31:51,307 - telegram.ext.ExtBot - DEBUG - No new updates found.
2025-06-23 05:31:51,307 - telegram.ext.ExtBot - DEBUG - ()
2025-06-23 05:31:51,307 - telegram.ext.ExtBot - DEBUG - Exiting: get_updates
2025-06-23 05:31:51,307 - telegram.ext.ExtBot - DEBUG - Entering: get_updates
2025-06-23 05:31:51,308 - httpcore.http11 - DEBUG - send_request_headers.started request=<Request [b'POST']>
2025-06-23 05:31:51,308 - httpcore.http11 - DEBUG - send_request_headers.complete
2025-06-23 05:31:51,308 - httpcore.http11 - DEBUG - send_request_body.started request=<Request [b'POST']>
2025-06-23 05:31:51,310 - httpcore.http11 - DEBUG - send_request_body.complete
2025-06-23 05:31:51,310 - httpcore.http11 - DEBUG - receive_response_headers.started request=<Request [b'POST']>
2025-06-23 05:32:01,547 - httpcore.http11 - DEBUG - receive_response_headers.complete return_value=(b'HTTP/1.1', 200, b'OK', [(b'Server', b'nginx/1.18.0'), (b'Date', b'Mon, 23 Jun 2025 04:32:03 GMT'), (b'Content-Type', b'application/json'), (b'Content-Length', b'23'), (b'Connection', b'keep-alive'), (b'Strict-Transport-Security', b'max-age=31536000; includeSubDomains; preload'), (b'Access-Control-Allow-Origin', b'*'), (b'Access-Control-Allow-Methods', b'GET, POST, OPTIONS'), (b'Access-Control-Expose-Headers', b'Content-Length,Content-Type,Date,Server,Connection')])
2025-06-23 05:32:01,547 - httpx - INFO - HTTP Request: POST https://api.telegram.org/bot7707158318:AAE8rWa4Q8Z_3avql6K0HAmXaooZAReoNF0/getUpdates "HTTP/1.1 200 OK"
2025-06-23 05:32:01,547 - httpcore.http11 - DEBUG - receive_response_body.started request=<Request [b'POST']>
2025-06-23 05:32:01,547 - httpcore.http11 - DEBUG - receive_response_body.complete
2025-06-23 05:32:01,547 - httpcore.http11 - DEBUG - response_closed.started
2025-06-23 05:32:01,547 - httpcore.http11 - DEBUG - response_closed.complete
2025-06-23 05:32:01,547 - telegram.ext.ExtBot - DEBUG - No new updates found.
2025-06-23 05:32:01,547 - telegram.ext.ExtBot - DEBUG - ()
2025-06-23 05:32:01,547 - telegram.ext.ExtBot - DEBUG - Exiting: get_updates
2025-06-23 05:32:01,547 - telegram.ext.ExtBot - DEBUG - Entering: get_updates
2025-06-23 05:32:01,550 - httpcore.http11 - DEBUG - send_request_headers.started request=<Request [b'POST']>
2025-06-23 05:32:01,550 - httpcore.http11 - DEBUG - send_request_headers.complete
2025-06-23 05:32:01,550 - httpcore.http11 - DEBUG - send_request_body.started request=<Request [b'POST']>
2025-06-23 05:32:01,552 - httpcore.http11 - DEBUG - send_request_body.complete
2025-06-23 05:32:01,552 - httpcore.http11 - DEBUG - receive_response_headers.started request=<Request [b'POST']>
2025-06-23 05:32:11,783 - httpcore.http11 - DEBUG - receive_response_headers.complete return_value=(b'HTTP/1.1', 200, b'OK', [(b'Server', b'nginx/1.18.0'), (b'Date', b'Mon, 23 Jun 2025 04:32:13 GMT'), (b'Content-Type', b'application/json'), (b'Content-Length', b'23'), (b'Connection', b'keep-alive'), (b'Strict-Transport-Security', b'max-age=31536000; includeSubDomains; preload'), (b'Access-Control-Allow-Origin', b'*'), (b'Access-Control-Allow-Methods', b'GET, POST, OPTIONS'), (b'Access-Control-Expose-Headers', b'Content-Length,Content-Type,Date,Server,Connection')])
2025-06-23 05:32:11,783 - httpx - INFO - HTTP Request: POST https://api.telegram.org/bot7707158318:AAE8rWa4Q8Z_3avql6K0HAmXaooZAReoNF0/getUpdates "HTTP/1.1 200 OK"
2025-06-23 05:32:11,783 - httpcore.http11 - DEBUG - receive_response_body.started request=<Request [b'POST']>
2025-06-23 05:32:11,786 - httpcore.http11 - DEBUG - receive_response_body.complete
2025-06-23 05:32:11,786 - httpcore.http11 - DEBUG - response_closed.started
2025-06-23 05:32:11,786 - httpcore.http11 - DEBUG - response_closed.complete
2025-06-23 05:32:11,786 - telegram.ext.ExtBot - DEBUG - No new updates found.
2025-06-23 05:32:11,786 - telegram.ext.ExtBot - DEBUG - ()
2025-06-23 05:32:11,786 - telegram.ext.ExtBot - DEBUG - Exiting: get_updates
2025-06-23 05:32:11,786 - telegram.ext.ExtBot - DEBUG - Entering: get_updates
2025-06-23 05:32:11,786 - httpcore.http11 - DEBUG - send_request_headers.started request=<Request [b'POST']>
2025-06-23 05:32:11,786 - httpcore.http11 - DEBUG - send_request_headers.complete
2025-06-23 05:32:11,786 - httpcore.http11 - DEBUG - send_request_body.started request=<Request [b'POST']>
2025-06-23 05:32:11,786 - httpcore.http11 - DEBUG - send_request_body.complete
2025-06-23 05:32:11,786 - httpcore.http11 - DEBUG - receive_response_headers.started request=<Request [b'POST']>
2025-06-23 05:32:22,025 - httpcore.http11 - DEBUG - receive_response_headers.complete return_value=(b'HTTP/1.1', 200, b'OK', [(b'Server', b'nginx/1.18.0'), (b'Date', b'Mon, 23 Jun 2025 04:32:24 GMT'), (b'Content-Type', b'application/json'), (b'Content-Length', b'23'), (b'Connection', b'keep-alive'), (b'Strict-Transport-Security', b'max-age=31536000; includeSubDomains; preload'), (b'Access-Control-Allow-Origin', b'*'), (b'Access-Control-Allow-Methods', b'GET, POST, OPTIONS'), (b'Access-Control-Expose-Headers', b'Content-Length,Content-Type,Date,Server,Connection')])
2025-06-23 05:32:22,025 - httpx - INFO - HTTP Request: POST https://api.telegram.org/bot7707158318:AAE8rWa4Q8Z_3avql6K0HAmXaooZAReoNF0/getUpdates "HTTP/1.1 200 OK"
2025-06-23 05:32:22,025 - httpcore.http11 - DEBUG - receive_response_body.started request=<Request [b'POST']>
2025-06-23 05:32:22,027 - httpcore.http11 - DEBUG - receive_response_body.complete
2025-06-23 05:32:22,027 - httpcore.http11 - DEBUG - response_closed.started
2025-06-23 05:32:22,027 - httpcore.http11 - DEBUG - response_closed.complete
2025-06-23 05:32:22,027 - telegram.ext.ExtBot - DEBUG - No new updates found.
2025-06-23 05:32:22,027 - telegram.ext.ExtBot - DEBUG - ()
2025-06-23 05:32:22,027 - telegram.ext.ExtBot - DEBUG - Exiting: get_updates
2025-06-23 05:32:22,027 - telegram.ext.ExtBot - DEBUG - Entering: get_updates
2025-06-23 05:32:22,027 - httpcore.http11 - DEBUG - send_request_headers.started request=<Request [b'POST']>
2025-06-23 05:32:22,029 - httpcore.http11 - DEBUG - send_request_headers.complete
2025-06-23 05:32:22,029 - httpcore.http11 - DEBUG - send_request_body.started request=<Request [b'POST']>
2025-06-23 05:32:22,029 - httpcore.http11 - DEBUG - send_request_body.complete
2025-06-23 05:32:22,029 - httpcore.http11 - DEBUG - receive_response_headers.started request=<Request [b'POST']>
2025-06-23 05:32:32,265 - httpcore.http11 - DEBUG - receive_response_headers.complete return_value=(b'HTTP/1.1', 200, b'OK', [(b'Server', b'nginx/1.18.0'), (b'Date', b'Mon, 23 Jun 2025 04:32:34 GMT'), (b'Content-Type', b'application/json'), (b'Content-Length', b'23'), (b'Connection', b'keep-alive'), (b'Strict-Transport-Security', b'max-age=31536000; includeSubDomains; preload'), (b'Access-Control-Allow-Origin', b'*'), (b'Access-Control-Allow-Methods', b'GET, POST, OPTIONS'), (b'Access-Control-Expose-Headers', b'Content-Length,Content-Type,Date,Server,Connection')])
2025-06-23 05:32:32,265 - httpx - INFO - HTTP Request: POST https://api.telegram.org/bot7707158318:AAE8rWa4Q8Z_3avql6K0HAmXaooZAReoNF0/getUpdates "HTTP/1.1 200 OK"
2025-06-23 05:32:32,265 - httpcore.http11 - DEBUG - receive_response_body.started request=<Request [b'POST']>
2025-06-23 05:32:32,265 - httpcore.http11 - DEBUG - receive_response_body.complete
2025-06-23 05:32:32,265 - httpcore.http11 - DEBUG - response_closed.started
2025-06-23 05:32:32,265 - httpcore.http11 - DEBUG - response_closed.complete
2025-06-23 05:32:32,265 - telegram.ext.ExtBot - DEBUG - No new updates found.
2025-06-23 05:32:32,265 - telegram.ext.ExtBot - DEBUG - ()
2025-06-23 05:32:32,268 - telegram.ext.ExtBot - DEBUG - Exiting: get_updates
2025-06-23 05:32:32,268 - telegram.ext.ExtBot - DEBUG - Entering: get_updates
2025-06-23 05:32:32,268 - httpcore.http11 - DEBUG - send_request_headers.started request=<Request [b'POST']>
2025-06-23 05:32:32,268 - httpcore.http11 - DEBUG - send_request_headers.complete
2025-06-23 05:32:32,268 - httpcore.http11 - DEBUG - send_request_body.started request=<Request [b'POST']>
2025-06-23 05:32:32,268 - httpcore.http11 - DEBUG - send_request_body.complete
2025-06-23 05:32:32,268 - httpcore.http11 - DEBUG - receive_response_headers.started request=<Request [b'POST']>
2025-06-23 05:32:42,504 - httpcore.http11 - DEBUG - receive_response_headers.complete return_value=(b'HTTP/1.1', 200, b'OK', [(b'Server', b'nginx/1.18.0'), (b'Date', b'Mon, 23 Jun 2025 04:32:44 GMT'), (b'Content-Type', b'application/json'), (b'Content-Length', b'23'), (b'Connection', b'keep-alive'), (b'Strict-Transport-Security', b'max-age=31536000; includeSubDomains; preload'), (b'Access-Control-Allow-Origin', b'*'), (b'Access-Control-Allow-Methods', b'GET, POST, OPTIONS'), (b'Access-Control-Expose-Headers', b'Content-Length,Content-Type,Date,Server,Connection')])
2025-06-23 05:32:42,504 - httpx - INFO - HTTP Request: POST https://api.telegram.org/bot7707158318:AAE8rWa4Q8Z_3avql6K0HAmXaooZAReoNF0/getUpdates "HTTP/1.1 200 OK"
2025-06-23 05:32:42,504 - httpcore.http11 - DEBUG - receive_response_body.started request=<Request [b'POST']>
2025-06-23 05:32:42,504 - httpcore.http11 - DEBUG - receive_response_body.complete
2025-06-23 05:32:42,504 - httpcore.http11 - DEBUG - response_closed.started
2025-06-23 05:32:42,504 - httpcore.http11 - DEBUG - response_closed.complete
2025-06-23 05:32:42,504 - telegram.ext.ExtBot - DEBUG - No new updates found.
2025-06-23 05:32:42,504 - telegram.ext.ExtBot - DEBUG - ()
2025-06-23 05:32:42,504 - telegram.ext.ExtBot - DEBUG - Exiting: get_updates
2025-06-23 05:32:42,504 - telegram.ext.ExtBot - DEBUG - Entering: get_updates
2025-06-23 05:32:42,504 - httpcore.http11 - DEBUG - send_request_headers.started request=<Request [b'POST']>
2025-06-23 05:32:42,504 - httpcore.http11 - DEBUG - send_request_headers.complete
2025-06-23 05:32:42,504 - httpcore.http11 - DEBUG - send_request_body.started request=<Request [b'POST']>
2025-06-23 05:32:42,504 - httpcore.http11 - DEBUG - send_request_body.complete
2025-06-23 05:32:42,504 - httpcore.http11 - DEBUG - receive_response_headers.started request=<Request [b'POST']>
2025-06-23 05:32:52,743 - httpcore.http11 - DEBUG - receive_response_headers.complete return_value=(b'HTTP/1.1', 200, b'OK', [(b'Server', b'nginx/1.18.0'), (b'Date', b'Mon, 23 Jun 2025 04:32:54 GMT'), (b'Content-Type', b'application/json'), (b'Content-Length', b'23'), (b'Connection', b'keep-alive'), (b'Strict-Transport-Security', b'max-age=31536000; includeSubDomains; preload'), (b'Access-Control-Allow-Origin', b'*'), (b'Access-Control-Allow-Methods', b'GET, POST, OPTIONS'), (b'Access-Control-Expose-Headers', b'Content-Length,Content-Type,Date,Server,Connection')])
2025-06-23 05:32:52,745 - httpx - INFO - HTTP Request: POST https://api.telegram.org/bot7707158318:AAE8rWa4Q8Z_3avql6K0HAmXaooZAReoNF0/getUpdates "HTTP/1.1 200 OK"
2025-06-23 05:32:52,745 - httpcore.http11 - DEBUG - receive_response_body.started request=<Request [b'POST']>
2025-06-23 05:32:52,745 - httpcore.http11 - DEBUG - receive_response_body.complete
2025-06-23 05:32:52,745 - httpcore.http11 - DEBUG - response_closed.started
2025-06-23 05:32:52,745 - httpcore.http11 - DEBUG - response_closed.complete
2025-06-23 05:32:52,745 - telegram.ext.ExtBot - DEBUG - No new updates found.
2025-06-23 05:32:52,745 - telegram.ext.ExtBot - DEBUG - ()
2025-06-23 05:32:52,745 - telegram.ext.ExtBot - DEBUG - Exiting: get_updates
2025-06-23 05:32:52,745 - telegram.ext.ExtBot - DEBUG - Entering: get_updates
2025-06-23 05:32:52,745 - httpcore.http11 - DEBUG - send_request_headers.started request=<Request [b'POST']>
2025-06-23 05:32:52,745 - httpcore.http11 - DEBUG - send_request_headers.complete
2025-06-23 05:32:52,745 - httpcore.http11 - DEBUG - send_request_body.started request=<Request [b'POST']>
2025-06-23 05:32:52,745 - httpcore.http11 - DEBUG - send_request_body.complete
2025-06-23 05:32:52,745 - httpcore.http11 - DEBUG - receive_response_headers.started request=<Request [b'POST']>
2025-06-23 05:33:02,983 - httpcore.http11 - DEBUG - receive_response_headers.complete return_value=(b'HTTP/1.1', 200, b'OK', [(b'Server', b'nginx/1.18.0'), (b'Date', b'Mon, 23 Jun 2025 04:33:05 GMT'), (b'Content-Type', b'application/json'), (b'Content-Length', b'23'), (b'Connection', b'keep-alive'), (b'Strict-Transport-Security', b'max-age=31536000; includeSubDomains; preload'), (b'Access-Control-Allow-Origin', b'*'), (b'Access-Control-Allow-Methods', b'GET, POST, OPTIONS'), (b'Access-Control-Expose-Headers', b'Content-Length,Content-Type,Date,Server,Connection')])
2025-06-23 05:33:02,985 - httpx - INFO - HTTP Request: POST https://api.telegram.org/bot7707158318:AAE8rWa4Q8Z_3avql6K0HAmXaooZAReoNF0/getUpdates "HTTP/1.1 200 OK"
2025-06-23 05:33:02,985 - httpcore.http11 - DEBUG - receive_response_body.started request=<Request [b'POST']>
2025-06-23 05:33:02,985 - httpcore.http11 - DEBUG - receive_response_body.complete
2025-06-23 05:33:02,985 - httpcore.http11 - DEBUG - response_closed.started
2025-06-23 05:33:02,985 - httpcore.http11 - DEBUG - response_closed.complete
2025-06-23 05:33:02,986 - telegram.ext.ExtBot - DEBUG - No new updates found.
2025-06-23 05:33:02,986 - telegram.ext.ExtBot - DEBUG - ()
2025-06-23 05:33:02,986 - telegram.ext.ExtBot - DEBUG - Exiting: get_updates
2025-06-23 05:33:02,986 - telegram.ext.ExtBot - DEBUG - Entering: get_updates
2025-06-23 05:33:02,986 - httpcore.http11 - DEBUG - send_request_headers.started request=<Request [b'POST']>
2025-06-23 05:33:02,986 - httpcore.http11 - DEBUG - send_request_headers.complete
2025-06-23 05:33:02,986 - httpcore.http11 - DEBUG - send_request_body.started request=<Request [b'POST']>
2025-06-23 05:33:02,986 - httpcore.http11 - DEBUG - send_request_body.complete
2025-06-23 05:33:02,986 - httpcore.http11 - DEBUG - receive_response_headers.started request=<Request [b'POST']>
2025-06-23 05:33:13,225 - httpcore.http11 - DEBUG - receive_response_headers.complete return_value=(b'HTTP/1.1', 200, b'OK', [(b'Server', b'nginx/1.18.0'), (b'Date', b'Mon, 23 Jun 2025 04:33:15 GMT'), (b'Content-Type', b'application/json'), (b'Content-Length', b'23'), (b'Connection', b'keep-alive'), (b'Strict-Transport-Security', b'max-age=31536000; includeSubDomains; preload'), (b'Access-Control-Allow-Origin', b'*'), (b'Access-Control-Allow-Methods', b'GET, POST, OPTIONS'), (b'Access-Control-Expose-Headers', b'Content-Length,Content-Type,Date,Server,Connection')])
2025-06-23 05:33:13,225 - httpx - INFO - HTTP Request: POST https://api.telegram.org/bot7707158318:AAE8rWa4Q8Z_3avql6K0HAmXaooZAReoNF0/getUpdates "HTTP/1.1 200 OK"
2025-06-23 05:33:13,225 - httpcore.http11 - DEBUG - receive_response_body.started request=<Request [b'POST']>
2025-06-23 05:33:13,225 - httpcore.http11 - DEBUG - receive_response_body.complete
2025-06-23 05:33:13,225 - httpcore.http11 - DEBUG - response_closed.started
2025-06-23 05:33:13,227 - httpcore.http11 - DEBUG - response_closed.complete
2025-06-23 05:33:13,227 - telegram.ext.ExtBot - DEBUG - No new updates found.
2025-06-23 05:33:13,227 - telegram.ext.ExtBot - DEBUG - ()
2025-06-23 05:33:13,227 - telegram.ext.ExtBot - DEBUG - Exiting: get_updates
2025-06-23 05:33:13,227 - telegram.ext.ExtBot - DEBUG - Entering: get_updates
2025-06-23 05:33:13,227 - httpcore.http11 - DEBUG - send_request_headers.started request=<Request [b'POST']>
2025-06-23 05:33:13,227 - httpcore.http11 - DEBUG - send_request_headers.complete
2025-06-23 05:33:13,227 - httpcore.http11 - DEBUG - send_request_body.started request=<Request [b'POST']>
2025-06-23 05:33:13,227 - httpcore.http11 - DEBUG - send_request_body.complete
2025-06-23 05:33:13,227 - httpcore.http11 - DEBUG - receive_response_headers.started request=<Request [b'POST']>
2025-06-23 05:33:23,463 - httpcore.http11 - DEBUG - receive_response_headers.complete return_value=(b'HTTP/1.1', 200, b'OK', [(b'Server', b'nginx/1.18.0'), (b'Date', b'Mon, 23 Jun 2025 04:33:25 GMT'), (b'Content-Type', b'application/json'), (b'Content-Length', b'23'), (b'Connection', b'keep-alive'), (b'Strict-Transport-Security', b'max-age=31536000; includeSubDomains; preload'), (b'Access-Control-Allow-Origin', b'*'), (b'Access-Control-Allow-Methods', b'GET, POST, OPTIONS'), (b'Access-Control-Expose-Headers', b'Content-Length,Content-Type,Date,Server,Connection')])
2025-06-23 05:33:23,465 - httpx - INFO - HTTP Request: POST https://api.telegram.org/bot7707158318:AAE8rWa4Q8Z_3avql6K0HAmXaooZAReoNF0/getUpdates "HTTP/1.1 200 OK"
2025-06-23 05:33:23,465 - httpcore.http11 - DEBUG - receive_response_body.started request=<Request [b'POST']>
2025-06-23 05:33:23,465 - httpcore.http11 - DEBUG - receive_response_body.complete
2025-06-23 05:33:23,465 - httpcore.http11 - DEBUG - response_closed.started
2025-06-23 05:33:23,465 - httpcore.http11 - DEBUG - response_closed.complete
2025-06-23 05:33:23,465 - telegram.ext.ExtBot - DEBUG - No new updates found.
2025-06-23 05:33:23,465 - telegram.ext.ExtBot - DEBUG - ()
2025-06-23 05:33:23,465 - telegram.ext.ExtBot - DEBUG - Exiting: get_updates
2025-06-23 05:33:23,465 - telegram.ext.ExtBot - DEBUG - Entering: get_updates
2025-06-23 05:33:23,465 - httpcore.http11 - DEBUG - send_request_headers.started request=<Request [b'POST']>
2025-06-23 05:33:23,465 - httpcore.http11 - DEBUG - send_request_headers.complete
2025-06-23 05:33:23,465 - httpcore.http11 - DEBUG - send_request_body.started request=<Request [b'POST']>
2025-06-23 05:33:23,469 - httpcore.http11 - DEBUG - send_request_body.complete
2025-06-23 05:33:23,469 - httpcore.http11 - DEBUG - receive_response_headers.started request=<Request [b'POST']>
2025-06-23 05:33:33,634 - httpcore.http11 - DEBUG - receive_response_headers.complete return_value=(b'HTTP/1.1', 200, b'OK', [(b'Server', b'nginx/1.18.0'), (b'Date', b'Mon, 23 Jun 2025 04:33:35 GMT'), (b'Content-Type', b'application/json'), (b'Content-Length', b'23'), (b'Connection', b'keep-alive'), (b'Strict-Transport-Security', b'max-age=31536000; includeSubDomains; preload'), (b'Access-Control-Allow-Origin', b'*'), (b'Access-Control-Allow-Methods', b'GET, POST, OPTIONS'), (b'Access-Control-Expose-Headers', b'Content-Length,Content-Type,Date,Server,Connection')])
2025-06-23 05:33:33,634 - httpx - INFO - HTTP Request: POST https://api.telegram.org/bot7707158318:AAE8rWa4Q8Z_3avql6K0HAmXaooZAReoNF0/getUpdates "HTTP/1.1 200 OK"
2025-06-23 05:33:33,635 - httpcore.http11 - DEBUG - receive_response_body.started request=<Request [b'POST']>
2025-06-23 05:33:33,635 - httpcore.http11 - DEBUG - receive_response_body.complete
2025-06-23 05:33:33,635 - httpcore.http11 - DEBUG - response_closed.started
2025-06-23 05:33:33,635 - httpcore.http11 - DEBUG - response_closed.complete
2025-06-23 05:33:33,635 - telegram.ext.ExtBot - DEBUG - No new updates found.
2025-06-23 05:33:33,635 - telegram.ext.ExtBot - DEBUG - ()
2025-06-23 05:33:33,635 - telegram.ext.ExtBot - DEBUG - Exiting: get_updates
2025-06-23 05:33:33,635 - telegram.ext.ExtBot - DEBUG - Entering: get_updates
2025-06-23 05:33:33,636 - httpcore.http11 - DEBUG - send_request_headers.started request=<Request [b'POST']>
2025-06-23 05:33:33,636 - httpcore.http11 - DEBUG - send_request_headers.complete
2025-06-23 05:33:33,636 - httpcore.http11 - DEBUG - send_request_body.started request=<Request [b'POST']>
2025-06-23 05:33:33,636 - httpcore.http11 - DEBUG - send_request_body.complete
2025-06-23 05:33:33,636 - httpcore.http11 - DEBUG - receive_response_headers.started request=<Request [b'POST']>
2025-06-23 05:33:43,896 - httpcore.http11 - DEBUG - receive_response_headers.complete return_value=(b'HTTP/1.1', 200, b'OK', [(b'Server', b'nginx/1.18.0'), (b'Date', b'Mon, 23 Jun 2025 04:33:46 GMT'), (b'Content-Type', b'application/json'), (b'Content-Length', b'23'), (b'Connection', b'keep-alive'), (b'Strict-Transport-Security', b'max-age=31536000; includeSubDomains; preload'), (b'Access-Control-Allow-Origin', b'*'), (b'Access-Control-Allow-Methods', b'GET, POST, OPTIONS'), (b'Access-Control-Expose-Headers', b'Content-Length,Content-Type,Date,Server,Connection')])
2025-06-23 05:33:43,896 - httpx - INFO - HTTP Request: POST https://api.telegram.org/bot7707158318:AAE8rWa4Q8Z_3avql6K0HAmXaooZAReoNF0/getUpdates "HTTP/1.1 200 OK"
2025-06-23 05:33:43,896 - httpcore.http11 - DEBUG - receive_response_body.started request=<Request [b'POST']>
2025-06-23 05:33:43,896 - httpcore.http11 - DEBUG - receive_response_body.complete
2025-06-23 05:33:43,896 - httpcore.http11 - DEBUG - response_closed.started
2025-06-23 05:33:43,896 - httpcore.http11 - DEBUG - response_closed.complete
2025-06-23 05:33:43,896 - telegram.ext.ExtBot - DEBUG - No new updates found.
2025-06-23 05:33:43,896 - telegram.ext.ExtBot - DEBUG - ()
2025-06-23 05:33:43,896 - telegram.ext.ExtBot - DEBUG - Exiting: get_updates
2025-06-23 05:33:43,896 - telegram.ext.ExtBot - DEBUG - Entering: get_updates
2025-06-23 05:33:43,896 - httpcore.http11 - DEBUG - send_request_headers.started request=<Request [b'POST']>
2025-06-23 05:33:43,901 - httpcore.http11 - DEBUG - send_request_headers.complete
2025-06-23 05:33:43,901 - httpcore.http11 - DEBUG - send_request_body.started request=<Request [b'POST']>
2025-06-23 05:33:43,901 - httpcore.http11 - DEBUG - send_request_body.complete
2025-06-23 05:33:43,903 - httpcore.http11 - DEBUG - receive_response_headers.started request=<Request [b'POST']>
2025-06-23 05:33:53,977 - httpcore.http11 - DEBUG - receive_response_headers.complete return_value=(b'HTTP/1.1', 200, b'OK', [(b'Server', b'nginx/1.18.0'), (b'Date', b'Mon, 23 Jun 2025 04:33:56 GMT'), (b'Content-Type', b'application/json'), (b'Content-Length', b'23'), (b'Connection', b'keep-alive'), (b'Strict-Transport-Security', b'max-age=31536000; includeSubDomains; preload'), (b'Access-Control-Allow-Origin', b'*'), (b'Access-Control-Allow-Methods', b'GET, POST, OPTIONS'), (b'Access-Control-Expose-Headers', b'Content-Length,Content-Type,Date,Server,Connection')])
2025-06-23 05:33:53,977 - httpx - INFO - HTTP Request: POST https://api.telegram.org/bot7707158318:AAE8rWa4Q8Z_3avql6K0HAmXaooZAReoNF0/getUpdates "HTTP/1.1 200 OK"
2025-06-23 05:33:53,979 - httpcore.http11 - DEBUG - receive_response_body.started request=<Request [b'POST']>
2025-06-23 05:33:53,979 - httpcore.http11 - DEBUG - receive_response_body.complete
2025-06-23 05:33:53,979 - httpcore.http11 - DEBUG - response_closed.started
2025-06-23 05:33:53,979 - httpcore.http11 - DEBUG - response_closed.complete
2025-06-23 05:33:53,979 - telegram.ext.ExtBot - DEBUG - No new updates found.
2025-06-23 05:33:53,979 - telegram.ext.ExtBot - DEBUG - ()
2025-06-23 05:33:53,979 - telegram.ext.ExtBot - DEBUG - Exiting: get_updates
2025-06-23 05:33:53,979 - telegram.ext.ExtBot - DEBUG - Entering: get_updates
2025-06-23 05:33:53,980 - httpcore.http11 - DEBUG - send_request_headers.started request=<Request [b'POST']>
2025-06-23 05:33:53,980 - httpcore.http11 - DEBUG - send_request_headers.complete
2025-06-23 05:33:53,980 - httpcore.http11 - DEBUG - send_request_body.started request=<Request [b'POST']>
2025-06-23 05:33:53,981 - httpcore.http11 - DEBUG - send_request_body.complete
2025-06-23 05:33:53,981 - httpcore.http11 - DEBUG - receive_response_headers.started request=<Request [b'POST']>
2025-06-23 05:34:04,220 - httpcore.http11 - DEBUG - receive_response_headers.complete return_value=(b'HTTP/1.1', 200, b'OK', [(b'Server', b'nginx/1.18.0'), (b'Date', b'Mon, 23 Jun 2025 04:34:06 GMT'), (b'Content-Type', b'application/json'), (b'Content-Length', b'23'), (b'Connection', b'keep-alive'), (b'Strict-Transport-Security', b'max-age=31536000; includeSubDomains; preload'), (b'Access-Control-Allow-Origin', b'*'), (b'Access-Control-Allow-Methods', b'GET, POST, OPTIONS'), (b'Access-Control-Expose-Headers', b'Content-Length,Content-Type,Date,Server,Connection')])
2025-06-23 05:34:04,221 - httpx - INFO - HTTP Request: POST https://api.telegram.org/bot7707158318:AAE8rWa4Q8Z_3avql6K0HAmXaooZAReoNF0/getUpdates "HTTP/1.1 200 OK"
2025-06-23 05:34:04,222 - httpcore.http11 - DEBUG - receive_response_body.started request=<Request [b'POST']>
2025-06-23 05:34:04,222 - httpcore.http11 - DEBUG - receive_response_body.complete
2025-06-23 05:34:04,222 - httpcore.http11 - DEBUG - response_closed.started
2025-06-23 05:34:04,222 - httpcore.http11 - DEBUG - response_closed.complete
2025-06-23 05:34:04,223 - telegram.ext.ExtBot - DEBUG - No new updates found.
2025-06-23 05:34:04,223 - telegram.ext.ExtBot - DEBUG - ()
2025-06-23 05:34:04,223 - telegram.ext.ExtBot - DEBUG - Exiting: get_updates
2025-06-23 05:34:04,223 - telegram.ext.ExtBot - DEBUG - Entering: get_updates
2025-06-23 05:34:04,224 - httpcore.http11 - DEBUG - send_request_headers.started request=<Request [b'POST']>
2025-06-23 05:34:04,224 - httpcore.http11 - DEBUG - send_request_headers.complete
2025-06-23 05:34:04,224 - httpcore.http11 - DEBUG - send_request_body.started request=<Request [b'POST']>
2025-06-23 05:34:04,225 - httpcore.http11 - DEBUG - send_request_body.complete
2025-06-23 05:34:04,225 - httpcore.http11 - DEBUG - receive_response_headers.started request=<Request [b'POST']>
2025-06-23 05:34:14,301 - httpcore.http11 - DEBUG - receive_response_headers.complete return_value=(b'HTTP/1.1', 200, b'OK', [(b'Server', b'nginx/1.18.0'), (b'Date', b'Mon, 23 Jun 2025 04:34:16 GMT'), (b'Content-Type', b'application/json'), (b'Content-Length', b'23'), (b'Connection', b'keep-alive'), (b'Strict-Transport-Security', b'max-age=31536000; includeSubDomains; preload'), (b'Access-Control-Allow-Origin', b'*'), (b'Access-Control-Allow-Methods', b'GET, POST, OPTIONS'), (b'Access-Control-Expose-Headers', b'Content-Length,Content-Type,Date,Server,Connection')])
2025-06-23 05:34:14,304 - httpx - INFO - HTTP Request: POST https://api.telegram.org/bot7707158318:AAE8rWa4Q8Z_3avql6K0HAmXaooZAReoNF0/getUpdates "HTTP/1.1 200 OK"
2025-06-23 05:34:14,305 - httpcore.http11 - DEBUG - receive_response_body.started request=<Request [b'POST']>
2025-06-23 05:34:14,305 - httpcore.http11 - DEBUG - receive_response_body.complete
2025-06-23 05:34:14,305 - httpcore.http11 - DEBUG - response_closed.started
2025-06-23 05:34:14,305 - httpcore.http11 - DEBUG - response_closed.complete
2025-06-23 05:34:14,306 - telegram.ext.ExtBot - DEBUG - No new updates found.
2025-06-23 05:34:14,306 - telegram.ext.ExtBot - DEBUG - ()
2025-06-23 05:34:14,306 - telegram.ext.ExtBot - DEBUG - Exiting: get_updates
2025-06-23 05:34:14,306 - telegram.ext.ExtBot - DEBUG - Entering: get_updates
2025-06-23 05:34:14,307 - httpcore.http11 - DEBUG - send_request_headers.started request=<Request [b'POST']>
2025-06-23 05:34:14,308 - httpcore.http11 - DEBUG - send_request_headers.complete
2025-06-23 05:34:14,308 - httpcore.http11 - DEBUG - send_request_body.started request=<Request [b'POST']>
2025-06-23 05:34:14,308 - httpcore.http11 - DEBUG - send_request_body.complete
2025-06-23 05:34:14,308 - httpcore.http11 - DEBUG - receive_response_headers.started request=<Request [b'POST']>
2025-06-23 05:34:24,603 - httpcore.http11 - DEBUG - receive_response_headers.complete return_value=(b'HTTP/1.1', 200, b'OK', [(b'Server', b'nginx/1.18.0'), (b'Date', b'Mon, 23 Jun 2025 04:34:26 GMT'), (b'Content-Type', b'application/json'), (b'Content-Length', b'23'), (b'Connection', b'keep-alive'), (b'Strict-Transport-Security', b'max-age=31536000; includeSubDomains; preload'), (b'Access-Control-Allow-Origin', b'*'), (b'Access-Control-Allow-Methods', b'GET, POST, OPTIONS'), (b'Access-Control-Expose-Headers', b'Content-Length,Content-Type,Date,Server,Connection')])
2025-06-23 05:34:24,604 - httpx - INFO - HTTP Request: POST https://api.telegram.org/bot7707158318:AAE8rWa4Q8Z_3avql6K0HAmXaooZAReoNF0/getUpdates "HTTP/1.1 200 OK"
2025-06-23 05:34:24,605 - httpcore.http11 - DEBUG - receive_response_body.started request=<Request [b'POST']>
2025-06-23 05:34:24,606 - httpcore.http11 - DEBUG - receive_response_body.complete
2025-06-23 05:34:24,606 - httpcore.http11 - DEBUG - response_closed.started
2025-06-23 05:34:24,606 - httpcore.http11 - DEBUG - response_closed.complete
2025-06-23 05:34:24,607 - telegram.ext.ExtBot - DEBUG - No new updates found.
2025-06-23 05:34:24,607 - telegram.ext.ExtBot - DEBUG - ()
2025-06-23 05:34:24,607 - telegram.ext.ExtBot - DEBUG - Exiting: get_updates
2025-06-23 05:34:24,608 - telegram.ext.ExtBot - DEBUG - Entering: get_updates
2025-06-23 05:34:24,608 - httpcore.http11 - DEBUG - send_request_headers.started request=<Request [b'POST']>
2025-06-23 05:34:24,609 - httpcore.http11 - DEBUG - send_request_headers.complete
2025-06-23 05:34:24,609 - httpcore.http11 - DEBUG - send_request_body.started request=<Request [b'POST']>
2025-06-23 05:34:24,610 - httpcore.http11 - DEBUG - send_request_body.complete
2025-06-23 05:34:24,610 - httpcore.http11 - DEBUG - receive_response_headers.started request=<Request [b'POST']>
2025-06-23 05:34:34,690 - httpcore.http11 - DEBUG - receive_response_headers.complete return_value=(b'HTTP/1.1', 200, b'OK', [(b'Server', b'nginx/1.18.0'), (b'Date', b'Mon, 23 Jun 2025 04:34:36 GMT'), (b'Content-Type', b'application/json'), (b'Content-Length', b'23'), (b'Connection', b'keep-alive'), (b'Strict-Transport-Security', b'max-age=31536000; includeSubDomains; preload'), (b'Access-Control-Allow-Origin', b'*'), (b'Access-Control-Allow-Methods', b'GET, POST, OPTIONS'), (b'Access-Control-Expose-Headers', b'Content-Length,Content-Type,Date,Server,Connection')])
2025-06-23 05:34:34,691 - httpx - INFO - HTTP Request: POST https://api.telegram.org/bot7707158318:AAE8rWa4Q8Z_3avql6K0HAmXaooZAReoNF0/getUpdates "HTTP/1.1 200 OK"
2025-06-23 05:34:34,691 - httpcore.http11 - DEBUG - receive_response_body.started request=<Request [b'POST']>
2025-06-23 05:34:34,691 - httpcore.http11 - DEBUG - receive_response_body.complete
2025-06-23 05:34:34,691 - httpcore.http11 - DEBUG - response_closed.started
2025-06-23 05:34:34,691 - httpcore.http11 - DEBUG - response_closed.complete
2025-06-23 05:34:34,691 - telegram.ext.ExtBot - DEBUG - No new updates found.
2025-06-23 05:34:34,691 - telegram.ext.ExtBot - DEBUG - ()
2025-06-23 05:34:34,691 - telegram.ext.ExtBot - DEBUG - Exiting: get_updates
2025-06-23 05:34:34,691 - telegram.ext.ExtBot - DEBUG - Entering: get_updates
2025-06-23 05:34:34,693 - httpcore.http11 - DEBUG - send_request_headers.started request=<Request [b'POST']>
2025-06-23 05:34:34,693 - httpcore.http11 - DEBUG - send_request_headers.complete
2025-06-23 05:34:34,693 - httpcore.http11 - DEBUG - send_request_body.started request=<Request [b'POST']>
2025-06-23 05:34:34,693 - httpcore.http11 - DEBUG - send_request_body.complete
2025-06-23 05:34:34,693 - httpcore.http11 - DEBUG - receive_response_headers.started request=<Request [b'POST']>
2025-06-23 05:34:44,815 - httpcore.http11 - DEBUG - receive_response_headers.complete return_value=(b'HTTP/1.1', 200, b'OK', [(b'Server', b'nginx/1.18.0'), (b'Date', b'Mon, 23 Jun 2025 04:34:47 GMT'), (b'Content-Type', b'application/json'), (b'Content-Length', b'23'), (b'Connection', b'keep-alive'), (b'Strict-Transport-Security', b'max-age=31536000; includeSubDomains; preload'), (b'Access-Control-Allow-Origin', b'*'), (b'Access-Control-Allow-Methods', b'GET, POST, OPTIONS'), (b'Access-Control-Expose-Headers', b'Content-Length,Content-Type,Date,Server,Connection')])
2025-06-23 05:34:44,816 - httpx - INFO - HTTP Request: POST https://api.telegram.org/bot7707158318:AAE8rWa4Q8Z_3avql6K0HAmXaooZAReoNF0/getUpdates "HTTP/1.1 200 OK"
2025-06-23 05:34:44,816 - httpcore.http11 - DEBUG - receive_response_body.started request=<Request [b'POST']>
2025-06-23 05:34:44,816 - httpcore.http11 - DEBUG - receive_response_body.complete
2025-06-23 05:34:44,816 - httpcore.http11 - DEBUG - response_closed.started
2025-06-23 05:34:44,816 - httpcore.http11 - DEBUG - response_closed.complete
2025-06-23 05:34:44,816 - telegram.ext.ExtBot - DEBUG - No new updates found.
2025-06-23 05:34:44,816 - telegram.ext.ExtBot - DEBUG - ()
2025-06-23 05:34:44,816 - telegram.ext.ExtBot - DEBUG - Exiting: get_updates
2025-06-23 05:34:44,816 - telegram.ext.ExtBot - DEBUG - Entering: get_updates
2025-06-23 05:34:44,816 - httpcore.http11 - DEBUG - send_request_headers.started request=<Request [b'POST']>
2025-06-23 05:34:44,816 - httpcore.http11 - DEBUG - send_request_headers.complete
2025-06-23 05:34:44,816 - httpcore.http11 - DEBUG - send_request_body.started request=<Request [b'POST']>
2025-06-23 05:34:44,819 - httpcore.http11 - DEBUG - send_request_body.complete
2025-06-23 05:34:44,819 - httpcore.http11 - DEBUG - receive_response_headers.started request=<Request [b'POST']>
2025-06-23 05:34:55,054 - httpcore.http11 - DEBUG - receive_response_headers.complete return_value=(b'HTTP/1.1', 200, b'OK', [(b'Server', b'nginx/1.18.0'), (b'Date', b'Mon, 23 Jun 2025 04:34:57 GMT'), (b'Content-Type', b'application/json'), (b'Content-Length', b'23'), (b'Connection', b'keep-alive'), (b'Strict-Transport-Security', b'max-age=31536000; includeSubDomains; preload'), (b'Access-Control-Allow-Origin', b'*'), (b'Access-Control-Allow-Methods', b'GET, POST, OPTIONS'), (b'Access-Control-Expose-Headers', b'Content-Length,Content-Type,Date,Server,Connection')])
2025-06-23 05:34:55,054 - httpx - INFO - HTTP Request: POST https://api.telegram.org/bot7707158318:AAE8rWa4Q8Z_3avql6K0HAmXaooZAReoNF0/getUpdates "HTTP/1.1 200 OK"
2025-06-23 05:34:55,054 - httpcore.http11 - DEBUG - receive_response_body.started request=<Request [b'POST']>
2025-06-23 05:34:55,057 - httpcore.http11 - DEBUG - receive_response_body.complete
2025-06-23 05:34:55,057 - httpcore.http11 - DEBUG - response_closed.started
2025-06-23 05:34:55,057 - httpcore.http11 - DEBUG - response_closed.complete
2025-06-23 05:34:55,057 - telegram.ext.ExtBot - DEBUG - No new updates found.
2025-06-23 05:34:55,057 - telegram.ext.ExtBot - DEBUG - ()
2025-06-23 05:34:55,057 - telegram.ext.ExtBot - DEBUG - Exiting: get_updates
2025-06-23 05:34:55,057 - telegram.ext.ExtBot - DEBUG - Entering: get_updates
2025-06-23 05:34:55,058 - httpcore.http11 - DEBUG - send_request_headers.started request=<Request [b'POST']>
2025-06-23 05:34:55,061 - httpcore.http11 - DEBUG - send_request_headers.complete
2025-06-23 05:34:55,061 - httpcore.http11 - DEBUG - send_request_body.started request=<Request [b'POST']>
2025-06-23 05:34:55,061 - httpcore.http11 - DEBUG - send_request_body.complete
2025-06-23 05:34:55,061 - httpcore.http11 - DEBUG - receive_response_headers.started request=<Request [b'POST']>
2025-06-23 05:35:05,293 - httpcore.http11 - DEBUG - receive_response_headers.complete return_value=(b'HTTP/1.1', 200, b'OK', [(b'Server', b'nginx/1.18.0'), (b'Date', b'Mon, 23 Jun 2025 04:35:07 GMT'), (b'Content-Type', b'application/json'), (b'Content-Length', b'23'), (b'Connection', b'keep-alive'), (b'Strict-Transport-Security', b'max-age=31536000; includeSubDomains; preload'), (b'Access-Control-Allow-Origin', b'*'), (b'Access-Control-Allow-Methods', b'GET, POST, OPTIONS'), (b'Access-Control-Expose-Headers', b'Content-Length,Content-Type,Date,Server,Connection')])
2025-06-23 05:35:05,295 - httpx - INFO - HTTP Request: POST https://api.telegram.org/bot7707158318:AAE8rWa4Q8Z_3avql6K0HAmXaooZAReoNF0/getUpdates "HTTP/1.1 200 OK"
2025-06-23 05:35:05,295 - httpcore.http11 - DEBUG - receive_response_body.started request=<Request [b'POST']>
2025-06-23 05:35:05,295 - httpcore.http11 - DEBUG - receive_response_body.complete
2025-06-23 05:35:05,295 - httpcore.http11 - DEBUG - response_closed.started
2025-06-23 05:35:05,295 - httpcore.http11 - DEBUG - response_closed.complete
2025-06-23 05:35:05,295 - telegram.ext.ExtBot - DEBUG - No new updates found.
2025-06-23 05:35:05,295 - telegram.ext.ExtBot - DEBUG - ()
2025-06-23 05:35:05,295 - telegram.ext.ExtBot - DEBUG - Exiting: get_updates
2025-06-23 05:35:05,295 - telegram.ext.ExtBot - DEBUG - Entering: get_updates
2025-06-23 05:35:05,295 - httpcore.http11 - DEBUG - send_request_headers.started request=<Request [b'POST']>
2025-06-23 05:35:05,301 - httpcore.http11 - DEBUG - send_request_headers.complete
2025-06-23 05:35:05,301 - httpcore.http11 - DEBUG - send_request_body.started request=<Request [b'POST']>
2025-06-23 05:35:05,301 - httpcore.http11 - DEBUG - send_request_body.complete
2025-06-23 05:35:05,301 - httpcore.http11 - DEBUG - receive_response_headers.started request=<Request [b'POST']>
2025-06-23 05:35:15,532 - httpcore.http11 - DEBUG - receive_response_headers.complete return_value=(b'HTTP/1.1', 200, b'OK', [(b'Server', b'nginx/1.18.0'), (b'Date', b'Mon, 23 Jun 2025 04:35:17 GMT'), (b'Content-Type', b'application/json'), (b'Content-Length', b'23'), (b'Connection', b'keep-alive'), (b'Strict-Transport-Security', b'max-age=31536000; includeSubDomains; preload'), (b'Access-Control-Allow-Origin', b'*'), (b'Access-Control-Allow-Methods', b'GET, POST, OPTIONS'), (b'Access-Control-Expose-Headers', b'Content-Length,Content-Type,Date,Server,Connection')])
2025-06-23 05:35:15,537 - httpx - INFO - HTTP Request: POST https://api.telegram.org/bot7707158318:AAE8rWa4Q8Z_3avql6K0HAmXaooZAReoNF0/getUpdates "HTTP/1.1 200 OK"
2025-06-23 05:35:15,537 - httpcore.http11 - DEBUG - receive_response_body.started request=<Request [b'POST']>
2025-06-23 05:35:15,537 - httpcore.http11 - DEBUG - receive_response_body.complete
2025-06-23 05:35:15,537 - httpcore.http11 - DEBUG - response_closed.started
2025-06-23 05:35:15,537 - httpcore.http11 - DEBUG - response_closed.complete
2025-06-23 05:35:15,537 - telegram.ext.ExtBot - DEBUG - No new updates found.
2025-06-23 05:35:15,537 - telegram.ext.ExtBot - DEBUG - ()
2025-06-23 05:35:15,537 - telegram.ext.ExtBot - DEBUG - Exiting: get_updates
2025-06-23 05:35:15,537 - telegram.ext.ExtBot - DEBUG - Entering: get_updates
2025-06-23 05:35:15,544 - httpcore.http11 - DEBUG - send_request_headers.started request=<Request [b'POST']>
2025-06-23 05:35:15,544 - httpcore.http11 - DEBUG - send_request_headers.complete
2025-06-23 05:35:15,544 - httpcore.http11 - DEBUG - send_request_body.started request=<Request [b'POST']>
2025-06-23 05:35:15,545 - httpcore.http11 - DEBUG - send_request_body.complete
2025-06-23 05:35:15,545 - httpcore.http11 - DEBUG - receive_response_headers.started request=<Request [b'POST']>
2025-06-23 05:35:25,775 - httpcore.http11 - DEBUG - receive_response_headers.complete return_value=(b'HTTP/1.1', 200, b'OK', [(b'Server', b'nginx/1.18.0'), (b'Date', b'Mon, 23 Jun 2025 04:35:27 GMT'), (b'Content-Type', b'application/json'), (b'Content-Length', b'23'), (b'Connection', b'keep-alive'), (b'Strict-Transport-Security', b'max-age=31536000; includeSubDomains; preload'), (b'Access-Control-Allow-Origin', b'*'), (b'Access-Control-Allow-Methods', b'GET, POST, OPTIONS'), (b'Access-Control-Expose-Headers', b'Content-Length,Content-Type,Date,Server,Connection')])
2025-06-23 05:35:25,775 - httpx - INFO - HTTP Request: POST https://api.telegram.org/bot7707158318:AAE8rWa4Q8Z_3avql6K0HAmXaooZAReoNF0/getUpdates "HTTP/1.1 200 OK"
2025-06-23 05:35:25,775 - httpcore.http11 - DEBUG - receive_response_body.started request=<Request [b'POST']>
2025-06-23 05:35:25,775 - httpcore.http11 - DEBUG - receive_response_body.complete
2025-06-23 05:35:25,775 - httpcore.http11 - DEBUG - response_closed.started
2025-06-23 05:35:25,775 - httpcore.http11 - DEBUG - response_closed.complete
2025-06-23 05:35:25,775 - telegram.ext.ExtBot - DEBUG - No new updates found.
2025-06-23 05:35:25,775 - telegram.ext.ExtBot - DEBUG - ()
2025-06-23 05:35:25,775 - telegram.ext.ExtBot - DEBUG - Exiting: get_updates
2025-06-23 05:35:25,775 - telegram.ext.ExtBot - DEBUG - Entering: get_updates
2025-06-23 05:35:25,778 - httpcore.http11 - DEBUG - send_request_headers.started request=<Request [b'POST']>
2025-06-23 05:35:25,778 - httpcore.http11 - DEBUG - send_request_headers.complete
2025-06-23 05:35:25,779 - httpcore.http11 - DEBUG - send_request_body.started request=<Request [b'POST']>
2025-06-23 05:35:25,779 - httpcore.http11 - DEBUG - send_request_body.complete
2025-06-23 05:35:25,779 - httpcore.http11 - DEBUG - receive_response_headers.started request=<Request [b'POST']>
2025-06-23 05:35:36,015 - httpcore.http11 - DEBUG - receive_response_headers.complete return_value=(b'HTTP/1.1', 200, b'OK', [(b'Server', b'nginx/1.18.0'), (b'Date', b'Mon, 23 Jun 2025 04:35:38 GMT'), (b'Content-Type', b'application/json'), (b'Content-Length', b'23'), (b'Connection', b'keep-alive'), (b'Strict-Transport-Security', b'max-age=31536000; includeSubDomains; preload'), (b'Access-Control-Allow-Origin', b'*'), (b'Access-Control-Allow-Methods', b'GET, POST, OPTIONS'), (b'Access-Control-Expose-Headers', b'Content-Length,Content-Type,Date,Server,Connection')])
2025-06-23 05:35:36,015 - httpx - INFO - HTTP Request: POST https://api.telegram.org/bot7707158318:AAE8rWa4Q8Z_3avql6K0HAmXaooZAReoNF0/getUpdates "HTTP/1.1 200 OK"
2025-06-23 05:35:36,019 - httpcore.http11 - DEBUG - receive_response_body.started request=<Request [b'POST']>
2025-06-23 05:35:36,019 - httpcore.http11 - DEBUG - receive_response_body.complete
2025-06-23 05:35:36,019 - httpcore.http11 - DEBUG - response_closed.started
2025-06-23 05:35:36,019 - httpcore.http11 - DEBUG - response_closed.complete
2025-06-23 05:35:36,020 - telegram.ext.ExtBot - DEBUG - No new updates found.
2025-06-23 05:35:36,020 - telegram.ext.ExtBot - DEBUG - ()
2025-06-23 05:35:36,020 - telegram.ext.ExtBot - DEBUG - Exiting: get_updates
2025-06-23 05:35:36,020 - telegram.ext.ExtBot - DEBUG - Entering: get_updates
2025-06-23 05:35:36,022 - httpcore.http11 - DEBUG - send_request_headers.started request=<Request [b'POST']>
2025-06-23 05:35:36,023 - httpcore.http11 - DEBUG - send_request_headers.complete
2025-06-23 05:35:36,023 - httpcore.http11 - DEBUG - send_request_body.started request=<Request [b'POST']>
2025-06-23 05:35:36,023 - httpcore.http11 - DEBUG - send_request_body.complete
2025-06-23 05:35:36,023 - httpcore.http11 - DEBUG - receive_response_headers.started request=<Request [b'POST']>
2025-06-23 05:35:46,254 - httpcore.http11 - DEBUG - receive_response_headers.complete return_value=(b'HTTP/1.1', 200, b'OK', [(b'Server', b'nginx/1.18.0'), (b'Date', b'Mon, 23 Jun 2025 04:35:48 GMT'), (b'Content-Type', b'application/json'), (b'Content-Length', b'23'), (b'Connection', b'keep-alive'), (b'Strict-Transport-Security', b'max-age=31536000; includeSubDomains; preload'), (b'Access-Control-Allow-Origin', b'*'), (b'Access-Control-Allow-Methods', b'GET, POST, OPTIONS'), (b'Access-Control-Expose-Headers', b'Content-Length,Content-Type,Date,Server,Connection')])
2025-06-23 05:35:46,254 - httpx - INFO - HTTP Request: POST https://api.telegram.org/bot7707158318:AAE8rWa4Q8Z_3avql6K0HAmXaooZAReoNF0/getUpdates "HTTP/1.1 200 OK"
2025-06-23 05:35:46,254 - httpcore.http11 - DEBUG - receive_response_body.started request=<Request [b'POST']>
2025-06-23 05:35:46,254 - httpcore.http11 - DEBUG - receive_response_body.complete
2025-06-23 05:35:46,254 - httpcore.http11 - DEBUG - response_closed.started
2025-06-23 05:35:46,254 - httpcore.http11 - DEBUG - response_closed.complete
2025-06-23 05:35:46,254 - telegram.ext.ExtBot - DEBUG - No new updates found.
2025-06-23 05:35:46,254 - telegram.ext.ExtBot - DEBUG - ()
2025-06-23 05:35:46,254 - telegram.ext.ExtBot - DEBUG - Exiting: get_updates
2025-06-23 05:35:46,254 - telegram.ext.ExtBot - DEBUG - Entering: get_updates
2025-06-23 05:35:46,258 - httpcore.http11 - DEBUG - send_request_headers.started request=<Request [b'POST']>
2025-06-23 05:35:46,258 - httpcore.http11 - DEBUG - send_request_headers.complete
2025-06-23 05:35:46,258 - httpcore.http11 - DEBUG - send_request_body.started request=<Request [b'POST']>
2025-06-23 05:35:46,258 - httpcore.http11 - DEBUG - send_request_body.complete
2025-06-23 05:35:46,258 - httpcore.http11 - DEBUG - receive_response_headers.started request=<Request [b'POST']>
2025-06-23 05:35:56,344 - httpcore.http11 - DEBUG - receive_response_headers.complete return_value=(b'HTTP/1.1', 200, b'OK', [(b'Server', b'nginx/1.18.0'), (b'Date', b'Mon, 23 Jun 2025 04:35:58 GMT'), (b'Content-Type', b'application/json'), (b'Content-Length', b'23'), (b'Connection', b'keep-alive'), (b'Strict-Transport-Security', b'max-age=31536000; includeSubDomains; preload'), (b'Access-Control-Allow-Origin', b'*'), (b'Access-Control-Allow-Methods', b'GET, POST, OPTIONS'), (b'Access-Control-Expose-Headers', b'Content-Length,Content-Type,Date,Server,Connection')])
2025-06-23 05:35:56,344 - httpx - INFO - HTTP Request: POST https://api.telegram.org/bot7707158318:AAE8rWa4Q8Z_3avql6K0HAmXaooZAReoNF0/getUpdates "HTTP/1.1 200 OK"
2025-06-23 05:35:56,344 - httpcore.http11 - DEBUG - receive_response_body.started request=<Request [b'POST']>
2025-06-23 05:35:56,349 - httpcore.http11 - DEBUG - receive_response_body.complete
2025-06-23 05:35:56,349 - httpcore.http11 - DEBUG - response_closed.started
2025-06-23 05:35:56,351 - httpcore.http11 - DEBUG - response_closed.complete
2025-06-23 05:35:56,351 - telegram.ext.ExtBot - DEBUG - No new updates found.
2025-06-23 05:35:56,351 - telegram.ext.ExtBot - DEBUG - ()
2025-06-23 05:35:56,351 - telegram.ext.ExtBot - DEBUG - Exiting: get_updates
2025-06-23 05:35:56,351 - telegram.ext.ExtBot - DEBUG - Entering: get_updates
2025-06-23 05:35:56,354 - httpcore.http11 - DEBUG - send_request_headers.started request=<Request [b'POST']>
2025-06-23 05:35:56,354 - httpcore.http11 - DEBUG - send_request_headers.complete
2025-06-23 05:35:56,354 - httpcore.http11 - DEBUG - send_request_body.started request=<Request [b'POST']>
2025-06-23 05:35:56,357 - httpcore.http11 - DEBUG - send_request_body.complete
2025-06-23 05:35:56,357 - httpcore.http11 - DEBUG - receive_response_headers.started request=<Request [b'POST']>
2025-06-23 05:36:06,452 - httpcore.http11 - DEBUG - receive_response_headers.complete return_value=(b'HTTP/1.1', 200, b'OK', [(b'Server', b'nginx/1.18.0'), (b'Date', b'Mon, 23 Jun 2025 04:36:08 GMT'), (b'Content-Type', b'application/json'), (b'Content-Length', b'23'), (b'Connection', b'keep-alive'), (b'Strict-Transport-Security', b'max-age=31536000; includeSubDomains; preload'), (b'Access-Control-Allow-Origin', b'*'), (b'Access-Control-Allow-Methods', b'GET, POST, OPTIONS'), (b'Access-Control-Expose-Headers', b'Content-Length,Content-Type,Date,Server,Connection')])
2025-06-23 05:36:06,454 - httpx - INFO - HTTP Request: POST https://api.telegram.org/bot7707158318:AAE8rWa4Q8Z_3avql6K0HAmXaooZAReoNF0/getUpdates "HTTP/1.1 200 OK"
2025-06-23 05:36:06,454 - httpcore.http11 - DEBUG - receive_response_body.started request=<Request [b'POST']>
2025-06-23 05:36:06,454 - httpcore.http11 - DEBUG - receive_response_body.complete
2025-06-23 05:36:06,454 - httpcore.http11 - DEBUG - response_closed.started
2025-06-23 05:36:06,454 - httpcore.http11 - DEBUG - response_closed.complete
2025-06-23 05:36:06,458 - telegram.ext.ExtBot - DEBUG - No new updates found.
2025-06-23 05:36:06,458 - telegram.ext.ExtBot - DEBUG - ()
2025-06-23 05:36:06,458 - telegram.ext.ExtBot - DEBUG - Exiting: get_updates
2025-06-23 05:36:06,458 - telegram.ext.ExtBot - DEBUG - Entering: get_updates
2025-06-23 05:36:06,458 - httpcore.http11 - DEBUG - send_request_headers.started request=<Request [b'POST']>
2025-06-23 05:36:06,461 - httpcore.http11 - DEBUG - send_request_headers.complete
2025-06-23 05:36:06,461 - httpcore.http11 - DEBUG - send_request_body.started request=<Request [b'POST']>
2025-06-23 05:36:06,463 - httpcore.http11 - DEBUG - send_request_body.complete
2025-06-23 05:36:06,463 - httpcore.http11 - DEBUG - receive_response_headers.started request=<Request [b'POST']>
2025-06-23 05:36:16,582 - httpcore.http11 - DEBUG - receive_response_headers.complete return_value=(b'HTTP/1.1', 200, b'OK', [(b'Server', b'nginx/1.18.0'), (b'Date', b'Mon, 23 Jun 2025 04:36:18 GMT'), (b'Content-Type', b'application/json'), (b'Content-Length', b'23'), (b'Connection', b'keep-alive'), (b'Strict-Transport-Security', b'max-age=31536000; includeSubDomains; preload'), (b'Access-Control-Allow-Origin', b'*'), (b'Access-Control-Allow-Methods', b'GET, POST, OPTIONS'), (b'Access-Control-Expose-Headers', b'Content-Length,Content-Type,Date,Server,Connection')])
2025-06-23 05:36:16,584 - httpx - INFO - HTTP Request: POST https://api.telegram.org/bot7707158318:AAE8rWa4Q8Z_3avql6K0HAmXaooZAReoNF0/getUpdates "HTTP/1.1 200 OK"
2025-06-23 05:36:16,584 - httpcore.http11 - DEBUG - receive_response_body.started request=<Request [b'POST']>
2025-06-23 05:36:16,584 - httpcore.http11 - DEBUG - receive_response_body.complete
2025-06-23 05:36:16,584 - httpcore.http11 - DEBUG - response_closed.started
2025-06-23 05:36:16,584 - httpcore.http11 - DEBUG - response_closed.complete
2025-06-23 05:36:16,584 - telegram.ext.ExtBot - DEBUG - No new updates found.
2025-06-23 05:36:16,584 - telegram.ext.ExtBot - DEBUG - ()
2025-06-23 05:36:16,584 - telegram.ext.ExtBot - DEBUG - Exiting: get_updates
2025-06-23 05:36:16,584 - telegram.ext.ExtBot - DEBUG - Entering: get_updates
2025-06-23 05:36:16,587 - httpcore.http11 - DEBUG - send_request_headers.started request=<Request [b'POST']>
2025-06-23 05:36:16,587 - httpcore.http11 - DEBUG - send_request_headers.complete
2025-06-23 05:36:16,587 - httpcore.http11 - DEBUG - send_request_body.started request=<Request [b'POST']>
2025-06-23 05:36:16,587 - httpcore.http11 - DEBUG - send_request_body.complete
2025-06-23 05:36:16,587 - httpcore.http11 - DEBUG - receive_response_headers.started request=<Request [b'POST']>
2025-06-23 05:36:26,677 - httpcore.http11 - DEBUG - receive_response_headers.complete return_value=(b'HTTP/1.1', 200, b'OK', [(b'Server', b'nginx/1.18.0'), (b'Date', b'Mon, 23 Jun 2025 04:36:28 GMT'), (b'Content-Type', b'application/json'), (b'Content-Length', b'23'), (b'Connection', b'keep-alive'), (b'Strict-Transport-Security', b'max-age=31536000; includeSubDomains; preload'), (b'Access-Control-Allow-Origin', b'*'), (b'Access-Control-Allow-Methods', b'GET, POST, OPTIONS'), (b'Access-Control-Expose-Headers', b'Content-Length,Content-Type,Date,Server,Connection')])
2025-06-23 05:36:26,677 - httpx - INFO - HTTP Request: POST https://api.telegram.org/bot7707158318:AAE8rWa4Q8Z_3avql6K0HAmXaooZAReoNF0/getUpdates "HTTP/1.1 200 OK"
2025-06-23 05:36:26,677 - httpcore.http11 - DEBUG - receive_response_body.started request=<Request [b'POST']>
2025-06-23 05:36:26,677 - httpcore.http11 - DEBUG - receive_response_body.complete
2025-06-23 05:36:26,677 - httpcore.http11 - DEBUG - response_closed.started
2025-06-23 05:36:26,677 - httpcore.http11 - DEBUG - response_closed.complete
2025-06-23 05:36:26,677 - telegram.ext.ExtBot - DEBUG - No new updates found.
2025-06-23 05:36:26,677 - telegram.ext.ExtBot - DEBUG - ()
2025-06-23 05:36:26,677 - telegram.ext.ExtBot - DEBUG - Exiting: get_updates
2025-06-23 05:36:26,677 - telegram.ext.ExtBot - DEBUG - Entering: get_updates
2025-06-23 05:36:26,677 - httpcore.http11 - DEBUG - send_request_headers.started request=<Request [b'POST']>
2025-06-23 05:36:26,682 - httpcore.http11 - DEBUG - send_request_headers.complete
2025-06-23 05:36:26,682 - httpcore.http11 - DEBUG - send_request_body.started request=<Request [b'POST']>
2025-06-23 05:36:26,682 - httpcore.http11 - DEBUG - send_request_body.complete
2025-06-23 05:36:26,682 - httpcore.http11 - DEBUG - receive_response_headers.started request=<Request [b'POST']>
2025-06-23 05:36:36,763 - httpcore.http11 - DEBUG - receive_response_headers.complete return_value=(b'HTTP/1.1', 200, b'OK', [(b'Server', b'nginx/1.18.0'), (b'Date', b'Mon, 23 Jun 2025 04:36:39 GMT'), (b'Content-Type', b'application/json'), (b'Content-Length', b'23'), (b'Connection', b'keep-alive'), (b'Strict-Transport-Security', b'max-age=31536000; includeSubDomains; preload'), (b'Access-Control-Allow-Origin', b'*'), (b'Access-Control-Allow-Methods', b'GET, POST, OPTIONS'), (b'Access-Control-Expose-Headers', b'Content-Length,Content-Type,Date,Server,Connection')])
2025-06-23 05:36:36,763 - httpx - INFO - HTTP Request: POST https://api.telegram.org/bot7707158318:AAE8rWa4Q8Z_3avql6K0HAmXaooZAReoNF0/getUpdates "HTTP/1.1 200 OK"
2025-06-23 05:36:36,764 - httpcore.http11 - DEBUG - receive_response_body.started request=<Request [b'POST']>
2025-06-23 05:36:36,765 - httpcore.http11 - DEBUG - receive_response_body.complete
2025-06-23 05:36:36,765 - httpcore.http11 - DEBUG - response_closed.started
2025-06-23 05:36:36,765 - httpcore.http11 - DEBUG - response_closed.complete
2025-06-23 05:36:36,765 - telegram.ext.ExtBot - DEBUG - No new updates found.
2025-06-23 05:36:36,765 - telegram.ext.ExtBot - DEBUG - ()
2025-06-23 05:36:36,765 - telegram.ext.ExtBot - DEBUG - Exiting: get_updates
2025-06-23 05:36:36,765 - telegram.ext.ExtBot - DEBUG - Entering: get_updates
2025-06-23 05:36:36,765 - httpcore.http11 - DEBUG - send_request_headers.started request=<Request [b'POST']>
2025-06-23 05:36:36,765 - httpcore.http11 - DEBUG - send_request_headers.complete
2025-06-23 05:36:36,765 - httpcore.http11 - DEBUG - send_request_body.started request=<Request [b'POST']>
2025-06-23 05:36:36,765 - httpcore.http11 - DEBUG - send_request_body.complete
2025-06-23 05:36:36,765 - httpcore.http11 - DEBUG - receive_response_headers.started request=<Request [b'POST']>
2025-06-23 05:36:46,846 - httpcore.http11 - DEBUG - receive_response_headers.complete return_value=(b'HTTP/1.1', 200, b'OK', [(b'Server', b'nginx/1.18.0'), (b'Date', b'Mon, 23 Jun 2025 04:36:49 GMT'), (b'Content-Type', b'application/json'), (b'Content-Length', b'23'), (b'Connection', b'keep-alive'), (b'Strict-Transport-Security', b'max-age=31536000; includeSubDomains; preload'), (b'Access-Control-Allow-Origin', b'*'), (b'Access-Control-Allow-Methods', b'GET, POST, OPTIONS'), (b'Access-Control-Expose-Headers', b'Content-Length,Content-Type,Date,Server,Connection')])
2025-06-23 05:36:46,846 - httpx - INFO - HTTP Request: POST https://api.telegram.org/bot7707158318:AAE8rWa4Q8Z_3avql6K0HAmXaooZAReoNF0/getUpdates "HTTP/1.1 200 OK"
2025-06-23 05:36:46,848 - httpcore.http11 - DEBUG - receive_response_body.started request=<Request [b'POST']>
2025-06-23 05:36:46,848 - httpcore.http11 - DEBUG - receive_response_body.complete
2025-06-23 05:36:46,848 - httpcore.http11 - DEBUG - response_closed.started
2025-06-23 05:36:46,848 - httpcore.http11 - DEBUG - response_closed.complete
2025-06-23 05:36:46,848 - telegram.ext.ExtBot - DEBUG - No new updates found.
2025-06-23 05:36:46,848 - telegram.ext.ExtBot - DEBUG - ()
2025-06-23 05:36:46,848 - telegram.ext.ExtBot - DEBUG - Exiting: get_updates
2025-06-23 05:36:46,848 - telegram.ext.ExtBot - DEBUG - Entering: get_updates
2025-06-23 05:36:46,848 - httpcore.http11 - DEBUG - send_request_headers.started request=<Request [b'POST']>
2025-06-23 05:36:46,850 - httpcore.http11 - DEBUG - send_request_headers.complete
2025-06-23 05:36:46,850 - httpcore.http11 - DEBUG - send_request_body.started request=<Request [b'POST']>
2025-06-23 05:36:46,850 - httpcore.http11 - DEBUG - send_request_body.complete
2025-06-23 05:36:46,850 - httpcore.http11 - DEBUG - receive_response_headers.started request=<Request [b'POST']>
2025-06-23 05:36:56,930 - httpcore.http11 - DEBUG - receive_response_headers.complete return_value=(b'HTTP/1.1', 200, b'OK', [(b'Server', b'nginx/1.18.0'), (b'Date', b'Mon, 23 Jun 2025 04:36:59 GMT'), (b'Content-Type', b'application/json'), (b'Content-Length', b'23'), (b'Connection', b'keep-alive'), (b'Strict-Transport-Security', b'max-age=31536000; includeSubDomains; preload'), (b'Access-Control-Allow-Origin', b'*'), (b'Access-Control-Allow-Methods', b'GET, POST, OPTIONS'), (b'Access-Control-Expose-Headers', b'Content-Length,Content-Type,Date,Server,Connection')])
2025-06-23 05:36:56,932 - httpx - INFO - HTTP Request: POST https://api.telegram.org/bot7707158318:AAE8rWa4Q8Z_3avql6K0HAmXaooZAReoNF0/getUpdates "HTTP/1.1 200 OK"
2025-06-23 05:36:56,932 - httpcore.http11 - DEBUG - receive_response_body.started request=<Request [b'POST']>
2025-06-23 05:36:56,932 - httpcore.http11 - DEBUG - receive_response_body.complete
2025-06-23 05:36:56,932 - httpcore.http11 - DEBUG - response_closed.started
2025-06-23 05:36:56,934 - httpcore.http11 - DEBUG - response_closed.complete
2025-06-23 05:36:56,934 - telegram.ext.ExtBot - DEBUG - No new updates found.
2025-06-23 05:36:56,934 - telegram.ext.ExtBot - DEBUG - ()
2025-06-23 05:36:56,934 - telegram.ext.ExtBot - DEBUG - Exiting: get_updates
2025-06-23 05:36:56,934 - telegram.ext.ExtBot - DEBUG - Entering: get_updates
2025-06-23 05:36:56,936 - httpcore.http11 - DEBUG - send_request_headers.started request=<Request [b'POST']>
2025-06-23 05:36:56,937 - httpcore.http11 - DEBUG - send_request_headers.complete
2025-06-23 05:36:56,937 - httpcore.http11 - DEBUG - send_request_body.started request=<Request [b'POST']>
2025-06-23 05:36:56,937 - httpcore.http11 - DEBUG - send_request_body.complete
2025-06-23 05:36:56,937 - httpcore.http11 - DEBUG - receive_response_headers.started request=<Request [b'POST']>
2025-06-23 05:37:07,015 - httpcore.http11 - DEBUG - receive_response_headers.complete return_value=(b'HTTP/1.1', 200, b'OK', [(b'Server', b'nginx/1.18.0'), (b'Date', b'Mon, 23 Jun 2025 04:37:09 GMT'), (b'Content-Type', b'application/json'), (b'Content-Length', b'23'), (b'Connection', b'keep-alive'), (b'Strict-Transport-Security', b'max-age=31536000; includeSubDomains; preload'), (b'Access-Control-Allow-Origin', b'*'), (b'Access-Control-Allow-Methods', b'GET, POST, OPTIONS'), (b'Access-Control-Expose-Headers', b'Content-Length,Content-Type,Date,Server,Connection')])
2025-06-23 05:37:07,015 - httpx - INFO - HTTP Request: POST https://api.telegram.org/bot7707158318:AAE8rWa4Q8Z_3avql6K0HAmXaooZAReoNF0/getUpdates "HTTP/1.1 200 OK"
2025-06-23 05:37:07,017 - httpcore.http11 - DEBUG - receive_response_body.started request=<Request [b'POST']>
2025-06-23 05:37:07,017 - httpcore.http11 - DEBUG - receive_response_body.complete
2025-06-23 05:37:07,018 - httpcore.http11 - DEBUG - response_closed.started
2025-06-23 05:37:07,018 - httpcore.http11 - DEBUG - response_closed.complete
2025-06-23 05:37:07,018 - telegram.ext.ExtBot - DEBUG - No new updates found.
2025-06-23 05:37:07,018 - telegram.ext.ExtBot - DEBUG - ()
2025-06-23 05:37:07,018 - telegram.ext.ExtBot - DEBUG - Exiting: get_updates
2025-06-23 05:37:07,018 - telegram.ext.ExtBot - DEBUG - Entering: get_updates
2025-06-23 05:37:07,018 - httpcore.http11 - DEBUG - send_request_headers.started request=<Request [b'POST']>
2025-06-23 05:37:07,018 - httpcore.http11 - DEBUG - send_request_headers.complete
2025-06-23 05:37:07,018 - httpcore.http11 - DEBUG - send_request_body.started request=<Request [b'POST']>
2025-06-23 05:37:07,020 - httpcore.http11 - DEBUG - send_request_body.complete
2025-06-23 05:37:07,020 - httpcore.http11 - DEBUG - receive_response_headers.started request=<Request [b'POST']>
2025-06-23 05:37:17,099 - httpcore.http11 - DEBUG - receive_response_headers.complete return_value=(b'HTTP/1.1', 200, b'OK', [(b'Server', b'nginx/1.18.0'), (b'Date', b'Mon, 23 Jun 2025 04:37:19 GMT'), (b'Content-Type', b'application/json'), (b'Content-Length', b'23'), (b'Connection', b'keep-alive'), (b'Strict-Transport-Security', b'max-age=31536000; includeSubDomains; preload'), (b'Access-Control-Allow-Origin', b'*'), (b'Access-Control-Allow-Methods', b'GET, POST, OPTIONS'), (b'Access-Control-Expose-Headers', b'Content-Length,Content-Type,Date,Server,Connection')])
2025-06-23 05:37:17,099 - httpx - INFO - HTTP Request: POST https://api.telegram.org/bot7707158318:AAE8rWa4Q8Z_3avql6K0HAmXaooZAReoNF0/getUpdates "HTTP/1.1 200 OK"
2025-06-23 05:37:17,100 - httpcore.http11 - DEBUG - receive_response_body.started request=<Request [b'POST']>
2025-06-23 05:37:17,100 - httpcore.http11 - DEBUG - receive_response_body.complete
2025-06-23 05:37:17,100 - httpcore.http11 - DEBUG - response_closed.started
2025-06-23 05:37:17,101 - httpcore.http11 - DEBUG - response_closed.complete
2025-06-23 05:37:17,101 - telegram.ext.ExtBot - DEBUG - No new updates found.
2025-06-23 05:37:17,101 - telegram.ext.ExtBot - DEBUG - ()
2025-06-23 05:37:17,101 - telegram.ext.ExtBot - DEBUG - Exiting: get_updates
2025-06-23 05:37:17,101 - telegram.ext.ExtBot - DEBUG - Entering: get_updates
2025-06-23 05:37:17,102 - httpcore.http11 - DEBUG - send_request_headers.started request=<Request [b'POST']>
2025-06-23 05:37:17,103 - httpcore.http11 - DEBUG - send_request_headers.complete
2025-06-23 05:37:17,103 - httpcore.http11 - DEBUG - send_request_body.started request=<Request [b'POST']>
2025-06-23 05:37:17,103 - httpcore.http11 - DEBUG - send_request_body.complete
2025-06-23 05:37:17,103 - httpcore.http11 - DEBUG - receive_response_headers.started request=<Request [b'POST']>
2025-06-23 05:37:27,193 - httpcore.http11 - DEBUG - receive_response_headers.complete return_value=(b'HTTP/1.1', 200, b'OK', [(b'Server', b'nginx/1.18.0'), (b'Date', b'Mon, 23 Jun 2025 04:37:29 GMT'), (b'Content-Type', b'application/json'), (b'Content-Length', b'23'), (b'Connection', b'keep-alive'), (b'Strict-Transport-Security', b'max-age=31536000; includeSubDomains; preload'), (b'Access-Control-Allow-Origin', b'*'), (b'Access-Control-Allow-Methods', b'GET, POST, OPTIONS'), (b'Access-Control-Expose-Headers', b'Content-Length,Content-Type,Date,Server,Connection')])
2025-06-23 05:37:27,193 - httpx - INFO - HTTP Request: POST https://api.telegram.org/bot7707158318:AAE8rWa4Q8Z_3avql6K0HAmXaooZAReoNF0/getUpdates "HTTP/1.1 200 OK"
2025-06-23 05:37:27,193 - httpcore.http11 - DEBUG - receive_response_body.started request=<Request [b'POST']>
2025-06-23 05:37:27,193 - httpcore.http11 - DEBUG - receive_response_body.complete
2025-06-23 05:37:27,193 - httpcore.http11 - DEBUG - response_closed.started
2025-06-23 05:37:27,193 - httpcore.http11 - DEBUG - response_closed.complete
2025-06-23 05:37:27,193 - telegram.ext.ExtBot - DEBUG - No new updates found.
2025-06-23 05:37:27,193 - telegram.ext.ExtBot - DEBUG - ()
2025-06-23 05:37:27,193 - telegram.ext.ExtBot - DEBUG - Exiting: get_updates
2025-06-23 05:37:27,193 - telegram.ext.ExtBot - DEBUG - Entering: get_updates
2025-06-23 05:37:27,198 - httpcore.http11 - DEBUG - send_request_headers.started request=<Request [b'POST']>
2025-06-23 05:37:27,198 - httpcore.http11 - DEBUG - send_request_headers.complete
2025-06-23 05:37:27,198 - httpcore.http11 - DEBUG - send_request_body.started request=<Request [b'POST']>
2025-06-23 05:37:27,198 - httpcore.http11 - DEBUG - send_request_body.complete
2025-06-23 05:37:27,198 - httpcore.http11 - DEBUG - receive_response_headers.started request=<Request [b'POST']>
2025-06-23 05:37:37,278 - httpcore.http11 - DEBUG - receive_response_headers.complete return_value=(b'HTTP/1.1', 200, b'OK', [(b'Server', b'nginx/1.18.0'), (b'Date', b'Mon, 23 Jun 2025 04:37:39 GMT'), (b'Content-Type', b'application/json'), (b'Content-Length', b'23'), (b'Connection', b'keep-alive'), (b'Strict-Transport-Security', b'max-age=31536000; includeSubDomains; preload'), (b'Access-Control-Allow-Origin', b'*'), (b'Access-Control-Allow-Methods', b'GET, POST, OPTIONS'), (b'Access-Control-Expose-Headers', b'Content-Length,Content-Type,Date,Server,Connection')])
2025-06-23 05:37:37,278 - httpx - INFO - HTTP Request: POST https://api.telegram.org/bot7707158318:AAE8rWa4Q8Z_3avql6K0HAmXaooZAReoNF0/getUpdates "HTTP/1.1 200 OK"
2025-06-23 05:37:37,278 - httpcore.http11 - DEBUG - receive_response_body.started request=<Request [b'POST']>
2025-06-23 05:37:37,282 - httpcore.http11 - DEBUG - receive_response_body.complete
2025-06-23 05:37:37,282 - httpcore.http11 - DEBUG - response_closed.started
2025-06-23 05:37:37,282 - httpcore.http11 - DEBUG - response_closed.complete
2025-06-23 05:37:37,282 - telegram.ext.ExtBot - DEBUG - No new updates found.
2025-06-23 05:37:37,282 - telegram.ext.ExtBot - DEBUG - ()
2025-06-23 05:37:37,282 - telegram.ext.ExtBot - DEBUG - Exiting: get_updates
2025-06-23 05:37:37,282 - telegram.ext.ExtBot - DEBUG - Entering: get_updates
2025-06-23 05:37:37,284 - httpcore.http11 - DEBUG - send_request_headers.started request=<Request [b'POST']>
2025-06-23 05:37:37,284 - httpcore.http11 - DEBUG - send_request_headers.complete
2025-06-23 05:37:37,284 - httpcore.http11 - DEBUG - send_request_body.started request=<Request [b'POST']>
2025-06-23 05:37:37,286 - httpcore.http11 - DEBUG - send_request_body.complete
2025-06-23 05:37:37,286 - httpcore.http11 - DEBUG - receive_response_headers.started request=<Request [b'POST']>
2025-06-23 05:37:47,362 - httpcore.http11 - DEBUG - receive_response_headers.complete return_value=(b'HTTP/1.1', 200, b'OK', [(b'Server', b'nginx/1.18.0'), (b'Date', b'Mon, 23 Jun 2025 04:37:49 GMT'), (b'Content-Type', b'application/json'), (b'Content-Length', b'23'), (b'Connection', b'keep-alive'), (b'Strict-Transport-Security', b'max-age=31536000; includeSubDomains; preload'), (b'Access-Control-Allow-Origin', b'*'), (b'Access-Control-Allow-Methods', b'GET, POST, OPTIONS'), (b'Access-Control-Expose-Headers', b'Content-Length,Content-Type,Date,Server,Connection')])
2025-06-23 05:37:47,365 - httpx - INFO - HTTP Request: POST https://api.telegram.org/bot7707158318:AAE8rWa4Q8Z_3avql6K0HAmXaooZAReoNF0/getUpdates "HTTP/1.1 200 OK"
2025-06-23 05:37:47,365 - httpcore.http11 - DEBUG - receive_response_body.started request=<Request [b'POST']>
2025-06-23 05:37:47,365 - httpcore.http11 - DEBUG - receive_response_body.complete
2025-06-23 05:37:47,365 - httpcore.http11 - DEBUG - response_closed.started
2025-06-23 05:37:47,365 - httpcore.http11 - DEBUG - response_closed.complete
2025-06-23 05:37:47,365 - telegram.ext.ExtBot - DEBUG - No new updates found.
2025-06-23 05:37:47,365 - telegram.ext.ExtBot - DEBUG - ()
2025-06-23 05:37:47,365 - telegram.ext.ExtBot - DEBUG - Exiting: get_updates
2025-06-23 05:37:47,365 - telegram.ext.ExtBot - DEBUG - Entering: get_updates
2025-06-23 05:37:47,365 - httpcore.http11 - DEBUG - send_request_headers.started request=<Request [b'POST']>
2025-06-23 05:37:47,365 - httpcore.http11 - DEBUG - send_request_headers.complete
2025-06-23 05:37:47,365 - httpcore.http11 - DEBUG - send_request_body.started request=<Request [b'POST']>
2025-06-23 05:37:47,369 - httpcore.http11 - DEBUG - send_request_body.complete
2025-06-23 05:37:47,369 - httpcore.http11 - DEBUG - receive_response_headers.started request=<Request [b'POST']>
2025-06-23 05:37:57,452 - httpcore.http11 - DEBUG - receive_response_headers.complete return_value=(b'HTTP/1.1', 200, b'OK', [(b'Server', b'nginx/1.18.0'), (b'Date', b'Mon, 23 Jun 2025 04:37:59 GMT'), (b'Content-Type', b'application/json'), (b'Content-Length', b'23'), (b'Connection', b'keep-alive'), (b'Strict-Transport-Security', b'max-age=31536000; includeSubDomains; preload'), (b'Access-Control-Allow-Origin', b'*'), (b'Access-Control-Allow-Methods', b'GET, POST, OPTIONS'), (b'Access-Control-Expose-Headers', b'Content-Length,Content-Type,Date,Server,Connection')])
2025-06-23 05:37:57,452 - httpx - INFO - HTTP Request: POST https://api.telegram.org/bot7707158318:AAE8rWa4Q8Z_3avql6K0HAmXaooZAReoNF0/getUpdates "HTTP/1.1 200 OK"
2025-06-23 05:37:57,454 - httpcore.http11 - DEBUG - receive_response_body.started request=<Request [b'POST']>
2025-06-23 05:37:57,454 - httpcore.http11 - DEBUG - receive_response_body.complete
2025-06-23 05:37:57,454 - httpcore.http11 - DEBUG - response_closed.started
2025-06-23 05:37:57,454 - httpcore.http11 - DEBUG - response_closed.complete
2025-06-23 05:37:57,454 - telegram.ext.ExtBot - DEBUG - No new updates found.
2025-06-23 05:37:57,454 - telegram.ext.ExtBot - DEBUG - ()
2025-06-23 05:37:57,454 - telegram.ext.ExtBot - DEBUG - Exiting: get_updates
2025-06-23 05:37:57,454 - telegram.ext.ExtBot - DEBUG - Entering: get_updates
2025-06-23 05:37:57,457 - httpcore.http11 - DEBUG - send_request_headers.started request=<Request [b'POST']>
2025-06-23 05:37:57,457 - httpcore.http11 - DEBUG - send_request_headers.complete
2025-06-23 05:37:57,458 - httpcore.http11 - DEBUG - send_request_body.started request=<Request [b'POST']>
2025-06-23 05:37:57,459 - httpcore.http11 - DEBUG - send_request_body.complete
2025-06-23 05:37:57,459 - httpcore.http11 - DEBUG - receive_response_headers.started request=<Request [b'POST']>
2025-06-23 05:38:07,535 - httpcore.http11 - DEBUG - receive_response_headers.complete return_value=(b'HTTP/1.1', 200, b'OK', [(b'Server', b'nginx/1.18.0'), (b'Date', b'Mon, 23 Jun 2025 04:38:09 GMT'), (b'Content-Type', b'application/json'), (b'Content-Length', b'23'), (b'Connection', b'keep-alive'), (b'Strict-Transport-Security', b'max-age=31536000; includeSubDomains; preload'), (b'Access-Control-Allow-Origin', b'*'), (b'Access-Control-Allow-Methods', b'GET, POST, OPTIONS'), (b'Access-Control-Expose-Headers', b'Content-Length,Content-Type,Date,Server,Connection')])
2025-06-23 05:38:07,535 - httpx - INFO - HTTP Request: POST https://api.telegram.org/bot7707158318:AAE8rWa4Q8Z_3avql6K0HAmXaooZAReoNF0/getUpdates "HTTP/1.1 200 OK"
2025-06-23 05:38:07,536 - httpcore.http11 - DEBUG - receive_response_body.started request=<Request [b'POST']>
2025-06-23 05:38:07,536 - httpcore.http11 - DEBUG - receive_response_body.complete
2025-06-23 05:38:07,536 - httpcore.http11 - DEBUG - response_closed.started
2025-06-23 05:38:07,536 - httpcore.http11 - DEBUG - response_closed.complete
2025-06-23 05:38:07,536 - telegram.ext.ExtBot - DEBUG - No new updates found.
2025-06-23 05:38:07,536 - telegram.ext.ExtBot - DEBUG - ()
2025-06-23 05:38:07,536 - telegram.ext.ExtBot - DEBUG - Exiting: get_updates
2025-06-23 05:38:07,536 - telegram.ext.ExtBot - DEBUG - Entering: get_updates
2025-06-23 05:38:07,536 - httpcore.http11 - DEBUG - send_request_headers.started request=<Request [b'POST']>
2025-06-23 05:38:07,536 - httpcore.http11 - DEBUG - send_request_headers.complete
2025-06-23 05:38:07,536 - httpcore.http11 - DEBUG - send_request_body.started request=<Request [b'POST']>
2025-06-23 05:38:07,536 - httpcore.http11 - DEBUG - send_request_body.complete
2025-06-23 05:38:07,536 - httpcore.http11 - DEBUG - receive_response_headers.started request=<Request [b'POST']>
2025-06-23 05:38:17,616 - httpcore.http11 - DEBUG - receive_response_headers.complete return_value=(b'HTTP/1.1', 200, b'OK', [(b'Server', b'nginx/1.18.0'), (b'Date', b'Mon, 23 Jun 2025 04:38:19 GMT'), (b'Content-Type', b'application/json'), (b'Content-Length', b'23'), (b'Connection', b'keep-alive'), (b'Strict-Transport-Security', b'max-age=31536000; includeSubDomains; preload'), (b'Access-Control-Allow-Origin', b'*'), (b'Access-Control-Allow-Methods', b'GET, POST, OPTIONS'), (b'Access-Control-Expose-Headers', b'Content-Length,Content-Type,Date,Server,Connection')])
2025-06-23 05:38:17,619 - httpx - INFO - HTTP Request: POST https://api.telegram.org/bot7707158318:AAE8rWa4Q8Z_3avql6K0HAmXaooZAReoNF0/getUpdates "HTTP/1.1 200 OK"
2025-06-23 05:38:17,619 - httpcore.http11 - DEBUG - receive_response_body.started request=<Request [b'POST']>
2025-06-23 05:38:17,619 - httpcore.http11 - DEBUG - receive_response_body.complete
2025-06-23 05:38:17,619 - httpcore.http11 - DEBUG - response_closed.started
2025-06-23 05:38:17,619 - httpcore.http11 - DEBUG - response_closed.complete
2025-06-23 05:38:17,620 - telegram.ext.ExtBot - DEBUG - No new updates found.
2025-06-23 05:38:17,621 - telegram.ext.ExtBot - DEBUG - ()
2025-06-23 05:38:17,621 - telegram.ext.ExtBot - DEBUG - Exiting: get_updates
2025-06-23 05:38:17,621 - telegram.ext.ExtBot - DEBUG - Entering: get_updates
2025-06-23 05:38:17,622 - httpcore.http11 - DEBUG - send_request_headers.started request=<Request [b'POST']>
2025-06-23 05:38:17,622 - httpcore.http11 - DEBUG - send_request_headers.complete
2025-06-23 05:38:17,623 - httpcore.http11 - DEBUG - send_request_body.started request=<Request [b'POST']>
2025-06-23 05:38:17,623 - httpcore.http11 - DEBUG - send_request_body.complete
2025-06-23 05:38:17,623 - httpcore.http11 - DEBUG - receive_response_headers.started request=<Request [b'POST']>
2025-06-23 05:38:27,913 - httpcore.http11 - DEBUG - receive_response_headers.complete return_value=(b'HTTP/1.1', 200, b'OK', [(b'Server', b'nginx/1.18.0'), (b'Date', b'Mon, 23 Jun 2025 04:38:30 GMT'), (b'Content-Type', b'application/json'), (b'Content-Length', b'23'), (b'Connection', b'keep-alive'), (b'Strict-Transport-Security', b'max-age=31536000; includeSubDomains; preload'), (b'Access-Control-Allow-Origin', b'*'), (b'Access-Control-Allow-Methods', b'GET, POST, OPTIONS'), (b'Access-Control-Expose-Headers', b'Content-Length,Content-Type,Date,Server,Connection')])
2025-06-23 05:38:27,914 - httpx - INFO - HTTP Request: POST https://api.telegram.org/bot7707158318:AAE8rWa4Q8Z_3avql6K0HAmXaooZAReoNF0/getUpdates "HTTP/1.1 200 OK"
2025-06-23 05:38:27,914 - httpcore.http11 - DEBUG - receive_response_body.started request=<Request [b'POST']>
2025-06-23 05:38:27,914 - httpcore.http11 - DEBUG - receive_response_body.complete
2025-06-23 05:38:27,915 - httpcore.http11 - DEBUG - response_closed.started
2025-06-23 05:38:27,915 - httpcore.http11 - DEBUG - response_closed.complete
2025-06-23 05:38:27,915 - telegram.ext.ExtBot - DEBUG - No new updates found.
2025-06-23 05:38:27,915 - telegram.ext.ExtBot - DEBUG - ()
2025-06-23 05:38:27,915 - telegram.ext.ExtBot - DEBUG - Exiting: get_updates
2025-06-23 05:38:27,915 - telegram.ext.ExtBot - DEBUG - Entering: get_updates
2025-06-23 05:38:27,916 - httpcore.http11 - DEBUG - send_request_headers.started request=<Request [b'POST']>
2025-06-23 05:38:27,917 - httpcore.http11 - DEBUG - send_request_headers.complete
2025-06-23 05:38:27,917 - httpcore.http11 - DEBUG - send_request_body.started request=<Request [b'POST']>
2025-06-23 05:38:27,917 - httpcore.http11 - DEBUG - send_request_body.complete
2025-06-23 05:38:27,917 - httpcore.http11 - DEBUG - receive_response_headers.started request=<Request [b'POST']>
2025-06-23 05:38:38,091 - httpcore.http11 - DEBUG - receive_response_headers.complete return_value=(b'HTTP/1.1', 200, b'OK', [(b'Server', b'nginx/1.18.0'), (b'Date', b'Mon, 23 Jun 2025 04:38:40 GMT'), (b'Content-Type', b'application/json'), (b'Content-Length', b'23'), (b'Connection', b'keep-alive'), (b'Strict-Transport-Security', b'max-age=31536000; includeSubDomains; preload'), (b'Access-Control-Allow-Origin', b'*'), (b'Access-Control-Allow-Methods', b'GET, POST, OPTIONS'), (b'Access-Control-Expose-Headers', b'Content-Length,Content-Type,Date,Server,Connection')])
2025-06-23 05:38:38,091 - httpx - INFO - HTTP Request: POST https://api.telegram.org/bot7707158318:AAE8rWa4Q8Z_3avql6K0HAmXaooZAReoNF0/getUpdates "HTTP/1.1 200 OK"
2025-06-23 05:38:38,093 - httpcore.http11 - DEBUG - receive_response_body.started request=<Request [b'POST']>
2025-06-23 05:38:38,093 - httpcore.http11 - DEBUG - receive_response_body.complete
2025-06-23 05:38:38,093 - httpcore.http11 - DEBUG - response_closed.started
2025-06-23 05:38:38,093 - httpcore.http11 - DEBUG - response_closed.complete
2025-06-23 05:38:38,093 - telegram.ext.ExtBot - DEBUG - No new updates found.
2025-06-23 05:38:38,093 - telegram.ext.ExtBot - DEBUG - ()
2025-06-23 05:38:38,093 - telegram.ext.ExtBot - DEBUG - Exiting: get_updates
2025-06-23 05:38:38,093 - telegram.ext.ExtBot - DEBUG - Entering: get_updates
2025-06-23 05:38:38,093 - httpcore.http11 - DEBUG - send_request_headers.started request=<Request [b'POST']>
2025-06-23 05:38:38,093 - httpcore.http11 - DEBUG - send_request_headers.complete
2025-06-23 05:38:38,093 - httpcore.http11 - DEBUG - send_request_body.started request=<Request [b'POST']>
2025-06-23 05:38:38,093 - httpcore.http11 - DEBUG - send_request_body.complete
2025-06-23 05:38:38,093 - httpcore.http11 - DEBUG - receive_response_headers.started request=<Request [b'POST']>
2025-06-23 05:38:48,331 - httpcore.http11 - DEBUG - receive_response_headers.complete return_value=(b'HTTP/1.1', 200, b'OK', [(b'Server', b'nginx/1.18.0'), (b'Date', b'Mon, 23 Jun 2025 04:38:50 GMT'), (b'Content-Type', b'application/json'), (b'Content-Length', b'23'), (b'Connection', b'keep-alive'), (b'Strict-Transport-Security', b'max-age=31536000; includeSubDomains; preload'), (b'Access-Control-Allow-Origin', b'*'), (b'Access-Control-Allow-Methods', b'GET, POST, OPTIONS'), (b'Access-Control-Expose-Headers', b'Content-Length,Content-Type,Date,Server,Connection')])
2025-06-23 05:38:48,331 - httpx - INFO - HTTP Request: POST https://api.telegram.org/bot7707158318:AAE8rWa4Q8Z_3avql6K0HAmXaooZAReoNF0/getUpdates "HTTP/1.1 200 OK"
2025-06-23 05:38:48,331 - httpcore.http11 - DEBUG - receive_response_body.started request=<Request [b'POST']>
2025-06-23 05:38:48,331 - httpcore.http11 - DEBUG - receive_response_body.complete
2025-06-23 05:38:48,331 - httpcore.http11 - DEBUG - response_closed.started
2025-06-23 05:38:48,331 - httpcore.http11 - DEBUG - response_closed.complete
2025-06-23 05:38:48,331 - telegram.ext.ExtBot - DEBUG - No new updates found.
2025-06-23 05:38:48,336 - telegram.ext.ExtBot - DEBUG - ()
2025-06-23 05:38:48,336 - telegram.ext.ExtBot - DEBUG - Exiting: get_updates
2025-06-23 05:38:48,336 - telegram.ext.ExtBot - DEBUG - Entering: get_updates
2025-06-23 05:38:48,337 - httpcore.http11 - DEBUG - send_request_headers.started request=<Request [b'POST']>
2025-06-23 05:38:48,337 - httpcore.http11 - DEBUG - send_request_headers.complete
2025-06-23 05:38:48,339 - httpcore.http11 - DEBUG - send_request_body.started request=<Request [b'POST']>
2025-06-23 05:38:48,339 - httpcore.http11 - DEBUG - send_request_body.complete
2025-06-23 05:38:48,339 - httpcore.http11 - DEBUG - receive_response_headers.started request=<Request [b'POST']>
2025-06-23 05:38:58,573 - httpcore.http11 - DEBUG - receive_response_headers.complete return_value=(b'HTTP/1.1', 200, b'OK', [(b'Server', b'nginx/1.18.0'), (b'Date', b'Mon, 23 Jun 2025 04:39:00 GMT'), (b'Content-Type', b'application/json'), (b'Content-Length', b'23'), (b'Connection', b'keep-alive'), (b'Strict-Transport-Security', b'max-age=31536000; includeSubDomains; preload'), (b'Access-Control-Allow-Origin', b'*'), (b'Access-Control-Allow-Methods', b'GET, POST, OPTIONS'), (b'Access-Control-Expose-Headers', b'Content-Length,Content-Type,Date,Server,Connection')])
2025-06-23 05:38:58,575 - httpx - INFO - HTTP Request: POST https://api.telegram.org/bot7707158318:AAE8rWa4Q8Z_3avql6K0HAmXaooZAReoNF0/getUpdates "HTTP/1.1 200 OK"
2025-06-23 05:38:58,575 - httpcore.http11 - DEBUG - receive_response_body.started request=<Request [b'POST']>
2025-06-23 05:38:58,575 - httpcore.http11 - DEBUG - receive_response_body.complete
2025-06-23 05:38:58,576 - httpcore.http11 - DEBUG - response_closed.started
2025-06-23 05:38:58,576 - httpcore.http11 - DEBUG - response_closed.complete
2025-06-23 05:38:58,577 - telegram.ext.ExtBot - DEBUG - No new updates found.
2025-06-23 05:38:58,577 - telegram.ext.ExtBot - DEBUG - ()
2025-06-23 05:38:58,577 - telegram.ext.ExtBot - DEBUG - Exiting: get_updates
2025-06-23 05:38:58,577 - telegram.ext.ExtBot - DEBUG - Entering: get_updates
2025-06-23 05:38:58,577 - httpcore.http11 - DEBUG - send_request_headers.started request=<Request [b'POST']>
2025-06-23 05:38:58,577 - httpcore.http11 - DEBUG - send_request_headers.complete
2025-06-23 05:38:58,577 - httpcore.http11 - DEBUG - send_request_body.started request=<Request [b'POST']>
2025-06-23 05:38:58,577 - httpcore.http11 - DEBUG - send_request_body.complete
2025-06-23 05:38:58,577 - httpcore.http11 - DEBUG - receive_response_headers.started request=<Request [b'POST']>
2025-06-23 05:39:08,812 - httpcore.http11 - DEBUG - receive_response_headers.complete return_value=(b'HTTP/1.1', 200, b'OK', [(b'Server', b'nginx/1.18.0'), (b'Date', b'Mon, 23 Jun 2025 04:39:10 GMT'), (b'Content-Type', b'application/json'), (b'Content-Length', b'23'), (b'Connection', b'keep-alive'), (b'Strict-Transport-Security', b'max-age=31536000; includeSubDomains; preload'), (b'Access-Control-Allow-Origin', b'*'), (b'Access-Control-Allow-Methods', b'GET, POST, OPTIONS'), (b'Access-Control-Expose-Headers', b'Content-Length,Content-Type,Date,Server,Connection')])
2025-06-23 05:39:08,812 - httpx - INFO - HTTP Request: POST https://api.telegram.org/bot7707158318:AAE8rWa4Q8Z_3avql6K0HAmXaooZAReoNF0/getUpdates "HTTP/1.1 200 OK"
2025-06-23 05:39:08,813 - httpcore.http11 - DEBUG - receive_response_body.started request=<Request [b'POST']>
2025-06-23 05:39:08,813 - httpcore.http11 - DEBUG - receive_response_body.complete
2025-06-23 05:39:08,813 - httpcore.http11 - DEBUG - response_closed.started
2025-06-23 05:39:08,813 - httpcore.http11 - DEBUG - response_closed.complete
2025-06-23 05:39:08,813 - telegram.ext.ExtBot - DEBUG - No new updates found.
2025-06-23 05:39:08,813 - telegram.ext.ExtBot - DEBUG - ()
2025-06-23 05:39:08,813 - telegram.ext.ExtBot - DEBUG - Exiting: get_updates
2025-06-23 05:39:08,813 - telegram.ext.ExtBot - DEBUG - Entering: get_updates
2025-06-23 05:39:08,813 - httpcore.http11 - DEBUG - send_request_headers.started request=<Request [b'POST']>
2025-06-23 05:39:08,815 - httpcore.http11 - DEBUG - send_request_headers.complete
2025-06-23 05:39:08,815 - httpcore.http11 - DEBUG - send_request_body.started request=<Request [b'POST']>
2025-06-23 05:39:08,815 - httpcore.http11 - DEBUG - send_request_body.complete
2025-06-23 05:39:08,815 - httpcore.http11 - DEBUG - receive_response_headers.started request=<Request [b'POST']>
2025-06-23 05:39:19,053 - httpcore.http11 - DEBUG - receive_response_headers.complete return_value=(b'HTTP/1.1', 200, b'OK', [(b'Server', b'nginx/1.18.0'), (b'Date', b'Mon, 23 Jun 2025 04:39:21 GMT'), (b'Content-Type', b'application/json'), (b'Content-Length', b'23'), (b'Connection', b'keep-alive'), (b'Strict-Transport-Security', b'max-age=31536000; includeSubDomains; preload'), (b'Access-Control-Allow-Origin', b'*'), (b'Access-Control-Allow-Methods', b'GET, POST, OPTIONS'), (b'Access-Control-Expose-Headers', b'Content-Length,Content-Type,Date,Server,Connection')])
2025-06-23 05:39:19,054 - httpx - INFO - HTTP Request: POST https://api.telegram.org/bot7707158318:AAE8rWa4Q8Z_3avql6K0HAmXaooZAReoNF0/getUpdates "HTTP/1.1 200 OK"
2025-06-23 05:39:19,054 - httpcore.http11 - DEBUG - receive_response_body.started request=<Request [b'POST']>
2025-06-23 05:39:19,054 - httpcore.http11 - DEBUG - receive_response_body.complete
2025-06-23 05:39:19,054 - httpcore.http11 - DEBUG - response_closed.started
2025-06-23 05:39:19,056 - httpcore.http11 - DEBUG - response_closed.complete
2025-06-23 05:39:19,056 - telegram.ext.ExtBot - DEBUG - No new updates found.
2025-06-23 05:39:19,056 - telegram.ext.ExtBot - DEBUG - ()
2025-06-23 05:39:19,056 - telegram.ext.ExtBot - DEBUG - Exiting: get_updates
2025-06-23 05:39:19,056 - telegram.ext.ExtBot - DEBUG - Entering: get_updates
2025-06-23 05:39:19,056 - httpcore.http11 - DEBUG - send_request_headers.started request=<Request [b'POST']>
2025-06-23 05:39:19,058 - httpcore.http11 - DEBUG - send_request_headers.complete
2025-06-23 05:39:19,058 - httpcore.http11 - DEBUG - send_request_body.started request=<Request [b'POST']>
2025-06-23 05:39:19,058 - httpcore.http11 - DEBUG - send_request_body.complete
2025-06-23 05:39:19,058 - httpcore.http11 - DEBUG - receive_response_headers.started request=<Request [b'POST']>
2025-06-23 05:39:29,292 - httpcore.http11 - DEBUG - receive_response_headers.complete return_value=(b'HTTP/1.1', 200, b'OK', [(b'Server', b'nginx/1.18.0'), (b'Date', b'Mon, 23 Jun 2025 04:39:31 GMT'), (b'Content-Type', b'application/json'), (b'Content-Length', b'23'), (b'Connection', b'keep-alive'), (b'Strict-Transport-Security', b'max-age=31536000; includeSubDomains; preload'), (b'Access-Control-Allow-Origin', b'*'), (b'Access-Control-Allow-Methods', b'GET, POST, OPTIONS'), (b'Access-Control-Expose-Headers', b'Content-Length,Content-Type,Date,Server,Connection')])
2025-06-23 05:39:29,292 - httpx - INFO - HTTP Request: POST https://api.telegram.org/bot7707158318:AAE8rWa4Q8Z_3avql6K0HAmXaooZAReoNF0/getUpdates "HTTP/1.1 200 OK"
2025-06-23 05:39:29,293 - httpcore.http11 - DEBUG - receive_response_body.started request=<Request [b'POST']>
2025-06-23 05:39:29,293 - httpcore.http11 - DEBUG - receive_response_body.complete
2025-06-23 05:39:29,293 - httpcore.http11 - DEBUG - response_closed.started
2025-06-23 05:39:29,293 - httpcore.http11 - DEBUG - response_closed.complete
2025-06-23 05:39:29,293 - telegram.ext.ExtBot - DEBUG - No new updates found.
2025-06-23 05:39:29,293 - telegram.ext.ExtBot - DEBUG - ()
2025-06-23 05:39:29,293 - telegram.ext.ExtBot - DEBUG - Exiting: get_updates
2025-06-23 05:39:29,293 - telegram.ext.ExtBot - DEBUG - Entering: get_updates
2025-06-23 05:39:29,293 - httpcore.http11 - DEBUG - send_request_headers.started request=<Request [b'POST']>
2025-06-23 05:39:29,293 - httpcore.http11 - DEBUG - send_request_headers.complete
2025-06-23 05:39:29,293 - httpcore.http11 - DEBUG - send_request_body.started request=<Request [b'POST']>
2025-06-23 05:39:29,293 - httpcore.http11 - DEBUG - send_request_body.complete
2025-06-23 05:39:29,293 - httpcore.http11 - DEBUG - receive_response_headers.started request=<Request [b'POST']>
2025-06-23 05:39:39,532 - httpcore.http11 - DEBUG - receive_response_headers.complete return_value=(b'HTTP/1.1', 200, b'OK', [(b'Server', b'nginx/1.18.0'), (b'Date', b'Mon, 23 Jun 2025 04:39:41 GMT'), (b'Content-Type', b'application/json'), (b'Content-Length', b'23'), (b'Connection', b'keep-alive'), (b'Strict-Transport-Security', b'max-age=31536000; includeSubDomains; preload'), (b'Access-Control-Allow-Origin', b'*'), (b'Access-Control-Allow-Methods', b'GET, POST, OPTIONS'), (b'Access-Control-Expose-Headers', b'Content-Length,Content-Type,Date,Server,Connection')])
2025-06-23 05:39:39,532 - httpx - INFO - HTTP Request: POST https://api.telegram.org/bot7707158318:AAE8rWa4Q8Z_3avql6K0HAmXaooZAReoNF0/getUpdates "HTTP/1.1 200 OK"
2025-06-23 05:39:39,532 - httpcore.http11 - DEBUG - receive_response_body.started request=<Request [b'POST']>
2025-06-23 05:39:39,532 - httpcore.http11 - DEBUG - receive_response_body.complete
2025-06-23 05:39:39,532 - httpcore.http11 - DEBUG - response_closed.started
2025-06-23 05:39:39,532 - httpcore.http11 - DEBUG - response_closed.complete
2025-06-23 05:39:39,534 - telegram.ext.ExtBot - DEBUG - No new updates found.
2025-06-23 05:39:39,534 - telegram.ext.ExtBot - DEBUG - ()
2025-06-23 05:39:39,534 - telegram.ext.ExtBot - DEBUG - Exiting: get_updates
2025-06-23 05:39:39,534 - telegram.ext.ExtBot - DEBUG - Entering: get_updates
2025-06-23 05:39:39,534 - httpcore.http11 - DEBUG - send_request_headers.started request=<Request [b'POST']>
2025-06-23 05:39:39,534 - httpcore.http11 - DEBUG - send_request_headers.complete
2025-06-23 05:39:39,534 - httpcore.http11 - DEBUG - send_request_body.started request=<Request [b'POST']>
2025-06-23 05:39:39,536 - httpcore.http11 - DEBUG - send_request_body.complete
2025-06-23 05:39:39,536 - httpcore.http11 - DEBUG - receive_response_headers.started request=<Request [b'POST']>
2025-06-23 05:39:49,775 - httpcore.http11 - DEBUG - receive_response_headers.complete return_value=(b'HTTP/1.1', 200, b'OK', [(b'Server', b'nginx/1.18.0'), (b'Date', b'Mon, 23 Jun 2025 04:39:51 GMT'), (b'Content-Type', b'application/json'), (b'Content-Length', b'23'), (b'Connection', b'keep-alive'), (b'Strict-Transport-Security', b'max-age=31536000; includeSubDomains; preload'), (b'Access-Control-Allow-Origin', b'*'), (b'Access-Control-Allow-Methods', b'GET, POST, OPTIONS'), (b'Access-Control-Expose-Headers', b'Content-Length,Content-Type,Date,Server,Connection')])
2025-06-23 05:39:49,776 - httpx - INFO - HTTP Request: POST https://api.telegram.org/bot7707158318:AAE8rWa4Q8Z_3avql6K0HAmXaooZAReoNF0/getUpdates "HTTP/1.1 200 OK"
2025-06-23 05:39:49,776 - httpcore.http11 - DEBUG - receive_response_body.started request=<Request [b'POST']>
2025-06-23 05:39:49,777 - httpcore.http11 - DEBUG - receive_response_body.complete
2025-06-23 05:39:49,777 - httpcore.http11 - DEBUG - response_closed.started
2025-06-23 05:39:49,777 - httpcore.http11 - DEBUG - response_closed.complete
2025-06-23 05:39:49,777 - telegram.ext.ExtBot - DEBUG - No new updates found.
2025-06-23 05:39:49,777 - telegram.ext.ExtBot - DEBUG - ()
2025-06-23 05:39:49,777 - telegram.ext.ExtBot - DEBUG - Exiting: get_updates
2025-06-23 05:39:49,777 - telegram.ext.ExtBot - DEBUG - Entering: get_updates
2025-06-23 05:39:49,777 - httpcore.http11 - DEBUG - send_request_headers.started request=<Request [b'POST']>
2025-06-23 05:39:49,777 - httpcore.http11 - DEBUG - send_request_headers.complete
2025-06-23 05:39:49,777 - httpcore.http11 - DEBUG - send_request_body.started request=<Request [b'POST']>
2025-06-23 05:39:49,777 - httpcore.http11 - DEBUG - send_request_body.complete
2025-06-23 05:39:49,777 - httpcore.http11 - DEBUG - receive_response_headers.started request=<Request [b'POST']>
2025-06-23 05:39:59,898 - httpcore.http11 - DEBUG - receive_response_headers.complete return_value=(b'HTTP/1.1', 200, b'OK', [(b'Server', b'nginx/1.18.0'), (b'Date', b'Mon, 23 Jun 2025 04:40:02 GMT'), (b'Content-Type', b'application/json'), (b'Content-Length', b'23'), (b'Connection', b'keep-alive'), (b'Strict-Transport-Security', b'max-age=31536000; includeSubDomains; preload'), (b'Access-Control-Allow-Origin', b'*'), (b'Access-Control-Allow-Methods', b'GET, POST, OPTIONS'), (b'Access-Control-Expose-Headers', b'Content-Length,Content-Type,Date,Server,Connection')])
2025-06-23 05:39:59,898 - httpx - INFO - HTTP Request: POST https://api.telegram.org/bot7707158318:AAE8rWa4Q8Z_3avql6K0HAmXaooZAReoNF0/getUpdates "HTTP/1.1 200 OK"
2025-06-23 05:39:59,899 - httpcore.http11 - DEBUG - receive_response_body.started request=<Request [b'POST']>
2025-06-23 05:39:59,899 - httpcore.http11 - DEBUG - receive_response_body.complete
2025-06-23 05:39:59,899 - httpcore.http11 - DEBUG - response_closed.started
2025-06-23 05:39:59,899 - httpcore.http11 - DEBUG - response_closed.complete
2025-06-23 05:39:59,899 - telegram.ext.ExtBot - DEBUG - No new updates found.
2025-06-23 05:39:59,899 - telegram.ext.ExtBot - DEBUG - ()
2025-06-23 05:39:59,899 - telegram.ext.ExtBot - DEBUG - Exiting: get_updates
2025-06-23 05:39:59,900 - telegram.ext.ExtBot - DEBUG - Entering: get_updates
2025-06-23 05:39:59,901 - httpcore.http11 - DEBUG - send_request_headers.started request=<Request [b'POST']>
2025-06-23 05:39:59,901 - httpcore.http11 - DEBUG - send_request_headers.complete
2025-06-23 05:39:59,901 - httpcore.http11 - DEBUG - send_request_body.started request=<Request [b'POST']>
2025-06-23 05:39:59,901 - httpcore.http11 - DEBUG - send_request_body.complete
2025-06-23 05:39:59,902 - httpcore.http11 - DEBUG - receive_response_headers.started request=<Request [b'POST']>
2025-06-23 05:40:10,074 - httpcore.http11 - DEBUG - receive_response_headers.complete return_value=(b'HTTP/1.1', 200, b'OK', [(b'Server', b'nginx/1.18.0'), (b'Date', b'Mon, 23 Jun 2025 04:40:12 GMT'), (b'Content-Type', b'application/json'), (b'Content-Length', b'23'), (b'Connection', b'keep-alive'), (b'Strict-Transport-Security', b'max-age=31536000; includeSubDomains; preload'), (b'Access-Control-Allow-Origin', b'*'), (b'Access-Control-Allow-Methods', b'GET, POST, OPTIONS'), (b'Access-Control-Expose-Headers', b'Content-Length,Content-Type,Date,Server,Connection')])
2025-06-23 05:40:10,074 - httpx - INFO - HTTP Request: POST https://api.telegram.org/bot7707158318:AAE8rWa4Q8Z_3avql6K0HAmXaooZAReoNF0/getUpdates "HTTP/1.1 200 OK"
2025-06-23 05:40:10,074 - httpcore.http11 - DEBUG - receive_response_body.started request=<Request [b'POST']>
2025-06-23 05:40:10,075 - httpcore.http11 - DEBUG - receive_response_body.complete
2025-06-23 05:40:10,075 - httpcore.http11 - DEBUG - response_closed.started
2025-06-23 05:40:10,075 - httpcore.http11 - DEBUG - response_closed.complete
2025-06-23 05:40:10,075 - telegram.ext.ExtBot - DEBUG - No new updates found.
2025-06-23 05:40:10,076 - telegram.ext.ExtBot - DEBUG - ()
2025-06-23 05:40:10,076 - telegram.ext.ExtBot - DEBUG - Exiting: get_updates
2025-06-23 05:40:10,076 - telegram.ext.ExtBot - DEBUG - Entering: get_updates
2025-06-23 05:40:10,077 - httpcore.http11 - DEBUG - send_request_headers.started request=<Request [b'POST']>
2025-06-23 05:40:10,077 - httpcore.http11 - DEBUG - send_request_headers.complete
2025-06-23 05:40:10,077 - httpcore.http11 - DEBUG - send_request_body.started request=<Request [b'POST']>
2025-06-23 05:40:10,079 - httpcore.http11 - DEBUG - send_request_body.complete
2025-06-23 05:40:10,079 - httpcore.http11 - DEBUG - receive_response_headers.started request=<Request [b'POST']>
2025-06-23 05:40:13,937 - httpcore.http11 - DEBUG - receive_response_headers.complete return_value=(b'HTTP/1.1', 200, b'OK', [(b'Server', b'nginx/1.18.0'), (b'Date', b'Mon, 23 Jun 2025 04:40:16 GMT'), (b'Content-Type', b'application/json'), (b'Content-Length', b'816'), (b'Connection', b'keep-alive'), (b'Strict-Transport-Security', b'max-age=31536000; includeSubDomains; preload'), (b'Access-Control-Allow-Origin', b'*'), (b'Access-Control-Allow-Methods', b'GET, POST, OPTIONS'), (b'Access-Control-Expose-Headers', b'Content-Length,Content-Type,Date,Server,Connection')])
2025-06-23 05:40:13,937 - httpx - INFO - HTTP Request: POST https://api.telegram.org/bot7707158318:AAE8rWa4Q8Z_3avql6K0HAmXaooZAReoNF0/getUpdates "HTTP/1.1 200 OK"
2025-06-23 05:40:13,937 - httpcore.http11 - DEBUG - receive_response_body.started request=<Request [b'POST']>
2025-06-23 05:40:13,937 - httpcore.http11 - DEBUG - receive_response_body.complete
2025-06-23 05:40:13,937 - httpcore.http11 - DEBUG - response_closed.started
2025-06-23 05:40:13,937 - httpcore.http11 - DEBUG - response_closed.complete
2025-06-23 05:40:13,937 - telegram.ext.ExtBot - DEBUG - Getting updates: [37530070]
2025-06-23 05:40:13,937 - telegram.ext.ExtBot - DEBUG - (Update(callback_query=CallbackQuery(chat_instance='-1307310250263184334', data='show_balance', from_user=User(first_name='Ghost', id=7049055170, is_bot=False, language_code='en', last_name='Number1'), id='2605345314559600438', message=Message(channel_chat_created=False, chat=Chat(first_name='Ghost', id=7049055170, last_name='Number1', type=<ChatType.PRIVATE>), date=datetime.datetime(2025, 6, 23, 4, 26, 31, tzinfo=<UTC>), delete_chat_photo=False, from_user=User(first_name='SPRD', id=7707158318, is_bot=True, username='tizi91Bot'), group_chat_created=False, message_id=5952, reply_markup=InlineKeyboardMarkup(inline_keyboard=((InlineKeyboardButton(callback_data='start_sniperx', text='🚀 Start SniperX'),), (InlineKeyboardButton(callback_data='stop_sniperx', text='🛑 Stop SniperX'), InlineKeyboardButton(callback_data='status_sniperx', text='📊 Status')), (InlineKeyboardButton(callback_data='show_balance', text='💰 Balance'),))), supergroup_chat_created=False, text='SniperX Bot Control Panel:')), update_id=37530070),)
2025-06-23 05:40:13,941 - telegram.ext.ExtBot - DEBUG - Exiting: get_updates
2025-06-23 05:40:13,941 - telegram.ext.ExtBot - DEBUG - Entering: get_updates
2025-06-23 05:40:13,943 - telegram.ext.Application - DEBUG - Processing update Update(callback_query=CallbackQuery(chat_instance='-1307310250263184334', data='show_balance', from_user=User(first_name='Ghost', id=7049055170, is_bot=False, language_code='en', last_name='Number1'), id='2605345314559600438', message=Message(channel_chat_created=False, chat=Chat(first_name='Ghost', id=7049055170, last_name='Number1', type=<ChatType.PRIVATE>), date=datetime.datetime(2025, 6, 23, 4, 26, 31, tzinfo=<UTC>), delete_chat_photo=False, from_user=User(first_name='SPRD', id=7707158318, is_bot=True, username='tizi91Bot'), group_chat_created=False, message_id=5952, reply_markup=InlineKeyboardMarkup(inline_keyboard=((InlineKeyboardButton(callback_data='start_sniperx', text='🚀 Start SniperX'),), (InlineKeyboardButton(callback_data='stop_sniperx', text='🛑 Stop SniperX'), InlineKeyboardButton(callback_data='status_sniperx', text='📊 Status')), (InlineKeyboardButton(callback_data='show_balance', text='💰 Balance'),))), supergroup_chat_created=False, text='SniperX Bot Control Panel:')), update_id=37530070)
2025-06-23 05:40:13,943 - __main__ - INFO - Button callback received: Update(callback_query=CallbackQuery(chat_instance='-1307310250263184334', data='show_balance', from_user=User(first_name='Ghost', id=7049055170, is_bot=False, language_code='en', last_name='Number1'), id='2605345314559600438', message=Message(channel_chat_created=False, chat=Chat(first_name='Ghost', id=7049055170, last_name='Number1', type=<ChatType.PRIVATE>), date=datetime.datetime(2025, 6, 23, 4, 26, 31, tzinfo=<UTC>), delete_chat_photo=False, from_user=User(first_name='SPRD', id=7707158318, is_bot=True, username='tizi91Bot'), group_chat_created=False, message_id=5952, reply_markup=InlineKeyboardMarkup(inline_keyboard=((InlineKeyboardButton(callback_data='start_sniperx', text='🚀 Start SniperX'),), (InlineKeyboardButton(callback_data='stop_sniperx', text='🛑 Stop SniperX'), InlineKeyboardButton(callback_data='status_sniperx', text='📊 Status')), (InlineKeyboardButton(callback_data='show_balance', text='💰 Balance'),))), supergroup_chat_created=False, text='SniperX Bot Control Panel:')), update_id=37530070)
2025-06-23 05:40:13,943 - telegram.ext.ExtBot - DEBUG - Entering: answer_callback_query
2025-06-23 05:40:13,947 - httpcore.connection - DEBUG - close.started
2025-06-23 05:40:13,947 - httpcore.connection - DEBUG - close.complete
2025-06-23 05:40:13,948 - httpcore.http11 - DEBUG - send_request_headers.started request=<Request [b'POST']>
2025-06-23 05:40:13,949 - httpcore.connection - DEBUG - connect_tcp.started host='api.telegram.org' port=443 local_address=None timeout=5.0 socket_options=None
2025-06-23 05:40:13,951 - httpcore.http11 - DEBUG - send_request_headers.complete
2025-06-23 05:40:13,952 - httpcore.http11 - DEBUG - send_request_body.started request=<Request [b'POST']>
2025-06-23 05:40:13,953 - httpcore.http11 - DEBUG - send_request_body.complete
2025-06-23 05:40:13,953 - httpcore.http11 - DEBUG - receive_response_headers.started request=<Request [b'POST']>
2025-06-23 05:40:14,113 - httpcore.connection - DEBUG - connect_tcp.complete return_value=<httpcore._backends.anyio.AnyIOStream object at 0x0000024B2C51B7F0>
2025-06-23 05:40:14,113 - httpcore.connection - DEBUG - start_tls.started ssl_context=<ssl.SSLContext object at 0x0000024B2B3F9AC0> server_hostname='api.telegram.org' timeout=5.0
2025-06-23 05:40:14,201 - httpcore.connection - DEBUG - start_tls.complete return_value=<httpcore._backends.anyio.AnyIOStream object at 0x0000024B2C51A4D0>
2025-06-23 05:40:14,201 - httpcore.http11 - DEBUG - send_request_headers.started request=<Request [b'POST']>
2025-06-23 05:40:14,201 - httpcore.http11 - DEBUG - send_request_headers.complete
2025-06-23 05:40:14,201 - httpcore.http11 - DEBUG - send_request_body.started request=<Request [b'POST']>
2025-06-23 05:40:14,201 - httpcore.http11 - DEBUG - send_request_body.complete
2025-06-23 05:40:14,201 - httpcore.http11 - DEBUG - receive_response_headers.started request=<Request [b'POST']>
2025-06-23 05:40:14,332 - httpcore.http11 - DEBUG - receive_response_headers.complete return_value=(b'HTTP/1.1', 200, b'OK', [(b'Server', b'nginx/1.18.0'), (b'Date', b'Mon, 23 Jun 2025 04:40:16 GMT'), (b'Content-Type', b'application/json'), (b'Content-Length', b'25'), (b'Connection', b'keep-alive'), (b'Strict-Transport-Security', b'max-age=31536000; includeSubDomains; preload'), (b'Access-Control-Allow-Origin', b'*'), (b'Access-Control-Allow-Methods', b'GET, POST, OPTIONS'), (b'Access-Control-Expose-Headers', b'Content-Length,Content-Type,Date,Server,Connection')])
2025-06-23 05:40:14,335 - httpx - INFO - HTTP Request: POST https://api.telegram.org/bot7707158318:AAE8rWa4Q8Z_3avql6K0HAmXaooZAReoNF0/answerCallbackQuery "HTTP/1.1 200 OK"
2025-06-23 05:40:14,335 - httpcore.http11 - DEBUG - receive_response_body.started request=<Request [b'POST']>
2025-06-23 05:40:14,336 - httpcore.http11 - DEBUG - receive_response_body.complete
2025-06-23 05:40:14,336 - httpcore.http11 - DEBUG - response_closed.started
2025-06-23 05:40:14,336 - httpcore.http11 - DEBUG - response_closed.complete
2025-06-23 05:40:14,337 - telegram.ext.ExtBot - DEBUG - True
2025-06-23 05:40:14,337 - telegram.ext.ExtBot - DEBUG - Exiting: answer_callback_query
2025-06-23 05:40:14,337 - __main__ - INFO - Processing action: show_balance
2025-06-23 05:40:14,337 - __main__ - INFO - Processing show_balance action
2025-06-23 05:40:14,337 - __main__ - INFO - Reading wallet balance from: C:\Users\Rachid Aitali\OneDrive - 4JM Solutions Limited\Desktop\SniperX\SniperX\SniperX-V3\wallet_balance.json
2025-06-23 05:40:14,337 - __main__ - DEBUG - Raw wallet balance data: {'sol': '0.001771443', 'usd': '0.23646992607', 'sol_price': '133.49', 'timestamp': 1750652788.820515}
2025-06-23 05:40:14,340 - __main__ - WARNING - Balance data is too old (13.8 minutes old)
2025-06-23 05:40:14,340 - __main__ - INFO - Current balance after read: {'sol': Decimal('0'), 'usd': Decimal('0'), 'timestamp': 0}
2025-06-23 05:40:14,340 - __main__ - INFO - Wallet manager not running, attempting to start it
2025-06-23 05:40:14,340 - __main__ - INFO - Starting wallet manager from: C:\Users\Rachid Aitali\OneDrive - 4JM Solutions Limited\Desktop\SniperX\SniperX\SniperX-V3\wallet_manager.py
2025-06-23 05:40:14,382 - __main__ - INFO - Wallet manager started with PID: 8700
2025-06-23 05:40:16,386 - __main__ - INFO - Wallet manager started successfully, reading balance...
2025-06-23 05:40:16,386 - __main__ - INFO - Reading wallet balance from: C:\Users\Rachid Aitali\OneDrive - 4JM Solutions Limited\Desktop\SniperX\SniperX\SniperX-V3\wallet_balance.json
2025-06-23 05:40:16,386 - __main__ - DEBUG - Raw wallet balance data: {'sol': '0.001771443', 'usd': '0.23577906330', 'sol_price': '133.10', 'timestamp': 1750653615.8437033}
2025-06-23 05:40:16,388 - __main__ - INFO - Successfully read balance - SOL: 0.001771443, USD: 0.23577906330, Age: 0.0 minutes
2025-06-23 05:40:16,388 - __main__ - INFO - Balance after wallet manager start: {'sol': Decimal('0.001771443'), 'usd': Decimal('0.23577906330'), 'timestamp': 1750653615.8437033}
2025-06-23 05:40:16,388 - __main__ - INFO - Balance retrieved successfully
2025-06-23 05:40:16,388 - telegram.ext.ExtBot - DEBUG - Entering: edit_message_text
2025-06-23 05:40:16,388 - httpcore.http11 - DEBUG - send_request_headers.started request=<Request [b'POST']>
2025-06-23 05:40:16,391 - httpcore.http11 - DEBUG - send_request_headers.complete
2025-06-23 05:40:16,391 - httpcore.http11 - DEBUG - send_request_body.started request=<Request [b'POST']>
2025-06-23 05:40:16,392 - httpcore.http11 - DEBUG - send_request_body.complete
2025-06-23 05:40:16,392 - httpcore.http11 - DEBUG - receive_response_headers.started request=<Request [b'POST']>
2025-06-23 05:40:16,504 - httpcore.http11 - DEBUG - receive_response_headers.complete return_value=(b'HTTP/1.1', 200, b'OK', [(b'Server', b'nginx/1.18.0'), (b'Date', b'Mon, 23 Jun 2025 04:40:18 GMT'), (b'Content-Type', b'application/json'), (b'Content-Length', b'496'), (b'Connection', b'keep-alive'), (b'Strict-Transport-Security', b'max-age=31536000; includeSubDomains; preload'), (b'Access-Control-Allow-Origin', b'*'), (b'Access-Control-Allow-Methods', b'GET, POST, OPTIONS'), (b'Access-Control-Expose-Headers', b'Content-Length,Content-Type,Date,Server,Connection')])
2025-06-23 05:40:16,504 - httpx - INFO - HTTP Request: POST https://api.telegram.org/bot7707158318:AAE8rWa4Q8Z_3avql6K0HAmXaooZAReoNF0/editMessageText "HTTP/1.1 200 OK"
2025-06-23 05:40:16,504 - httpcore.http11 - DEBUG - receive_response_body.started request=<Request [b'POST']>
2025-06-23 05:40:16,504 - httpcore.http11 - DEBUG - receive_response_body.complete
2025-06-23 05:40:16,504 - httpcore.http11 - DEBUG - response_closed.started
2025-06-23 05:40:16,504 - httpcore.http11 - DEBUG - response_closed.complete
2025-06-23 05:40:16,508 - telegram.ext.ExtBot - DEBUG - Message(channel_chat_created=False, chat=Chat(first_name='Ghost', id=7049055170, last_name='Number1', type=<ChatType.PRIVATE>), date=datetime.datetime(2025, 6, 23, 4, 26, 31, tzinfo=<UTC>), delete_chat_photo=False, edit_date=datetime.datetime(2025, 6, 23, 4, 40, 18, tzinfo=<UTC>), from_user=User(first_name='SPRD', id=7707158318, is_bot=True, username='tizi91Bot'), group_chat_created=False, message_id=5952, reply_markup=InlineKeyboardMarkup(inline_keyboard=((InlineKeyboardButton(callback_data='show_balance', text='🔄 Refresh'), InlineKeyboardButton(callback_data='back_to_menu', text='🔙 Back to Menu')),)), supergroup_chat_created=False, text='Current Balance:\nSOL: 0.001771\nUSD: $0.24\n\nLast Update: 05:40:15')
2025-06-23 05:40:16,508 - telegram.ext.ExtBot - DEBUG - Exiting: edit_message_text
2025-06-23 05:40:21,911 - httpcore.http11 - DEBUG - receive_response_headers.complete return_value=(b'HTTP/1.1', 200, b'OK', [(b'Server', b'nginx/1.18.0'), (b'Date', b'Mon, 23 Jun 2025 04:40:24 GMT'), (b'Content-Type', b'application/json'), (b'Content-Length', b'743'), (b'Connection', b'keep-alive'), (b'Strict-Transport-Security', b'max-age=31536000; includeSubDomains; preload'), (b'Access-Control-Allow-Origin', b'*'), (b'Access-Control-Allow-Methods', b'GET, POST, OPTIONS'), (b'Access-Control-Expose-Headers', b'Content-Length,Content-Type,Date,Server,Connection')])
2025-06-23 05:40:21,913 - httpx - INFO - HTTP Request: POST https://api.telegram.org/bot7707158318:AAE8rWa4Q8Z_3avql6K0HAmXaooZAReoNF0/getUpdates "HTTP/1.1 200 OK"
2025-06-23 05:40:21,913 - httpcore.http11 - DEBUG - receive_response_body.started request=<Request [b'POST']>
2025-06-23 05:40:21,913 - httpcore.http11 - DEBUG - receive_response_body.complete
2025-06-23 05:40:21,913 - httpcore.http11 - DEBUG - response_closed.started
2025-06-23 05:40:21,913 - httpcore.http11 - DEBUG - response_closed.complete
2025-06-23 05:40:21,913 - telegram.ext.ExtBot - DEBUG - Getting updates: [37530071]
2025-06-23 05:40:21,915 - telegram.ext.ExtBot - DEBUG - (Update(callback_query=CallbackQuery(chat_instance='-1307310250263184334', data='show_balance', from_user=User(first_name='Ghost', id=7049055170, is_bot=False, language_code='en', last_name='Number1'), id='2605345314853300185', message=Message(channel_chat_created=False, chat=Chat(first_name='Ghost', id=7049055170, last_name='Number1', type=<ChatType.PRIVATE>), date=datetime.datetime(2025, 6, 23, 4, 26, 31, tzinfo=<UTC>), delete_chat_photo=False, edit_date=datetime.datetime(2025, 6, 23, 4, 40, 18, tzinfo=<UTC>), from_user=User(first_name='SPRD', id=7707158318, is_bot=True, username='tizi91Bot'), group_chat_created=False, message_id=5952, reply_markup=InlineKeyboardMarkup(inline_keyboard=((InlineKeyboardButton(callback_data='show_balance', text='🔄 Refresh'), InlineKeyboardButton(callback_data='back_to_menu', text='🔙 Back to Menu')),)), supergroup_chat_created=False, text='Current Balance:\nSOL: 0.001771\nUSD: $0.24\n\nLast Update: 05:40:15')), update_id=37530071),)
2025-06-23 05:40:21,915 - telegram.ext.ExtBot - DEBUG - Exiting: get_updates
2025-06-23 05:40:21,915 - telegram.ext.ExtBot - DEBUG - Entering: get_updates
2025-06-23 05:40:21,915 - telegram.ext.Application - DEBUG - Processing update Update(callback_query=CallbackQuery(chat_instance='-1307310250263184334', data='show_balance', from_user=User(first_name='Ghost', id=7049055170, is_bot=False, language_code='en', last_name='Number1'), id='2605345314853300185', message=Message(channel_chat_created=False, chat=Chat(first_name='Ghost', id=7049055170, last_name='Number1', type=<ChatType.PRIVATE>), date=datetime.datetime(2025, 6, 23, 4, 26, 31, tzinfo=<UTC>), delete_chat_photo=False, edit_date=datetime.datetime(2025, 6, 23, 4, 40, 18, tzinfo=<UTC>), from_user=User(first_name='SPRD', id=7707158318, is_bot=True, username='tizi91Bot'), group_chat_created=False, message_id=5952, reply_markup=InlineKeyboardMarkup(inline_keyboard=((InlineKeyboardButton(callback_data='show_balance', text='🔄 Refresh'), InlineKeyboardButton(callback_data='back_to_menu', text='🔙 Back to Menu')),)), supergroup_chat_created=False, text='Current Balance:\nSOL: 0.001771\nUSD: $0.24\n\nLast Update: 05:40:15')), update_id=37530071)
2025-06-23 05:40:21,918 - __main__ - INFO - Button callback received: Update(callback_query=CallbackQuery(chat_instance='-1307310250263184334', data='show_balance', from_user=User(first_name='Ghost', id=7049055170, is_bot=False, language_code='en', last_name='Number1'), id='2605345314853300185', message=Message(channel_chat_created=False, chat=Chat(first_name='Ghost', id=7049055170, last_name='Number1', type=<ChatType.PRIVATE>), date=datetime.datetime(2025, 6, 23, 4, 26, 31, tzinfo=<UTC>), delete_chat_photo=False, edit_date=datetime.datetime(2025, 6, 23, 4, 40, 18, tzinfo=<UTC>), from_user=User(first_name='SPRD', id=7707158318, is_bot=True, username='tizi91Bot'), group_chat_created=False, message_id=5952, reply_markup=InlineKeyboardMarkup(inline_keyboard=((InlineKeyboardButton(callback_data='show_balance', text='🔄 Refresh'), InlineKeyboardButton(callback_data='back_to_menu', text='🔙 Back to Menu')),)), supergroup_chat_created=False, text='Current Balance:\nSOL: 0.001771\nUSD: $0.24\n\nLast Update: 05:40:15')), update_id=37530071)
2025-06-23 05:40:21,918 - telegram.ext.ExtBot - DEBUG - Entering: answer_callback_query
2025-06-23 05:40:21,920 - httpcore.connection - DEBUG - close.started
2025-06-23 05:40:21,921 - httpcore.connection - DEBUG - close.complete
2025-06-23 05:40:21,921 - httpcore.http11 - DEBUG - send_request_headers.started request=<Request [b'POST']>
2025-06-23 05:40:21,921 - httpcore.connection - DEBUG - connect_tcp.started host='api.telegram.org' port=443 local_address=None timeout=5.0 socket_options=None
2025-06-23 05:40:21,922 - httpcore.http11 - DEBUG - send_request_headers.complete
2025-06-23 05:40:21,922 - httpcore.http11 - DEBUG - send_request_body.started request=<Request [b'POST']>
2025-06-23 05:40:21,924 - httpcore.http11 - DEBUG - send_request_body.complete
2025-06-23 05:40:21,925 - httpcore.http11 - DEBUG - receive_response_headers.started request=<Request [b'POST']>
2025-06-23 05:40:22,001 - httpcore.connection - DEBUG - connect_tcp.complete return_value=<httpcore._backends.anyio.AnyIOStream object at 0x0000024B2C4BCD00>
2025-06-23 05:40:22,002 - httpcore.connection - DEBUG - start_tls.started ssl_context=<ssl.SSLContext object at 0x0000024B2B3F9AC0> server_hostname='api.telegram.org' timeout=5.0
2025-06-23 05:40:22,100 - httpcore.connection - DEBUG - start_tls.complete return_value=<httpcore._backends.anyio.AnyIOStream object at 0x0000024B2C4BE5C0>
2025-06-23 05:40:22,100 - httpcore.http11 - DEBUG - send_request_headers.started request=<Request [b'POST']>
2025-06-23 05:40:22,101 - httpcore.http11 - DEBUG - send_request_headers.complete
2025-06-23 05:40:22,101 - httpcore.http11 - DEBUG - send_request_body.started request=<Request [b'POST']>
2025-06-23 05:40:22,101 - httpcore.http11 - DEBUG - send_request_body.complete
2025-06-23 05:40:22,101 - httpcore.http11 - DEBUG - receive_response_headers.started request=<Request [b'POST']>
2025-06-23 05:40:22,188 - httpcore.http11 - DEBUG - receive_response_headers.complete return_value=(b'HTTP/1.1', 200, b'OK', [(b'Server', b'nginx/1.18.0'), (b'Date', b'Mon, 23 Jun 2025 04:40:24 GMT'), (b'Content-Type', b'application/json'), (b'Content-Length', b'25'), (b'Connection', b'keep-alive'), (b'Strict-Transport-Security', b'max-age=31536000; includeSubDomains; preload'), (b'Access-Control-Allow-Origin', b'*'), (b'Access-Control-Allow-Methods', b'GET, POST, OPTIONS'), (b'Access-Control-Expose-Headers', b'Content-Length,Content-Type,Date,Server,Connection')])
2025-06-23 05:40:22,188 - httpx - INFO - HTTP Request: POST https://api.telegram.org/bot7707158318:AAE8rWa4Q8Z_3avql6K0HAmXaooZAReoNF0/answerCallbackQuery "HTTP/1.1 200 OK"
2025-06-23 05:40:22,188 - httpcore.http11 - DEBUG - receive_response_body.started request=<Request [b'POST']>
2025-06-23 05:40:22,188 - httpcore.http11 - DEBUG - receive_response_body.complete
2025-06-23 05:40:22,188 - httpcore.http11 - DEBUG - response_closed.started
2025-06-23 05:40:22,188 - httpcore.http11 - DEBUG - response_closed.complete
2025-06-23 05:40:22,191 - telegram.ext.ExtBot - DEBUG - True
2025-06-23 05:40:22,192 - telegram.ext.ExtBot - DEBUG - Exiting: answer_callback_query
2025-06-23 05:40:22,192 - __main__ - INFO - Processing action: show_balance
2025-06-23 05:40:22,192 - __main__ - INFO - Processing show_balance action
2025-06-23 05:40:22,192 - __main__ - INFO - Reading wallet balance from: C:\Users\Rachid Aitali\OneDrive - 4JM Solutions Limited\Desktop\SniperX\SniperX\SniperX-V3\wallet_balance.json
2025-06-23 05:40:22,193 - __main__ - DEBUG - Raw wallet balance data: {'sol': '0.001771443', 'usd': '0.23577906330', 'sol_price': '133.10', 'timestamp': 1750653615.8437033}
2025-06-23 05:40:22,193 - __main__ - INFO - Successfully read balance - SOL: 0.001771443, USD: 0.23577906330, Age: 0.1 minutes
2025-06-23 05:40:22,193 - __main__ - INFO - Current balance after read: {'sol': Decimal('0.001771443'), 'usd': Decimal('0.23577906330'), 'timestamp': 1750653615.8437033}
2025-06-23 05:40:22,193 - __main__ - INFO - Wallet manager not running, attempting to start it
2025-06-23 05:40:22,193 - __main__ - INFO - Starting wallet manager from: C:\Users\Rachid Aitali\OneDrive - 4JM Solutions Limited\Desktop\SniperX\SniperX\SniperX-V3\wallet_manager.py
2025-06-23 05:40:22,226 - __main__ - INFO - Wallet manager started with PID: 16340
2025-06-23 05:40:24,231 - __main__ - ERROR - Wallet manager failed to start. Exit code: 0, Error: 
2025-06-23 05:40:24,232 - telegram.ext.ExtBot - DEBUG - Entering: edit_message_text
2025-06-23 05:40:24,232 - httpcore.http11 - DEBUG - send_request_headers.started request=<Request [b'POST']>
2025-06-23 05:40:24,232 - httpcore.http11 - DEBUG - send_request_headers.complete
2025-06-23 05:40:24,232 - httpcore.http11 - DEBUG - send_request_body.started request=<Request [b'POST']>
2025-06-23 05:40:24,232 - httpcore.http11 - DEBUG - send_request_body.complete
2025-06-23 05:40:24,232 - httpcore.http11 - DEBUG - receive_response_headers.started request=<Request [b'POST']>
2025-06-23 05:40:24,361 - httpcore.http11 - DEBUG - receive_response_headers.complete return_value=(b'HTTP/1.1', 400, b'Bad Request', [(b'Server', b'nginx/1.18.0'), (b'Date', b'Mon, 23 Jun 2025 04:40:26 GMT'), (b'Content-Type', b'application/json'), (b'Content-Length', b'204'), (b'Connection', b'keep-alive'), (b'Strict-Transport-Security', b'max-age=31536000; includeSubDomains; preload'), (b'Access-Control-Allow-Origin', b'*'), (b'Access-Control-Expose-Headers', b'Content-Length,Content-Type,Date,Server,Connection')])
2025-06-23 05:40:24,363 - httpx - INFO - HTTP Request: POST https://api.telegram.org/bot7707158318:AAE8rWa4Q8Z_3avql6K0HAmXaooZAReoNF0/editMessageText "HTTP/1.1 400 Bad Request"
2025-06-23 05:40:24,363 - httpcore.http11 - DEBUG - receive_response_body.started request=<Request [b'POST']>
2025-06-23 05:40:24,363 - httpcore.http11 - DEBUG - receive_response_body.complete
2025-06-23 05:40:24,363 - httpcore.http11 - DEBUG - response_closed.started
2025-06-23 05:40:24,363 - httpcore.http11 - DEBUG - response_closed.complete
2025-06-23 05:40:24,364 - __main__ - ERROR - Error updating balance message: Message is not modified: specified new message content and reply markup are exactly the same as a current content and reply markup of the message
2025-06-23 05:40:24,364 - telegram.ext.ExtBot - DEBUG - Entering: delete_message
2025-06-23 05:40:24,366 - httpcore.http11 - DEBUG - send_request_headers.started request=<Request [b'POST']>
2025-06-23 05:40:24,366 - httpcore.http11 - DEBUG - send_request_headers.complete
2025-06-23 05:40:24,366 - httpcore.http11 - DEBUG - send_request_body.started request=<Request [b'POST']>
2025-06-23 05:40:24,366 - httpcore.http11 - DEBUG - send_request_body.complete
2025-06-23 05:40:24,369 - httpcore.http11 - DEBUG - receive_response_headers.started request=<Request [b'POST']>
2025-06-23 05:40:24,451 - httpcore.http11 - DEBUG - receive_response_headers.complete return_value=(b'HTTP/1.1', 200, b'OK', [(b'Server', b'nginx/1.18.0'), (b'Date', b'Mon, 23 Jun 2025 04:40:26 GMT'), (b'Content-Type', b'application/json'), (b'Content-Length', b'25'), (b'Connection', b'keep-alive'), (b'Strict-Transport-Security', b'max-age=31536000; includeSubDomains; preload'), (b'Access-Control-Allow-Origin', b'*'), (b'Access-Control-Allow-Methods', b'GET, POST, OPTIONS'), (b'Access-Control-Expose-Headers', b'Content-Length,Content-Type,Date,Server,Connection')])
2025-06-23 05:40:24,454 - httpx - INFO - HTTP Request: POST https://api.telegram.org/bot7707158318:AAE8rWa4Q8Z_3avql6K0HAmXaooZAReoNF0/deleteMessage "HTTP/1.1 200 OK"
2025-06-23 05:40:24,456 - httpcore.http11 - DEBUG - receive_response_body.started request=<Request [b'POST']>
2025-06-23 05:40:24,456 - httpcore.http11 - DEBUG - receive_response_body.complete
2025-06-23 05:40:24,456 - httpcore.http11 - DEBUG - response_closed.started
2025-06-23 05:40:24,457 - httpcore.http11 - DEBUG - response_closed.complete
2025-06-23 05:40:24,458 - telegram.ext.ExtBot - DEBUG - True
2025-06-23 05:40:24,458 - telegram.ext.ExtBot - DEBUG - Exiting: delete_message
2025-06-23 05:40:24,458 - telegram.ext.ExtBot - DEBUG - Entering: send_message
2025-06-23 05:40:24,459 - httpcore.http11 - DEBUG - send_request_headers.started request=<Request [b'POST']>
2025-06-23 05:40:24,460 - httpcore.http11 - DEBUG - send_request_headers.complete
2025-06-23 05:40:24,460 - httpcore.http11 - DEBUG - send_request_body.started request=<Request [b'POST']>
2025-06-23 05:40:24,461 - httpcore.http11 - DEBUG - send_request_body.complete
2025-06-23 05:40:24,461 - httpcore.http11 - DEBUG - receive_response_headers.started request=<Request [b'POST']>
2025-06-23 05:40:24,569 - httpcore.http11 - DEBUG - receive_response_headers.complete return_value=(b'HTTP/1.1', 200, b'OK', [(b'Server', b'nginx/1.18.0'), (b'Date', b'Mon, 23 Jun 2025 04:40:26 GMT'), (b'Content-Type', b'application/json'), (b'Content-Length', b'473'), (b'Connection', b'keep-alive'), (b'Strict-Transport-Security', b'max-age=31536000; includeSubDomains; preload'), (b'Access-Control-Allow-Origin', b'*'), (b'Access-Control-Allow-Methods', b'GET, POST, OPTIONS'), (b'Access-Control-Expose-Headers', b'Content-Length,Content-Type,Date,Server,Connection')])
2025-06-23 05:40:24,570 - httpx - INFO - HTTP Request: POST https://api.telegram.org/bot7707158318:AAE8rWa4Q8Z_3avql6K0HAmXaooZAReoNF0/sendMessage "HTTP/1.1 200 OK"
2025-06-23 05:40:24,570 - httpcore.http11 - DEBUG - receive_response_body.started request=<Request [b'POST']>
2025-06-23 05:40:24,570 - httpcore.http11 - DEBUG - receive_response_body.complete
2025-06-23 05:40:24,570 - httpcore.http11 - DEBUG - response_closed.started
2025-06-23 05:40:24,570 - httpcore.http11 - DEBUG - response_closed.complete
2025-06-23 05:40:24,572 - telegram.ext.ExtBot - DEBUG - Message(channel_chat_created=False, chat=Chat(first_name='Ghost', id=7049055170, last_name='Number1', type=<ChatType.PRIVATE>), date=datetime.datetime(2025, 6, 23, 4, 40, 26, tzinfo=<UTC>), delete_chat_photo=False, from_user=User(first_name='SPRD', id=7707158318, is_bot=True, username='tizi91Bot'), group_chat_created=False, message_id=5953, reply_markup=InlineKeyboardMarkup(inline_keyboard=((InlineKeyboardButton(callback_data='show_balance', text='🔄 Refresh'), InlineKeyboardButton(callback_data='back_to_menu', text='🔙 Back to Menu')),)), supergroup_chat_created=False, text='Current Balance:\nSOL: 0.001771\nUSD: $0.24\n\nLast Update: 05:40:15')
2025-06-23 05:40:24,573 - telegram.ext.ExtBot - DEBUG - Exiting: send_message
2025-06-23 05:40:29,439 - httpcore.http11 - DEBUG - receive_response_headers.complete return_value=(b'HTTP/1.1', 200, b'OK', [(b'Server', b'nginx/1.18.0'), (b'Date', b'Mon, 23 Jun 2025 04:40:31 GMT'), (b'Content-Type', b'application/json'), (b'Content-Length', b'720'), (b'Connection', b'keep-alive'), (b'Strict-Transport-Security', b'max-age=31536000; includeSubDomains; preload'), (b'Access-Control-Allow-Origin', b'*'), (b'Access-Control-Allow-Methods', b'GET, POST, OPTIONS'), (b'Access-Control-Expose-Headers', b'Content-Length,Content-Type,Date,Server,Connection')])
2025-06-23 05:40:29,440 - httpx - INFO - HTTP Request: POST https://api.telegram.org/bot7707158318:AAE8rWa4Q8Z_3avql6K0HAmXaooZAReoNF0/getUpdates "HTTP/1.1 200 OK"
2025-06-23 05:40:29,441 - httpcore.http11 - DEBUG - receive_response_body.started request=<Request [b'POST']>
2025-06-23 05:40:29,442 - httpcore.http11 - DEBUG - receive_response_body.complete
2025-06-23 05:40:29,442 - httpcore.http11 - DEBUG - response_closed.started
2025-06-23 05:40:29,442 - httpcore.http11 - DEBUG - response_closed.complete
2025-06-23 05:40:29,443 - telegram.ext.ExtBot - DEBUG - Getting updates: [37530072]
2025-06-23 05:40:29,444 - telegram.ext.ExtBot - DEBUG - (Update(callback_query=CallbackQuery(chat_instance='-1307310250263184334', data='back_to_menu', from_user=User(first_name='Ghost', id=7049055170, is_bot=False, language_code='en', last_name='Number1'), id='2605345313710408550', message=Message(channel_chat_created=False, chat=Chat(first_name='Ghost', id=7049055170, last_name='Number1', type=<ChatType.PRIVATE>), date=datetime.datetime(2025, 6, 23, 4, 40, 26, tzinfo=<UTC>), delete_chat_photo=False, from_user=User(first_name='SPRD', id=7707158318, is_bot=True, username='tizi91Bot'), group_chat_created=False, message_id=5953, reply_markup=InlineKeyboardMarkup(inline_keyboard=((InlineKeyboardButton(callback_data='show_balance', text='🔄 Refresh'), InlineKeyboardButton(callback_data='back_to_menu', text='🔙 Back to Menu')),)), supergroup_chat_created=False, text='Current Balance:\nSOL: 0.001771\nUSD: $0.24\n\nLast Update: 05:40:15')), update_id=37530072),)
2025-06-23 05:40:29,444 - telegram.ext.ExtBot - DEBUG - Exiting: get_updates
2025-06-23 05:40:29,444 - telegram.ext.ExtBot - DEBUG - Entering: get_updates
2025-06-23 05:40:29,445 - telegram.ext.Application - DEBUG - Processing update Update(callback_query=CallbackQuery(chat_instance='-1307310250263184334', data='back_to_menu', from_user=User(first_name='Ghost', id=7049055170, is_bot=False, language_code='en', last_name='Number1'), id='2605345313710408550', message=Message(channel_chat_created=False, chat=Chat(first_name='Ghost', id=7049055170, last_name='Number1', type=<ChatType.PRIVATE>), date=datetime.datetime(2025, 6, 23, 4, 40, 26, tzinfo=<UTC>), delete_chat_photo=False, from_user=User(first_name='SPRD', id=7707158318, is_bot=True, username='tizi91Bot'), group_chat_created=False, message_id=5953, reply_markup=InlineKeyboardMarkup(inline_keyboard=((InlineKeyboardButton(callback_data='show_balance', text='🔄 Refresh'), InlineKeyboardButton(callback_data='back_to_menu', text='🔙 Back to Menu')),)), supergroup_chat_created=False, text='Current Balance:\nSOL: 0.001771\nUSD: $0.24\n\nLast Update: 05:40:15')), update_id=37530072)
2025-06-23 05:40:29,446 - __main__ - INFO - Button callback received: Update(callback_query=CallbackQuery(chat_instance='-1307310250263184334', data='back_to_menu', from_user=User(first_name='Ghost', id=7049055170, is_bot=False, language_code='en', last_name='Number1'), id='2605345313710408550', message=Message(channel_chat_created=False, chat=Chat(first_name='Ghost', id=7049055170, last_name='Number1', type=<ChatType.PRIVATE>), date=datetime.datetime(2025, 6, 23, 4, 40, 26, tzinfo=<UTC>), delete_chat_photo=False, from_user=User(first_name='SPRD', id=7707158318, is_bot=True, username='tizi91Bot'), group_chat_created=False, message_id=5953, reply_markup=InlineKeyboardMarkup(inline_keyboard=((InlineKeyboardButton(callback_data='show_balance', text='🔄 Refresh'), InlineKeyboardButton(callback_data='back_to_menu', text='🔙 Back to Menu')),)), supergroup_chat_created=False, text='Current Balance:\nSOL: 0.001771\nUSD: $0.24\n\nLast Update: 05:40:15')), update_id=37530072)
2025-06-23 05:40:29,447 - telegram.ext.ExtBot - DEBUG - Entering: answer_callback_query
2025-06-23 05:40:29,448 - httpcore.http11 - DEBUG - send_request_headers.started request=<Request [b'POST']>
2025-06-23 05:40:29,448 - httpcore.http11 - DEBUG - send_request_headers.started request=<Request [b'POST']>
2025-06-23 05:40:29,449 - httpcore.http11 - DEBUG - send_request_headers.complete
2025-06-23 05:40:29,449 - httpcore.http11 - DEBUG - send_request_body.started request=<Request [b'POST']>
2025-06-23 05:40:29,450 - httpcore.http11 - DEBUG - send_request_headers.complete
2025-06-23 05:40:29,450 - httpcore.http11 - DEBUG - send_request_body.started request=<Request [b'POST']>
2025-06-23 05:40:29,450 - httpcore.http11 - DEBUG - send_request_body.complete
2025-06-23 05:40:29,450 - httpcore.http11 - DEBUG - receive_response_headers.started request=<Request [b'POST']>
2025-06-23 05:40:29,450 - httpcore.http11 - DEBUG - send_request_body.complete
2025-06-23 05:40:29,450 - httpcore.http11 - DEBUG - receive_response_headers.started request=<Request [b'POST']>
2025-06-23 05:40:29,538 - httpcore.http11 - DEBUG - receive_response_headers.complete return_value=(b'HTTP/1.1', 200, b'OK', [(b'Server', b'nginx/1.18.0'), (b'Date', b'Mon, 23 Jun 2025 04:40:31 GMT'), (b'Content-Type', b'application/json'), (b'Content-Length', b'25'), (b'Connection', b'keep-alive'), (b'Strict-Transport-Security', b'max-age=31536000; includeSubDomains; preload'), (b'Access-Control-Allow-Origin', b'*'), (b'Access-Control-Allow-Methods', b'GET, POST, OPTIONS'), (b'Access-Control-Expose-Headers', b'Content-Length,Content-Type,Date,Server,Connection')])
2025-06-23 05:40:29,541 - httpx - INFO - HTTP Request: POST https://api.telegram.org/bot7707158318:AAE8rWa4Q8Z_3avql6K0HAmXaooZAReoNF0/answerCallbackQuery "HTTP/1.1 200 OK"
2025-06-23 05:40:29,541 - httpcore.http11 - DEBUG - receive_response_body.started request=<Request [b'POST']>
2025-06-23 05:40:29,543 - httpcore.http11 - DEBUG - receive_response_body.complete
2025-06-23 05:40:29,543 - httpcore.http11 - DEBUG - response_closed.started
2025-06-23 05:40:29,543 - httpcore.http11 - DEBUG - response_closed.complete
2025-06-23 05:40:29,543 - telegram.ext.ExtBot - DEBUG - True
2025-06-23 05:40:29,543 - telegram.ext.ExtBot - DEBUG - Exiting: answer_callback_query
2025-06-23 05:40:29,543 - __main__ - INFO - Processing action: back_to_menu
2025-06-23 05:40:29,543 - telegram.ext.ExtBot - DEBUG - Entering: edit_message_text
2025-06-23 05:40:29,543 - httpcore.http11 - DEBUG - send_request_headers.started request=<Request [b'POST']>
2025-06-23 05:40:29,543 - httpcore.http11 - DEBUG - send_request_headers.complete
2025-06-23 05:40:29,551 - httpcore.http11 - DEBUG - send_request_body.started request=<Request [b'POST']>
2025-06-23 05:40:29,551 - httpcore.http11 - DEBUG - send_request_body.complete
2025-06-23 05:40:29,552 - httpcore.http11 - DEBUG - receive_response_headers.started request=<Request [b'POST']>
2025-06-23 05:40:29,653 - httpcore.http11 - DEBUG - receive_response_headers.complete return_value=(b'HTTP/1.1', 200, b'OK', [(b'Server', b'nginx/1.18.0'), (b'Date', b'Mon, 23 Jun 2025 04:40:31 GMT'), (b'Content-Type', b'application/json'), (b'Content-Length', b'592'), (b'Connection', b'keep-alive'), (b'Strict-Transport-Security', b'max-age=31536000; includeSubDomains; preload'), (b'Access-Control-Allow-Origin', b'*'), (b'Access-Control-Allow-Methods', b'GET, POST, OPTIONS'), (b'Access-Control-Expose-Headers', b'Content-Length,Content-Type,Date,Server,Connection')])
2025-06-23 05:40:29,654 - httpx - INFO - HTTP Request: POST https://api.telegram.org/bot7707158318:AAE8rWa4Q8Z_3avql6K0HAmXaooZAReoNF0/editMessageText "HTTP/1.1 200 OK"
2025-06-23 05:40:29,655 - httpcore.http11 - DEBUG - receive_response_body.started request=<Request [b'POST']>
2025-06-23 05:40:29,655 - httpcore.http11 - DEBUG - receive_response_body.complete
2025-06-23 05:40:29,655 - httpcore.http11 - DEBUG - response_closed.started
2025-06-23 05:40:29,657 - httpcore.http11 - DEBUG - response_closed.complete
2025-06-23 05:40:29,658 - telegram.ext.ExtBot - DEBUG - Message(channel_chat_created=False, chat=Chat(first_name='Ghost', id=7049055170, last_name='Number1', type=<ChatType.PRIVATE>), date=datetime.datetime(2025, 6, 23, 4, 40, 26, tzinfo=<UTC>), delete_chat_photo=False, edit_date=datetime.datetime(2025, 6, 23, 4, 40, 31, tzinfo=<UTC>), from_user=User(first_name='SPRD', id=7707158318, is_bot=True, username='tizi91Bot'), group_chat_created=False, message_id=5953, reply_markup=InlineKeyboardMarkup(inline_keyboard=((InlineKeyboardButton(callback_data='start_sniperx', text='🚀 Start SniperX'),), (InlineKeyboardButton(callback_data='stop_sniperx', text='🛑 Stop SniperX'), InlineKeyboardButton(callback_data='status_sniperx', text='📊 Status')), (InlineKeyboardButton(callback_data='show_balance', text='💰 Balance'),))), supergroup_chat_created=False, text='SniperX Bot Control Panel:')
2025-06-23 05:40:29,658 - telegram.ext.ExtBot - DEBUG - Exiting: edit_message_text
2025-06-23 05:40:39,637 - httpcore.http11 - DEBUG - receive_response_headers.complete return_value=(b'HTTP/1.1', 200, b'OK', [(b'Server', b'nginx/1.18.0'), (b'Date', b'Mon, 23 Jun 2025 04:40:41 GMT'), (b'Content-Type', b'application/json'), (b'Content-Length', b'23'), (b'Connection', b'keep-alive'), (b'Strict-Transport-Security', b'max-age=31536000; includeSubDomains; preload'), (b'Access-Control-Allow-Origin', b'*'), (b'Access-Control-Allow-Methods', b'GET, POST, OPTIONS'), (b'Access-Control-Expose-Headers', b'Content-Length,Content-Type,Date,Server,Connection')])
2025-06-23 05:40:39,637 - httpx - INFO - HTTP Request: POST https://api.telegram.org/bot7707158318:AAE8rWa4Q8Z_3avql6K0HAmXaooZAReoNF0/getUpdates "HTTP/1.1 200 OK"
2025-06-23 05:40:39,641 - httpcore.http11 - DEBUG - receive_response_body.started request=<Request [b'POST']>
2025-06-23 05:40:39,641 - httpcore.http11 - DEBUG - receive_response_body.complete
2025-06-23 05:40:39,641 - httpcore.http11 - DEBUG - response_closed.started
2025-06-23 05:40:39,641 - httpcore.http11 - DEBUG - response_closed.complete
2025-06-23 05:40:39,641 - telegram.ext.ExtBot - DEBUG - No new updates found.
2025-06-23 05:40:39,641 - telegram.ext.ExtBot - DEBUG - ()
2025-06-23 05:40:39,641 - telegram.ext.ExtBot - DEBUG - Exiting: get_updates
2025-06-23 05:40:39,641 - telegram.ext.ExtBot - DEBUG - Entering: get_updates
2025-06-23 05:40:39,643 - httpcore.http11 - DEBUG - send_request_headers.started request=<Request [b'POST']>
2025-06-23 05:40:39,643 - httpcore.http11 - DEBUG - send_request_headers.complete
2025-06-23 05:40:39,643 - httpcore.http11 - DEBUG - send_request_body.started request=<Request [b'POST']>
2025-06-23 05:40:39,647 - httpcore.http11 - DEBUG - send_request_body.complete
2025-06-23 05:40:39,647 - httpcore.http11 - DEBUG - receive_response_headers.started request=<Request [b'POST']>
2025-06-23 05:40:49,719 - httpcore.http11 - DEBUG - receive_response_headers.complete return_value=(b'HTTP/1.1', 200, b'OK', [(b'Server', b'nginx/1.18.0'), (b'Date', b'Mon, 23 Jun 2025 04:40:52 GMT'), (b'Content-Type', b'application/json'), (b'Content-Length', b'23'), (b'Connection', b'keep-alive'), (b'Strict-Transport-Security', b'max-age=31536000; includeSubDomains; preload'), (b'Access-Control-Allow-Origin', b'*'), (b'Access-Control-Allow-Methods', b'GET, POST, OPTIONS'), (b'Access-Control-Expose-Headers', b'Content-Length,Content-Type,Date,Server,Connection')])
2025-06-23 05:40:49,720 - httpx - INFO - HTTP Request: POST https://api.telegram.org/bot7707158318:AAE8rWa4Q8Z_3avql6K0HAmXaooZAReoNF0/getUpdates "HTTP/1.1 200 OK"
2025-06-23 05:40:49,722 - httpcore.http11 - DEBUG - receive_response_body.started request=<Request [b'POST']>
2025-06-23 05:40:49,722 - httpcore.http11 - DEBUG - receive_response_body.complete
2025-06-23 05:40:49,723 - httpcore.http11 - DEBUG - response_closed.started
2025-06-23 05:40:49,723 - httpcore.http11 - DEBUG - response_closed.complete
2025-06-23 05:40:49,723 - telegram.ext.ExtBot - DEBUG - No new updates found.
2025-06-23 05:40:49,723 - telegram.ext.ExtBot - DEBUG - ()
2025-06-23 05:40:49,723 - telegram.ext.ExtBot - DEBUG - Exiting: get_updates
2025-06-23 05:40:49,725 - telegram.ext.ExtBot - DEBUG - Entering: get_updates
2025-06-23 05:40:49,725 - httpcore.http11 - DEBUG - send_request_headers.started request=<Request [b'POST']>
2025-06-23 05:40:49,727 - httpcore.http11 - DEBUG - send_request_headers.complete
2025-06-23 05:40:49,727 - httpcore.http11 - DEBUG - send_request_body.started request=<Request [b'POST']>
2025-06-23 05:40:49,727 - httpcore.http11 - DEBUG - send_request_body.complete
2025-06-23 05:40:49,727 - httpcore.http11 - DEBUG - receive_response_headers.started request=<Request [b'POST']>
2025-06-23 05:40:59,808 - httpcore.http11 - DEBUG - receive_response_headers.complete return_value=(b'HTTP/1.1', 200, b'OK', [(b'Server', b'nginx/1.18.0'), (b'Date', b'Mon, 23 Jun 2025 04:41:02 GMT'), (b'Content-Type', b'application/json'), (b'Content-Length', b'23'), (b'Connection', b'keep-alive'), (b'Strict-Transport-Security', b'max-age=31536000; includeSubDomains; preload'), (b'Access-Control-Allow-Origin', b'*'), (b'Access-Control-Allow-Methods', b'GET, POST, OPTIONS'), (b'Access-Control-Expose-Headers', b'Content-Length,Content-Type,Date,Server,Connection')])
2025-06-23 05:40:59,808 - httpx - INFO - HTTP Request: POST https://api.telegram.org/bot7707158318:AAE8rWa4Q8Z_3avql6K0HAmXaooZAReoNF0/getUpdates "HTTP/1.1 200 OK"
2025-06-23 05:40:59,808 - httpcore.http11 - DEBUG - receive_response_body.started request=<Request [b'POST']>
2025-06-23 05:40:59,808 - httpcore.http11 - DEBUG - receive_response_body.complete
2025-06-23 05:40:59,808 - httpcore.http11 - DEBUG - response_closed.started
2025-06-23 05:40:59,808 - httpcore.http11 - DEBUG - response_closed.complete
2025-06-23 05:40:59,808 - telegram.ext.ExtBot - DEBUG - No new updates found.
2025-06-23 05:40:59,808 - telegram.ext.ExtBot - DEBUG - ()
2025-06-23 05:40:59,808 - telegram.ext.ExtBot - DEBUG - Exiting: get_updates
2025-06-23 05:40:59,808 - telegram.ext.ExtBot - DEBUG - Entering: get_updates
2025-06-23 05:40:59,813 - httpcore.http11 - DEBUG - send_request_headers.started request=<Request [b'POST']>
2025-06-23 05:40:59,813 - httpcore.http11 - DEBUG - send_request_headers.complete
2025-06-23 05:40:59,813 - httpcore.http11 - DEBUG - send_request_body.started request=<Request [b'POST']>
2025-06-23 05:40:59,813 - httpcore.http11 - DEBUG - send_request_body.complete
2025-06-23 05:40:59,813 - httpcore.http11 - DEBUG - receive_response_headers.started request=<Request [b'POST']>
2025-06-23 05:41:09,895 - httpcore.http11 - DEBUG - receive_response_headers.complete return_value=(b'HTTP/1.1', 200, b'OK', [(b'Server', b'nginx/1.18.0'), (b'Date', b'Mon, 23 Jun 2025 04:41:12 GMT'), (b'Content-Type', b'application/json'), (b'Content-Length', b'23'), (b'Connection', b'keep-alive'), (b'Strict-Transport-Security', b'max-age=31536000; includeSubDomains; preload'), (b'Access-Control-Allow-Origin', b'*'), (b'Access-Control-Allow-Methods', b'GET, POST, OPTIONS'), (b'Access-Control-Expose-Headers', b'Content-Length,Content-Type,Date,Server,Connection')])
2025-06-23 05:41:09,895 - httpx - INFO - HTTP Request: POST https://api.telegram.org/bot7707158318:AAE8rWa4Q8Z_3avql6K0HAmXaooZAReoNF0/getUpdates "HTTP/1.1 200 OK"
2025-06-23 05:41:09,895 - httpcore.http11 - DEBUG - receive_response_body.started request=<Request [b'POST']>
2025-06-23 05:41:09,895 - httpcore.http11 - DEBUG - receive_response_body.complete
2025-06-23 05:41:09,895 - httpcore.http11 - DEBUG - response_closed.started
2025-06-23 05:41:09,895 - httpcore.http11 - DEBUG - response_closed.complete
2025-06-23 05:41:09,895 - telegram.ext.ExtBot - DEBUG - No new updates found.
2025-06-23 05:41:09,895 - telegram.ext.ExtBot - DEBUG - ()
2025-06-23 05:41:09,895 - telegram.ext.ExtBot - DEBUG - Exiting: get_updates
2025-06-23 05:41:09,895 - telegram.ext.ExtBot - DEBUG - Entering: get_updates
2025-06-23 05:41:09,895 - httpcore.http11 - DEBUG - send_request_headers.started request=<Request [b'POST']>
2025-06-23 05:41:09,895 - httpcore.http11 - DEBUG - send_request_headers.complete
2025-06-23 05:41:09,895 - httpcore.http11 - DEBUG - send_request_body.started request=<Request [b'POST']>
2025-06-23 05:41:09,895 - httpcore.http11 - DEBUG - send_request_body.complete
2025-06-23 05:41:09,895 - httpcore.http11 - DEBUG - receive_response_headers.started request=<Request [b'POST']>
2025-06-23 05:41:19,977 - httpcore.http11 - DEBUG - receive_response_headers.complete return_value=(b'HTTP/1.1', 200, b'OK', [(b'Server', b'nginx/1.18.0'), (b'Date', b'Mon, 23 Jun 2025 04:41:22 GMT'), (b'Content-Type', b'application/json'), (b'Content-Length', b'23'), (b'Connection', b'keep-alive'), (b'Strict-Transport-Security', b'max-age=31536000; includeSubDomains; preload'), (b'Access-Control-Allow-Origin', b'*'), (b'Access-Control-Allow-Methods', b'GET, POST, OPTIONS'), (b'Access-Control-Expose-Headers', b'Content-Length,Content-Type,Date,Server,Connection')])
2025-06-23 05:41:19,977 - httpx - INFO - HTTP Request: POST https://api.telegram.org/bot7707158318:AAE8rWa4Q8Z_3avql6K0HAmXaooZAReoNF0/getUpdates "HTTP/1.1 200 OK"
2025-06-23 05:41:19,981 - httpcore.http11 - DEBUG - receive_response_body.started request=<Request [b'POST']>
2025-06-23 05:41:19,981 - httpcore.http11 - DEBUG - receive_response_body.complete
2025-06-23 05:41:19,981 - httpcore.http11 - DEBUG - response_closed.started
2025-06-23 05:41:19,981 - httpcore.http11 - DEBUG - response_closed.complete
2025-06-23 05:41:19,981 - telegram.ext.ExtBot - DEBUG - No new updates found.
2025-06-23 05:41:19,981 - telegram.ext.ExtBot - DEBUG - ()
2025-06-23 05:41:19,982 - telegram.ext.ExtBot - DEBUG - Exiting: get_updates
2025-06-23 05:41:19,982 - telegram.ext.ExtBot - DEBUG - Entering: get_updates
2025-06-23 05:41:19,982 - httpcore.http11 - DEBUG - send_request_headers.started request=<Request [b'POST']>
2025-06-23 05:41:19,984 - httpcore.http11 - DEBUG - send_request_headers.complete
2025-06-23 05:41:19,984 - httpcore.http11 - DEBUG - send_request_body.started request=<Request [b'POST']>
2025-06-23 05:41:19,984 - httpcore.http11 - DEBUG - send_request_body.complete
2025-06-23 05:41:19,984 - httpcore.http11 - DEBUG - receive_response_headers.started request=<Request [b'POST']>
2025-06-23 05:41:30,058 - httpcore.http11 - DEBUG - receive_response_headers.complete return_value=(b'HTTP/1.1', 200, b'OK', [(b'Server', b'nginx/1.18.0'), (b'Date', b'Mon, 23 Jun 2025 04:41:32 GMT'), (b'Content-Type', b'application/json'), (b'Content-Length', b'23'), (b'Connection', b'keep-alive'), (b'Strict-Transport-Security', b'max-age=31536000; includeSubDomains; preload'), (b'Access-Control-Allow-Origin', b'*'), (b'Access-Control-Allow-Methods', b'GET, POST, OPTIONS'), (b'Access-Control-Expose-Headers', b'Content-Length,Content-Type,Date,Server,Connection')])
2025-06-23 05:41:30,058 - httpx - INFO - HTTP Request: POST https://api.telegram.org/bot7707158318:AAE8rWa4Q8Z_3avql6K0HAmXaooZAReoNF0/getUpdates "HTTP/1.1 200 OK"
2025-06-23 05:41:30,060 - httpcore.http11 - DEBUG - receive_response_body.started request=<Request [b'POST']>
2025-06-23 05:41:30,060 - httpcore.http11 - DEBUG - receive_response_body.complete
2025-06-23 05:41:30,060 - httpcore.http11 - DEBUG - response_closed.started
2025-06-23 05:41:30,061 - httpcore.http11 - DEBUG - response_closed.complete
2025-06-23 05:41:30,062 - telegram.ext.ExtBot - DEBUG - No new updates found.
2025-06-23 05:41:30,062 - telegram.ext.ExtBot - DEBUG - ()
2025-06-23 05:41:30,062 - telegram.ext.ExtBot - DEBUG - Exiting: get_updates
2025-06-23 05:41:30,062 - telegram.ext.ExtBot - DEBUG - Entering: get_updates
2025-06-23 05:41:30,063 - httpcore.http11 - DEBUG - send_request_headers.started request=<Request [b'POST']>
2025-06-23 05:41:30,063 - httpcore.http11 - DEBUG - send_request_headers.complete
2025-06-23 05:41:30,063 - httpcore.http11 - DEBUG - send_request_body.started request=<Request [b'POST']>
2025-06-23 05:41:30,063 - httpcore.http11 - DEBUG - send_request_body.complete
2025-06-23 05:41:30,063 - httpcore.http11 - DEBUG - receive_response_headers.started request=<Request [b'POST']>
2025-06-23 05:41:40,148 - httpcore.http11 - DEBUG - receive_response_headers.complete return_value=(b'HTTP/1.1', 200, b'OK', [(b'Server', b'nginx/1.18.0'), (b'Date', b'Mon, 23 Jun 2025 04:41:42 GMT'), (b'Content-Type', b'application/json'), (b'Content-Length', b'23'), (b'Connection', b'keep-alive'), (b'Strict-Transport-Security', b'max-age=31536000; includeSubDomains; preload'), (b'Access-Control-Allow-Origin', b'*'), (b'Access-Control-Allow-Methods', b'GET, POST, OPTIONS'), (b'Access-Control-Expose-Headers', b'Content-Length,Content-Type,Date,Server,Connection')])
2025-06-23 05:41:40,148 - httpx - INFO - HTTP Request: POST https://api.telegram.org/bot7707158318:AAE8rWa4Q8Z_3avql6K0HAmXaooZAReoNF0/getUpdates "HTTP/1.1 200 OK"
2025-06-23 05:41:40,151 - httpcore.http11 - DEBUG - receive_response_body.started request=<Request [b'POST']>
2025-06-23 05:41:40,151 - httpcore.http11 - DEBUG - receive_response_body.complete
2025-06-23 05:41:40,151 - httpcore.http11 - DEBUG - response_closed.started
2025-06-23 05:41:40,151 - httpcore.http11 - DEBUG - response_closed.complete
2025-06-23 05:41:40,151 - telegram.ext.ExtBot - DEBUG - No new updates found.
2025-06-23 05:41:40,151 - telegram.ext.ExtBot - DEBUG - ()
2025-06-23 05:41:40,151 - telegram.ext.ExtBot - DEBUG - Exiting: get_updates
2025-06-23 05:41:40,151 - telegram.ext.ExtBot - DEBUG - Entering: get_updates
2025-06-23 05:41:40,155 - httpcore.http11 - DEBUG - send_request_headers.started request=<Request [b'POST']>
2025-06-23 05:41:40,155 - httpcore.http11 - DEBUG - send_request_headers.complete
2025-06-23 05:41:40,155 - httpcore.http11 - DEBUG - send_request_body.started request=<Request [b'POST']>
2025-06-23 05:41:40,159 - httpcore.http11 - DEBUG - send_request_body.complete
2025-06-23 05:41:40,159 - httpcore.http11 - DEBUG - receive_response_headers.started request=<Request [b'POST']>
2025-06-23 05:41:50,372 - httpcore.http11 - DEBUG - receive_response_headers.complete return_value=(b'HTTP/1.1', 200, b'OK', [(b'Server', b'nginx/1.18.0'), (b'Date', b'Mon, 23 Jun 2025 04:41:52 GMT'), (b'Content-Type', b'application/json'), (b'Content-Length', b'23'), (b'Connection', b'keep-alive'), (b'Strict-Transport-Security', b'max-age=31536000; includeSubDomains; preload'), (b'Access-Control-Allow-Origin', b'*'), (b'Access-Control-Allow-Methods', b'GET, POST, OPTIONS'), (b'Access-Control-Expose-Headers', b'Content-Length,Content-Type,Date,Server,Connection')])
2025-06-23 05:41:50,372 - httpx - INFO - HTTP Request: POST https://api.telegram.org/bot7707158318:AAE8rWa4Q8Z_3avql6K0HAmXaooZAReoNF0/getUpdates "HTTP/1.1 200 OK"
2025-06-23 05:41:50,373 - httpcore.http11 - DEBUG - receive_response_body.started request=<Request [b'POST']>
2025-06-23 05:41:50,373 - httpcore.http11 - DEBUG - receive_response_body.complete
2025-06-23 05:41:50,373 - httpcore.http11 - DEBUG - response_closed.started
2025-06-23 05:41:50,373 - httpcore.http11 - DEBUG - response_closed.complete
2025-06-23 05:41:50,373 - telegram.ext.ExtBot - DEBUG - No new updates found.
2025-06-23 05:41:50,373 - telegram.ext.ExtBot - DEBUG - ()
2025-06-23 05:41:50,373 - telegram.ext.ExtBot - DEBUG - Exiting: get_updates
2025-06-23 05:41:50,373 - telegram.ext.ExtBot - DEBUG - Entering: get_updates
2025-06-23 05:41:50,375 - httpcore.http11 - DEBUG - send_request_headers.started request=<Request [b'POST']>
2025-06-23 05:41:50,375 - httpcore.http11 - DEBUG - send_request_headers.complete
2025-06-23 05:41:50,375 - httpcore.http11 - DEBUG - send_request_body.started request=<Request [b'POST']>
2025-06-23 05:41:50,375 - httpcore.http11 - DEBUG - send_request_body.complete
2025-06-23 05:41:50,375 - httpcore.http11 - DEBUG - receive_response_headers.started request=<Request [b'POST']>
2025-06-23 05:42:00,611 - httpcore.http11 - DEBUG - receive_response_headers.complete return_value=(b'HTTP/1.1', 200, b'OK', [(b'Server', b'nginx/1.18.0'), (b'Date', b'Mon, 23 Jun 2025 04:42:02 GMT'), (b'Content-Type', b'application/json'), (b'Content-Length', b'23'), (b'Connection', b'keep-alive'), (b'Strict-Transport-Security', b'max-age=31536000; includeSubDomains; preload'), (b'Access-Control-Allow-Origin', b'*'), (b'Access-Control-Allow-Methods', b'GET, POST, OPTIONS'), (b'Access-Control-Expose-Headers', b'Content-Length,Content-Type,Date,Server,Connection')])
2025-06-23 05:42:00,612 - httpx - INFO - HTTP Request: POST https://api.telegram.org/bot7707158318:AAE8rWa4Q8Z_3avql6K0HAmXaooZAReoNF0/getUpdates "HTTP/1.1 200 OK"
2025-06-23 05:42:00,612 - httpcore.http11 - DEBUG - receive_response_body.started request=<Request [b'POST']>
2025-06-23 05:42:00,612 - httpcore.http11 - DEBUG - receive_response_body.complete
2025-06-23 05:42:00,612 - httpcore.http11 - DEBUG - response_closed.started
2025-06-23 05:42:00,612 - httpcore.http11 - DEBUG - response_closed.complete
2025-06-23 05:42:00,612 - telegram.ext.ExtBot - DEBUG - No new updates found.
2025-06-23 05:42:00,612 - telegram.ext.ExtBot - DEBUG - ()
2025-06-23 05:42:00,612 - telegram.ext.ExtBot - DEBUG - Exiting: get_updates
2025-06-23 05:42:00,612 - telegram.ext.ExtBot - DEBUG - Entering: get_updates
2025-06-23 05:42:00,615 - httpcore.http11 - DEBUG - send_request_headers.started request=<Request [b'POST']>
2025-06-23 05:42:00,615 - httpcore.http11 - DEBUG - send_request_headers.complete
2025-06-23 05:42:00,615 - httpcore.http11 - DEBUG - send_request_body.started request=<Request [b'POST']>
2025-06-23 05:42:00,615 - httpcore.http11 - DEBUG - send_request_body.complete
2025-06-23 05:42:00,615 - httpcore.http11 - DEBUG - receive_response_headers.started request=<Request [b'POST']>
2025-06-23 05:42:10,851 - httpcore.http11 - DEBUG - receive_response_headers.complete return_value=(b'HTTP/1.1', 200, b'OK', [(b'Server', b'nginx/1.18.0'), (b'Date', b'Mon, 23 Jun 2025 04:42:13 GMT'), (b'Content-Type', b'application/json'), (b'Content-Length', b'23'), (b'Connection', b'keep-alive'), (b'Strict-Transport-Security', b'max-age=31536000; includeSubDomains; preload'), (b'Access-Control-Allow-Origin', b'*'), (b'Access-Control-Allow-Methods', b'GET, POST, OPTIONS'), (b'Access-Control-Expose-Headers', b'Content-Length,Content-Type,Date,Server,Connection')])
2025-06-23 05:42:10,852 - httpx - INFO - HTTP Request: POST https://api.telegram.org/bot7707158318:AAE8rWa4Q8Z_3avql6K0HAmXaooZAReoNF0/getUpdates "HTTP/1.1 200 OK"
2025-06-23 05:42:10,852 - httpcore.http11 - DEBUG - receive_response_body.started request=<Request [b'POST']>
2025-06-23 05:42:10,852 - httpcore.http11 - DEBUG - receive_response_body.complete
2025-06-23 05:42:10,852 - httpcore.http11 - DEBUG - response_closed.started
2025-06-23 05:42:10,852 - httpcore.http11 - DEBUG - response_closed.complete
2025-06-23 05:42:10,852 - telegram.ext.ExtBot - DEBUG - No new updates found.
2025-06-23 05:42:10,852 - telegram.ext.ExtBot - DEBUG - ()
2025-06-23 05:42:10,852 - telegram.ext.ExtBot - DEBUG - Exiting: get_updates
2025-06-23 05:42:10,852 - telegram.ext.ExtBot - DEBUG - Entering: get_updates
2025-06-23 05:42:10,855 - httpcore.http11 - DEBUG - send_request_headers.started request=<Request [b'POST']>
2025-06-23 05:42:10,855 - httpcore.http11 - DEBUG - send_request_headers.complete
2025-06-23 05:42:10,855 - httpcore.http11 - DEBUG - send_request_body.started request=<Request [b'POST']>
2025-06-23 05:42:10,855 - httpcore.http11 - DEBUG - send_request_body.complete
2025-06-23 05:42:10,855 - httpcore.http11 - DEBUG - receive_response_headers.started request=<Request [b'POST']>
2025-06-23 05:42:20,936 - httpcore.http11 - DEBUG - receive_response_headers.complete return_value=(b'HTTP/1.1', 200, b'OK', [(b'Server', b'nginx/1.18.0'), (b'Date', b'Mon, 23 Jun 2025 04:42:23 GMT'), (b'Content-Type', b'application/json'), (b'Content-Length', b'23'), (b'Connection', b'close'), (b'Strict-Transport-Security', b'max-age=31536000; includeSubDomains; preload'), (b'Access-Control-Allow-Origin', b'*'), (b'Access-Control-Allow-Methods', b'GET, POST, OPTIONS'), (b'Access-Control-Expose-Headers', b'Content-Length,Content-Type,Date,Server,Connection')])
2025-06-23 05:42:20,936 - httpx - INFO - HTTP Request: POST https://api.telegram.org/bot7707158318:AAE8rWa4Q8Z_3avql6K0HAmXaooZAReoNF0/getUpdates "HTTP/1.1 200 OK"
2025-06-23 05:42:20,938 - httpcore.http11 - DEBUG - receive_response_body.started request=<Request [b'POST']>
2025-06-23 05:42:20,938 - httpcore.http11 - DEBUG - receive_response_body.complete
2025-06-23 05:42:20,939 - httpcore.http11 - DEBUG - response_closed.started
2025-06-23 05:42:20,939 - httpcore.http11 - DEBUG - response_closed.complete
2025-06-23 05:42:20,939 - telegram.ext.ExtBot - DEBUG - No new updates found.
2025-06-23 05:42:20,939 - telegram.ext.ExtBot - DEBUG - ()
2025-06-23 05:42:20,939 - telegram.ext.ExtBot - DEBUG - Exiting: get_updates
2025-06-23 05:42:20,939 - telegram.ext.ExtBot - DEBUG - Entering: get_updates
2025-06-23 05:42:20,939 - httpcore.connection - DEBUG - connect_tcp.started host='api.telegram.org' port=443 local_address=None timeout=5.0 socket_options=None
2025-06-23 05:42:21,005 - httpcore.connection - DEBUG - connect_tcp.complete return_value=<httpcore._backends.anyio.AnyIOStream object at 0x0000024B2B439690>
2025-06-23 05:42:21,005 - httpcore.connection - DEBUG - start_tls.started ssl_context=<ssl.SSLContext object at 0x0000024B2B3F9BC0> server_hostname='api.telegram.org' timeout=5.0
2025-06-23 05:42:21,093 - httpcore.connection - DEBUG - start_tls.complete return_value=<httpcore._backends.anyio.AnyIOStream object at 0x0000024B2B43A800>
2025-06-23 05:42:21,093 - httpcore.http11 - DEBUG - send_request_headers.started request=<Request [b'POST']>
2025-06-23 05:42:21,093 - httpcore.http11 - DEBUG - send_request_headers.complete
2025-06-23 05:42:21,093 - httpcore.http11 - DEBUG - send_request_body.started request=<Request [b'POST']>
2025-06-23 05:42:21,093 - httpcore.http11 - DEBUG - send_request_body.complete
2025-06-23 05:42:21,093 - httpcore.http11 - DEBUG - receive_response_headers.started request=<Request [b'POST']>
2025-06-23 05:42:31,330 - httpcore.http11 - DEBUG - receive_response_headers.complete return_value=(b'HTTP/1.1', 200, b'OK', [(b'Server', b'nginx/1.18.0'), (b'Date', b'Mon, 23 Jun 2025 04:42:33 GMT'), (b'Content-Type', b'application/json'), (b'Content-Length', b'23'), (b'Connection', b'keep-alive'), (b'Strict-Transport-Security', b'max-age=31536000; includeSubDomains; preload'), (b'Access-Control-Allow-Origin', b'*'), (b'Access-Control-Allow-Methods', b'GET, POST, OPTIONS'), (b'Access-Control-Expose-Headers', b'Content-Length,Content-Type,Date,Server,Connection')])
2025-06-23 05:42:31,330 - httpx - INFO - HTTP Request: POST https://api.telegram.org/bot7707158318:AAE8rWa4Q8Z_3avql6K0HAmXaooZAReoNF0/getUpdates "HTTP/1.1 200 OK"
2025-06-23 05:42:31,332 - httpcore.http11 - DEBUG - receive_response_body.started request=<Request [b'POST']>
2025-06-23 05:42:31,333 - httpcore.http11 - DEBUG - receive_response_body.complete
2025-06-23 05:42:31,333 - httpcore.http11 - DEBUG - response_closed.started
2025-06-23 05:42:31,333 - httpcore.http11 - DEBUG - response_closed.complete
2025-06-23 05:42:31,333 - telegram.ext.ExtBot - DEBUG - No new updates found.
2025-06-23 05:42:31,333 - telegram.ext.ExtBot - DEBUG - ()
2025-06-23 05:42:31,333 - telegram.ext.ExtBot - DEBUG - Exiting: get_updates
2025-06-23 05:42:31,333 - telegram.ext.ExtBot - DEBUG - Entering: get_updates
2025-06-23 05:42:31,337 - httpcore.http11 - DEBUG - send_request_headers.started request=<Request [b'POST']>
2025-06-23 05:42:31,337 - httpcore.http11 - DEBUG - send_request_headers.complete
2025-06-23 05:42:31,337 - httpcore.http11 - DEBUG - send_request_body.started request=<Request [b'POST']>
2025-06-23 05:42:31,337 - httpcore.http11 - DEBUG - send_request_body.complete
2025-06-23 05:42:31,337 - httpcore.http11 - DEBUG - receive_response_headers.started request=<Request [b'POST']>
2025-06-23 05:42:41,430 - httpcore.http11 - DEBUG - receive_response_headers.complete return_value=(b'HTTP/1.1', 200, b'OK', [(b'Server', b'nginx/1.18.0'), (b'Date', b'Mon, 23 Jun 2025 04:42:43 GMT'), (b'Content-Type', b'application/json'), (b'Content-Length', b'23'), (b'Connection', b'keep-alive'), (b'Strict-Transport-Security', b'max-age=31536000; includeSubDomains; preload'), (b'Access-Control-Allow-Origin', b'*'), (b'Access-Control-Allow-Methods', b'GET, POST, OPTIONS'), (b'Access-Control-Expose-Headers', b'Content-Length,Content-Type,Date,Server,Connection')])
2025-06-23 05:42:41,432 - httpx - INFO - HTTP Request: POST https://api.telegram.org/bot7707158318:AAE8rWa4Q8Z_3avql6K0HAmXaooZAReoNF0/getUpdates "HTTP/1.1 200 OK"
2025-06-23 05:42:41,433 - httpcore.http11 - DEBUG - receive_response_body.started request=<Request [b'POST']>
2025-06-23 05:42:41,434 - httpcore.http11 - DEBUG - receive_response_body.complete
2025-06-23 05:42:41,434 - httpcore.http11 - DEBUG - response_closed.started
2025-06-23 05:42:41,434 - httpcore.http11 - DEBUG - response_closed.complete
2025-06-23 05:42:41,434 - telegram.ext.ExtBot - DEBUG - No new updates found.
2025-06-23 05:42:41,434 - telegram.ext.ExtBot - DEBUG - ()
2025-06-23 05:42:41,434 - telegram.ext.ExtBot - DEBUG - Exiting: get_updates
2025-06-23 05:42:41,434 - telegram.ext.ExtBot - DEBUG - Entering: get_updates
2025-06-23 05:42:41,437 - httpcore.http11 - DEBUG - send_request_headers.started request=<Request [b'POST']>
2025-06-23 05:42:41,438 - httpcore.http11 - DEBUG - send_request_headers.complete
2025-06-23 05:42:41,438 - httpcore.http11 - DEBUG - send_request_body.started request=<Request [b'POST']>
2025-06-23 05:42:41,438 - httpcore.http11 - DEBUG - send_request_body.complete
2025-06-23 05:42:41,438 - httpcore.http11 - DEBUG - receive_response_headers.started request=<Request [b'POST']>
2025-06-23 05:42:51,551 - httpcore.http11 - DEBUG - receive_response_headers.complete return_value=(b'HTTP/1.1', 200, b'OK', [(b'Server', b'nginx/1.18.0'), (b'Date', b'Mon, 23 Jun 2025 04:42:53 GMT'), (b'Content-Type', b'application/json'), (b'Content-Length', b'23'), (b'Connection', b'keep-alive'), (b'Strict-Transport-Security', b'max-age=31536000; includeSubDomains; preload'), (b'Access-Control-Allow-Origin', b'*'), (b'Access-Control-Allow-Methods', b'GET, POST, OPTIONS'), (b'Access-Control-Expose-Headers', b'Content-Length,Content-Type,Date,Server,Connection')])
2025-06-23 05:42:51,555 - httpx - INFO - HTTP Request: POST https://api.telegram.org/bot7707158318:AAE8rWa4Q8Z_3avql6K0HAmXaooZAReoNF0/getUpdates "HTTP/1.1 200 OK"
2025-06-23 05:42:51,556 - httpcore.http11 - DEBUG - receive_response_body.started request=<Request [b'POST']>
2025-06-23 05:42:51,556 - httpcore.http11 - DEBUG - receive_response_body.complete
2025-06-23 05:42:51,557 - httpcore.http11 - DEBUG - response_closed.started
2025-06-23 05:42:51,558 - httpcore.http11 - DEBUG - response_closed.complete
2025-06-23 05:42:51,558 - telegram.ext.ExtBot - DEBUG - No new updates found.
2025-06-23 05:42:51,558 - telegram.ext.ExtBot - DEBUG - ()
2025-06-23 05:42:51,558 - telegram.ext.ExtBot - DEBUG - Exiting: get_updates
2025-06-23 05:42:51,558 - telegram.ext.ExtBot - DEBUG - Entering: get_updates
2025-06-23 05:42:51,561 - httpcore.http11 - DEBUG - send_request_headers.started request=<Request [b'POST']>
2025-06-23 05:42:51,562 - httpcore.http11 - DEBUG - send_request_headers.complete
2025-06-23 05:42:51,563 - httpcore.http11 - DEBUG - send_request_body.started request=<Request [b'POST']>
2025-06-23 05:42:51,563 - httpcore.http11 - DEBUG - send_request_body.complete
2025-06-23 05:42:51,563 - httpcore.http11 - DEBUG - receive_response_headers.started request=<Request [b'POST']>
2025-06-23 05:43:01,827 - httpcore.http11 - DEBUG - receive_response_headers.complete return_value=(b'HTTP/1.1', 200, b'OK', [(b'Server', b'nginx/1.18.0'), (b'Date', b'Mon, 23 Jun 2025 04:43:03 GMT'), (b'Content-Type', b'application/json'), (b'Content-Length', b'23'), (b'Connection', b'keep-alive'), (b'Strict-Transport-Security', b'max-age=31536000; includeSubDomains; preload'), (b'Access-Control-Allow-Origin', b'*'), (b'Access-Control-Allow-Methods', b'GET, POST, OPTIONS'), (b'Access-Control-Expose-Headers', b'Content-Length,Content-Type,Date,Server,Connection')])
2025-06-23 05:43:01,829 - httpx - INFO - HTTP Request: POST https://api.telegram.org/bot7707158318:AAE8rWa4Q8Z_3avql6K0HAmXaooZAReoNF0/getUpdates "HTTP/1.1 200 OK"
2025-06-23 05:43:01,829 - httpcore.http11 - DEBUG - receive_response_body.started request=<Request [b'POST']>
2025-06-23 05:43:01,829 - httpcore.http11 - DEBUG - receive_response_body.complete
2025-06-23 05:43:01,829 - httpcore.http11 - DEBUG - response_closed.started
2025-06-23 05:43:01,829 - httpcore.http11 - DEBUG - response_closed.complete
2025-06-23 05:43:01,829 - telegram.ext.ExtBot - DEBUG - No new updates found.
2025-06-23 05:43:01,829 - telegram.ext.ExtBot - DEBUG - ()
2025-06-23 05:43:01,829 - telegram.ext.ExtBot - DEBUG - Exiting: get_updates
2025-06-23 05:43:01,831 - telegram.ext.ExtBot - DEBUG - Entering: get_updates
2025-06-23 05:43:01,831 - httpcore.http11 - DEBUG - send_request_headers.started request=<Request [b'POST']>
2025-06-23 05:43:01,831 - httpcore.http11 - DEBUG - send_request_headers.complete
2025-06-23 05:43:01,831 - httpcore.http11 - DEBUG - send_request_body.started request=<Request [b'POST']>
2025-06-23 05:43:01,831 - httpcore.http11 - DEBUG - send_request_body.complete
2025-06-23 05:43:01,831 - httpcore.http11 - DEBUG - receive_response_headers.started request=<Request [b'POST']>
2025-06-23 05:43:11,915 - httpcore.http11 - DEBUG - receive_response_headers.complete return_value=(b'HTTP/1.1', 200, b'OK', [(b'Server', b'nginx/1.18.0'), (b'Date', b'Mon, 23 Jun 2025 04:43:14 GMT'), (b'Content-Type', b'application/json'), (b'Content-Length', b'23'), (b'Connection', b'keep-alive'), (b'Strict-Transport-Security', b'max-age=31536000; includeSubDomains; preload'), (b'Access-Control-Allow-Origin', b'*'), (b'Access-Control-Allow-Methods', b'GET, POST, OPTIONS'), (b'Access-Control-Expose-Headers', b'Content-Length,Content-Type,Date,Server,Connection')])
2025-06-23 05:43:11,917 - httpx - INFO - HTTP Request: POST https://api.telegram.org/bot7707158318:AAE8rWa4Q8Z_3avql6K0HAmXaooZAReoNF0/getUpdates "HTTP/1.1 200 OK"
2025-06-23 05:43:11,918 - httpcore.http11 - DEBUG - receive_response_body.started request=<Request [b'POST']>
2025-06-23 05:43:11,918 - httpcore.http11 - DEBUG - receive_response_body.complete
2025-06-23 05:43:11,918 - httpcore.http11 - DEBUG - response_closed.started
2025-06-23 05:43:11,918 - httpcore.http11 - DEBUG - response_closed.complete
2025-06-23 05:43:11,920 - telegram.ext.ExtBot - DEBUG - No new updates found.
2025-06-23 05:43:11,920 - telegram.ext.ExtBot - DEBUG - ()
2025-06-23 05:43:11,921 - telegram.ext.ExtBot - DEBUG - Exiting: get_updates
2025-06-23 05:43:11,921 - telegram.ext.ExtBot - DEBUG - Entering: get_updates
2025-06-23 05:43:11,923 - httpcore.http11 - DEBUG - send_request_headers.started request=<Request [b'POST']>
2025-06-23 05:43:11,923 - httpcore.http11 - DEBUG - send_request_headers.complete
2025-06-23 05:43:11,923 - httpcore.http11 - DEBUG - send_request_body.started request=<Request [b'POST']>
2025-06-23 05:43:11,925 - httpcore.http11 - DEBUG - send_request_body.complete
2025-06-23 05:43:11,925 - httpcore.http11 - DEBUG - receive_response_headers.started request=<Request [b'POST']>
2025-06-23 05:43:22,015 - httpcore.http11 - DEBUG - receive_response_headers.complete return_value=(b'HTTP/1.1', 200, b'OK', [(b'Server', b'nginx/1.18.0'), (b'Date', b'Mon, 23 Jun 2025 04:43:24 GMT'), (b'Content-Type', b'application/json'), (b'Content-Length', b'23'), (b'Connection', b'keep-alive'), (b'Strict-Transport-Security', b'max-age=31536000; includeSubDomains; preload'), (b'Access-Control-Allow-Origin', b'*'), (b'Access-Control-Allow-Methods', b'GET, POST, OPTIONS'), (b'Access-Control-Expose-Headers', b'Content-Length,Content-Type,Date,Server,Connection')])
2025-06-23 05:43:22,015 - httpx - INFO - HTTP Request: POST https://api.telegram.org/bot7707158318:AAE8rWa4Q8Z_3avql6K0HAmXaooZAReoNF0/getUpdates "HTTP/1.1 200 OK"
2025-06-23 05:43:22,015 - httpcore.http11 - DEBUG - receive_response_body.started request=<Request [b'POST']>
2025-06-23 05:43:22,019 - httpcore.http11 - DEBUG - receive_response_body.complete
2025-06-23 05:43:22,019 - httpcore.http11 - DEBUG - response_closed.started
2025-06-23 05:43:22,019 - httpcore.http11 - DEBUG - response_closed.complete
2025-06-23 05:43:22,020 - telegram.ext.ExtBot - DEBUG - No new updates found.
2025-06-23 05:43:22,020 - telegram.ext.ExtBot - DEBUG - ()
2025-06-23 05:43:22,020 - telegram.ext.ExtBot - DEBUG - Exiting: get_updates
2025-06-23 05:43:22,020 - telegram.ext.ExtBot - DEBUG - Entering: get_updates
2025-06-23 05:43:22,022 - httpcore.http11 - DEBUG - send_request_headers.started request=<Request [b'POST']>
2025-06-23 05:43:22,023 - httpcore.http11 - DEBUG - send_request_headers.complete
2025-06-23 05:43:22,023 - httpcore.http11 - DEBUG - send_request_body.started request=<Request [b'POST']>
2025-06-23 05:43:22,023 - httpcore.http11 - DEBUG - send_request_body.complete
2025-06-23 05:43:22,023 - httpcore.http11 - DEBUG - receive_response_headers.started request=<Request [b'POST']>
2025-06-23 05:43:32,358 - httpcore.http11 - DEBUG - receive_response_headers.complete return_value=(b'HTTP/1.1', 200, b'OK', [(b'Server', b'nginx/1.18.0'), (b'Date', b'Mon, 23 Jun 2025 04:43:34 GMT'), (b'Content-Type', b'application/json'), (b'Content-Length', b'23'), (b'Connection', b'keep-alive'), (b'Strict-Transport-Security', b'max-age=31536000; includeSubDomains; preload'), (b'Access-Control-Allow-Origin', b'*'), (b'Access-Control-Allow-Methods', b'GET, POST, OPTIONS'), (b'Access-Control-Expose-Headers', b'Content-Length,Content-Type,Date,Server,Connection')])
2025-06-23 05:43:32,358 - httpx - INFO - HTTP Request: POST https://api.telegram.org/bot7707158318:AAE8rWa4Q8Z_3avql6K0HAmXaooZAReoNF0/getUpdates "HTTP/1.1 200 OK"
2025-06-23 05:43:32,359 - httpcore.http11 - DEBUG - receive_response_body.started request=<Request [b'POST']>
2025-06-23 05:43:32,359 - httpcore.http11 - DEBUG - receive_response_body.complete
2025-06-23 05:43:32,359 - httpcore.http11 - DEBUG - response_closed.started
2025-06-23 05:43:32,359 - httpcore.http11 - DEBUG - response_closed.complete
2025-06-23 05:43:32,359 - telegram.ext.ExtBot - DEBUG - No new updates found.
2025-06-23 05:43:32,359 - telegram.ext.ExtBot - DEBUG - ()
2025-06-23 05:43:32,359 - telegram.ext.ExtBot - DEBUG - Exiting: get_updates
2025-06-23 05:43:32,359 - telegram.ext.ExtBot - DEBUG - Entering: get_updates
2025-06-23 05:43:32,361 - httpcore.http11 - DEBUG - send_request_headers.started request=<Request [b'POST']>
2025-06-23 05:43:32,361 - httpcore.http11 - DEBUG - send_request_headers.complete
2025-06-23 05:43:32,361 - httpcore.http11 - DEBUG - send_request_body.started request=<Request [b'POST']>
2025-06-23 05:43:32,361 - httpcore.http11 - DEBUG - send_request_body.complete
2025-06-23 05:43:32,361 - httpcore.http11 - DEBUG - receive_response_headers.started request=<Request [b'POST']>
2025-06-23 05:43:42,465 - httpcore.http11 - DEBUG - receive_response_headers.complete return_value=(b'HTTP/1.1', 200, b'OK', [(b'Server', b'nginx/1.18.0'), (b'Date', b'Mon, 23 Jun 2025 04:43:44 GMT'), (b'Content-Type', b'application/json'), (b'Content-Length', b'23'), (b'Connection', b'keep-alive'), (b'Strict-Transport-Security', b'max-age=31536000; includeSubDomains; preload'), (b'Access-Control-Allow-Origin', b'*'), (b'Access-Control-Allow-Methods', b'GET, POST, OPTIONS'), (b'Access-Control-Expose-Headers', b'Content-Length,Content-Type,Date,Server,Connection')])
2025-06-23 05:43:42,467 - httpx - INFO - HTTP Request: POST https://api.telegram.org/bot7707158318:AAE8rWa4Q8Z_3avql6K0HAmXaooZAReoNF0/getUpdates "HTTP/1.1 200 OK"
2025-06-23 05:43:42,468 - httpcore.http11 - DEBUG - receive_response_body.started request=<Request [b'POST']>
2025-06-23 05:43:42,468 - httpcore.http11 - DEBUG - receive_response_body.complete
2025-06-23 05:43:42,468 - httpcore.http11 - DEBUG - response_closed.started
2025-06-23 05:43:42,469 - httpcore.http11 - DEBUG - response_closed.complete
2025-06-23 05:43:42,470 - telegram.ext.ExtBot - DEBUG - No new updates found.
2025-06-23 05:43:42,470 - telegram.ext.ExtBot - DEBUG - ()
2025-06-23 05:43:42,470 - telegram.ext.ExtBot - DEBUG - Exiting: get_updates
2025-06-23 05:43:42,470 - telegram.ext.ExtBot - DEBUG - Entering: get_updates
2025-06-23 05:43:42,472 - httpcore.http11 - DEBUG - send_request_headers.started request=<Request [b'POST']>
2025-06-23 05:43:42,473 - httpcore.http11 - DEBUG - send_request_headers.complete
2025-06-23 05:43:42,473 - httpcore.http11 - DEBUG - send_request_body.started request=<Request [b'POST']>
2025-06-23 05:43:42,475 - httpcore.http11 - DEBUG - send_request_body.complete
2025-06-23 05:43:42,475 - httpcore.http11 - DEBUG - receive_response_headers.started request=<Request [b'POST']>
2025-06-23 05:43:52,718 - httpcore.http11 - DEBUG - receive_response_headers.complete return_value=(b'HTTP/1.1', 200, b'OK', [(b'Server', b'nginx/1.18.0'), (b'Date', b'Mon, 23 Jun 2025 04:43:54 GMT'), (b'Content-Type', b'application/json'), (b'Content-Length', b'23'), (b'Connection', b'keep-alive'), (b'Strict-Transport-Security', b'max-age=31536000; includeSubDomains; preload'), (b'Access-Control-Allow-Origin', b'*'), (b'Access-Control-Allow-Methods', b'GET, POST, OPTIONS'), (b'Access-Control-Expose-Headers', b'Content-Length,Content-Type,Date,Server,Connection')])
2025-06-23 05:43:52,718 - httpx - INFO - HTTP Request: POST https://api.telegram.org/bot7707158318:AAE8rWa4Q8Z_3avql6K0HAmXaooZAReoNF0/getUpdates "HTTP/1.1 200 OK"
2025-06-23 05:43:52,720 - httpcore.http11 - DEBUG - receive_response_body.started request=<Request [b'POST']>
2025-06-23 05:43:52,720 - httpcore.http11 - DEBUG - receive_response_body.complete
2025-06-23 05:43:52,720 - httpcore.http11 - DEBUG - response_closed.started
2025-06-23 05:43:52,720 - httpcore.http11 - DEBUG - response_closed.complete
2025-06-23 05:43:52,722 - telegram.ext.ExtBot - DEBUG - No new updates found.
2025-06-23 05:43:52,722 - telegram.ext.ExtBot - DEBUG - ()
2025-06-23 05:43:52,722 - telegram.ext.ExtBot - DEBUG - Exiting: get_updates
2025-06-23 05:43:52,723 - telegram.ext.ExtBot - DEBUG - Entering: get_updates
2025-06-23 05:43:52,723 - httpcore.http11 - DEBUG - send_request_headers.started request=<Request [b'POST']>
2025-06-23 05:43:52,725 - httpcore.http11 - DEBUG - send_request_headers.complete
2025-06-23 05:43:52,726 - httpcore.http11 - DEBUG - send_request_body.started request=<Request [b'POST']>
2025-06-23 05:43:52,727 - httpcore.http11 - DEBUG - send_request_body.complete
2025-06-23 05:43:52,727 - httpcore.http11 - DEBUG - receive_response_headers.started request=<Request [b'POST']>
2025-06-23 05:44:03,077 - httpcore.http11 - DEBUG - receive_response_headers.complete return_value=(b'HTTP/1.1', 200, b'OK', [(b'Server', b'nginx/1.18.0'), (b'Date', b'Mon, 23 Jun 2025 04:44:05 GMT'), (b'Content-Type', b'application/json'), (b'Content-Length', b'23'), (b'Connection', b'keep-alive'), (b'Strict-Transport-Security', b'max-age=31536000; includeSubDomains; preload'), (b'Access-Control-Allow-Origin', b'*'), (b'Access-Control-Allow-Methods', b'GET, POST, OPTIONS'), (b'Access-Control-Expose-Headers', b'Content-Length,Content-Type,Date,Server,Connection')])
2025-06-23 05:44:03,077 - httpx - INFO - HTTP Request: POST https://api.telegram.org/bot7707158318:AAE8rWa4Q8Z_3avql6K0HAmXaooZAReoNF0/getUpdates "HTTP/1.1 200 OK"
2025-06-23 05:44:03,077 - httpcore.http11 - DEBUG - receive_response_body.started request=<Request [b'POST']>
2025-06-23 05:44:03,077 - httpcore.http11 - DEBUG - receive_response_body.complete
2025-06-23 05:44:03,077 - httpcore.http11 - DEBUG - response_closed.started
2025-06-23 05:44:03,077 - httpcore.http11 - DEBUG - response_closed.complete
2025-06-23 05:44:03,077 - telegram.ext.ExtBot - DEBUG - No new updates found.
2025-06-23 05:44:03,077 - telegram.ext.ExtBot - DEBUG - ()
2025-06-23 05:44:03,077 - telegram.ext.ExtBot - DEBUG - Exiting: get_updates
2025-06-23 05:44:03,077 - telegram.ext.ExtBot - DEBUG - Entering: get_updates
2025-06-23 05:44:03,082 - httpcore.http11 - DEBUG - send_request_headers.started request=<Request [b'POST']>
2025-06-23 05:44:03,082 - httpcore.http11 - DEBUG - send_request_headers.complete
2025-06-23 05:44:03,082 - httpcore.http11 - DEBUG - send_request_body.started request=<Request [b'POST']>
2025-06-23 05:44:03,082 - httpcore.http11 - DEBUG - send_request_body.complete
2025-06-23 05:44:03,082 - httpcore.http11 - DEBUG - receive_response_headers.started request=<Request [b'POST']>
2025-06-23 05:44:13,167 - httpcore.http11 - DEBUG - receive_response_headers.complete return_value=(b'HTTP/1.1', 200, b'OK', [(b'Server', b'nginx/1.18.0'), (b'Date', b'Mon, 23 Jun 2025 04:44:15 GMT'), (b'Content-Type', b'application/json'), (b'Content-Length', b'23'), (b'Connection', b'keep-alive'), (b'Strict-Transport-Security', b'max-age=31536000; includeSubDomains; preload'), (b'Access-Control-Allow-Origin', b'*'), (b'Access-Control-Allow-Methods', b'GET, POST, OPTIONS'), (b'Access-Control-Expose-Headers', b'Content-Length,Content-Type,Date,Server,Connection')])
2025-06-23 05:44:13,167 - httpx - INFO - HTTP Request: POST https://api.telegram.org/bot7707158318:AAE8rWa4Q8Z_3avql6K0HAmXaooZAReoNF0/getUpdates "HTTP/1.1 200 OK"
2025-06-23 05:44:13,169 - httpcore.http11 - DEBUG - receive_response_body.started request=<Request [b'POST']>
2025-06-23 05:44:13,169 - httpcore.http11 - DEBUG - receive_response_body.complete
2025-06-23 05:44:13,169 - httpcore.http11 - DEBUG - response_closed.started
2025-06-23 05:44:13,169 - httpcore.http11 - DEBUG - response_closed.complete
2025-06-23 05:44:13,169 - telegram.ext.ExtBot - DEBUG - No new updates found.
2025-06-23 05:44:13,169 - telegram.ext.ExtBot - DEBUG - ()
2025-06-23 05:44:13,170 - telegram.ext.ExtBot - DEBUG - Exiting: get_updates
2025-06-23 05:44:13,170 - telegram.ext.ExtBot - DEBUG - Entering: get_updates
2025-06-23 05:44:13,170 - httpcore.http11 - DEBUG - send_request_headers.started request=<Request [b'POST']>
2025-06-23 05:44:13,170 - httpcore.http11 - DEBUG - send_request_headers.complete
2025-06-23 05:44:13,170 - httpcore.http11 - DEBUG - send_request_body.started request=<Request [b'POST']>
2025-06-23 05:44:13,172 - httpcore.http11 - DEBUG - send_request_body.complete
2025-06-23 05:44:13,172 - httpcore.http11 - DEBUG - receive_response_headers.started request=<Request [b'POST']>
2025-06-23 05:44:23,254 - httpcore.http11 - DEBUG - receive_response_headers.complete return_value=(b'HTTP/1.1', 200, b'OK', [(b'Server', b'nginx/1.18.0'), (b'Date', b'Mon, 23 Jun 2025 04:44:25 GMT'), (b'Content-Type', b'application/json'), (b'Content-Length', b'23'), (b'Connection', b'keep-alive'), (b'Strict-Transport-Security', b'max-age=31536000; includeSubDomains; preload'), (b'Access-Control-Allow-Origin', b'*'), (b'Access-Control-Allow-Methods', b'GET, POST, OPTIONS'), (b'Access-Control-Expose-Headers', b'Content-Length,Content-Type,Date,Server,Connection')])
2025-06-23 05:44:23,254 - httpx - INFO - HTTP Request: POST https://api.telegram.org/bot7707158318:AAE8rWa4Q8Z_3avql6K0HAmXaooZAReoNF0/getUpdates "HTTP/1.1 200 OK"
2025-06-23 05:44:23,254 - httpcore.http11 - DEBUG - receive_response_body.started request=<Request [b'POST']>
2025-06-23 05:44:23,254 - httpcore.http11 - DEBUG - receive_response_body.complete
2025-06-23 05:44:23,254 - httpcore.http11 - DEBUG - response_closed.started
2025-06-23 05:44:23,254 - httpcore.http11 - DEBUG - response_closed.complete
2025-06-23 05:44:23,258 - telegram.ext.ExtBot - DEBUG - No new updates found.
2025-06-23 05:44:23,258 - telegram.ext.ExtBot - DEBUG - ()
2025-06-23 05:44:23,258 - telegram.ext.ExtBot - DEBUG - Exiting: get_updates
2025-06-23 05:44:23,258 - telegram.ext.ExtBot - DEBUG - Entering: get_updates
2025-06-23 05:44:23,258 - httpcore.http11 - DEBUG - send_request_headers.started request=<Request [b'POST']>
2025-06-23 05:44:23,258 - httpcore.http11 - DEBUG - send_request_headers.complete
2025-06-23 05:44:23,258 - httpcore.http11 - DEBUG - send_request_body.started request=<Request [b'POST']>
2025-06-23 05:44:23,261 - httpcore.http11 - DEBUG - send_request_body.complete
2025-06-23 05:44:23,261 - httpcore.http11 - DEBUG - receive_response_headers.started request=<Request [b'POST']>
2025-06-23 05:44:33,478 - httpcore.http11 - DEBUG - receive_response_headers.complete return_value=(b'HTTP/1.1', 200, b'OK', [(b'Server', b'nginx/1.18.0'), (b'Date', b'Mon, 23 Jun 2025 04:44:35 GMT'), (b'Content-Type', b'application/json'), (b'Content-Length', b'23'), (b'Connection', b'keep-alive'), (b'Strict-Transport-Security', b'max-age=31536000; includeSubDomains; preload'), (b'Access-Control-Allow-Origin', b'*'), (b'Access-Control-Allow-Methods', b'GET, POST, OPTIONS'), (b'Access-Control-Expose-Headers', b'Content-Length,Content-Type,Date,Server,Connection')])
2025-06-23 05:44:33,479 - httpx - INFO - HTTP Request: POST https://api.telegram.org/bot7707158318:AAE8rWa4Q8Z_3avql6K0HAmXaooZAReoNF0/getUpdates "HTTP/1.1 200 OK"
2025-06-23 05:44:33,479 - httpcore.http11 - DEBUG - receive_response_body.started request=<Request [b'POST']>
2025-06-23 05:44:33,479 - httpcore.http11 - DEBUG - receive_response_body.complete
2025-06-23 05:44:33,482 - httpcore.http11 - DEBUG - response_closed.started
2025-06-23 05:44:33,482 - httpcore.http11 - DEBUG - response_closed.complete
2025-06-23 05:44:33,482 - telegram.ext.ExtBot - DEBUG - No new updates found.
2025-06-23 05:44:33,482 - telegram.ext.ExtBot - DEBUG - ()
2025-06-23 05:44:33,482 - telegram.ext.ExtBot - DEBUG - Exiting: get_updates
2025-06-23 05:44:33,482 - telegram.ext.ExtBot - DEBUG - Entering: get_updates
2025-06-23 05:44:33,482 - httpcore.http11 - DEBUG - send_request_headers.started request=<Request [b'POST']>
2025-06-23 05:44:33,482 - httpcore.http11 - DEBUG - send_request_headers.complete
2025-06-23 05:44:33,482 - httpcore.http11 - DEBUG - send_request_body.started request=<Request [b'POST']>
2025-06-23 05:44:33,482 - httpcore.http11 - DEBUG - send_request_body.complete
2025-06-23 05:44:33,482 - httpcore.http11 - DEBUG - receive_response_headers.started request=<Request [b'POST']>
2025-06-23 05:44:43,597 - httpcore.http11 - DEBUG - receive_response_headers.complete return_value=(b'HTTP/1.1', 200, b'OK', [(b'Server', b'nginx/1.18.0'), (b'Date', b'Mon, 23 Jun 2025 04:44:45 GMT'), (b'Content-Type', b'application/json'), (b'Content-Length', b'23'), (b'Connection', b'keep-alive'), (b'Strict-Transport-Security', b'max-age=31536000; includeSubDomains; preload'), (b'Access-Control-Allow-Origin', b'*'), (b'Access-Control-Allow-Methods', b'GET, POST, OPTIONS'), (b'Access-Control-Expose-Headers', b'Content-Length,Content-Type,Date,Server,Connection')])
2025-06-23 05:44:43,598 - httpx - INFO - HTTP Request: POST https://api.telegram.org/bot7707158318:AAE8rWa4Q8Z_3avql6K0HAmXaooZAReoNF0/getUpdates "HTTP/1.1 200 OK"
2025-06-23 05:44:43,599 - httpcore.http11 - DEBUG - receive_response_body.started request=<Request [b'POST']>
2025-06-23 05:44:43,600 - httpcore.http11 - DEBUG - receive_response_body.complete
2025-06-23 05:44:43,600 - httpcore.http11 - DEBUG - response_closed.started
2025-06-23 05:44:43,601 - httpcore.http11 - DEBUG - response_closed.complete
2025-06-23 05:44:43,601 - telegram.ext.ExtBot - DEBUG - No new updates found.
2025-06-23 05:44:43,602 - telegram.ext.ExtBot - DEBUG - ()
2025-06-23 05:44:43,602 - telegram.ext.ExtBot - DEBUG - Exiting: get_updates
2025-06-23 05:44:43,602 - telegram.ext.ExtBot - DEBUG - Entering: get_updates
2025-06-23 05:44:43,604 - httpcore.http11 - DEBUG - send_request_headers.started request=<Request [b'POST']>
2025-06-23 05:44:43,605 - httpcore.http11 - DEBUG - send_request_headers.complete
2025-06-23 05:44:43,605 - httpcore.http11 - DEBUG - send_request_body.started request=<Request [b'POST']>
2025-06-23 05:44:43,606 - httpcore.http11 - DEBUG - send_request_body.complete
2025-06-23 05:44:43,606 - httpcore.http11 - DEBUG - receive_response_headers.started request=<Request [b'POST']>
2025-06-23 05:44:53,958 - httpcore.http11 - DEBUG - receive_response_headers.complete return_value=(b'HTTP/1.1', 200, b'OK', [(b'Server', b'nginx/1.18.0'), (b'Date', b'Mon, 23 Jun 2025 04:44:56 GMT'), (b'Content-Type', b'application/json'), (b'Content-Length', b'23'), (b'Connection', b'keep-alive'), (b'Strict-Transport-Security', b'max-age=31536000; includeSubDomains; preload'), (b'Access-Control-Allow-Origin', b'*'), (b'Access-Control-Allow-Methods', b'GET, POST, OPTIONS'), (b'Access-Control-Expose-Headers', b'Content-Length,Content-Type,Date,Server,Connection')])
2025-06-23 05:44:53,958 - httpx - INFO - HTTP Request: POST https://api.telegram.org/bot7707158318:AAE8rWa4Q8Z_3avql6K0HAmXaooZAReoNF0/getUpdates "HTTP/1.1 200 OK"
2025-06-23 05:44:53,958 - httpcore.http11 - DEBUG - receive_response_body.started request=<Request [b'POST']>
2025-06-23 05:44:53,958 - httpcore.http11 - DEBUG - receive_response_body.complete
2025-06-23 05:44:53,958 - httpcore.http11 - DEBUG - response_closed.started
2025-06-23 05:44:53,958 - httpcore.http11 - DEBUG - response_closed.complete
2025-06-23 05:44:53,958 - telegram.ext.ExtBot - DEBUG - No new updates found.
2025-06-23 05:44:53,958 - telegram.ext.ExtBot - DEBUG - ()
2025-06-23 05:44:53,958 - telegram.ext.ExtBot - DEBUG - Exiting: get_updates
2025-06-23 05:44:53,958 - telegram.ext.ExtBot - DEBUG - Entering: get_updates
2025-06-23 05:44:53,961 - httpcore.http11 - DEBUG - send_request_headers.started request=<Request [b'POST']>
2025-06-23 05:44:53,961 - httpcore.http11 - DEBUG - send_request_headers.complete
2025-06-23 05:44:53,961 - httpcore.http11 - DEBUG - send_request_body.started request=<Request [b'POST']>
2025-06-23 05:44:53,962 - httpcore.http11 - DEBUG - send_request_body.complete
2025-06-23 05:44:53,962 - httpcore.http11 - DEBUG - receive_response_headers.started request=<Request [b'POST']>
2025-06-23 05:45:04,045 - httpcore.http11 - DEBUG - receive_response_headers.complete return_value=(b'HTTP/1.1', 200, b'OK', [(b'Server', b'nginx/1.18.0'), (b'Date', b'Mon, 23 Jun 2025 04:45:06 GMT'), (b'Content-Type', b'application/json'), (b'Content-Length', b'23'), (b'Connection', b'keep-alive'), (b'Strict-Transport-Security', b'max-age=31536000; includeSubDomains; preload'), (b'Access-Control-Allow-Origin', b'*'), (b'Access-Control-Allow-Methods', b'GET, POST, OPTIONS'), (b'Access-Control-Expose-Headers', b'Content-Length,Content-Type,Date,Server,Connection')])
2025-06-23 05:45:04,045 - httpx - INFO - HTTP Request: POST https://api.telegram.org/bot7707158318:AAE8rWa4Q8Z_3avql6K0HAmXaooZAReoNF0/getUpdates "HTTP/1.1 200 OK"
2025-06-23 05:45:04,045 - httpcore.http11 - DEBUG - receive_response_body.started request=<Request [b'POST']>
2025-06-23 05:45:04,050 - httpcore.http11 - DEBUG - receive_response_body.complete
2025-06-23 05:45:04,050 - httpcore.http11 - DEBUG - response_closed.started
2025-06-23 05:45:04,050 - httpcore.http11 - DEBUG - response_closed.complete
2025-06-23 05:45:04,050 - telegram.ext.ExtBot - DEBUG - No new updates found.
2025-06-23 05:45:04,050 - telegram.ext.ExtBot - DEBUG - ()
2025-06-23 05:45:04,050 - telegram.ext.ExtBot - DEBUG - Exiting: get_updates
2025-06-23 05:45:04,050 - telegram.ext.ExtBot - DEBUG - Entering: get_updates
2025-06-23 05:45:04,053 - httpcore.http11 - DEBUG - send_request_headers.started request=<Request [b'POST']>
2025-06-23 05:45:04,054 - httpcore.http11 - DEBUG - send_request_headers.complete
2025-06-23 05:45:04,054 - httpcore.http11 - DEBUG - send_request_body.started request=<Request [b'POST']>
2025-06-23 05:45:04,054 - httpcore.http11 - DEBUG - send_request_body.complete
2025-06-23 05:45:04,054 - httpcore.http11 - DEBUG - receive_response_headers.started request=<Request [b'POST']>
2025-06-23 05:45:14,437 - httpcore.http11 - DEBUG - receive_response_headers.complete return_value=(b'HTTP/1.1', 200, b'OK', [(b'Server', b'nginx/1.18.0'), (b'Date', b'Mon, 23 Jun 2025 04:45:16 GMT'), (b'Content-Type', b'application/json'), (b'Content-Length', b'23'), (b'Connection', b'keep-alive'), (b'Strict-Transport-Security', b'max-age=31536000; includeSubDomains; preload'), (b'Access-Control-Allow-Origin', b'*'), (b'Access-Control-Allow-Methods', b'GET, POST, OPTIONS'), (b'Access-Control-Expose-Headers', b'Content-Length,Content-Type,Date,Server,Connection')])
2025-06-23 05:45:14,438 - httpx - INFO - HTTP Request: POST https://api.telegram.org/bot7707158318:AAE8rWa4Q8Z_3avql6K0HAmXaooZAReoNF0/getUpdates "HTTP/1.1 200 OK"
2025-06-23 05:45:14,438 - httpcore.http11 - DEBUG - receive_response_body.started request=<Request [b'POST']>
2025-06-23 05:45:14,438 - httpcore.http11 - DEBUG - receive_response_body.complete
2025-06-23 05:45:14,438 - httpcore.http11 - DEBUG - response_closed.started
2025-06-23 05:45:14,438 - httpcore.http11 - DEBUG - response_closed.complete
2025-06-23 05:45:14,438 - telegram.ext.ExtBot - DEBUG - No new updates found.
2025-06-23 05:45:14,438 - telegram.ext.ExtBot - DEBUG - ()
2025-06-23 05:45:14,438 - telegram.ext.ExtBot - DEBUG - Exiting: get_updates
2025-06-23 05:45:14,438 - telegram.ext.ExtBot - DEBUG - Entering: get_updates
2025-06-23 05:45:14,441 - httpcore.http11 - DEBUG - send_request_headers.started request=<Request [b'POST']>
2025-06-23 05:45:14,441 - httpcore.http11 - DEBUG - send_request_headers.complete
2025-06-23 05:45:14,442 - httpcore.http11 - DEBUG - send_request_body.started request=<Request [b'POST']>
2025-06-23 05:45:14,442 - httpcore.http11 - DEBUG - send_request_body.complete
2025-06-23 05:45:14,442 - httpcore.http11 - DEBUG - receive_response_headers.started request=<Request [b'POST']>
2025-06-23 05:45:24,678 - httpcore.http11 - DEBUG - receive_response_headers.complete return_value=(b'HTTP/1.1', 200, b'OK', [(b'Server', b'nginx/1.18.0'), (b'Date', b'Mon, 23 Jun 2025 04:45:26 GMT'), (b'Content-Type', b'application/json'), (b'Content-Length', b'23'), (b'Connection', b'keep-alive'), (b'Strict-Transport-Security', b'max-age=31536000; includeSubDomains; preload'), (b'Access-Control-Allow-Origin', b'*'), (b'Access-Control-Allow-Methods', b'GET, POST, OPTIONS'), (b'Access-Control-Expose-Headers', b'Content-Length,Content-Type,Date,Server,Connection')])
2025-06-23 05:45:24,679 - httpx - INFO - HTTP Request: POST https://api.telegram.org/bot7707158318:AAE8rWa4Q8Z_3avql6K0HAmXaooZAReoNF0/getUpdates "HTTP/1.1 200 OK"
2025-06-23 05:45:24,679 - httpcore.http11 - DEBUG - receive_response_body.started request=<Request [b'POST']>
2025-06-23 05:45:24,680 - httpcore.http11 - DEBUG - receive_response_body.complete
2025-06-23 05:45:24,680 - httpcore.http11 - DEBUG - response_closed.started
2025-06-23 05:45:24,680 - httpcore.http11 - DEBUG - response_closed.complete
2025-06-23 05:45:24,680 - telegram.ext.ExtBot - DEBUG - No new updates found.
2025-06-23 05:45:24,680 - telegram.ext.ExtBot - DEBUG - ()
2025-06-23 05:45:24,680 - telegram.ext.ExtBot - DEBUG - Exiting: get_updates
2025-06-23 05:45:24,680 - telegram.ext.ExtBot - DEBUG - Entering: get_updates
2025-06-23 05:45:24,682 - httpcore.http11 - DEBUG - send_request_headers.started request=<Request [b'POST']>
2025-06-23 05:45:24,682 - httpcore.http11 - DEBUG - send_request_headers.complete
2025-06-23 05:45:24,682 - httpcore.http11 - DEBUG - send_request_body.started request=<Request [b'POST']>
2025-06-23 05:45:24,683 - httpcore.http11 - DEBUG - send_request_body.complete
2025-06-23 05:45:24,683 - httpcore.http11 - DEBUG - receive_response_headers.started request=<Request [b'POST']>
2025-06-23 05:45:34,758 - httpcore.http11 - DEBUG - receive_response_headers.complete return_value=(b'HTTP/1.1', 200, b'OK', [(b'Server', b'nginx/1.18.0'), (b'Date', b'Mon, 23 Jun 2025 04:45:37 GMT'), (b'Content-Type', b'application/json'), (b'Content-Length', b'23'), (b'Connection', b'keep-alive'), (b'Strict-Transport-Security', b'max-age=31536000; includeSubDomains; preload'), (b'Access-Control-Allow-Origin', b'*'), (b'Access-Control-Allow-Methods', b'GET, POST, OPTIONS'), (b'Access-Control-Expose-Headers', b'Content-Length,Content-Type,Date,Server,Connection')])
2025-06-23 05:45:34,758 - httpx - INFO - HTTP Request: POST https://api.telegram.org/bot7707158318:AAE8rWa4Q8Z_3avql6K0HAmXaooZAReoNF0/getUpdates "HTTP/1.1 200 OK"
2025-06-23 05:45:34,758 - httpcore.http11 - DEBUG - receive_response_body.started request=<Request [b'POST']>
2025-06-23 05:45:34,761 - httpcore.http11 - DEBUG - receive_response_body.complete
2025-06-23 05:45:34,761 - httpcore.http11 - DEBUG - response_closed.started
2025-06-23 05:45:34,761 - httpcore.http11 - DEBUG - response_closed.complete
2025-06-23 05:45:34,761 - telegram.ext.ExtBot - DEBUG - No new updates found.
2025-06-23 05:45:34,761 - telegram.ext.ExtBot - DEBUG - ()
2025-06-23 05:45:34,761 - telegram.ext.ExtBot - DEBUG - Exiting: get_updates
2025-06-23 05:45:34,761 - telegram.ext.ExtBot - DEBUG - Entering: get_updates
2025-06-23 05:45:34,763 - httpcore.http11 - DEBUG - send_request_headers.started request=<Request [b'POST']>
2025-06-23 05:45:34,764 - httpcore.http11 - DEBUG - send_request_headers.complete
2025-06-23 05:45:34,764 - httpcore.http11 - DEBUG - send_request_body.started request=<Request [b'POST']>
2025-06-23 05:45:34,765 - httpcore.http11 - DEBUG - send_request_body.complete
2025-06-23 05:45:34,765 - httpcore.http11 - DEBUG - receive_response_headers.started request=<Request [b'POST']>
2025-06-23 05:45:44,837 - httpcore.http11 - DEBUG - receive_response_headers.complete return_value=(b'HTTP/1.1', 200, b'OK', [(b'Server', b'nginx/1.18.0'), (b'Date', b'Mon, 23 Jun 2025 04:45:47 GMT'), (b'Content-Type', b'application/json'), (b'Content-Length', b'23'), (b'Connection', b'keep-alive'), (b'Strict-Transport-Security', b'max-age=31536000; includeSubDomains; preload'), (b'Access-Control-Allow-Origin', b'*'), (b'Access-Control-Allow-Methods', b'GET, POST, OPTIONS'), (b'Access-Control-Expose-Headers', b'Content-Length,Content-Type,Date,Server,Connection')])
2025-06-23 05:45:44,837 - httpx - INFO - HTTP Request: POST https://api.telegram.org/bot7707158318:AAE8rWa4Q8Z_3avql6K0HAmXaooZAReoNF0/getUpdates "HTTP/1.1 200 OK"
2025-06-23 05:45:44,841 - httpcore.http11 - DEBUG - receive_response_body.started request=<Request [b'POST']>
2025-06-23 05:45:44,841 - httpcore.http11 - DEBUG - receive_response_body.complete
2025-06-23 05:45:44,842 - httpcore.http11 - DEBUG - response_closed.started
2025-06-23 05:45:44,842 - httpcore.http11 - DEBUG - response_closed.complete
2025-06-23 05:45:44,842 - telegram.ext.ExtBot - DEBUG - No new updates found.
2025-06-23 05:45:44,842 - telegram.ext.ExtBot - DEBUG - ()
2025-06-23 05:45:44,842 - telegram.ext.ExtBot - DEBUG - Exiting: get_updates
2025-06-23 05:45:44,842 - telegram.ext.ExtBot - DEBUG - Entering: get_updates
2025-06-23 05:45:44,843 - httpcore.http11 - DEBUG - send_request_headers.started request=<Request [b'POST']>
2025-06-23 05:45:44,846 - httpcore.http11 - DEBUG - send_request_headers.complete
2025-06-23 05:45:44,846 - httpcore.http11 - DEBUG - send_request_body.started request=<Request [b'POST']>
2025-06-23 05:45:44,846 - httpcore.http11 - DEBUG - send_request_body.complete
2025-06-23 05:45:44,846 - httpcore.http11 - DEBUG - receive_response_headers.started request=<Request [b'POST']>
2025-06-23 05:45:55,076 - httpcore.http11 - DEBUG - receive_response_headers.complete return_value=(b'HTTP/1.1', 200, b'OK', [(b'Server', b'nginx/1.18.0'), (b'Date', b'Mon, 23 Jun 2025 04:45:57 GMT'), (b'Content-Type', b'application/json'), (b'Content-Length', b'23'), (b'Connection', b'keep-alive'), (b'Strict-Transport-Security', b'max-age=31536000; includeSubDomains; preload'), (b'Access-Control-Allow-Origin', b'*'), (b'Access-Control-Allow-Methods', b'GET, POST, OPTIONS'), (b'Access-Control-Expose-Headers', b'Content-Length,Content-Type,Date,Server,Connection')])
2025-06-23 05:45:55,076 - httpx - INFO - HTTP Request: POST https://api.telegram.org/bot7707158318:AAE8rWa4Q8Z_3avql6K0HAmXaooZAReoNF0/getUpdates "HTTP/1.1 200 OK"
2025-06-23 05:45:55,077 - httpcore.http11 - DEBUG - receive_response_body.started request=<Request [b'POST']>
2025-06-23 05:45:55,077 - httpcore.http11 - DEBUG - receive_response_body.complete
2025-06-23 05:45:55,077 - httpcore.http11 - DEBUG - response_closed.started
2025-06-23 05:45:55,077 - httpcore.http11 - DEBUG - response_closed.complete
2025-06-23 05:45:55,077 - telegram.ext.ExtBot - DEBUG - No new updates found.
2025-06-23 05:45:55,077 - telegram.ext.ExtBot - DEBUG - ()
2025-06-23 05:45:55,077 - telegram.ext.ExtBot - DEBUG - Exiting: get_updates
2025-06-23 05:45:55,077 - telegram.ext.ExtBot - DEBUG - Entering: get_updates
2025-06-23 05:45:55,077 - httpcore.http11 - DEBUG - send_request_headers.started request=<Request [b'POST']>
2025-06-23 05:45:55,077 - httpcore.http11 - DEBUG - send_request_headers.complete
2025-06-23 05:45:55,077 - httpcore.http11 - DEBUG - send_request_body.started request=<Request [b'POST']>
2025-06-23 05:45:55,077 - httpcore.http11 - DEBUG - send_request_body.complete
2025-06-23 05:45:55,077 - httpcore.http11 - DEBUG - receive_response_headers.started request=<Request [b'POST']>
2025-06-23 05:46:05,315 - httpcore.http11 - DEBUG - receive_response_headers.complete return_value=(b'HTTP/1.1', 200, b'OK', [(b'Server', b'nginx/1.18.0'), (b'Date', b'Mon, 23 Jun 2025 04:46:07 GMT'), (b'Content-Type', b'application/json'), (b'Content-Length', b'23'), (b'Connection', b'keep-alive'), (b'Strict-Transport-Security', b'max-age=31536000; includeSubDomains; preload'), (b'Access-Control-Allow-Origin', b'*'), (b'Access-Control-Allow-Methods', b'GET, POST, OPTIONS'), (b'Access-Control-Expose-Headers', b'Content-Length,Content-Type,Date,Server,Connection')])
2025-06-23 05:46:05,319 - httpx - INFO - HTTP Request: POST https://api.telegram.org/bot7707158318:AAE8rWa4Q8Z_3avql6K0HAmXaooZAReoNF0/getUpdates "HTTP/1.1 200 OK"
2025-06-23 05:46:05,319 - httpcore.http11 - DEBUG - receive_response_body.started request=<Request [b'POST']>
2025-06-23 05:46:05,320 - httpcore.http11 - DEBUG - receive_response_body.complete
2025-06-23 05:46:05,320 - httpcore.http11 - DEBUG - response_closed.started
2025-06-23 05:46:05,320 - httpcore.http11 - DEBUG - response_closed.complete
2025-06-23 05:46:05,320 - telegram.ext.ExtBot - DEBUG - No new updates found.
2025-06-23 05:46:05,320 - telegram.ext.ExtBot - DEBUG - ()
2025-06-23 05:46:05,320 - telegram.ext.ExtBot - DEBUG - Exiting: get_updates
2025-06-23 05:46:05,320 - telegram.ext.ExtBot - DEBUG - Entering: get_updates
2025-06-23 05:46:05,320 - httpcore.http11 - DEBUG - send_request_headers.started request=<Request [b'POST']>
2025-06-23 05:46:05,322 - httpcore.http11 - DEBUG - send_request_headers.complete
2025-06-23 05:46:05,322 - httpcore.http11 - DEBUG - send_request_body.started request=<Request [b'POST']>
2025-06-23 05:46:05,322 - httpcore.http11 - DEBUG - send_request_body.complete
2025-06-23 05:46:05,322 - httpcore.http11 - DEBUG - receive_response_headers.started request=<Request [b'POST']>
2025-06-23 05:46:15,554 - httpcore.http11 - DEBUG - receive_response_headers.complete return_value=(b'HTTP/1.1', 200, b'OK', [(b'Server', b'nginx/1.18.0'), (b'Date', b'Mon, 23 Jun 2025 04:46:17 GMT'), (b'Content-Type', b'application/json'), (b'Content-Length', b'23'), (b'Connection', b'keep-alive'), (b'Strict-Transport-Security', b'max-age=31536000; includeSubDomains; preload'), (b'Access-Control-Allow-Origin', b'*'), (b'Access-Control-Allow-Methods', b'GET, POST, OPTIONS'), (b'Access-Control-Expose-Headers', b'Content-Length,Content-Type,Date,Server,Connection')])
2025-06-23 05:46:15,554 - httpx - INFO - HTTP Request: POST https://api.telegram.org/bot7707158318:AAE8rWa4Q8Z_3avql6K0HAmXaooZAReoNF0/getUpdates "HTTP/1.1 200 OK"
2025-06-23 05:46:15,558 - httpcore.http11 - DEBUG - receive_response_body.started request=<Request [b'POST']>
2025-06-23 05:46:15,558 - httpcore.http11 - DEBUG - receive_response_body.complete
2025-06-23 05:46:15,558 - httpcore.http11 - DEBUG - response_closed.started
2025-06-23 05:46:15,558 - httpcore.http11 - DEBUG - response_closed.complete
2025-06-23 05:46:15,558 - telegram.ext.ExtBot - DEBUG - No new updates found.
2025-06-23 05:46:15,559 - telegram.ext.ExtBot - DEBUG - ()
2025-06-23 05:46:15,559 - telegram.ext.ExtBot - DEBUG - Exiting: get_updates
2025-06-23 05:46:15,559 - telegram.ext.ExtBot - DEBUG - Entering: get_updates
2025-06-23 05:46:15,559 - httpcore.http11 - DEBUG - send_request_headers.started request=<Request [b'POST']>
2025-06-23 05:46:15,559 - httpcore.http11 - DEBUG - send_request_headers.complete
2025-06-23 05:46:15,559 - httpcore.http11 - DEBUG - send_request_body.started request=<Request [b'POST']>
2025-06-23 05:46:15,561 - httpcore.http11 - DEBUG - send_request_body.complete
2025-06-23 05:46:15,561 - httpcore.http11 - DEBUG - receive_response_headers.started request=<Request [b'POST']>
2025-06-23 05:46:25,636 - httpcore.http11 - DEBUG - receive_response_headers.complete return_value=(b'HTTP/1.1', 200, b'OK', [(b'Server', b'nginx/1.18.0'), (b'Date', b'Mon, 23 Jun 2025 04:46:27 GMT'), (b'Content-Type', b'application/json'), (b'Content-Length', b'23'), (b'Connection', b'keep-alive'), (b'Strict-Transport-Security', b'max-age=31536000; includeSubDomains; preload'), (b'Access-Control-Allow-Origin', b'*'), (b'Access-Control-Allow-Methods', b'GET, POST, OPTIONS'), (b'Access-Control-Expose-Headers', b'Content-Length,Content-Type,Date,Server,Connection')])
2025-06-23 05:46:25,636 - httpx - INFO - HTTP Request: POST https://api.telegram.org/bot7707158318:AAE8rWa4Q8Z_3avql6K0HAmXaooZAReoNF0/getUpdates "HTTP/1.1 200 OK"
2025-06-23 05:46:25,636 - httpcore.http11 - DEBUG - receive_response_body.started request=<Request [b'POST']>
2025-06-23 05:46:25,636 - httpcore.http11 - DEBUG - receive_response_body.complete
2025-06-23 05:46:25,636 - httpcore.http11 - DEBUG - response_closed.started
2025-06-23 05:46:25,636 - httpcore.http11 - DEBUG - response_closed.complete
2025-06-23 05:46:25,636 - telegram.ext.ExtBot - DEBUG - No new updates found.
2025-06-23 05:46:25,636 - telegram.ext.ExtBot - DEBUG - ()
2025-06-23 05:46:25,636 - telegram.ext.ExtBot - DEBUG - Exiting: get_updates
2025-06-23 05:46:25,636 - telegram.ext.ExtBot - DEBUG - Entering: get_updates
2025-06-23 05:46:25,636 - httpcore.http11 - DEBUG - send_request_headers.started request=<Request [b'POST']>
2025-06-23 05:46:25,641 - httpcore.http11 - DEBUG - send_request_headers.complete
2025-06-23 05:46:25,641 - httpcore.http11 - DEBUG - send_request_body.started request=<Request [b'POST']>
2025-06-23 05:46:25,641 - httpcore.http11 - DEBUG - send_request_body.complete
2025-06-23 05:46:25,642 - httpcore.http11 - DEBUG - receive_response_headers.started request=<Request [b'POST']>
2025-06-23 05:46:35,719 - httpcore.http11 - DEBUG - receive_response_headers.complete return_value=(b'HTTP/1.1', 200, b'OK', [(b'Server', b'nginx/1.18.0'), (b'Date', b'Mon, 23 Jun 2025 04:46:38 GMT'), (b'Content-Type', b'application/json'), (b'Content-Length', b'23'), (b'Connection', b'keep-alive'), (b'Strict-Transport-Security', b'max-age=31536000; includeSubDomains; preload'), (b'Access-Control-Allow-Origin', b'*'), (b'Access-Control-Allow-Methods', b'GET, POST, OPTIONS'), (b'Access-Control-Expose-Headers', b'Content-Length,Content-Type,Date,Server,Connection')])
2025-06-23 05:46:35,720 - httpx - INFO - HTTP Request: POST https://api.telegram.org/bot7707158318:AAE8rWa4Q8Z_3avql6K0HAmXaooZAReoNF0/getUpdates "HTTP/1.1 200 OK"
2025-06-23 05:46:35,722 - httpcore.http11 - DEBUG - receive_response_body.started request=<Request [b'POST']>
2025-06-23 05:46:35,722 - httpcore.http11 - DEBUG - receive_response_body.complete
2025-06-23 05:46:35,722 - httpcore.http11 - DEBUG - response_closed.started
2025-06-23 05:46:35,723 - httpcore.http11 - DEBUG - response_closed.complete
2025-06-23 05:46:35,723 - telegram.ext.ExtBot - DEBUG - No new updates found.
2025-06-23 05:46:35,723 - telegram.ext.ExtBot - DEBUG - ()
2025-06-23 05:46:35,723 - telegram.ext.ExtBot - DEBUG - Exiting: get_updates
2025-06-23 05:46:35,723 - telegram.ext.ExtBot - DEBUG - Entering: get_updates
2025-06-23 05:46:35,723 - httpcore.http11 - DEBUG - send_request_headers.started request=<Request [b'POST']>
2025-06-23 05:46:35,726 - httpcore.http11 - DEBUG - send_request_headers.complete
2025-06-23 05:46:35,726 - httpcore.http11 - DEBUG - send_request_body.started request=<Request [b'POST']>
2025-06-23 05:46:35,726 - httpcore.http11 - DEBUG - send_request_body.complete
2025-06-23 05:46:35,726 - httpcore.http11 - DEBUG - receive_response_headers.started request=<Request [b'POST']>
2025-06-23 05:46:45,954 - httpcore.http11 - DEBUG - receive_response_headers.complete return_value=(b'HTTP/1.1', 200, b'OK', [(b'Server', b'nginx/1.18.0'), (b'Date', b'Mon, 23 Jun 2025 04:46:48 GMT'), (b'Content-Type', b'application/json'), (b'Content-Length', b'23'), (b'Connection', b'keep-alive'), (b'Strict-Transport-Security', b'max-age=31536000; includeSubDomains; preload'), (b'Access-Control-Allow-Origin', b'*'), (b'Access-Control-Allow-Methods', b'GET, POST, OPTIONS'), (b'Access-Control-Expose-Headers', b'Content-Length,Content-Type,Date,Server,Connection')])
2025-06-23 05:46:45,954 - httpx - INFO - HTTP Request: POST https://api.telegram.org/bot7707158318:AAE8rWa4Q8Z_3avql6K0HAmXaooZAReoNF0/getUpdates "HTTP/1.1 200 OK"
2025-06-23 05:46:45,954 - httpcore.http11 - DEBUG - receive_response_body.started request=<Request [b'POST']>
2025-06-23 05:46:45,954 - httpcore.http11 - DEBUG - receive_response_body.complete
2025-06-23 05:46:45,954 - httpcore.http11 - DEBUG - response_closed.started
2025-06-23 05:46:45,958 - httpcore.http11 - DEBUG - response_closed.complete
2025-06-23 05:46:45,958 - telegram.ext.ExtBot - DEBUG - No new updates found.
2025-06-23 05:46:45,958 - telegram.ext.ExtBot - DEBUG - ()
2025-06-23 05:46:45,958 - telegram.ext.ExtBot - DEBUG - Exiting: get_updates
2025-06-23 05:46:45,958 - telegram.ext.ExtBot - DEBUG - Entering: get_updates
2025-06-23 05:46:45,961 - httpcore.http11 - DEBUG - send_request_headers.started request=<Request [b'POST']>
2025-06-23 05:46:45,961 - httpcore.http11 - DEBUG - send_request_headers.complete
2025-06-23 05:46:45,962 - httpcore.http11 - DEBUG - send_request_body.started request=<Request [b'POST']>
2025-06-23 05:46:45,962 - httpcore.http11 - DEBUG - send_request_body.complete
2025-06-23 05:46:45,962 - httpcore.http11 - DEBUG - receive_response_headers.started request=<Request [b'POST']>
2025-06-23 05:46:56,175 - httpcore.http11 - DEBUG - receive_response_headers.complete return_value=(b'HTTP/1.1', 200, b'OK', [(b'Server', b'nginx/1.18.0'), (b'Date', b'Mon, 23 Jun 2025 04:46:58 GMT'), (b'Content-Type', b'application/json'), (b'Content-Length', b'23'), (b'Connection', b'keep-alive'), (b'Strict-Transport-Security', b'max-age=31536000; includeSubDomains; preload'), (b'Access-Control-Allow-Origin', b'*'), (b'Access-Control-Allow-Methods', b'GET, POST, OPTIONS'), (b'Access-Control-Expose-Headers', b'Content-Length,Content-Type,Date,Server,Connection')])
2025-06-23 05:46:56,175 - httpx - INFO - HTTP Request: POST https://api.telegram.org/bot7707158318:AAE8rWa4Q8Z_3avql6K0HAmXaooZAReoNF0/getUpdates "HTTP/1.1 200 OK"
2025-06-23 05:46:56,175 - httpcore.http11 - DEBUG - receive_response_body.started request=<Request [b'POST']>
2025-06-23 05:46:56,175 - httpcore.http11 - DEBUG - receive_response_body.complete
2025-06-23 05:46:56,175 - httpcore.http11 - DEBUG - response_closed.started
2025-06-23 05:46:56,175 - httpcore.http11 - DEBUG - response_closed.complete
2025-06-23 05:46:56,177 - telegram.ext.ExtBot - DEBUG - No new updates found.
2025-06-23 05:46:56,177 - telegram.ext.ExtBot - DEBUG - ()
2025-06-23 05:46:56,177 - telegram.ext.ExtBot - DEBUG - Exiting: get_updates
2025-06-23 05:46:56,177 - telegram.ext.ExtBot - DEBUG - Entering: get_updates
2025-06-23 05:46:56,177 - httpcore.http11 - DEBUG - send_request_headers.started request=<Request [b'POST']>
2025-06-23 05:46:56,177 - httpcore.http11 - DEBUG - send_request_headers.complete
2025-06-23 05:46:56,180 - httpcore.http11 - DEBUG - send_request_body.started request=<Request [b'POST']>
2025-06-23 05:46:56,180 - httpcore.http11 - DEBUG - send_request_body.complete
2025-06-23 05:46:56,180 - httpcore.http11 - DEBUG - receive_response_headers.started request=<Request [b'POST']>
2025-06-23 05:47:06,347 - httpcore.http11 - DEBUG - receive_response_headers.complete return_value=(b'HTTP/1.1', 200, b'OK', [(b'Server', b'nginx/1.18.0'), (b'Date', b'Mon, 23 Jun 2025 04:47:08 GMT'), (b'Content-Type', b'application/json'), (b'Content-Length', b'23'), (b'Connection', b'keep-alive'), (b'Strict-Transport-Security', b'max-age=31536000; includeSubDomains; preload'), (b'Access-Control-Allow-Origin', b'*'), (b'Access-Control-Allow-Methods', b'GET, POST, OPTIONS'), (b'Access-Control-Expose-Headers', b'Content-Length,Content-Type,Date,Server,Connection')])
2025-06-23 05:47:06,347 - httpx - INFO - HTTP Request: POST https://api.telegram.org/bot7707158318:AAE8rWa4Q8Z_3avql6K0HAmXaooZAReoNF0/getUpdates "HTTP/1.1 200 OK"
2025-06-23 05:47:06,348 - httpcore.http11 - DEBUG - receive_response_body.started request=<Request [b'POST']>
2025-06-23 05:47:06,348 - httpcore.http11 - DEBUG - receive_response_body.complete
2025-06-23 05:47:06,348 - httpcore.http11 - DEBUG - response_closed.started
2025-06-23 05:47:06,348 - httpcore.http11 - DEBUG - response_closed.complete
2025-06-23 05:47:06,348 - telegram.ext.ExtBot - DEBUG - No new updates found.
2025-06-23 05:47:06,349 - telegram.ext.ExtBot - DEBUG - ()
2025-06-23 05:47:06,349 - telegram.ext.ExtBot - DEBUG - Exiting: get_updates
2025-06-23 05:47:06,349 - telegram.ext.ExtBot - DEBUG - Entering: get_updates
2025-06-23 05:47:06,350 - httpcore.http11 - DEBUG - send_request_headers.started request=<Request [b'POST']>
2025-06-23 05:47:06,350 - httpcore.http11 - DEBUG - send_request_headers.complete
2025-06-23 05:47:06,350 - httpcore.http11 - DEBUG - send_request_body.started request=<Request [b'POST']>
2025-06-23 05:47:06,350 - httpcore.http11 - DEBUG - send_request_body.complete
2025-06-23 05:47:06,350 - httpcore.http11 - DEBUG - receive_response_headers.started request=<Request [b'POST']>
2025-06-23 05:47:16,428 - httpcore.http11 - DEBUG - receive_response_headers.complete return_value=(b'HTTP/1.1', 200, b'OK', [(b'Server', b'nginx/1.18.0'), (b'Date', b'Mon, 23 Jun 2025 04:47:18 GMT'), (b'Content-Type', b'application/json'), (b'Content-Length', b'23'), (b'Connection', b'keep-alive'), (b'Strict-Transport-Security', b'max-age=31536000; includeSubDomains; preload'), (b'Access-Control-Allow-Origin', b'*'), (b'Access-Control-Allow-Methods', b'GET, POST, OPTIONS'), (b'Access-Control-Expose-Headers', b'Content-Length,Content-Type,Date,Server,Connection')])
2025-06-23 05:47:16,428 - httpx - INFO - HTTP Request: POST https://api.telegram.org/bot7707158318:AAE8rWa4Q8Z_3avql6K0HAmXaooZAReoNF0/getUpdates "HTTP/1.1 200 OK"
2025-06-23 05:47:16,428 - httpcore.http11 - DEBUG - receive_response_body.started request=<Request [b'POST']>
2025-06-23 05:47:16,428 - httpcore.http11 - DEBUG - receive_response_body.complete
2025-06-23 05:47:16,428 - httpcore.http11 - DEBUG - response_closed.started
2025-06-23 05:47:16,428 - httpcore.http11 - DEBUG - response_closed.complete
2025-06-23 05:47:16,428 - telegram.ext.ExtBot - DEBUG - No new updates found.
2025-06-23 05:47:16,431 - telegram.ext.ExtBot - DEBUG - ()
2025-06-23 05:47:16,431 - telegram.ext.ExtBot - DEBUG - Exiting: get_updates
2025-06-23 05:47:16,431 - telegram.ext.ExtBot - DEBUG - Entering: get_updates
2025-06-23 05:47:16,432 - httpcore.http11 - DEBUG - send_request_headers.started request=<Request [b'POST']>
2025-06-23 05:47:16,432 - httpcore.http11 - DEBUG - send_request_headers.complete
2025-06-23 05:47:16,432 - httpcore.http11 - DEBUG - send_request_body.started request=<Request [b'POST']>
2025-06-23 05:47:16,432 - httpcore.http11 - DEBUG - send_request_body.complete
2025-06-23 05:47:16,432 - httpcore.http11 - DEBUG - receive_response_headers.started request=<Request [b'POST']>
2025-06-23 05:47:26,509 - httpcore.http11 - DEBUG - receive_response_headers.complete return_value=(b'HTTP/1.1', 200, b'OK', [(b'Server', b'nginx/1.18.0'), (b'Date', b'Mon, 23 Jun 2025 04:47:28 GMT'), (b'Content-Type', b'application/json'), (b'Content-Length', b'23'), (b'Connection', b'keep-alive'), (b'Strict-Transport-Security', b'max-age=31536000; includeSubDomains; preload'), (b'Access-Control-Allow-Origin', b'*'), (b'Access-Control-Allow-Methods', b'GET, POST, OPTIONS'), (b'Access-Control-Expose-Headers', b'Content-Length,Content-Type,Date,Server,Connection')])
2025-06-23 05:47:26,509 - httpx - INFO - HTTP Request: POST https://api.telegram.org/bot7707158318:AAE8rWa4Q8Z_3avql6K0HAmXaooZAReoNF0/getUpdates "HTTP/1.1 200 OK"
2025-06-23 05:47:26,509 - httpcore.http11 - DEBUG - receive_response_body.started request=<Request [b'POST']>
2025-06-23 05:47:26,509 - httpcore.http11 - DEBUG - receive_response_body.complete
2025-06-23 05:47:26,511 - httpcore.http11 - DEBUG - response_closed.started
2025-06-23 05:47:26,511 - httpcore.http11 - DEBUG - response_closed.complete
2025-06-23 05:47:26,511 - telegram.ext.ExtBot - DEBUG - No new updates found.
2025-06-23 05:47:26,511 - telegram.ext.ExtBot - DEBUG - ()
2025-06-23 05:47:26,512 - telegram.ext.ExtBot - DEBUG - Exiting: get_updates
2025-06-23 05:47:26,512 - telegram.ext.ExtBot - DEBUG - Entering: get_updates
2025-06-23 05:47:26,512 - httpcore.http11 - DEBUG - send_request_headers.started request=<Request [b'POST']>
2025-06-23 05:47:26,512 - httpcore.http11 - DEBUG - send_request_headers.complete
2025-06-23 05:47:26,512 - httpcore.http11 - DEBUG - send_request_body.started request=<Request [b'POST']>
2025-06-23 05:47:26,512 - httpcore.http11 - DEBUG - send_request_body.complete
2025-06-23 05:47:26,512 - httpcore.http11 - DEBUG - receive_response_headers.started request=<Request [b'POST']>
2025-06-23 05:47:36,600 - httpcore.http11 - DEBUG - receive_response_headers.complete return_value=(b'HTTP/1.1', 200, b'OK', [(b'Server', b'nginx/1.18.0'), (b'Date', b'Mon, 23 Jun 2025 04:47:38 GMT'), (b'Content-Type', b'application/json'), (b'Content-Length', b'23'), (b'Connection', b'keep-alive'), (b'Strict-Transport-Security', b'max-age=31536000; includeSubDomains; preload'), (b'Access-Control-Allow-Origin', b'*'), (b'Access-Control-Allow-Methods', b'GET, POST, OPTIONS'), (b'Access-Control-Expose-Headers', b'Content-Length,Content-Type,Date,Server,Connection')])
2025-06-23 05:47:36,600 - httpx - INFO - HTTP Request: POST https://api.telegram.org/bot7707158318:AAE8rWa4Q8Z_3avql6K0HAmXaooZAReoNF0/getUpdates "HTTP/1.1 200 OK"
2025-06-23 05:47:36,602 - httpcore.http11 - DEBUG - receive_response_body.started request=<Request [b'POST']>
2025-06-23 05:47:36,602 - httpcore.http11 - DEBUG - receive_response_body.complete
2025-06-23 05:47:36,602 - httpcore.http11 - DEBUG - response_closed.started
2025-06-23 05:47:36,602 - httpcore.http11 - DEBUG - response_closed.complete
2025-06-23 05:47:36,602 - telegram.ext.ExtBot - DEBUG - No new updates found.
2025-06-23 05:47:36,602 - telegram.ext.ExtBot - DEBUG - ()
2025-06-23 05:47:36,602 - telegram.ext.ExtBot - DEBUG - Exiting: get_updates
2025-06-23 05:47:36,602 - telegram.ext.ExtBot - DEBUG - Entering: get_updates
2025-06-23 05:47:36,604 - httpcore.http11 - DEBUG - send_request_headers.started request=<Request [b'POST']>
2025-06-23 05:47:36,604 - httpcore.http11 - DEBUG - send_request_headers.complete
2025-06-23 05:47:36,604 - httpcore.http11 - DEBUG - send_request_body.started request=<Request [b'POST']>
2025-06-23 05:47:36,604 - httpcore.http11 - DEBUG - send_request_body.complete
2025-06-23 05:47:36,604 - httpcore.http11 - DEBUG - receive_response_headers.started request=<Request [b'POST']>
2025-06-23 05:47:46,755 - httpcore.http11 - DEBUG - receive_response_headers.complete return_value=(b'HTTP/1.1', 200, b'OK', [(b'Server', b'nginx/1.18.0'), (b'Date', b'Mon, 23 Jun 2025 04:47:49 GMT'), (b'Content-Type', b'application/json'), (b'Content-Length', b'23'), (b'Connection', b'keep-alive'), (b'Strict-Transport-Security', b'max-age=31536000; includeSubDomains; preload'), (b'Access-Control-Allow-Origin', b'*'), (b'Access-Control-Allow-Methods', b'GET, POST, OPTIONS'), (b'Access-Control-Expose-Headers', b'Content-Length,Content-Type,Date,Server,Connection')])
2025-06-23 05:47:46,755 - httpx - INFO - HTTP Request: POST https://api.telegram.org/bot7707158318:AAE8rWa4Q8Z_3avql6K0HAmXaooZAReoNF0/getUpdates "HTTP/1.1 200 OK"
2025-06-23 05:47:46,755 - httpcore.http11 - DEBUG - receive_response_body.started request=<Request [b'POST']>
2025-06-23 05:47:46,755 - httpcore.http11 - DEBUG - receive_response_body.complete
2025-06-23 05:47:46,755 - httpcore.http11 - DEBUG - response_closed.started
2025-06-23 05:47:46,755 - httpcore.http11 - DEBUG - response_closed.complete
2025-06-23 05:47:46,755 - telegram.ext.ExtBot - DEBUG - No new updates found.
2025-06-23 05:47:46,755 - telegram.ext.ExtBot - DEBUG - ()
2025-06-23 05:47:46,757 - telegram.ext.ExtBot - DEBUG - Exiting: get_updates
2025-06-23 05:47:46,757 - telegram.ext.ExtBot - DEBUG - Entering: get_updates
2025-06-23 05:47:46,758 - httpcore.http11 - DEBUG - send_request_headers.started request=<Request [b'POST']>
2025-06-23 05:47:46,758 - httpcore.http11 - DEBUG - send_request_headers.complete
2025-06-23 05:47:46,758 - httpcore.http11 - DEBUG - send_request_body.started request=<Request [b'POST']>
2025-06-23 05:47:46,758 - httpcore.http11 - DEBUG - send_request_body.complete
2025-06-23 05:47:46,758 - httpcore.http11 - DEBUG - receive_response_headers.started request=<Request [b'POST']>
2025-06-23 05:47:56,837 - httpcore.http11 - DEBUG - receive_response_headers.complete return_value=(b'HTTP/1.1', 200, b'OK', [(b'Server', b'nginx/1.18.0'), (b'Date', b'Mon, 23 Jun 2025 04:47:59 GMT'), (b'Content-Type', b'application/json'), (b'Content-Length', b'23'), (b'Connection', b'keep-alive'), (b'Strict-Transport-Security', b'max-age=31536000; includeSubDomains; preload'), (b'Access-Control-Allow-Origin', b'*'), (b'Access-Control-Allow-Methods', b'GET, POST, OPTIONS'), (b'Access-Control-Expose-Headers', b'Content-Length,Content-Type,Date,Server,Connection')])
2025-06-23 05:47:56,837 - httpx - INFO - HTTP Request: POST https://api.telegram.org/bot7707158318:AAE8rWa4Q8Z_3avql6K0HAmXaooZAReoNF0/getUpdates "HTTP/1.1 200 OK"
2025-06-23 05:47:56,837 - httpcore.http11 - DEBUG - receive_response_body.started request=<Request [b'POST']>
2025-06-23 05:47:56,837 - httpcore.http11 - DEBUG - receive_response_body.complete
2025-06-23 05:47:56,837 - httpcore.http11 - DEBUG - response_closed.started
2025-06-23 05:47:56,837 - httpcore.http11 - DEBUG - response_closed.complete
2025-06-23 05:47:56,837 - telegram.ext.ExtBot - DEBUG - No new updates found.
2025-06-23 05:47:56,837 - telegram.ext.ExtBot - DEBUG - ()
2025-06-23 05:47:56,837 - telegram.ext.ExtBot - DEBUG - Exiting: get_updates
2025-06-23 05:47:56,839 - telegram.ext.ExtBot - DEBUG - Entering: get_updates
2025-06-23 05:47:56,839 - httpcore.http11 - DEBUG - send_request_headers.started request=<Request [b'POST']>
2025-06-23 05:47:56,839 - httpcore.http11 - DEBUG - send_request_headers.complete
2025-06-23 05:47:56,839 - httpcore.http11 - DEBUG - send_request_body.started request=<Request [b'POST']>
2025-06-23 05:47:56,839 - httpcore.http11 - DEBUG - send_request_body.complete
2025-06-23 05:47:56,839 - httpcore.http11 - DEBUG - receive_response_headers.started request=<Request [b'POST']>
2025-06-23 05:48:06,915 - httpcore.http11 - DEBUG - receive_response_headers.complete return_value=(b'HTTP/1.1', 200, b'OK', [(b'Server', b'nginx/1.18.0'), (b'Date', b'Mon, 23 Jun 2025 04:48:09 GMT'), (b'Content-Type', b'application/json'), (b'Content-Length', b'23'), (b'Connection', b'keep-alive'), (b'Strict-Transport-Security', b'max-age=31536000; includeSubDomains; preload'), (b'Access-Control-Allow-Origin', b'*'), (b'Access-Control-Allow-Methods', b'GET, POST, OPTIONS'), (b'Access-Control-Expose-Headers', b'Content-Length,Content-Type,Date,Server,Connection')])
2025-06-23 05:48:06,917 - httpx - INFO - HTTP Request: POST https://api.telegram.org/bot7707158318:AAE8rWa4Q8Z_3avql6K0HAmXaooZAReoNF0/getUpdates "HTTP/1.1 200 OK"
2025-06-23 05:48:06,918 - httpcore.http11 - DEBUG - receive_response_body.started request=<Request [b'POST']>
2025-06-23 05:48:06,918 - httpcore.http11 - DEBUG - receive_response_body.complete
2025-06-23 05:48:06,918 - httpcore.http11 - DEBUG - response_closed.started
2025-06-23 05:48:06,918 - httpcore.http11 - DEBUG - response_closed.complete
2025-06-23 05:48:06,920 - telegram.ext.ExtBot - DEBUG - No new updates found.
2025-06-23 05:48:06,920 - telegram.ext.ExtBot - DEBUG - ()
2025-06-23 05:48:06,920 - telegram.ext.ExtBot - DEBUG - Exiting: get_updates
2025-06-23 05:48:06,920 - telegram.ext.ExtBot - DEBUG - Entering: get_updates
2025-06-23 05:48:06,922 - httpcore.http11 - DEBUG - send_request_headers.started request=<Request [b'POST']>
2025-06-23 05:48:06,922 - httpcore.http11 - DEBUG - send_request_headers.complete
2025-06-23 05:48:06,922 - httpcore.http11 - DEBUG - send_request_body.started request=<Request [b'POST']>
2025-06-23 05:48:06,922 - httpcore.http11 - DEBUG - send_request_body.complete
2025-06-23 05:48:06,922 - httpcore.http11 - DEBUG - receive_response_headers.started request=<Request [b'POST']>
2025-06-23 05:48:17,154 - httpcore.http11 - DEBUG - receive_response_headers.complete return_value=(b'HTTP/1.1', 200, b'OK', [(b'Server', b'nginx/1.18.0'), (b'Date', b'Mon, 23 Jun 2025 04:48:19 GMT'), (b'Content-Type', b'application/json'), (b'Content-Length', b'23'), (b'Connection', b'keep-alive'), (b'Strict-Transport-Security', b'max-age=31536000; includeSubDomains; preload'), (b'Access-Control-Allow-Origin', b'*'), (b'Access-Control-Allow-Methods', b'GET, POST, OPTIONS'), (b'Access-Control-Expose-Headers', b'Content-Length,Content-Type,Date,Server,Connection')])
2025-06-23 05:48:17,154 - httpx - INFO - HTTP Request: POST https://api.telegram.org/bot7707158318:AAE8rWa4Q8Z_3avql6K0HAmXaooZAReoNF0/getUpdates "HTTP/1.1 200 OK"
2025-06-23 05:48:17,158 - httpcore.http11 - DEBUG - receive_response_body.started request=<Request [b'POST']>
2025-06-23 05:48:17,158 - httpcore.http11 - DEBUG - receive_response_body.complete
2025-06-23 05:48:17,158 - httpcore.http11 - DEBUG - response_closed.started
2025-06-23 05:48:17,158 - httpcore.http11 - DEBUG - response_closed.complete
2025-06-23 05:48:17,158 - telegram.ext.ExtBot - DEBUG - No new updates found.
2025-06-23 05:48:17,158 - telegram.ext.ExtBot - DEBUG - ()
2025-06-23 05:48:17,158 - telegram.ext.ExtBot - DEBUG - Exiting: get_updates
2025-06-23 05:48:17,160 - telegram.ext.ExtBot - DEBUG - Entering: get_updates
2025-06-23 05:48:17,161 - httpcore.http11 - DEBUG - send_request_headers.started request=<Request [b'POST']>
2025-06-23 05:48:17,163 - httpcore.http11 - DEBUG - send_request_headers.complete
2025-06-23 05:48:17,163 - httpcore.http11 - DEBUG - send_request_body.started request=<Request [b'POST']>
2025-06-23 05:48:17,164 - httpcore.http11 - DEBUG - send_request_body.complete
2025-06-23 05:48:17,164 - httpcore.http11 - DEBUG - receive_response_headers.started request=<Request [b'POST']>
2025-06-23 05:48:27,239 - httpcore.http11 - DEBUG - receive_response_headers.complete return_value=(b'HTTP/1.1', 200, b'OK', [(b'Server', b'nginx/1.18.0'), (b'Date', b'Mon, 23 Jun 2025 04:48:29 GMT'), (b'Content-Type', b'application/json'), (b'Content-Length', b'23'), (b'Connection', b'keep-alive'), (b'Strict-Transport-Security', b'max-age=31536000; includeSubDomains; preload'), (b'Access-Control-Allow-Origin', b'*'), (b'Access-Control-Allow-Methods', b'GET, POST, OPTIONS'), (b'Access-Control-Expose-Headers', b'Content-Length,Content-Type,Date,Server,Connection')])
2025-06-23 05:48:27,241 - httpx - INFO - HTTP Request: POST https://api.telegram.org/bot7707158318:AAE8rWa4Q8Z_3avql6K0HAmXaooZAReoNF0/getUpdates "HTTP/1.1 200 OK"
2025-06-23 05:48:27,242 - httpcore.http11 - DEBUG - receive_response_body.started request=<Request [b'POST']>
2025-06-23 05:48:27,243 - httpcore.http11 - DEBUG - receive_response_body.complete
2025-06-23 05:48:27,244 - httpcore.http11 - DEBUG - response_closed.started
2025-06-23 05:48:27,245 - httpcore.http11 - DEBUG - response_closed.complete
2025-06-23 05:48:27,246 - telegram.ext.ExtBot - DEBUG - No new updates found.
2025-06-23 05:48:27,246 - telegram.ext.ExtBot - DEBUG - ()
2025-06-23 05:48:27,246 - telegram.ext.ExtBot - DEBUG - Exiting: get_updates
2025-06-23 05:48:27,246 - telegram.ext.ExtBot - DEBUG - Entering: get_updates
2025-06-23 05:48:27,249 - httpcore.http11 - DEBUG - send_request_headers.started request=<Request [b'POST']>
2025-06-23 05:48:27,250 - httpcore.http11 - DEBUG - send_request_headers.complete
2025-06-23 05:48:27,251 - httpcore.http11 - DEBUG - send_request_body.started request=<Request [b'POST']>
2025-06-23 05:48:27,251 - httpcore.http11 - DEBUG - send_request_body.complete
2025-06-23 05:48:27,251 - httpcore.http11 - DEBUG - receive_response_headers.started request=<Request [b'POST']>
2025-06-23 05:48:37,329 - httpcore.http11 - DEBUG - receive_response_headers.complete return_value=(b'HTTP/1.1', 200, b'OK', [(b'Server', b'nginx/1.18.0'), (b'Date', b'Mon, 23 Jun 2025 04:48:39 GMT'), (b'Content-Type', b'application/json'), (b'Content-Length', b'23'), (b'Connection', b'keep-alive'), (b'Strict-Transport-Security', b'max-age=31536000; includeSubDomains; preload'), (b'Access-Control-Allow-Origin', b'*'), (b'Access-Control-Allow-Methods', b'GET, POST, OPTIONS'), (b'Access-Control-Expose-Headers', b'Content-Length,Content-Type,Date,Server,Connection')])
2025-06-23 05:48:37,329 - httpx - INFO - HTTP Request: POST https://api.telegram.org/bot7707158318:AAE8rWa4Q8Z_3avql6K0HAmXaooZAReoNF0/getUpdates "HTTP/1.1 200 OK"
2025-06-23 05:48:37,330 - httpcore.http11 - DEBUG - receive_response_body.started request=<Request [b'POST']>
2025-06-23 05:48:37,330 - httpcore.http11 - DEBUG - receive_response_body.complete
2025-06-23 05:48:37,330 - httpcore.http11 - DEBUG - response_closed.started
2025-06-23 05:48:37,330 - httpcore.http11 - DEBUG - response_closed.complete
2025-06-23 05:48:37,331 - telegram.ext.ExtBot - DEBUG - No new updates found.
2025-06-23 05:48:37,331 - telegram.ext.ExtBot - DEBUG - ()
2025-06-23 05:48:37,331 - telegram.ext.ExtBot - DEBUG - Exiting: get_updates
2025-06-23 05:48:37,331 - telegram.ext.ExtBot - DEBUG - Entering: get_updates
2025-06-23 05:48:37,334 - httpcore.http11 - DEBUG - send_request_headers.started request=<Request [b'POST']>
2025-06-23 05:48:37,335 - httpcore.http11 - DEBUG - send_request_headers.complete
2025-06-23 05:48:37,335 - httpcore.http11 - DEBUG - send_request_body.started request=<Request [b'POST']>
2025-06-23 05:48:37,335 - httpcore.http11 - DEBUG - send_request_body.complete
2025-06-23 05:48:37,336 - httpcore.http11 - DEBUG - receive_response_headers.started request=<Request [b'POST']>
2025-06-23 05:48:47,556 - httpcore.http11 - DEBUG - receive_response_headers.complete return_value=(b'HTTP/1.1', 200, b'OK', [(b'Server', b'nginx/1.18.0'), (b'Date', b'Mon, 23 Jun 2025 04:48:49 GMT'), (b'Content-Type', b'application/json'), (b'Content-Length', b'23'), (b'Connection', b'keep-alive'), (b'Strict-Transport-Security', b'max-age=31536000; includeSubDomains; preload'), (b'Access-Control-Allow-Origin', b'*'), (b'Access-Control-Allow-Methods', b'GET, POST, OPTIONS'), (b'Access-Control-Expose-Headers', b'Content-Length,Content-Type,Date,Server,Connection')])
2025-06-23 05:48:47,556 - httpx - INFO - HTTP Request: POST https://api.telegram.org/bot7707158318:AAE8rWa4Q8Z_3avql6K0HAmXaooZAReoNF0/getUpdates "HTTP/1.1 200 OK"
2025-06-23 05:48:47,558 - httpcore.http11 - DEBUG - receive_response_body.started request=<Request [b'POST']>
2025-06-23 05:48:47,558 - httpcore.http11 - DEBUG - receive_response_body.complete
2025-06-23 05:48:47,559 - httpcore.http11 - DEBUG - response_closed.started
2025-06-23 05:48:47,559 - httpcore.http11 - DEBUG - response_closed.complete
2025-06-23 05:48:47,559 - telegram.ext.ExtBot - DEBUG - No new updates found.
2025-06-23 05:48:47,559 - telegram.ext.ExtBot - DEBUG - ()
2025-06-23 05:48:47,559 - telegram.ext.ExtBot - DEBUG - Exiting: get_updates
2025-06-23 05:48:47,561 - telegram.ext.ExtBot - DEBUG - Entering: get_updates
2025-06-23 05:48:47,563 - httpcore.http11 - DEBUG - send_request_headers.started request=<Request [b'POST']>
2025-06-23 05:48:47,564 - httpcore.http11 - DEBUG - send_request_headers.complete
2025-06-23 05:48:47,564 - httpcore.http11 - DEBUG - send_request_body.started request=<Request [b'POST']>
2025-06-23 05:48:47,565 - httpcore.http11 - DEBUG - send_request_body.complete
2025-06-23 05:48:47,565 - httpcore.http11 - DEBUG - receive_response_headers.started request=<Request [b'POST']>
2025-06-23 05:48:57,637 - httpcore.http11 - DEBUG - receive_response_headers.complete return_value=(b'HTTP/1.1', 200, b'OK', [(b'Server', b'nginx/1.18.0'), (b'Date', b'Mon, 23 Jun 2025 04:48:59 GMT'), (b'Content-Type', b'application/json'), (b'Content-Length', b'23'), (b'Connection', b'keep-alive'), (b'Strict-Transport-Security', b'max-age=31536000; includeSubDomains; preload'), (b'Access-Control-Allow-Origin', b'*'), (b'Access-Control-Allow-Methods', b'GET, POST, OPTIONS'), (b'Access-Control-Expose-Headers', b'Content-Length,Content-Type,Date,Server,Connection')])
2025-06-23 05:48:57,642 - httpx - INFO - HTTP Request: POST https://api.telegram.org/bot7707158318:AAE8rWa4Q8Z_3avql6K0HAmXaooZAReoNF0/getUpdates "HTTP/1.1 200 OK"
2025-06-23 05:48:57,643 - httpcore.http11 - DEBUG - receive_response_body.started request=<Request [b'POST']>
2025-06-23 05:48:57,643 - httpcore.http11 - DEBUG - receive_response_body.complete
2025-06-23 05:48:57,643 - httpcore.http11 - DEBUG - response_closed.started
2025-06-23 05:48:57,643 - httpcore.http11 - DEBUG - response_closed.complete
2025-06-23 05:48:57,643 - telegram.ext.ExtBot - DEBUG - No new updates found.
2025-06-23 05:48:57,643 - telegram.ext.ExtBot - DEBUG - ()
2025-06-23 05:48:57,643 - telegram.ext.ExtBot - DEBUG - Exiting: get_updates
2025-06-23 05:48:57,643 - telegram.ext.ExtBot - DEBUG - Entering: get_updates
2025-06-23 05:48:57,643 - httpcore.http11 - DEBUG - send_request_headers.started request=<Request [b'POST']>
2025-06-23 05:48:57,643 - httpcore.http11 - DEBUG - send_request_headers.complete
2025-06-23 05:48:57,643 - httpcore.http11 - DEBUG - send_request_body.started request=<Request [b'POST']>
2025-06-23 05:48:57,643 - httpcore.http11 - DEBUG - send_request_body.complete
2025-06-23 05:48:57,643 - httpcore.http11 - DEBUG - receive_response_headers.started request=<Request [b'POST']>
2025-06-23 05:49:08,040 - httpcore.http11 - DEBUG - receive_response_headers.complete return_value=(b'HTTP/1.1', 200, b'OK', [(b'Server', b'nginx/1.18.0'), (b'Date', b'Mon, 23 Jun 2025 04:49:10 GMT'), (b'Content-Type', b'application/json'), (b'Content-Length', b'23'), (b'Connection', b'keep-alive'), (b'Strict-Transport-Security', b'max-age=31536000; includeSubDomains; preload'), (b'Access-Control-Allow-Origin', b'*'), (b'Access-Control-Allow-Methods', b'GET, POST, OPTIONS'), (b'Access-Control-Expose-Headers', b'Content-Length,Content-Type,Date,Server,Connection')])
2025-06-23 05:49:08,041 - httpx - INFO - HTTP Request: POST https://api.telegram.org/bot7707158318:AAE8rWa4Q8Z_3avql6K0HAmXaooZAReoNF0/getUpdates "HTTP/1.1 200 OK"
2025-06-23 05:49:08,042 - httpcore.http11 - DEBUG - receive_response_body.started request=<Request [b'POST']>
2025-06-23 05:49:08,042 - httpcore.http11 - DEBUG - receive_response_body.complete
2025-06-23 05:49:08,042 - httpcore.http11 - DEBUG - response_closed.started
2025-06-23 05:49:08,042 - httpcore.http11 - DEBUG - response_closed.complete
2025-06-23 05:49:08,042 - telegram.ext.ExtBot - DEBUG - No new updates found.
2025-06-23 05:49:08,042 - telegram.ext.ExtBot - DEBUG - ()
2025-06-23 05:49:08,042 - telegram.ext.ExtBot - DEBUG - Exiting: get_updates
2025-06-23 05:49:08,042 - telegram.ext.ExtBot - DEBUG - Entering: get_updates
2025-06-23 05:49:08,043 - httpcore.http11 - DEBUG - send_request_headers.started request=<Request [b'POST']>
2025-06-23 05:49:08,044 - httpcore.http11 - DEBUG - send_request_headers.complete
2025-06-23 05:49:08,044 - httpcore.http11 - DEBUG - send_request_body.started request=<Request [b'POST']>
2025-06-23 05:49:08,044 - httpcore.http11 - DEBUG - send_request_body.complete
2025-06-23 05:49:08,044 - httpcore.http11 - DEBUG - receive_response_headers.started request=<Request [b'POST']>
2025-06-23 05:49:18,274 - httpcore.http11 - DEBUG - receive_response_headers.complete return_value=(b'HTTP/1.1', 200, b'OK', [(b'Server', b'nginx/1.18.0'), (b'Date', b'Mon, 23 Jun 2025 04:49:20 GMT'), (b'Content-Type', b'application/json'), (b'Content-Length', b'23'), (b'Connection', b'keep-alive'), (b'Strict-Transport-Security', b'max-age=31536000; includeSubDomains; preload'), (b'Access-Control-Allow-Origin', b'*'), (b'Access-Control-Allow-Methods', b'GET, POST, OPTIONS'), (b'Access-Control-Expose-Headers', b'Content-Length,Content-Type,Date,Server,Connection')])
2025-06-23 05:49:18,274 - httpx - INFO - HTTP Request: POST https://api.telegram.org/bot7707158318:AAE8rWa4Q8Z_3avql6K0HAmXaooZAReoNF0/getUpdates "HTTP/1.1 200 OK"
2025-06-23 05:49:18,275 - httpcore.http11 - DEBUG - receive_response_body.started request=<Request [b'POST']>
2025-06-23 05:49:18,275 - httpcore.http11 - DEBUG - receive_response_body.complete
2025-06-23 05:49:18,275 - httpcore.http11 - DEBUG - response_closed.started
2025-06-23 05:49:18,275 - httpcore.http11 - DEBUG - response_closed.complete
2025-06-23 05:49:18,275 - telegram.ext.ExtBot - DEBUG - No new updates found.
2025-06-23 05:49:18,275 - telegram.ext.ExtBot - DEBUG - ()
2025-06-23 05:49:18,275 - telegram.ext.ExtBot - DEBUG - Exiting: get_updates
2025-06-23 05:49:18,275 - telegram.ext.ExtBot - DEBUG - Entering: get_updates
2025-06-23 05:49:18,277 - httpcore.http11 - DEBUG - send_request_headers.started request=<Request [b'POST']>
2025-06-23 05:49:18,278 - httpcore.http11 - DEBUG - send_request_headers.complete
2025-06-23 05:49:18,278 - httpcore.http11 - DEBUG - send_request_body.started request=<Request [b'POST']>
2025-06-23 05:49:18,278 - httpcore.http11 - DEBUG - send_request_body.complete
2025-06-23 05:49:18,278 - httpcore.http11 - DEBUG - receive_response_headers.started request=<Request [b'POST']>
2025-06-23 05:49:28,355 - httpcore.http11 - DEBUG - receive_response_headers.complete return_value=(b'HTTP/1.1', 200, b'OK', [(b'Server', b'nginx/1.18.0'), (b'Date', b'Mon, 23 Jun 2025 04:49:30 GMT'), (b'Content-Type', b'application/json'), (b'Content-Length', b'23'), (b'Connection', b'keep-alive'), (b'Strict-Transport-Security', b'max-age=31536000; includeSubDomains; preload'), (b'Access-Control-Allow-Origin', b'*'), (b'Access-Control-Allow-Methods', b'GET, POST, OPTIONS'), (b'Access-Control-Expose-Headers', b'Content-Length,Content-Type,Date,Server,Connection')])
2025-06-23 05:49:28,355 - httpx - INFO - HTTP Request: POST https://api.telegram.org/bot7707158318:AAE8rWa4Q8Z_3avql6K0HAmXaooZAReoNF0/getUpdates "HTTP/1.1 200 OK"
2025-06-23 05:49:28,356 - httpcore.http11 - DEBUG - receive_response_body.started request=<Request [b'POST']>
2025-06-23 05:49:28,357 - httpcore.http11 - DEBUG - receive_response_body.complete
2025-06-23 05:49:28,357 - httpcore.http11 - DEBUG - response_closed.started
2025-06-23 05:49:28,357 - httpcore.http11 - DEBUG - response_closed.complete
2025-06-23 05:49:28,358 - telegram.ext.ExtBot - DEBUG - No new updates found.
2025-06-23 05:49:28,358 - telegram.ext.ExtBot - DEBUG - ()
2025-06-23 05:49:28,358 - telegram.ext.ExtBot - DEBUG - Exiting: get_updates
2025-06-23 05:49:28,359 - telegram.ext.ExtBot - DEBUG - Entering: get_updates
2025-06-23 05:49:28,361 - httpcore.http11 - DEBUG - send_request_headers.started request=<Request [b'POST']>
2025-06-23 05:49:28,361 - httpcore.http11 - DEBUG - send_request_headers.complete
2025-06-23 05:49:28,361 - httpcore.http11 - DEBUG - send_request_body.started request=<Request [b'POST']>
2025-06-23 05:49:28,362 - httpcore.http11 - DEBUG - send_request_body.complete
2025-06-23 05:49:28,362 - httpcore.http11 - DEBUG - receive_response_headers.started request=<Request [b'POST']>
2025-06-23 05:49:38,600 - httpcore.http11 - DEBUG - receive_response_headers.complete return_value=(b'HTTP/1.1', 200, b'OK', [(b'Server', b'nginx/1.18.0'), (b'Date', b'Mon, 23 Jun 2025 04:49:40 GMT'), (b'Content-Type', b'application/json'), (b'Content-Length', b'23'), (b'Connection', b'keep-alive'), (b'Strict-Transport-Security', b'max-age=31536000; includeSubDomains; preload'), (b'Access-Control-Allow-Origin', b'*'), (b'Access-Control-Allow-Methods', b'GET, POST, OPTIONS'), (b'Access-Control-Expose-Headers', b'Content-Length,Content-Type,Date,Server,Connection')])
2025-06-23 05:49:38,600 - httpx - INFO - HTTP Request: POST https://api.telegram.org/bot7707158318:AAE8rWa4Q8Z_3avql6K0HAmXaooZAReoNF0/getUpdates "HTTP/1.1 200 OK"
2025-06-23 05:49:38,600 - httpcore.http11 - DEBUG - receive_response_body.started request=<Request [b'POST']>
2025-06-23 05:49:38,602 - httpcore.http11 - DEBUG - receive_response_body.complete
2025-06-23 05:49:38,602 - httpcore.http11 - DEBUG - response_closed.started
2025-06-23 05:49:38,602 - httpcore.http11 - DEBUG - response_closed.complete
2025-06-23 05:49:38,602 - telegram.ext.ExtBot - DEBUG - No new updates found.
2025-06-23 05:49:38,602 - telegram.ext.ExtBot - DEBUG - ()
2025-06-23 05:49:38,602 - telegram.ext.ExtBot - DEBUG - Exiting: get_updates
2025-06-23 05:49:38,602 - telegram.ext.ExtBot - DEBUG - Entering: get_updates
2025-06-23 05:49:38,603 - httpcore.http11 - DEBUG - send_request_headers.started request=<Request [b'POST']>
2025-06-23 05:49:38,604 - httpcore.http11 - DEBUG - send_request_headers.complete
2025-06-23 05:49:38,604 - httpcore.http11 - DEBUG - send_request_body.started request=<Request [b'POST']>
2025-06-23 05:49:38,604 - httpcore.http11 - DEBUG - send_request_body.complete
2025-06-23 05:49:38,604 - httpcore.http11 - DEBUG - receive_response_headers.started request=<Request [b'POST']>
2025-06-23 05:49:48,678 - httpcore.http11 - DEBUG - receive_response_headers.complete return_value=(b'HTTP/1.1', 200, b'OK', [(b'Server', b'nginx/1.18.0'), (b'Date', b'Mon, 23 Jun 2025 04:49:50 GMT'), (b'Content-Type', b'application/json'), (b'Content-Length', b'23'), (b'Connection', b'keep-alive'), (b'Strict-Transport-Security', b'max-age=31536000; includeSubDomains; preload'), (b'Access-Control-Allow-Origin', b'*'), (b'Access-Control-Allow-Methods', b'GET, POST, OPTIONS'), (b'Access-Control-Expose-Headers', b'Content-Length,Content-Type,Date,Server,Connection')])
2025-06-23 05:49:48,678 - httpx - INFO - HTTP Request: POST https://api.telegram.org/bot7707158318:AAE8rWa4Q8Z_3avql6K0HAmXaooZAReoNF0/getUpdates "HTTP/1.1 200 OK"
2025-06-23 05:49:48,681 - httpcore.http11 - DEBUG - receive_response_body.started request=<Request [b'POST']>
2025-06-23 05:49:48,681 - httpcore.http11 - DEBUG - receive_response_body.complete
2025-06-23 05:49:48,681 - httpcore.http11 - DEBUG - response_closed.started
2025-06-23 05:49:48,681 - httpcore.http11 - DEBUG - response_closed.complete
2025-06-23 05:49:48,681 - telegram.ext.ExtBot - DEBUG - No new updates found.
2025-06-23 05:49:48,681 - telegram.ext.ExtBot - DEBUG - ()
2025-06-23 05:49:48,681 - telegram.ext.ExtBot - DEBUG - Exiting: get_updates
2025-06-23 05:49:48,681 - telegram.ext.ExtBot - DEBUG - Entering: get_updates
2025-06-23 05:49:48,681 - httpcore.http11 - DEBUG - send_request_headers.started request=<Request [b'POST']>
2025-06-23 05:49:48,681 - httpcore.http11 - DEBUG - send_request_headers.complete
2025-06-23 05:49:48,686 - httpcore.http11 - DEBUG - send_request_body.started request=<Request [b'POST']>
2025-06-23 05:49:48,686 - httpcore.http11 - DEBUG - send_request_body.complete
2025-06-23 05:49:48,686 - httpcore.http11 - DEBUG - receive_response_headers.started request=<Request [b'POST']>
2025-06-23 05:49:58,913 - httpcore.http11 - DEBUG - receive_response_headers.complete return_value=(b'HTTP/1.1', 200, b'OK', [(b'Server', b'nginx/1.18.0'), (b'Date', b'Mon, 23 Jun 2025 04:50:01 GMT'), (b'Content-Type', b'application/json'), (b'Content-Length', b'23'), (b'Connection', b'keep-alive'), (b'Strict-Transport-Security', b'max-age=31536000; includeSubDomains; preload'), (b'Access-Control-Allow-Origin', b'*'), (b'Access-Control-Allow-Methods', b'GET, POST, OPTIONS'), (b'Access-Control-Expose-Headers', b'Content-Length,Content-Type,Date,Server,Connection')])
2025-06-23 05:49:58,916 - httpx - INFO - HTTP Request: POST https://api.telegram.org/bot7707158318:AAE8rWa4Q8Z_3avql6K0HAmXaooZAReoNF0/getUpdates "HTTP/1.1 200 OK"
2025-06-23 05:49:58,916 - httpcore.http11 - DEBUG - receive_response_body.started request=<Request [b'POST']>
2025-06-23 05:49:58,916 - httpcore.http11 - DEBUG - receive_response_body.complete
2025-06-23 05:49:58,916 - httpcore.http11 - DEBUG - response_closed.started
2025-06-23 05:49:58,916 - httpcore.http11 - DEBUG - response_closed.complete
2025-06-23 05:49:58,916 - telegram.ext.ExtBot - DEBUG - No new updates found.
2025-06-23 05:49:58,916 - telegram.ext.ExtBot - DEBUG - ()
2025-06-23 05:49:58,916 - telegram.ext.ExtBot - DEBUG - Exiting: get_updates
2025-06-23 05:49:58,916 - telegram.ext.ExtBot - DEBUG - Entering: get_updates
2025-06-23 05:49:58,919 - httpcore.http11 - DEBUG - send_request_headers.started request=<Request [b'POST']>
2025-06-23 05:49:58,919 - httpcore.http11 - DEBUG - send_request_headers.complete
2025-06-23 05:49:58,919 - httpcore.http11 - DEBUG - send_request_body.started request=<Request [b'POST']>
2025-06-23 05:49:58,921 - httpcore.http11 - DEBUG - send_request_body.complete
2025-06-23 05:49:58,921 - httpcore.http11 - DEBUG - receive_response_headers.started request=<Request [b'POST']>
2025-06-23 05:50:09,273 - httpcore.http11 - DEBUG - receive_response_headers.complete return_value=(b'HTTP/1.1', 200, b'OK', [(b'Server', b'nginx/1.18.0'), (b'Date', b'Mon, 23 Jun 2025 04:50:11 GMT'), (b'Content-Type', b'application/json'), (b'Content-Length', b'23'), (b'Connection', b'keep-alive'), (b'Strict-Transport-Security', b'max-age=31536000; includeSubDomains; preload'), (b'Access-Control-Allow-Origin', b'*'), (b'Access-Control-Allow-Methods', b'GET, POST, OPTIONS'), (b'Access-Control-Expose-Headers', b'Content-Length,Content-Type,Date,Server,Connection')])
2025-06-23 05:50:09,273 - httpx - INFO - HTTP Request: POST https://api.telegram.org/bot7707158318:AAE8rWa4Q8Z_3avql6K0HAmXaooZAReoNF0/getUpdates "HTTP/1.1 200 OK"
2025-06-23 05:50:09,273 - httpcore.http11 - DEBUG - receive_response_body.started request=<Request [b'POST']>
2025-06-23 05:50:09,273 - httpcore.http11 - DEBUG - receive_response_body.complete
2025-06-23 05:50:09,275 - httpcore.http11 - DEBUG - response_closed.started
2025-06-23 05:50:09,275 - httpcore.http11 - DEBUG - response_closed.complete
2025-06-23 05:50:09,275 - telegram.ext.ExtBot - DEBUG - No new updates found.
2025-06-23 05:50:09,275 - telegram.ext.ExtBot - DEBUG - ()
2025-06-23 05:50:09,275 - telegram.ext.ExtBot - DEBUG - Exiting: get_updates
2025-06-23 05:50:09,275 - telegram.ext.ExtBot - DEBUG - Entering: get_updates
2025-06-23 05:50:09,275 - httpcore.http11 - DEBUG - send_request_headers.started request=<Request [b'POST']>
2025-06-23 05:50:09,275 - httpcore.http11 - DEBUG - send_request_headers.complete
2025-06-23 05:50:09,275 - httpcore.http11 - DEBUG - send_request_body.started request=<Request [b'POST']>
2025-06-23 05:50:09,277 - httpcore.http11 - DEBUG - send_request_body.complete
2025-06-23 05:50:09,277 - httpcore.http11 - DEBUG - receive_response_headers.started request=<Request [b'POST']>
2025-06-23 05:50:19,361 - httpcore.http11 - DEBUG - receive_response_headers.complete return_value=(b'HTTP/1.1', 200, b'OK', [(b'Server', b'nginx/1.18.0'), (b'Date', b'Mon, 23 Jun 2025 04:50:21 GMT'), (b'Content-Type', b'application/json'), (b'Content-Length', b'23'), (b'Connection', b'keep-alive'), (b'Strict-Transport-Security', b'max-age=31536000; includeSubDomains; preload'), (b'Access-Control-Allow-Origin', b'*'), (b'Access-Control-Allow-Methods', b'GET, POST, OPTIONS'), (b'Access-Control-Expose-Headers', b'Content-Length,Content-Type,Date,Server,Connection')])
2025-06-23 05:50:19,361 - httpx - INFO - HTTP Request: POST https://api.telegram.org/bot7707158318:AAE8rWa4Q8Z_3avql6K0HAmXaooZAReoNF0/getUpdates "HTTP/1.1 200 OK"
2025-06-23 05:50:19,362 - httpcore.http11 - DEBUG - receive_response_body.started request=<Request [b'POST']>
2025-06-23 05:50:19,362 - httpcore.http11 - DEBUG - receive_response_body.complete
2025-06-23 05:50:19,362 - httpcore.http11 - DEBUG - response_closed.started
2025-06-23 05:50:19,362 - httpcore.http11 - DEBUG - response_closed.complete
2025-06-23 05:50:19,362 - telegram.ext.ExtBot - DEBUG - No new updates found.
2025-06-23 05:50:19,362 - telegram.ext.ExtBot - DEBUG - ()
2025-06-23 05:50:19,362 - telegram.ext.ExtBot - DEBUG - Exiting: get_updates
2025-06-23 05:50:19,362 - telegram.ext.ExtBot - DEBUG - Entering: get_updates
2025-06-23 05:50:19,362 - httpcore.http11 - DEBUG - send_request_headers.started request=<Request [b'POST']>
2025-06-23 05:50:19,365 - httpcore.http11 - DEBUG - send_request_headers.complete
2025-06-23 05:50:19,365 - httpcore.http11 - DEBUG - send_request_body.started request=<Request [b'POST']>
2025-06-23 05:50:19,365 - httpcore.http11 - DEBUG - send_request_body.complete
2025-06-23 05:50:19,365 - httpcore.http11 - DEBUG - receive_response_headers.started request=<Request [b'POST']>
2025-06-23 05:50:29,632 - httpcore.http11 - DEBUG - receive_response_headers.complete return_value=(b'HTTP/1.1', 200, b'OK', [(b'Server', b'nginx/1.18.0'), (b'Date', b'Mon, 23 Jun 2025 04:50:31 GMT'), (b'Content-Type', b'application/json'), (b'Content-Length', b'23'), (b'Connection', b'keep-alive'), (b'Strict-Transport-Security', b'max-age=31536000; includeSubDomains; preload'), (b'Access-Control-Allow-Origin', b'*'), (b'Access-Control-Allow-Methods', b'GET, POST, OPTIONS'), (b'Access-Control-Expose-Headers', b'Content-Length,Content-Type,Date,Server,Connection')])
2025-06-23 05:50:29,632 - httpx - INFO - HTTP Request: POST https://api.telegram.org/bot7707158318:AAE8rWa4Q8Z_3avql6K0HAmXaooZAReoNF0/getUpdates "HTTP/1.1 200 OK"
2025-06-23 05:50:29,632 - httpcore.http11 - DEBUG - receive_response_body.started request=<Request [b'POST']>
2025-06-23 05:50:29,632 - httpcore.http11 - DEBUG - receive_response_body.complete
2025-06-23 05:50:29,632 - httpcore.http11 - DEBUG - response_closed.started
2025-06-23 05:50:29,636 - httpcore.http11 - DEBUG - response_closed.complete
2025-06-23 05:50:29,636 - telegram.ext.ExtBot - DEBUG - No new updates found.
2025-06-23 05:50:29,636 - telegram.ext.ExtBot - DEBUG - ()
2025-06-23 05:50:29,636 - telegram.ext.ExtBot - DEBUG - Exiting: get_updates
2025-06-23 05:50:29,636 - telegram.ext.ExtBot - DEBUG - Entering: get_updates
2025-06-23 05:50:29,636 - httpcore.http11 - DEBUG - send_request_headers.started request=<Request [b'POST']>
2025-06-23 05:50:29,640 - httpcore.http11 - DEBUG - send_request_headers.complete
2025-06-23 05:50:29,640 - httpcore.http11 - DEBUG - send_request_body.started request=<Request [b'POST']>
2025-06-23 05:50:29,642 - httpcore.http11 - DEBUG - send_request_body.complete
2025-06-23 05:50:29,642 - httpcore.http11 - DEBUG - receive_response_headers.started request=<Request [b'POST']>
2025-06-23 05:50:39,873 - httpcore.http11 - DEBUG - receive_response_headers.complete return_value=(b'HTTP/1.1', 200, b'OK', [(b'Server', b'nginx/1.18.0'), (b'Date', b'Mon, 23 Jun 2025 04:50:42 GMT'), (b'Content-Type', b'application/json'), (b'Content-Length', b'23'), (b'Connection', b'keep-alive'), (b'Strict-Transport-Security', b'max-age=31536000; includeSubDomains; preload'), (b'Access-Control-Allow-Origin', b'*'), (b'Access-Control-Allow-Methods', b'GET, POST, OPTIONS'), (b'Access-Control-Expose-Headers', b'Content-Length,Content-Type,Date,Server,Connection')])
2025-06-23 05:50:39,875 - httpx - INFO - HTTP Request: POST https://api.telegram.org/bot7707158318:AAE8rWa4Q8Z_3avql6K0HAmXaooZAReoNF0/getUpdates "HTTP/1.1 200 OK"
2025-06-23 05:50:39,875 - httpcore.http11 - DEBUG - receive_response_body.started request=<Request [b'POST']>
2025-06-23 05:50:39,875 - httpcore.http11 - DEBUG - receive_response_body.complete
2025-06-23 05:50:39,875 - httpcore.http11 - DEBUG - response_closed.started
2025-06-23 05:50:39,875 - httpcore.http11 - DEBUG - response_closed.complete
2025-06-23 05:50:39,875 - telegram.ext.ExtBot - DEBUG - No new updates found.
2025-06-23 05:50:39,875 - telegram.ext.ExtBot - DEBUG - ()
2025-06-23 05:50:39,875 - telegram.ext.ExtBot - DEBUG - Exiting: get_updates
2025-06-23 05:50:39,875 - telegram.ext.ExtBot - DEBUG - Entering: get_updates
2025-06-23 05:50:39,878 - httpcore.http11 - DEBUG - send_request_headers.started request=<Request [b'POST']>
2025-06-23 05:50:39,878 - httpcore.http11 - DEBUG - send_request_headers.complete
2025-06-23 05:50:39,878 - httpcore.http11 - DEBUG - send_request_body.started request=<Request [b'POST']>
2025-06-23 05:50:39,878 - httpcore.http11 - DEBUG - send_request_body.complete
2025-06-23 05:50:39,878 - httpcore.http11 - DEBUG - receive_response_headers.started request=<Request [b'POST']>
2025-06-23 05:50:49,954 - httpcore.http11 - DEBUG - receive_response_headers.complete return_value=(b'HTTP/1.1', 200, b'OK', [(b'Server', b'nginx/1.18.0'), (b'Date', b'Mon, 23 Jun 2025 04:50:52 GMT'), (b'Content-Type', b'application/json'), (b'Content-Length', b'23'), (b'Connection', b'keep-alive'), (b'Strict-Transport-Security', b'max-age=31536000; includeSubDomains; preload'), (b'Access-Control-Allow-Origin', b'*'), (b'Access-Control-Allow-Methods', b'GET, POST, OPTIONS'), (b'Access-Control-Expose-Headers', b'Content-Length,Content-Type,Date,Server,Connection')])
2025-06-23 05:50:49,954 - httpx - INFO - HTTP Request: POST https://api.telegram.org/bot7707158318:AAE8rWa4Q8Z_3avql6K0HAmXaooZAReoNF0/getUpdates "HTTP/1.1 200 OK"
2025-06-23 05:50:49,954 - httpcore.http11 - DEBUG - receive_response_body.started request=<Request [b'POST']>
2025-06-23 05:50:49,954 - httpcore.http11 - DEBUG - receive_response_body.complete
2025-06-23 05:50:49,954 - httpcore.http11 - DEBUG - response_closed.started
2025-06-23 05:50:49,954 - httpcore.http11 - DEBUG - response_closed.complete
2025-06-23 05:50:49,958 - telegram.ext.ExtBot - DEBUG - No new updates found.
2025-06-23 05:50:49,958 - telegram.ext.ExtBot - DEBUG - ()
2025-06-23 05:50:49,958 - telegram.ext.ExtBot - DEBUG - Exiting: get_updates
2025-06-23 05:50:49,958 - telegram.ext.ExtBot - DEBUG - Entering: get_updates
2025-06-23 05:50:49,958 - httpcore.http11 - DEBUG - send_request_headers.started request=<Request [b'POST']>
2025-06-23 05:50:49,961 - httpcore.http11 - DEBUG - send_request_headers.complete
2025-06-23 05:50:49,961 - httpcore.http11 - DEBUG - send_request_body.started request=<Request [b'POST']>
2025-06-23 05:50:49,961 - httpcore.http11 - DEBUG - send_request_body.complete
2025-06-23 05:50:49,961 - httpcore.http11 - DEBUG - receive_response_headers.started request=<Request [b'POST']>
2025-06-23 05:51:00,037 - httpcore.http11 - DEBUG - receive_response_headers.complete return_value=(b'HTTP/1.1', 200, b'OK', [(b'Server', b'nginx/1.18.0'), (b'Date', b'Mon, 23 Jun 2025 04:51:02 GMT'), (b'Content-Type', b'application/json'), (b'Content-Length', b'23'), (b'Connection', b'keep-alive'), (b'Strict-Transport-Security', b'max-age=31536000; includeSubDomains; preload'), (b'Access-Control-Allow-Origin', b'*'), (b'Access-Control-Allow-Methods', b'GET, POST, OPTIONS'), (b'Access-Control-Expose-Headers', b'Content-Length,Content-Type,Date,Server,Connection')])
2025-06-23 05:51:00,037 - httpx - INFO - HTTP Request: POST https://api.telegram.org/bot7707158318:AAE8rWa4Q8Z_3avql6K0HAmXaooZAReoNF0/getUpdates "HTTP/1.1 200 OK"
2025-06-23 05:51:00,037 - httpcore.http11 - DEBUG - receive_response_body.started request=<Request [b'POST']>
2025-06-23 05:51:00,037 - httpcore.http11 - DEBUG - receive_response_body.complete
2025-06-23 05:51:00,037 - httpcore.http11 - DEBUG - response_closed.started
2025-06-23 05:51:00,037 - httpcore.http11 - DEBUG - response_closed.complete
2025-06-23 05:51:00,041 - telegram.ext.ExtBot - DEBUG - No new updates found.
2025-06-23 05:51:00,041 - telegram.ext.ExtBot - DEBUG - ()
2025-06-23 05:51:00,041 - telegram.ext.ExtBot - DEBUG - Exiting: get_updates
2025-06-23 05:51:00,042 - telegram.ext.ExtBot - DEBUG - Entering: get_updates
2025-06-23 05:51:00,043 - httpcore.http11 - DEBUG - send_request_headers.started request=<Request [b'POST']>
2025-06-23 05:51:00,043 - httpcore.http11 - DEBUG - send_request_headers.complete
2025-06-23 05:51:00,043 - httpcore.http11 - DEBUG - send_request_body.started request=<Request [b'POST']>
2025-06-23 05:51:00,043 - httpcore.http11 - DEBUG - send_request_body.complete
2025-06-23 05:51:00,043 - httpcore.http11 - DEBUG - receive_response_headers.started request=<Request [b'POST']>
2025-06-23 05:51:10,275 - httpcore.http11 - DEBUG - receive_response_headers.complete return_value=(b'HTTP/1.1', 200, b'OK', [(b'Server', b'nginx/1.18.0'), (b'Date', b'Mon, 23 Jun 2025 04:51:12 GMT'), (b'Content-Type', b'application/json'), (b'Content-Length', b'23'), (b'Connection', b'keep-alive'), (b'Strict-Transport-Security', b'max-age=31536000; includeSubDomains; preload'), (b'Access-Control-Allow-Origin', b'*'), (b'Access-Control-Allow-Methods', b'GET, POST, OPTIONS'), (b'Access-Control-Expose-Headers', b'Content-Length,Content-Type,Date,Server,Connection')])
2025-06-23 05:51:10,275 - httpx - INFO - HTTP Request: POST https://api.telegram.org/bot7707158318:AAE8rWa4Q8Z_3avql6K0HAmXaooZAReoNF0/getUpdates "HTTP/1.1 200 OK"
2025-06-23 05:51:10,276 - httpcore.http11 - DEBUG - receive_response_body.started request=<Request [b'POST']>
2025-06-23 05:51:10,276 - httpcore.http11 - DEBUG - receive_response_body.complete
2025-06-23 05:51:10,276 - httpcore.http11 - DEBUG - response_closed.started
2025-06-23 05:51:10,276 - httpcore.http11 - DEBUG - response_closed.complete
2025-06-23 05:51:10,276 - telegram.ext.ExtBot - DEBUG - No new updates found.
2025-06-23 05:51:10,276 - telegram.ext.ExtBot - DEBUG - ()
2025-06-23 05:51:10,276 - telegram.ext.ExtBot - DEBUG - Exiting: get_updates
2025-06-23 05:51:10,276 - telegram.ext.ExtBot - DEBUG - Entering: get_updates
2025-06-23 05:51:10,277 - httpcore.http11 - DEBUG - send_request_headers.started request=<Request [b'POST']>
2025-06-23 05:51:10,277 - httpcore.http11 - DEBUG - send_request_headers.complete
2025-06-23 05:51:10,277 - httpcore.http11 - DEBUG - send_request_body.started request=<Request [b'POST']>
2025-06-23 05:51:10,278 - httpcore.http11 - DEBUG - send_request_body.complete
2025-06-23 05:51:10,278 - httpcore.http11 - DEBUG - receive_response_headers.started request=<Request [b'POST']>
2025-06-23 05:51:20,516 - httpcore.http11 - DEBUG - receive_response_headers.complete return_value=(b'HTTP/1.1', 200, b'OK', [(b'Server', b'nginx/1.18.0'), (b'Date', b'Mon, 23 Jun 2025 04:51:22 GMT'), (b'Content-Type', b'application/json'), (b'Content-Length', b'23'), (b'Connection', b'keep-alive'), (b'Strict-Transport-Security', b'max-age=31536000; includeSubDomains; preload'), (b'Access-Control-Allow-Origin', b'*'), (b'Access-Control-Allow-Methods', b'GET, POST, OPTIONS'), (b'Access-Control-Expose-Headers', b'Content-Length,Content-Type,Date,Server,Connection')])
2025-06-23 05:51:20,516 - httpx - INFO - HTTP Request: POST https://api.telegram.org/bot7707158318:AAE8rWa4Q8Z_3avql6K0HAmXaooZAReoNF0/getUpdates "HTTP/1.1 200 OK"
2025-06-23 05:51:20,516 - httpcore.http11 - DEBUG - receive_response_body.started request=<Request [b'POST']>
2025-06-23 05:51:20,516 - httpcore.http11 - DEBUG - receive_response_body.complete
2025-06-23 05:51:20,516 - httpcore.http11 - DEBUG - response_closed.started
2025-06-23 05:51:20,516 - httpcore.http11 - DEBUG - response_closed.complete
2025-06-23 05:51:20,516 - telegram.ext.ExtBot - DEBUG - No new updates found.
2025-06-23 05:51:20,516 - telegram.ext.ExtBot - DEBUG - ()
2025-06-23 05:51:20,516 - telegram.ext.ExtBot - DEBUG - Exiting: get_updates
2025-06-23 05:51:20,516 - telegram.ext.ExtBot - DEBUG - Entering: get_updates
2025-06-23 05:51:20,519 - httpcore.http11 - DEBUG - send_request_headers.started request=<Request [b'POST']>
2025-06-23 05:51:20,519 - httpcore.http11 - DEBUG - send_request_headers.complete
2025-06-23 05:51:20,519 - httpcore.http11 - DEBUG - send_request_body.started request=<Request [b'POST']>
2025-06-23 05:51:20,519 - httpcore.http11 - DEBUG - send_request_body.complete
2025-06-23 05:51:20,519 - httpcore.http11 - DEBUG - receive_response_headers.started request=<Request [b'POST']>
2025-06-23 05:51:30,750 - httpcore.http11 - DEBUG - receive_response_headers.complete return_value=(b'HTTP/1.1', 200, b'OK', [(b'Server', b'nginx/1.18.0'), (b'Date', b'Mon, 23 Jun 2025 04:51:32 GMT'), (b'Content-Type', b'application/json'), (b'Content-Length', b'23'), (b'Connection', b'keep-alive'), (b'Strict-Transport-Security', b'max-age=31536000; includeSubDomains; preload'), (b'Access-Control-Allow-Origin', b'*'), (b'Access-Control-Allow-Methods', b'GET, POST, OPTIONS'), (b'Access-Control-Expose-Headers', b'Content-Length,Content-Type,Date,Server,Connection')])
2025-06-23 05:51:30,754 - httpx - INFO - HTTP Request: POST https://api.telegram.org/bot7707158318:AAE8rWa4Q8Z_3avql6K0HAmXaooZAReoNF0/getUpdates "HTTP/1.1 200 OK"
2025-06-23 05:51:30,754 - httpcore.http11 - DEBUG - receive_response_body.started request=<Request [b'POST']>
2025-06-23 05:51:30,754 - httpcore.http11 - DEBUG - receive_response_body.complete
2025-06-23 05:51:30,754 - httpcore.http11 - DEBUG - response_closed.started
2025-06-23 05:51:30,754 - httpcore.http11 - DEBUG - response_closed.complete
2025-06-23 05:51:30,754 - telegram.ext.ExtBot - DEBUG - No new updates found.
2025-06-23 05:51:30,754 - telegram.ext.ExtBot - DEBUG - ()
2025-06-23 05:51:30,754 - telegram.ext.ExtBot - DEBUG - Exiting: get_updates
2025-06-23 05:51:30,754 - telegram.ext.ExtBot - DEBUG - Entering: get_updates
2025-06-23 05:51:30,758 - httpcore.http11 - DEBUG - send_request_headers.started request=<Request [b'POST']>
2025-06-23 05:51:30,760 - httpcore.http11 - DEBUG - send_request_headers.complete
2025-06-23 05:51:30,760 - httpcore.http11 - DEBUG - send_request_body.started request=<Request [b'POST']>
2025-06-23 05:51:30,761 - httpcore.http11 - DEBUG - send_request_body.complete
2025-06-23 05:51:30,761 - httpcore.http11 - DEBUG - receive_response_headers.started request=<Request [b'POST']>
2025-06-23 05:51:40,836 - httpcore.http11 - DEBUG - receive_response_headers.complete return_value=(b'HTTP/1.1', 200, b'OK', [(b'Server', b'nginx/1.18.0'), (b'Date', b'Mon, 23 Jun 2025 04:51:43 GMT'), (b'Content-Type', b'application/json'), (b'Content-Length', b'23'), (b'Connection', b'keep-alive'), (b'Strict-Transport-Security', b'max-age=31536000; includeSubDomains; preload'), (b'Access-Control-Allow-Origin', b'*'), (b'Access-Control-Allow-Methods', b'GET, POST, OPTIONS'), (b'Access-Control-Expose-Headers', b'Content-Length,Content-Type,Date,Server,Connection')])
2025-06-23 05:51:40,836 - httpx - INFO - HTTP Request: POST https://api.telegram.org/bot7707158318:AAE8rWa4Q8Z_3avql6K0HAmXaooZAReoNF0/getUpdates "HTTP/1.1 200 OK"
2025-06-23 05:51:40,841 - httpcore.http11 - DEBUG - receive_response_body.started request=<Request [b'POST']>
2025-06-23 05:51:40,841 - httpcore.http11 - DEBUG - receive_response_body.complete
2025-06-23 05:51:40,841 - httpcore.http11 - DEBUG - response_closed.started
2025-06-23 05:51:40,841 - httpcore.http11 - DEBUG - response_closed.complete
2025-06-23 05:51:40,841 - telegram.ext.ExtBot - DEBUG - No new updates found.
2025-06-23 05:51:40,841 - telegram.ext.ExtBot - DEBUG - ()
2025-06-23 05:51:40,841 - telegram.ext.ExtBot - DEBUG - Exiting: get_updates
2025-06-23 05:51:40,841 - telegram.ext.ExtBot - DEBUG - Entering: get_updates
2025-06-23 05:51:40,843 - httpcore.http11 - DEBUG - send_request_headers.started request=<Request [b'POST']>
2025-06-23 05:51:40,843 - httpcore.http11 - DEBUG - send_request_headers.complete
2025-06-23 05:51:40,843 - httpcore.http11 - DEBUG - send_request_body.started request=<Request [b'POST']>
2025-06-23 05:51:40,845 - httpcore.http11 - DEBUG - send_request_body.complete
2025-06-23 05:51:40,845 - httpcore.http11 - DEBUG - receive_response_headers.started request=<Request [b'POST']>
2025-06-23 05:51:50,923 - httpcore.http11 - DEBUG - receive_response_headers.complete return_value=(b'HTTP/1.1', 200, b'OK', [(b'Server', b'nginx/1.18.0'), (b'Date', b'Mon, 23 Jun 2025 04:51:53 GMT'), (b'Content-Type', b'application/json'), (b'Content-Length', b'23'), (b'Connection', b'keep-alive'), (b'Strict-Transport-Security', b'max-age=31536000; includeSubDomains; preload'), (b'Access-Control-Allow-Origin', b'*'), (b'Access-Control-Allow-Methods', b'GET, POST, OPTIONS'), (b'Access-Control-Expose-Headers', b'Content-Length,Content-Type,Date,Server,Connection')])
2025-06-23 05:51:50,925 - httpx - INFO - HTTP Request: POST https://api.telegram.org/bot7707158318:AAE8rWa4Q8Z_3avql6K0HAmXaooZAReoNF0/getUpdates "HTTP/1.1 200 OK"
2025-06-23 05:51:50,925 - httpcore.http11 - DEBUG - receive_response_body.started request=<Request [b'POST']>
2025-06-23 05:51:50,925 - httpcore.http11 - DEBUG - receive_response_body.complete
2025-06-23 05:51:50,925 - httpcore.http11 - DEBUG - response_closed.started
2025-06-23 05:51:50,927 - httpcore.http11 - DEBUG - response_closed.complete
2025-06-23 05:51:50,927 - telegram.ext.ExtBot - DEBUG - No new updates found.
2025-06-23 05:51:50,927 - telegram.ext.ExtBot - DEBUG - ()
2025-06-23 05:51:50,927 - telegram.ext.ExtBot - DEBUG - Exiting: get_updates
2025-06-23 05:51:50,929 - telegram.ext.ExtBot - DEBUG - Entering: get_updates
2025-06-23 05:51:50,933 - httpcore.http11 - DEBUG - send_request_headers.started request=<Request [b'POST']>
2025-06-23 05:51:50,934 - httpcore.http11 - DEBUG - send_request_headers.complete
2025-06-23 05:51:50,934 - httpcore.http11 - DEBUG - send_request_body.started request=<Request [b'POST']>
2025-06-23 05:51:50,936 - httpcore.http11 - DEBUG - send_request_body.complete
2025-06-23 05:51:50,936 - httpcore.http11 - DEBUG - receive_response_headers.started request=<Request [b'POST']>
2025-06-23 05:52:01,154 - httpcore.http11 - DEBUG - receive_response_headers.complete return_value=(b'HTTP/1.1', 200, b'OK', [(b'Server', b'nginx/1.18.0'), (b'Date', b'Mon, 23 Jun 2025 04:52:03 GMT'), (b'Content-Type', b'application/json'), (b'Content-Length', b'23'), (b'Connection', b'keep-alive'), (b'Strict-Transport-Security', b'max-age=31536000; includeSubDomains; preload'), (b'Access-Control-Allow-Origin', b'*'), (b'Access-Control-Allow-Methods', b'GET, POST, OPTIONS'), (b'Access-Control-Expose-Headers', b'Content-Length,Content-Type,Date,Server,Connection')])
2025-06-23 05:52:01,154 - httpx - INFO - HTTP Request: POST https://api.telegram.org/bot7707158318:AAE8rWa4Q8Z_3avql6K0HAmXaooZAReoNF0/getUpdates "HTTP/1.1 200 OK"
2025-06-23 05:52:01,154 - httpcore.http11 - DEBUG - receive_response_body.started request=<Request [b'POST']>
2025-06-23 05:52:01,154 - httpcore.http11 - DEBUG - receive_response_body.complete
2025-06-23 05:52:01,154 - httpcore.http11 - DEBUG - response_closed.started
2025-06-23 05:52:01,154 - httpcore.http11 - DEBUG - response_closed.complete
2025-06-23 05:52:01,154 - telegram.ext.ExtBot - DEBUG - No new updates found.
2025-06-23 05:52:01,154 - telegram.ext.ExtBot - DEBUG - ()
2025-06-23 05:52:01,154 - telegram.ext.ExtBot - DEBUG - Exiting: get_updates
2025-06-23 05:52:01,154 - telegram.ext.ExtBot - DEBUG - Entering: get_updates
2025-06-23 05:52:01,154 - httpcore.http11 - DEBUG - send_request_headers.started request=<Request [b'POST']>
2025-06-23 05:52:01,154 - httpcore.http11 - DEBUG - send_request_headers.complete
2025-06-23 05:52:01,154 - httpcore.http11 - DEBUG - send_request_body.started request=<Request [b'POST']>
2025-06-23 05:52:01,154 - httpcore.http11 - DEBUG - send_request_body.complete
2025-06-23 05:52:01,154 - httpcore.http11 - DEBUG - receive_response_headers.started request=<Request [b'POST']>
2025-06-23 05:52:11,273 - httpcore.http11 - DEBUG - receive_response_headers.complete return_value=(b'HTTP/1.1', 200, b'OK', [(b'Server', b'nginx/1.18.0'), (b'Date', b'Mon, 23 Jun 2025 04:52:13 GMT'), (b'Content-Type', b'application/json'), (b'Content-Length', b'23'), (b'Connection', b'keep-alive'), (b'Strict-Transport-Security', b'max-age=31536000; includeSubDomains; preload'), (b'Access-Control-Allow-Origin', b'*'), (b'Access-Control-Allow-Methods', b'GET, POST, OPTIONS'), (b'Access-Control-Expose-Headers', b'Content-Length,Content-Type,Date,Server,Connection')])
2025-06-23 05:52:11,273 - httpx - INFO - HTTP Request: POST https://api.telegram.org/bot7707158318:AAE8rWa4Q8Z_3avql6K0HAmXaooZAReoNF0/getUpdates "HTTP/1.1 200 OK"
2025-06-23 05:52:11,275 - httpcore.http11 - DEBUG - receive_response_body.started request=<Request [b'POST']>
2025-06-23 05:52:11,275 - httpcore.http11 - DEBUG - receive_response_body.complete
2025-06-23 05:52:11,275 - httpcore.http11 - DEBUG - response_closed.started
2025-06-23 05:52:11,275 - httpcore.http11 - DEBUG - response_closed.complete
2025-06-23 05:52:11,275 - telegram.ext.ExtBot - DEBUG - No new updates found.
2025-06-23 05:52:11,275 - telegram.ext.ExtBot - DEBUG - ()
2025-06-23 05:52:11,277 - telegram.ext.ExtBot - DEBUG - Exiting: get_updates
2025-06-23 05:52:11,277 - telegram.ext.ExtBot - DEBUG - Entering: get_updates
2025-06-23 05:52:11,281 - httpcore.http11 - DEBUG - send_request_headers.started request=<Request [b'POST']>
2025-06-23 05:52:11,282 - httpcore.http11 - DEBUG - send_request_headers.complete
2025-06-23 05:52:11,283 - httpcore.http11 - DEBUG - send_request_body.started request=<Request [b'POST']>
2025-06-23 05:52:11,284 - httpcore.http11 - DEBUG - send_request_body.complete
2025-06-23 05:52:11,284 - httpcore.http11 - DEBUG - receive_response_headers.started request=<Request [b'POST']>
2025-06-23 05:52:21,370 - httpcore.http11 - DEBUG - receive_response_headers.complete return_value=(b'HTTP/1.1', 200, b'OK', [(b'Server', b'nginx/1.18.0'), (b'Date', b'Mon, 23 Jun 2025 04:52:23 GMT'), (b'Content-Type', b'application/json'), (b'Content-Length', b'23'), (b'Connection', b'keep-alive'), (b'Strict-Transport-Security', b'max-age=31536000; includeSubDomains; preload'), (b'Access-Control-Allow-Origin', b'*'), (b'Access-Control-Allow-Methods', b'GET, POST, OPTIONS'), (b'Access-Control-Expose-Headers', b'Content-Length,Content-Type,Date,Server,Connection')])
2025-06-23 05:52:21,372 - httpx - INFO - HTTP Request: POST https://api.telegram.org/bot7707158318:AAE8rWa4Q8Z_3avql6K0HAmXaooZAReoNF0/getUpdates "HTTP/1.1 200 OK"
2025-06-23 05:52:21,372 - httpcore.http11 - DEBUG - receive_response_body.started request=<Request [b'POST']>
2025-06-23 05:52:21,372 - httpcore.http11 - DEBUG - receive_response_body.complete
2025-06-23 05:52:21,372 - httpcore.http11 - DEBUG - response_closed.started
2025-06-23 05:52:21,372 - httpcore.http11 - DEBUG - response_closed.complete
2025-06-23 05:52:21,372 - telegram.ext.ExtBot - DEBUG - No new updates found.
2025-06-23 05:52:21,373 - telegram.ext.ExtBot - DEBUG - ()
2025-06-23 05:52:21,373 - telegram.ext.ExtBot - DEBUG - Exiting: get_updates
2025-06-23 05:52:21,373 - telegram.ext.ExtBot - DEBUG - Entering: get_updates
2025-06-23 05:52:21,373 - httpcore.http11 - DEBUG - send_request_headers.started request=<Request [b'POST']>
2025-06-23 05:52:21,373 - httpcore.http11 - DEBUG - send_request_headers.complete
2025-06-23 05:52:21,373 - httpcore.http11 - DEBUG - send_request_body.started request=<Request [b'POST']>
2025-06-23 05:52:21,373 - httpcore.http11 - DEBUG - send_request_body.complete
2025-06-23 05:52:21,373 - httpcore.http11 - DEBUG - receive_response_headers.started request=<Request [b'POST']>
2025-06-23 05:52:31,454 - httpcore.http11 - DEBUG - receive_response_headers.complete return_value=(b'HTTP/1.1', 200, b'OK', [(b'Server', b'nginx/1.18.0'), (b'Date', b'Mon, 23 Jun 2025 04:52:33 GMT'), (b'Content-Type', b'application/json'), (b'Content-Length', b'23'), (b'Connection', b'keep-alive'), (b'Strict-Transport-Security', b'max-age=31536000; includeSubDomains; preload'), (b'Access-Control-Allow-Origin', b'*'), (b'Access-Control-Allow-Methods', b'GET, POST, OPTIONS'), (b'Access-Control-Expose-Headers', b'Content-Length,Content-Type,Date,Server,Connection')])
2025-06-23 05:52:31,454 - httpx - INFO - HTTP Request: POST https://api.telegram.org/bot7707158318:AAE8rWa4Q8Z_3avql6K0HAmXaooZAReoNF0/getUpdates "HTTP/1.1 200 OK"
2025-06-23 05:52:31,458 - httpcore.http11 - DEBUG - receive_response_body.started request=<Request [b'POST']>
2025-06-23 05:52:31,458 - httpcore.http11 - DEBUG - receive_response_body.complete
2025-06-23 05:52:31,458 - httpcore.http11 - DEBUG - response_closed.started
2025-06-23 05:52:31,458 - httpcore.http11 - DEBUG - response_closed.complete
2025-06-23 05:52:31,458 - telegram.ext.ExtBot - DEBUG - No new updates found.
2025-06-23 05:52:31,458 - telegram.ext.ExtBot - DEBUG - ()
2025-06-23 05:52:31,458 - telegram.ext.ExtBot - DEBUG - Exiting: get_updates
2025-06-23 05:52:31,458 - telegram.ext.ExtBot - DEBUG - Entering: get_updates
2025-06-23 05:52:31,458 - httpcore.http11 - DEBUG - send_request_headers.started request=<Request [b'POST']>
2025-06-23 05:52:31,458 - httpcore.http11 - DEBUG - send_request_headers.complete
2025-06-23 05:52:31,458 - httpcore.http11 - DEBUG - send_request_body.started request=<Request [b'POST']>
2025-06-23 05:52:31,461 - httpcore.http11 - DEBUG - send_request_body.complete
2025-06-23 05:52:31,461 - httpcore.http11 - DEBUG - receive_response_headers.started request=<Request [b'POST']>
2025-06-23 05:52:41,704 - httpcore.http11 - DEBUG - receive_response_headers.complete return_value=(b'HTTP/1.1', 200, b'OK', [(b'Server', b'nginx/1.18.0'), (b'Date', b'Mon, 23 Jun 2025 04:52:43 GMT'), (b'Content-Type', b'application/json'), (b'Content-Length', b'23'), (b'Connection', b'keep-alive'), (b'Strict-Transport-Security', b'max-age=31536000; includeSubDomains; preload'), (b'Access-Control-Allow-Origin', b'*'), (b'Access-Control-Allow-Methods', b'GET, POST, OPTIONS'), (b'Access-Control-Expose-Headers', b'Content-Length,Content-Type,Date,Server,Connection')])
2025-06-23 05:52:41,704 - httpx - INFO - HTTP Request: POST https://api.telegram.org/bot7707158318:AAE8rWa4Q8Z_3avql6K0HAmXaooZAReoNF0/getUpdates "HTTP/1.1 200 OK"
2025-06-23 05:52:41,704 - httpcore.http11 - DEBUG - receive_response_body.started request=<Request [b'POST']>
2025-06-23 05:52:41,704 - httpcore.http11 - DEBUG - receive_response_body.complete
2025-06-23 05:52:41,704 - httpcore.http11 - DEBUG - response_closed.started
2025-06-23 05:52:41,704 - httpcore.http11 - DEBUG - response_closed.complete
2025-06-23 05:52:41,704 - telegram.ext.ExtBot - DEBUG - No new updates found.
2025-06-23 05:52:41,704 - telegram.ext.ExtBot - DEBUG - ()
2025-06-23 05:52:41,704 - telegram.ext.ExtBot - DEBUG - Exiting: get_updates
2025-06-23 05:52:41,704 - telegram.ext.ExtBot - DEBUG - Entering: get_updates
2025-06-23 05:52:41,708 - httpcore.http11 - DEBUG - send_request_headers.started request=<Request [b'POST']>
2025-06-23 05:52:41,708 - httpcore.http11 - DEBUG - send_request_headers.complete
2025-06-23 05:52:41,708 - httpcore.http11 - DEBUG - send_request_body.started request=<Request [b'POST']>
2025-06-23 05:52:41,708 - httpcore.http11 - DEBUG - send_request_body.complete
2025-06-23 05:52:41,708 - httpcore.http11 - DEBUG - receive_response_headers.started request=<Request [b'POST']>
2025-06-23 05:52:52,086 - httpcore.http11 - DEBUG - receive_response_headers.complete return_value=(b'HTTP/1.1', 200, b'OK', [(b'Server', b'nginx/1.18.0'), (b'Date', b'Mon, 23 Jun 2025 04:52:54 GMT'), (b'Content-Type', b'application/json'), (b'Content-Length', b'23'), (b'Connection', b'keep-alive'), (b'Strict-Transport-Security', b'max-age=31536000; includeSubDomains; preload'), (b'Access-Control-Allow-Origin', b'*'), (b'Access-Control-Allow-Methods', b'GET, POST, OPTIONS'), (b'Access-Control-Expose-Headers', b'Content-Length,Content-Type,Date,Server,Connection')])
2025-06-23 05:52:52,086 - httpx - INFO - HTTP Request: POST https://api.telegram.org/bot7707158318:AAE8rWa4Q8Z_3avql6K0HAmXaooZAReoNF0/getUpdates "HTTP/1.1 200 OK"
2025-06-23 05:52:52,086 - httpcore.http11 - DEBUG - receive_response_body.started request=<Request [b'POST']>
2025-06-23 05:52:52,086 - httpcore.http11 - DEBUG - receive_response_body.complete
2025-06-23 05:52:52,086 - httpcore.http11 - DEBUG - response_closed.started
2025-06-23 05:52:52,091 - httpcore.http11 - DEBUG - response_closed.complete
2025-06-23 05:52:52,092 - telegram.ext.ExtBot - DEBUG - No new updates found.
2025-06-23 05:52:52,092 - telegram.ext.ExtBot - DEBUG - ()
2025-06-23 05:52:52,092 - telegram.ext.ExtBot - DEBUG - Exiting: get_updates
2025-06-23 05:52:52,092 - telegram.ext.ExtBot - DEBUG - Entering: get_updates
2025-06-23 05:52:52,094 - httpcore.http11 - DEBUG - send_request_headers.started request=<Request [b'POST']>
2025-06-23 05:52:52,094 - httpcore.http11 - DEBUG - send_request_headers.complete
2025-06-23 05:52:52,094 - httpcore.http11 - DEBUG - send_request_body.started request=<Request [b'POST']>
2025-06-23 05:52:52,094 - httpcore.http11 - DEBUG - send_request_body.complete
2025-06-23 05:52:52,094 - httpcore.http11 - DEBUG - receive_response_headers.started request=<Request [b'POST']>
2025-06-23 05:53:02,177 - httpcore.http11 - DEBUG - receive_response_headers.complete return_value=(b'HTTP/1.1', 200, b'OK', [(b'Server', b'nginx/1.18.0'), (b'Date', b'Mon, 23 Jun 2025 04:53:04 GMT'), (b'Content-Type', b'application/json'), (b'Content-Length', b'23'), (b'Connection', b'keep-alive'), (b'Strict-Transport-Security', b'max-age=31536000; includeSubDomains; preload'), (b'Access-Control-Allow-Origin', b'*'), (b'Access-Control-Allow-Methods', b'GET, POST, OPTIONS'), (b'Access-Control-Expose-Headers', b'Content-Length,Content-Type,Date,Server,Connection')])
2025-06-23 05:53:02,177 - httpx - INFO - HTTP Request: POST https://api.telegram.org/bot7707158318:AAE8rWa4Q8Z_3avql6K0HAmXaooZAReoNF0/getUpdates "HTTP/1.1 200 OK"
2025-06-23 05:53:02,177 - httpcore.http11 - DEBUG - receive_response_body.started request=<Request [b'POST']>
2025-06-23 05:53:02,177 - httpcore.http11 - DEBUG - receive_response_body.complete
2025-06-23 05:53:02,177 - httpcore.http11 - DEBUG - response_closed.started
2025-06-23 05:53:02,177 - httpcore.http11 - DEBUG - response_closed.complete
2025-06-23 05:53:02,177 - telegram.ext.ExtBot - DEBUG - No new updates found.
2025-06-23 05:53:02,177 - telegram.ext.ExtBot - DEBUG - ()
2025-06-23 05:53:02,177 - telegram.ext.ExtBot - DEBUG - Exiting: get_updates
2025-06-23 05:53:02,177 - telegram.ext.ExtBot - DEBUG - Entering: get_updates
2025-06-23 05:53:02,177 - httpcore.http11 - DEBUG - send_request_headers.started request=<Request [b'POST']>
2025-06-23 05:53:02,181 - httpcore.http11 - DEBUG - send_request_headers.complete
2025-06-23 05:53:02,181 - httpcore.http11 - DEBUG - send_request_body.started request=<Request [b'POST']>
2025-06-23 05:53:02,181 - httpcore.http11 - DEBUG - send_request_body.complete
2025-06-23 05:53:02,181 - httpcore.http11 - DEBUG - receive_response_headers.started request=<Request [b'POST']>
2025-06-23 05:53:12,273 - httpcore.http11 - DEBUG - receive_response_headers.complete return_value=(b'HTTP/1.1', 200, b'OK', [(b'Server', b'nginx/1.18.0'), (b'Date', b'Mon, 23 Jun 2025 04:53:14 GMT'), (b'Content-Type', b'application/json'), (b'Content-Length', b'23'), (b'Connection', b'keep-alive'), (b'Strict-Transport-Security', b'max-age=31536000; includeSubDomains; preload'), (b'Access-Control-Allow-Origin', b'*'), (b'Access-Control-Allow-Methods', b'GET, POST, OPTIONS'), (b'Access-Control-Expose-Headers', b'Content-Length,Content-Type,Date,Server,Connection')])
2025-06-23 05:53:12,275 - httpx - INFO - HTTP Request: POST https://api.telegram.org/bot7707158318:AAE8rWa4Q8Z_3avql6K0HAmXaooZAReoNF0/getUpdates "HTTP/1.1 200 OK"
2025-06-23 05:53:12,275 - httpcore.http11 - DEBUG - receive_response_body.started request=<Request [b'POST']>
2025-06-23 05:53:12,275 - httpcore.http11 - DEBUG - receive_response_body.complete
2025-06-23 05:53:12,275 - httpcore.http11 - DEBUG - response_closed.started
2025-06-23 05:53:12,275 - httpcore.http11 - DEBUG - response_closed.complete
2025-06-23 05:53:12,275 - telegram.ext.ExtBot - DEBUG - No new updates found.
2025-06-23 05:53:12,275 - telegram.ext.ExtBot - DEBUG - ()
2025-06-23 05:53:12,275 - telegram.ext.ExtBot - DEBUG - Exiting: get_updates
2025-06-23 05:53:12,275 - telegram.ext.ExtBot - DEBUG - Entering: get_updates
2025-06-23 05:53:12,277 - httpcore.http11 - DEBUG - send_request_headers.started request=<Request [b'POST']>
2025-06-23 05:53:12,277 - httpcore.http11 - DEBUG - send_request_headers.complete
2025-06-23 05:53:12,277 - httpcore.http11 - DEBUG - send_request_body.started request=<Request [b'POST']>
2025-06-23 05:53:12,277 - httpcore.http11 - DEBUG - send_request_body.complete
2025-06-23 05:53:12,277 - httpcore.http11 - DEBUG - receive_response_headers.started request=<Request [b'POST']>
2025-06-23 05:53:22,436 - httpcore.http11 - DEBUG - receive_response_headers.complete return_value=(b'HTTP/1.1', 200, b'OK', [(b'Server', b'nginx/1.18.0'), (b'Date', b'Mon, 23 Jun 2025 04:53:24 GMT'), (b'Content-Type', b'application/json'), (b'Content-Length', b'23'), (b'Connection', b'keep-alive'), (b'Strict-Transport-Security', b'max-age=31536000; includeSubDomains; preload'), (b'Access-Control-Allow-Origin', b'*'), (b'Access-Control-Allow-Methods', b'GET, POST, OPTIONS'), (b'Access-Control-Expose-Headers', b'Content-Length,Content-Type,Date,Server,Connection')])
2025-06-23 05:53:22,436 - httpx - INFO - HTTP Request: POST https://api.telegram.org/bot7707158318:AAE8rWa4Q8Z_3avql6K0HAmXaooZAReoNF0/getUpdates "HTTP/1.1 200 OK"
2025-06-23 05:53:22,436 - httpcore.http11 - DEBUG - receive_response_body.started request=<Request [b'POST']>
2025-06-23 05:53:22,436 - httpcore.http11 - DEBUG - receive_response_body.complete
2025-06-23 05:53:22,436 - httpcore.http11 - DEBUG - response_closed.started
2025-06-23 05:53:22,436 - httpcore.http11 - DEBUG - response_closed.complete
2025-06-23 05:53:22,436 - telegram.ext.ExtBot - DEBUG - No new updates found.
2025-06-23 05:53:22,436 - telegram.ext.ExtBot - DEBUG - ()
2025-06-23 05:53:22,436 - telegram.ext.ExtBot - DEBUG - Exiting: get_updates
2025-06-23 05:53:22,436 - telegram.ext.ExtBot - DEBUG - Entering: get_updates
2025-06-23 05:53:22,444 - httpcore.http11 - DEBUG - send_request_headers.started request=<Request [b'POST']>
2025-06-23 05:53:22,444 - httpcore.http11 - DEBUG - send_request_headers.complete
2025-06-23 05:53:22,444 - httpcore.http11 - DEBUG - send_request_body.started request=<Request [b'POST']>
2025-06-23 05:53:22,444 - httpcore.http11 - DEBUG - send_request_body.complete
2025-06-23 05:53:22,444 - httpcore.http11 - DEBUG - receive_response_headers.started request=<Request [b'POST']>
2025-06-23 05:53:32,673 - httpcore.http11 - DEBUG - receive_response_headers.complete return_value=(b'HTTP/1.1', 200, b'OK', [(b'Server', b'nginx/1.18.0'), (b'Date', b'Mon, 23 Jun 2025 04:53:34 GMT'), (b'Content-Type', b'application/json'), (b'Content-Length', b'23'), (b'Connection', b'keep-alive'), (b'Strict-Transport-Security', b'max-age=31536000; includeSubDomains; preload'), (b'Access-Control-Allow-Origin', b'*'), (b'Access-Control-Allow-Methods', b'GET, POST, OPTIONS'), (b'Access-Control-Expose-Headers', b'Content-Length,Content-Type,Date,Server,Connection')])
2025-06-23 05:53:32,674 - httpx - INFO - HTTP Request: POST https://api.telegram.org/bot7707158318:AAE8rWa4Q8Z_3avql6K0HAmXaooZAReoNF0/getUpdates "HTTP/1.1 200 OK"
2025-06-23 05:53:32,675 - httpcore.http11 - DEBUG - receive_response_body.started request=<Request [b'POST']>
2025-06-23 05:53:32,677 - httpcore.http11 - DEBUG - receive_response_body.complete
2025-06-23 05:53:32,677 - httpcore.http11 - DEBUG - response_closed.started
2025-06-23 05:53:32,678 - httpcore.http11 - DEBUG - response_closed.complete
2025-06-23 05:53:32,679 - telegram.ext.ExtBot - DEBUG - No new updates found.
2025-06-23 05:53:32,679 - telegram.ext.ExtBot - DEBUG - ()
2025-06-23 05:53:32,679 - telegram.ext.ExtBot - DEBUG - Exiting: get_updates
2025-06-23 05:53:32,679 - telegram.ext.ExtBot - DEBUG - Entering: get_updates
2025-06-23 05:53:32,681 - httpcore.http11 - DEBUG - send_request_headers.started request=<Request [b'POST']>
2025-06-23 05:53:32,681 - httpcore.http11 - DEBUG - send_request_headers.complete
2025-06-23 05:53:32,681 - httpcore.http11 - DEBUG - send_request_body.started request=<Request [b'POST']>
2025-06-23 05:53:32,681 - httpcore.http11 - DEBUG - send_request_body.complete
2025-06-23 05:53:32,686 - httpcore.http11 - DEBUG - receive_response_headers.started request=<Request [b'POST']>
2025-06-23 05:53:42,894 - httpcore.http11 - DEBUG - receive_response_headers.complete return_value=(b'HTTP/1.1', 200, b'OK', [(b'Server', b'nginx/1.18.0'), (b'Date', b'Mon, 23 Jun 2025 04:53:45 GMT'), (b'Content-Type', b'application/json'), (b'Content-Length', b'23'), (b'Connection', b'keep-alive'), (b'Strict-Transport-Security', b'max-age=31536000; includeSubDomains; preload'), (b'Access-Control-Allow-Origin', b'*'), (b'Access-Control-Allow-Methods', b'GET, POST, OPTIONS'), (b'Access-Control-Expose-Headers', b'Content-Length,Content-Type,Date,Server,Connection')])
2025-06-23 05:53:42,894 - httpx - INFO - HTTP Request: POST https://api.telegram.org/bot7707158318:AAE8rWa4Q8Z_3avql6K0HAmXaooZAReoNF0/getUpdates "HTTP/1.1 200 OK"
2025-06-23 05:53:42,894 - httpcore.http11 - DEBUG - receive_response_body.started request=<Request [b'POST']>
2025-06-23 05:53:42,894 - httpcore.http11 - DEBUG - receive_response_body.complete
2025-06-23 05:53:42,894 - httpcore.http11 - DEBUG - response_closed.started
2025-06-23 05:53:42,894 - httpcore.http11 - DEBUG - response_closed.complete
2025-06-23 05:53:42,894 - telegram.ext.ExtBot - DEBUG - No new updates found.
2025-06-23 05:53:42,894 - telegram.ext.ExtBot - DEBUG - ()
2025-06-23 05:53:42,894 - telegram.ext.ExtBot - DEBUG - Exiting: get_updates
2025-06-23 05:53:42,894 - telegram.ext.ExtBot - DEBUG - Entering: get_updates
2025-06-23 05:53:42,900 - httpcore.http11 - DEBUG - send_request_headers.started request=<Request [b'POST']>
2025-06-23 05:53:42,900 - httpcore.http11 - DEBUG - send_request_headers.complete
2025-06-23 05:53:42,900 - httpcore.http11 - DEBUG - send_request_body.started request=<Request [b'POST']>
2025-06-23 05:53:42,900 - httpcore.http11 - DEBUG - send_request_body.complete
2025-06-23 05:53:42,900 - httpcore.http11 - DEBUG - receive_response_headers.started request=<Request [b'POST']>
2025-06-23 05:53:52,975 - httpcore.http11 - DEBUG - receive_response_headers.complete return_value=(b'HTTP/1.1', 200, b'OK', [(b'Server', b'nginx/1.18.0'), (b'Date', b'Mon, 23 Jun 2025 04:53:55 GMT'), (b'Content-Type', b'application/json'), (b'Content-Length', b'23'), (b'Connection', b'keep-alive'), (b'Strict-Transport-Security', b'max-age=31536000; includeSubDomains; preload'), (b'Access-Control-Allow-Origin', b'*'), (b'Access-Control-Allow-Methods', b'GET, POST, OPTIONS'), (b'Access-Control-Expose-Headers', b'Content-Length,Content-Type,Date,Server,Connection')])
2025-06-23 05:53:52,975 - httpx - INFO - HTTP Request: POST https://api.telegram.org/bot7707158318:AAE8rWa4Q8Z_3avql6K0HAmXaooZAReoNF0/getUpdates "HTTP/1.1 200 OK"
2025-06-23 05:53:52,975 - httpcore.http11 - DEBUG - receive_response_body.started request=<Request [b'POST']>
2025-06-23 05:53:52,975 - httpcore.http11 - DEBUG - receive_response_body.complete
2025-06-23 05:53:52,975 - httpcore.http11 - DEBUG - response_closed.started
2025-06-23 05:53:52,975 - httpcore.http11 - DEBUG - response_closed.complete
2025-06-23 05:53:52,977 - telegram.ext.ExtBot - DEBUG - No new updates found.
2025-06-23 05:53:52,977 - telegram.ext.ExtBot - DEBUG - ()
2025-06-23 05:53:52,977 - telegram.ext.ExtBot - DEBUG - Exiting: get_updates
2025-06-23 05:53:52,977 - telegram.ext.ExtBot - DEBUG - Entering: get_updates
2025-06-23 05:53:52,977 - httpcore.http11 - DEBUG - send_request_headers.started request=<Request [b'POST']>
2025-06-23 05:53:52,982 - httpcore.http11 - DEBUG - send_request_headers.complete
2025-06-23 05:53:52,982 - httpcore.http11 - DEBUG - send_request_body.started request=<Request [b'POST']>
2025-06-23 05:53:52,982 - httpcore.http11 - DEBUG - send_request_body.complete
2025-06-23 05:53:52,982 - httpcore.http11 - DEBUG - receive_response_headers.started request=<Request [b'POST']>
2025-06-23 05:54:03,078 - httpcore.http11 - DEBUG - receive_response_headers.complete return_value=(b'HTTP/1.1', 200, b'OK', [(b'Server', b'nginx/1.18.0'), (b'Date', b'Mon, 23 Jun 2025 04:54:05 GMT'), (b'Content-Type', b'application/json'), (b'Content-Length', b'23'), (b'Connection', b'keep-alive'), (b'Strict-Transport-Security', b'max-age=31536000; includeSubDomains; preload'), (b'Access-Control-Allow-Origin', b'*'), (b'Access-Control-Allow-Methods', b'GET, POST, OPTIONS'), (b'Access-Control-Expose-Headers', b'Content-Length,Content-Type,Date,Server,Connection')])
2025-06-23 05:54:03,081 - httpx - INFO - HTTP Request: POST https://api.telegram.org/bot7707158318:AAE8rWa4Q8Z_3avql6K0HAmXaooZAReoNF0/getUpdates "HTTP/1.1 200 OK"
2025-06-23 05:54:03,081 - httpcore.http11 - DEBUG - receive_response_body.started request=<Request [b'POST']>
2025-06-23 05:54:03,081 - httpcore.http11 - DEBUG - receive_response_body.complete
2025-06-23 05:54:03,081 - httpcore.http11 - DEBUG - response_closed.started
2025-06-23 05:54:03,081 - httpcore.http11 - DEBUG - response_closed.complete
2025-06-23 05:54:03,081 - telegram.ext.ExtBot - DEBUG - No new updates found.
2025-06-23 05:54:03,081 - telegram.ext.ExtBot - DEBUG - ()
2025-06-23 05:54:03,081 - telegram.ext.ExtBot - DEBUG - Exiting: get_updates
2025-06-23 05:54:03,081 - telegram.ext.ExtBot - DEBUG - Entering: get_updates
2025-06-23 05:54:03,081 - httpcore.http11 - DEBUG - send_request_headers.started request=<Request [b'POST']>
2025-06-23 05:54:03,086 - httpcore.http11 - DEBUG - send_request_headers.complete
2025-06-23 05:54:03,086 - httpcore.http11 - DEBUG - send_request_body.started request=<Request [b'POST']>
2025-06-23 05:54:03,086 - httpcore.http11 - DEBUG - send_request_body.complete
2025-06-23 05:54:03,086 - httpcore.http11 - DEBUG - receive_response_headers.started request=<Request [b'POST']>
2025-06-23 05:54:13,200 - httpcore.http11 - DEBUG - receive_response_headers.complete return_value=(b'HTTP/1.1', 200, b'OK', [(b'Server', b'nginx/1.18.0'), (b'Date', b'Mon, 23 Jun 2025 04:54:15 GMT'), (b'Content-Type', b'application/json'), (b'Content-Length', b'23'), (b'Connection', b'keep-alive'), (b'Strict-Transport-Security', b'max-age=31536000; includeSubDomains; preload'), (b'Access-Control-Allow-Origin', b'*'), (b'Access-Control-Allow-Methods', b'GET, POST, OPTIONS'), (b'Access-Control-Expose-Headers', b'Content-Length,Content-Type,Date,Server,Connection')])
2025-06-23 05:54:13,200 - httpx - INFO - HTTP Request: POST https://api.telegram.org/bot7707158318:AAE8rWa4Q8Z_3avql6K0HAmXaooZAReoNF0/getUpdates "HTTP/1.1 200 OK"
2025-06-23 05:54:13,200 - httpcore.http11 - DEBUG - receive_response_body.started request=<Request [b'POST']>
2025-06-23 05:54:13,200 - httpcore.http11 - DEBUG - receive_response_body.complete
2025-06-23 05:54:13,200 - httpcore.http11 - DEBUG - response_closed.started
2025-06-23 05:54:13,200 - httpcore.http11 - DEBUG - response_closed.complete
2025-06-23 05:54:13,204 - telegram.ext.ExtBot - DEBUG - No new updates found.
2025-06-23 05:54:13,204 - telegram.ext.ExtBot - DEBUG - ()
2025-06-23 05:54:13,204 - telegram.ext.ExtBot - DEBUG - Exiting: get_updates
2025-06-23 05:54:13,204 - telegram.ext.ExtBot - DEBUG - Entering: get_updates
2025-06-23 05:54:13,204 - httpcore.http11 - DEBUG - send_request_headers.started request=<Request [b'POST']>
2025-06-23 05:54:13,204 - httpcore.http11 - DEBUG - send_request_headers.complete
2025-06-23 05:54:13,204 - httpcore.http11 - DEBUG - send_request_body.started request=<Request [b'POST']>
2025-06-23 05:54:13,204 - httpcore.http11 - DEBUG - send_request_body.complete
2025-06-23 05:54:13,204 - httpcore.http11 - DEBUG - receive_response_headers.started request=<Request [b'POST']>
2025-06-23 05:54:23,553 - httpcore.http11 - DEBUG - receive_response_headers.complete return_value=(b'HTTP/1.1', 200, b'OK', [(b'Server', b'nginx/1.18.0'), (b'Date', b'Mon, 23 Jun 2025 04:54:25 GMT'), (b'Content-Type', b'application/json'), (b'Content-Length', b'23'), (b'Connection', b'keep-alive'), (b'Strict-Transport-Security', b'max-age=31536000; includeSubDomains; preload'), (b'Access-Control-Allow-Origin', b'*'), (b'Access-Control-Allow-Methods', b'GET, POST, OPTIONS'), (b'Access-Control-Expose-Headers', b'Content-Length,Content-Type,Date,Server,Connection')])
2025-06-23 05:54:23,554 - httpx - INFO - HTTP Request: POST https://api.telegram.org/bot7707158318:AAE8rWa4Q8Z_3avql6K0HAmXaooZAReoNF0/getUpdates "HTTP/1.1 200 OK"
2025-06-23 05:54:23,554 - httpcore.http11 - DEBUG - receive_response_body.started request=<Request [b'POST']>
2025-06-23 05:54:23,554 - httpcore.http11 - DEBUG - receive_response_body.complete
2025-06-23 05:54:23,554 - httpcore.http11 - DEBUG - response_closed.started
2025-06-23 05:54:23,554 - httpcore.http11 - DEBUG - response_closed.complete
2025-06-23 05:54:23,554 - telegram.ext.ExtBot - DEBUG - No new updates found.
2025-06-23 05:54:23,554 - telegram.ext.ExtBot - DEBUG - ()
2025-06-23 05:54:23,554 - telegram.ext.ExtBot - DEBUG - Exiting: get_updates
2025-06-23 05:54:23,554 - telegram.ext.ExtBot - DEBUG - Entering: get_updates
2025-06-23 05:54:23,554 - httpcore.http11 - DEBUG - send_request_headers.started request=<Request [b'POST']>
2025-06-23 05:54:23,558 - httpcore.http11 - DEBUG - send_request_headers.complete
2025-06-23 05:54:23,558 - httpcore.http11 - DEBUG - send_request_body.started request=<Request [b'POST']>
2025-06-23 05:54:23,558 - httpcore.http11 - DEBUG - send_request_body.complete
2025-06-23 05:54:23,558 - httpcore.http11 - DEBUG - receive_response_headers.started request=<Request [b'POST']>
2025-06-23 05:54:33,671 - httpcore.http11 - DEBUG - receive_response_headers.complete return_value=(b'HTTP/1.1', 200, b'OK', [(b'Server', b'nginx/1.18.0'), (b'Date', b'Mon, 23 Jun 2025 04:54:35 GMT'), (b'Content-Type', b'application/json'), (b'Content-Length', b'23'), (b'Connection', b'keep-alive'), (b'Strict-Transport-Security', b'max-age=31536000; includeSubDomains; preload'), (b'Access-Control-Allow-Origin', b'*'), (b'Access-Control-Allow-Methods', b'GET, POST, OPTIONS'), (b'Access-Control-Expose-Headers', b'Content-Length,Content-Type,Date,Server,Connection')])
2025-06-23 05:54:33,672 - httpx - INFO - HTTP Request: POST https://api.telegram.org/bot7707158318:AAE8rWa4Q8Z_3avql6K0HAmXaooZAReoNF0/getUpdates "HTTP/1.1 200 OK"
2025-06-23 05:54:33,673 - httpcore.http11 - DEBUG - receive_response_body.started request=<Request [b'POST']>
2025-06-23 05:54:33,673 - httpcore.http11 - DEBUG - receive_response_body.complete
2025-06-23 05:54:33,673 - httpcore.http11 - DEBUG - response_closed.started
2025-06-23 05:54:33,673 - httpcore.http11 - DEBUG - response_closed.complete
2025-06-23 05:54:33,673 - telegram.ext.ExtBot - DEBUG - No new updates found.
2025-06-23 05:54:33,673 - telegram.ext.ExtBot - DEBUG - ()
2025-06-23 05:54:33,673 - telegram.ext.ExtBot - DEBUG - Exiting: get_updates
2025-06-23 05:54:33,673 - telegram.ext.ExtBot - DEBUG - Entering: get_updates
2025-06-23 05:54:33,673 - httpcore.http11 - DEBUG - send_request_headers.started request=<Request [b'POST']>
2025-06-23 05:54:33,675 - httpcore.http11 - DEBUG - send_request_headers.complete
2025-06-23 05:54:33,675 - httpcore.http11 - DEBUG - send_request_body.started request=<Request [b'POST']>
2025-06-23 05:54:33,675 - httpcore.http11 - DEBUG - send_request_body.complete
2025-06-23 05:54:33,677 - httpcore.http11 - DEBUG - receive_response_headers.started request=<Request [b'POST']>
2025-06-23 05:54:43,752 - httpcore.http11 - DEBUG - receive_response_headers.complete return_value=(b'HTTP/1.1', 200, b'OK', [(b'Server', b'nginx/1.18.0'), (b'Date', b'Mon, 23 Jun 2025 04:54:46 GMT'), (b'Content-Type', b'application/json'), (b'Content-Length', b'23'), (b'Connection', b'keep-alive'), (b'Strict-Transport-Security', b'max-age=31536000; includeSubDomains; preload'), (b'Access-Control-Allow-Origin', b'*'), (b'Access-Control-Allow-Methods', b'GET, POST, OPTIONS'), (b'Access-Control-Expose-Headers', b'Content-Length,Content-Type,Date,Server,Connection')])
2025-06-23 05:54:43,752 - httpx - INFO - HTTP Request: POST https://api.telegram.org/bot7707158318:AAE8rWa4Q8Z_3avql6K0HAmXaooZAReoNF0/getUpdates "HTTP/1.1 200 OK"
2025-06-23 05:54:43,754 - httpcore.http11 - DEBUG - receive_response_body.started request=<Request [b'POST']>
2025-06-23 05:54:43,754 - httpcore.http11 - DEBUG - receive_response_body.complete
2025-06-23 05:54:43,754 - httpcore.http11 - DEBUG - response_closed.started
2025-06-23 05:54:43,754 - httpcore.http11 - DEBUG - response_closed.complete
2025-06-23 05:54:43,754 - telegram.ext.ExtBot - DEBUG - No new updates found.
2025-06-23 05:54:43,754 - telegram.ext.ExtBot - DEBUG - ()
2025-06-23 05:54:43,754 - telegram.ext.ExtBot - DEBUG - Exiting: get_updates
2025-06-23 05:54:43,754 - telegram.ext.ExtBot - DEBUG - Entering: get_updates
2025-06-23 05:54:43,756 - httpcore.http11 - DEBUG - send_request_headers.started request=<Request [b'POST']>
2025-06-23 05:54:43,757 - httpcore.http11 - DEBUG - send_request_headers.complete
2025-06-23 05:54:43,757 - httpcore.http11 - DEBUG - send_request_body.started request=<Request [b'POST']>
2025-06-23 05:54:43,758 - httpcore.http11 - DEBUG - send_request_body.complete
2025-06-23 05:54:43,758 - httpcore.http11 - DEBUG - receive_response_headers.started request=<Request [b'POST']>
2025-06-23 05:54:53,950 - httpcore.http11 - DEBUG - receive_response_headers.complete return_value=(b'HTTP/1.1', 200, b'OK', [(b'Server', b'nginx/1.18.0'), (b'Date', b'Mon, 23 Jun 2025 04:54:56 GMT'), (b'Content-Type', b'application/json'), (b'Content-Length', b'23'), (b'Connection', b'keep-alive'), (b'Strict-Transport-Security', b'max-age=31536000; includeSubDomains; preload'), (b'Access-Control-Allow-Origin', b'*'), (b'Access-Control-Allow-Methods', b'GET, POST, OPTIONS'), (b'Access-Control-Expose-Headers', b'Content-Length,Content-Type,Date,Server,Connection')])
2025-06-23 05:54:53,950 - httpx - INFO - HTTP Request: POST https://api.telegram.org/bot7707158318:AAE8rWa4Q8Z_3avql6K0HAmXaooZAReoNF0/getUpdates "HTTP/1.1 200 OK"
2025-06-23 05:54:53,952 - httpcore.http11 - DEBUG - receive_response_body.started request=<Request [b'POST']>
2025-06-23 05:54:53,952 - httpcore.http11 - DEBUG - receive_response_body.complete
2025-06-23 05:54:53,952 - httpcore.http11 - DEBUG - response_closed.started
2025-06-23 05:54:53,952 - httpcore.http11 - DEBUG - response_closed.complete
2025-06-23 05:54:53,952 - telegram.ext.ExtBot - DEBUG - No new updates found.
2025-06-23 05:54:53,952 - telegram.ext.ExtBot - DEBUG - ()
2025-06-23 05:54:53,952 - telegram.ext.ExtBot - DEBUG - Exiting: get_updates
2025-06-23 05:54:53,952 - telegram.ext.ExtBot - DEBUG - Entering: get_updates
2025-06-23 05:54:53,954 - httpcore.http11 - DEBUG - send_request_headers.started request=<Request [b'POST']>
2025-06-23 05:54:53,954 - httpcore.http11 - DEBUG - send_request_headers.complete
2025-06-23 05:54:53,954 - httpcore.http11 - DEBUG - send_request_body.started request=<Request [b'POST']>
2025-06-23 05:54:53,954 - httpcore.http11 - DEBUG - send_request_body.complete
2025-06-23 05:54:53,954 - httpcore.http11 - DEBUG - receive_response_headers.started request=<Request [b'POST']>
2025-06-23 05:55:04,312 - httpcore.http11 - DEBUG - receive_response_headers.complete return_value=(b'HTTP/1.1', 200, b'OK', [(b'Server', b'nginx/1.18.0'), (b'Date', b'Mon, 23 Jun 2025 04:55:06 GMT'), (b'Content-Type', b'application/json'), (b'Content-Length', b'23'), (b'Connection', b'keep-alive'), (b'Strict-Transport-Security', b'max-age=31536000; includeSubDomains; preload'), (b'Access-Control-Allow-Origin', b'*'), (b'Access-Control-Allow-Methods', b'GET, POST, OPTIONS'), (b'Access-Control-Expose-Headers', b'Content-Length,Content-Type,Date,Server,Connection')])
2025-06-23 05:55:04,312 - httpx - INFO - HTTP Request: POST https://api.telegram.org/bot7707158318:AAE8rWa4Q8Z_3avql6K0HAmXaooZAReoNF0/getUpdates "HTTP/1.1 200 OK"
2025-06-23 05:55:04,315 - httpcore.http11 - DEBUG - receive_response_body.started request=<Request [b'POST']>
2025-06-23 05:55:04,315 - httpcore.http11 - DEBUG - receive_response_body.complete
2025-06-23 05:55:04,315 - httpcore.http11 - DEBUG - response_closed.started
2025-06-23 05:55:04,315 - httpcore.http11 - DEBUG - response_closed.complete
2025-06-23 05:55:04,315 - telegram.ext.ExtBot - DEBUG - No new updates found.
2025-06-23 05:55:04,315 - telegram.ext.ExtBot - DEBUG - ()
2025-06-23 05:55:04,315 - telegram.ext.ExtBot - DEBUG - Exiting: get_updates
2025-06-23 05:55:04,315 - telegram.ext.ExtBot - DEBUG - Entering: get_updates
2025-06-23 05:55:04,315 - httpcore.http11 - DEBUG - send_request_headers.started request=<Request [b'POST']>
2025-06-23 05:55:04,315 - httpcore.http11 - DEBUG - send_request_headers.complete
2025-06-23 05:55:04,315 - httpcore.http11 - DEBUG - send_request_body.started request=<Request [b'POST']>
2025-06-23 05:55:04,317 - httpcore.http11 - DEBUG - send_request_body.complete
2025-06-23 05:55:04,317 - httpcore.http11 - DEBUG - receive_response_headers.started request=<Request [b'POST']>
2025-06-23 05:55:14,550 - httpcore.http11 - DEBUG - receive_response_headers.complete return_value=(b'HTTP/1.1', 200, b'OK', [(b'Server', b'nginx/1.18.0'), (b'Date', b'Mon, 23 Jun 2025 04:55:16 GMT'), (b'Content-Type', b'application/json'), (b'Content-Length', b'23'), (b'Connection', b'keep-alive'), (b'Strict-Transport-Security', b'max-age=31536000; includeSubDomains; preload'), (b'Access-Control-Allow-Origin', b'*'), (b'Access-Control-Allow-Methods', b'GET, POST, OPTIONS'), (b'Access-Control-Expose-Headers', b'Content-Length,Content-Type,Date,Server,Connection')])
2025-06-23 05:55:14,554 - httpx - INFO - HTTP Request: POST https://api.telegram.org/bot7707158318:AAE8rWa4Q8Z_3avql6K0HAmXaooZAReoNF0/getUpdates "HTTP/1.1 200 OK"
2025-06-23 05:55:14,554 - httpcore.http11 - DEBUG - receive_response_body.started request=<Request [b'POST']>
2025-06-23 05:55:14,554 - httpcore.http11 - DEBUG - receive_response_body.complete
2025-06-23 05:55:14,554 - httpcore.http11 - DEBUG - response_closed.started
2025-06-23 05:55:14,554 - httpcore.http11 - DEBUG - response_closed.complete
2025-06-23 05:55:14,554 - telegram.ext.ExtBot - DEBUG - No new updates found.
2025-06-23 05:55:14,554 - telegram.ext.ExtBot - DEBUG - ()
2025-06-23 05:55:14,554 - telegram.ext.ExtBot - DEBUG - Exiting: get_updates
2025-06-23 05:55:14,554 - telegram.ext.ExtBot - DEBUG - Entering: get_updates
2025-06-23 05:55:14,557 - httpcore.http11 - DEBUG - send_request_headers.started request=<Request [b'POST']>
2025-06-23 05:55:14,557 - httpcore.http11 - DEBUG - send_request_headers.complete
2025-06-23 05:55:14,557 - httpcore.http11 - DEBUG - send_request_body.started request=<Request [b'POST']>
2025-06-23 05:55:14,558 - httpcore.http11 - DEBUG - send_request_body.complete
2025-06-23 05:55:14,558 - httpcore.http11 - DEBUG - receive_response_headers.started request=<Request [b'POST']>
2025-06-23 05:55:24,793 - httpcore.http11 - DEBUG - receive_response_headers.complete return_value=(b'HTTP/1.1', 200, b'OK', [(b'Server', b'nginx/1.18.0'), (b'Date', b'Mon, 23 Jun 2025 04:55:26 GMT'), (b'Content-Type', b'application/json'), (b'Content-Length', b'23'), (b'Connection', b'keep-alive'), (b'Strict-Transport-Security', b'max-age=31536000; includeSubDomains; preload'), (b'Access-Control-Allow-Origin', b'*'), (b'Access-Control-Allow-Methods', b'GET, POST, OPTIONS'), (b'Access-Control-Expose-Headers', b'Content-Length,Content-Type,Date,Server,Connection')])
2025-06-23 05:55:24,793 - httpx - INFO - HTTP Request: POST https://api.telegram.org/bot7707158318:AAE8rWa4Q8Z_3avql6K0HAmXaooZAReoNF0/getUpdates "HTTP/1.1 200 OK"
2025-06-23 05:55:24,793 - httpcore.http11 - DEBUG - receive_response_body.started request=<Request [b'POST']>
2025-06-23 05:55:24,793 - httpcore.http11 - DEBUG - receive_response_body.complete
2025-06-23 05:55:24,793 - httpcore.http11 - DEBUG - response_closed.started
2025-06-23 05:55:24,793 - httpcore.http11 - DEBUG - response_closed.complete
2025-06-23 05:55:24,793 - telegram.ext.ExtBot - DEBUG - No new updates found.
2025-06-23 05:55:24,793 - telegram.ext.ExtBot - DEBUG - ()
2025-06-23 05:55:24,793 - telegram.ext.ExtBot - DEBUG - Exiting: get_updates
2025-06-23 05:55:24,793 - telegram.ext.ExtBot - DEBUG - Entering: get_updates
2025-06-23 05:55:24,795 - httpcore.http11 - DEBUG - send_request_headers.started request=<Request [b'POST']>
2025-06-23 05:55:24,795 - httpcore.http11 - DEBUG - send_request_headers.complete
2025-06-23 05:55:24,795 - httpcore.http11 - DEBUG - send_request_body.started request=<Request [b'POST']>
2025-06-23 05:55:24,795 - httpcore.http11 - DEBUG - send_request_body.complete
2025-06-23 05:55:24,795 - httpcore.http11 - DEBUG - receive_response_headers.started request=<Request [b'POST']>
2025-06-23 05:55:34,902 - httpcore.http11 - DEBUG - receive_response_headers.complete return_value=(b'HTTP/1.1', 200, b'OK', [(b'Server', b'nginx/1.18.0'), (b'Date', b'Mon, 23 Jun 2025 04:55:37 GMT'), (b'Content-Type', b'application/json'), (b'Content-Length', b'23'), (b'Connection', b'keep-alive'), (b'Strict-Transport-Security', b'max-age=31536000; includeSubDomains; preload'), (b'Access-Control-Allow-Origin', b'*'), (b'Access-Control-Allow-Methods', b'GET, POST, OPTIONS'), (b'Access-Control-Expose-Headers', b'Content-Length,Content-Type,Date,Server,Connection')])
2025-06-23 05:55:34,905 - httpx - INFO - HTTP Request: POST https://api.telegram.org/bot7707158318:AAE8rWa4Q8Z_3avql6K0HAmXaooZAReoNF0/getUpdates "HTTP/1.1 200 OK"
2025-06-23 05:55:34,905 - httpcore.http11 - DEBUG - receive_response_body.started request=<Request [b'POST']>
2025-06-23 05:55:34,905 - httpcore.http11 - DEBUG - receive_response_body.complete
2025-06-23 05:55:34,905 - httpcore.http11 - DEBUG - response_closed.started
2025-06-23 05:55:34,905 - httpcore.http11 - DEBUG - response_closed.complete
2025-06-23 05:55:34,905 - telegram.ext.ExtBot - DEBUG - No new updates found.
2025-06-23 05:55:34,905 - telegram.ext.ExtBot - DEBUG - ()
2025-06-23 05:55:34,905 - telegram.ext.ExtBot - DEBUG - Exiting: get_updates
2025-06-23 05:55:34,905 - telegram.ext.ExtBot - DEBUG - Entering: get_updates
2025-06-23 05:55:34,908 - httpcore.http11 - DEBUG - send_request_headers.started request=<Request [b'POST']>
2025-06-23 05:55:34,908 - httpcore.http11 - DEBUG - send_request_headers.complete
2025-06-23 05:55:34,908 - httpcore.http11 - DEBUG - send_request_body.started request=<Request [b'POST']>
2025-06-23 05:55:34,908 - httpcore.http11 - DEBUG - send_request_body.complete
2025-06-23 05:55:34,908 - httpcore.http11 - DEBUG - receive_response_headers.started request=<Request [b'POST']>
2025-06-23 05:55:44,982 - httpcore.http11 - DEBUG - receive_response_headers.complete return_value=(b'HTTP/1.1', 200, b'OK', [(b'Server', b'nginx/1.18.0'), (b'Date', b'Mon, 23 Jun 2025 04:55:47 GMT'), (b'Content-Type', b'application/json'), (b'Content-Length', b'23'), (b'Connection', b'keep-alive'), (b'Strict-Transport-Security', b'max-age=31536000; includeSubDomains; preload'), (b'Access-Control-Allow-Origin', b'*'), (b'Access-Control-Allow-Methods', b'GET, POST, OPTIONS'), (b'Access-Control-Expose-Headers', b'Content-Length,Content-Type,Date,Server,Connection')])
2025-06-23 05:55:44,982 - httpx - INFO - HTTP Request: POST https://api.telegram.org/bot7707158318:AAE8rWa4Q8Z_3avql6K0HAmXaooZAReoNF0/getUpdates "HTTP/1.1 200 OK"
2025-06-23 05:55:44,982 - httpcore.http11 - DEBUG - receive_response_body.started request=<Request [b'POST']>
2025-06-23 05:55:44,982 - httpcore.http11 - DEBUG - receive_response_body.complete
2025-06-23 05:55:44,982 - httpcore.http11 - DEBUG - response_closed.started
2025-06-23 05:55:44,982 - httpcore.http11 - DEBUG - response_closed.complete
2025-06-23 05:55:44,982 - telegram.ext.ExtBot - DEBUG - No new updates found.
2025-06-23 05:55:44,982 - telegram.ext.ExtBot - DEBUG - ()
2025-06-23 05:55:44,982 - telegram.ext.ExtBot - DEBUG - Exiting: get_updates
2025-06-23 05:55:44,982 - telegram.ext.ExtBot - DEBUG - Entering: get_updates
2025-06-23 05:55:44,982 - httpcore.http11 - DEBUG - send_request_headers.started request=<Request [b'POST']>
2025-06-23 05:55:44,982 - httpcore.http11 - DEBUG - send_request_headers.complete
2025-06-23 05:55:44,982 - httpcore.http11 - DEBUG - send_request_body.started request=<Request [b'POST']>
2025-06-23 05:55:44,982 - httpcore.http11 - DEBUG - send_request_body.complete
2025-06-23 05:55:44,982 - httpcore.http11 - DEBUG - receive_response_headers.started request=<Request [b'POST']>
2025-06-23 05:55:55,062 - httpcore.http11 - DEBUG - receive_response_headers.complete return_value=(b'HTTP/1.1', 200, b'OK', [(b'Server', b'nginx/1.18.0'), (b'Date', b'Mon, 23 Jun 2025 04:55:57 GMT'), (b'Content-Type', b'application/json'), (b'Content-Length', b'23'), (b'Connection', b'keep-alive'), (b'Strict-Transport-Security', b'max-age=31536000; includeSubDomains; preload'), (b'Access-Control-Allow-Origin', b'*'), (b'Access-Control-Allow-Methods', b'GET, POST, OPTIONS'), (b'Access-Control-Expose-Headers', b'Content-Length,Content-Type,Date,Server,Connection')])
2025-06-23 05:55:55,064 - httpx - INFO - HTTP Request: POST https://api.telegram.org/bot7707158318:AAE8rWa4Q8Z_3avql6K0HAmXaooZAReoNF0/getUpdates "HTTP/1.1 200 OK"
2025-06-23 05:55:55,065 - httpcore.http11 - DEBUG - receive_response_body.started request=<Request [b'POST']>
2025-06-23 05:55:55,065 - httpcore.http11 - DEBUG - receive_response_body.complete
2025-06-23 05:55:55,065 - httpcore.http11 - DEBUG - response_closed.started
2025-06-23 05:55:55,065 - httpcore.http11 - DEBUG - response_closed.complete
2025-06-23 05:55:55,065 - telegram.ext.ExtBot - DEBUG - No new updates found.
2025-06-23 05:55:55,065 - telegram.ext.ExtBot - DEBUG - ()
2025-06-23 05:55:55,065 - telegram.ext.ExtBot - DEBUG - Exiting: get_updates
2025-06-23 05:55:55,065 - telegram.ext.ExtBot - DEBUG - Entering: get_updates
2025-06-23 05:55:55,065 - httpcore.http11 - DEBUG - send_request_headers.started request=<Request [b'POST']>
2025-06-23 05:55:55,065 - httpcore.http11 - DEBUG - send_request_headers.complete
2025-06-23 05:55:55,065 - httpcore.http11 - DEBUG - send_request_body.started request=<Request [b'POST']>
2025-06-23 05:55:55,069 - httpcore.http11 - DEBUG - send_request_body.complete
2025-06-23 05:55:55,069 - httpcore.http11 - DEBUG - receive_response_headers.started request=<Request [b'POST']>
2025-06-23 05:56:05,143 - httpcore.http11 - DEBUG - receive_response_headers.complete return_value=(b'HTTP/1.1', 200, b'OK', [(b'Server', b'nginx/1.18.0'), (b'Date', b'Mon, 23 Jun 2025 04:56:07 GMT'), (b'Content-Type', b'application/json'), (b'Content-Length', b'23'), (b'Connection', b'keep-alive'), (b'Strict-Transport-Security', b'max-age=31536000; includeSubDomains; preload'), (b'Access-Control-Allow-Origin', b'*'), (b'Access-Control-Allow-Methods', b'GET, POST, OPTIONS'), (b'Access-Control-Expose-Headers', b'Content-Length,Content-Type,Date,Server,Connection')])
2025-06-23 05:56:05,143 - httpx - INFO - HTTP Request: POST https://api.telegram.org/bot7707158318:AAE8rWa4Q8Z_3avql6K0HAmXaooZAReoNF0/getUpdates "HTTP/1.1 200 OK"
2025-06-23 05:56:05,145 - httpcore.http11 - DEBUG - receive_response_body.started request=<Request [b'POST']>
2025-06-23 05:56:05,145 - httpcore.http11 - DEBUG - receive_response_body.complete
2025-06-23 05:56:05,145 - httpcore.http11 - DEBUG - response_closed.started
2025-06-23 05:56:05,145 - httpcore.http11 - DEBUG - response_closed.complete
2025-06-23 05:56:05,146 - telegram.ext.ExtBot - DEBUG - No new updates found.
2025-06-23 05:56:05,146 - telegram.ext.ExtBot - DEBUG - ()
2025-06-23 05:56:05,146 - telegram.ext.ExtBot - DEBUG - Exiting: get_updates
2025-06-23 05:56:05,146 - telegram.ext.ExtBot - DEBUG - Entering: get_updates
2025-06-23 05:56:05,146 - httpcore.http11 - DEBUG - send_request_headers.started request=<Request [b'POST']>
2025-06-23 05:56:05,146 - httpcore.http11 - DEBUG - send_request_headers.complete
2025-06-23 05:56:05,146 - httpcore.http11 - DEBUG - send_request_body.started request=<Request [b'POST']>
2025-06-23 05:56:05,149 - httpcore.http11 - DEBUG - send_request_body.complete
2025-06-23 05:56:05,149 - httpcore.http11 - DEBUG - receive_response_headers.started request=<Request [b'POST']>
2025-06-23 05:56:15,225 - httpcore.http11 - DEBUG - receive_response_headers.complete return_value=(b'HTTP/1.1', 200, b'OK', [(b'Server', b'nginx/1.18.0'), (b'Date', b'Mon, 23 Jun 2025 04:56:17 GMT'), (b'Content-Type', b'application/json'), (b'Content-Length', b'23'), (b'Connection', b'keep-alive'), (b'Strict-Transport-Security', b'max-age=31536000; includeSubDomains; preload'), (b'Access-Control-Allow-Origin', b'*'), (b'Access-Control-Allow-Methods', b'GET, POST, OPTIONS'), (b'Access-Control-Expose-Headers', b'Content-Length,Content-Type,Date,Server,Connection')])
2025-06-23 05:56:15,225 - httpx - INFO - HTTP Request: POST https://api.telegram.org/bot7707158318:AAE8rWa4Q8Z_3avql6K0HAmXaooZAReoNF0/getUpdates "HTTP/1.1 200 OK"
2025-06-23 05:56:15,225 - httpcore.http11 - DEBUG - receive_response_body.started request=<Request [b'POST']>
2025-06-23 05:56:15,227 - httpcore.http11 - DEBUG - receive_response_body.complete
2025-06-23 05:56:15,227 - httpcore.http11 - DEBUG - response_closed.started
2025-06-23 05:56:15,227 - httpcore.http11 - DEBUG - response_closed.complete
2025-06-23 05:56:15,227 - telegram.ext.ExtBot - DEBUG - No new updates found.
2025-06-23 05:56:15,227 - telegram.ext.ExtBot - DEBUG - ()
2025-06-23 05:56:15,227 - telegram.ext.ExtBot - DEBUG - Exiting: get_updates
2025-06-23 05:56:15,227 - telegram.ext.ExtBot - DEBUG - Entering: get_updates
2025-06-23 05:56:15,230 - httpcore.http11 - DEBUG - send_request_headers.started request=<Request [b'POST']>
2025-06-23 05:56:15,230 - httpcore.http11 - DEBUG - send_request_headers.complete
2025-06-23 05:56:15,230 - httpcore.http11 - DEBUG - send_request_body.started request=<Request [b'POST']>
2025-06-23 05:56:15,230 - httpcore.http11 - DEBUG - send_request_body.complete
2025-06-23 05:56:15,230 - httpcore.http11 - DEBUG - receive_response_headers.started request=<Request [b'POST']>
2025-06-23 05:56:25,308 - httpcore.http11 - DEBUG - receive_response_headers.complete return_value=(b'HTTP/1.1', 200, b'OK', [(b'Server', b'nginx/1.18.0'), (b'Date', b'Mon, 23 Jun 2025 04:56:27 GMT'), (b'Content-Type', b'application/json'), (b'Content-Length', b'23'), (b'Connection', b'keep-alive'), (b'Strict-Transport-Security', b'max-age=31536000; includeSubDomains; preload'), (b'Access-Control-Allow-Origin', b'*'), (b'Access-Control-Allow-Methods', b'GET, POST, OPTIONS'), (b'Access-Control-Expose-Headers', b'Content-Length,Content-Type,Date,Server,Connection')])
2025-06-23 05:56:25,311 - httpx - INFO - HTTP Request: POST https://api.telegram.org/bot7707158318:AAE8rWa4Q8Z_3avql6K0HAmXaooZAReoNF0/getUpdates "HTTP/1.1 200 OK"
2025-06-23 05:56:25,311 - httpcore.http11 - DEBUG - receive_response_body.started request=<Request [b'POST']>
2025-06-23 05:56:25,311 - httpcore.http11 - DEBUG - receive_response_body.complete
2025-06-23 05:56:25,311 - httpcore.http11 - DEBUG - response_closed.started
2025-06-23 05:56:25,313 - httpcore.http11 - DEBUG - response_closed.complete
2025-06-23 05:56:25,313 - telegram.ext.ExtBot - DEBUG - No new updates found.
2025-06-23 05:56:25,313 - telegram.ext.ExtBot - DEBUG - ()
2025-06-23 05:56:25,313 - telegram.ext.ExtBot - DEBUG - Exiting: get_updates
2025-06-23 05:56:25,313 - telegram.ext.ExtBot - DEBUG - Entering: get_updates
2025-06-23 05:56:25,315 - httpcore.http11 - DEBUG - send_request_headers.started request=<Request [b'POST']>
2025-06-23 05:56:25,315 - httpcore.http11 - DEBUG - send_request_headers.complete
2025-06-23 05:56:25,315 - httpcore.http11 - DEBUG - send_request_body.started request=<Request [b'POST']>
2025-06-23 05:56:25,315 - httpcore.http11 - DEBUG - send_request_body.complete
2025-06-23 05:56:25,315 - httpcore.http11 - DEBUG - receive_response_headers.started request=<Request [b'POST']>
2025-06-23 05:56:35,570 - httpcore.http11 - DEBUG - receive_response_headers.complete return_value=(b'HTTP/1.1', 200, b'OK', [(b'Server', b'nginx/1.18.0'), (b'Date', b'Mon, 23 Jun 2025 04:56:37 GMT'), (b'Content-Type', b'application/json'), (b'Content-Length', b'23'), (b'Connection', b'keep-alive'), (b'Strict-Transport-Security', b'max-age=31536000; includeSubDomains; preload'), (b'Access-Control-Allow-Origin', b'*'), (b'Access-Control-Allow-Methods', b'GET, POST, OPTIONS'), (b'Access-Control-Expose-Headers', b'Content-Length,Content-Type,Date,Server,Connection')])
2025-06-23 05:56:35,570 - httpx - INFO - HTTP Request: POST https://api.telegram.org/bot7707158318:AAE8rWa4Q8Z_3avql6K0HAmXaooZAReoNF0/getUpdates "HTTP/1.1 200 OK"
2025-06-23 05:56:35,570 - httpcore.http11 - DEBUG - receive_response_body.started request=<Request [b'POST']>
2025-06-23 05:56:35,570 - httpcore.http11 - DEBUG - receive_response_body.complete
2025-06-23 05:56:35,570 - httpcore.http11 - DEBUG - response_closed.started
2025-06-23 05:56:35,570 - httpcore.http11 - DEBUG - response_closed.complete
2025-06-23 05:56:35,570 - telegram.ext.ExtBot - DEBUG - No new updates found.
2025-06-23 05:56:35,572 - telegram.ext.ExtBot - DEBUG - ()
2025-06-23 05:56:35,572 - telegram.ext.ExtBot - DEBUG - Exiting: get_updates
2025-06-23 05:56:35,572 - telegram.ext.ExtBot - DEBUG - Entering: get_updates
2025-06-23 05:56:35,572 - httpcore.http11 - DEBUG - send_request_headers.started request=<Request [b'POST']>
2025-06-23 05:56:35,573 - httpcore.http11 - DEBUG - send_request_headers.complete
2025-06-23 05:56:35,573 - httpcore.http11 - DEBUG - send_request_body.started request=<Request [b'POST']>
2025-06-23 05:56:35,573 - httpcore.http11 - DEBUG - send_request_body.complete
2025-06-23 05:56:35,573 - httpcore.http11 - DEBUG - receive_response_headers.started request=<Request [b'POST']>
2025-06-23 05:56:45,750 - httpcore.http11 - DEBUG - receive_response_headers.complete return_value=(b'HTTP/1.1', 200, b'OK', [(b'Server', b'nginx/1.18.0'), (b'Date', b'Mon, 23 Jun 2025 04:56:47 GMT'), (b'Content-Type', b'application/json'), (b'Content-Length', b'23'), (b'Connection', b'keep-alive'), (b'Strict-Transport-Security', b'max-age=31536000; includeSubDomains; preload'), (b'Access-Control-Allow-Origin', b'*'), (b'Access-Control-Allow-Methods', b'GET, POST, OPTIONS'), (b'Access-Control-Expose-Headers', b'Content-Length,Content-Type,Date,Server,Connection')])
2025-06-23 05:56:45,750 - httpx - INFO - HTTP Request: POST https://api.telegram.org/bot7707158318:AAE8rWa4Q8Z_3avql6K0HAmXaooZAReoNF0/getUpdates "HTTP/1.1 200 OK"
2025-06-23 05:56:45,752 - httpcore.http11 - DEBUG - receive_response_body.started request=<Request [b'POST']>
2025-06-23 05:56:45,752 - httpcore.http11 - DEBUG - receive_response_body.complete
2025-06-23 05:56:45,752 - httpcore.http11 - DEBUG - response_closed.started
2025-06-23 05:56:45,752 - httpcore.http11 - DEBUG - response_closed.complete
2025-06-23 05:56:45,752 - telegram.ext.ExtBot - DEBUG - No new updates found.
2025-06-23 05:56:45,752 - telegram.ext.ExtBot - DEBUG - ()
2025-06-23 05:56:45,752 - telegram.ext.ExtBot - DEBUG - Exiting: get_updates
2025-06-23 05:56:45,754 - telegram.ext.ExtBot - DEBUG - Entering: get_updates
2025-06-23 05:56:45,754 - httpcore.http11 - DEBUG - send_request_headers.started request=<Request [b'POST']>
2025-06-23 05:56:45,754 - httpcore.http11 - DEBUG - send_request_headers.complete
2025-06-23 05:56:45,758 - httpcore.http11 - DEBUG - send_request_body.started request=<Request [b'POST']>
2025-06-23 05:56:45,758 - httpcore.http11 - DEBUG - send_request_body.complete
2025-06-23 05:56:45,758 - httpcore.http11 - DEBUG - receive_response_headers.started request=<Request [b'POST']>
2025-06-23 05:56:55,986 - httpcore.http11 - DEBUG - receive_response_headers.complete return_value=(b'HTTP/1.1', 200, b'OK', [(b'Server', b'nginx/1.18.0'), (b'Date', b'Mon, 23 Jun 2025 04:56:58 GMT'), (b'Content-Type', b'application/json'), (b'Content-Length', b'23'), (b'Connection', b'keep-alive'), (b'Strict-Transport-Security', b'max-age=31536000; includeSubDomains; preload'), (b'Access-Control-Allow-Origin', b'*'), (b'Access-Control-Allow-Methods', b'GET, POST, OPTIONS'), (b'Access-Control-Expose-Headers', b'Content-Length,Content-Type,Date,Server,Connection')])
2025-06-23 05:56:55,991 - httpx - INFO - HTTP Request: POST https://api.telegram.org/bot7707158318:AAE8rWa4Q8Z_3avql6K0HAmXaooZAReoNF0/getUpdates "HTTP/1.1 200 OK"
2025-06-23 05:56:55,991 - httpcore.http11 - DEBUG - receive_response_body.started request=<Request [b'POST']>
2025-06-23 05:56:55,991 - httpcore.http11 - DEBUG - receive_response_body.complete
2025-06-23 05:56:55,991 - httpcore.http11 - DEBUG - response_closed.started
2025-06-23 05:56:55,991 - httpcore.http11 - DEBUG - response_closed.complete
2025-06-23 05:56:55,991 - telegram.ext.ExtBot - DEBUG - No new updates found.
2025-06-23 05:56:55,991 - telegram.ext.ExtBot - DEBUG - ()
2025-06-23 05:56:55,991 - telegram.ext.ExtBot - DEBUG - Exiting: get_updates
2025-06-23 05:56:55,991 - telegram.ext.ExtBot - DEBUG - Entering: get_updates
2025-06-23 05:56:55,994 - httpcore.http11 - DEBUG - send_request_headers.started request=<Request [b'POST']>
2025-06-23 05:56:55,994 - httpcore.http11 - DEBUG - send_request_headers.complete
2025-06-23 05:56:55,994 - httpcore.http11 - DEBUG - send_request_body.started request=<Request [b'POST']>
2025-06-23 05:56:55,994 - httpcore.http11 - DEBUG - send_request_body.complete
2025-06-23 05:56:55,994 - httpcore.http11 - DEBUG - receive_response_headers.started request=<Request [b'POST']>
2025-06-23 05:57:06,072 - httpcore.http11 - DEBUG - receive_response_headers.complete return_value=(b'HTTP/1.1', 200, b'OK', [(b'Server', b'nginx/1.18.0'), (b'Date', b'Mon, 23 Jun 2025 04:57:08 GMT'), (b'Content-Type', b'application/json'), (b'Content-Length', b'23'), (b'Connection', b'keep-alive'), (b'Strict-Transport-Security', b'max-age=31536000; includeSubDomains; preload'), (b'Access-Control-Allow-Origin', b'*'), (b'Access-Control-Allow-Methods', b'GET, POST, OPTIONS'), (b'Access-Control-Expose-Headers', b'Content-Length,Content-Type,Date,Server,Connection')])
2025-06-23 05:57:06,074 - httpx - INFO - HTTP Request: POST https://api.telegram.org/bot7707158318:AAE8rWa4Q8Z_3avql6K0HAmXaooZAReoNF0/getUpdates "HTTP/1.1 200 OK"
2025-06-23 05:57:06,074 - httpcore.http11 - DEBUG - receive_response_body.started request=<Request [b'POST']>
2025-06-23 05:57:06,074 - httpcore.http11 - DEBUG - receive_response_body.complete
2025-06-23 05:57:06,075 - httpcore.http11 - DEBUG - response_closed.started
2025-06-23 05:57:06,075 - httpcore.http11 - DEBUG - response_closed.complete
2025-06-23 05:57:06,075 - telegram.ext.ExtBot - DEBUG - No new updates found.
2025-06-23 05:57:06,075 - telegram.ext.ExtBot - DEBUG - ()
2025-06-23 05:57:06,075 - telegram.ext.ExtBot - DEBUG - Exiting: get_updates
2025-06-23 05:57:06,075 - telegram.ext.ExtBot - DEBUG - Entering: get_updates
2025-06-23 05:57:06,075 - httpcore.http11 - DEBUG - send_request_headers.started request=<Request [b'POST']>
2025-06-23 05:57:06,075 - httpcore.http11 - DEBUG - send_request_headers.complete
2025-06-23 05:57:06,077 - httpcore.http11 - DEBUG - send_request_body.started request=<Request [b'POST']>
2025-06-23 05:57:06,078 - httpcore.http11 - DEBUG - send_request_body.complete
2025-06-23 05:57:06,078 - httpcore.http11 - DEBUG - receive_response_headers.started request=<Request [b'POST']>
2025-06-23 05:57:16,154 - httpcore.http11 - DEBUG - receive_response_headers.complete return_value=(b'HTTP/1.1', 200, b'OK', [(b'Server', b'nginx/1.18.0'), (b'Date', b'Mon, 23 Jun 2025 04:57:18 GMT'), (b'Content-Type', b'application/json'), (b'Content-Length', b'23'), (b'Connection', b'keep-alive'), (b'Strict-Transport-Security', b'max-age=31536000; includeSubDomains; preload'), (b'Access-Control-Allow-Origin', b'*'), (b'Access-Control-Allow-Methods', b'GET, POST, OPTIONS'), (b'Access-Control-Expose-Headers', b'Content-Length,Content-Type,Date,Server,Connection')])
2025-06-23 05:57:16,154 - httpx - INFO - HTTP Request: POST https://api.telegram.org/bot7707158318:AAE8rWa4Q8Z_3avql6K0HAmXaooZAReoNF0/getUpdates "HTTP/1.1 200 OK"
2025-06-23 05:57:16,154 - httpcore.http11 - DEBUG - receive_response_body.started request=<Request [b'POST']>
2025-06-23 05:57:16,154 - httpcore.http11 - DEBUG - receive_response_body.complete
2025-06-23 05:57:16,154 - httpcore.http11 - DEBUG - response_closed.started
2025-06-23 05:57:16,154 - httpcore.http11 - DEBUG - response_closed.complete
2025-06-23 05:57:16,154 - telegram.ext.ExtBot - DEBUG - No new updates found.
2025-06-23 05:57:16,154 - telegram.ext.ExtBot - DEBUG - ()
2025-06-23 05:57:16,154 - telegram.ext.ExtBot - DEBUG - Exiting: get_updates
2025-06-23 05:57:16,154 - telegram.ext.ExtBot - DEBUG - Entering: get_updates
2025-06-23 05:57:16,154 - httpcore.http11 - DEBUG - send_request_headers.started request=<Request [b'POST']>
2025-06-23 05:57:16,154 - httpcore.http11 - DEBUG - send_request_headers.complete
2025-06-23 05:57:16,154 - httpcore.http11 - DEBUG - send_request_body.started request=<Request [b'POST']>
2025-06-23 05:57:16,158 - httpcore.http11 - DEBUG - send_request_body.complete
2025-06-23 05:57:16,158 - httpcore.http11 - DEBUG - receive_response_headers.started request=<Request [b'POST']>
2025-06-23 05:57:26,452 - httpcore.http11 - DEBUG - receive_response_headers.complete return_value=(b'HTTP/1.1', 200, b'OK', [(b'Server', b'nginx/1.18.0'), (b'Date', b'Mon, 23 Jun 2025 04:57:28 GMT'), (b'Content-Type', b'application/json'), (b'Content-Length', b'23'), (b'Connection', b'keep-alive'), (b'Strict-Transport-Security', b'max-age=31536000; includeSubDomains; preload'), (b'Access-Control-Allow-Origin', b'*'), (b'Access-Control-Allow-Methods', b'GET, POST, OPTIONS'), (b'Access-Control-Expose-Headers', b'Content-Length,Content-Type,Date,Server,Connection')])
2025-06-23 05:57:26,452 - httpx - INFO - HTTP Request: POST https://api.telegram.org/bot7707158318:AAE8rWa4Q8Z_3avql6K0HAmXaooZAReoNF0/getUpdates "HTTP/1.1 200 OK"
2025-06-23 05:57:26,453 - httpcore.http11 - DEBUG - receive_response_body.started request=<Request [b'POST']>
2025-06-23 05:57:26,453 - httpcore.http11 - DEBUG - receive_response_body.complete
2025-06-23 05:57:26,453 - httpcore.http11 - DEBUG - response_closed.started
2025-06-23 05:57:26,453 - httpcore.http11 - DEBUG - response_closed.complete
2025-06-23 05:57:26,454 - telegram.ext.ExtBot - DEBUG - No new updates found.
2025-06-23 05:57:26,454 - telegram.ext.ExtBot - DEBUG - ()
2025-06-23 05:57:26,454 - telegram.ext.ExtBot - DEBUG - Exiting: get_updates
2025-06-23 05:57:26,454 - telegram.ext.ExtBot - DEBUG - Entering: get_updates
2025-06-23 05:57:26,454 - httpcore.http11 - DEBUG - send_request_headers.started request=<Request [b'POST']>
2025-06-23 05:57:26,454 - httpcore.http11 - DEBUG - send_request_headers.complete
2025-06-23 05:57:26,454 - httpcore.http11 - DEBUG - send_request_body.started request=<Request [b'POST']>
2025-06-23 05:57:26,454 - httpcore.http11 - DEBUG - send_request_body.complete
2025-06-23 05:57:26,454 - httpcore.http11 - DEBUG - receive_response_headers.started request=<Request [b'POST']>
2025-06-23 05:57:36,533 - httpcore.http11 - DEBUG - receive_response_headers.complete return_value=(b'HTTP/1.1', 200, b'OK', [(b'Server', b'nginx/1.18.0'), (b'Date', b'Mon, 23 Jun 2025 04:57:38 GMT'), (b'Content-Type', b'application/json'), (b'Content-Length', b'23'), (b'Connection', b'keep-alive'), (b'Strict-Transport-Security', b'max-age=31536000; includeSubDomains; preload'), (b'Access-Control-Allow-Origin', b'*'), (b'Access-Control-Allow-Methods', b'GET, POST, OPTIONS'), (b'Access-Control-Expose-Headers', b'Content-Length,Content-Type,Date,Server,Connection')])
2025-06-23 05:57:36,533 - httpx - INFO - HTTP Request: POST https://api.telegram.org/bot7707158318:AAE8rWa4Q8Z_3avql6K0HAmXaooZAReoNF0/getUpdates "HTTP/1.1 200 OK"
2025-06-23 05:57:36,533 - httpcore.http11 - DEBUG - receive_response_body.started request=<Request [b'POST']>
2025-06-23 05:57:36,533 - httpcore.http11 - DEBUG - receive_response_body.complete
2025-06-23 05:57:36,533 - httpcore.http11 - DEBUG - response_closed.started
2025-06-23 05:57:36,533 - httpcore.http11 - DEBUG - response_closed.complete
2025-06-23 05:57:36,533 - telegram.ext.ExtBot - DEBUG - No new updates found.
2025-06-23 05:57:36,533 - telegram.ext.ExtBot - DEBUG - ()
2025-06-23 05:57:36,533 - telegram.ext.ExtBot - DEBUG - Exiting: get_updates
2025-06-23 05:57:36,533 - telegram.ext.ExtBot - DEBUG - Entering: get_updates
2025-06-23 05:57:36,533 - httpcore.http11 - DEBUG - send_request_headers.started request=<Request [b'POST']>
2025-06-23 05:57:36,536 - httpcore.http11 - DEBUG - send_request_headers.complete
2025-06-23 05:57:36,536 - httpcore.http11 - DEBUG - send_request_body.started request=<Request [b'POST']>
2025-06-23 05:57:36,536 - httpcore.http11 - DEBUG - send_request_body.complete
2025-06-23 05:57:36,536 - httpcore.http11 - DEBUG - receive_response_headers.started request=<Request [b'POST']>
2025-06-23 05:57:46,870 - httpcore.http11 - DEBUG - receive_response_headers.complete return_value=(b'HTTP/1.1', 200, b'OK', [(b'Server', b'nginx/1.18.0'), (b'Date', b'Mon, 23 Jun 2025 04:57:48 GMT'), (b'Content-Type', b'application/json'), (b'Content-Length', b'23'), (b'Connection', b'keep-alive'), (b'Strict-Transport-Security', b'max-age=31536000; includeSubDomains; preload'), (b'Access-Control-Allow-Origin', b'*'), (b'Access-Control-Allow-Methods', b'GET, POST, OPTIONS'), (b'Access-Control-Expose-Headers', b'Content-Length,Content-Type,Date,Server,Connection')])
2025-06-23 05:57:46,870 - httpx - INFO - HTTP Request: POST https://api.telegram.org/bot7707158318:AAE8rWa4Q8Z_3avql6K0HAmXaooZAReoNF0/getUpdates "HTTP/1.1 200 OK"
2025-06-23 05:57:46,870 - httpcore.http11 - DEBUG - receive_response_body.started request=<Request [b'POST']>
2025-06-23 05:57:46,870 - httpcore.http11 - DEBUG - receive_response_body.complete
2025-06-23 05:57:46,870 - httpcore.http11 - DEBUG - response_closed.started
2025-06-23 05:57:46,870 - httpcore.http11 - DEBUG - response_closed.complete
2025-06-23 05:57:46,872 - telegram.ext.ExtBot - DEBUG - No new updates found.
2025-06-23 05:57:46,872 - telegram.ext.ExtBot - DEBUG - ()
2025-06-23 05:57:46,872 - telegram.ext.ExtBot - DEBUG - Exiting: get_updates
2025-06-23 05:57:46,872 - telegram.ext.ExtBot - DEBUG - Entering: get_updates
2025-06-23 05:57:46,873 - httpcore.http11 - DEBUG - send_request_headers.started request=<Request [b'POST']>
2025-06-23 05:57:46,873 - httpcore.http11 - DEBUG - send_request_headers.complete
2025-06-23 05:57:46,873 - httpcore.http11 - DEBUG - send_request_body.started request=<Request [b'POST']>
2025-06-23 05:57:46,874 - httpcore.http11 - DEBUG - send_request_body.complete
2025-06-23 05:57:46,874 - httpcore.http11 - DEBUG - receive_response_headers.started request=<Request [b'POST']>
2025-06-23 05:57:57,108 - httpcore.http11 - DEBUG - receive_response_headers.complete return_value=(b'HTTP/1.1', 200, b'OK', [(b'Server', b'nginx/1.18.0'), (b'Date', b'Mon, 23 Jun 2025 04:57:59 GMT'), (b'Content-Type', b'application/json'), (b'Content-Length', b'23'), (b'Connection', b'keep-alive'), (b'Strict-Transport-Security', b'max-age=31536000; includeSubDomains; preload'), (b'Access-Control-Allow-Origin', b'*'), (b'Access-Control-Allow-Methods', b'GET, POST, OPTIONS'), (b'Access-Control-Expose-Headers', b'Content-Length,Content-Type,Date,Server,Connection')])
2025-06-23 05:57:57,108 - httpx - INFO - HTTP Request: POST https://api.telegram.org/bot7707158318:AAE8rWa4Q8Z_3avql6K0HAmXaooZAReoNF0/getUpdates "HTTP/1.1 200 OK"
2025-06-23 05:57:57,111 - httpcore.http11 - DEBUG - receive_response_body.started request=<Request [b'POST']>
2025-06-23 05:57:57,112 - httpcore.http11 - DEBUG - receive_response_body.complete
2025-06-23 05:57:57,112 - httpcore.http11 - DEBUG - response_closed.started
2025-06-23 05:57:57,112 - httpcore.http11 - DEBUG - response_closed.complete
2025-06-23 05:57:57,113 - telegram.ext.ExtBot - DEBUG - No new updates found.
2025-06-23 05:57:57,113 - telegram.ext.ExtBot - DEBUG - ()
2025-06-23 05:57:57,113 - telegram.ext.ExtBot - DEBUG - Exiting: get_updates
2025-06-23 05:57:57,113 - telegram.ext.ExtBot - DEBUG - Entering: get_updates
2025-06-23 05:57:57,116 - httpcore.http11 - DEBUG - send_request_headers.started request=<Request [b'POST']>
2025-06-23 05:57:57,116 - httpcore.http11 - DEBUG - send_request_headers.complete
2025-06-23 05:57:57,116 - httpcore.http11 - DEBUG - send_request_body.started request=<Request [b'POST']>
2025-06-23 05:57:57,116 - httpcore.http11 - DEBUG - send_request_body.complete
2025-06-23 05:57:57,116 - httpcore.http11 - DEBUG - receive_response_headers.started request=<Request [b'POST']>
2025-06-23 05:58:07,309 - httpcore.http11 - DEBUG - receive_response_headers.complete return_value=(b'HTTP/1.1', 200, b'OK', [(b'Server', b'nginx/1.18.0'), (b'Date', b'Mon, 23 Jun 2025 04:58:09 GMT'), (b'Content-Type', b'application/json'), (b'Content-Length', b'23'), (b'Connection', b'keep-alive'), (b'Strict-Transport-Security', b'max-age=31536000; includeSubDomains; preload'), (b'Access-Control-Allow-Origin', b'*'), (b'Access-Control-Allow-Methods', b'GET, POST, OPTIONS'), (b'Access-Control-Expose-Headers', b'Content-Length,Content-Type,Date,Server,Connection')])
2025-06-23 05:58:07,311 - httpx - INFO - HTTP Request: POST https://api.telegram.org/bot7707158318:AAE8rWa4Q8Z_3avql6K0HAmXaooZAReoNF0/getUpdates "HTTP/1.1 200 OK"
2025-06-23 05:58:07,311 - httpcore.http11 - DEBUG - receive_response_body.started request=<Request [b'POST']>
2025-06-23 05:58:07,313 - httpcore.http11 - DEBUG - receive_response_body.complete
2025-06-23 05:58:07,313 - httpcore.http11 - DEBUG - response_closed.started
2025-06-23 05:58:07,313 - httpcore.http11 - DEBUG - response_closed.complete
2025-06-23 05:58:07,313 - telegram.ext.ExtBot - DEBUG - No new updates found.
2025-06-23 05:58:07,313 - telegram.ext.ExtBot - DEBUG - ()
2025-06-23 05:58:07,313 - telegram.ext.ExtBot - DEBUG - Exiting: get_updates
2025-06-23 05:58:07,313 - telegram.ext.ExtBot - DEBUG - Entering: get_updates
2025-06-23 05:58:07,313 - httpcore.http11 - DEBUG - send_request_headers.started request=<Request [b'POST']>
2025-06-23 05:58:07,315 - httpcore.http11 - DEBUG - send_request_headers.complete
2025-06-23 05:58:07,315 - httpcore.http11 - DEBUG - send_request_body.started request=<Request [b'POST']>
2025-06-23 05:58:07,315 - httpcore.http11 - DEBUG - send_request_body.complete
2025-06-23 05:58:07,315 - httpcore.http11 - DEBUG - receive_response_headers.started request=<Request [b'POST']>
2025-06-23 05:58:17,587 - httpcore.http11 - DEBUG - receive_response_headers.complete return_value=(b'HTTP/1.1', 200, b'OK', [(b'Server', b'nginx/1.18.0'), (b'Date', b'Mon, 23 Jun 2025 04:58:19 GMT'), (b'Content-Type', b'application/json'), (b'Content-Length', b'23'), (b'Connection', b'keep-alive'), (b'Strict-Transport-Security', b'max-age=31536000; includeSubDomains; preload'), (b'Access-Control-Allow-Origin', b'*'), (b'Access-Control-Allow-Methods', b'GET, POST, OPTIONS'), (b'Access-Control-Expose-Headers', b'Content-Length,Content-Type,Date,Server,Connection')])
2025-06-23 05:58:17,591 - httpx - INFO - HTTP Request: POST https://api.telegram.org/bot7707158318:AAE8rWa4Q8Z_3avql6K0HAmXaooZAReoNF0/getUpdates "HTTP/1.1 200 OK"
2025-06-23 05:58:17,592 - httpcore.http11 - DEBUG - receive_response_body.started request=<Request [b'POST']>
2025-06-23 05:58:17,592 - httpcore.http11 - DEBUG - receive_response_body.complete
2025-06-23 05:58:17,592 - httpcore.http11 - DEBUG - response_closed.started
2025-06-23 05:58:17,592 - httpcore.http11 - DEBUG - response_closed.complete
2025-06-23 05:58:17,592 - telegram.ext.ExtBot - DEBUG - No new updates found.
2025-06-23 05:58:17,592 - telegram.ext.ExtBot - DEBUG - ()
2025-06-23 05:58:17,592 - telegram.ext.ExtBot - DEBUG - Exiting: get_updates
2025-06-23 05:58:17,592 - telegram.ext.ExtBot - DEBUG - Entering: get_updates
2025-06-23 05:58:17,593 - httpcore.http11 - DEBUG - send_request_headers.started request=<Request [b'POST']>
2025-06-23 05:58:17,593 - httpcore.http11 - DEBUG - send_request_headers.complete
2025-06-23 05:58:17,593 - httpcore.http11 - DEBUG - send_request_body.started request=<Request [b'POST']>
2025-06-23 05:58:17,593 - httpcore.http11 - DEBUG - send_request_body.complete
2025-06-23 05:58:17,593 - httpcore.http11 - DEBUG - receive_response_headers.started request=<Request [b'POST']>
2025-06-23 05:58:27,827 - httpcore.http11 - DEBUG - receive_response_headers.complete return_value=(b'HTTP/1.1', 200, b'OK', [(b'Server', b'nginx/1.18.0'), (b'Date', b'Mon, 23 Jun 2025 04:58:29 GMT'), (b'Content-Type', b'application/json'), (b'Content-Length', b'23'), (b'Connection', b'keep-alive'), (b'Strict-Transport-Security', b'max-age=31536000; includeSubDomains; preload'), (b'Access-Control-Allow-Origin', b'*'), (b'Access-Control-Allow-Methods', b'GET, POST, OPTIONS'), (b'Access-Control-Expose-Headers', b'Content-Length,Content-Type,Date,Server,Connection')])
2025-06-23 05:58:27,831 - httpx - INFO - HTTP Request: POST https://api.telegram.org/bot7707158318:AAE8rWa4Q8Z_3avql6K0HAmXaooZAReoNF0/getUpdates "HTTP/1.1 200 OK"
2025-06-23 05:58:27,831 - httpcore.http11 - DEBUG - receive_response_body.started request=<Request [b'POST']>
2025-06-23 05:58:27,831 - httpcore.http11 - DEBUG - receive_response_body.complete
2025-06-23 05:58:27,831 - httpcore.http11 - DEBUG - response_closed.started
2025-06-23 05:58:27,831 - httpcore.http11 - DEBUG - response_closed.complete
2025-06-23 05:58:27,831 - telegram.ext.ExtBot - DEBUG - No new updates found.
2025-06-23 05:58:27,831 - telegram.ext.ExtBot - DEBUG - ()
2025-06-23 05:58:27,831 - telegram.ext.ExtBot - DEBUG - Exiting: get_updates
2025-06-23 05:58:27,831 - telegram.ext.ExtBot - DEBUG - Entering: get_updates
2025-06-23 05:58:27,831 - httpcore.http11 - DEBUG - send_request_headers.started request=<Request [b'POST']>
2025-06-23 05:58:27,831 - httpcore.http11 - DEBUG - send_request_headers.complete
2025-06-23 05:58:27,831 - httpcore.http11 - DEBUG - send_request_body.started request=<Request [b'POST']>
2025-06-23 05:58:27,831 - httpcore.http11 - DEBUG - send_request_body.complete
2025-06-23 05:58:27,831 - httpcore.http11 - DEBUG - receive_response_headers.started request=<Request [b'POST']>
2025-06-23 05:58:37,969 - httpcore.http11 - DEBUG - receive_response_headers.complete return_value=(b'HTTP/1.1', 200, b'OK', [(b'Server', b'nginx/1.18.0'), (b'Date', b'Mon, 23 Jun 2025 04:58:40 GMT'), (b'Content-Type', b'application/json'), (b'Content-Length', b'23'), (b'Connection', b'keep-alive'), (b'Strict-Transport-Security', b'max-age=31536000; includeSubDomains; preload'), (b'Access-Control-Allow-Origin', b'*'), (b'Access-Control-Allow-Methods', b'GET, POST, OPTIONS'), (b'Access-Control-Expose-Headers', b'Content-Length,Content-Type,Date,Server,Connection')])
2025-06-23 05:58:37,970 - httpx - INFO - HTTP Request: POST https://api.telegram.org/bot7707158318:AAE8rWa4Q8Z_3avql6K0HAmXaooZAReoNF0/getUpdates "HTTP/1.1 200 OK"
2025-06-23 05:58:37,970 - httpcore.http11 - DEBUG - receive_response_body.started request=<Request [b'POST']>
2025-06-23 05:58:37,970 - httpcore.http11 - DEBUG - receive_response_body.complete
2025-06-23 05:58:37,972 - httpcore.http11 - DEBUG - response_closed.started
2025-06-23 05:58:37,972 - httpcore.http11 - DEBUG - response_closed.complete
2025-06-23 05:58:37,972 - telegram.ext.ExtBot - DEBUG - No new updates found.
2025-06-23 05:58:37,972 - telegram.ext.ExtBot - DEBUG - ()
2025-06-23 05:58:37,972 - telegram.ext.ExtBot - DEBUG - Exiting: get_updates
2025-06-23 05:58:37,972 - telegram.ext.ExtBot - DEBUG - Entering: get_updates
2025-06-23 05:58:37,973 - httpcore.http11 - DEBUG - send_request_headers.started request=<Request [b'POST']>
2025-06-23 05:58:37,973 - httpcore.http11 - DEBUG - send_request_headers.complete
2025-06-23 05:58:37,973 - httpcore.http11 - DEBUG - send_request_body.started request=<Request [b'POST']>
2025-06-23 05:58:37,975 - httpcore.http11 - DEBUG - send_request_body.complete
2025-06-23 05:58:37,975 - httpcore.http11 - DEBUG - receive_response_headers.started request=<Request [b'POST']>
2025-06-23 05:58:48,309 - httpcore.http11 - DEBUG - receive_response_headers.complete return_value=(b'HTTP/1.1', 200, b'OK', [(b'Server', b'nginx/1.18.0'), (b'Date', b'Mon, 23 Jun 2025 04:58:50 GMT'), (b'Content-Type', b'application/json'), (b'Content-Length', b'23'), (b'Connection', b'keep-alive'), (b'Strict-Transport-Security', b'max-age=31536000; includeSubDomains; preload'), (b'Access-Control-Allow-Origin', b'*'), (b'Access-Control-Allow-Methods', b'GET, POST, OPTIONS'), (b'Access-Control-Expose-Headers', b'Content-Length,Content-Type,Date,Server,Connection')])
2025-06-23 05:58:48,311 - httpx - INFO - HTTP Request: POST https://api.telegram.org/bot7707158318:AAE8rWa4Q8Z_3avql6K0HAmXaooZAReoNF0/getUpdates "HTTP/1.1 200 OK"
2025-06-23 05:58:48,311 - httpcore.http11 - DEBUG - receive_response_body.started request=<Request [b'POST']>
2025-06-23 05:58:48,311 - httpcore.http11 - DEBUG - receive_response_body.complete
2025-06-23 05:58:48,312 - httpcore.http11 - DEBUG - response_closed.started
2025-06-23 05:58:48,312 - httpcore.http11 - DEBUG - response_closed.complete
2025-06-23 05:58:48,313 - telegram.ext.ExtBot - DEBUG - No new updates found.
2025-06-23 05:58:48,313 - telegram.ext.ExtBot - DEBUG - ()
2025-06-23 05:58:48,313 - telegram.ext.ExtBot - DEBUG - Exiting: get_updates
2025-06-23 05:58:48,313 - telegram.ext.ExtBot - DEBUG - Entering: get_updates
2025-06-23 05:58:48,314 - httpcore.http11 - DEBUG - send_request_headers.started request=<Request [b'POST']>
2025-06-23 05:58:48,315 - httpcore.http11 - DEBUG - send_request_headers.complete
2025-06-23 05:58:48,315 - httpcore.http11 - DEBUG - send_request_body.started request=<Request [b'POST']>
2025-06-23 05:58:48,315 - httpcore.http11 - DEBUG - send_request_body.complete
2025-06-23 05:58:48,315 - httpcore.http11 - DEBUG - receive_response_headers.started request=<Request [b'POST']>
2025-06-23 05:58:58,394 - httpcore.http11 - DEBUG - receive_response_headers.complete return_value=(b'HTTP/1.1', 200, b'OK', [(b'Server', b'nginx/1.18.0'), (b'Date', b'Mon, 23 Jun 2025 04:59:00 GMT'), (b'Content-Type', b'application/json'), (b'Content-Length', b'23'), (b'Connection', b'keep-alive'), (b'Strict-Transport-Security', b'max-age=31536000; includeSubDomains; preload'), (b'Access-Control-Allow-Origin', b'*'), (b'Access-Control-Allow-Methods', b'GET, POST, OPTIONS'), (b'Access-Control-Expose-Headers', b'Content-Length,Content-Type,Date,Server,Connection')])
2025-06-23 05:58:58,394 - httpx - INFO - HTTP Request: POST https://api.telegram.org/bot7707158318:AAE8rWa4Q8Z_3avql6K0HAmXaooZAReoNF0/getUpdates "HTTP/1.1 200 OK"
2025-06-23 05:58:58,394 - httpcore.http11 - DEBUG - receive_response_body.started request=<Request [b'POST']>
2025-06-23 05:58:58,394 - httpcore.http11 - DEBUG - receive_response_body.complete
2025-06-23 05:58:58,394 - httpcore.http11 - DEBUG - response_closed.started
2025-06-23 05:58:58,394 - httpcore.http11 - DEBUG - response_closed.complete
2025-06-23 05:58:58,401 - telegram.ext.ExtBot - DEBUG - No new updates found.
2025-06-23 05:58:58,401 - telegram.ext.ExtBot - DEBUG - ()
2025-06-23 05:58:58,401 - telegram.ext.ExtBot - DEBUG - Exiting: get_updates
2025-06-23 05:58:58,401 - telegram.ext.ExtBot - DEBUG - Entering: get_updates
2025-06-23 05:58:58,403 - httpcore.http11 - DEBUG - send_request_headers.started request=<Request [b'POST']>
2025-06-23 05:58:58,404 - httpcore.http11 - DEBUG - send_request_headers.complete
2025-06-23 05:58:58,405 - httpcore.http11 - DEBUG - send_request_body.started request=<Request [b'POST']>
2025-06-23 05:58:58,405 - httpcore.http11 - DEBUG - send_request_body.complete
2025-06-23 05:58:58,406 - httpcore.http11 - DEBUG - receive_response_headers.started request=<Request [b'POST']>
2025-06-23 05:59:08,487 - httpcore.http11 - DEBUG - receive_response_headers.complete return_value=(b'HTTP/1.1', 200, b'OK', [(b'Server', b'nginx/1.18.0'), (b'Date', b'Mon, 23 Jun 2025 04:59:10 GMT'), (b'Content-Type', b'application/json'), (b'Content-Length', b'23'), (b'Connection', b'keep-alive'), (b'Strict-Transport-Security', b'max-age=31536000; includeSubDomains; preload'), (b'Access-Control-Allow-Origin', b'*'), (b'Access-Control-Allow-Methods', b'GET, POST, OPTIONS'), (b'Access-Control-Expose-Headers', b'Content-Length,Content-Type,Date,Server,Connection')])
2025-06-23 05:59:08,489 - httpx - INFO - HTTP Request: POST https://api.telegram.org/bot7707158318:AAE8rWa4Q8Z_3avql6K0HAmXaooZAReoNF0/getUpdates "HTTP/1.1 200 OK"
2025-06-23 05:59:08,489 - httpcore.http11 - DEBUG - receive_response_body.started request=<Request [b'POST']>
2025-06-23 05:59:08,489 - httpcore.http11 - DEBUG - receive_response_body.complete
2025-06-23 05:59:08,489 - httpcore.http11 - DEBUG - response_closed.started
2025-06-23 05:59:08,489 - httpcore.http11 - DEBUG - response_closed.complete
2025-06-23 05:59:08,491 - telegram.ext.ExtBot - DEBUG - No new updates found.
2025-06-23 05:59:08,491 - telegram.ext.ExtBot - DEBUG - ()
2025-06-23 05:59:08,491 - telegram.ext.ExtBot - DEBUG - Exiting: get_updates
2025-06-23 05:59:08,491 - telegram.ext.ExtBot - DEBUG - Entering: get_updates
2025-06-23 05:59:08,493 - httpcore.http11 - DEBUG - send_request_headers.started request=<Request [b'POST']>
2025-06-23 05:59:08,493 - httpcore.http11 - DEBUG - send_request_headers.complete
2025-06-23 05:59:08,493 - httpcore.http11 - DEBUG - send_request_body.started request=<Request [b'POST']>
2025-06-23 05:59:08,493 - httpcore.http11 - DEBUG - send_request_body.complete
2025-06-23 05:59:08,493 - httpcore.http11 - DEBUG - receive_response_headers.started request=<Request [b'POST']>
2025-06-23 05:59:18,576 - httpcore.http11 - DEBUG - receive_response_headers.complete return_value=(b'HTTP/1.1', 200, b'OK', [(b'Server', b'nginx/1.18.0'), (b'Date', b'Mon, 23 Jun 2025 04:59:20 GMT'), (b'Content-Type', b'application/json'), (b'Content-Length', b'23'), (b'Connection', b'close'), (b'Strict-Transport-Security', b'max-age=31536000; includeSubDomains; preload'), (b'Access-Control-Allow-Origin', b'*'), (b'Access-Control-Allow-Methods', b'GET, POST, OPTIONS'), (b'Access-Control-Expose-Headers', b'Content-Length,Content-Type,Date,Server,Connection')])
2025-06-23 05:59:18,576 - httpx - INFO - HTTP Request: POST https://api.telegram.org/bot7707158318:AAE8rWa4Q8Z_3avql6K0HAmXaooZAReoNF0/getUpdates "HTTP/1.1 200 OK"
2025-06-23 05:59:18,577 - httpcore.http11 - DEBUG - receive_response_body.started request=<Request [b'POST']>
2025-06-23 05:59:18,577 - httpcore.http11 - DEBUG - receive_response_body.complete
2025-06-23 05:59:18,577 - httpcore.http11 - DEBUG - response_closed.started
2025-06-23 05:59:18,578 - httpcore.http11 - DEBUG - response_closed.complete
2025-06-23 05:59:18,578 - telegram.ext.ExtBot - DEBUG - No new updates found.
2025-06-23 05:59:18,578 - telegram.ext.ExtBot - DEBUG - ()
2025-06-23 05:59:18,578 - telegram.ext.ExtBot - DEBUG - Exiting: get_updates
2025-06-23 05:59:18,578 - telegram.ext.ExtBot - DEBUG - Entering: get_updates
2025-06-23 05:59:18,578 - httpcore.connection - DEBUG - connect_tcp.started host='api.telegram.org' port=443 local_address=None timeout=5.0 socket_options=None
2025-06-23 05:59:18,677 - httpcore.connection - DEBUG - connect_tcp.complete return_value=<httpcore._backends.anyio.AnyIOStream object at 0x0000024B2C560B80>
2025-06-23 05:59:18,677 - httpcore.connection - DEBUG - start_tls.started ssl_context=<ssl.SSLContext object at 0x0000024B2B3F9BC0> server_hostname='api.telegram.org' timeout=5.0
2025-06-23 05:59:18,772 - httpcore.connection - DEBUG - start_tls.complete return_value=<httpcore._backends.anyio.AnyIOStream object at 0x0000024B2C560100>
2025-06-23 05:59:18,773 - httpcore.http11 - DEBUG - send_request_headers.started request=<Request [b'POST']>
2025-06-23 05:59:18,773 - httpcore.http11 - DEBUG - send_request_headers.complete
2025-06-23 05:59:18,773 - httpcore.http11 - DEBUG - send_request_body.started request=<Request [b'POST']>
2025-06-23 05:59:18,773 - httpcore.http11 - DEBUG - send_request_body.complete
2025-06-23 05:59:18,774 - httpcore.http11 - DEBUG - receive_response_headers.started request=<Request [b'POST']>
2025-06-23 05:59:28,854 - httpcore.http11 - DEBUG - receive_response_headers.complete return_value=(b'HTTP/1.1', 200, b'OK', [(b'Server', b'nginx/1.18.0'), (b'Date', b'Mon, 23 Jun 2025 04:59:31 GMT'), (b'Content-Type', b'application/json'), (b'Content-Length', b'23'), (b'Connection', b'keep-alive'), (b'Strict-Transport-Security', b'max-age=31536000; includeSubDomains; preload'), (b'Access-Control-Allow-Origin', b'*'), (b'Access-Control-Allow-Methods', b'GET, POST, OPTIONS'), (b'Access-Control-Expose-Headers', b'Content-Length,Content-Type,Date,Server,Connection')])
2025-06-23 05:59:28,854 - httpx - INFO - HTTP Request: POST https://api.telegram.org/bot7707158318:AAE8rWa4Q8Z_3avql6K0HAmXaooZAReoNF0/getUpdates "HTTP/1.1 200 OK"
2025-06-23 05:59:28,854 - httpcore.http11 - DEBUG - receive_response_body.started request=<Request [b'POST']>
2025-06-23 05:59:28,856 - httpcore.http11 - DEBUG - receive_response_body.complete
2025-06-23 05:59:28,856 - httpcore.http11 - DEBUG - response_closed.started
2025-06-23 05:59:28,856 - httpcore.http11 - DEBUG - response_closed.complete
2025-06-23 05:59:28,856 - telegram.ext.ExtBot - DEBUG - No new updates found.
2025-06-23 05:59:28,856 - telegram.ext.ExtBot - DEBUG - ()
2025-06-23 05:59:28,856 - telegram.ext.ExtBot - DEBUG - Exiting: get_updates
2025-06-23 05:59:28,856 - telegram.ext.ExtBot - DEBUG - Entering: get_updates
2025-06-23 05:59:28,856 - httpcore.http11 - DEBUG - send_request_headers.started request=<Request [b'POST']>
2025-06-23 05:59:28,858 - httpcore.http11 - DEBUG - send_request_headers.complete
2025-06-23 05:59:28,858 - httpcore.http11 - DEBUG - send_request_body.started request=<Request [b'POST']>
2025-06-23 05:59:28,858 - httpcore.http11 - DEBUG - send_request_body.complete
2025-06-23 05:59:28,858 - httpcore.http11 - DEBUG - receive_response_headers.started request=<Request [b'POST']>
2025-06-23 05:59:38,945 - httpcore.http11 - DEBUG - receive_response_headers.complete return_value=(b'HTTP/1.1', 200, b'OK', [(b'Server', b'nginx/1.18.0'), (b'Date', b'Mon, 23 Jun 2025 04:59:41 GMT'), (b'Content-Type', b'application/json'), (b'Content-Length', b'23'), (b'Connection', b'keep-alive'), (b'Strict-Transport-Security', b'max-age=31536000; includeSubDomains; preload'), (b'Access-Control-Allow-Origin', b'*'), (b'Access-Control-Allow-Methods', b'GET, POST, OPTIONS'), (b'Access-Control-Expose-Headers', b'Content-Length,Content-Type,Date,Server,Connection')])
2025-06-23 05:59:38,945 - httpx - INFO - HTTP Request: POST https://api.telegram.org/bot7707158318:AAE8rWa4Q8Z_3avql6K0HAmXaooZAReoNF0/getUpdates "HTTP/1.1 200 OK"
2025-06-23 05:59:38,945 - httpcore.http11 - DEBUG - receive_response_body.started request=<Request [b'POST']>
2025-06-23 05:59:38,945 - httpcore.http11 - DEBUG - receive_response_body.complete
2025-06-23 05:59:38,945 - httpcore.http11 - DEBUG - response_closed.started
2025-06-23 05:59:38,945 - httpcore.http11 - DEBUG - response_closed.complete
2025-06-23 05:59:38,951 - telegram.ext.ExtBot - DEBUG - No new updates found.
2025-06-23 05:59:38,951 - telegram.ext.ExtBot - DEBUG - ()
2025-06-23 05:59:38,951 - telegram.ext.ExtBot - DEBUG - Exiting: get_updates
2025-06-23 05:59:38,951 - telegram.ext.ExtBot - DEBUG - Entering: get_updates
2025-06-23 05:59:38,951 - httpcore.http11 - DEBUG - send_request_headers.started request=<Request [b'POST']>
2025-06-23 05:59:38,954 - httpcore.http11 - DEBUG - send_request_headers.complete
2025-06-23 05:59:38,954 - httpcore.http11 - DEBUG - send_request_body.started request=<Request [b'POST']>
2025-06-23 05:59:38,956 - httpcore.http11 - DEBUG - send_request_body.complete
2025-06-23 05:59:38,956 - httpcore.http11 - DEBUG - receive_response_headers.started request=<Request [b'POST']>
2025-06-23 05:59:49,108 - httpcore.http11 - DEBUG - receive_response_headers.complete return_value=(b'HTTP/1.1', 200, b'OK', [(b'Server', b'nginx/1.18.0'), (b'Date', b'Mon, 23 Jun 2025 04:59:51 GMT'), (b'Content-Type', b'application/json'), (b'Content-Length', b'23'), (b'Connection', b'keep-alive'), (b'Strict-Transport-Security', b'max-age=31536000; includeSubDomains; preload'), (b'Access-Control-Allow-Origin', b'*'), (b'Access-Control-Allow-Methods', b'GET, POST, OPTIONS'), (b'Access-Control-Expose-Headers', b'Content-Length,Content-Type,Date,Server,Connection')])
2025-06-23 05:59:49,108 - httpx - INFO - HTTP Request: POST https://api.telegram.org/bot7707158318:AAE8rWa4Q8Z_3avql6K0HAmXaooZAReoNF0/getUpdates "HTTP/1.1 200 OK"
2025-06-23 05:59:49,108 - httpcore.http11 - DEBUG - receive_response_body.started request=<Request [b'POST']>
2025-06-23 05:59:49,108 - httpcore.http11 - DEBUG - receive_response_body.complete
2025-06-23 05:59:49,111 - httpcore.http11 - DEBUG - response_closed.started
2025-06-23 05:59:49,111 - httpcore.http11 - DEBUG - response_closed.complete
2025-06-23 05:59:49,111 - telegram.ext.ExtBot - DEBUG - No new updates found.
2025-06-23 05:59:49,111 - telegram.ext.ExtBot - DEBUG - ()
2025-06-23 05:59:49,111 - telegram.ext.ExtBot - DEBUG - Exiting: get_updates
2025-06-23 05:59:49,111 - telegram.ext.ExtBot - DEBUG - Entering: get_updates
2025-06-23 05:59:49,112 - httpcore.http11 - DEBUG - send_request_headers.started request=<Request [b'POST']>
2025-06-23 05:59:49,112 - httpcore.http11 - DEBUG - send_request_headers.complete
2025-06-23 05:59:49,112 - httpcore.http11 - DEBUG - send_request_body.started request=<Request [b'POST']>
2025-06-23 05:59:49,112 - httpcore.http11 - DEBUG - send_request_body.complete
2025-06-23 05:59:49,112 - httpcore.http11 - DEBUG - receive_response_headers.started request=<Request [b'POST']>
2025-06-23 05:59:59,348 - httpcore.http11 - DEBUG - receive_response_headers.complete return_value=(b'HTTP/1.1', 200, b'OK', [(b'Server', b'nginx/1.18.0'), (b'Date', b'Mon, 23 Jun 2025 05:00:01 GMT'), (b'Content-Type', b'application/json'), (b'Content-Length', b'23'), (b'Connection', b'keep-alive'), (b'Strict-Transport-Security', b'max-age=31536000; includeSubDomains; preload'), (b'Access-Control-Allow-Origin', b'*'), (b'Access-Control-Allow-Methods', b'GET, POST, OPTIONS'), (b'Access-Control-Expose-Headers', b'Content-Length,Content-Type,Date,Server,Connection')])
2025-06-23 05:59:59,349 - httpx - INFO - HTTP Request: POST https://api.telegram.org/bot7707158318:AAE8rWa4Q8Z_3avql6K0HAmXaooZAReoNF0/getUpdates "HTTP/1.1 200 OK"
2025-06-23 05:59:59,350 - httpcore.http11 - DEBUG - receive_response_body.started request=<Request [b'POST']>
2025-06-23 05:59:59,351 - httpcore.http11 - DEBUG - receive_response_body.complete
2025-06-23 05:59:59,351 - httpcore.http11 - DEBUG - response_closed.started
2025-06-23 05:59:59,351 - httpcore.http11 - DEBUG - response_closed.complete
2025-06-23 05:59:59,351 - telegram.ext.ExtBot - DEBUG - No new updates found.
2025-06-23 05:59:59,351 - telegram.ext.ExtBot - DEBUG - ()
2025-06-23 05:59:59,351 - telegram.ext.ExtBot - DEBUG - Exiting: get_updates
2025-06-23 05:59:59,351 - telegram.ext.ExtBot - DEBUG - Entering: get_updates
2025-06-23 05:59:59,352 - httpcore.http11 - DEBUG - send_request_headers.started request=<Request [b'POST']>
2025-06-23 05:59:59,352 - httpcore.http11 - DEBUG - send_request_headers.complete
2025-06-23 05:59:59,352 - httpcore.http11 - DEBUG - send_request_body.started request=<Request [b'POST']>
2025-06-23 05:59:59,352 - httpcore.http11 - DEBUG - send_request_body.complete
2025-06-23 05:59:59,352 - httpcore.http11 - DEBUG - receive_response_headers.started request=<Request [b'POST']>
2025-06-23 06:00:09,586 - httpcore.http11 - DEBUG - receive_response_headers.complete return_value=(b'HTTP/1.1', 200, b'OK', [(b'Server', b'nginx/1.18.0'), (b'Date', b'Mon, 23 Jun 2025 05:00:11 GMT'), (b'Content-Type', b'application/json'), (b'Content-Length', b'23'), (b'Connection', b'keep-alive'), (b'Strict-Transport-Security', b'max-age=31536000; includeSubDomains; preload'), (b'Access-Control-Allow-Origin', b'*'), (b'Access-Control-Allow-Methods', b'GET, POST, OPTIONS'), (b'Access-Control-Expose-Headers', b'Content-Length,Content-Type,Date,Server,Connection')])
2025-06-23 06:00:09,586 - httpx - INFO - HTTP Request: POST https://api.telegram.org/bot7707158318:AAE8rWa4Q8Z_3avql6K0HAmXaooZAReoNF0/getUpdates "HTTP/1.1 200 OK"
2025-06-23 06:00:09,586 - httpcore.http11 - DEBUG - receive_response_body.started request=<Request [b'POST']>
2025-06-23 06:00:09,586 - httpcore.http11 - DEBUG - receive_response_body.complete
2025-06-23 06:00:09,591 - httpcore.http11 - DEBUG - response_closed.started
2025-06-23 06:00:09,591 - httpcore.http11 - DEBUG - response_closed.complete
2025-06-23 06:00:09,591 - telegram.ext.ExtBot - DEBUG - No new updates found.
2025-06-23 06:00:09,591 - telegram.ext.ExtBot - DEBUG - ()
2025-06-23 06:00:09,591 - telegram.ext.ExtBot - DEBUG - Exiting: get_updates
2025-06-23 06:00:09,591 - telegram.ext.ExtBot - DEBUG - Entering: get_updates
2025-06-23 06:00:09,591 - httpcore.http11 - DEBUG - send_request_headers.started request=<Request [b'POST']>
2025-06-23 06:00:09,593 - httpcore.http11 - DEBUG - send_request_headers.complete
2025-06-23 06:00:09,593 - httpcore.http11 - DEBUG - send_request_body.started request=<Request [b'POST']>
2025-06-23 06:00:09,594 - httpcore.http11 - DEBUG - send_request_body.complete
2025-06-23 06:00:09,594 - httpcore.http11 - DEBUG - receive_response_headers.started request=<Request [b'POST']>
2025-06-23 06:00:20,169 - httpcore.http11 - DEBUG - receive_response_headers.complete return_value=(b'HTTP/1.1', 200, b'OK', [(b'Server', b'nginx/1.18.0'), (b'Date', b'Mon, 23 Jun 2025 05:00:21 GMT'), (b'Content-Type', b'application/json'), (b'Content-Length', b'23'), (b'Connection', b'keep-alive'), (b'Strict-Transport-Security', b'max-age=31536000; includeSubDomains; preload'), (b'Access-Control-Allow-Origin', b'*'), (b'Access-Control-Allow-Methods', b'GET, POST, OPTIONS'), (b'Access-Control-Expose-Headers', b'Content-Length,Content-Type,Date,Server,Connection')])
2025-06-23 06:00:20,169 - httpx - INFO - HTTP Request: POST https://api.telegram.org/bot7707158318:AAE8rWa4Q8Z_3avql6K0HAmXaooZAReoNF0/getUpdates "HTTP/1.1 200 OK"
2025-06-23 06:00:20,170 - httpcore.http11 - DEBUG - receive_response_body.started request=<Request [b'POST']>
2025-06-23 06:00:20,170 - httpcore.http11 - DEBUG - receive_response_body.complete
2025-06-23 06:00:20,171 - httpcore.http11 - DEBUG - response_closed.started
2025-06-23 06:00:20,171 - httpcore.http11 - DEBUG - response_closed.complete
2025-06-23 06:00:20,172 - telegram.ext.ExtBot - DEBUG - No new updates found.
2025-06-23 06:00:20,172 - telegram.ext.ExtBot - DEBUG - ()
2025-06-23 06:00:20,172 - telegram.ext.ExtBot - DEBUG - Exiting: get_updates
2025-06-23 06:00:20,172 - telegram.ext.ExtBot - DEBUG - Entering: get_updates
2025-06-23 06:00:20,173 - httpcore.http11 - DEBUG - send_request_headers.started request=<Request [b'POST']>
2025-06-23 06:00:20,173 - httpcore.http11 - DEBUG - send_request_headers.complete
2025-06-23 06:00:20,175 - httpcore.http11 - DEBUG - send_request_body.started request=<Request [b'POST']>
2025-06-23 06:00:20,175 - httpcore.http11 - DEBUG - send_request_body.complete
2025-06-23 06:00:20,175 - httpcore.http11 - DEBUG - receive_response_headers.started request=<Request [b'POST']>
2025-06-23 06:00:30,347 - httpcore.http11 - DEBUG - receive_response_headers.complete return_value=(b'HTTP/1.1', 200, b'OK', [(b'Server', b'nginx/1.18.0'), (b'Date', b'Mon, 23 Jun 2025 05:00:32 GMT'), (b'Content-Type', b'application/json'), (b'Content-Length', b'23'), (b'Connection', b'keep-alive'), (b'Strict-Transport-Security', b'max-age=31536000; includeSubDomains; preload'), (b'Access-Control-Allow-Origin', b'*'), (b'Access-Control-Allow-Methods', b'GET, POST, OPTIONS'), (b'Access-Control-Expose-Headers', b'Content-Length,Content-Type,Date,Server,Connection')])
2025-06-23 06:00:30,347 - httpx - INFO - HTTP Request: POST https://api.telegram.org/bot7707158318:AAE8rWa4Q8Z_3avql6K0HAmXaooZAReoNF0/getUpdates "HTTP/1.1 200 OK"
2025-06-23 06:00:30,347 - httpcore.http11 - DEBUG - receive_response_body.started request=<Request [b'POST']>
2025-06-23 06:00:30,347 - httpcore.http11 - DEBUG - receive_response_body.complete
2025-06-23 06:00:30,347 - httpcore.http11 - DEBUG - response_closed.started
2025-06-23 06:00:30,347 - httpcore.http11 - DEBUG - response_closed.complete
2025-06-23 06:00:30,347 - telegram.ext.ExtBot - DEBUG - No new updates found.
2025-06-23 06:00:30,347 - telegram.ext.ExtBot - DEBUG - ()
2025-06-23 06:00:30,347 - telegram.ext.ExtBot - DEBUG - Exiting: get_updates
2025-06-23 06:00:30,347 - telegram.ext.ExtBot - DEBUG - Entering: get_updates
2025-06-23 06:00:30,350 - httpcore.http11 - DEBUG - send_request_headers.started request=<Request [b'POST']>
2025-06-23 06:00:30,350 - httpcore.http11 - DEBUG - send_request_headers.complete
2025-06-23 06:00:30,350 - httpcore.http11 - DEBUG - send_request_body.started request=<Request [b'POST']>
2025-06-23 06:00:30,350 - httpcore.http11 - DEBUG - send_request_body.complete
2025-06-23 06:00:30,350 - httpcore.http11 - DEBUG - receive_response_headers.started request=<Request [b'POST']>
2025-06-23 06:00:40,587 - httpcore.http11 - DEBUG - receive_response_headers.complete return_value=(b'HTTP/1.1', 200, b'OK', [(b'Server', b'nginx/1.18.0'), (b'Date', b'Mon, 23 Jun 2025 05:00:42 GMT'), (b'Content-Type', b'application/json'), (b'Content-Length', b'23'), (b'Connection', b'keep-alive'), (b'Strict-Transport-Security', b'max-age=31536000; includeSubDomains; preload'), (b'Access-Control-Allow-Origin', b'*'), (b'Access-Control-Allow-Methods', b'GET, POST, OPTIONS'), (b'Access-Control-Expose-Headers', b'Content-Length,Content-Type,Date,Server,Connection')])
2025-06-23 06:00:40,587 - httpx - INFO - HTTP Request: POST https://api.telegram.org/bot7707158318:AAE8rWa4Q8Z_3avql6K0HAmXaooZAReoNF0/getUpdates "HTTP/1.1 200 OK"
2025-06-23 06:00:40,587 - httpcore.http11 - DEBUG - receive_response_body.started request=<Request [b'POST']>
2025-06-23 06:00:40,587 - httpcore.http11 - DEBUG - receive_response_body.complete
2025-06-23 06:00:40,587 - httpcore.http11 - DEBUG - response_closed.started
2025-06-23 06:00:40,587 - httpcore.http11 - DEBUG - response_closed.complete
2025-06-23 06:00:40,587 - telegram.ext.ExtBot - DEBUG - No new updates found.
2025-06-23 06:00:40,587 - telegram.ext.ExtBot - DEBUG - ()
2025-06-23 06:00:40,587 - telegram.ext.ExtBot - DEBUG - Exiting: get_updates
2025-06-23 06:00:40,587 - telegram.ext.ExtBot - DEBUG - Entering: get_updates
2025-06-23 06:00:40,591 - httpcore.http11 - DEBUG - send_request_headers.started request=<Request [b'POST']>
2025-06-23 06:00:40,591 - httpcore.http11 - DEBUG - send_request_headers.complete
2025-06-23 06:00:40,591 - httpcore.http11 - DEBUG - send_request_body.started request=<Request [b'POST']>
2025-06-23 06:00:40,591 - httpcore.http11 - DEBUG - send_request_body.complete
2025-06-23 06:00:40,591 - httpcore.http11 - DEBUG - receive_response_headers.started request=<Request [b'POST']>
2025-06-23 06:00:50,828 - httpcore.http11 - DEBUG - receive_response_headers.complete return_value=(b'HTTP/1.1', 200, b'OK', [(b'Server', b'nginx/1.18.0'), (b'Date', b'Mon, 23 Jun 2025 05:00:52 GMT'), (b'Content-Type', b'application/json'), (b'Content-Length', b'23'), (b'Connection', b'keep-alive'), (b'Strict-Transport-Security', b'max-age=31536000; includeSubDomains; preload'), (b'Access-Control-Allow-Origin', b'*'), (b'Access-Control-Allow-Methods', b'GET, POST, OPTIONS'), (b'Access-Control-Expose-Headers', b'Content-Length,Content-Type,Date,Server,Connection')])
2025-06-23 06:00:50,829 - httpx - INFO - HTTP Request: POST https://api.telegram.org/bot7707158318:AAE8rWa4Q8Z_3avql6K0HAmXaooZAReoNF0/getUpdates "HTTP/1.1 200 OK"
2025-06-23 06:00:50,830 - httpcore.http11 - DEBUG - receive_response_body.started request=<Request [b'POST']>
2025-06-23 06:00:50,830 - httpcore.http11 - DEBUG - receive_response_body.complete
2025-06-23 06:00:50,830 - httpcore.http11 - DEBUG - response_closed.started
2025-06-23 06:00:50,831 - httpcore.http11 - DEBUG - response_closed.complete
2025-06-23 06:00:50,831 - telegram.ext.ExtBot - DEBUG - No new updates found.
2025-06-23 06:00:50,831 - telegram.ext.ExtBot - DEBUG - ()
2025-06-23 06:00:50,831 - telegram.ext.ExtBot - DEBUG - Exiting: get_updates
2025-06-23 06:00:50,831 - telegram.ext.ExtBot - DEBUG - Entering: get_updates
2025-06-23 06:00:50,833 - httpcore.http11 - DEBUG - send_request_headers.started request=<Request [b'POST']>
2025-06-23 06:00:50,834 - httpcore.http11 - DEBUG - send_request_headers.complete
2025-06-23 06:00:50,834 - httpcore.http11 - DEBUG - send_request_body.started request=<Request [b'POST']>
2025-06-23 06:00:50,834 - httpcore.http11 - DEBUG - send_request_body.complete
2025-06-23 06:00:50,835 - httpcore.http11 - DEBUG - receive_response_headers.started request=<Request [b'POST']>
2025-06-23 06:01:01,069 - httpcore.http11 - DEBUG - receive_response_headers.complete return_value=(b'HTTP/1.1', 200, b'OK', [(b'Server', b'nginx/1.18.0'), (b'Date', b'Mon, 23 Jun 2025 05:01:03 GMT'), (b'Content-Type', b'application/json'), (b'Content-Length', b'23'), (b'Connection', b'keep-alive'), (b'Strict-Transport-Security', b'max-age=31536000; includeSubDomains; preload'), (b'Access-Control-Allow-Origin', b'*'), (b'Access-Control-Allow-Methods', b'GET, POST, OPTIONS'), (b'Access-Control-Expose-Headers', b'Content-Length,Content-Type,Date,Server,Connection')])
2025-06-23 06:01:01,069 - httpx - INFO - HTTP Request: POST https://api.telegram.org/bot7707158318:AAE8rWa4Q8Z_3avql6K0HAmXaooZAReoNF0/getUpdates "HTTP/1.1 200 OK"
2025-06-23 06:01:01,070 - httpcore.http11 - DEBUG - receive_response_body.started request=<Request [b'POST']>
2025-06-23 06:01:01,070 - httpcore.http11 - DEBUG - receive_response_body.complete
2025-06-23 06:01:01,070 - httpcore.http11 - DEBUG - response_closed.started
2025-06-23 06:01:01,070 - httpcore.http11 - DEBUG - response_closed.complete
2025-06-23 06:01:01,072 - telegram.ext.ExtBot - DEBUG - No new updates found.
2025-06-23 06:01:01,072 - telegram.ext.ExtBot - DEBUG - ()
2025-06-23 06:01:01,072 - telegram.ext.ExtBot - DEBUG - Exiting: get_updates
2025-06-23 06:01:01,072 - telegram.ext.ExtBot - DEBUG - Entering: get_updates
2025-06-23 06:01:01,073 - httpcore.http11 - DEBUG - send_request_headers.started request=<Request [b'POST']>
2025-06-23 06:01:01,075 - httpcore.http11 - DEBUG - send_request_headers.complete
2025-06-23 06:01:01,075 - httpcore.http11 - DEBUG - send_request_body.started request=<Request [b'POST']>
2025-06-23 06:01:01,075 - httpcore.http11 - DEBUG - send_request_body.complete
2025-06-23 06:01:01,077 - httpcore.http11 - DEBUG - receive_response_headers.started request=<Request [b'POST']>
2025-06-23 06:01:11,308 - httpcore.http11 - DEBUG - receive_response_headers.complete return_value=(b'HTTP/1.1', 200, b'OK', [(b'Server', b'nginx/1.18.0'), (b'Date', b'Mon, 23 Jun 2025 05:01:13 GMT'), (b'Content-Type', b'application/json'), (b'Content-Length', b'23'), (b'Connection', b'keep-alive'), (b'Strict-Transport-Security', b'max-age=31536000; includeSubDomains; preload'), (b'Access-Control-Allow-Origin', b'*'), (b'Access-Control-Allow-Methods', b'GET, POST, OPTIONS'), (b'Access-Control-Expose-Headers', b'Content-Length,Content-Type,Date,Server,Connection')])
2025-06-23 06:01:11,309 - httpx - INFO - HTTP Request: POST https://api.telegram.org/bot7707158318:AAE8rWa4Q8Z_3avql6K0HAmXaooZAReoNF0/getUpdates "HTTP/1.1 200 OK"
2025-06-23 06:01:11,309 - httpcore.http11 - DEBUG - receive_response_body.started request=<Request [b'POST']>
2025-06-23 06:01:11,311 - httpcore.http11 - DEBUG - receive_response_body.complete
2025-06-23 06:01:11,311 - httpcore.http11 - DEBUG - response_closed.started
2025-06-23 06:01:11,311 - httpcore.http11 - DEBUG - response_closed.complete
2025-06-23 06:01:11,311 - telegram.ext.ExtBot - DEBUG - No new updates found.
2025-06-23 06:01:11,311 - telegram.ext.ExtBot - DEBUG - ()
2025-06-23 06:01:11,311 - telegram.ext.ExtBot - DEBUG - Exiting: get_updates
2025-06-23 06:01:11,311 - telegram.ext.ExtBot - DEBUG - Entering: get_updates
2025-06-23 06:01:11,313 - httpcore.http11 - DEBUG - send_request_headers.started request=<Request [b'POST']>
2025-06-23 06:01:11,314 - httpcore.http11 - DEBUG - send_request_headers.complete
2025-06-23 06:01:11,314 - httpcore.http11 - DEBUG - send_request_body.started request=<Request [b'POST']>
2025-06-23 06:01:11,315 - httpcore.http11 - DEBUG - send_request_body.complete
2025-06-23 06:01:11,315 - httpcore.http11 - DEBUG - receive_response_headers.started request=<Request [b'POST']>
2025-06-23 06:01:21,393 - httpcore.http11 - DEBUG - receive_response_headers.complete return_value=(b'HTTP/1.1', 200, b'OK', [(b'Server', b'nginx/1.18.0'), (b'Date', b'Mon, 23 Jun 2025 05:01:23 GMT'), (b'Content-Type', b'application/json'), (b'Content-Length', b'23'), (b'Connection', b'keep-alive'), (b'Strict-Transport-Security', b'max-age=31536000; includeSubDomains; preload'), (b'Access-Control-Allow-Origin', b'*'), (b'Access-Control-Allow-Methods', b'GET, POST, OPTIONS'), (b'Access-Control-Expose-Headers', b'Content-Length,Content-Type,Date,Server,Connection')])
2025-06-23 06:01:21,393 - httpx - INFO - HTTP Request: POST https://api.telegram.org/bot7707158318:AAE8rWa4Q8Z_3avql6K0HAmXaooZAReoNF0/getUpdates "HTTP/1.1 200 OK"
2025-06-23 06:01:21,393 - httpcore.http11 - DEBUG - receive_response_body.started request=<Request [b'POST']>
2025-06-23 06:01:21,393 - httpcore.http11 - DEBUG - receive_response_body.complete
2025-06-23 06:01:21,393 - httpcore.http11 - DEBUG - response_closed.started
2025-06-23 06:01:21,393 - httpcore.http11 - DEBUG - response_closed.complete
2025-06-23 06:01:21,393 - telegram.ext.ExtBot - DEBUG - No new updates found.
2025-06-23 06:01:21,393 - telegram.ext.ExtBot - DEBUG - ()
2025-06-23 06:01:21,393 - telegram.ext.ExtBot - DEBUG - Exiting: get_updates
2025-06-23 06:01:21,393 - telegram.ext.ExtBot - DEBUG - Entering: get_updates
2025-06-23 06:01:21,402 - httpcore.http11 - DEBUG - send_request_headers.started request=<Request [b'POST']>
2025-06-23 06:01:21,404 - httpcore.http11 - DEBUG - send_request_headers.complete
2025-06-23 06:01:21,404 - httpcore.http11 - DEBUG - send_request_body.started request=<Request [b'POST']>
2025-06-23 06:01:21,404 - httpcore.http11 - DEBUG - send_request_body.complete
2025-06-23 06:01:21,404 - httpcore.http11 - DEBUG - receive_response_headers.started request=<Request [b'POST']>
2025-06-23 06:01:31,788 - httpcore.http11 - DEBUG - receive_response_headers.complete return_value=(b'HTTP/1.1', 200, b'OK', [(b'Server', b'nginx/1.18.0'), (b'Date', b'Mon, 23 Jun 2025 05:01:33 GMT'), (b'Content-Type', b'application/json'), (b'Content-Length', b'23'), (b'Connection', b'keep-alive'), (b'Strict-Transport-Security', b'max-age=31536000; includeSubDomains; preload'), (b'Access-Control-Allow-Origin', b'*'), (b'Access-Control-Allow-Methods', b'GET, POST, OPTIONS'), (b'Access-Control-Expose-Headers', b'Content-Length,Content-Type,Date,Server,Connection')])
2025-06-23 06:01:31,791 - httpx - INFO - HTTP Request: POST https://api.telegram.org/bot7707158318:AAE8rWa4Q8Z_3avql6K0HAmXaooZAReoNF0/getUpdates "HTTP/1.1 200 OK"
2025-06-23 06:01:31,791 - httpcore.http11 - DEBUG - receive_response_body.started request=<Request [b'POST']>
2025-06-23 06:01:31,791 - httpcore.http11 - DEBUG - receive_response_body.complete
2025-06-23 06:01:31,791 - httpcore.http11 - DEBUG - response_closed.started
2025-06-23 06:01:31,793 - httpcore.http11 - DEBUG - response_closed.complete
2025-06-23 06:01:31,793 - telegram.ext.ExtBot - DEBUG - No new updates found.
2025-06-23 06:01:31,793 - telegram.ext.ExtBot - DEBUG - ()
2025-06-23 06:01:31,793 - telegram.ext.ExtBot - DEBUG - Exiting: get_updates
2025-06-23 06:01:31,793 - telegram.ext.ExtBot - DEBUG - Entering: get_updates
2025-06-23 06:01:31,795 - httpcore.http11 - DEBUG - send_request_headers.started request=<Request [b'POST']>
2025-06-23 06:01:31,798 - httpcore.http11 - DEBUG - send_request_headers.complete
2025-06-23 06:01:31,798 - httpcore.http11 - DEBUG - send_request_body.started request=<Request [b'POST']>
2025-06-23 06:01:31,798 - httpcore.http11 - DEBUG - send_request_body.complete
2025-06-23 06:01:31,798 - httpcore.http11 - DEBUG - receive_response_headers.started request=<Request [b'POST']>
2025-06-23 06:01:41,883 - httpcore.http11 - DEBUG - receive_response_headers.complete return_value=(b'HTTP/1.1', 200, b'OK', [(b'Server', b'nginx/1.18.0'), (b'Date', b'Mon, 23 Jun 2025 05:01:44 GMT'), (b'Content-Type', b'application/json'), (b'Content-Length', b'23'), (b'Connection', b'keep-alive'), (b'Strict-Transport-Security', b'max-age=31536000; includeSubDomains; preload'), (b'Access-Control-Allow-Origin', b'*'), (b'Access-Control-Allow-Methods', b'GET, POST, OPTIONS'), (b'Access-Control-Expose-Headers', b'Content-Length,Content-Type,Date,Server,Connection')])
2025-06-23 06:01:41,886 - httpx - INFO - HTTP Request: POST https://api.telegram.org/bot7707158318:AAE8rWa4Q8Z_3avql6K0HAmXaooZAReoNF0/getUpdates "HTTP/1.1 200 OK"
2025-06-23 06:01:41,888 - httpcore.http11 - DEBUG - receive_response_body.started request=<Request [b'POST']>
2025-06-23 06:01:41,889 - httpcore.http11 - DEBUG - receive_response_body.complete
2025-06-23 06:01:41,889 - httpcore.http11 - DEBUG - response_closed.started
2025-06-23 06:01:41,890 - httpcore.http11 - DEBUG - response_closed.complete
2025-06-23 06:01:41,892 - telegram.ext.ExtBot - DEBUG - No new updates found.
2025-06-23 06:01:41,892 - telegram.ext.ExtBot - DEBUG - ()
2025-06-23 06:01:41,892 - telegram.ext.ExtBot - DEBUG - Exiting: get_updates
2025-06-23 06:01:41,893 - telegram.ext.ExtBot - DEBUG - Entering: get_updates
2025-06-23 06:01:41,898 - httpcore.http11 - DEBUG - send_request_headers.started request=<Request [b'POST']>
2025-06-23 06:01:41,903 - httpcore.http11 - DEBUG - send_request_headers.complete
2025-06-23 06:01:41,905 - httpcore.http11 - DEBUG - send_request_body.started request=<Request [b'POST']>
2025-06-23 06:01:41,908 - httpcore.http11 - DEBUG - send_request_body.complete
2025-06-23 06:01:41,908 - httpcore.http11 - DEBUG - receive_response_headers.started request=<Request [b'POST']>
2025-06-23 06:01:52,208 - httpcore.http11 - DEBUG - receive_response_headers.complete return_value=(b'HTTP/1.1', 200, b'OK', [(b'Server', b'nginx/1.18.0'), (b'Date', b'Mon, 23 Jun 2025 05:01:54 GMT'), (b'Content-Type', b'application/json'), (b'Content-Length', b'23'), (b'Connection', b'keep-alive'), (b'Strict-Transport-Security', b'max-age=31536000; includeSubDomains; preload'), (b'Access-Control-Allow-Origin', b'*'), (b'Access-Control-Allow-Methods', b'GET, POST, OPTIONS'), (b'Access-Control-Expose-Headers', b'Content-Length,Content-Type,Date,Server,Connection')])
2025-06-23 06:01:52,210 - httpx - INFO - HTTP Request: POST https://api.telegram.org/bot7707158318:AAE8rWa4Q8Z_3avql6K0HAmXaooZAReoNF0/getUpdates "HTTP/1.1 200 OK"
2025-06-23 06:01:52,211 - httpcore.http11 - DEBUG - receive_response_body.started request=<Request [b'POST']>
2025-06-23 06:01:52,211 - httpcore.http11 - DEBUG - receive_response_body.complete
2025-06-23 06:01:52,211 - httpcore.http11 - DEBUG - response_closed.started
2025-06-23 06:01:52,212 - httpcore.http11 - DEBUG - response_closed.complete
2025-06-23 06:01:52,212 - telegram.ext.ExtBot - DEBUG - No new updates found.
2025-06-23 06:01:52,212 - telegram.ext.ExtBot - DEBUG - ()
2025-06-23 06:01:52,212 - telegram.ext.ExtBot - DEBUG - Exiting: get_updates
2025-06-23 06:01:52,212 - telegram.ext.ExtBot - DEBUG - Entering: get_updates
2025-06-23 06:01:52,217 - httpcore.http11 - DEBUG - send_request_headers.started request=<Request [b'POST']>
2025-06-23 06:01:52,218 - httpcore.http11 - DEBUG - send_request_headers.complete
2025-06-23 06:01:52,218 - httpcore.http11 - DEBUG - send_request_body.started request=<Request [b'POST']>
2025-06-23 06:01:52,220 - httpcore.http11 - DEBUG - send_request_body.complete
2025-06-23 06:01:52,220 - httpcore.http11 - DEBUG - receive_response_headers.started request=<Request [b'POST']>
2025-06-23 06:02:02,303 - httpcore.http11 - DEBUG - receive_response_headers.complete return_value=(b'HTTP/1.1', 200, b'OK', [(b'Server', b'nginx/1.18.0'), (b'Date', b'Mon, 23 Jun 2025 05:02:04 GMT'), (b'Content-Type', b'application/json'), (b'Content-Length', b'23'), (b'Connection', b'keep-alive'), (b'Strict-Transport-Security', b'max-age=31536000; includeSubDomains; preload'), (b'Access-Control-Allow-Origin', b'*'), (b'Access-Control-Allow-Methods', b'GET, POST, OPTIONS'), (b'Access-Control-Expose-Headers', b'Content-Length,Content-Type,Date,Server,Connection')])
2025-06-23 06:02:02,305 - httpx - INFO - HTTP Request: POST https://api.telegram.org/bot7707158318:AAE8rWa4Q8Z_3avql6K0HAmXaooZAReoNF0/getUpdates "HTTP/1.1 200 OK"
2025-06-23 06:02:02,307 - httpcore.http11 - DEBUG - receive_response_body.started request=<Request [b'POST']>
2025-06-23 06:02:02,308 - httpcore.http11 - DEBUG - receive_response_body.complete
2025-06-23 06:02:02,309 - httpcore.http11 - DEBUG - response_closed.started
2025-06-23 06:02:02,310 - httpcore.http11 - DEBUG - response_closed.complete
2025-06-23 06:02:02,311 - telegram.ext.ExtBot - DEBUG - No new updates found.
2025-06-23 06:02:02,312 - telegram.ext.ExtBot - DEBUG - ()
2025-06-23 06:02:02,312 - telegram.ext.ExtBot - DEBUG - Exiting: get_updates
2025-06-23 06:02:02,313 - telegram.ext.ExtBot - DEBUG - Entering: get_updates
2025-06-23 06:02:02,316 - httpcore.http11 - DEBUG - send_request_headers.started request=<Request [b'POST']>
2025-06-23 06:02:02,319 - httpcore.http11 - DEBUG - send_request_headers.complete
2025-06-23 06:02:02,319 - httpcore.http11 - DEBUG - send_request_body.started request=<Request [b'POST']>
2025-06-23 06:02:02,320 - httpcore.http11 - DEBUG - send_request_body.complete
2025-06-23 06:02:02,320 - httpcore.http11 - DEBUG - receive_response_headers.started request=<Request [b'POST']>
2025-06-23 06:02:12,428 - httpcore.http11 - DEBUG - receive_response_headers.complete return_value=(b'HTTP/1.1', 200, b'OK', [(b'Server', b'nginx/1.18.0'), (b'Date', b'Mon, 23 Jun 2025 05:02:14 GMT'), (b'Content-Type', b'application/json'), (b'Content-Length', b'23'), (b'Connection', b'keep-alive'), (b'Strict-Transport-Security', b'max-age=31536000; includeSubDomains; preload'), (b'Access-Control-Allow-Origin', b'*'), (b'Access-Control-Allow-Methods', b'GET, POST, OPTIONS'), (b'Access-Control-Expose-Headers', b'Content-Length,Content-Type,Date,Server,Connection')])
2025-06-23 06:02:12,428 - httpx - INFO - HTTP Request: POST https://api.telegram.org/bot7707158318:AAE8rWa4Q8Z_3avql6K0HAmXaooZAReoNF0/getUpdates "HTTP/1.1 200 OK"
2025-06-23 06:02:12,429 - httpcore.http11 - DEBUG - receive_response_body.started request=<Request [b'POST']>
2025-06-23 06:02:12,429 - httpcore.http11 - DEBUG - receive_response_body.complete
2025-06-23 06:02:12,429 - httpcore.http11 - DEBUG - response_closed.started
2025-06-23 06:02:12,429 - httpcore.http11 - DEBUG - response_closed.complete
2025-06-23 06:02:12,429 - telegram.ext.ExtBot - DEBUG - No new updates found.
2025-06-23 06:02:12,429 - telegram.ext.ExtBot - DEBUG - ()
2025-06-23 06:02:12,429 - telegram.ext.ExtBot - DEBUG - Exiting: get_updates
2025-06-23 06:02:12,429 - telegram.ext.ExtBot - DEBUG - Entering: get_updates
2025-06-23 06:02:12,430 - httpcore.http11 - DEBUG - send_request_headers.started request=<Request [b'POST']>
2025-06-23 06:02:12,430 - httpcore.http11 - DEBUG - send_request_headers.complete
2025-06-23 06:02:12,430 - httpcore.http11 - DEBUG - send_request_body.started request=<Request [b'POST']>
2025-06-23 06:02:12,431 - httpcore.http11 - DEBUG - send_request_body.complete
2025-06-23 06:02:12,431 - httpcore.http11 - DEBUG - receive_response_headers.started request=<Request [b'POST']>
2025-06-23 06:02:22,669 - httpcore.http11 - DEBUG - receive_response_headers.complete return_value=(b'HTTP/1.1', 200, b'OK', [(b'Server', b'nginx/1.18.0'), (b'Date', b'Mon, 23 Jun 2025 05:02:24 GMT'), (b'Content-Type', b'application/json'), (b'Content-Length', b'23'), (b'Connection', b'keep-alive'), (b'Strict-Transport-Security', b'max-age=31536000; includeSubDomains; preload'), (b'Access-Control-Allow-Origin', b'*'), (b'Access-Control-Allow-Methods', b'GET, POST, OPTIONS'), (b'Access-Control-Expose-Headers', b'Content-Length,Content-Type,Date,Server,Connection')])
2025-06-23 06:02:22,670 - httpx - INFO - HTTP Request: POST https://api.telegram.org/bot7707158318:AAE8rWa4Q8Z_3avql6K0HAmXaooZAReoNF0/getUpdates "HTTP/1.1 200 OK"
2025-06-23 06:02:22,670 - httpcore.http11 - DEBUG - receive_response_body.started request=<Request [b'POST']>
2025-06-23 06:02:22,670 - httpcore.http11 - DEBUG - receive_response_body.complete
2025-06-23 06:02:22,672 - httpcore.http11 - DEBUG - response_closed.started
2025-06-23 06:02:22,672 - httpcore.http11 - DEBUG - response_closed.complete
2025-06-23 06:02:22,673 - telegram.ext.ExtBot - DEBUG - No new updates found.
2025-06-23 06:02:22,673 - telegram.ext.ExtBot - DEBUG - ()
2025-06-23 06:02:22,673 - telegram.ext.ExtBot - DEBUG - Exiting: get_updates
2025-06-23 06:02:22,673 - telegram.ext.ExtBot - DEBUG - Entering: get_updates
2025-06-23 06:02:22,673 - httpcore.http11 - DEBUG - send_request_headers.started request=<Request [b'POST']>
2025-06-23 06:02:22,675 - httpcore.http11 - DEBUG - send_request_headers.complete
2025-06-23 06:02:22,675 - httpcore.http11 - DEBUG - send_request_body.started request=<Request [b'POST']>
2025-06-23 06:02:22,675 - httpcore.http11 - DEBUG - send_request_body.complete
2025-06-23 06:02:22,675 - httpcore.http11 - DEBUG - receive_response_headers.started request=<Request [b'POST']>
2025-06-23 06:02:32,915 - httpcore.http11 - DEBUG - receive_response_headers.complete return_value=(b'HTTP/1.1', 200, b'OK', [(b'Server', b'nginx/1.18.0'), (b'Date', b'Mon, 23 Jun 2025 05:02:35 GMT'), (b'Content-Type', b'application/json'), (b'Content-Length', b'23'), (b'Connection', b'keep-alive'), (b'Strict-Transport-Security', b'max-age=31536000; includeSubDomains; preload'), (b'Access-Control-Allow-Origin', b'*'), (b'Access-Control-Allow-Methods', b'GET, POST, OPTIONS'), (b'Access-Control-Expose-Headers', b'Content-Length,Content-Type,Date,Server,Connection')])
2025-06-23 06:02:32,915 - httpx - INFO - HTTP Request: POST https://api.telegram.org/bot7707158318:AAE8rWa4Q8Z_3avql6K0HAmXaooZAReoNF0/getUpdates "HTTP/1.1 200 OK"
2025-06-23 06:02:32,915 - httpcore.http11 - DEBUG - receive_response_body.started request=<Request [b'POST']>
2025-06-23 06:02:32,919 - httpcore.http11 - DEBUG - receive_response_body.complete
2025-06-23 06:02:32,919 - httpcore.http11 - DEBUG - response_closed.started
2025-06-23 06:02:32,919 - httpcore.http11 - DEBUG - response_closed.complete
2025-06-23 06:02:32,920 - telegram.ext.ExtBot - DEBUG - No new updates found.
2025-06-23 06:02:32,920 - telegram.ext.ExtBot - DEBUG - ()
2025-06-23 06:02:32,920 - telegram.ext.ExtBot - DEBUG - Exiting: get_updates
2025-06-23 06:02:32,920 - telegram.ext.ExtBot - DEBUG - Entering: get_updates
2025-06-23 06:02:32,923 - httpcore.http11 - DEBUG - send_request_headers.started request=<Request [b'POST']>
2025-06-23 06:02:32,925 - httpcore.http11 - DEBUG - send_request_headers.complete
2025-06-23 06:02:32,925 - httpcore.http11 - DEBUG - send_request_body.started request=<Request [b'POST']>
2025-06-23 06:02:32,925 - httpcore.http11 - DEBUG - send_request_body.complete
2025-06-23 06:02:32,925 - httpcore.http11 - DEBUG - receive_response_headers.started request=<Request [b'POST']>
2025-06-23 06:02:43,148 - httpcore.http11 - DEBUG - receive_response_headers.complete return_value=(b'HTTP/1.1', 200, b'OK', [(b'Server', b'nginx/1.18.0'), (b'Date', b'Mon, 23 Jun 2025 05:02:45 GMT'), (b'Content-Type', b'application/json'), (b'Content-Length', b'23'), (b'Connection', b'keep-alive'), (b'Strict-Transport-Security', b'max-age=31536000; includeSubDomains; preload'), (b'Access-Control-Allow-Origin', b'*'), (b'Access-Control-Allow-Methods', b'GET, POST, OPTIONS'), (b'Access-Control-Expose-Headers', b'Content-Length,Content-Type,Date,Server,Connection')])
2025-06-23 06:02:43,148 - httpx - INFO - HTTP Request: POST https://api.telegram.org/bot7707158318:AAE8rWa4Q8Z_3avql6K0HAmXaooZAReoNF0/getUpdates "HTTP/1.1 200 OK"
2025-06-23 06:02:43,148 - httpcore.http11 - DEBUG - receive_response_body.started request=<Request [b'POST']>
2025-06-23 06:02:43,148 - httpcore.http11 - DEBUG - receive_response_body.complete
2025-06-23 06:02:43,148 - httpcore.http11 - DEBUG - response_closed.started
2025-06-23 06:02:43,148 - httpcore.http11 - DEBUG - response_closed.complete
2025-06-23 06:02:43,148 - telegram.ext.ExtBot - DEBUG - No new updates found.
2025-06-23 06:02:43,148 - telegram.ext.ExtBot - DEBUG - ()
2025-06-23 06:02:43,148 - telegram.ext.ExtBot - DEBUG - Exiting: get_updates
2025-06-23 06:02:43,150 - telegram.ext.ExtBot - DEBUG - Entering: get_updates
2025-06-23 06:02:43,150 - httpcore.http11 - DEBUG - send_request_headers.started request=<Request [b'POST']>
2025-06-23 06:02:43,150 - httpcore.http11 - DEBUG - send_request_headers.complete
2025-06-23 06:02:43,150 - httpcore.http11 - DEBUG - send_request_body.started request=<Request [b'POST']>
2025-06-23 06:02:43,150 - httpcore.http11 - DEBUG - send_request_body.complete
2025-06-23 06:02:43,150 - httpcore.http11 - DEBUG - receive_response_headers.started request=<Request [b'POST']>
2025-06-23 06:02:53,387 - httpcore.http11 - DEBUG - receive_response_headers.complete return_value=(b'HTTP/1.1', 200, b'OK', [(b'Server', b'nginx/1.18.0'), (b'Date', b'Mon, 23 Jun 2025 05:02:55 GMT'), (b'Content-Type', b'application/json'), (b'Content-Length', b'23'), (b'Connection', b'keep-alive'), (b'Strict-Transport-Security', b'max-age=31536000; includeSubDomains; preload'), (b'Access-Control-Allow-Origin', b'*'), (b'Access-Control-Allow-Methods', b'GET, POST, OPTIONS'), (b'Access-Control-Expose-Headers', b'Content-Length,Content-Type,Date,Server,Connection')])
2025-06-23 06:02:53,388 - httpx - INFO - HTTP Request: POST https://api.telegram.org/bot7707158318:AAE8rWa4Q8Z_3avql6K0HAmXaooZAReoNF0/getUpdates "HTTP/1.1 200 OK"
2025-06-23 06:02:53,389 - httpcore.http11 - DEBUG - receive_response_body.started request=<Request [b'POST']>
2025-06-23 06:02:53,389 - httpcore.http11 - DEBUG - receive_response_body.complete
2025-06-23 06:02:53,390 - httpcore.http11 - DEBUG - response_closed.started
2025-06-23 06:02:53,390 - httpcore.http11 - DEBUG - response_closed.complete
2025-06-23 06:02:53,391 - telegram.ext.ExtBot - DEBUG - No new updates found.
2025-06-23 06:02:53,391 - telegram.ext.ExtBot - DEBUG - ()
2025-06-23 06:02:53,391 - telegram.ext.ExtBot - DEBUG - Exiting: get_updates
2025-06-23 06:02:53,391 - telegram.ext.ExtBot - DEBUG - Entering: get_updates
2025-06-23 06:02:53,393 - httpcore.http11 - DEBUG - send_request_headers.started request=<Request [b'POST']>
2025-06-23 06:02:53,394 - httpcore.http11 - DEBUG - send_request_headers.complete
2025-06-23 06:02:53,394 - httpcore.http11 - DEBUG - send_request_body.started request=<Request [b'POST']>
2025-06-23 06:02:53,396 - httpcore.http11 - DEBUG - send_request_body.complete
2025-06-23 06:02:53,396 - httpcore.http11 - DEBUG - receive_response_headers.started request=<Request [b'POST']>
2025-06-23 06:03:03,628 - httpcore.http11 - DEBUG - receive_response_headers.complete return_value=(b'HTTP/1.1', 200, b'OK', [(b'Server', b'nginx/1.18.0'), (b'Date', b'Mon, 23 Jun 2025 05:03:05 GMT'), (b'Content-Type', b'application/json'), (b'Content-Length', b'23'), (b'Connection', b'keep-alive'), (b'Strict-Transport-Security', b'max-age=31536000; includeSubDomains; preload'), (b'Access-Control-Allow-Origin', b'*'), (b'Access-Control-Allow-Methods', b'GET, POST, OPTIONS'), (b'Access-Control-Expose-Headers', b'Content-Length,Content-Type,Date,Server,Connection')])
2025-06-23 06:03:03,628 - httpx - INFO - HTTP Request: POST https://api.telegram.org/bot7707158318:AAE8rWa4Q8Z_3avql6K0HAmXaooZAReoNF0/getUpdates "HTTP/1.1 200 OK"
2025-06-23 06:03:03,628 - httpcore.http11 - DEBUG - receive_response_body.started request=<Request [b'POST']>
2025-06-23 06:03:03,628 - httpcore.http11 - DEBUG - receive_response_body.complete
2025-06-23 06:03:03,628 - httpcore.http11 - DEBUG - response_closed.started
2025-06-23 06:03:03,628 - httpcore.http11 - DEBUG - response_closed.complete
2025-06-23 06:03:03,628 - telegram.ext.ExtBot - DEBUG - No new updates found.
2025-06-23 06:03:03,628 - telegram.ext.ExtBot - DEBUG - ()
2025-06-23 06:03:03,628 - telegram.ext.ExtBot - DEBUG - Exiting: get_updates
2025-06-23 06:03:03,628 - telegram.ext.ExtBot - DEBUG - Entering: get_updates
2025-06-23 06:03:03,632 - httpcore.http11 - DEBUG - send_request_headers.started request=<Request [b'POST']>
2025-06-23 06:03:03,633 - httpcore.http11 - DEBUG - send_request_headers.complete
2025-06-23 06:03:03,633 - httpcore.http11 - DEBUG - send_request_body.started request=<Request [b'POST']>
2025-06-23 06:03:03,633 - httpcore.http11 - DEBUG - send_request_body.complete
2025-06-23 06:03:03,633 - httpcore.http11 - DEBUG - receive_response_headers.started request=<Request [b'POST']>
2025-06-23 06:03:13,866 - httpcore.http11 - DEBUG - receive_response_headers.complete return_value=(b'HTTP/1.1', 200, b'OK', [(b'Server', b'nginx/1.18.0'), (b'Date', b'Mon, 23 Jun 2025 05:03:16 GMT'), (b'Content-Type', b'application/json'), (b'Content-Length', b'23'), (b'Connection', b'keep-alive'), (b'Strict-Transport-Security', b'max-age=31536000; includeSubDomains; preload'), (b'Access-Control-Allow-Origin', b'*'), (b'Access-Control-Allow-Methods', b'GET, POST, OPTIONS'), (b'Access-Control-Expose-Headers', b'Content-Length,Content-Type,Date,Server,Connection')])
2025-06-23 06:03:13,867 - httpx - INFO - HTTP Request: POST https://api.telegram.org/bot7707158318:AAE8rWa4Q8Z_3avql6K0HAmXaooZAReoNF0/getUpdates "HTTP/1.1 200 OK"
2025-06-23 06:03:13,869 - httpcore.http11 - DEBUG - receive_response_body.started request=<Request [b'POST']>
2025-06-23 06:03:13,869 - httpcore.http11 - DEBUG - receive_response_body.complete
2025-06-23 06:03:13,869 - httpcore.http11 - DEBUG - response_closed.started
2025-06-23 06:03:13,869 - httpcore.http11 - DEBUG - response_closed.complete
2025-06-23 06:03:13,869 - telegram.ext.ExtBot - DEBUG - No new updates found.
2025-06-23 06:03:13,869 - telegram.ext.ExtBot - DEBUG - ()
2025-06-23 06:03:13,869 - telegram.ext.ExtBot - DEBUG - Exiting: get_updates
2025-06-23 06:03:13,869 - telegram.ext.ExtBot - DEBUG - Entering: get_updates
2025-06-23 06:03:13,871 - httpcore.http11 - DEBUG - send_request_headers.started request=<Request [b'POST']>
2025-06-23 06:03:13,872 - httpcore.http11 - DEBUG - send_request_headers.complete
2025-06-23 06:03:13,872 - httpcore.http11 - DEBUG - send_request_body.started request=<Request [b'POST']>
2025-06-23 06:03:13,872 - httpcore.http11 - DEBUG - send_request_body.complete
2025-06-23 06:03:13,872 - httpcore.http11 - DEBUG - receive_response_headers.started request=<Request [b'POST']>
2025-06-23 06:03:24,108 - httpcore.http11 - DEBUG - receive_response_headers.complete return_value=(b'HTTP/1.1', 200, b'OK', [(b'Server', b'nginx/1.18.0'), (b'Date', b'Mon, 23 Jun 2025 05:03:26 GMT'), (b'Content-Type', b'application/json'), (b'Content-Length', b'23'), (b'Connection', b'keep-alive'), (b'Strict-Transport-Security', b'max-age=31536000; includeSubDomains; preload'), (b'Access-Control-Allow-Origin', b'*'), (b'Access-Control-Allow-Methods', b'GET, POST, OPTIONS'), (b'Access-Control-Expose-Headers', b'Content-Length,Content-Type,Date,Server,Connection')])
2025-06-23 06:03:24,110 - httpx - INFO - HTTP Request: POST https://api.telegram.org/bot7707158318:AAE8rWa4Q8Z_3avql6K0HAmXaooZAReoNF0/getUpdates "HTTP/1.1 200 OK"
2025-06-23 06:03:24,112 - httpcore.http11 - DEBUG - receive_response_body.started request=<Request [b'POST']>
2025-06-23 06:03:24,113 - httpcore.http11 - DEBUG - receive_response_body.complete
2025-06-23 06:03:24,113 - httpcore.http11 - DEBUG - response_closed.started
2025-06-23 06:03:24,113 - httpcore.http11 - DEBUG - response_closed.complete
2025-06-23 06:03:24,114 - telegram.ext.ExtBot - DEBUG - No new updates found.
2025-06-23 06:03:24,114 - telegram.ext.ExtBot - DEBUG - ()
2025-06-23 06:03:24,114 - telegram.ext.ExtBot - DEBUG - Exiting: get_updates
2025-06-23 06:03:24,115 - telegram.ext.ExtBot - DEBUG - Entering: get_updates
2025-06-23 06:03:24,117 - httpcore.http11 - DEBUG - send_request_headers.started request=<Request [b'POST']>
2025-06-23 06:03:24,119 - httpcore.http11 - DEBUG - send_request_headers.complete
2025-06-23 06:03:24,119 - httpcore.http11 - DEBUG - send_request_body.started request=<Request [b'POST']>
2025-06-23 06:03:24,119 - httpcore.http11 - DEBUG - send_request_body.complete
2025-06-23 06:03:24,120 - httpcore.http11 - DEBUG - receive_response_headers.started request=<Request [b'POST']>
2025-06-23 06:03:34,212 - httpcore.http11 - DEBUG - receive_response_headers.complete return_value=(b'HTTP/1.1', 200, b'OK', [(b'Server', b'nginx/1.18.0'), (b'Date', b'Mon, 23 Jun 2025 05:03:36 GMT'), (b'Content-Type', b'application/json'), (b'Content-Length', b'23'), (b'Connection', b'keep-alive'), (b'Strict-Transport-Security', b'max-age=31536000; includeSubDomains; preload'), (b'Access-Control-Allow-Origin', b'*'), (b'Access-Control-Allow-Methods', b'GET, POST, OPTIONS'), (b'Access-Control-Expose-Headers', b'Content-Length,Content-Type,Date,Server,Connection')])
2025-06-23 06:03:34,212 - httpx - INFO - HTTP Request: POST https://api.telegram.org/bot7707158318:AAE8rWa4Q8Z_3avql6K0HAmXaooZAReoNF0/getUpdates "HTTP/1.1 200 OK"
2025-06-23 06:03:34,215 - httpcore.http11 - DEBUG - receive_response_body.started request=<Request [b'POST']>
2025-06-23 06:03:34,215 - httpcore.http11 - DEBUG - receive_response_body.complete
2025-06-23 06:03:34,215 - httpcore.http11 - DEBUG - response_closed.started
2025-06-23 06:03:34,215 - httpcore.http11 - DEBUG - response_closed.complete
2025-06-23 06:03:34,215 - telegram.ext.ExtBot - DEBUG - No new updates found.
2025-06-23 06:03:34,217 - telegram.ext.ExtBot - DEBUG - ()
2025-06-23 06:03:34,217 - telegram.ext.ExtBot - DEBUG - Exiting: get_updates
2025-06-23 06:03:34,217 - telegram.ext.ExtBot - DEBUG - Entering: get_updates
2025-06-23 06:03:34,219 - httpcore.http11 - DEBUG - send_request_headers.started request=<Request [b'POST']>
2025-06-23 06:03:34,220 - httpcore.http11 - DEBUG - send_request_headers.complete
2025-06-23 06:03:34,220 - httpcore.http11 - DEBUG - send_request_body.started request=<Request [b'POST']>
2025-06-23 06:03:34,220 - httpcore.http11 - DEBUG - send_request_body.complete
2025-06-23 06:03:34,222 - httpcore.http11 - DEBUG - receive_response_headers.started request=<Request [b'POST']>
2025-06-23 06:03:44,586 - httpcore.http11 - DEBUG - receive_response_headers.complete return_value=(b'HTTP/1.1', 200, b'OK', [(b'Server', b'nginx/1.18.0'), (b'Date', b'Mon, 23 Jun 2025 05:03:46 GMT'), (b'Content-Type', b'application/json'), (b'Content-Length', b'23'), (b'Connection', b'keep-alive'), (b'Strict-Transport-Security', b'max-age=31536000; includeSubDomains; preload'), (b'Access-Control-Allow-Origin', b'*'), (b'Access-Control-Allow-Methods', b'GET, POST, OPTIONS'), (b'Access-Control-Expose-Headers', b'Content-Length,Content-Type,Date,Server,Connection')])
2025-06-23 06:03:44,586 - httpx - INFO - HTTP Request: POST https://api.telegram.org/bot7707158318:AAE8rWa4Q8Z_3avql6K0HAmXaooZAReoNF0/getUpdates "HTTP/1.1 200 OK"
2025-06-23 06:03:44,589 - httpcore.http11 - DEBUG - receive_response_body.started request=<Request [b'POST']>
2025-06-23 06:03:44,589 - httpcore.http11 - DEBUG - receive_response_body.complete
2025-06-23 06:03:44,589 - httpcore.http11 - DEBUG - response_closed.started
2025-06-23 06:03:44,589 - httpcore.http11 - DEBUG - response_closed.complete
2025-06-23 06:03:44,589 - telegram.ext.ExtBot - DEBUG - No new updates found.
2025-06-23 06:03:44,589 - telegram.ext.ExtBot - DEBUG - ()
2025-06-23 06:03:44,589 - telegram.ext.ExtBot - DEBUG - Exiting: get_updates
2025-06-23 06:03:44,591 - telegram.ext.ExtBot - DEBUG - Entering: get_updates
2025-06-23 06:03:44,592 - httpcore.http11 - DEBUG - send_request_headers.started request=<Request [b'POST']>
2025-06-23 06:03:44,593 - httpcore.http11 - DEBUG - send_request_headers.complete
2025-06-23 06:03:44,593 - httpcore.http11 - DEBUG - send_request_body.started request=<Request [b'POST']>
2025-06-23 06:03:44,593 - httpcore.http11 - DEBUG - send_request_body.complete
2025-06-23 06:03:44,593 - httpcore.http11 - DEBUG - receive_response_headers.started request=<Request [b'POST']>
2025-06-23 06:03:54,826 - httpcore.http11 - DEBUG - receive_response_headers.complete return_value=(b'HTTP/1.1', 200, b'OK', [(b'Server', b'nginx/1.18.0'), (b'Date', b'Mon, 23 Jun 2025 05:03:57 GMT'), (b'Content-Type', b'application/json'), (b'Content-Length', b'23'), (b'Connection', b'keep-alive'), (b'Strict-Transport-Security', b'max-age=31536000; includeSubDomains; preload'), (b'Access-Control-Allow-Origin', b'*'), (b'Access-Control-Allow-Methods', b'GET, POST, OPTIONS'), (b'Access-Control-Expose-Headers', b'Content-Length,Content-Type,Date,Server,Connection')])
2025-06-23 06:03:54,828 - httpx - INFO - HTTP Request: POST https://api.telegram.org/bot7707158318:AAE8rWa4Q8Z_3avql6K0HAmXaooZAReoNF0/getUpdates "HTTP/1.1 200 OK"
2025-06-23 06:03:54,828 - httpcore.http11 - DEBUG - receive_response_body.started request=<Request [b'POST']>
2025-06-23 06:03:54,828 - httpcore.http11 - DEBUG - receive_response_body.complete
2025-06-23 06:03:54,828 - httpcore.http11 - DEBUG - response_closed.started
2025-06-23 06:03:54,828 - httpcore.http11 - DEBUG - response_closed.complete
2025-06-23 06:03:54,828 - telegram.ext.ExtBot - DEBUG - No new updates found.
2025-06-23 06:03:54,828 - telegram.ext.ExtBot - DEBUG - ()
2025-06-23 06:03:54,828 - telegram.ext.ExtBot - DEBUG - Exiting: get_updates
2025-06-23 06:03:54,828 - telegram.ext.ExtBot - DEBUG - Entering: get_updates
2025-06-23 06:03:54,831 - httpcore.http11 - DEBUG - send_request_headers.started request=<Request [b'POST']>
2025-06-23 06:03:54,832 - httpcore.http11 - DEBUG - send_request_headers.complete
2025-06-23 06:03:54,832 - httpcore.http11 - DEBUG - send_request_body.started request=<Request [b'POST']>
2025-06-23 06:03:54,832 - httpcore.http11 - DEBUG - send_request_body.complete
2025-06-23 06:03:54,834 - httpcore.http11 - DEBUG - receive_response_headers.started request=<Request [b'POST']>
2025-06-23 06:04:05,066 - httpcore.http11 - DEBUG - receive_response_headers.complete return_value=(b'HTTP/1.1', 200, b'OK', [(b'Server', b'nginx/1.18.0'), (b'Date', b'Mon, 23 Jun 2025 05:04:07 GMT'), (b'Content-Type', b'application/json'), (b'Content-Length', b'23'), (b'Connection', b'keep-alive'), (b'Strict-Transport-Security', b'max-age=31536000; includeSubDomains; preload'), (b'Access-Control-Allow-Origin', b'*'), (b'Access-Control-Allow-Methods', b'GET, POST, OPTIONS'), (b'Access-Control-Expose-Headers', b'Content-Length,Content-Type,Date,Server,Connection')])
2025-06-23 06:04:05,069 - httpx - INFO - HTTP Request: POST https://api.telegram.org/bot7707158318:AAE8rWa4Q8Z_3avql6K0HAmXaooZAReoNF0/getUpdates "HTTP/1.1 200 OK"
2025-06-23 06:04:05,069 - httpcore.http11 - DEBUG - receive_response_body.started request=<Request [b'POST']>
2025-06-23 06:04:05,069 - httpcore.http11 - DEBUG - receive_response_body.complete
2025-06-23 06:04:05,069 - httpcore.http11 - DEBUG - response_closed.started
2025-06-23 06:04:05,069 - httpcore.http11 - DEBUG - response_closed.complete
2025-06-23 06:04:05,070 - telegram.ext.ExtBot - DEBUG - No new updates found.
2025-06-23 06:04:05,070 - telegram.ext.ExtBot - DEBUG - ()
2025-06-23 06:04:05,070 - telegram.ext.ExtBot - DEBUG - Exiting: get_updates
2025-06-23 06:04:05,070 - telegram.ext.ExtBot - DEBUG - Entering: get_updates
2025-06-23 06:04:05,070 - httpcore.http11 - DEBUG - send_request_headers.started request=<Request [b'POST']>
2025-06-23 06:04:05,070 - httpcore.http11 - DEBUG - send_request_headers.complete
2025-06-23 06:04:05,072 - httpcore.http11 - DEBUG - send_request_body.started request=<Request [b'POST']>
2025-06-23 06:04:05,072 - httpcore.http11 - DEBUG - send_request_body.complete
2025-06-23 06:04:05,072 - httpcore.http11 - DEBUG - receive_response_headers.started request=<Request [b'POST']>
2025-06-23 06:04:15,312 - httpcore.http11 - DEBUG - receive_response_headers.complete return_value=(b'HTTP/1.1', 200, b'OK', [(b'Server', b'nginx/1.18.0'), (b'Date', b'Mon, 23 Jun 2025 05:04:17 GMT'), (b'Content-Type', b'application/json'), (b'Content-Length', b'23'), (b'Connection', b'keep-alive'), (b'Strict-Transport-Security', b'max-age=31536000; includeSubDomains; preload'), (b'Access-Control-Allow-Origin', b'*'), (b'Access-Control-Allow-Methods', b'GET, POST, OPTIONS'), (b'Access-Control-Expose-Headers', b'Content-Length,Content-Type,Date,Server,Connection')])
2025-06-23 06:04:15,315 - httpx - INFO - HTTP Request: POST https://api.telegram.org/bot7707158318:AAE8rWa4Q8Z_3avql6K0HAmXaooZAReoNF0/getUpdates "HTTP/1.1 200 OK"
2025-06-23 06:04:15,316 - httpcore.http11 - DEBUG - receive_response_body.started request=<Request [b'POST']>
2025-06-23 06:04:15,316 - httpcore.http11 - DEBUG - receive_response_body.complete
2025-06-23 06:04:15,316 - httpcore.http11 - DEBUG - response_closed.started
2025-06-23 06:04:15,316 - httpcore.http11 - DEBUG - response_closed.complete
2025-06-23 06:04:15,316 - telegram.ext.ExtBot - DEBUG - No new updates found.
2025-06-23 06:04:15,316 - telegram.ext.ExtBot - DEBUG - ()
2025-06-23 06:04:15,319 - telegram.ext.ExtBot - DEBUG - Exiting: get_updates
2025-06-23 06:04:15,319 - telegram.ext.ExtBot - DEBUG - Entering: get_updates
2025-06-23 06:04:15,320 - httpcore.http11 - DEBUG - send_request_headers.started request=<Request [b'POST']>
2025-06-23 06:04:15,322 - httpcore.http11 - DEBUG - send_request_headers.complete
2025-06-23 06:04:15,322 - httpcore.http11 - DEBUG - send_request_body.started request=<Request [b'POST']>
2025-06-23 06:04:15,322 - httpcore.http11 - DEBUG - send_request_body.complete
2025-06-23 06:04:15,322 - httpcore.http11 - DEBUG - receive_response_headers.started request=<Request [b'POST']>
2025-06-23 06:04:25,404 - httpcore.http11 - DEBUG - receive_response_headers.complete return_value=(b'HTTP/1.1', 200, b'OK', [(b'Server', b'nginx/1.18.0'), (b'Date', b'Mon, 23 Jun 2025 05:04:27 GMT'), (b'Content-Type', b'application/json'), (b'Content-Length', b'23'), (b'Connection', b'keep-alive'), (b'Strict-Transport-Security', b'max-age=31536000; includeSubDomains; preload'), (b'Access-Control-Allow-Origin', b'*'), (b'Access-Control-Allow-Methods', b'GET, POST, OPTIONS'), (b'Access-Control-Expose-Headers', b'Content-Length,Content-Type,Date,Server,Connection')])
2025-06-23 06:04:25,405 - httpx - INFO - HTTP Request: POST https://api.telegram.org/bot7707158318:AAE8rWa4Q8Z_3avql6K0HAmXaooZAReoNF0/getUpdates "HTTP/1.1 200 OK"
2025-06-23 06:04:25,405 - httpcore.http11 - DEBUG - receive_response_body.started request=<Request [b'POST']>
2025-06-23 06:04:25,405 - httpcore.http11 - DEBUG - receive_response_body.complete
2025-06-23 06:04:25,405 - httpcore.http11 - DEBUG - response_closed.started
2025-06-23 06:04:25,405 - httpcore.http11 - DEBUG - response_closed.complete
2025-06-23 06:04:25,405 - telegram.ext.ExtBot - DEBUG - No new updates found.
2025-06-23 06:04:25,405 - telegram.ext.ExtBot - DEBUG - ()
2025-06-23 06:04:25,405 - telegram.ext.ExtBot - DEBUG - Exiting: get_updates
2025-06-23 06:04:25,407 - telegram.ext.ExtBot - DEBUG - Entering: get_updates
2025-06-23 06:04:25,408 - httpcore.http11 - DEBUG - send_request_headers.started request=<Request [b'POST']>
2025-06-23 06:04:25,408 - httpcore.http11 - DEBUG - send_request_headers.complete
2025-06-23 06:04:25,411 - httpcore.http11 - DEBUG - send_request_body.started request=<Request [b'POST']>
2025-06-23 06:04:25,412 - httpcore.http11 - DEBUG - send_request_body.complete
2025-06-23 06:04:25,412 - httpcore.http11 - DEBUG - receive_response_headers.started request=<Request [b'POST']>
2025-06-23 06:04:35,786 - httpcore.http11 - DEBUG - receive_response_headers.complete return_value=(b'HTTP/1.1', 200, b'OK', [(b'Server', b'nginx/1.18.0'), (b'Date', b'Mon, 23 Jun 2025 05:04:37 GMT'), (b'Content-Type', b'application/json'), (b'Content-Length', b'23'), (b'Connection', b'keep-alive'), (b'Strict-Transport-Security', b'max-age=31536000; includeSubDomains; preload'), (b'Access-Control-Allow-Origin', b'*'), (b'Access-Control-Allow-Methods', b'GET, POST, OPTIONS'), (b'Access-Control-Expose-Headers', b'Content-Length,Content-Type,Date,Server,Connection')])
2025-06-23 06:04:35,786 - httpx - INFO - HTTP Request: POST https://api.telegram.org/bot7707158318:AAE8rWa4Q8Z_3avql6K0HAmXaooZAReoNF0/getUpdates "HTTP/1.1 200 OK"
2025-06-23 06:04:35,786 - httpcore.http11 - DEBUG - receive_response_body.started request=<Request [b'POST']>
2025-06-23 06:04:35,786 - httpcore.http11 - DEBUG - receive_response_body.complete
2025-06-23 06:04:35,786 - httpcore.http11 - DEBUG - response_closed.started
2025-06-23 06:04:35,786 - httpcore.http11 - DEBUG - response_closed.complete
2025-06-23 06:04:35,786 - telegram.ext.ExtBot - DEBUG - No new updates found.
2025-06-23 06:04:35,786 - telegram.ext.ExtBot - DEBUG - ()
2025-06-23 06:04:35,786 - telegram.ext.ExtBot - DEBUG - Exiting: get_updates
2025-06-23 06:04:35,786 - telegram.ext.ExtBot - DEBUG - Entering: get_updates
2025-06-23 06:04:35,792 - httpcore.http11 - DEBUG - send_request_headers.started request=<Request [b'POST']>
2025-06-23 06:04:35,793 - httpcore.http11 - DEBUG - send_request_headers.complete
2025-06-23 06:04:35,793 - httpcore.http11 - DEBUG - send_request_body.started request=<Request [b'POST']>
2025-06-23 06:04:35,793 - httpcore.http11 - DEBUG - send_request_body.complete
2025-06-23 06:04:35,793 - httpcore.http11 - DEBUG - receive_response_headers.started request=<Request [b'POST']>
2025-06-23 06:04:46,027 - httpcore.http11 - DEBUG - receive_response_headers.complete return_value=(b'HTTP/1.1', 200, b'OK', [(b'Server', b'nginx/1.18.0'), (b'Date', b'Mon, 23 Jun 2025 05:04:48 GMT'), (b'Content-Type', b'application/json'), (b'Content-Length', b'23'), (b'Connection', b'keep-alive'), (b'Strict-Transport-Security', b'max-age=31536000; includeSubDomains; preload'), (b'Access-Control-Allow-Origin', b'*'), (b'Access-Control-Allow-Methods', b'GET, POST, OPTIONS'), (b'Access-Control-Expose-Headers', b'Content-Length,Content-Type,Date,Server,Connection')])
2025-06-23 06:04:46,027 - httpx - INFO - HTTP Request: POST https://api.telegram.org/bot7707158318:AAE8rWa4Q8Z_3avql6K0HAmXaooZAReoNF0/getUpdates "HTTP/1.1 200 OK"
2025-06-23 06:04:46,027 - httpcore.http11 - DEBUG - receive_response_body.started request=<Request [b'POST']>
2025-06-23 06:04:46,027 - httpcore.http11 - DEBUG - receive_response_body.complete
2025-06-23 06:04:46,027 - httpcore.http11 - DEBUG - response_closed.started
2025-06-23 06:04:46,027 - httpcore.http11 - DEBUG - response_closed.complete
2025-06-23 06:04:46,027 - telegram.ext.ExtBot - DEBUG - No new updates found.
2025-06-23 06:04:46,027 - telegram.ext.ExtBot - DEBUG - ()
2025-06-23 06:04:46,027 - telegram.ext.ExtBot - DEBUG - Exiting: get_updates
2025-06-23 06:04:46,027 - telegram.ext.ExtBot - DEBUG - Entering: get_updates
2025-06-23 06:04:46,032 - httpcore.http11 - DEBUG - send_request_headers.started request=<Request [b'POST']>
2025-06-23 06:04:46,032 - httpcore.http11 - DEBUG - send_request_headers.complete
2025-06-23 06:04:46,032 - httpcore.http11 - DEBUG - send_request_body.started request=<Request [b'POST']>
2025-06-23 06:04:46,032 - httpcore.http11 - DEBUG - send_request_body.complete
2025-06-23 06:04:46,032 - httpcore.http11 - DEBUG - receive_response_headers.started request=<Request [b'POST']>
2025-06-23 06:04:56,265 - httpcore.http11 - DEBUG - receive_response_headers.complete return_value=(b'HTTP/1.1', 200, b'OK', [(b'Server', b'nginx/1.18.0'), (b'Date', b'Mon, 23 Jun 2025 05:04:58 GMT'), (b'Content-Type', b'application/json'), (b'Content-Length', b'23'), (b'Connection', b'keep-alive'), (b'Strict-Transport-Security', b'max-age=31536000; includeSubDomains; preload'), (b'Access-Control-Allow-Origin', b'*'), (b'Access-Control-Allow-Methods', b'GET, POST, OPTIONS'), (b'Access-Control-Expose-Headers', b'Content-Length,Content-Type,Date,Server,Connection')])
2025-06-23 06:04:56,265 - httpx - INFO - HTTP Request: POST https://api.telegram.org/bot7707158318:AAE8rWa4Q8Z_3avql6K0HAmXaooZAReoNF0/getUpdates "HTTP/1.1 200 OK"
2025-06-23 06:04:56,265 - httpcore.http11 - DEBUG - receive_response_body.started request=<Request [b'POST']>
2025-06-23 06:04:56,265 - httpcore.http11 - DEBUG - receive_response_body.complete
2025-06-23 06:04:56,265 - httpcore.http11 - DEBUG - response_closed.started
2025-06-23 06:04:56,265 - httpcore.http11 - DEBUG - response_closed.complete
2025-06-23 06:04:56,265 - telegram.ext.ExtBot - DEBUG - No new updates found.
2025-06-23 06:04:56,265 - telegram.ext.ExtBot - DEBUG - ()
2025-06-23 06:04:56,265 - telegram.ext.ExtBot - DEBUG - Exiting: get_updates
2025-06-23 06:04:56,265 - telegram.ext.ExtBot - DEBUG - Entering: get_updates
2025-06-23 06:04:56,269 - httpcore.http11 - DEBUG - send_request_headers.started request=<Request [b'POST']>
2025-06-23 06:04:56,269 - httpcore.http11 - DEBUG - send_request_headers.complete
2025-06-23 06:04:56,269 - httpcore.http11 - DEBUG - send_request_body.started request=<Request [b'POST']>
2025-06-23 06:04:56,270 - httpcore.http11 - DEBUG - send_request_body.complete
2025-06-23 06:04:56,270 - httpcore.http11 - DEBUG - receive_response_headers.started request=<Request [b'POST']>
2025-06-23 06:05:06,504 - httpcore.http11 - DEBUG - receive_response_headers.complete return_value=(b'HTTP/1.1', 200, b'OK', [(b'Server', b'nginx/1.18.0'), (b'Date', b'Mon, 23 Jun 2025 05:05:08 GMT'), (b'Content-Type', b'application/json'), (b'Content-Length', b'23'), (b'Connection', b'keep-alive'), (b'Strict-Transport-Security', b'max-age=31536000; includeSubDomains; preload'), (b'Access-Control-Allow-Origin', b'*'), (b'Access-Control-Allow-Methods', b'GET, POST, OPTIONS'), (b'Access-Control-Expose-Headers', b'Content-Length,Content-Type,Date,Server,Connection')])
2025-06-23 06:05:06,504 - httpx - INFO - HTTP Request: POST https://api.telegram.org/bot7707158318:AAE8rWa4Q8Z_3avql6K0HAmXaooZAReoNF0/getUpdates "HTTP/1.1 200 OK"
2025-06-23 06:05:06,507 - httpcore.http11 - DEBUG - receive_response_body.started request=<Request [b'POST']>
2025-06-23 06:05:06,508 - httpcore.http11 - DEBUG - receive_response_body.complete
2025-06-23 06:05:06,508 - httpcore.http11 - DEBUG - response_closed.started
2025-06-23 06:05:06,508 - httpcore.http11 - DEBUG - response_closed.complete
2025-06-23 06:05:06,508 - telegram.ext.ExtBot - DEBUG - No new updates found.
2025-06-23 06:05:06,508 - telegram.ext.ExtBot - DEBUG - ()
2025-06-23 06:05:06,508 - telegram.ext.ExtBot - DEBUG - Exiting: get_updates
2025-06-23 06:05:06,508 - telegram.ext.ExtBot - DEBUG - Entering: get_updates
2025-06-23 06:05:06,508 - httpcore.http11 - DEBUG - send_request_headers.started request=<Request [b'POST']>
2025-06-23 06:05:06,508 - httpcore.http11 - DEBUG - send_request_headers.complete
2025-06-23 06:05:06,508 - httpcore.http11 - DEBUG - send_request_body.started request=<Request [b'POST']>
2025-06-23 06:05:06,508 - httpcore.http11 - DEBUG - send_request_body.complete
2025-06-23 06:05:06,508 - httpcore.http11 - DEBUG - receive_response_headers.started request=<Request [b'POST']>
2025-06-23 06:05:16,591 - httpcore.http11 - DEBUG - receive_response_headers.complete return_value=(b'HTTP/1.1', 200, b'OK', [(b'Server', b'nginx/1.18.0'), (b'Date', b'Mon, 23 Jun 2025 05:05:18 GMT'), (b'Content-Type', b'application/json'), (b'Content-Length', b'23'), (b'Connection', b'keep-alive'), (b'Strict-Transport-Security', b'max-age=31536000; includeSubDomains; preload'), (b'Access-Control-Allow-Origin', b'*'), (b'Access-Control-Allow-Methods', b'GET, POST, OPTIONS'), (b'Access-Control-Expose-Headers', b'Content-Length,Content-Type,Date,Server,Connection')])
2025-06-23 06:05:16,591 - httpx - INFO - HTTP Request: POST https://api.telegram.org/bot7707158318:AAE8rWa4Q8Z_3avql6K0HAmXaooZAReoNF0/getUpdates "HTTP/1.1 200 OK"
2025-06-23 06:05:16,593 - httpcore.http11 - DEBUG - receive_response_body.started request=<Request [b'POST']>
2025-06-23 06:05:16,593 - httpcore.http11 - DEBUG - receive_response_body.complete
2025-06-23 06:05:16,593 - httpcore.http11 - DEBUG - response_closed.started
2025-06-23 06:05:16,593 - httpcore.http11 - DEBUG - response_closed.complete
2025-06-23 06:05:16,593 - telegram.ext.ExtBot - DEBUG - No new updates found.
2025-06-23 06:05:16,593 - telegram.ext.ExtBot - DEBUG - ()
2025-06-23 06:05:16,593 - telegram.ext.ExtBot - DEBUG - Exiting: get_updates
2025-06-23 06:05:16,593 - telegram.ext.ExtBot - DEBUG - Entering: get_updates
2025-06-23 06:05:16,593 - httpcore.http11 - DEBUG - send_request_headers.started request=<Request [b'POST']>
2025-06-23 06:05:16,593 - httpcore.http11 - DEBUG - send_request_headers.complete
2025-06-23 06:05:16,593 - httpcore.http11 - DEBUG - send_request_body.started request=<Request [b'POST']>
2025-06-23 06:05:16,593 - httpcore.http11 - DEBUG - send_request_body.complete
2025-06-23 06:05:16,593 - httpcore.http11 - DEBUG - receive_response_headers.started request=<Request [b'POST']>
2025-06-23 06:05:26,678 - httpcore.http11 - DEBUG - receive_response_headers.complete return_value=(b'HTTP/1.1', 200, b'OK', [(b'Server', b'nginx/1.18.0'), (b'Date', b'Mon, 23 Jun 2025 05:05:29 GMT'), (b'Content-Type', b'application/json'), (b'Content-Length', b'23'), (b'Connection', b'keep-alive'), (b'Strict-Transport-Security', b'max-age=31536000; includeSubDomains; preload'), (b'Access-Control-Allow-Origin', b'*'), (b'Access-Control-Allow-Methods', b'GET, POST, OPTIONS'), (b'Access-Control-Expose-Headers', b'Content-Length,Content-Type,Date,Server,Connection')])
2025-06-23 06:05:26,678 - httpx - INFO - HTTP Request: POST https://api.telegram.org/bot7707158318:AAE8rWa4Q8Z_3avql6K0HAmXaooZAReoNF0/getUpdates "HTTP/1.1 200 OK"
2025-06-23 06:05:26,682 - httpcore.http11 - DEBUG - receive_response_body.started request=<Request [b'POST']>
2025-06-23 06:05:26,682 - httpcore.http11 - DEBUG - receive_response_body.complete
2025-06-23 06:05:26,682 - httpcore.http11 - DEBUG - response_closed.started
2025-06-23 06:05:26,682 - httpcore.http11 - DEBUG - response_closed.complete
2025-06-23 06:05:26,682 - telegram.ext.ExtBot - DEBUG - No new updates found.
2025-06-23 06:05:26,682 - telegram.ext.ExtBot - DEBUG - ()
2025-06-23 06:05:26,682 - telegram.ext.ExtBot - DEBUG - Exiting: get_updates
2025-06-23 06:05:26,682 - telegram.ext.ExtBot - DEBUG - Entering: get_updates
2025-06-23 06:05:26,686 - httpcore.http11 - DEBUG - send_request_headers.started request=<Request [b'POST']>
2025-06-23 06:05:26,686 - httpcore.http11 - DEBUG - send_request_headers.complete
2025-06-23 06:05:26,686 - httpcore.http11 - DEBUG - send_request_body.started request=<Request [b'POST']>
2025-06-23 06:05:26,686 - httpcore.http11 - DEBUG - send_request_body.complete
2025-06-23 06:05:26,686 - httpcore.http11 - DEBUG - receive_response_headers.started request=<Request [b'POST']>
2025-06-23 06:05:36,927 - httpcore.http11 - DEBUG - receive_response_headers.complete return_value=(b'HTTP/1.1', 200, b'OK', [(b'Server', b'nginx/1.18.0'), (b'Date', b'Mon, 23 Jun 2025 05:05:39 GMT'), (b'Content-Type', b'application/json'), (b'Content-Length', b'23'), (b'Connection', b'keep-alive'), (b'Strict-Transport-Security', b'max-age=31536000; includeSubDomains; preload'), (b'Access-Control-Allow-Origin', b'*'), (b'Access-Control-Allow-Methods', b'GET, POST, OPTIONS'), (b'Access-Control-Expose-Headers', b'Content-Length,Content-Type,Date,Server,Connection')])
2025-06-23 06:05:36,927 - httpx - INFO - HTTP Request: POST https://api.telegram.org/bot7707158318:AAE8rWa4Q8Z_3avql6K0HAmXaooZAReoNF0/getUpdates "HTTP/1.1 200 OK"
2025-06-23 06:05:36,927 - httpcore.http11 - DEBUG - receive_response_body.started request=<Request [b'POST']>
2025-06-23 06:05:36,927 - httpcore.http11 - DEBUG - receive_response_body.complete
2025-06-23 06:05:36,927 - httpcore.http11 - DEBUG - response_closed.started
2025-06-23 06:05:36,931 - httpcore.http11 - DEBUG - response_closed.complete
2025-06-23 06:05:36,931 - telegram.ext.ExtBot - DEBUG - No new updates found.
2025-06-23 06:05:36,931 - telegram.ext.ExtBot - DEBUG - ()
2025-06-23 06:05:36,931 - telegram.ext.ExtBot - DEBUG - Exiting: get_updates
2025-06-23 06:05:36,931 - telegram.ext.ExtBot - DEBUG - Entering: get_updates
2025-06-23 06:05:36,931 - httpcore.http11 - DEBUG - send_request_headers.started request=<Request [b'POST']>
2025-06-23 06:05:36,933 - httpcore.http11 - DEBUG - send_request_headers.complete
2025-06-23 06:05:36,933 - httpcore.http11 - DEBUG - send_request_body.started request=<Request [b'POST']>
2025-06-23 06:05:36,933 - httpcore.http11 - DEBUG - send_request_body.complete
2025-06-23 06:05:36,933 - httpcore.http11 - DEBUG - receive_response_headers.started request=<Request [b'POST']>
2025-06-23 06:05:47,165 - httpcore.http11 - DEBUG - receive_response_headers.complete return_value=(b'HTTP/1.1', 200, b'OK', [(b'Server', b'nginx/1.18.0'), (b'Date', b'Mon, 23 Jun 2025 05:05:49 GMT'), (b'Content-Type', b'application/json'), (b'Content-Length', b'23'), (b'Connection', b'keep-alive'), (b'Strict-Transport-Security', b'max-age=31536000; includeSubDomains; preload'), (b'Access-Control-Allow-Origin', b'*'), (b'Access-Control-Allow-Methods', b'GET, POST, OPTIONS'), (b'Access-Control-Expose-Headers', b'Content-Length,Content-Type,Date,Server,Connection')])
2025-06-23 06:05:47,169 - httpx - INFO - HTTP Request: POST https://api.telegram.org/bot7707158318:AAE8rWa4Q8Z_3avql6K0HAmXaooZAReoNF0/getUpdates "HTTP/1.1 200 OK"
2025-06-23 06:05:47,170 - httpcore.http11 - DEBUG - receive_response_body.started request=<Request [b'POST']>
2025-06-23 06:05:47,170 - httpcore.http11 - DEBUG - receive_response_body.complete
2025-06-23 06:05:47,170 - httpcore.http11 - DEBUG - response_closed.started
2025-06-23 06:05:47,170 - httpcore.http11 - DEBUG - response_closed.complete
2025-06-23 06:05:47,172 - telegram.ext.ExtBot - DEBUG - No new updates found.
2025-06-23 06:05:47,172 - telegram.ext.ExtBot - DEBUG - ()
2025-06-23 06:05:47,172 - telegram.ext.ExtBot - DEBUG - Exiting: get_updates
2025-06-23 06:05:47,172 - telegram.ext.ExtBot - DEBUG - Entering: get_updates
2025-06-23 06:05:47,175 - httpcore.http11 - DEBUG - send_request_headers.started request=<Request [b'POST']>
2025-06-23 06:05:47,175 - httpcore.http11 - DEBUG - send_request_headers.complete
2025-06-23 06:05:47,175 - httpcore.http11 - DEBUG - send_request_body.started request=<Request [b'POST']>
2025-06-23 06:05:47,177 - httpcore.http11 - DEBUG - send_request_body.complete
2025-06-23 06:05:47,177 - httpcore.http11 - DEBUG - receive_response_headers.started request=<Request [b'POST']>
2025-06-23 06:05:57,293 - httpcore.http11 - DEBUG - receive_response_headers.complete return_value=(b'HTTP/1.1', 200, b'OK', [(b'Server', b'nginx/1.18.0'), (b'Date', b'Mon, 23 Jun 2025 05:05:59 GMT'), (b'Content-Type', b'application/json'), (b'Content-Length', b'23'), (b'Connection', b'keep-alive'), (b'Strict-Transport-Security', b'max-age=31536000; includeSubDomains; preload'), (b'Access-Control-Allow-Origin', b'*'), (b'Access-Control-Allow-Methods', b'GET, POST, OPTIONS'), (b'Access-Control-Expose-Headers', b'Content-Length,Content-Type,Date,Server,Connection')])
2025-06-23 06:05:57,298 - httpx - INFO - HTTP Request: POST https://api.telegram.org/bot7707158318:AAE8rWa4Q8Z_3avql6K0HAmXaooZAReoNF0/getUpdates "HTTP/1.1 200 OK"
2025-06-23 06:05:57,298 - httpcore.http11 - DEBUG - receive_response_body.started request=<Request [b'POST']>
2025-06-23 06:05:57,298 - httpcore.http11 - DEBUG - receive_response_body.complete
2025-06-23 06:05:57,298 - httpcore.http11 - DEBUG - response_closed.started
2025-06-23 06:05:57,298 - httpcore.http11 - DEBUG - response_closed.complete
2025-06-23 06:05:57,298 - telegram.ext.ExtBot - DEBUG - No new updates found.
2025-06-23 06:05:57,298 - telegram.ext.ExtBot - DEBUG - ()
2025-06-23 06:05:57,298 - telegram.ext.ExtBot - DEBUG - Exiting: get_updates
2025-06-23 06:05:57,298 - telegram.ext.ExtBot - DEBUG - Entering: get_updates
2025-06-23 06:05:57,300 - httpcore.http11 - DEBUG - send_request_headers.started request=<Request [b'POST']>
2025-06-23 06:05:57,300 - httpcore.http11 - DEBUG - send_request_headers.complete
2025-06-23 06:05:57,300 - httpcore.http11 - DEBUG - send_request_body.started request=<Request [b'POST']>
2025-06-23 06:05:57,300 - httpcore.http11 - DEBUG - send_request_body.complete
2025-06-23 06:05:57,300 - httpcore.http11 - DEBUG - receive_response_headers.started request=<Request [b'POST']>
2025-06-23 06:06:07,648 - httpcore.http11 - DEBUG - receive_response_headers.complete return_value=(b'HTTP/1.1', 200, b'OK', [(b'Server', b'nginx/1.18.0'), (b'Date', b'Mon, 23 Jun 2025 05:06:09 GMT'), (b'Content-Type', b'application/json'), (b'Content-Length', b'23'), (b'Connection', b'keep-alive'), (b'Strict-Transport-Security', b'max-age=31536000; includeSubDomains; preload'), (b'Access-Control-Allow-Origin', b'*'), (b'Access-Control-Allow-Methods', b'GET, POST, OPTIONS'), (b'Access-Control-Expose-Headers', b'Content-Length,Content-Type,Date,Server,Connection')])
2025-06-23 06:06:07,648 - httpx - INFO - HTTP Request: POST https://api.telegram.org/bot7707158318:AAE8rWa4Q8Z_3avql6K0HAmXaooZAReoNF0/getUpdates "HTTP/1.1 200 OK"
2025-06-23 06:06:07,649 - httpcore.http11 - DEBUG - receive_response_body.started request=<Request [b'POST']>
2025-06-23 06:06:07,649 - httpcore.http11 - DEBUG - receive_response_body.complete
2025-06-23 06:06:07,649 - httpcore.http11 - DEBUG - response_closed.started
2025-06-23 06:06:07,650 - httpcore.http11 - DEBUG - response_closed.complete
2025-06-23 06:06:07,650 - telegram.ext.ExtBot - DEBUG - No new updates found.
2025-06-23 06:06:07,650 - telegram.ext.ExtBot - DEBUG - ()
2025-06-23 06:06:07,650 - telegram.ext.ExtBot - DEBUG - Exiting: get_updates
2025-06-23 06:06:07,650 - telegram.ext.ExtBot - DEBUG - Entering: get_updates
2025-06-23 06:06:07,652 - httpcore.http11 - DEBUG - send_request_headers.started request=<Request [b'POST']>
2025-06-23 06:06:07,652 - httpcore.http11 - DEBUG - send_request_headers.complete
2025-06-23 06:06:07,652 - httpcore.http11 - DEBUG - send_request_body.started request=<Request [b'POST']>
2025-06-23 06:06:07,652 - httpcore.http11 - DEBUG - send_request_body.complete
2025-06-23 06:06:07,653 - httpcore.http11 - DEBUG - receive_response_headers.started request=<Request [b'POST']>
2025-06-23 06:06:17,887 - httpcore.http11 - DEBUG - receive_response_headers.complete return_value=(b'HTTP/1.1', 200, b'OK', [(b'Server', b'nginx/1.18.0'), (b'Date', b'Mon, 23 Jun 2025 05:06:20 GMT'), (b'Content-Type', b'application/json'), (b'Content-Length', b'23'), (b'Connection', b'keep-alive'), (b'Strict-Transport-Security', b'max-age=31536000; includeSubDomains; preload'), (b'Access-Control-Allow-Origin', b'*'), (b'Access-Control-Allow-Methods', b'GET, POST, OPTIONS'), (b'Access-Control-Expose-Headers', b'Content-Length,Content-Type,Date,Server,Connection')])
2025-06-23 06:06:17,887 - httpx - INFO - HTTP Request: POST https://api.telegram.org/bot7707158318:AAE8rWa4Q8Z_3avql6K0HAmXaooZAReoNF0/getUpdates "HTTP/1.1 200 OK"
2025-06-23 06:06:17,888 - httpcore.http11 - DEBUG - receive_response_body.started request=<Request [b'POST']>
2025-06-23 06:06:17,888 - httpcore.http11 - DEBUG - receive_response_body.complete
2025-06-23 06:06:17,888 - httpcore.http11 - DEBUG - response_closed.started
2025-06-23 06:06:17,888 - httpcore.http11 - DEBUG - response_closed.complete
2025-06-23 06:06:17,888 - telegram.ext.ExtBot - DEBUG - No new updates found.
2025-06-23 06:06:17,888 - telegram.ext.ExtBot - DEBUG - ()
2025-06-23 06:06:17,888 - telegram.ext.ExtBot - DEBUG - Exiting: get_updates
2025-06-23 06:06:17,888 - telegram.ext.ExtBot - DEBUG - Entering: get_updates
2025-06-23 06:06:17,891 - httpcore.http11 - DEBUG - send_request_headers.started request=<Request [b'POST']>
2025-06-23 06:06:17,892 - httpcore.http11 - DEBUG - send_request_headers.complete
2025-06-23 06:06:17,892 - httpcore.http11 - DEBUG - send_request_body.started request=<Request [b'POST']>
2025-06-23 06:06:17,892 - httpcore.http11 - DEBUG - send_request_body.complete
2025-06-23 06:06:17,892 - httpcore.http11 - DEBUG - receive_response_headers.started request=<Request [b'POST']>
2025-06-23 06:06:27,992 - httpcore.http11 - DEBUG - receive_response_headers.complete return_value=(b'HTTP/1.1', 200, b'OK', [(b'Server', b'nginx/1.18.0'), (b'Date', b'Mon, 23 Jun 2025 05:06:30 GMT'), (b'Content-Type', b'application/json'), (b'Content-Length', b'23'), (b'Connection', b'keep-alive'), (b'Strict-Transport-Security', b'max-age=31536000; includeSubDomains; preload'), (b'Access-Control-Allow-Origin', b'*'), (b'Access-Control-Allow-Methods', b'GET, POST, OPTIONS'), (b'Access-Control-Expose-Headers', b'Content-Length,Content-Type,Date,Server,Connection')])
2025-06-23 06:06:27,992 - httpx - INFO - HTTP Request: POST https://api.telegram.org/bot7707158318:AAE8rWa4Q8Z_3avql6K0HAmXaooZAReoNF0/getUpdates "HTTP/1.1 200 OK"
2025-06-23 06:06:27,992 - httpcore.http11 - DEBUG - receive_response_body.started request=<Request [b'POST']>
2025-06-23 06:06:27,992 - httpcore.http11 - DEBUG - receive_response_body.complete
2025-06-23 06:06:27,992 - httpcore.http11 - DEBUG - response_closed.started
2025-06-23 06:06:27,994 - httpcore.http11 - DEBUG - response_closed.complete
2025-06-23 06:06:27,994 - telegram.ext.ExtBot - DEBUG - No new updates found.
2025-06-23 06:06:27,994 - telegram.ext.ExtBot - DEBUG - ()
2025-06-23 06:06:27,994 - telegram.ext.ExtBot - DEBUG - Exiting: get_updates
2025-06-23 06:06:27,994 - telegram.ext.ExtBot - DEBUG - Entering: get_updates
2025-06-23 06:06:27,996 - httpcore.http11 - DEBUG - send_request_headers.started request=<Request [b'POST']>
2025-06-23 06:06:27,996 - httpcore.http11 - DEBUG - send_request_headers.complete
2025-06-23 06:06:27,996 - httpcore.http11 - DEBUG - send_request_body.started request=<Request [b'POST']>
2025-06-23 06:06:27,996 - httpcore.http11 - DEBUG - send_request_body.complete
2025-06-23 06:06:27,996 - httpcore.http11 - DEBUG - receive_response_headers.started request=<Request [b'POST']>
2025-06-23 06:06:38,122 - httpcore.http11 - DEBUG - receive_response_headers.complete return_value=(b'HTTP/1.1', 200, b'OK', [(b'Server', b'nginx/1.18.0'), (b'Date', b'Mon, 23 Jun 2025 05:06:40 GMT'), (b'Content-Type', b'application/json'), (b'Content-Length', b'23'), (b'Connection', b'keep-alive'), (b'Strict-Transport-Security', b'max-age=31536000; includeSubDomains; preload'), (b'Access-Control-Allow-Origin', b'*'), (b'Access-Control-Allow-Methods', b'GET, POST, OPTIONS'), (b'Access-Control-Expose-Headers', b'Content-Length,Content-Type,Date,Server,Connection')])
2025-06-23 06:06:38,123 - httpx - INFO - HTTP Request: POST https://api.telegram.org/bot7707158318:AAE8rWa4Q8Z_3avql6K0HAmXaooZAReoNF0/getUpdates "HTTP/1.1 200 OK"
2025-06-23 06:06:38,123 - httpcore.http11 - DEBUG - receive_response_body.started request=<Request [b'POST']>
2025-06-23 06:06:38,123 - httpcore.http11 - DEBUG - receive_response_body.complete
2025-06-23 06:06:38,123 - httpcore.http11 - DEBUG - response_closed.started
2025-06-23 06:06:38,123 - httpcore.http11 - DEBUG - response_closed.complete
2025-06-23 06:06:38,125 - telegram.ext.ExtBot - DEBUG - No new updates found.
2025-06-23 06:06:38,125 - telegram.ext.ExtBot - DEBUG - ()
2025-06-23 06:06:38,125 - telegram.ext.ExtBot - DEBUG - Exiting: get_updates
2025-06-23 06:06:38,125 - telegram.ext.ExtBot - DEBUG - Entering: get_updates
2025-06-23 06:06:38,125 - httpcore.http11 - DEBUG - send_request_headers.started request=<Request [b'POST']>
2025-06-23 06:06:38,127 - httpcore.http11 - DEBUG - send_request_headers.complete
2025-06-23 06:06:38,127 - httpcore.http11 - DEBUG - send_request_body.started request=<Request [b'POST']>
2025-06-23 06:06:38,127 - httpcore.http11 - DEBUG - send_request_body.complete
2025-06-23 06:06:38,128 - httpcore.http11 - DEBUG - receive_response_headers.started request=<Request [b'POST']>
2025-06-23 06:06:48,209 - httpcore.http11 - DEBUG - receive_response_headers.complete return_value=(b'HTTP/1.1', 200, b'OK', [(b'Server', b'nginx/1.18.0'), (b'Date', b'Mon, 23 Jun 2025 05:06:50 GMT'), (b'Content-Type', b'application/json'), (b'Content-Length', b'23'), (b'Connection', b'keep-alive'), (b'Strict-Transport-Security', b'max-age=31536000; includeSubDomains; preload'), (b'Access-Control-Allow-Origin', b'*'), (b'Access-Control-Allow-Methods', b'GET, POST, OPTIONS'), (b'Access-Control-Expose-Headers', b'Content-Length,Content-Type,Date,Server,Connection')])
2025-06-23 06:06:48,209 - httpx - INFO - HTTP Request: POST https://api.telegram.org/bot7707158318:AAE8rWa4Q8Z_3avql6K0HAmXaooZAReoNF0/getUpdates "HTTP/1.1 200 OK"
2025-06-23 06:06:48,209 - httpcore.http11 - DEBUG - receive_response_body.started request=<Request [b'POST']>
2025-06-23 06:06:48,211 - httpcore.http11 - DEBUG - receive_response_body.complete
2025-06-23 06:06:48,211 - httpcore.http11 - DEBUG - response_closed.started
2025-06-23 06:06:48,211 - httpcore.http11 - DEBUG - response_closed.complete
2025-06-23 06:06:48,211 - telegram.ext.ExtBot - DEBUG - No new updates found.
2025-06-23 06:06:48,211 - telegram.ext.ExtBot - DEBUG - ()
2025-06-23 06:06:48,211 - telegram.ext.ExtBot - DEBUG - Exiting: get_updates
2025-06-23 06:06:48,211 - telegram.ext.ExtBot - DEBUG - Entering: get_updates
2025-06-23 06:06:48,212 - httpcore.http11 - DEBUG - send_request_headers.started request=<Request [b'POST']>
2025-06-23 06:06:48,212 - httpcore.http11 - DEBUG - send_request_headers.complete
2025-06-23 06:06:48,212 - httpcore.http11 - DEBUG - send_request_body.started request=<Request [b'POST']>
2025-06-23 06:06:48,212 - httpcore.http11 - DEBUG - send_request_body.complete
2025-06-23 06:06:48,212 - httpcore.http11 - DEBUG - receive_response_headers.started request=<Request [b'POST']>
2025-06-23 06:06:58,454 - httpcore.http11 - DEBUG - receive_response_headers.complete return_value=(b'HTTP/1.1', 200, b'OK', [(b'Server', b'nginx/1.18.0'), (b'Date', b'Mon, 23 Jun 2025 05:07:00 GMT'), (b'Content-Type', b'application/json'), (b'Content-Length', b'23'), (b'Connection', b'keep-alive'), (b'Strict-Transport-Security', b'max-age=31536000; includeSubDomains; preload'), (b'Access-Control-Allow-Origin', b'*'), (b'Access-Control-Allow-Methods', b'GET, POST, OPTIONS'), (b'Access-Control-Expose-Headers', b'Content-Length,Content-Type,Date,Server,Connection')])
2025-06-23 06:06:58,456 - httpx - INFO - HTTP Request: POST https://api.telegram.org/bot7707158318:AAE8rWa4Q8Z_3avql6K0HAmXaooZAReoNF0/getUpdates "HTTP/1.1 200 OK"
2025-06-23 06:06:58,456 - httpcore.http11 - DEBUG - receive_response_body.started request=<Request [b'POST']>
2025-06-23 06:06:58,458 - httpcore.http11 - DEBUG - receive_response_body.complete
2025-06-23 06:06:58,458 - httpcore.http11 - DEBUG - response_closed.started
2025-06-23 06:06:58,458 - httpcore.http11 - DEBUG - response_closed.complete
2025-06-23 06:06:58,458 - telegram.ext.ExtBot - DEBUG - No new updates found.
2025-06-23 06:06:58,458 - telegram.ext.ExtBot - DEBUG - ()
2025-06-23 06:06:58,458 - telegram.ext.ExtBot - DEBUG - Exiting: get_updates
2025-06-23 06:06:58,458 - telegram.ext.ExtBot - DEBUG - Entering: get_updates
2025-06-23 06:06:58,458 - httpcore.http11 - DEBUG - send_request_headers.started request=<Request [b'POST']>
2025-06-23 06:06:58,458 - httpcore.http11 - DEBUG - send_request_headers.complete
2025-06-23 06:06:58,458 - httpcore.http11 - DEBUG - send_request_body.started request=<Request [b'POST']>
2025-06-23 06:06:58,461 - httpcore.http11 - DEBUG - send_request_body.complete
2025-06-23 06:06:58,461 - httpcore.http11 - DEBUG - receive_response_headers.started request=<Request [b'POST']>
2025-06-23 06:07:08,754 - httpcore.http11 - DEBUG - receive_response_headers.complete return_value=(b'HTTP/1.1', 200, b'OK', [(b'Server', b'nginx/1.18.0'), (b'Date', b'Mon, 23 Jun 2025 05:07:10 GMT'), (b'Content-Type', b'application/json'), (b'Content-Length', b'23'), (b'Connection', b'keep-alive'), (b'Strict-Transport-Security', b'max-age=31536000; includeSubDomains; preload'), (b'Access-Control-Allow-Origin', b'*'), (b'Access-Control-Allow-Methods', b'GET, POST, OPTIONS'), (b'Access-Control-Expose-Headers', b'Content-Length,Content-Type,Date,Server,Connection')])
2025-06-23 06:07:08,758 - httpx - INFO - HTTP Request: POST https://api.telegram.org/bot7707158318:AAE8rWa4Q8Z_3avql6K0HAmXaooZAReoNF0/getUpdates "HTTP/1.1 200 OK"
2025-06-23 06:07:08,758 - httpcore.http11 - DEBUG - receive_response_body.started request=<Request [b'POST']>
2025-06-23 06:07:08,758 - httpcore.http11 - DEBUG - receive_response_body.complete
2025-06-23 06:07:08,758 - httpcore.http11 - DEBUG - response_closed.started
2025-06-23 06:07:08,758 - httpcore.http11 - DEBUG - response_closed.complete
2025-06-23 06:07:08,758 - telegram.ext.ExtBot - DEBUG - No new updates found.
2025-06-23 06:07:08,758 - telegram.ext.ExtBot - DEBUG - ()
2025-06-23 06:07:08,758 - telegram.ext.ExtBot - DEBUG - Exiting: get_updates
2025-06-23 06:07:08,758 - telegram.ext.ExtBot - DEBUG - Entering: get_updates
2025-06-23 06:07:08,758 - httpcore.http11 - DEBUG - send_request_headers.started request=<Request [b'POST']>
2025-06-23 06:07:08,761 - httpcore.http11 - DEBUG - send_request_headers.complete
2025-06-23 06:07:08,761 - httpcore.http11 - DEBUG - send_request_body.started request=<Request [b'POST']>
2025-06-23 06:07:08,761 - httpcore.http11 - DEBUG - send_request_body.complete
2025-06-23 06:07:08,761 - httpcore.http11 - DEBUG - receive_response_headers.started request=<Request [b'POST']>
2025-06-23 06:07:18,845 - httpcore.http11 - DEBUG - receive_response_headers.complete return_value=(b'HTTP/1.1', 200, b'OK', [(b'Server', b'nginx/1.18.0'), (b'Date', b'Mon, 23 Jun 2025 05:07:21 GMT'), (b'Content-Type', b'application/json'), (b'Content-Length', b'23'), (b'Connection', b'keep-alive'), (b'Strict-Transport-Security', b'max-age=31536000; includeSubDomains; preload'), (b'Access-Control-Allow-Origin', b'*'), (b'Access-Control-Allow-Methods', b'GET, POST, OPTIONS'), (b'Access-Control-Expose-Headers', b'Content-Length,Content-Type,Date,Server,Connection')])
2025-06-23 06:07:18,845 - httpx - INFO - HTTP Request: POST https://api.telegram.org/bot7707158318:AAE8rWa4Q8Z_3avql6K0HAmXaooZAReoNF0/getUpdates "HTTP/1.1 200 OK"
2025-06-23 06:07:18,845 - httpcore.http11 - DEBUG - receive_response_body.started request=<Request [b'POST']>
2025-06-23 06:07:18,845 - httpcore.http11 - DEBUG - receive_response_body.complete
2025-06-23 06:07:18,845 - httpcore.http11 - DEBUG - response_closed.started
2025-06-23 06:07:18,845 - httpcore.http11 - DEBUG - response_closed.complete
2025-06-23 06:07:18,845 - telegram.ext.ExtBot - DEBUG - No new updates found.
2025-06-23 06:07:18,845 - telegram.ext.ExtBot - DEBUG - ()
2025-06-23 06:07:18,845 - telegram.ext.ExtBot - DEBUG - Exiting: get_updates
2025-06-23 06:07:18,845 - telegram.ext.ExtBot - DEBUG - Entering: get_updates
2025-06-23 06:07:18,845 - httpcore.http11 - DEBUG - send_request_headers.started request=<Request [b'POST']>
2025-06-23 06:07:18,850 - httpcore.http11 - DEBUG - send_request_headers.complete
2025-06-23 06:07:18,850 - httpcore.http11 - DEBUG - send_request_body.started request=<Request [b'POST']>
2025-06-23 06:07:18,850 - httpcore.http11 - DEBUG - send_request_body.complete
2025-06-23 06:07:18,850 - httpcore.http11 - DEBUG - receive_response_headers.started request=<Request [b'POST']>
2025-06-23 06:07:29,243 - httpcore.http11 - DEBUG - receive_response_headers.complete return_value=(b'HTTP/1.1', 200, b'OK', [(b'Server', b'nginx/1.18.0'), (b'Date', b'Mon, 23 Jun 2025 05:07:31 GMT'), (b'Content-Type', b'application/json'), (b'Content-Length', b'23'), (b'Connection', b'keep-alive'), (b'Strict-Transport-Security', b'max-age=31536000; includeSubDomains; preload'), (b'Access-Control-Allow-Origin', b'*'), (b'Access-Control-Allow-Methods', b'GET, POST, OPTIONS'), (b'Access-Control-Expose-Headers', b'Content-Length,Content-Type,Date,Server,Connection')])
2025-06-23 06:07:29,243 - httpx - INFO - HTTP Request: POST https://api.telegram.org/bot7707158318:AAE8rWa4Q8Z_3avql6K0HAmXaooZAReoNF0/getUpdates "HTTP/1.1 200 OK"
2025-06-23 06:07:29,243 - httpcore.http11 - DEBUG - receive_response_body.started request=<Request [b'POST']>
2025-06-23 06:07:29,243 - httpcore.http11 - DEBUG - receive_response_body.complete
2025-06-23 06:07:29,243 - httpcore.http11 - DEBUG - response_closed.started
2025-06-23 06:07:29,243 - httpcore.http11 - DEBUG - response_closed.complete
2025-06-23 06:07:29,243 - telegram.ext.ExtBot - DEBUG - No new updates found.
2025-06-23 06:07:29,243 - telegram.ext.ExtBot - DEBUG - ()
2025-06-23 06:07:29,243 - telegram.ext.ExtBot - DEBUG - Exiting: get_updates
2025-06-23 06:07:29,243 - telegram.ext.ExtBot - DEBUG - Entering: get_updates
2025-06-23 06:07:29,250 - httpcore.http11 - DEBUG - send_request_headers.started request=<Request [b'POST']>
2025-06-23 06:07:29,251 - httpcore.http11 - DEBUG - send_request_headers.complete
2025-06-23 06:07:29,251 - httpcore.http11 - DEBUG - send_request_body.started request=<Request [b'POST']>
2025-06-23 06:07:29,251 - httpcore.http11 - DEBUG - send_request_body.complete
2025-06-23 06:07:29,251 - httpcore.http11 - DEBUG - receive_response_headers.started request=<Request [b'POST']>
2025-06-23 06:07:39,336 - httpcore.http11 - DEBUG - receive_response_headers.complete return_value=(b'HTTP/1.1', 200, b'OK', [(b'Server', b'nginx/1.18.0'), (b'Date', b'Mon, 23 Jun 2025 05:07:41 GMT'), (b'Content-Type', b'application/json'), (b'Content-Length', b'23'), (b'Connection', b'keep-alive'), (b'Strict-Transport-Security', b'max-age=31536000; includeSubDomains; preload'), (b'Access-Control-Allow-Origin', b'*'), (b'Access-Control-Allow-Methods', b'GET, POST, OPTIONS'), (b'Access-Control-Expose-Headers', b'Content-Length,Content-Type,Date,Server,Connection')])
2025-06-23 06:07:39,337 - httpx - INFO - HTTP Request: POST https://api.telegram.org/bot7707158318:AAE8rWa4Q8Z_3avql6K0HAmXaooZAReoNF0/getUpdates "HTTP/1.1 200 OK"
2025-06-23 06:07:39,337 - httpcore.http11 - DEBUG - receive_response_body.started request=<Request [b'POST']>
2025-06-23 06:07:39,337 - httpcore.http11 - DEBUG - receive_response_body.complete
2025-06-23 06:07:39,337 - httpcore.http11 - DEBUG - response_closed.started
2025-06-23 06:07:39,337 - httpcore.http11 - DEBUG - response_closed.complete
2025-06-23 06:07:39,337 - telegram.ext.ExtBot - DEBUG - No new updates found.
2025-06-23 06:07:39,337 - telegram.ext.ExtBot - DEBUG - ()
2025-06-23 06:07:39,337 - telegram.ext.ExtBot - DEBUG - Exiting: get_updates
2025-06-23 06:07:39,337 - telegram.ext.ExtBot - DEBUG - Entering: get_updates
2025-06-23 06:07:39,337 - httpcore.http11 - DEBUG - send_request_headers.started request=<Request [b'POST']>
2025-06-23 06:07:39,337 - httpcore.http11 - DEBUG - send_request_headers.complete
2025-06-23 06:07:39,337 - httpcore.http11 - DEBUG - send_request_body.started request=<Request [b'POST']>
2025-06-23 06:07:39,337 - httpcore.http11 - DEBUG - send_request_body.complete
2025-06-23 06:07:39,337 - httpcore.http11 - DEBUG - receive_response_headers.started request=<Request [b'POST']>
2025-06-23 06:07:49,726 - httpcore.http11 - DEBUG - receive_response_headers.complete return_value=(b'HTTP/1.1', 200, b'OK', [(b'Server', b'nginx/1.18.0'), (b'Date', b'Mon, 23 Jun 2025 05:07:51 GMT'), (b'Content-Type', b'application/json'), (b'Content-Length', b'23'), (b'Connection', b'keep-alive'), (b'Strict-Transport-Security', b'max-age=31536000; includeSubDomains; preload'), (b'Access-Control-Allow-Origin', b'*'), (b'Access-Control-Allow-Methods', b'GET, POST, OPTIONS'), (b'Access-Control-Expose-Headers', b'Content-Length,Content-Type,Date,Server,Connection')])
2025-06-23 06:07:49,727 - httpx - INFO - HTTP Request: POST https://api.telegram.org/bot7707158318:AAE8rWa4Q8Z_3avql6K0HAmXaooZAReoNF0/getUpdates "HTTP/1.1 200 OK"
2025-06-23 06:07:49,728 - httpcore.http11 - DEBUG - receive_response_body.started request=<Request [b'POST']>
2025-06-23 06:07:49,728 - httpcore.http11 - DEBUG - receive_response_body.complete
2025-06-23 06:07:49,728 - httpcore.http11 - DEBUG - response_closed.started
2025-06-23 06:07:49,728 - httpcore.http11 - DEBUG - response_closed.complete
2025-06-23 06:07:49,728 - telegram.ext.ExtBot - DEBUG - No new updates found.
2025-06-23 06:07:49,728 - telegram.ext.ExtBot - DEBUG - ()
2025-06-23 06:07:49,728 - telegram.ext.ExtBot - DEBUG - Exiting: get_updates
2025-06-23 06:07:49,728 - telegram.ext.ExtBot - DEBUG - Entering: get_updates
2025-06-23 06:07:49,728 - httpcore.http11 - DEBUG - send_request_headers.started request=<Request [b'POST']>
2025-06-23 06:07:49,728 - httpcore.http11 - DEBUG - send_request_headers.complete
2025-06-23 06:07:49,728 - httpcore.http11 - DEBUG - send_request_body.started request=<Request [b'POST']>
2025-06-23 06:07:49,728 - httpcore.http11 - DEBUG - send_request_body.complete
2025-06-23 06:07:49,728 - httpcore.http11 - DEBUG - receive_response_headers.started request=<Request [b'POST']>
2025-06-23 06:07:59,815 - httpcore.http11 - DEBUG - receive_response_headers.complete return_value=(b'HTTP/1.1', 200, b'OK', [(b'Server', b'nginx/1.18.0'), (b'Date', b'Mon, 23 Jun 2025 05:08:02 GMT'), (b'Content-Type', b'application/json'), (b'Content-Length', b'23'), (b'Connection', b'keep-alive'), (b'Strict-Transport-Security', b'max-age=31536000; includeSubDomains; preload'), (b'Access-Control-Allow-Origin', b'*'), (b'Access-Control-Allow-Methods', b'GET, POST, OPTIONS'), (b'Access-Control-Expose-Headers', b'Content-Length,Content-Type,Date,Server,Connection')])
2025-06-23 06:07:59,815 - httpx - INFO - HTTP Request: POST https://api.telegram.org/bot7707158318:AAE8rWa4Q8Z_3avql6K0HAmXaooZAReoNF0/getUpdates "HTTP/1.1 200 OK"
2025-06-23 06:07:59,819 - httpcore.http11 - DEBUG - receive_response_body.started request=<Request [b'POST']>
2025-06-23 06:07:59,819 - httpcore.http11 - DEBUG - receive_response_body.complete
2025-06-23 06:07:59,819 - httpcore.http11 - DEBUG - response_closed.started
2025-06-23 06:07:59,819 - httpcore.http11 - DEBUG - response_closed.complete
2025-06-23 06:07:59,821 - telegram.ext.ExtBot - DEBUG - No new updates found.
2025-06-23 06:07:59,822 - telegram.ext.ExtBot - DEBUG - ()
2025-06-23 06:07:59,822 - telegram.ext.ExtBot - DEBUG - Exiting: get_updates
2025-06-23 06:07:59,822 - telegram.ext.ExtBot - DEBUG - Entering: get_updates
2025-06-23 06:07:59,823 - httpcore.http11 - DEBUG - send_request_headers.started request=<Request [b'POST']>
2025-06-23 06:07:59,823 - httpcore.http11 - DEBUG - send_request_headers.complete
2025-06-23 06:07:59,825 - httpcore.http11 - DEBUG - send_request_body.started request=<Request [b'POST']>
2025-06-23 06:07:59,825 - httpcore.http11 - DEBUG - send_request_body.complete
2025-06-23 06:07:59,825 - httpcore.http11 - DEBUG - receive_response_headers.started request=<Request [b'POST']>
2025-06-23 06:08:10,008 - httpcore.http11 - DEBUG - receive_response_headers.complete return_value=(b'HTTP/1.1', 200, b'OK', [(b'Server', b'nginx/1.18.0'), (b'Date', b'Mon, 23 Jun 2025 05:08:12 GMT'), (b'Content-Type', b'application/json'), (b'Content-Length', b'23'), (b'Connection', b'keep-alive'), (b'Strict-Transport-Security', b'max-age=31536000; includeSubDomains; preload'), (b'Access-Control-Allow-Origin', b'*'), (b'Access-Control-Allow-Methods', b'GET, POST, OPTIONS'), (b'Access-Control-Expose-Headers', b'Content-Length,Content-Type,Date,Server,Connection')])
2025-06-23 06:08:10,008 - httpx - INFO - HTTP Request: POST https://api.telegram.org/bot7707158318:AAE8rWa4Q8Z_3avql6K0HAmXaooZAReoNF0/getUpdates "HTTP/1.1 200 OK"
2025-06-23 06:08:10,008 - httpcore.http11 - DEBUG - receive_response_body.started request=<Request [b'POST']>
2025-06-23 06:08:10,011 - httpcore.http11 - DEBUG - receive_response_body.complete
2025-06-23 06:08:10,011 - httpcore.http11 - DEBUG - response_closed.started
2025-06-23 06:08:10,011 - httpcore.http11 - DEBUG - response_closed.complete
2025-06-23 06:08:10,011 - telegram.ext.ExtBot - DEBUG - No new updates found.
2025-06-23 06:08:10,011 - telegram.ext.ExtBot - DEBUG - ()
2025-06-23 06:08:10,011 - telegram.ext.ExtBot - DEBUG - Exiting: get_updates
2025-06-23 06:08:10,011 - telegram.ext.ExtBot - DEBUG - Entering: get_updates
2025-06-23 06:08:10,012 - httpcore.http11 - DEBUG - send_request_headers.started request=<Request [b'POST']>
2025-06-23 06:08:10,012 - httpcore.http11 - DEBUG - send_request_headers.complete
2025-06-23 06:08:10,012 - httpcore.http11 - DEBUG - send_request_body.started request=<Request [b'POST']>
2025-06-23 06:08:10,012 - httpcore.http11 - DEBUG - send_request_body.complete
2025-06-23 06:08:10,012 - httpcore.http11 - DEBUG - receive_response_headers.started request=<Request [b'POST']>
2025-06-23 06:08:20,446 - httpcore.http11 - DEBUG - receive_response_headers.complete return_value=(b'HTTP/1.1', 200, b'OK', [(b'Server', b'nginx/1.18.0'), (b'Date', b'Mon, 23 Jun 2025 05:08:22 GMT'), (b'Content-Type', b'application/json'), (b'Content-Length', b'23'), (b'Connection', b'keep-alive'), (b'Strict-Transport-Security', b'max-age=31536000; includeSubDomains; preload'), (b'Access-Control-Allow-Origin', b'*'), (b'Access-Control-Allow-Methods', b'GET, POST, OPTIONS'), (b'Access-Control-Expose-Headers', b'Content-Length,Content-Type,Date,Server,Connection')])
2025-06-23 06:08:20,447 - httpx - INFO - HTTP Request: POST https://api.telegram.org/bot7707158318:AAE8rWa4Q8Z_3avql6K0HAmXaooZAReoNF0/getUpdates "HTTP/1.1 200 OK"
2025-06-23 06:08:20,448 - httpcore.http11 - DEBUG - receive_response_body.started request=<Request [b'POST']>
2025-06-23 06:08:20,449 - httpcore.http11 - DEBUG - receive_response_body.complete
2025-06-23 06:08:20,449 - httpcore.http11 - DEBUG - response_closed.started
2025-06-23 06:08:20,449 - httpcore.http11 - DEBUG - response_closed.complete
2025-06-23 06:08:20,449 - telegram.ext.ExtBot - DEBUG - No new updates found.
2025-06-23 06:08:20,449 - telegram.ext.ExtBot - DEBUG - ()
2025-06-23 06:08:20,449 - telegram.ext.ExtBot - DEBUG - Exiting: get_updates
2025-06-23 06:08:20,449 - telegram.ext.ExtBot - DEBUG - Entering: get_updates
2025-06-23 06:08:20,449 - httpcore.http11 - DEBUG - send_request_headers.started request=<Request [b'POST']>
2025-06-23 06:08:20,452 - httpcore.http11 - DEBUG - send_request_headers.complete
2025-06-23 06:08:20,452 - httpcore.http11 - DEBUG - send_request_body.started request=<Request [b'POST']>
2025-06-23 06:08:20,452 - httpcore.http11 - DEBUG - send_request_body.complete
2025-06-23 06:08:20,452 - httpcore.http11 - DEBUG - receive_response_headers.started request=<Request [b'POST']>
2025-06-23 06:08:30,682 - httpcore.http11 - DEBUG - receive_response_headers.complete return_value=(b'HTTP/1.1', 200, b'OK', [(b'Server', b'nginx/1.18.0'), (b'Date', b'Mon, 23 Jun 2025 05:08:32 GMT'), (b'Content-Type', b'application/json'), (b'Content-Length', b'23'), (b'Connection', b'keep-alive'), (b'Strict-Transport-Security', b'max-age=31536000; includeSubDomains; preload'), (b'Access-Control-Allow-Origin', b'*'), (b'Access-Control-Allow-Methods', b'GET, POST, OPTIONS'), (b'Access-Control-Expose-Headers', b'Content-Length,Content-Type,Date,Server,Connection')])
2025-06-23 06:08:30,687 - httpx - INFO - HTTP Request: POST https://api.telegram.org/bot7707158318:AAE8rWa4Q8Z_3avql6K0HAmXaooZAReoNF0/getUpdates "HTTP/1.1 200 OK"
2025-06-23 06:08:30,687 - httpcore.http11 - DEBUG - receive_response_body.started request=<Request [b'POST']>
2025-06-23 06:08:30,687 - httpcore.http11 - DEBUG - receive_response_body.complete
2025-06-23 06:08:30,687 - httpcore.http11 - DEBUG - response_closed.started
2025-06-23 06:08:30,687 - httpcore.http11 - DEBUG - response_closed.complete
2025-06-23 06:08:30,687 - telegram.ext.ExtBot - DEBUG - No new updates found.
2025-06-23 06:08:30,689 - telegram.ext.ExtBot - DEBUG - ()
2025-06-23 06:08:30,689 - telegram.ext.ExtBot - DEBUG - Exiting: get_updates
2025-06-23 06:08:30,689 - telegram.ext.ExtBot - DEBUG - Entering: get_updates
2025-06-23 06:08:30,691 - httpcore.http11 - DEBUG - send_request_headers.started request=<Request [b'POST']>
2025-06-23 06:08:30,692 - httpcore.http11 - DEBUG - send_request_headers.complete
2025-06-23 06:08:30,692 - httpcore.http11 - DEBUG - send_request_body.started request=<Request [b'POST']>
2025-06-23 06:08:30,692 - httpcore.http11 - DEBUG - send_request_body.complete
2025-06-23 06:08:30,693 - httpcore.http11 - DEBUG - receive_response_headers.started request=<Request [b'POST']>
2025-06-23 06:08:40,925 - httpcore.http11 - DEBUG - receive_response_headers.complete return_value=(b'HTTP/1.1', 200, b'OK', [(b'Server', b'nginx/1.18.0'), (b'Date', b'Mon, 23 Jun 2025 05:08:43 GMT'), (b'Content-Type', b'application/json'), (b'Content-Length', b'23'), (b'Connection', b'keep-alive'), (b'Strict-Transport-Security', b'max-age=31536000; includeSubDomains; preload'), (b'Access-Control-Allow-Origin', b'*'), (b'Access-Control-Allow-Methods', b'GET, POST, OPTIONS'), (b'Access-Control-Expose-Headers', b'Content-Length,Content-Type,Date,Server,Connection')])
2025-06-23 06:08:40,925 - httpx - INFO - HTTP Request: POST https://api.telegram.org/bot7707158318:AAE8rWa4Q8Z_3avql6K0HAmXaooZAReoNF0/getUpdates "HTTP/1.1 200 OK"
2025-06-23 06:08:40,927 - httpcore.http11 - DEBUG - receive_response_body.started request=<Request [b'POST']>
2025-06-23 06:08:40,928 - httpcore.http11 - DEBUG - receive_response_body.complete
2025-06-23 06:08:40,928 - httpcore.http11 - DEBUG - response_closed.started
2025-06-23 06:08:40,928 - httpcore.http11 - DEBUG - response_closed.complete
2025-06-23 06:08:40,928 - telegram.ext.ExtBot - DEBUG - No new updates found.
2025-06-23 06:08:40,928 - telegram.ext.ExtBot - DEBUG - ()
2025-06-23 06:08:40,928 - telegram.ext.ExtBot - DEBUG - Exiting: get_updates
2025-06-23 06:08:40,928 - telegram.ext.ExtBot - DEBUG - Entering: get_updates
2025-06-23 06:08:40,930 - httpcore.http11 - DEBUG - send_request_headers.started request=<Request [b'POST']>
2025-06-23 06:08:40,931 - httpcore.http11 - DEBUG - send_request_headers.complete
2025-06-23 06:08:40,931 - httpcore.http11 - DEBUG - send_request_body.started request=<Request [b'POST']>
2025-06-23 06:08:40,932 - httpcore.http11 - DEBUG - send_request_body.complete
2025-06-23 06:08:40,932 - httpcore.http11 - DEBUG - receive_response_headers.started request=<Request [b'POST']>
2025-06-23 06:08:51,013 - httpcore.http11 - DEBUG - receive_response_headers.complete return_value=(b'HTTP/1.1', 200, b'OK', [(b'Server', b'nginx/1.18.0'), (b'Date', b'Mon, 23 Jun 2025 05:08:53 GMT'), (b'Content-Type', b'application/json'), (b'Content-Length', b'23'), (b'Connection', b'keep-alive'), (b'Strict-Transport-Security', b'max-age=31536000; includeSubDomains; preload'), (b'Access-Control-Allow-Origin', b'*'), (b'Access-Control-Allow-Methods', b'GET, POST, OPTIONS'), (b'Access-Control-Expose-Headers', b'Content-Length,Content-Type,Date,Server,Connection')])
2025-06-23 06:08:51,013 - httpx - INFO - HTTP Request: POST https://api.telegram.org/bot7707158318:AAE8rWa4Q8Z_3avql6K0HAmXaooZAReoNF0/getUpdates "HTTP/1.1 200 OK"
2025-06-23 06:08:51,015 - httpcore.http11 - DEBUG - receive_response_body.started request=<Request [b'POST']>
2025-06-23 06:08:51,016 - httpcore.http11 - DEBUG - receive_response_body.complete
2025-06-23 06:08:51,016 - httpcore.http11 - DEBUG - response_closed.started
2025-06-23 06:08:51,016 - httpcore.http11 - DEBUG - response_closed.complete
2025-06-23 06:08:51,016 - telegram.ext.ExtBot - DEBUG - No new updates found.
2025-06-23 06:08:51,016 - telegram.ext.ExtBot - DEBUG - ()
2025-06-23 06:08:51,016 - telegram.ext.ExtBot - DEBUG - Exiting: get_updates
2025-06-23 06:08:51,016 - telegram.ext.ExtBot - DEBUG - Entering: get_updates
2025-06-23 06:08:51,018 - httpcore.http11 - DEBUG - send_request_headers.started request=<Request [b'POST']>
2025-06-23 06:08:51,020 - httpcore.http11 - DEBUG - send_request_headers.complete
2025-06-23 06:08:51,020 - httpcore.http11 - DEBUG - send_request_body.started request=<Request [b'POST']>
2025-06-23 06:08:51,020 - httpcore.http11 - DEBUG - send_request_body.complete
2025-06-23 06:08:51,020 - httpcore.http11 - DEBUG - receive_response_headers.started request=<Request [b'POST']>
2025-06-23 06:09:01,405 - httpcore.http11 - DEBUG - receive_response_headers.complete return_value=(b'HTTP/1.1', 200, b'OK', [(b'Server', b'nginx/1.18.0'), (b'Date', b'Mon, 23 Jun 2025 05:09:03 GMT'), (b'Content-Type', b'application/json'), (b'Content-Length', b'23'), (b'Connection', b'keep-alive'), (b'Strict-Transport-Security', b'max-age=31536000; includeSubDomains; preload'), (b'Access-Control-Allow-Origin', b'*'), (b'Access-Control-Allow-Methods', b'GET, POST, OPTIONS'), (b'Access-Control-Expose-Headers', b'Content-Length,Content-Type,Date,Server,Connection')])
2025-06-23 06:09:01,408 - httpx - INFO - HTTP Request: POST https://api.telegram.org/bot7707158318:AAE8rWa4Q8Z_3avql6K0HAmXaooZAReoNF0/getUpdates "HTTP/1.1 200 OK"
2025-06-23 06:09:01,408 - httpcore.http11 - DEBUG - receive_response_body.started request=<Request [b'POST']>
2025-06-23 06:09:01,408 - httpcore.http11 - DEBUG - receive_response_body.complete
2025-06-23 06:09:01,408 - httpcore.http11 - DEBUG - response_closed.started
2025-06-23 06:09:01,411 - httpcore.http11 - DEBUG - response_closed.complete
2025-06-23 06:09:01,411 - telegram.ext.ExtBot - DEBUG - No new updates found.
2025-06-23 06:09:01,411 - telegram.ext.ExtBot - DEBUG - ()
2025-06-23 06:09:01,411 - telegram.ext.ExtBot - DEBUG - Exiting: get_updates
2025-06-23 06:09:01,411 - telegram.ext.ExtBot - DEBUG - Entering: get_updates
2025-06-23 06:09:01,412 - httpcore.http11 - DEBUG - send_request_headers.started request=<Request [b'POST']>
2025-06-23 06:09:01,412 - httpcore.http11 - DEBUG - send_request_headers.complete
2025-06-23 06:09:01,412 - httpcore.http11 - DEBUG - send_request_body.started request=<Request [b'POST']>
2025-06-23 06:09:01,415 - httpcore.http11 - DEBUG - send_request_body.complete
2025-06-23 06:09:01,415 - httpcore.http11 - DEBUG - receive_response_headers.started request=<Request [b'POST']>
2025-06-23 06:09:11,493 - httpcore.http11 - DEBUG - receive_response_headers.complete return_value=(b'HTTP/1.1', 200, b'OK', [(b'Server', b'nginx/1.18.0'), (b'Date', b'Mon, 23 Jun 2025 05:09:13 GMT'), (b'Content-Type', b'application/json'), (b'Content-Length', b'23'), (b'Connection', b'keep-alive'), (b'Strict-Transport-Security', b'max-age=31536000; includeSubDomains; preload'), (b'Access-Control-Allow-Origin', b'*'), (b'Access-Control-Allow-Methods', b'GET, POST, OPTIONS'), (b'Access-Control-Expose-Headers', b'Content-Length,Content-Type,Date,Server,Connection')])
2025-06-23 06:09:11,493 - httpx - INFO - HTTP Request: POST https://api.telegram.org/bot7707158318:AAE8rWa4Q8Z_3avql6K0HAmXaooZAReoNF0/getUpdates "HTTP/1.1 200 OK"
2025-06-23 06:09:11,501 - httpcore.http11 - DEBUG - receive_response_body.started request=<Request [b'POST']>
2025-06-23 06:09:11,501 - httpcore.http11 - DEBUG - receive_response_body.complete
2025-06-23 06:09:11,501 - httpcore.http11 - DEBUG - response_closed.started
2025-06-23 06:09:11,501 - httpcore.http11 - DEBUG - response_closed.complete
2025-06-23 06:09:11,501 - telegram.ext.ExtBot - DEBUG - No new updates found.
2025-06-23 06:09:11,501 - telegram.ext.ExtBot - DEBUG - ()
2025-06-23 06:09:11,501 - telegram.ext.ExtBot - DEBUG - Exiting: get_updates
2025-06-23 06:09:11,501 - telegram.ext.ExtBot - DEBUG - Entering: get_updates
2025-06-23 06:09:11,501 - httpcore.http11 - DEBUG - send_request_headers.started request=<Request [b'POST']>
2025-06-23 06:09:11,503 - httpcore.http11 - DEBUG - send_request_headers.complete
2025-06-23 06:09:11,503 - httpcore.http11 - DEBUG - send_request_body.started request=<Request [b'POST']>
2025-06-23 06:09:11,503 - httpcore.http11 - DEBUG - send_request_body.complete
2025-06-23 06:09:11,503 - httpcore.http11 - DEBUG - receive_response_headers.started request=<Request [b'POST']>
2025-06-23 06:09:21,597 - httpcore.http11 - DEBUG - receive_response_headers.complete return_value=(b'HTTP/1.1', 200, b'OK', [(b'Server', b'nginx/1.18.0'), (b'Date', b'Mon, 23 Jun 2025 05:09:23 GMT'), (b'Content-Type', b'application/json'), (b'Content-Length', b'23'), (b'Connection', b'keep-alive'), (b'Strict-Transport-Security', b'max-age=31536000; includeSubDomains; preload'), (b'Access-Control-Allow-Origin', b'*'), (b'Access-Control-Allow-Methods', b'GET, POST, OPTIONS'), (b'Access-Control-Expose-Headers', b'Content-Length,Content-Type,Date,Server,Connection')])
2025-06-23 06:09:21,597 - httpx - INFO - HTTP Request: POST https://api.telegram.org/bot7707158318:AAE8rWa4Q8Z_3avql6K0HAmXaooZAReoNF0/getUpdates "HTTP/1.1 200 OK"
2025-06-23 06:09:21,601 - httpcore.http11 - DEBUG - receive_response_body.started request=<Request [b'POST']>
2025-06-23 06:09:21,601 - httpcore.http11 - DEBUG - receive_response_body.complete
2025-06-23 06:09:21,601 - httpcore.http11 - DEBUG - response_closed.started
2025-06-23 06:09:21,601 - httpcore.http11 - DEBUG - response_closed.complete
2025-06-23 06:09:21,601 - telegram.ext.ExtBot - DEBUG - No new updates found.
2025-06-23 06:09:21,603 - telegram.ext.ExtBot - DEBUG - ()
2025-06-23 06:09:21,603 - telegram.ext.ExtBot - DEBUG - Exiting: get_updates
2025-06-23 06:09:21,603 - telegram.ext.ExtBot - DEBUG - Entering: get_updates
2025-06-23 06:09:21,604 - httpcore.http11 - DEBUG - send_request_headers.started request=<Request [b'POST']>
2025-06-23 06:09:21,604 - httpcore.http11 - DEBUG - send_request_headers.complete
2025-06-23 06:09:21,604 - httpcore.http11 - DEBUG - send_request_body.started request=<Request [b'POST']>
2025-06-23 06:09:21,606 - httpcore.http11 - DEBUG - send_request_body.complete
2025-06-23 06:09:21,606 - httpcore.http11 - DEBUG - receive_response_headers.started request=<Request [b'POST']>
2025-06-23 06:09:31,796 - httpcore.http11 - DEBUG - receive_response_headers.complete return_value=(b'HTTP/1.1', 200, b'OK', [(b'Server', b'nginx/1.18.0'), (b'Date', b'Mon, 23 Jun 2025 05:09:34 GMT'), (b'Content-Type', b'application/json'), (b'Content-Length', b'23'), (b'Connection', b'keep-alive'), (b'Strict-Transport-Security', b'max-age=31536000; includeSubDomains; preload'), (b'Access-Control-Allow-Origin', b'*'), (b'Access-Control-Allow-Methods', b'GET, POST, OPTIONS'), (b'Access-Control-Expose-Headers', b'Content-Length,Content-Type,Date,Server,Connection')])
2025-06-23 06:09:31,796 - httpx - INFO - HTTP Request: POST https://api.telegram.org/bot7707158318:AAE8rWa4Q8Z_3avql6K0HAmXaooZAReoNF0/getUpdates "HTTP/1.1 200 OK"
2025-06-23 06:09:31,796 - httpcore.http11 - DEBUG - receive_response_body.started request=<Request [b'POST']>
2025-06-23 06:09:31,796 - httpcore.http11 - DEBUG - receive_response_body.complete
2025-06-23 06:09:31,796 - httpcore.http11 - DEBUG - response_closed.started
2025-06-23 06:09:31,796 - httpcore.http11 - DEBUG - response_closed.complete
2025-06-23 06:09:31,799 - telegram.ext.ExtBot - DEBUG - No new updates found.
2025-06-23 06:09:31,799 - telegram.ext.ExtBot - DEBUG - ()
2025-06-23 06:09:31,799 - telegram.ext.ExtBot - DEBUG - Exiting: get_updates
2025-06-23 06:09:31,799 - telegram.ext.ExtBot - DEBUG - Entering: get_updates
2025-06-23 06:09:31,800 - httpcore.http11 - DEBUG - send_request_headers.started request=<Request [b'POST']>
2025-06-23 06:09:31,800 - httpcore.http11 - DEBUG - send_request_headers.complete
2025-06-23 06:09:31,800 - httpcore.http11 - DEBUG - send_request_body.started request=<Request [b'POST']>
2025-06-23 06:09:31,800 - httpcore.http11 - DEBUG - send_request_body.complete
2025-06-23 06:09:31,800 - httpcore.http11 - DEBUG - receive_response_headers.started request=<Request [b'POST']>
2025-06-23 06:09:42,035 - httpcore.http11 - DEBUG - receive_response_headers.complete return_value=(b'HTTP/1.1', 200, b'OK', [(b'Server', b'nginx/1.18.0'), (b'Date', b'Mon, 23 Jun 2025 05:09:44 GMT'), (b'Content-Type', b'application/json'), (b'Content-Length', b'23'), (b'Connection', b'keep-alive'), (b'Strict-Transport-Security', b'max-age=31536000; includeSubDomains; preload'), (b'Access-Control-Allow-Origin', b'*'), (b'Access-Control-Allow-Methods', b'GET, POST, OPTIONS'), (b'Access-Control-Expose-Headers', b'Content-Length,Content-Type,Date,Server,Connection')])
2025-06-23 06:09:42,036 - httpx - INFO - HTTP Request: POST https://api.telegram.org/bot7707158318:AAE8rWa4Q8Z_3avql6K0HAmXaooZAReoNF0/getUpdates "HTTP/1.1 200 OK"
2025-06-23 06:09:42,036 - httpcore.http11 - DEBUG - receive_response_body.started request=<Request [b'POST']>
2025-06-23 06:09:42,036 - httpcore.http11 - DEBUG - receive_response_body.complete
2025-06-23 06:09:42,036 - httpcore.http11 - DEBUG - response_closed.started
2025-06-23 06:09:42,036 - httpcore.http11 - DEBUG - response_closed.complete
2025-06-23 06:09:42,036 - telegram.ext.ExtBot - DEBUG - No new updates found.
2025-06-23 06:09:42,036 - telegram.ext.ExtBot - DEBUG - ()
2025-06-23 06:09:42,036 - telegram.ext.ExtBot - DEBUG - Exiting: get_updates
2025-06-23 06:09:42,036 - telegram.ext.ExtBot - DEBUG - Entering: get_updates
2025-06-23 06:09:42,036 - httpcore.http11 - DEBUG - send_request_headers.started request=<Request [b'POST']>
2025-06-23 06:09:42,036 - httpcore.http11 - DEBUG - send_request_headers.complete
2025-06-23 06:09:42,041 - httpcore.http11 - DEBUG - send_request_body.started request=<Request [b'POST']>
2025-06-23 06:09:42,041 - httpcore.http11 - DEBUG - send_request_body.complete
2025-06-23 06:09:42,042 - httpcore.http11 - DEBUG - receive_response_headers.started request=<Request [b'POST']>
2025-06-23 06:09:52,200 - httpcore.http11 - DEBUG - receive_response_headers.complete return_value=(b'HTTP/1.1', 200, b'OK', [(b'Server', b'nginx/1.18.0'), (b'Date', b'Mon, 23 Jun 2025 05:09:54 GMT'), (b'Content-Type', b'application/json'), (b'Content-Length', b'23'), (b'Connection', b'keep-alive'), (b'Strict-Transport-Security', b'max-age=31536000; includeSubDomains; preload'), (b'Access-Control-Allow-Origin', b'*'), (b'Access-Control-Allow-Methods', b'GET, POST, OPTIONS'), (b'Access-Control-Expose-Headers', b'Content-Length,Content-Type,Date,Server,Connection')])
2025-06-23 06:09:52,203 - httpx - INFO - HTTP Request: POST https://api.telegram.org/bot7707158318:AAE8rWa4Q8Z_3avql6K0HAmXaooZAReoNF0/getUpdates "HTTP/1.1 200 OK"
2025-06-23 06:09:52,204 - httpcore.http11 - DEBUG - receive_response_body.started request=<Request [b'POST']>
2025-06-23 06:09:52,204 - httpcore.http11 - DEBUG - receive_response_body.complete
2025-06-23 06:09:52,204 - httpcore.http11 - DEBUG - response_closed.started
2025-06-23 06:09:52,204 - httpcore.http11 - DEBUG - response_closed.complete
2025-06-23 06:09:52,204 - telegram.ext.ExtBot - DEBUG - No new updates found.
2025-06-23 06:09:52,204 - telegram.ext.ExtBot - DEBUG - ()
2025-06-23 06:09:52,204 - telegram.ext.ExtBot - DEBUG - Exiting: get_updates
2025-06-23 06:09:52,204 - telegram.ext.ExtBot - DEBUG - Entering: get_updates
2025-06-23 06:09:52,204 - httpcore.http11 - DEBUG - send_request_headers.started request=<Request [b'POST']>
2025-06-23 06:09:52,208 - httpcore.http11 - DEBUG - send_request_headers.complete
2025-06-23 06:09:52,208 - httpcore.http11 - DEBUG - send_request_body.started request=<Request [b'POST']>
2025-06-23 06:09:52,208 - httpcore.http11 - DEBUG - send_request_body.complete
2025-06-23 06:09:52,208 - httpcore.http11 - DEBUG - receive_response_headers.started request=<Request [b'POST']>
2025-06-23 06:10:02,300 - httpcore.http11 - DEBUG - receive_response_headers.complete return_value=(b'HTTP/1.1', 200, b'OK', [(b'Server', b'nginx/1.18.0'), (b'Date', b'Mon, 23 Jun 2025 05:10:04 GMT'), (b'Content-Type', b'application/json'), (b'Content-Length', b'23'), (b'Connection', b'keep-alive'), (b'Strict-Transport-Security', b'max-age=31536000; includeSubDomains; preload'), (b'Access-Control-Allow-Origin', b'*'), (b'Access-Control-Allow-Methods', b'GET, POST, OPTIONS'), (b'Access-Control-Expose-Headers', b'Content-Length,Content-Type,Date,Server,Connection')])
2025-06-23 06:10:02,302 - httpx - INFO - HTTP Request: POST https://api.telegram.org/bot7707158318:AAE8rWa4Q8Z_3avql6K0HAmXaooZAReoNF0/getUpdates "HTTP/1.1 200 OK"
2025-06-23 06:10:02,303 - httpcore.http11 - DEBUG - receive_response_body.started request=<Request [b'POST']>
2025-06-23 06:10:02,303 - httpcore.http11 - DEBUG - receive_response_body.complete
2025-06-23 06:10:02,303 - httpcore.http11 - DEBUG - response_closed.started
2025-06-23 06:10:02,303 - httpcore.http11 - DEBUG - response_closed.complete
2025-06-23 06:10:02,304 - telegram.ext.ExtBot - DEBUG - No new updates found.
2025-06-23 06:10:02,304 - telegram.ext.ExtBot - DEBUG - ()
2025-06-23 06:10:02,304 - telegram.ext.ExtBot - DEBUG - Exiting: get_updates
2025-06-23 06:10:02,304 - telegram.ext.ExtBot - DEBUG - Entering: get_updates
2025-06-23 06:10:02,306 - httpcore.http11 - DEBUG - send_request_headers.started request=<Request [b'POST']>
2025-06-23 06:10:02,308 - httpcore.http11 - DEBUG - send_request_headers.complete
2025-06-23 06:10:02,309 - httpcore.http11 - DEBUG - send_request_body.started request=<Request [b'POST']>
2025-06-23 06:10:02,310 - httpcore.http11 - DEBUG - send_request_body.complete
2025-06-23 06:10:02,310 - httpcore.http11 - DEBUG - receive_response_headers.started request=<Request [b'POST']>
2025-06-23 06:10:12,438 - httpcore.http11 - DEBUG - receive_response_headers.complete return_value=(b'HTTP/1.1', 200, b'OK', [(b'Server', b'nginx/1.18.0'), (b'Date', b'Mon, 23 Jun 2025 05:10:14 GMT'), (b'Content-Type', b'application/json'), (b'Content-Length', b'23'), (b'Connection', b'keep-alive'), (b'Strict-Transport-Security', b'max-age=31536000; includeSubDomains; preload'), (b'Access-Control-Allow-Origin', b'*'), (b'Access-Control-Allow-Methods', b'GET, POST, OPTIONS'), (b'Access-Control-Expose-Headers', b'Content-Length,Content-Type,Date,Server,Connection')])
2025-06-23 06:10:12,438 - httpx - INFO - HTTP Request: POST https://api.telegram.org/bot7707158318:AAE8rWa4Q8Z_3avql6K0HAmXaooZAReoNF0/getUpdates "HTTP/1.1 200 OK"
2025-06-23 06:10:12,441 - httpcore.http11 - DEBUG - receive_response_body.started request=<Request [b'POST']>
2025-06-23 06:10:12,441 - httpcore.http11 - DEBUG - receive_response_body.complete
2025-06-23 06:10:12,441 - httpcore.http11 - DEBUG - response_closed.started
2025-06-23 06:10:12,441 - httpcore.http11 - DEBUG - response_closed.complete
2025-06-23 06:10:12,443 - telegram.ext.ExtBot - DEBUG - No new updates found.
2025-06-23 06:10:12,443 - telegram.ext.ExtBot - DEBUG - ()
2025-06-23 06:10:12,443 - telegram.ext.ExtBot - DEBUG - Exiting: get_updates
2025-06-23 06:10:12,443 - telegram.ext.ExtBot - DEBUG - Entering: get_updates
2025-06-23 06:10:12,443 - httpcore.http11 - DEBUG - send_request_headers.started request=<Request [b'POST']>
2025-06-23 06:10:12,445 - httpcore.http11 - DEBUG - send_request_headers.complete
2025-06-23 06:10:12,445 - httpcore.http11 - DEBUG - send_request_body.started request=<Request [b'POST']>
2025-06-23 06:10:12,445 - httpcore.http11 - DEBUG - send_request_body.complete
2025-06-23 06:10:12,445 - httpcore.http11 - DEBUG - receive_response_headers.started request=<Request [b'POST']>
2025-06-23 06:10:22,539 - httpcore.http11 - DEBUG - receive_response_headers.complete return_value=(b'HTTP/1.1', 200, b'OK', [(b'Server', b'nginx/1.18.0'), (b'Date', b'Mon, 23 Jun 2025 05:10:24 GMT'), (b'Content-Type', b'application/json'), (b'Content-Length', b'23'), (b'Connection', b'keep-alive'), (b'Strict-Transport-Security', b'max-age=31536000; includeSubDomains; preload'), (b'Access-Control-Allow-Origin', b'*'), (b'Access-Control-Allow-Methods', b'GET, POST, OPTIONS'), (b'Access-Control-Expose-Headers', b'Content-Length,Content-Type,Date,Server,Connection')])
2025-06-23 06:10:22,539 - httpx - INFO - HTTP Request: POST https://api.telegram.org/bot7707158318:AAE8rWa4Q8Z_3avql6K0HAmXaooZAReoNF0/getUpdates "HTTP/1.1 200 OK"
2025-06-23 06:10:22,541 - httpcore.http11 - DEBUG - receive_response_body.started request=<Request [b'POST']>
2025-06-23 06:10:22,541 - httpcore.http11 - DEBUG - receive_response_body.complete
2025-06-23 06:10:22,541 - httpcore.http11 - DEBUG - response_closed.started
2025-06-23 06:10:22,542 - httpcore.http11 - DEBUG - response_closed.complete
2025-06-23 06:10:22,542 - telegram.ext.ExtBot - DEBUG - No new updates found.
2025-06-23 06:10:22,542 - telegram.ext.ExtBot - DEBUG - ()
2025-06-23 06:10:22,542 - telegram.ext.ExtBot - DEBUG - Exiting: get_updates
2025-06-23 06:10:22,542 - telegram.ext.ExtBot - DEBUG - Entering: get_updates
2025-06-23 06:10:22,543 - httpcore.http11 - DEBUG - send_request_headers.started request=<Request [b'POST']>
2025-06-23 06:10:22,545 - httpcore.http11 - DEBUG - send_request_headers.complete
2025-06-23 06:10:22,545 - httpcore.http11 - DEBUG - send_request_body.started request=<Request [b'POST']>
2025-06-23 06:10:22,545 - httpcore.http11 - DEBUG - send_request_body.complete
2025-06-23 06:10:22,545 - httpcore.http11 - DEBUG - receive_response_headers.started request=<Request [b'POST']>
2025-06-23 06:10:32,783 - httpcore.http11 - DEBUG - receive_response_headers.complete return_value=(b'HTTP/1.1', 200, b'OK', [(b'Server', b'nginx/1.18.0'), (b'Date', b'Mon, 23 Jun 2025 05:10:34 GMT'), (b'Content-Type', b'application/json'), (b'Content-Length', b'23'), (b'Connection', b'keep-alive'), (b'Strict-Transport-Security', b'max-age=31536000; includeSubDomains; preload'), (b'Access-Control-Allow-Origin', b'*'), (b'Access-Control-Allow-Methods', b'GET, POST, OPTIONS'), (b'Access-Control-Expose-Headers', b'Content-Length,Content-Type,Date,Server,Connection')])
2025-06-23 06:10:32,785 - httpx - INFO - HTTP Request: POST https://api.telegram.org/bot7707158318:AAE8rWa4Q8Z_3avql6K0HAmXaooZAReoNF0/getUpdates "HTTP/1.1 200 OK"
2025-06-23 06:10:32,786 - httpcore.http11 - DEBUG - receive_response_body.started request=<Request [b'POST']>
2025-06-23 06:10:32,786 - httpcore.http11 - DEBUG - receive_response_body.complete
2025-06-23 06:10:32,786 - httpcore.http11 - DEBUG - response_closed.started
2025-06-23 06:10:32,786 - httpcore.http11 - DEBUG - response_closed.complete
2025-06-23 06:10:32,789 - telegram.ext.ExtBot - DEBUG - No new updates found.
2025-06-23 06:10:32,789 - telegram.ext.ExtBot - DEBUG - ()
2025-06-23 06:10:32,789 - telegram.ext.ExtBot - DEBUG - Exiting: get_updates
2025-06-23 06:10:32,789 - telegram.ext.ExtBot - DEBUG - Entering: get_updates
2025-06-23 06:10:32,792 - httpcore.http11 - DEBUG - send_request_headers.started request=<Request [b'POST']>
2025-06-23 06:10:32,793 - httpcore.http11 - DEBUG - send_request_headers.complete
2025-06-23 06:10:32,793 - httpcore.http11 - DEBUG - send_request_body.started request=<Request [b'POST']>
2025-06-23 06:10:32,793 - httpcore.http11 - DEBUG - send_request_body.complete
2025-06-23 06:10:32,793 - httpcore.http11 - DEBUG - receive_response_headers.started request=<Request [b'POST']>
2025-06-23 06:10:42,912 - httpcore.http11 - DEBUG - receive_response_headers.complete return_value=(b'HTTP/1.1', 200, b'OK', [(b'Server', b'nginx/1.18.0'), (b'Date', b'Mon, 23 Jun 2025 05:10:45 GMT'), (b'Content-Type', b'application/json'), (b'Content-Length', b'23'), (b'Connection', b'keep-alive'), (b'Strict-Transport-Security', b'max-age=31536000; includeSubDomains; preload'), (b'Access-Control-Allow-Origin', b'*'), (b'Access-Control-Allow-Methods', b'GET, POST, OPTIONS'), (b'Access-Control-Expose-Headers', b'Content-Length,Content-Type,Date,Server,Connection')])
2025-06-23 06:10:42,912 - httpx - INFO - HTTP Request: POST https://api.telegram.org/bot7707158318:AAE8rWa4Q8Z_3avql6K0HAmXaooZAReoNF0/getUpdates "HTTP/1.1 200 OK"
2025-06-23 06:10:42,914 - httpcore.http11 - DEBUG - receive_response_body.started request=<Request [b'POST']>
2025-06-23 06:10:42,914 - httpcore.http11 - DEBUG - receive_response_body.complete
2025-06-23 06:10:42,914 - httpcore.http11 - DEBUG - response_closed.started
2025-06-23 06:10:42,915 - httpcore.http11 - DEBUG - response_closed.complete
2025-06-23 06:10:42,916 - telegram.ext.ExtBot - DEBUG - No new updates found.
2025-06-23 06:10:42,916 - telegram.ext.ExtBot - DEBUG - ()
2025-06-23 06:10:42,916 - telegram.ext.ExtBot - DEBUG - Exiting: get_updates
2025-06-23 06:10:42,916 - telegram.ext.ExtBot - DEBUG - Entering: get_updates
2025-06-23 06:10:42,918 - httpcore.http11 - DEBUG - send_request_headers.started request=<Request [b'POST']>
2025-06-23 06:10:42,919 - httpcore.http11 - DEBUG - send_request_headers.complete
2025-06-23 06:10:42,919 - httpcore.http11 - DEBUG - send_request_body.started request=<Request [b'POST']>
2025-06-23 06:10:42,919 - httpcore.http11 - DEBUG - send_request_body.complete
2025-06-23 06:10:42,919 - httpcore.http11 - DEBUG - receive_response_headers.started request=<Request [b'POST']>
2025-06-23 06:10:53,201 - httpcore.http11 - DEBUG - receive_response_headers.complete return_value=(b'HTTP/1.1', 200, b'OK', [(b'Server', b'nginx/1.18.0'), (b'Date', b'Mon, 23 Jun 2025 05:10:55 GMT'), (b'Content-Type', b'application/json'), (b'Content-Length', b'23'), (b'Connection', b'keep-alive'), (b'Strict-Transport-Security', b'max-age=31536000; includeSubDomains; preload'), (b'Access-Control-Allow-Origin', b'*'), (b'Access-Control-Allow-Methods', b'GET, POST, OPTIONS'), (b'Access-Control-Expose-Headers', b'Content-Length,Content-Type,Date,Server,Connection')])
2025-06-23 06:10:53,201 - httpx - INFO - HTTP Request: POST https://api.telegram.org/bot7707158318:AAE8rWa4Q8Z_3avql6K0HAmXaooZAReoNF0/getUpdates "HTTP/1.1 200 OK"
2025-06-23 06:10:53,203 - httpcore.http11 - DEBUG - receive_response_body.started request=<Request [b'POST']>
2025-06-23 06:10:53,204 - httpcore.http11 - DEBUG - receive_response_body.complete
2025-06-23 06:10:53,204 - httpcore.http11 - DEBUG - response_closed.started
2025-06-23 06:10:53,204 - httpcore.http11 - DEBUG - response_closed.complete
2025-06-23 06:10:53,204 - telegram.ext.ExtBot - DEBUG - No new updates found.
2025-06-23 06:10:53,204 - telegram.ext.ExtBot - DEBUG - ()
2025-06-23 06:10:53,204 - telegram.ext.ExtBot - DEBUG - Exiting: get_updates
2025-06-23 06:10:53,204 - telegram.ext.ExtBot - DEBUG - Entering: get_updates
2025-06-23 06:10:53,208 - httpcore.http11 - DEBUG - send_request_headers.started request=<Request [b'POST']>
2025-06-23 06:10:53,208 - httpcore.http11 - DEBUG - send_request_headers.complete
2025-06-23 06:10:53,208 - httpcore.http11 - DEBUG - send_request_body.started request=<Request [b'POST']>
2025-06-23 06:10:53,210 - httpcore.http11 - DEBUG - send_request_body.complete
2025-06-23 06:10:53,210 - httpcore.http11 - DEBUG - receive_response_headers.started request=<Request [b'POST']>
2025-06-23 06:11:03,304 - httpcore.http11 - DEBUG - receive_response_headers.complete return_value=(b'HTTP/1.1', 200, b'OK', [(b'Server', b'nginx/1.18.0'), (b'Date', b'Mon, 23 Jun 2025 05:11:05 GMT'), (b'Content-Type', b'application/json'), (b'Content-Length', b'23'), (b'Connection', b'keep-alive'), (b'Strict-Transport-Security', b'max-age=31536000; includeSubDomains; preload'), (b'Access-Control-Allow-Origin', b'*'), (b'Access-Control-Allow-Methods', b'GET, POST, OPTIONS'), (b'Access-Control-Expose-Headers', b'Content-Length,Content-Type,Date,Server,Connection')])
2025-06-23 06:11:03,304 - httpx - INFO - HTTP Request: POST https://api.telegram.org/bot7707158318:AAE8rWa4Q8Z_3avql6K0HAmXaooZAReoNF0/getUpdates "HTTP/1.1 200 OK"
2025-06-23 06:11:03,304 - httpcore.http11 - DEBUG - receive_response_body.started request=<Request [b'POST']>
2025-06-23 06:11:03,304 - httpcore.http11 - DEBUG - receive_response_body.complete
2025-06-23 06:11:03,304 - httpcore.http11 - DEBUG - response_closed.started
2025-06-23 06:11:03,304 - httpcore.http11 - DEBUG - response_closed.complete
2025-06-23 06:11:03,307 - telegram.ext.ExtBot - DEBUG - No new updates found.
2025-06-23 06:11:03,307 - telegram.ext.ExtBot - DEBUG - ()
2025-06-23 06:11:03,307 - telegram.ext.ExtBot - DEBUG - Exiting: get_updates
2025-06-23 06:11:03,307 - telegram.ext.ExtBot - DEBUG - Entering: get_updates
2025-06-23 06:11:03,308 - httpcore.http11 - DEBUG - send_request_headers.started request=<Request [b'POST']>
2025-06-23 06:11:03,310 - httpcore.http11 - DEBUG - send_request_headers.complete
2025-06-23 06:11:03,311 - httpcore.http11 - DEBUG - send_request_body.started request=<Request [b'POST']>
2025-06-23 06:11:03,311 - httpcore.http11 - DEBUG - send_request_body.complete
2025-06-23 06:11:03,311 - httpcore.http11 - DEBUG - receive_response_headers.started request=<Request [b'POST']>
2025-06-23 06:11:13,404 - httpcore.http11 - DEBUG - receive_response_headers.complete return_value=(b'HTTP/1.1', 200, b'OK', [(b'Server', b'nginx/1.18.0'), (b'Date', b'Mon, 23 Jun 2025 05:11:15 GMT'), (b'Content-Type', b'application/json'), (b'Content-Length', b'23'), (b'Connection', b'keep-alive'), (b'Strict-Transport-Security', b'max-age=31536000; includeSubDomains; preload'), (b'Access-Control-Allow-Origin', b'*'), (b'Access-Control-Allow-Methods', b'GET, POST, OPTIONS'), (b'Access-Control-Expose-Headers', b'Content-Length,Content-Type,Date,Server,Connection')])
2025-06-23 06:11:13,404 - httpx - INFO - HTTP Request: POST https://api.telegram.org/bot7707158318:AAE8rWa4Q8Z_3avql6K0HAmXaooZAReoNF0/getUpdates "HTTP/1.1 200 OK"
2025-06-23 06:11:13,404 - httpcore.http11 - DEBUG - receive_response_body.started request=<Request [b'POST']>
2025-06-23 06:11:13,404 - httpcore.http11 - DEBUG - receive_response_body.complete
2025-06-23 06:11:13,404 - httpcore.http11 - DEBUG - response_closed.started
2025-06-23 06:11:13,404 - httpcore.http11 - DEBUG - response_closed.complete
2025-06-23 06:11:13,404 - telegram.ext.ExtBot - DEBUG - No new updates found.
2025-06-23 06:11:13,404 - telegram.ext.ExtBot - DEBUG - ()
2025-06-23 06:11:13,404 - telegram.ext.ExtBot - DEBUG - Exiting: get_updates
2025-06-23 06:11:13,410 - telegram.ext.ExtBot - DEBUG - Entering: get_updates
2025-06-23 06:11:13,411 - httpcore.http11 - DEBUG - send_request_headers.started request=<Request [b'POST']>
2025-06-23 06:11:13,413 - httpcore.http11 - DEBUG - send_request_headers.complete
2025-06-23 06:11:13,413 - httpcore.http11 - DEBUG - send_request_body.started request=<Request [b'POST']>
2025-06-23 06:11:13,414 - httpcore.http11 - DEBUG - send_request_body.complete
2025-06-23 06:11:13,414 - httpcore.http11 - DEBUG - receive_response_headers.started request=<Request [b'POST']>
2025-06-23 06:11:23,493 - httpcore.http11 - DEBUG - receive_response_headers.complete return_value=(b'HTTP/1.1', 200, b'OK', [(b'Server', b'nginx/1.18.0'), (b'Date', b'Mon, 23 Jun 2025 05:11:25 GMT'), (b'Content-Type', b'application/json'), (b'Content-Length', b'23'), (b'Connection', b'keep-alive'), (b'Strict-Transport-Security', b'max-age=31536000; includeSubDomains; preload'), (b'Access-Control-Allow-Origin', b'*'), (b'Access-Control-Allow-Methods', b'GET, POST, OPTIONS'), (b'Access-Control-Expose-Headers', b'Content-Length,Content-Type,Date,Server,Connection')])
2025-06-23 06:11:23,493 - httpx - INFO - HTTP Request: POST https://api.telegram.org/bot7707158318:AAE8rWa4Q8Z_3avql6K0HAmXaooZAReoNF0/getUpdates "HTTP/1.1 200 OK"
2025-06-23 06:11:23,493 - httpcore.http11 - DEBUG - receive_response_body.started request=<Request [b'POST']>
2025-06-23 06:11:23,500 - httpcore.http11 - DEBUG - receive_response_body.complete
2025-06-23 06:11:23,500 - httpcore.http11 - DEBUG - response_closed.started
2025-06-23 06:11:23,500 - httpcore.http11 - DEBUG - response_closed.complete
2025-06-23 06:11:23,500 - telegram.ext.ExtBot - DEBUG - No new updates found.
2025-06-23 06:11:23,500 - telegram.ext.ExtBot - DEBUG - ()
2025-06-23 06:11:23,500 - telegram.ext.ExtBot - DEBUG - Exiting: get_updates
2025-06-23 06:11:23,500 - telegram.ext.ExtBot - DEBUG - Entering: get_updates
2025-06-23 06:11:23,500 - httpcore.http11 - DEBUG - send_request_headers.started request=<Request [b'POST']>
2025-06-23 06:11:23,500 - httpcore.http11 - DEBUG - send_request_headers.complete
2025-06-23 06:11:23,500 - httpcore.http11 - DEBUG - send_request_body.started request=<Request [b'POST']>
2025-06-23 06:11:23,500 - httpcore.http11 - DEBUG - send_request_body.complete
2025-06-23 06:11:23,500 - httpcore.http11 - DEBUG - receive_response_headers.started request=<Request [b'POST']>
2025-06-23 06:11:33,587 - httpcore.http11 - DEBUG - receive_response_headers.complete return_value=(b'HTTP/1.1', 200, b'OK', [(b'Server', b'nginx/1.18.0'), (b'Date', b'Mon, 23 Jun 2025 05:11:35 GMT'), (b'Content-Type', b'application/json'), (b'Content-Length', b'23'), (b'Connection', b'keep-alive'), (b'Strict-Transport-Security', b'max-age=31536000; includeSubDomains; preload'), (b'Access-Control-Allow-Origin', b'*'), (b'Access-Control-Allow-Methods', b'GET, POST, OPTIONS'), (b'Access-Control-Expose-Headers', b'Content-Length,Content-Type,Date,Server,Connection')])
2025-06-23 06:11:33,587 - httpx - INFO - HTTP Request: POST https://api.telegram.org/bot7707158318:AAE8rWa4Q8Z_3avql6K0HAmXaooZAReoNF0/getUpdates "HTTP/1.1 200 OK"
2025-06-23 06:11:33,587 - httpcore.http11 - DEBUG - receive_response_body.started request=<Request [b'POST']>
2025-06-23 06:11:33,587 - httpcore.http11 - DEBUG - receive_response_body.complete
2025-06-23 06:11:33,587 - httpcore.http11 - DEBUG - response_closed.started
2025-06-23 06:11:33,587 - httpcore.http11 - DEBUG - response_closed.complete
2025-06-23 06:11:33,591 - telegram.ext.ExtBot - DEBUG - No new updates found.
2025-06-23 06:11:33,591 - telegram.ext.ExtBot - DEBUG - ()
2025-06-23 06:11:33,591 - telegram.ext.ExtBot - DEBUG - Exiting: get_updates
2025-06-23 06:11:33,591 - telegram.ext.ExtBot - DEBUG - Entering: get_updates
2025-06-23 06:11:33,592 - httpcore.http11 - DEBUG - send_request_headers.started request=<Request [b'POST']>
2025-06-23 06:11:33,593 - httpcore.http11 - DEBUG - send_request_headers.complete
2025-06-23 06:11:33,593 - httpcore.http11 - DEBUG - send_request_body.started request=<Request [b'POST']>
2025-06-23 06:11:33,593 - httpcore.http11 - DEBUG - send_request_body.complete
2025-06-23 06:11:33,593 - httpcore.http11 - DEBUG - receive_response_headers.started request=<Request [b'POST']>
2025-06-23 06:11:43,683 - httpcore.http11 - DEBUG - receive_response_headers.complete return_value=(b'HTTP/1.1', 200, b'OK', [(b'Server', b'nginx/1.18.0'), (b'Date', b'Mon, 23 Jun 2025 05:11:46 GMT'), (b'Content-Type', b'application/json'), (b'Content-Length', b'23'), (b'Connection', b'keep-alive'), (b'Strict-Transport-Security', b'max-age=31536000; includeSubDomains; preload'), (b'Access-Control-Allow-Origin', b'*'), (b'Access-Control-Allow-Methods', b'GET, POST, OPTIONS'), (b'Access-Control-Expose-Headers', b'Content-Length,Content-Type,Date,Server,Connection')])
2025-06-23 06:11:43,683 - httpx - INFO - HTTP Request: POST https://api.telegram.org/bot7707158318:AAE8rWa4Q8Z_3avql6K0HAmXaooZAReoNF0/getUpdates "HTTP/1.1 200 OK"
2025-06-23 06:11:43,687 - httpcore.http11 - DEBUG - receive_response_body.started request=<Request [b'POST']>
2025-06-23 06:11:43,687 - httpcore.http11 - DEBUG - receive_response_body.complete
2025-06-23 06:11:43,687 - httpcore.http11 - DEBUG - response_closed.started
2025-06-23 06:11:43,689 - httpcore.http11 - DEBUG - response_closed.complete
2025-06-23 06:11:43,690 - telegram.ext.ExtBot - DEBUG - No new updates found.
2025-06-23 06:11:43,690 - telegram.ext.ExtBot - DEBUG - ()
2025-06-23 06:11:43,690 - telegram.ext.ExtBot - DEBUG - Exiting: get_updates
2025-06-23 06:11:43,690 - telegram.ext.ExtBot - DEBUG - Entering: get_updates
2025-06-23 06:11:43,692 - httpcore.http11 - DEBUG - send_request_headers.started request=<Request [b'POST']>
2025-06-23 06:11:43,693 - httpcore.http11 - DEBUG - send_request_headers.complete
2025-06-23 06:11:43,693 - httpcore.http11 - DEBUG - send_request_body.started request=<Request [b'POST']>
2025-06-23 06:11:43,694 - httpcore.http11 - DEBUG - send_request_body.complete
2025-06-23 06:11:43,695 - httpcore.http11 - DEBUG - receive_response_headers.started request=<Request [b'POST']>
2025-06-23 06:11:53,785 - httpcore.http11 - DEBUG - receive_response_headers.complete return_value=(b'HTTP/1.1', 200, b'OK', [(b'Server', b'nginx/1.18.0'), (b'Date', b'Mon, 23 Jun 2025 05:11:56 GMT'), (b'Content-Type', b'application/json'), (b'Content-Length', b'23'), (b'Connection', b'keep-alive'), (b'Strict-Transport-Security', b'max-age=31536000; includeSubDomains; preload'), (b'Access-Control-Allow-Origin', b'*'), (b'Access-Control-Allow-Methods', b'GET, POST, OPTIONS'), (b'Access-Control-Expose-Headers', b'Content-Length,Content-Type,Date,Server,Connection')])
2025-06-23 06:11:53,787 - httpx - INFO - HTTP Request: POST https://api.telegram.org/bot7707158318:AAE8rWa4Q8Z_3avql6K0HAmXaooZAReoNF0/getUpdates "HTTP/1.1 200 OK"
2025-06-23 06:11:53,787 - httpcore.http11 - DEBUG - receive_response_body.started request=<Request [b'POST']>
2025-06-23 06:11:53,787 - httpcore.http11 - DEBUG - receive_response_body.complete
2025-06-23 06:11:53,787 - httpcore.http11 - DEBUG - response_closed.started
2025-06-23 06:11:53,787 - httpcore.http11 - DEBUG - response_closed.complete
2025-06-23 06:11:53,787 - telegram.ext.ExtBot - DEBUG - No new updates found.
2025-06-23 06:11:53,787 - telegram.ext.ExtBot - DEBUG - ()
2025-06-23 06:11:53,787 - telegram.ext.ExtBot - DEBUG - Exiting: get_updates
2025-06-23 06:11:53,787 - telegram.ext.ExtBot - DEBUG - Entering: get_updates
2025-06-23 06:11:53,791 - httpcore.http11 - DEBUG - send_request_headers.started request=<Request [b'POST']>
2025-06-23 06:11:53,793 - httpcore.http11 - DEBUG - send_request_headers.complete
2025-06-23 06:11:53,793 - httpcore.http11 - DEBUG - send_request_body.started request=<Request [b'POST']>
2025-06-23 06:11:53,793 - httpcore.http11 - DEBUG - send_request_body.complete
2025-06-23 06:11:53,793 - httpcore.http11 - DEBUG - receive_response_headers.started request=<Request [b'POST']>
2025-06-23 06:12:03,894 - httpcore.http11 - DEBUG - receive_response_headers.complete return_value=(b'HTTP/1.1', 200, b'OK', [(b'Server', b'nginx/1.18.0'), (b'Date', b'Mon, 23 Jun 2025 05:12:06 GMT'), (b'Content-Type', b'application/json'), (b'Content-Length', b'23'), (b'Connection', b'keep-alive'), (b'Strict-Transport-Security', b'max-age=31536000; includeSubDomains; preload'), (b'Access-Control-Allow-Origin', b'*'), (b'Access-Control-Allow-Methods', b'GET, POST, OPTIONS'), (b'Access-Control-Expose-Headers', b'Content-Length,Content-Type,Date,Server,Connection')])
2025-06-23 06:12:03,895 - httpx - INFO - HTTP Request: POST https://api.telegram.org/bot7707158318:AAE8rWa4Q8Z_3avql6K0HAmXaooZAReoNF0/getUpdates "HTTP/1.1 200 OK"
2025-06-23 06:12:03,895 - httpcore.http11 - DEBUG - receive_response_body.started request=<Request [b'POST']>
2025-06-23 06:12:03,896 - httpcore.http11 - DEBUG - receive_response_body.complete
2025-06-23 06:12:03,896 - httpcore.http11 - DEBUG - response_closed.started
2025-06-23 06:12:03,896 - httpcore.http11 - DEBUG - response_closed.complete
2025-06-23 06:12:03,897 - telegram.ext.ExtBot - DEBUG - No new updates found.
2025-06-23 06:12:03,897 - telegram.ext.ExtBot - DEBUG - ()
2025-06-23 06:12:03,897 - telegram.ext.ExtBot - DEBUG - Exiting: get_updates
2025-06-23 06:12:03,898 - telegram.ext.ExtBot - DEBUG - Entering: get_updates
2025-06-23 06:12:03,899 - httpcore.http11 - DEBUG - send_request_headers.started request=<Request [b'POST']>
2025-06-23 06:12:03,899 - httpcore.http11 - DEBUG - send_request_headers.complete
2025-06-23 06:12:03,899 - httpcore.http11 - DEBUG - send_request_body.started request=<Request [b'POST']>
2025-06-23 06:12:03,900 - httpcore.http11 - DEBUG - send_request_body.complete
2025-06-23 06:12:03,901 - httpcore.http11 - DEBUG - receive_response_headers.started request=<Request [b'POST']>
2025-06-23 06:12:14,062 - httpcore.http11 - DEBUG - receive_response_headers.complete return_value=(b'HTTP/1.1', 200, b'OK', [(b'Server', b'nginx/1.18.0'), (b'Date', b'Mon, 23 Jun 2025 05:12:16 GMT'), (b'Content-Type', b'application/json'), (b'Content-Length', b'23'), (b'Connection', b'keep-alive'), (b'Strict-Transport-Security', b'max-age=31536000; includeSubDomains; preload'), (b'Access-Control-Allow-Origin', b'*'), (b'Access-Control-Allow-Methods', b'GET, POST, OPTIONS'), (b'Access-Control-Expose-Headers', b'Content-Length,Content-Type,Date,Server,Connection')])
2025-06-23 06:12:14,065 - httpx - INFO - HTTP Request: POST https://api.telegram.org/bot7707158318:AAE8rWa4Q8Z_3avql6K0HAmXaooZAReoNF0/getUpdates "HTTP/1.1 200 OK"
2025-06-23 06:12:14,068 - httpcore.http11 - DEBUG - receive_response_body.started request=<Request [b'POST']>
2025-06-23 06:12:14,068 - httpcore.http11 - DEBUG - receive_response_body.complete
2025-06-23 06:12:14,068 - httpcore.http11 - DEBUG - response_closed.started
2025-06-23 06:12:14,071 - httpcore.http11 - DEBUG - response_closed.complete
2025-06-23 06:12:14,071 - telegram.ext.ExtBot - DEBUG - No new updates found.
2025-06-23 06:12:14,071 - telegram.ext.ExtBot - DEBUG - ()
2025-06-23 06:12:14,071 - telegram.ext.ExtBot - DEBUG - Exiting: get_updates
2025-06-23 06:12:14,071 - telegram.ext.ExtBot - DEBUG - Entering: get_updates
2025-06-23 06:12:14,073 - httpcore.http11 - DEBUG - send_request_headers.started request=<Request [b'POST']>
2025-06-23 06:12:14,073 - httpcore.http11 - DEBUG - send_request_headers.complete
2025-06-23 06:12:14,073 - httpcore.http11 - DEBUG - send_request_body.started request=<Request [b'POST']>
2025-06-23 06:12:14,075 - httpcore.http11 - DEBUG - send_request_body.complete
2025-06-23 06:12:14,075 - httpcore.http11 - DEBUG - receive_response_headers.started request=<Request [b'POST']>
2025-06-23 06:12:24,169 - httpcore.http11 - DEBUG - receive_response_headers.complete return_value=(b'HTTP/1.1', 200, b'OK', [(b'Server', b'nginx/1.18.0'), (b'Date', b'Mon, 23 Jun 2025 05:12:26 GMT'), (b'Content-Type', b'application/json'), (b'Content-Length', b'23'), (b'Connection', b'keep-alive'), (b'Strict-Transport-Security', b'max-age=31536000; includeSubDomains; preload'), (b'Access-Control-Allow-Origin', b'*'), (b'Access-Control-Allow-Methods', b'GET, POST, OPTIONS'), (b'Access-Control-Expose-Headers', b'Content-Length,Content-Type,Date,Server,Connection')])
2025-06-23 06:12:24,169 - httpx - INFO - HTTP Request: POST https://api.telegram.org/bot7707158318:AAE8rWa4Q8Z_3avql6K0HAmXaooZAReoNF0/getUpdates "HTTP/1.1 200 OK"
2025-06-23 06:12:24,171 - httpcore.http11 - DEBUG - receive_response_body.started request=<Request [b'POST']>
2025-06-23 06:12:24,171 - httpcore.http11 - DEBUG - receive_response_body.complete
2025-06-23 06:12:24,171 - httpcore.http11 - DEBUG - response_closed.started
2025-06-23 06:12:24,172 - httpcore.http11 - DEBUG - response_closed.complete
2025-06-23 06:12:24,172 - telegram.ext.ExtBot - DEBUG - No new updates found.
2025-06-23 06:12:24,172 - telegram.ext.ExtBot - DEBUG - ()
2025-06-23 06:12:24,172 - telegram.ext.ExtBot - DEBUG - Exiting: get_updates
2025-06-23 06:12:24,172 - telegram.ext.ExtBot - DEBUG - Entering: get_updates
2025-06-23 06:12:24,174 - httpcore.http11 - DEBUG - send_request_headers.started request=<Request [b'POST']>
2025-06-23 06:12:24,175 - httpcore.http11 - DEBUG - send_request_headers.complete
2025-06-23 06:12:24,175 - httpcore.http11 - DEBUG - send_request_body.started request=<Request [b'POST']>
2025-06-23 06:12:24,175 - httpcore.http11 - DEBUG - send_request_body.complete
2025-06-23 06:12:24,175 - httpcore.http11 - DEBUG - receive_response_headers.started request=<Request [b'POST']>
2025-06-23 06:12:34,262 - httpcore.http11 - DEBUG - receive_response_headers.complete return_value=(b'HTTP/1.1', 200, b'OK', [(b'Server', b'nginx/1.18.0'), (b'Date', b'Mon, 23 Jun 2025 05:12:36 GMT'), (b'Content-Type', b'application/json'), (b'Content-Length', b'23'), (b'Connection', b'keep-alive'), (b'Strict-Transport-Security', b'max-age=31536000; includeSubDomains; preload'), (b'Access-Control-Allow-Origin', b'*'), (b'Access-Control-Allow-Methods', b'GET, POST, OPTIONS'), (b'Access-Control-Expose-Headers', b'Content-Length,Content-Type,Date,Server,Connection')])
2025-06-23 06:12:34,262 - httpx - INFO - HTTP Request: POST https://api.telegram.org/bot7707158318:AAE8rWa4Q8Z_3avql6K0HAmXaooZAReoNF0/getUpdates "HTTP/1.1 200 OK"
2025-06-23 06:12:34,262 - httpcore.http11 - DEBUG - receive_response_body.started request=<Request [b'POST']>
2025-06-23 06:12:34,265 - httpcore.http11 - DEBUG - receive_response_body.complete
2025-06-23 06:12:34,265 - httpcore.http11 - DEBUG - response_closed.started
2025-06-23 06:12:34,265 - httpcore.http11 - DEBUG - response_closed.complete
2025-06-23 06:12:34,265 - telegram.ext.ExtBot - DEBUG - No new updates found.
2025-06-23 06:12:34,265 - telegram.ext.ExtBot - DEBUG - ()
2025-06-23 06:12:34,265 - telegram.ext.ExtBot - DEBUG - Exiting: get_updates
2025-06-23 06:12:34,265 - telegram.ext.ExtBot - DEBUG - Entering: get_updates
2025-06-23 06:12:34,267 - httpcore.http11 - DEBUG - send_request_headers.started request=<Request [b'POST']>
2025-06-23 06:12:34,269 - httpcore.http11 - DEBUG - send_request_headers.complete
2025-06-23 06:12:34,269 - httpcore.http11 - DEBUG - send_request_body.started request=<Request [b'POST']>
2025-06-23 06:12:34,269 - httpcore.http11 - DEBUG - send_request_body.complete
2025-06-23 06:12:34,269 - httpcore.http11 - DEBUG - receive_response_headers.started request=<Request [b'POST']>
2025-06-23 06:12:44,375 - httpcore.http11 - DEBUG - receive_response_headers.complete return_value=(b'HTTP/1.1', 200, b'OK', [(b'Server', b'nginx/1.18.0'), (b'Date', b'Mon, 23 Jun 2025 05:12:46 GMT'), (b'Content-Type', b'application/json'), (b'Content-Length', b'23'), (b'Connection', b'keep-alive'), (b'Strict-Transport-Security', b'max-age=31536000; includeSubDomains; preload'), (b'Access-Control-Allow-Origin', b'*'), (b'Access-Control-Allow-Methods', b'GET, POST, OPTIONS'), (b'Access-Control-Expose-Headers', b'Content-Length,Content-Type,Date,Server,Connection')])
2025-06-23 06:12:44,375 - httpx - INFO - HTTP Request: POST https://api.telegram.org/bot7707158318:AAE8rWa4Q8Z_3avql6K0HAmXaooZAReoNF0/getUpdates "HTTP/1.1 200 OK"
2025-06-23 06:12:44,377 - httpcore.http11 - DEBUG - receive_response_body.started request=<Request [b'POST']>
2025-06-23 06:12:44,377 - httpcore.http11 - DEBUG - receive_response_body.complete
2025-06-23 06:12:44,377 - httpcore.http11 - DEBUG - response_closed.started
2025-06-23 06:12:44,377 - httpcore.http11 - DEBUG - response_closed.complete
2025-06-23 06:12:44,377 - telegram.ext.ExtBot - DEBUG - No new updates found.
2025-06-23 06:12:44,377 - telegram.ext.ExtBot - DEBUG - ()
2025-06-23 06:12:44,377 - telegram.ext.ExtBot - DEBUG - Exiting: get_updates
2025-06-23 06:12:44,377 - telegram.ext.ExtBot - DEBUG - Entering: get_updates
2025-06-23 06:12:44,381 - httpcore.http11 - DEBUG - send_request_headers.started request=<Request [b'POST']>
2025-06-23 06:12:44,383 - httpcore.http11 - DEBUG - send_request_headers.complete
2025-06-23 06:12:44,383 - httpcore.http11 - DEBUG - send_request_body.started request=<Request [b'POST']>
2025-06-23 06:12:44,383 - httpcore.http11 - DEBUG - send_request_body.complete
2025-06-23 06:12:44,383 - httpcore.http11 - DEBUG - receive_response_headers.started request=<Request [b'POST']>
2025-06-23 06:12:54,532 - httpcore.http11 - DEBUG - receive_response_headers.complete return_value=(b'HTTP/1.1', 200, b'OK', [(b'Server', b'nginx/1.18.0'), (b'Date', b'Mon, 23 Jun 2025 05:12:56 GMT'), (b'Content-Type', b'application/json'), (b'Content-Length', b'23'), (b'Connection', b'keep-alive'), (b'Strict-Transport-Security', b'max-age=31536000; includeSubDomains; preload'), (b'Access-Control-Allow-Origin', b'*'), (b'Access-Control-Allow-Methods', b'GET, POST, OPTIONS'), (b'Access-Control-Expose-Headers', b'Content-Length,Content-Type,Date,Server,Connection')])
2025-06-23 06:12:54,532 - httpx - INFO - HTTP Request: POST https://api.telegram.org/bot7707158318:AAE8rWa4Q8Z_3avql6K0HAmXaooZAReoNF0/getUpdates "HTTP/1.1 200 OK"
2025-06-23 06:12:54,536 - httpcore.http11 - DEBUG - receive_response_body.started request=<Request [b'POST']>
2025-06-23 06:12:54,536 - httpcore.http11 - DEBUG - receive_response_body.complete
2025-06-23 06:12:54,537 - httpcore.http11 - DEBUG - response_closed.started
2025-06-23 06:12:54,537 - httpcore.http11 - DEBUG - response_closed.complete
2025-06-23 06:12:54,537 - telegram.ext.ExtBot - DEBUG - No new updates found.
2025-06-23 06:12:54,537 - telegram.ext.ExtBot - DEBUG - ()
2025-06-23 06:12:54,537 - telegram.ext.ExtBot - DEBUG - Exiting: get_updates
2025-06-23 06:12:54,537 - telegram.ext.ExtBot - DEBUG - Entering: get_updates
2025-06-23 06:12:54,537 - httpcore.http11 - DEBUG - send_request_headers.started request=<Request [b'POST']>
2025-06-23 06:12:54,537 - httpcore.http11 - DEBUG - send_request_headers.complete
2025-06-23 06:12:54,537 - httpcore.http11 - DEBUG - send_request_body.started request=<Request [b'POST']>
2025-06-23 06:12:54,537 - httpcore.http11 - DEBUG - send_request_body.complete
2025-06-23 06:12:54,537 - httpcore.http11 - DEBUG - receive_response_headers.started request=<Request [b'POST']>
2025-06-23 06:13:04,761 - httpcore.http11 - DEBUG - receive_response_headers.complete return_value=(b'HTTP/1.1', 200, b'OK', [(b'Server', b'nginx/1.18.0'), (b'Date', b'Mon, 23 Jun 2025 05:13:06 GMT'), (b'Content-Type', b'application/json'), (b'Content-Length', b'23'), (b'Connection', b'keep-alive'), (b'Strict-Transport-Security', b'max-age=31536000; includeSubDomains; preload'), (b'Access-Control-Allow-Origin', b'*'), (b'Access-Control-Allow-Methods', b'GET, POST, OPTIONS'), (b'Access-Control-Expose-Headers', b'Content-Length,Content-Type,Date,Server,Connection')])
2025-06-23 06:13:04,762 - httpx - INFO - HTTP Request: POST https://api.telegram.org/bot7707158318:AAE8rWa4Q8Z_3avql6K0HAmXaooZAReoNF0/getUpdates "HTTP/1.1 200 OK"
2025-06-23 06:13:04,763 - httpcore.http11 - DEBUG - receive_response_body.started request=<Request [b'POST']>
2025-06-23 06:13:04,763 - httpcore.http11 - DEBUG - receive_response_body.complete
2025-06-23 06:13:04,763 - httpcore.http11 - DEBUG - response_closed.started
2025-06-23 06:13:04,763 - httpcore.http11 - DEBUG - response_closed.complete
2025-06-23 06:13:04,763 - telegram.ext.ExtBot - DEBUG - No new updates found.
2025-06-23 06:13:04,765 - telegram.ext.ExtBot - DEBUG - ()
2025-06-23 06:13:04,765 - telegram.ext.ExtBot - DEBUG - Exiting: get_updates
2025-06-23 06:13:04,765 - telegram.ext.ExtBot - DEBUG - Entering: get_updates
2025-06-23 06:13:04,765 - httpcore.http11 - DEBUG - send_request_headers.started request=<Request [b'POST']>
2025-06-23 06:13:04,765 - httpcore.http11 - DEBUG - send_request_headers.complete
2025-06-23 06:13:04,767 - httpcore.http11 - DEBUG - send_request_body.started request=<Request [b'POST']>
2025-06-23 06:13:04,767 - httpcore.http11 - DEBUG - send_request_body.complete
2025-06-23 06:13:04,767 - httpcore.http11 - DEBUG - receive_response_headers.started request=<Request [b'POST']>
2025-06-23 06:13:14,846 - httpcore.http11 - DEBUG - receive_response_headers.complete return_value=(b'HTTP/1.1', 200, b'OK', [(b'Server', b'nginx/1.18.0'), (b'Date', b'Mon, 23 Jun 2025 05:13:17 GMT'), (b'Content-Type', b'application/json'), (b'Content-Length', b'23'), (b'Connection', b'keep-alive'), (b'Strict-Transport-Security', b'max-age=31536000; includeSubDomains; preload'), (b'Access-Control-Allow-Origin', b'*'), (b'Access-Control-Allow-Methods', b'GET, POST, OPTIONS'), (b'Access-Control-Expose-Headers', b'Content-Length,Content-Type,Date,Server,Connection')])
2025-06-23 06:13:14,851 - httpx - INFO - HTTP Request: POST https://api.telegram.org/bot7707158318:AAE8rWa4Q8Z_3avql6K0HAmXaooZAReoNF0/getUpdates "HTTP/1.1 200 OK"
2025-06-23 06:13:14,851 - httpcore.http11 - DEBUG - receive_response_body.started request=<Request [b'POST']>
2025-06-23 06:13:14,851 - httpcore.http11 - DEBUG - receive_response_body.complete
2025-06-23 06:13:14,851 - httpcore.http11 - DEBUG - response_closed.started
2025-06-23 06:13:14,851 - httpcore.http11 - DEBUG - response_closed.complete
2025-06-23 06:13:14,853 - telegram.ext.ExtBot - DEBUG - No new updates found.
2025-06-23 06:13:14,853 - telegram.ext.ExtBot - DEBUG - ()
2025-06-23 06:13:14,854 - telegram.ext.ExtBot - DEBUG - Exiting: get_updates
2025-06-23 06:13:14,854 - telegram.ext.ExtBot - DEBUG - Entering: get_updates
2025-06-23 06:13:14,856 - httpcore.http11 - DEBUG - send_request_headers.started request=<Request [b'POST']>
2025-06-23 06:13:14,857 - httpcore.http11 - DEBUG - send_request_headers.complete
2025-06-23 06:13:14,858 - httpcore.http11 - DEBUG - send_request_body.started request=<Request [b'POST']>
2025-06-23 06:13:14,858 - httpcore.http11 - DEBUG - send_request_body.complete
2025-06-23 06:13:14,858 - httpcore.http11 - DEBUG - receive_response_headers.started request=<Request [b'POST']>
2025-06-23 06:13:25,058 - httpcore.http11 - DEBUG - receive_response_headers.complete return_value=(b'HTTP/1.1', 200, b'OK', [(b'Server', b'nginx/1.18.0'), (b'Date', b'Mon, 23 Jun 2025 05:13:27 GMT'), (b'Content-Type', b'application/json'), (b'Content-Length', b'23'), (b'Connection', b'keep-alive'), (b'Strict-Transport-Security', b'max-age=31536000; includeSubDomains; preload'), (b'Access-Control-Allow-Origin', b'*'), (b'Access-Control-Allow-Methods', b'GET, POST, OPTIONS'), (b'Access-Control-Expose-Headers', b'Content-Length,Content-Type,Date,Server,Connection')])
2025-06-23 06:13:25,058 - httpx - INFO - HTTP Request: POST https://api.telegram.org/bot7707158318:AAE8rWa4Q8Z_3avql6K0HAmXaooZAReoNF0/getUpdates "HTTP/1.1 200 OK"
2025-06-23 06:13:25,058 - httpcore.http11 - DEBUG - receive_response_body.started request=<Request [b'POST']>
2025-06-23 06:13:25,058 - httpcore.http11 - DEBUG - receive_response_body.complete
2025-06-23 06:13:25,058 - httpcore.http11 - DEBUG - response_closed.started
2025-06-23 06:13:25,058 - httpcore.http11 - DEBUG - response_closed.complete
2025-06-23 06:13:25,061 - telegram.ext.ExtBot - DEBUG - No new updates found.
2025-06-23 06:13:25,061 - telegram.ext.ExtBot - DEBUG - ()
2025-06-23 06:13:25,061 - telegram.ext.ExtBot - DEBUG - Exiting: get_updates
2025-06-23 06:13:25,061 - telegram.ext.ExtBot - DEBUG - Entering: get_updates
2025-06-23 06:13:25,062 - httpcore.http11 - DEBUG - send_request_headers.started request=<Request [b'POST']>
2025-06-23 06:13:25,062 - httpcore.http11 - DEBUG - send_request_headers.complete
2025-06-23 06:13:25,062 - httpcore.http11 - DEBUG - send_request_body.started request=<Request [b'POST']>
2025-06-23 06:13:25,062 - httpcore.http11 - DEBUG - send_request_body.complete
2025-06-23 06:13:25,062 - httpcore.http11 - DEBUG - receive_response_headers.started request=<Request [b'POST']>
2025-06-23 06:13:35,361 - httpcore.http11 - DEBUG - receive_response_headers.complete return_value=(b'HTTP/1.1', 200, b'OK', [(b'Server', b'nginx/1.18.0'), (b'Date', b'Mon, 23 Jun 2025 05:13:37 GMT'), (b'Content-Type', b'application/json'), (b'Content-Length', b'23'), (b'Connection', b'keep-alive'), (b'Strict-Transport-Security', b'max-age=31536000; includeSubDomains; preload'), (b'Access-Control-Allow-Origin', b'*'), (b'Access-Control-Allow-Methods', b'GET, POST, OPTIONS'), (b'Access-Control-Expose-Headers', b'Content-Length,Content-Type,Date,Server,Connection')])
2025-06-23 06:13:35,361 - httpx - INFO - HTTP Request: POST https://api.telegram.org/bot7707158318:AAE8rWa4Q8Z_3avql6K0HAmXaooZAReoNF0/getUpdates "HTTP/1.1 200 OK"
2025-06-23 06:13:35,361 - httpcore.http11 - DEBUG - receive_response_body.started request=<Request [b'POST']>
2025-06-23 06:13:35,361 - httpcore.http11 - DEBUG - receive_response_body.complete
2025-06-23 06:13:35,361 - httpcore.http11 - DEBUG - response_closed.started
2025-06-23 06:13:35,361 - httpcore.http11 - DEBUG - response_closed.complete
2025-06-23 06:13:35,361 - telegram.ext.ExtBot - DEBUG - No new updates found.
2025-06-23 06:13:35,361 - telegram.ext.ExtBot - DEBUG - ()
2025-06-23 06:13:35,361 - telegram.ext.ExtBot - DEBUG - Exiting: get_updates
2025-06-23 06:13:35,363 - telegram.ext.ExtBot - DEBUG - Entering: get_updates
2025-06-23 06:13:35,363 - httpcore.http11 - DEBUG - send_request_headers.started request=<Request [b'POST']>
2025-06-23 06:13:35,363 - httpcore.http11 - DEBUG - send_request_headers.complete
2025-06-23 06:13:35,363 - httpcore.http11 - DEBUG - send_request_body.started request=<Request [b'POST']>
2025-06-23 06:13:35,363 - httpcore.http11 - DEBUG - send_request_body.complete
2025-06-23 06:13:35,363 - httpcore.http11 - DEBUG - receive_response_headers.started request=<Request [b'POST']>
2025-06-23 06:13:45,602 - httpcore.http11 - DEBUG - receive_response_headers.complete return_value=(b'HTTP/1.1', 200, b'OK', [(b'Server', b'nginx/1.18.0'), (b'Date', b'Mon, 23 Jun 2025 05:13:47 GMT'), (b'Content-Type', b'application/json'), (b'Content-Length', b'23'), (b'Connection', b'keep-alive'), (b'Strict-Transport-Security', b'max-age=31536000; includeSubDomains; preload'), (b'Access-Control-Allow-Origin', b'*'), (b'Access-Control-Allow-Methods', b'GET, POST, OPTIONS'), (b'Access-Control-Expose-Headers', b'Content-Length,Content-Type,Date,Server,Connection')])
2025-06-23 06:13:45,604 - httpx - INFO - HTTP Request: POST https://api.telegram.org/bot7707158318:AAE8rWa4Q8Z_3avql6K0HAmXaooZAReoNF0/getUpdates "HTTP/1.1 200 OK"
2025-06-23 06:13:45,604 - httpcore.http11 - DEBUG - receive_response_body.started request=<Request [b'POST']>
2025-06-23 06:13:45,604 - httpcore.http11 - DEBUG - receive_response_body.complete
2025-06-23 06:13:45,606 - httpcore.http11 - DEBUG - response_closed.started
2025-06-23 06:13:45,606 - httpcore.http11 - DEBUG - response_closed.complete
2025-06-23 06:13:45,608 - telegram.ext.ExtBot - DEBUG - No new updates found.
2025-06-23 06:13:45,608 - telegram.ext.ExtBot - DEBUG - ()
2025-06-23 06:13:45,608 - telegram.ext.ExtBot - DEBUG - Exiting: get_updates
2025-06-23 06:13:45,608 - telegram.ext.ExtBot - DEBUG - Entering: get_updates
2025-06-23 06:13:45,610 - httpcore.http11 - DEBUG - send_request_headers.started request=<Request [b'POST']>
2025-06-23 06:13:45,611 - httpcore.http11 - DEBUG - send_request_headers.complete
2025-06-23 06:13:45,611 - httpcore.http11 - DEBUG - send_request_body.started request=<Request [b'POST']>
2025-06-23 06:13:45,611 - httpcore.http11 - DEBUG - send_request_body.complete
2025-06-23 06:13:45,611 - httpcore.http11 - DEBUG - receive_response_headers.started request=<Request [b'POST']>
2025-06-23 06:13:55,841 - httpcore.http11 - DEBUG - receive_response_headers.complete return_value=(b'HTTP/1.1', 200, b'OK', [(b'Server', b'nginx/1.18.0'), (b'Date', b'Mon, 23 Jun 2025 05:13:58 GMT'), (b'Content-Type', b'application/json'), (b'Content-Length', b'23'), (b'Connection', b'keep-alive'), (b'Strict-Transport-Security', b'max-age=31536000; includeSubDomains; preload'), (b'Access-Control-Allow-Origin', b'*'), (b'Access-Control-Allow-Methods', b'GET, POST, OPTIONS'), (b'Access-Control-Expose-Headers', b'Content-Length,Content-Type,Date,Server,Connection')])
2025-06-23 06:13:55,842 - httpx - INFO - HTTP Request: POST https://api.telegram.org/bot7707158318:AAE8rWa4Q8Z_3avql6K0HAmXaooZAReoNF0/getUpdates "HTTP/1.1 200 OK"
2025-06-23 06:13:55,843 - httpcore.http11 - DEBUG - receive_response_body.started request=<Request [b'POST']>
2025-06-23 06:13:55,843 - httpcore.http11 - DEBUG - receive_response_body.complete
2025-06-23 06:13:55,843 - httpcore.http11 - DEBUG - response_closed.started
2025-06-23 06:13:55,843 - httpcore.http11 - DEBUG - response_closed.complete
2025-06-23 06:13:55,843 - telegram.ext.ExtBot - DEBUG - No new updates found.
2025-06-23 06:13:55,843 - telegram.ext.ExtBot - DEBUG - ()
2025-06-23 06:13:55,843 - telegram.ext.ExtBot - DEBUG - Exiting: get_updates
2025-06-23 06:13:55,843 - telegram.ext.ExtBot - DEBUG - Entering: get_updates
2025-06-23 06:13:55,843 - httpcore.http11 - DEBUG - send_request_headers.started request=<Request [b'POST']>
2025-06-23 06:13:55,843 - httpcore.http11 - DEBUG - send_request_headers.complete
2025-06-23 06:13:55,843 - httpcore.http11 - DEBUG - send_request_body.started request=<Request [b'POST']>
2025-06-23 06:13:55,843 - httpcore.http11 - DEBUG - send_request_body.complete
2025-06-23 06:13:55,843 - httpcore.http11 - DEBUG - receive_response_headers.started request=<Request [b'POST']>
2025-06-23 06:14:06,077 - httpcore.http11 - DEBUG - receive_response_headers.complete return_value=(b'HTTP/1.1', 200, b'OK', [(b'Server', b'nginx/1.18.0'), (b'Date', b'Mon, 23 Jun 2025 05:14:08 GMT'), (b'Content-Type', b'application/json'), (b'Content-Length', b'23'), (b'Connection', b'keep-alive'), (b'Strict-Transport-Security', b'max-age=31536000; includeSubDomains; preload'), (b'Access-Control-Allow-Origin', b'*'), (b'Access-Control-Allow-Methods', b'GET, POST, OPTIONS'), (b'Access-Control-Expose-Headers', b'Content-Length,Content-Type,Date,Server,Connection')])
2025-06-23 06:14:06,081 - httpx - INFO - HTTP Request: POST https://api.telegram.org/bot7707158318:AAE8rWa4Q8Z_3avql6K0HAmXaooZAReoNF0/getUpdates "HTTP/1.1 200 OK"
2025-06-23 06:14:06,081 - httpcore.http11 - DEBUG - receive_response_body.started request=<Request [b'POST']>
2025-06-23 06:14:06,081 - httpcore.http11 - DEBUG - receive_response_body.complete
2025-06-23 06:14:06,081 - httpcore.http11 - DEBUG - response_closed.started
2025-06-23 06:14:06,081 - httpcore.http11 - DEBUG - response_closed.complete
2025-06-23 06:14:06,081 - telegram.ext.ExtBot - DEBUG - No new updates found.
2025-06-23 06:14:06,081 - telegram.ext.ExtBot - DEBUG - ()
2025-06-23 06:14:06,081 - telegram.ext.ExtBot - DEBUG - Exiting: get_updates
2025-06-23 06:14:06,081 - telegram.ext.ExtBot - DEBUG - Entering: get_updates
2025-06-23 06:14:06,081 - httpcore.http11 - DEBUG - send_request_headers.started request=<Request [b'POST']>
2025-06-23 06:14:06,081 - httpcore.http11 - DEBUG - send_request_headers.complete
2025-06-23 06:14:06,081 - httpcore.http11 - DEBUG - send_request_body.started request=<Request [b'POST']>
2025-06-23 06:14:06,085 - httpcore.http11 - DEBUG - send_request_body.complete
2025-06-23 06:14:06,085 - httpcore.http11 - DEBUG - receive_response_headers.started request=<Request [b'POST']>
2025-06-23 06:14:16,319 - httpcore.http11 - DEBUG - receive_response_headers.complete return_value=(b'HTTP/1.1', 200, b'OK', [(b'Server', b'nginx/1.18.0'), (b'Date', b'Mon, 23 Jun 2025 05:14:18 GMT'), (b'Content-Type', b'application/json'), (b'Content-Length', b'23'), (b'Connection', b'keep-alive'), (b'Strict-Transport-Security', b'max-age=31536000; includeSubDomains; preload'), (b'Access-Control-Allow-Origin', b'*'), (b'Access-Control-Allow-Methods', b'GET, POST, OPTIONS'), (b'Access-Control-Expose-Headers', b'Content-Length,Content-Type,Date,Server,Connection')])
2025-06-23 06:14:16,321 - httpx - INFO - HTTP Request: POST https://api.telegram.org/bot7707158318:AAE8rWa4Q8Z_3avql6K0HAmXaooZAReoNF0/getUpdates "HTTP/1.1 200 OK"
2025-06-23 06:14:16,322 - httpcore.http11 - DEBUG - receive_response_body.started request=<Request [b'POST']>
2025-06-23 06:14:16,322 - httpcore.http11 - DEBUG - receive_response_body.complete
2025-06-23 06:14:16,323 - httpcore.http11 - DEBUG - response_closed.started
2025-06-23 06:14:16,323 - httpcore.http11 - DEBUG - response_closed.complete
2025-06-23 06:14:16,323 - telegram.ext.ExtBot - DEBUG - No new updates found.
2025-06-23 06:14:16,323 - telegram.ext.ExtBot - DEBUG - ()
2025-06-23 06:14:16,323 - telegram.ext.ExtBot - DEBUG - Exiting: get_updates
2025-06-23 06:14:16,323 - telegram.ext.ExtBot - DEBUG - Entering: get_updates
2025-06-23 06:14:16,325 - httpcore.http11 - DEBUG - send_request_headers.started request=<Request [b'POST']>
2025-06-23 06:14:16,325 - httpcore.http11 - DEBUG - send_request_headers.complete
2025-06-23 06:14:16,325 - httpcore.http11 - DEBUG - send_request_body.started request=<Request [b'POST']>
2025-06-23 06:14:16,325 - httpcore.http11 - DEBUG - send_request_body.complete
2025-06-23 06:14:16,325 - httpcore.http11 - DEBUG - receive_response_headers.started request=<Request [b'POST']>
2025-06-23 06:14:26,408 - httpcore.http11 - DEBUG - receive_response_headers.complete return_value=(b'HTTP/1.1', 200, b'OK', [(b'Server', b'nginx/1.18.0'), (b'Date', b'Mon, 23 Jun 2025 05:14:28 GMT'), (b'Content-Type', b'application/json'), (b'Content-Length', b'23'), (b'Connection', b'keep-alive'), (b'Strict-Transport-Security', b'max-age=31536000; includeSubDomains; preload'), (b'Access-Control-Allow-Origin', b'*'), (b'Access-Control-Allow-Methods', b'GET, POST, OPTIONS'), (b'Access-Control-Expose-Headers', b'Content-Length,Content-Type,Date,Server,Connection')])
2025-06-23 06:14:26,410 - httpx - INFO - HTTP Request: POST https://api.telegram.org/bot7707158318:AAE8rWa4Q8Z_3avql6K0HAmXaooZAReoNF0/getUpdates "HTTP/1.1 200 OK"
2025-06-23 06:14:26,411 - httpcore.http11 - DEBUG - receive_response_body.started request=<Request [b'POST']>
2025-06-23 06:14:26,411 - httpcore.http11 - DEBUG - receive_response_body.complete
2025-06-23 06:14:26,411 - httpcore.http11 - DEBUG - response_closed.started
2025-06-23 06:14:26,411 - httpcore.http11 - DEBUG - response_closed.complete
2025-06-23 06:14:26,413 - telegram.ext.ExtBot - DEBUG - No new updates found.
2025-06-23 06:14:26,413 - telegram.ext.ExtBot - DEBUG - ()
2025-06-23 06:14:26,413 - telegram.ext.ExtBot - DEBUG - Exiting: get_updates
2025-06-23 06:14:26,413 - telegram.ext.ExtBot - DEBUG - Entering: get_updates
2025-06-23 06:14:26,413 - httpcore.http11 - DEBUG - send_request_headers.started request=<Request [b'POST']>
2025-06-23 06:14:26,415 - httpcore.http11 - DEBUG - send_request_headers.complete
2025-06-23 06:14:26,415 - httpcore.http11 - DEBUG - send_request_body.started request=<Request [b'POST']>
2025-06-23 06:14:26,415 - httpcore.http11 - DEBUG - send_request_body.complete
2025-06-23 06:14:26,415 - httpcore.http11 - DEBUG - receive_response_headers.started request=<Request [b'POST']>
2025-06-23 06:14:36,520 - httpcore.http11 - DEBUG - receive_response_headers.complete return_value=(b'HTTP/1.1', 200, b'OK', [(b'Server', b'nginx/1.18.0'), (b'Date', b'Mon, 23 Jun 2025 05:14:38 GMT'), (b'Content-Type', b'application/json'), (b'Content-Length', b'23'), (b'Connection', b'keep-alive'), (b'Strict-Transport-Security', b'max-age=31536000; includeSubDomains; preload'), (b'Access-Control-Allow-Origin', b'*'), (b'Access-Control-Allow-Methods', b'GET, POST, OPTIONS'), (b'Access-Control-Expose-Headers', b'Content-Length,Content-Type,Date,Server,Connection')])
2025-06-23 06:14:36,522 - httpx - INFO - HTTP Request: POST https://api.telegram.org/bot7707158318:AAE8rWa4Q8Z_3avql6K0HAmXaooZAReoNF0/getUpdates "HTTP/1.1 200 OK"
2025-06-23 06:14:36,523 - httpcore.http11 - DEBUG - receive_response_body.started request=<Request [b'POST']>
2025-06-23 06:14:36,524 - httpcore.http11 - DEBUG - receive_response_body.complete
2025-06-23 06:14:36,524 - httpcore.http11 - DEBUG - response_closed.started
2025-06-23 06:14:36,525 - httpcore.http11 - DEBUG - response_closed.complete
2025-06-23 06:14:36,525 - telegram.ext.ExtBot - DEBUG - No new updates found.
2025-06-23 06:14:36,525 - telegram.ext.ExtBot - DEBUG - ()
2025-06-23 06:14:36,525 - telegram.ext.ExtBot - DEBUG - Exiting: get_updates
2025-06-23 06:14:36,525 - telegram.ext.ExtBot - DEBUG - Entering: get_updates
2025-06-23 06:14:36,527 - httpcore.http11 - DEBUG - send_request_headers.started request=<Request [b'POST']>
2025-06-23 06:14:36,528 - httpcore.http11 - DEBUG - send_request_headers.complete
2025-06-23 06:14:36,528 - httpcore.http11 - DEBUG - send_request_body.started request=<Request [b'POST']>
2025-06-23 06:14:36,529 - httpcore.http11 - DEBUG - send_request_body.complete
2025-06-23 06:14:36,530 - httpcore.http11 - DEBUG - receive_response_headers.started request=<Request [b'POST']>
2025-06-23 06:14:46,720 - httpcore.http11 - DEBUG - receive_response_headers.complete return_value=(b'HTTP/1.1', 200, b'OK', [(b'Server', b'nginx/1.18.0'), (b'Date', b'Mon, 23 Jun 2025 05:14:48 GMT'), (b'Content-Type', b'application/json'), (b'Content-Length', b'23'), (b'Connection', b'keep-alive'), (b'Strict-Transport-Security', b'max-age=31536000; includeSubDomains; preload'), (b'Access-Control-Allow-Origin', b'*'), (b'Access-Control-Allow-Methods', b'GET, POST, OPTIONS'), (b'Access-Control-Expose-Headers', b'Content-Length,Content-Type,Date,Server,Connection')])
2025-06-23 06:14:46,720 - httpx - INFO - HTTP Request: POST https://api.telegram.org/bot7707158318:AAE8rWa4Q8Z_3avql6K0HAmXaooZAReoNF0/getUpdates "HTTP/1.1 200 OK"
2025-06-23 06:14:46,723 - httpcore.http11 - DEBUG - receive_response_body.started request=<Request [b'POST']>
2025-06-23 06:14:46,723 - httpcore.http11 - DEBUG - receive_response_body.complete
2025-06-23 06:14:46,724 - httpcore.http11 - DEBUG - response_closed.started
2025-06-23 06:14:46,725 - httpcore.http11 - DEBUG - response_closed.complete
2025-06-23 06:14:46,725 - telegram.ext.ExtBot - DEBUG - No new updates found.
2025-06-23 06:14:46,725 - telegram.ext.ExtBot - DEBUG - ()
2025-06-23 06:14:46,725 - telegram.ext.ExtBot - DEBUG - Exiting: get_updates
2025-06-23 06:14:46,725 - telegram.ext.ExtBot - DEBUG - Entering: get_updates
2025-06-23 06:14:46,728 - httpcore.http11 - DEBUG - send_request_headers.started request=<Request [b'POST']>
2025-06-23 06:14:46,731 - httpcore.http11 - DEBUG - send_request_headers.complete
2025-06-23 06:14:46,731 - httpcore.http11 - DEBUG - send_request_body.started request=<Request [b'POST']>
2025-06-23 06:14:46,731 - httpcore.http11 - DEBUG - send_request_body.complete
2025-06-23 06:14:46,731 - httpcore.http11 - DEBUG - receive_response_headers.started request=<Request [b'POST']>
2025-06-23 06:14:56,961 - httpcore.http11 - DEBUG - receive_response_headers.complete return_value=(b'HTTP/1.1', 200, b'OK', [(b'Server', b'nginx/1.18.0'), (b'Date', b'Mon, 23 Jun 2025 05:14:59 GMT'), (b'Content-Type', b'application/json'), (b'Content-Length', b'23'), (b'Connection', b'keep-alive'), (b'Strict-Transport-Security', b'max-age=31536000; includeSubDomains; preload'), (b'Access-Control-Allow-Origin', b'*'), (b'Access-Control-Allow-Methods', b'GET, POST, OPTIONS'), (b'Access-Control-Expose-Headers', b'Content-Length,Content-Type,Date,Server,Connection')])
2025-06-23 06:14:56,963 - httpx - INFO - HTTP Request: POST https://api.telegram.org/bot7707158318:AAE8rWa4Q8Z_3avql6K0HAmXaooZAReoNF0/getUpdates "HTTP/1.1 200 OK"
2025-06-23 06:14:56,963 - httpcore.http11 - DEBUG - receive_response_body.started request=<Request [b'POST']>
2025-06-23 06:14:56,965 - httpcore.http11 - DEBUG - receive_response_body.complete
2025-06-23 06:14:56,965 - httpcore.http11 - DEBUG - response_closed.started
2025-06-23 06:14:56,965 - httpcore.http11 - DEBUG - response_closed.complete
2025-06-23 06:14:56,967 - telegram.ext.ExtBot - DEBUG - No new updates found.
2025-06-23 06:14:56,967 - telegram.ext.ExtBot - DEBUG - ()
2025-06-23 06:14:56,967 - telegram.ext.ExtBot - DEBUG - Exiting: get_updates
2025-06-23 06:14:56,967 - telegram.ext.ExtBot - DEBUG - Entering: get_updates
2025-06-23 06:14:56,969 - httpcore.http11 - DEBUG - send_request_headers.started request=<Request [b'POST']>
2025-06-23 06:14:56,970 - httpcore.http11 - DEBUG - send_request_headers.complete
2025-06-23 06:14:56,970 - httpcore.http11 - DEBUG - send_request_body.started request=<Request [b'POST']>
2025-06-23 06:14:56,971 - httpcore.http11 - DEBUG - send_request_body.complete
2025-06-23 06:14:56,971 - httpcore.http11 - DEBUG - receive_response_headers.started request=<Request [b'POST']>
2025-06-23 06:15:07,201 - httpcore.http11 - DEBUG - receive_response_headers.complete return_value=(b'HTTP/1.1', 200, b'OK', [(b'Server', b'nginx/1.18.0'), (b'Date', b'Mon, 23 Jun 2025 05:15:09 GMT'), (b'Content-Type', b'application/json'), (b'Content-Length', b'23'), (b'Connection', b'keep-alive'), (b'Strict-Transport-Security', b'max-age=31536000; includeSubDomains; preload'), (b'Access-Control-Allow-Origin', b'*'), (b'Access-Control-Allow-Methods', b'GET, POST, OPTIONS'), (b'Access-Control-Expose-Headers', b'Content-Length,Content-Type,Date,Server,Connection')])
2025-06-23 06:15:07,201 - httpx - INFO - HTTP Request: POST https://api.telegram.org/bot7707158318:AAE8rWa4Q8Z_3avql6K0HAmXaooZAReoNF0/getUpdates "HTTP/1.1 200 OK"
2025-06-23 06:15:07,204 - httpcore.http11 - DEBUG - receive_response_body.started request=<Request [b'POST']>
2025-06-23 06:15:07,204 - httpcore.http11 - DEBUG - receive_response_body.complete
2025-06-23 06:15:07,204 - httpcore.http11 - DEBUG - response_closed.started
2025-06-23 06:15:07,205 - httpcore.http11 - DEBUG - response_closed.complete
2025-06-23 06:15:07,205 - telegram.ext.ExtBot - DEBUG - No new updates found.
2025-06-23 06:15:07,205 - telegram.ext.ExtBot - DEBUG - ()
2025-06-23 06:15:07,205 - telegram.ext.ExtBot - DEBUG - Exiting: get_updates
2025-06-23 06:15:07,205 - telegram.ext.ExtBot - DEBUG - Entering: get_updates
2025-06-23 06:15:07,208 - httpcore.http11 - DEBUG - send_request_headers.started request=<Request [b'POST']>
2025-06-23 06:15:07,208 - httpcore.http11 - DEBUG - send_request_headers.complete
2025-06-23 06:15:07,208 - httpcore.http11 - DEBUG - send_request_body.started request=<Request [b'POST']>
2025-06-23 06:15:07,210 - httpcore.http11 - DEBUG - send_request_body.complete
2025-06-23 06:15:07,210 - httpcore.http11 - DEBUG - receive_response_headers.started request=<Request [b'POST']>
2025-06-23 06:15:17,440 - httpcore.http11 - DEBUG - receive_response_headers.complete return_value=(b'HTTP/1.1', 200, b'OK', [(b'Server', b'nginx/1.18.0'), (b'Date', b'Mon, 23 Jun 2025 05:15:19 GMT'), (b'Content-Type', b'application/json'), (b'Content-Length', b'23'), (b'Connection', b'keep-alive'), (b'Strict-Transport-Security', b'max-age=31536000; includeSubDomains; preload'), (b'Access-Control-Allow-Origin', b'*'), (b'Access-Control-Allow-Methods', b'GET, POST, OPTIONS'), (b'Access-Control-Expose-Headers', b'Content-Length,Content-Type,Date,Server,Connection')])
2025-06-23 06:15:17,441 - httpx - INFO - HTTP Request: POST https://api.telegram.org/bot7707158318:AAE8rWa4Q8Z_3avql6K0HAmXaooZAReoNF0/getUpdates "HTTP/1.1 200 OK"
2025-06-23 06:15:17,441 - httpcore.http11 - DEBUG - receive_response_body.started request=<Request [b'POST']>
2025-06-23 06:15:17,441 - httpcore.http11 - DEBUG - receive_response_body.complete
2025-06-23 06:15:17,441 - httpcore.http11 - DEBUG - response_closed.started
2025-06-23 06:15:17,441 - httpcore.http11 - DEBUG - response_closed.complete
2025-06-23 06:15:17,443 - telegram.ext.ExtBot - DEBUG - No new updates found.
2025-06-23 06:15:17,443 - telegram.ext.ExtBot - DEBUG - ()
2025-06-23 06:15:17,443 - telegram.ext.ExtBot - DEBUG - Exiting: get_updates
2025-06-23 06:15:17,443 - telegram.ext.ExtBot - DEBUG - Entering: get_updates
2025-06-23 06:15:17,444 - httpcore.http11 - DEBUG - send_request_headers.started request=<Request [b'POST']>
2025-06-23 06:15:17,444 - httpcore.http11 - DEBUG - send_request_headers.complete
2025-06-23 06:15:17,444 - httpcore.http11 - DEBUG - send_request_body.started request=<Request [b'POST']>
2025-06-23 06:15:17,445 - httpcore.http11 - DEBUG - send_request_body.complete
2025-06-23 06:15:17,445 - httpcore.http11 - DEBUG - receive_response_headers.started request=<Request [b'POST']>
2025-06-23 06:15:27,528 - httpcore.http11 - DEBUG - receive_response_headers.complete return_value=(b'HTTP/1.1', 200, b'OK', [(b'Server', b'nginx/1.18.0'), (b'Date', b'Mon, 23 Jun 2025 05:15:29 GMT'), (b'Content-Type', b'application/json'), (b'Content-Length', b'23'), (b'Connection', b'keep-alive'), (b'Strict-Transport-Security', b'max-age=31536000; includeSubDomains; preload'), (b'Access-Control-Allow-Origin', b'*'), (b'Access-Control-Allow-Methods', b'GET, POST, OPTIONS'), (b'Access-Control-Expose-Headers', b'Content-Length,Content-Type,Date,Server,Connection')])
2025-06-23 06:15:27,531 - httpx - INFO - HTTP Request: POST https://api.telegram.org/bot7707158318:AAE8rWa4Q8Z_3avql6K0HAmXaooZAReoNF0/getUpdates "HTTP/1.1 200 OK"
2025-06-23 06:15:27,533 - httpcore.http11 - DEBUG - receive_response_body.started request=<Request [b'POST']>
2025-06-23 06:15:27,533 - httpcore.http11 - DEBUG - receive_response_body.complete
2025-06-23 06:15:27,533 - httpcore.http11 - DEBUG - response_closed.started
2025-06-23 06:15:27,533 - httpcore.http11 - DEBUG - response_closed.complete
2025-06-23 06:15:27,534 - telegram.ext.ExtBot - DEBUG - No new updates found.
2025-06-23 06:15:27,534 - telegram.ext.ExtBot - DEBUG - ()
2025-06-23 06:15:27,534 - telegram.ext.ExtBot - DEBUG - Exiting: get_updates
2025-06-23 06:15:27,535 - telegram.ext.ExtBot - DEBUG - Entering: get_updates
2025-06-23 06:15:27,537 - httpcore.http11 - DEBUG - send_request_headers.started request=<Request [b'POST']>
2025-06-23 06:15:27,537 - httpcore.http11 - DEBUG - send_request_headers.complete
2025-06-23 06:15:27,537 - httpcore.http11 - DEBUG - send_request_body.started request=<Request [b'POST']>
2025-06-23 06:15:27,537 - httpcore.http11 - DEBUG - send_request_body.complete
2025-06-23 06:15:27,537 - httpcore.http11 - DEBUG - receive_response_headers.started request=<Request [b'POST']>
2025-06-23 06:15:37,922 - httpcore.http11 - DEBUG - receive_response_headers.complete return_value=(b'HTTP/1.1', 200, b'OK', [(b'Server', b'nginx/1.18.0'), (b'Date', b'Mon, 23 Jun 2025 05:15:39 GMT'), (b'Content-Type', b'application/json'), (b'Content-Length', b'23'), (b'Connection', b'keep-alive'), (b'Strict-Transport-Security', b'max-age=31536000; includeSubDomains; preload'), (b'Access-Control-Allow-Origin', b'*'), (b'Access-Control-Allow-Methods', b'GET, POST, OPTIONS'), (b'Access-Control-Expose-Headers', b'Content-Length,Content-Type,Date,Server,Connection')])
2025-06-23 06:15:37,923 - httpx - INFO - HTTP Request: POST https://api.telegram.org/bot7707158318:AAE8rWa4Q8Z_3avql6K0HAmXaooZAReoNF0/getUpdates "HTTP/1.1 200 OK"
2025-06-23 06:15:37,925 - httpcore.http11 - DEBUG - receive_response_body.started request=<Request [b'POST']>
2025-06-23 06:15:37,926 - httpcore.http11 - DEBUG - receive_response_body.complete
2025-06-23 06:15:37,926 - httpcore.http11 - DEBUG - response_closed.started
2025-06-23 06:15:37,926 - httpcore.http11 - DEBUG - response_closed.complete
2025-06-23 06:15:37,927 - telegram.ext.ExtBot - DEBUG - No new updates found.
2025-06-23 06:15:37,928 - telegram.ext.ExtBot - DEBUG - ()
2025-06-23 06:15:37,928 - telegram.ext.ExtBot - DEBUG - Exiting: get_updates
2025-06-23 06:15:37,928 - telegram.ext.ExtBot - DEBUG - Entering: get_updates
2025-06-23 06:15:37,930 - httpcore.http11 - DEBUG - send_request_headers.started request=<Request [b'POST']>
2025-06-23 06:15:37,931 - httpcore.http11 - DEBUG - send_request_headers.complete
2025-06-23 06:15:37,931 - httpcore.http11 - DEBUG - send_request_body.started request=<Request [b'POST']>
2025-06-23 06:15:37,932 - httpcore.http11 - DEBUG - send_request_body.complete
2025-06-23 06:15:37,932 - httpcore.http11 - DEBUG - receive_response_headers.started request=<Request [b'POST']>
2025-06-23 06:15:48,015 - httpcore.http11 - DEBUG - receive_response_headers.complete return_value=(b'HTTP/1.1', 200, b'OK', [(b'Server', b'nginx/1.18.0'), (b'Date', b'Mon, 23 Jun 2025 05:15:50 GMT'), (b'Content-Type', b'application/json'), (b'Content-Length', b'23'), (b'Connection', b'keep-alive'), (b'Strict-Transport-Security', b'max-age=31536000; includeSubDomains; preload'), (b'Access-Control-Allow-Origin', b'*'), (b'Access-Control-Allow-Methods', b'GET, POST, OPTIONS'), (b'Access-Control-Expose-Headers', b'Content-Length,Content-Type,Date,Server,Connection')])
2025-06-23 06:15:48,015 - httpx - INFO - HTTP Request: POST https://api.telegram.org/bot7707158318:AAE8rWa4Q8Z_3avql6K0HAmXaooZAReoNF0/getUpdates "HTTP/1.1 200 OK"
2025-06-23 06:15:48,015 - httpcore.http11 - DEBUG - receive_response_body.started request=<Request [b'POST']>
2025-06-23 06:15:48,019 - httpcore.http11 - DEBUG - receive_response_body.complete
2025-06-23 06:15:48,019 - httpcore.http11 - DEBUG - response_closed.started
2025-06-23 06:15:48,019 - httpcore.http11 - DEBUG - response_closed.complete
2025-06-23 06:15:48,019 - telegram.ext.ExtBot - DEBUG - No new updates found.
2025-06-23 06:15:48,019 - telegram.ext.ExtBot - DEBUG - ()
2025-06-23 06:15:48,019 - telegram.ext.ExtBot - DEBUG - Exiting: get_updates
2025-06-23 06:15:48,021 - telegram.ext.ExtBot - DEBUG - Entering: get_updates
2025-06-23 06:15:48,023 - httpcore.http11 - DEBUG - send_request_headers.started request=<Request [b'POST']>
2025-06-23 06:15:48,023 - httpcore.http11 - DEBUG - send_request_headers.complete
2025-06-23 06:15:48,023 - httpcore.http11 - DEBUG - send_request_body.started request=<Request [b'POST']>
2025-06-23 06:15:48,023 - httpcore.http11 - DEBUG - send_request_body.complete
2025-06-23 06:15:48,023 - httpcore.http11 - DEBUG - receive_response_headers.started request=<Request [b'POST']>
2025-06-23 06:15:58,108 - httpcore.http11 - DEBUG - receive_response_headers.complete return_value=(b'HTTP/1.1', 200, b'OK', [(b'Server', b'nginx/1.18.0'), (b'Date', b'Mon, 23 Jun 2025 05:16:00 GMT'), (b'Content-Type', b'application/json'), (b'Content-Length', b'23'), (b'Connection', b'keep-alive'), (b'Strict-Transport-Security', b'max-age=31536000; includeSubDomains; preload'), (b'Access-Control-Allow-Origin', b'*'), (b'Access-Control-Allow-Methods', b'GET, POST, OPTIONS'), (b'Access-Control-Expose-Headers', b'Content-Length,Content-Type,Date,Server,Connection')])
2025-06-23 06:15:58,111 - httpx - INFO - HTTP Request: POST https://api.telegram.org/bot7707158318:AAE8rWa4Q8Z_3avql6K0HAmXaooZAReoNF0/getUpdates "HTTP/1.1 200 OK"
2025-06-23 06:15:58,114 - httpcore.http11 - DEBUG - receive_response_body.started request=<Request [b'POST']>
2025-06-23 06:15:58,114 - httpcore.http11 - DEBUG - receive_response_body.complete
2025-06-23 06:15:58,115 - httpcore.http11 - DEBUG - response_closed.started
2025-06-23 06:15:58,115 - httpcore.http11 - DEBUG - response_closed.complete
2025-06-23 06:15:58,115 - telegram.ext.ExtBot - DEBUG - No new updates found.
2025-06-23 06:15:58,115 - telegram.ext.ExtBot - DEBUG - ()
2025-06-23 06:15:58,115 - telegram.ext.ExtBot - DEBUG - Exiting: get_updates
2025-06-23 06:15:58,115 - telegram.ext.ExtBot - DEBUG - Entering: get_updates
2025-06-23 06:15:58,118 - httpcore.http11 - DEBUG - send_request_headers.started request=<Request [b'POST']>
2025-06-23 06:15:58,118 - httpcore.http11 - DEBUG - send_request_headers.complete
2025-06-23 06:15:58,118 - httpcore.http11 - DEBUG - send_request_body.started request=<Request [b'POST']>
2025-06-23 06:15:58,120 - httpcore.http11 - DEBUG - send_request_body.complete
2025-06-23 06:15:58,120 - httpcore.http11 - DEBUG - receive_response_headers.started request=<Request [b'POST']>
2025-06-23 06:16:08,200 - httpcore.http11 - DEBUG - receive_response_headers.complete return_value=(b'HTTP/1.1', 200, b'OK', [(b'Server', b'nginx/1.18.0'), (b'Date', b'Mon, 23 Jun 2025 05:16:10 GMT'), (b'Content-Type', b'application/json'), (b'Content-Length', b'23'), (b'Connection', b'keep-alive'), (b'Strict-Transport-Security', b'max-age=31536000; includeSubDomains; preload'), (b'Access-Control-Allow-Origin', b'*'), (b'Access-Control-Allow-Methods', b'GET, POST, OPTIONS'), (b'Access-Control-Expose-Headers', b'Content-Length,Content-Type,Date,Server,Connection')])
2025-06-23 06:16:08,205 - httpx - INFO - HTTP Request: POST https://api.telegram.org/bot7707158318:AAE8rWa4Q8Z_3avql6K0HAmXaooZAReoNF0/getUpdates "HTTP/1.1 200 OK"
2025-06-23 06:16:08,205 - httpcore.http11 - DEBUG - receive_response_body.started request=<Request [b'POST']>
2025-06-23 06:16:08,205 - httpcore.http11 - DEBUG - receive_response_body.complete
2025-06-23 06:16:08,205 - httpcore.http11 - DEBUG - response_closed.started
2025-06-23 06:16:08,205 - httpcore.http11 - DEBUG - response_closed.complete
2025-06-23 06:16:08,207 - telegram.ext.ExtBot - DEBUG - No new updates found.
2025-06-23 06:16:08,207 - telegram.ext.ExtBot - DEBUG - ()
2025-06-23 06:16:08,207 - telegram.ext.ExtBot - DEBUG - Exiting: get_updates
2025-06-23 06:16:08,207 - telegram.ext.ExtBot - DEBUG - Entering: get_updates
2025-06-23 06:16:08,208 - httpcore.http11 - DEBUG - send_request_headers.started request=<Request [b'POST']>
2025-06-23 06:16:08,208 - httpcore.http11 - DEBUG - send_request_headers.complete
2025-06-23 06:16:08,208 - httpcore.http11 - DEBUG - send_request_body.started request=<Request [b'POST']>
2025-06-23 06:16:08,211 - httpcore.http11 - DEBUG - send_request_body.complete
2025-06-23 06:16:08,211 - httpcore.http11 - DEBUG - receive_response_headers.started request=<Request [b'POST']>
2025-06-23 06:16:18,566 - httpcore.http11 - DEBUG - receive_response_headers.complete return_value=(b'HTTP/1.1', 200, b'OK', [(b'Server', b'nginx/1.18.0'), (b'Date', b'Mon, 23 Jun 2025 05:16:20 GMT'), (b'Content-Type', b'application/json'), (b'Content-Length', b'23'), (b'Connection', b'close'), (b'Strict-Transport-Security', b'max-age=31536000; includeSubDomains; preload'), (b'Access-Control-Allow-Origin', b'*'), (b'Access-Control-Allow-Methods', b'GET, POST, OPTIONS'), (b'Access-Control-Expose-Headers', b'Content-Length,Content-Type,Date,Server,Connection')])
2025-06-23 06:16:18,569 - httpx - INFO - HTTP Request: POST https://api.telegram.org/bot7707158318:AAE8rWa4Q8Z_3avql6K0HAmXaooZAReoNF0/getUpdates "HTTP/1.1 200 OK"
2025-06-23 06:16:18,570 - httpcore.http11 - DEBUG - receive_response_body.started request=<Request [b'POST']>
2025-06-23 06:16:18,570 - httpcore.http11 - DEBUG - receive_response_body.complete
2025-06-23 06:16:18,570 - httpcore.http11 - DEBUG - response_closed.started
2025-06-23 06:16:18,572 - httpcore.http11 - DEBUG - response_closed.complete
2025-06-23 06:16:18,572 - telegram.ext.ExtBot - DEBUG - No new updates found.
2025-06-23 06:16:18,573 - telegram.ext.ExtBot - DEBUG - ()
2025-06-23 06:16:18,573 - telegram.ext.ExtBot - DEBUG - Exiting: get_updates
2025-06-23 06:16:18,573 - telegram.ext.ExtBot - DEBUG - Entering: get_updates
2025-06-23 06:16:18,573 - httpcore.connection - DEBUG - connect_tcp.started host='api.telegram.org' port=443 local_address=None timeout=5.0 socket_options=None
2025-06-23 06:16:18,665 - httpcore.connection - DEBUG - connect_tcp.complete return_value=<httpcore._backends.anyio.AnyIOStream object at 0x0000024B2C51BD60>
2025-06-23 06:16:18,665 - httpcore.connection - DEBUG - start_tls.started ssl_context=<ssl.SSLContext object at 0x0000024B2B3F9BC0> server_hostname='api.telegram.org' timeout=5.0
2025-06-23 06:16:18,768 - httpcore.connection - DEBUG - start_tls.complete return_value=<httpcore._backends.anyio.AnyIOStream object at 0x0000024B2C51A8F0>
2025-06-23 06:16:18,769 - httpcore.http11 - DEBUG - send_request_headers.started request=<Request [b'POST']>
2025-06-23 06:16:18,769 - httpcore.http11 - DEBUG - send_request_headers.complete
2025-06-23 06:16:18,770 - httpcore.http11 - DEBUG - send_request_body.started request=<Request [b'POST']>
2025-06-23 06:16:18,770 - httpcore.http11 - DEBUG - send_request_body.complete
2025-06-23 06:16:18,770 - httpcore.http11 - DEBUG - receive_response_headers.started request=<Request [b'POST']>
2025-06-23 06:16:28,844 - httpcore.http11 - DEBUG - receive_response_headers.complete return_value=(b'HTTP/1.1', 200, b'OK', [(b'Server', b'nginx/1.18.0'), (b'Date', b'Mon, 23 Jun 2025 05:16:31 GMT'), (b'Content-Type', b'application/json'), (b'Content-Length', b'23'), (b'Connection', b'keep-alive'), (b'Strict-Transport-Security', b'max-age=31536000; includeSubDomains; preload'), (b'Access-Control-Allow-Origin', b'*'), (b'Access-Control-Allow-Methods', b'GET, POST, OPTIONS'), (b'Access-Control-Expose-Headers', b'Content-Length,Content-Type,Date,Server,Connection')])
2025-06-23 06:16:28,844 - httpx - INFO - HTTP Request: POST https://api.telegram.org/bot7707158318:AAE8rWa4Q8Z_3avql6K0HAmXaooZAReoNF0/getUpdates "HTTP/1.1 200 OK"
2025-06-23 06:16:28,846 - httpcore.http11 - DEBUG - receive_response_body.started request=<Request [b'POST']>
2025-06-23 06:16:28,846 - httpcore.http11 - DEBUG - receive_response_body.complete
2025-06-23 06:16:28,846 - httpcore.http11 - DEBUG - response_closed.started
2025-06-23 06:16:28,847 - httpcore.http11 - DEBUG - response_closed.complete
2025-06-23 06:16:28,847 - telegram.ext.ExtBot - DEBUG - No new updates found.
2025-06-23 06:16:28,847 - telegram.ext.ExtBot - DEBUG - ()
2025-06-23 06:16:28,847 - telegram.ext.ExtBot - DEBUG - Exiting: get_updates
2025-06-23 06:16:28,847 - telegram.ext.ExtBot - DEBUG - Entering: get_updates
2025-06-23 06:16:28,849 - httpcore.http11 - DEBUG - send_request_headers.started request=<Request [b'POST']>
2025-06-23 06:16:28,849 - httpcore.http11 - DEBUG - send_request_headers.complete
2025-06-23 06:16:28,849 - httpcore.http11 - DEBUG - send_request_body.started request=<Request [b'POST']>
2025-06-23 06:16:28,851 - httpcore.http11 - DEBUG - send_request_body.complete
2025-06-23 06:16:28,851 - httpcore.http11 - DEBUG - receive_response_headers.started request=<Request [b'POST']>
2025-06-23 06:16:39,009 - httpcore.http11 - DEBUG - receive_response_headers.complete return_value=(b'HTTP/1.1', 200, b'OK', [(b'Server', b'nginx/1.18.0'), (b'Date', b'Mon, 23 Jun 2025 05:16:41 GMT'), (b'Content-Type', b'application/json'), (b'Content-Length', b'23'), (b'Connection', b'keep-alive'), (b'Strict-Transport-Security', b'max-age=31536000; includeSubDomains; preload'), (b'Access-Control-Allow-Origin', b'*'), (b'Access-Control-Allow-Methods', b'GET, POST, OPTIONS'), (b'Access-Control-Expose-Headers', b'Content-Length,Content-Type,Date,Server,Connection')])
2025-06-23 06:16:39,009 - httpx - INFO - HTTP Request: POST https://api.telegram.org/bot7707158318:AAE8rWa4Q8Z_3avql6K0HAmXaooZAReoNF0/getUpdates "HTTP/1.1 200 OK"
2025-06-23 06:16:39,012 - httpcore.http11 - DEBUG - receive_response_body.started request=<Request [b'POST']>
2025-06-23 06:16:39,013 - httpcore.http11 - DEBUG - receive_response_body.complete
2025-06-23 06:16:39,013 - httpcore.http11 - DEBUG - response_closed.started
2025-06-23 06:16:39,013 - httpcore.http11 - DEBUG - response_closed.complete
2025-06-23 06:16:39,013 - telegram.ext.ExtBot - DEBUG - No new updates found.
2025-06-23 06:16:39,013 - telegram.ext.ExtBot - DEBUG - ()
2025-06-23 06:16:39,015 - telegram.ext.ExtBot - DEBUG - Exiting: get_updates
2025-06-23 06:16:39,015 - telegram.ext.ExtBot - DEBUG - Entering: get_updates
2025-06-23 06:16:39,017 - httpcore.http11 - DEBUG - send_request_headers.started request=<Request [b'POST']>
2025-06-23 06:16:39,018 - httpcore.http11 - DEBUG - send_request_headers.complete
2025-06-23 06:16:39,018 - httpcore.http11 - DEBUG - send_request_body.started request=<Request [b'POST']>
2025-06-23 06:16:39,020 - httpcore.http11 - DEBUG - send_request_body.complete
2025-06-23 06:16:39,020 - httpcore.http11 - DEBUG - receive_response_headers.started request=<Request [b'POST']>
2025-06-23 06:16:49,277 - httpcore.http11 - DEBUG - receive_response_headers.complete return_value=(b'HTTP/1.1', 200, b'OK', [(b'Server', b'nginx/1.18.0'), (b'Date', b'Mon, 23 Jun 2025 05:16:51 GMT'), (b'Content-Type', b'application/json'), (b'Content-Length', b'23'), (b'Connection', b'keep-alive'), (b'Strict-Transport-Security', b'max-age=31536000; includeSubDomains; preload'), (b'Access-Control-Allow-Origin', b'*'), (b'Access-Control-Allow-Methods', b'GET, POST, OPTIONS'), (b'Access-Control-Expose-Headers', b'Content-Length,Content-Type,Date,Server,Connection')])
2025-06-23 06:16:49,281 - httpx - INFO - HTTP Request: POST https://api.telegram.org/bot7707158318:AAE8rWa4Q8Z_3avql6K0HAmXaooZAReoNF0/getUpdates "HTTP/1.1 200 OK"
2025-06-23 06:16:49,281 - httpcore.http11 - DEBUG - receive_response_body.started request=<Request [b'POST']>
2025-06-23 06:16:49,281 - httpcore.http11 - DEBUG - receive_response_body.complete
2025-06-23 06:16:49,284 - httpcore.http11 - DEBUG - response_closed.started
2025-06-23 06:16:49,284 - httpcore.http11 - DEBUG - response_closed.complete
2025-06-23 06:16:49,284 - telegram.ext.ExtBot - DEBUG - No new updates found.
2025-06-23 06:16:49,284 - telegram.ext.ExtBot - DEBUG - ()
2025-06-23 06:16:49,284 - telegram.ext.ExtBot - DEBUG - Exiting: get_updates
2025-06-23 06:16:49,284 - telegram.ext.ExtBot - DEBUG - Entering: get_updates
2025-06-23 06:16:49,286 - httpcore.http11 - DEBUG - send_request_headers.started request=<Request [b'POST']>
2025-06-23 06:16:49,288 - httpcore.http11 - DEBUG - send_request_headers.complete
2025-06-23 06:16:49,288 - httpcore.http11 - DEBUG - send_request_body.started request=<Request [b'POST']>
2025-06-23 06:16:49,288 - httpcore.http11 - DEBUG - send_request_body.complete
2025-06-23 06:16:49,288 - httpcore.http11 - DEBUG - receive_response_headers.started request=<Request [b'POST']>
2025-06-23 06:16:59,401 - httpcore.http11 - DEBUG - receive_response_headers.complete return_value=(b'HTTP/1.1', 200, b'OK', [(b'Server', b'nginx/1.18.0'), (b'Date', b'Mon, 23 Jun 2025 05:17:01 GMT'), (b'Content-Type', b'application/json'), (b'Content-Length', b'23'), (b'Connection', b'keep-alive'), (b'Strict-Transport-Security', b'max-age=31536000; includeSubDomains; preload'), (b'Access-Control-Allow-Origin', b'*'), (b'Access-Control-Allow-Methods', b'GET, POST, OPTIONS'), (b'Access-Control-Expose-Headers', b'Content-Length,Content-Type,Date,Server,Connection')])
2025-06-23 06:16:59,401 - httpx - INFO - HTTP Request: POST https://api.telegram.org/bot7707158318:AAE8rWa4Q8Z_3avql6K0HAmXaooZAReoNF0/getUpdates "HTTP/1.1 200 OK"
2025-06-23 06:16:59,404 - httpcore.http11 - DEBUG - receive_response_body.started request=<Request [b'POST']>
2025-06-23 06:16:59,404 - httpcore.http11 - DEBUG - receive_response_body.complete
2025-06-23 06:16:59,404 - httpcore.http11 - DEBUG - response_closed.started
2025-06-23 06:16:59,404 - httpcore.http11 - DEBUG - response_closed.complete
2025-06-23 06:16:59,404 - telegram.ext.ExtBot - DEBUG - No new updates found.
2025-06-23 06:16:59,404 - telegram.ext.ExtBot - DEBUG - ()
2025-06-23 06:16:59,404 - telegram.ext.ExtBot - DEBUG - Exiting: get_updates
2025-06-23 06:16:59,404 - telegram.ext.ExtBot - DEBUG - Entering: get_updates
2025-06-23 06:16:59,407 - httpcore.http11 - DEBUG - send_request_headers.started request=<Request [b'POST']>
2025-06-23 06:16:59,409 - httpcore.http11 - DEBUG - send_request_headers.complete
2025-06-23 06:16:59,409 - httpcore.http11 - DEBUG - send_request_body.started request=<Request [b'POST']>
2025-06-23 06:16:59,409 - httpcore.http11 - DEBUG - send_request_body.complete
2025-06-23 06:16:59,409 - httpcore.http11 - DEBUG - receive_response_headers.started request=<Request [b'POST']>
2025-06-23 06:17:09,758 - httpcore.http11 - DEBUG - receive_response_headers.complete return_value=(b'HTTP/1.1', 200, b'OK', [(b'Server', b'nginx/1.18.0'), (b'Date', b'Mon, 23 Jun 2025 05:17:11 GMT'), (b'Content-Type', b'application/json'), (b'Content-Length', b'23'), (b'Connection', b'keep-alive'), (b'Strict-Transport-Security', b'max-age=31536000; includeSubDomains; preload'), (b'Access-Control-Allow-Origin', b'*'), (b'Access-Control-Allow-Methods', b'GET, POST, OPTIONS'), (b'Access-Control-Expose-Headers', b'Content-Length,Content-Type,Date,Server,Connection')])
2025-06-23 06:17:09,758 - httpx - INFO - HTTP Request: POST https://api.telegram.org/bot7707158318:AAE8rWa4Q8Z_3avql6K0HAmXaooZAReoNF0/getUpdates "HTTP/1.1 200 OK"
2025-06-23 06:17:09,761 - httpcore.http11 - DEBUG - receive_response_body.started request=<Request [b'POST']>
2025-06-23 06:17:09,762 - httpcore.http11 - DEBUG - receive_response_body.complete
2025-06-23 06:17:09,762 - httpcore.http11 - DEBUG - response_closed.started
2025-06-23 06:17:09,762 - httpcore.http11 - DEBUG - response_closed.complete
2025-06-23 06:17:09,763 - telegram.ext.ExtBot - DEBUG - No new updates found.
2025-06-23 06:17:09,763 - telegram.ext.ExtBot - DEBUG - ()
2025-06-23 06:17:09,763 - telegram.ext.ExtBot - DEBUG - Exiting: get_updates
2025-06-23 06:17:09,763 - telegram.ext.ExtBot - DEBUG - Entering: get_updates
2025-06-23 06:17:09,763 - httpcore.http11 - DEBUG - send_request_headers.started request=<Request [b'POST']>
2025-06-23 06:17:09,765 - httpcore.http11 - DEBUG - send_request_headers.complete
2025-06-23 06:17:09,765 - httpcore.http11 - DEBUG - send_request_body.started request=<Request [b'POST']>
2025-06-23 06:17:09,765 - httpcore.http11 - DEBUG - send_request_body.complete
2025-06-23 06:17:09,765 - httpcore.http11 - DEBUG - receive_response_headers.started request=<Request [b'POST']>
2025-06-23 06:17:19,842 - httpcore.http11 - DEBUG - receive_response_headers.complete return_value=(b'HTTP/1.1', 200, b'OK', [(b'Server', b'nginx/1.18.0'), (b'Date', b'Mon, 23 Jun 2025 05:17:22 GMT'), (b'Content-Type', b'application/json'), (b'Content-Length', b'23'), (b'Connection', b'keep-alive'), (b'Strict-Transport-Security', b'max-age=31536000; includeSubDomains; preload'), (b'Access-Control-Allow-Origin', b'*'), (b'Access-Control-Allow-Methods', b'GET, POST, OPTIONS'), (b'Access-Control-Expose-Headers', b'Content-Length,Content-Type,Date,Server,Connection')])
2025-06-23 06:17:19,843 - httpx - INFO - HTTP Request: POST https://api.telegram.org/bot7707158318:AAE8rWa4Q8Z_3avql6K0HAmXaooZAReoNF0/getUpdates "HTTP/1.1 200 OK"
2025-06-23 06:17:19,843 - httpcore.http11 - DEBUG - receive_response_body.started request=<Request [b'POST']>
2025-06-23 06:17:19,843 - httpcore.http11 - DEBUG - receive_response_body.complete
2025-06-23 06:17:19,846 - httpcore.http11 - DEBUG - response_closed.started
2025-06-23 06:17:19,846 - httpcore.http11 - DEBUG - response_closed.complete
2025-06-23 06:17:19,846 - telegram.ext.ExtBot - DEBUG - No new updates found.
2025-06-23 06:17:19,846 - telegram.ext.ExtBot - DEBUG - ()
2025-06-23 06:17:19,846 - telegram.ext.ExtBot - DEBUG - Exiting: get_updates
2025-06-23 06:17:19,846 - telegram.ext.ExtBot - DEBUG - Entering: get_updates
2025-06-23 06:17:19,847 - httpcore.http11 - DEBUG - send_request_headers.started request=<Request [b'POST']>
2025-06-23 06:17:19,847 - httpcore.http11 - DEBUG - send_request_headers.complete
2025-06-23 06:17:19,850 - httpcore.http11 - DEBUG - send_request_body.started request=<Request [b'POST']>
2025-06-23 06:17:19,850 - httpcore.http11 - DEBUG - send_request_body.complete
2025-06-23 06:17:19,850 - httpcore.http11 - DEBUG - receive_response_headers.started request=<Request [b'POST']>
2025-06-23 06:17:30,238 - httpcore.http11 - DEBUG - receive_response_headers.complete return_value=(b'HTTP/1.1', 200, b'OK', [(b'Server', b'nginx/1.18.0'), (b'Date', b'Mon, 23 Jun 2025 05:17:32 GMT'), (b'Content-Type', b'application/json'), (b'Content-Length', b'23'), (b'Connection', b'keep-alive'), (b'Strict-Transport-Security', b'max-age=31536000; includeSubDomains; preload'), (b'Access-Control-Allow-Origin', b'*'), (b'Access-Control-Allow-Methods', b'GET, POST, OPTIONS'), (b'Access-Control-Expose-Headers', b'Content-Length,Content-Type,Date,Server,Connection')])
2025-06-23 06:17:30,238 - httpx - INFO - HTTP Request: POST https://api.telegram.org/bot7707158318:AAE8rWa4Q8Z_3avql6K0HAmXaooZAReoNF0/getUpdates "HTTP/1.1 200 OK"
2025-06-23 06:17:30,241 - httpcore.http11 - DEBUG - receive_response_body.started request=<Request [b'POST']>
2025-06-23 06:17:30,241 - httpcore.http11 - DEBUG - receive_response_body.complete
2025-06-23 06:17:30,241 - httpcore.http11 - DEBUG - response_closed.started
2025-06-23 06:17:30,241 - httpcore.http11 - DEBUG - response_closed.complete
2025-06-23 06:17:30,243 - telegram.ext.ExtBot - DEBUG - No new updates found.
2025-06-23 06:17:30,243 - telegram.ext.ExtBot - DEBUG - ()
2025-06-23 06:17:30,243 - telegram.ext.ExtBot - DEBUG - Exiting: get_updates
2025-06-23 06:17:30,243 - telegram.ext.ExtBot - DEBUG - Entering: get_updates
2025-06-23 06:17:30,243 - httpcore.http11 - DEBUG - send_request_headers.started request=<Request [b'POST']>
2025-06-23 06:17:30,243 - httpcore.http11 - DEBUG - send_request_headers.complete
2025-06-23 06:17:30,243 - httpcore.http11 - DEBUG - send_request_body.started request=<Request [b'POST']>
2025-06-23 06:17:30,243 - httpcore.http11 - DEBUG - send_request_body.complete
2025-06-23 06:17:30,243 - httpcore.http11 - DEBUG - receive_response_headers.started request=<Request [b'POST']>
2025-06-23 06:17:40,477 - httpcore.http11 - DEBUG - receive_response_headers.complete return_value=(b'HTTP/1.1', 200, b'OK', [(b'Server', b'nginx/1.18.0'), (b'Date', b'Mon, 23 Jun 2025 05:17:42 GMT'), (b'Content-Type', b'application/json'), (b'Content-Length', b'23'), (b'Connection', b'keep-alive'), (b'Strict-Transport-Security', b'max-age=31536000; includeSubDomains; preload'), (b'Access-Control-Allow-Origin', b'*'), (b'Access-Control-Allow-Methods', b'GET, POST, OPTIONS'), (b'Access-Control-Expose-Headers', b'Content-Length,Content-Type,Date,Server,Connection')])
2025-06-23 06:17:40,479 - httpx - INFO - HTTP Request: POST https://api.telegram.org/bot7707158318:AAE8rWa4Q8Z_3avql6K0HAmXaooZAReoNF0/getUpdates "HTTP/1.1 200 OK"
2025-06-23 06:17:40,479 - httpcore.http11 - DEBUG - receive_response_body.started request=<Request [b'POST']>
2025-06-23 06:17:40,481 - httpcore.http11 - DEBUG - receive_response_body.complete
2025-06-23 06:17:40,481 - httpcore.http11 - DEBUG - response_closed.started
2025-06-23 06:17:40,481 - httpcore.http11 - DEBUG - response_closed.complete
2025-06-23 06:17:40,481 - telegram.ext.ExtBot - DEBUG - No new updates found.
2025-06-23 06:17:40,481 - telegram.ext.ExtBot - DEBUG - ()
2025-06-23 06:17:40,481 - telegram.ext.ExtBot - DEBUG - Exiting: get_updates
2025-06-23 06:17:40,481 - telegram.ext.ExtBot - DEBUG - Entering: get_updates
2025-06-23 06:17:40,481 - httpcore.http11 - DEBUG - send_request_headers.started request=<Request [b'POST']>
2025-06-23 06:17:40,485 - httpcore.http11 - DEBUG - send_request_headers.complete
2025-06-23 06:17:40,485 - httpcore.http11 - DEBUG - send_request_body.started request=<Request [b'POST']>
2025-06-23 06:17:40,485 - httpcore.http11 - DEBUG - send_request_body.complete
2025-06-23 06:17:40,485 - httpcore.http11 - DEBUG - receive_response_headers.started request=<Request [b'POST']>
2025-06-23 06:17:50,720 - httpcore.http11 - DEBUG - receive_response_headers.complete return_value=(b'HTTP/1.1', 200, b'OK', [(b'Server', b'nginx/1.18.0'), (b'Date', b'Mon, 23 Jun 2025 05:17:52 GMT'), (b'Content-Type', b'application/json'), (b'Content-Length', b'23'), (b'Connection', b'keep-alive'), (b'Strict-Transport-Security', b'max-age=31536000; includeSubDomains; preload'), (b'Access-Control-Allow-Origin', b'*'), (b'Access-Control-Allow-Methods', b'GET, POST, OPTIONS'), (b'Access-Control-Expose-Headers', b'Content-Length,Content-Type,Date,Server,Connection')])
2025-06-23 06:17:50,721 - httpx - INFO - HTTP Request: POST https://api.telegram.org/bot7707158318:AAE8rWa4Q8Z_3avql6K0HAmXaooZAReoNF0/getUpdates "HTTP/1.1 200 OK"
2025-06-23 06:17:50,723 - httpcore.http11 - DEBUG - receive_response_body.started request=<Request [b'POST']>
2025-06-23 06:17:50,723 - httpcore.http11 - DEBUG - receive_response_body.complete
2025-06-23 06:17:50,723 - httpcore.http11 - DEBUG - response_closed.started
2025-06-23 06:17:50,723 - httpcore.http11 - DEBUG - response_closed.complete
2025-06-23 06:17:50,725 - telegram.ext.ExtBot - DEBUG - No new updates found.
2025-06-23 06:17:50,725 - telegram.ext.ExtBot - DEBUG - ()
2025-06-23 06:17:50,725 - telegram.ext.ExtBot - DEBUG - Exiting: get_updates
2025-06-23 06:17:50,725 - telegram.ext.ExtBot - DEBUG - Entering: get_updates
2025-06-23 06:17:50,725 - httpcore.http11 - DEBUG - send_request_headers.started request=<Request [b'POST']>
2025-06-23 06:17:50,728 - httpcore.http11 - DEBUG - send_request_headers.complete
2025-06-23 06:17:50,728 - httpcore.http11 - DEBUG - send_request_body.started request=<Request [b'POST']>
2025-06-23 06:17:50,728 - httpcore.http11 - DEBUG - send_request_body.complete
2025-06-23 06:17:50,728 - httpcore.http11 - DEBUG - receive_response_headers.started request=<Request [b'POST']>
2025-06-23 06:18:00,959 - httpcore.http11 - DEBUG - receive_response_headers.complete return_value=(b'HTTP/1.1', 200, b'OK', [(b'Server', b'nginx/1.18.0'), (b'Date', b'Mon, 23 Jun 2025 05:18:03 GMT'), (b'Content-Type', b'application/json'), (b'Content-Length', b'23'), (b'Connection', b'keep-alive'), (b'Strict-Transport-Security', b'max-age=31536000; includeSubDomains; preload'), (b'Access-Control-Allow-Origin', b'*'), (b'Access-Control-Allow-Methods', b'GET, POST, OPTIONS'), (b'Access-Control-Expose-Headers', b'Content-Length,Content-Type,Date,Server,Connection')])
2025-06-23 06:18:00,961 - httpx - INFO - HTTP Request: POST https://api.telegram.org/bot7707158318:AAE8rWa4Q8Z_3avql6K0HAmXaooZAReoNF0/getUpdates "HTTP/1.1 200 OK"
2025-06-23 06:18:00,963 - httpcore.http11 - DEBUG - receive_response_body.started request=<Request [b'POST']>
2025-06-23 06:18:00,963 - httpcore.http11 - DEBUG - receive_response_body.complete
2025-06-23 06:18:00,963 - httpcore.http11 - DEBUG - response_closed.started
2025-06-23 06:18:00,964 - httpcore.http11 - DEBUG - response_closed.complete
2025-06-23 06:18:00,965 - telegram.ext.ExtBot - DEBUG - No new updates found.
2025-06-23 06:18:00,965 - telegram.ext.ExtBot - DEBUG - ()
2025-06-23 06:18:00,965 - telegram.ext.ExtBot - DEBUG - Exiting: get_updates
2025-06-23 06:18:00,965 - telegram.ext.ExtBot - DEBUG - Entering: get_updates
2025-06-23 06:18:00,965 - httpcore.http11 - DEBUG - send_request_headers.started request=<Request [b'POST']>
2025-06-23 06:18:00,969 - httpcore.http11 - DEBUG - send_request_headers.complete
2025-06-23 06:18:00,969 - httpcore.http11 - DEBUG - send_request_body.started request=<Request [b'POST']>
2025-06-23 06:18:00,970 - httpcore.http11 - DEBUG - send_request_body.complete
2025-06-23 06:18:00,970 - httpcore.http11 - DEBUG - receive_response_headers.started request=<Request [b'POST']>
2025-06-23 06:18:11,201 - httpcore.http11 - DEBUG - receive_response_headers.complete return_value=(b'HTTP/1.1', 200, b'OK', [(b'Server', b'nginx/1.18.0'), (b'Date', b'Mon, 23 Jun 2025 05:18:13 GMT'), (b'Content-Type', b'application/json'), (b'Content-Length', b'23'), (b'Connection', b'keep-alive'), (b'Strict-Transport-Security', b'max-age=31536000; includeSubDomains; preload'), (b'Access-Control-Allow-Origin', b'*'), (b'Access-Control-Allow-Methods', b'GET, POST, OPTIONS'), (b'Access-Control-Expose-Headers', b'Content-Length,Content-Type,Date,Server,Connection')])
2025-06-23 06:18:11,201 - httpx - INFO - HTTP Request: POST https://api.telegram.org/bot7707158318:AAE8rWa4Q8Z_3avql6K0HAmXaooZAReoNF0/getUpdates "HTTP/1.1 200 OK"
2025-06-23 06:18:11,201 - httpcore.http11 - DEBUG - receive_response_body.started request=<Request [b'POST']>
2025-06-23 06:18:11,201 - httpcore.http11 - DEBUG - receive_response_body.complete
2025-06-23 06:18:11,201 - httpcore.http11 - DEBUG - response_closed.started
2025-06-23 06:18:11,204 - httpcore.http11 - DEBUG - response_closed.complete
2025-06-23 06:18:11,204 - telegram.ext.ExtBot - DEBUG - No new updates found.
2025-06-23 06:18:11,204 - telegram.ext.ExtBot - DEBUG - ()
2025-06-23 06:18:11,204 - telegram.ext.ExtBot - DEBUG - Exiting: get_updates
2025-06-23 06:18:11,204 - telegram.ext.ExtBot - DEBUG - Entering: get_updates
2025-06-23 06:18:11,204 - httpcore.http11 - DEBUG - send_request_headers.started request=<Request [b'POST']>
2025-06-23 06:18:11,208 - httpcore.http11 - DEBUG - send_request_headers.complete
2025-06-23 06:18:11,208 - httpcore.http11 - DEBUG - send_request_body.started request=<Request [b'POST']>
2025-06-23 06:18:11,208 - httpcore.http11 - DEBUG - send_request_body.complete
2025-06-23 06:18:11,208 - httpcore.http11 - DEBUG - receive_response_headers.started request=<Request [b'POST']>
2025-06-23 06:18:21,437 - httpcore.http11 - DEBUG - receive_response_headers.complete return_value=(b'HTTP/1.1', 200, b'OK', [(b'Server', b'nginx/1.18.0'), (b'Date', b'Mon, 23 Jun 2025 05:18:23 GMT'), (b'Content-Type', b'application/json'), (b'Content-Length', b'23'), (b'Connection', b'keep-alive'), (b'Strict-Transport-Security', b'max-age=31536000; includeSubDomains; preload'), (b'Access-Control-Allow-Origin', b'*'), (b'Access-Control-Allow-Methods', b'GET, POST, OPTIONS'), (b'Access-Control-Expose-Headers', b'Content-Length,Content-Type,Date,Server,Connection')])
2025-06-23 06:18:21,440 - httpx - INFO - HTTP Request: POST https://api.telegram.org/bot7707158318:AAE8rWa4Q8Z_3avql6K0HAmXaooZAReoNF0/getUpdates "HTTP/1.1 200 OK"
2025-06-23 06:18:21,440 - httpcore.http11 - DEBUG - receive_response_body.started request=<Request [b'POST']>
2025-06-23 06:18:21,441 - httpcore.http11 - DEBUG - receive_response_body.complete
2025-06-23 06:18:21,441 - httpcore.http11 - DEBUG - response_closed.started
2025-06-23 06:18:21,442 - httpcore.http11 - DEBUG - response_closed.complete
2025-06-23 06:18:21,442 - telegram.ext.ExtBot - DEBUG - No new updates found.
2025-06-23 06:18:21,442 - telegram.ext.ExtBot - DEBUG - ()
2025-06-23 06:18:21,442 - telegram.ext.ExtBot - DEBUG - Exiting: get_updates
2025-06-23 06:18:21,443 - telegram.ext.ExtBot - DEBUG - Entering: get_updates
2025-06-23 06:18:21,443 - httpcore.http11 - DEBUG - send_request_headers.started request=<Request [b'POST']>
2025-06-23 06:18:21,443 - httpcore.http11 - DEBUG - send_request_headers.complete
2025-06-23 06:18:21,443 - httpcore.http11 - DEBUG - send_request_body.started request=<Request [b'POST']>
2025-06-23 06:18:21,443 - httpcore.http11 - DEBUG - send_request_body.complete
2025-06-23 06:18:21,443 - httpcore.http11 - DEBUG - receive_response_headers.started request=<Request [b'POST']>
2025-06-23 06:18:31,678 - httpcore.http11 - DEBUG - receive_response_headers.complete return_value=(b'HTTP/1.1', 200, b'OK', [(b'Server', b'nginx/1.18.0'), (b'Date', b'Mon, 23 Jun 2025 05:18:33 GMT'), (b'Content-Type', b'application/json'), (b'Content-Length', b'23'), (b'Connection', b'keep-alive'), (b'Strict-Transport-Security', b'max-age=31536000; includeSubDomains; preload'), (b'Access-Control-Allow-Origin', b'*'), (b'Access-Control-Allow-Methods', b'GET, POST, OPTIONS'), (b'Access-Control-Expose-Headers', b'Content-Length,Content-Type,Date,Server,Connection')])
2025-06-23 06:18:31,680 - httpx - INFO - HTTP Request: POST https://api.telegram.org/bot7707158318:AAE8rWa4Q8Z_3avql6K0HAmXaooZAReoNF0/getUpdates "HTTP/1.1 200 OK"
2025-06-23 06:18:31,682 - httpcore.http11 - DEBUG - receive_response_body.started request=<Request [b'POST']>
2025-06-23 06:18:31,682 - httpcore.http11 - DEBUG - receive_response_body.complete
2025-06-23 06:18:31,682 - httpcore.http11 - DEBUG - response_closed.started
2025-06-23 06:18:31,682 - httpcore.http11 - DEBUG - response_closed.complete
2025-06-23 06:18:31,684 - telegram.ext.ExtBot - DEBUG - No new updates found.
2025-06-23 06:18:31,684 - telegram.ext.ExtBot - DEBUG - ()
2025-06-23 06:18:31,684 - telegram.ext.ExtBot - DEBUG - Exiting: get_updates
2025-06-23 06:18:31,684 - telegram.ext.ExtBot - DEBUG - Entering: get_updates
2025-06-23 06:18:31,686 - httpcore.http11 - DEBUG - send_request_headers.started request=<Request [b'POST']>
2025-06-23 06:18:31,686 - httpcore.http11 - DEBUG - send_request_headers.complete
2025-06-23 06:18:31,686 - httpcore.http11 - DEBUG - send_request_body.started request=<Request [b'POST']>
2025-06-23 06:18:31,688 - httpcore.http11 - DEBUG - send_request_body.complete
2025-06-23 06:18:31,688 - httpcore.http11 - DEBUG - receive_response_headers.started request=<Request [b'POST']>
2025-06-23 06:18:41,768 - httpcore.http11 - DEBUG - receive_response_headers.complete return_value=(b'HTTP/1.1', 200, b'OK', [(b'Server', b'nginx/1.18.0'), (b'Date', b'Mon, 23 Jun 2025 05:18:44 GMT'), (b'Content-Type', b'application/json'), (b'Content-Length', b'23'), (b'Connection', b'keep-alive'), (b'Strict-Transport-Security', b'max-age=31536000; includeSubDomains; preload'), (b'Access-Control-Allow-Origin', b'*'), (b'Access-Control-Allow-Methods', b'GET, POST, OPTIONS'), (b'Access-Control-Expose-Headers', b'Content-Length,Content-Type,Date,Server,Connection')])
2025-06-23 06:18:41,769 - httpx - INFO - HTTP Request: POST https://api.telegram.org/bot7707158318:AAE8rWa4Q8Z_3avql6K0HAmXaooZAReoNF0/getUpdates "HTTP/1.1 200 OK"
2025-06-23 06:18:41,770 - httpcore.http11 - DEBUG - receive_response_body.started request=<Request [b'POST']>
2025-06-23 06:18:41,770 - httpcore.http11 - DEBUG - receive_response_body.complete
2025-06-23 06:18:41,772 - httpcore.http11 - DEBUG - response_closed.started
2025-06-23 06:18:41,772 - httpcore.http11 - DEBUG - response_closed.complete
2025-06-23 06:18:41,772 - telegram.ext.ExtBot - DEBUG - No new updates found.
2025-06-23 06:18:41,773 - telegram.ext.ExtBot - DEBUG - ()
2025-06-23 06:18:41,773 - telegram.ext.ExtBot - DEBUG - Exiting: get_updates
2025-06-23 06:18:41,773 - telegram.ext.ExtBot - DEBUG - Entering: get_updates
2025-06-23 06:18:41,774 - httpcore.http11 - DEBUG - send_request_headers.started request=<Request [b'POST']>
2025-06-23 06:18:41,776 - httpcore.http11 - DEBUG - send_request_headers.complete
2025-06-23 06:18:41,776 - httpcore.http11 - DEBUG - send_request_body.started request=<Request [b'POST']>
2025-06-23 06:18:41,776 - httpcore.http11 - DEBUG - send_request_body.complete
2025-06-23 06:18:41,776 - httpcore.http11 - DEBUG - receive_response_headers.started request=<Request [b'POST']>
2025-06-23 06:18:52,158 - httpcore.http11 - DEBUG - receive_response_headers.complete return_value=(b'HTTP/1.1', 200, b'OK', [(b'Server', b'nginx/1.18.0'), (b'Date', b'Mon, 23 Jun 2025 05:18:54 GMT'), (b'Content-Type', b'application/json'), (b'Content-Length', b'23'), (b'Connection', b'keep-alive'), (b'Strict-Transport-Security', b'max-age=31536000; includeSubDomains; preload'), (b'Access-Control-Allow-Origin', b'*'), (b'Access-Control-Allow-Methods', b'GET, POST, OPTIONS'), (b'Access-Control-Expose-Headers', b'Content-Length,Content-Type,Date,Server,Connection')])
2025-06-23 06:18:52,158 - httpx - INFO - HTTP Request: POST https://api.telegram.org/bot7707158318:AAE8rWa4Q8Z_3avql6K0HAmXaooZAReoNF0/getUpdates "HTTP/1.1 200 OK"
2025-06-23 06:18:52,158 - httpcore.http11 - DEBUG - receive_response_body.started request=<Request [b'POST']>
2025-06-23 06:18:52,158 - httpcore.http11 - DEBUG - receive_response_body.complete
2025-06-23 06:18:52,158 - httpcore.http11 - DEBUG - response_closed.started
2025-06-23 06:18:52,158 - httpcore.http11 - DEBUG - response_closed.complete
2025-06-23 06:18:52,158 - telegram.ext.ExtBot - DEBUG - No new updates found.
2025-06-23 06:18:52,158 - telegram.ext.ExtBot - DEBUG - ()
2025-06-23 06:18:52,158 - telegram.ext.ExtBot - DEBUG - Exiting: get_updates
2025-06-23 06:18:52,158 - telegram.ext.ExtBot - DEBUG - Entering: get_updates
2025-06-23 06:18:52,161 - httpcore.http11 - DEBUG - send_request_headers.started request=<Request [b'POST']>
2025-06-23 06:18:52,161 - httpcore.http11 - DEBUG - send_request_headers.complete
2025-06-23 06:18:52,161 - httpcore.http11 - DEBUG - send_request_body.started request=<Request [b'POST']>
2025-06-23 06:18:52,162 - httpcore.http11 - DEBUG - send_request_body.complete
2025-06-23 06:18:52,162 - httpcore.http11 - DEBUG - receive_response_headers.started request=<Request [b'POST']>
2025-06-23 06:19:02,375 - httpcore.http11 - DEBUG - receive_response_headers.complete return_value=(b'HTTP/1.1', 200, b'OK', [(b'Server', b'nginx/1.18.0'), (b'Date', b'Mon, 23 Jun 2025 05:19:04 GMT'), (b'Content-Type', b'application/json'), (b'Content-Length', b'23'), (b'Connection', b'keep-alive'), (b'Strict-Transport-Security', b'max-age=31536000; includeSubDomains; preload'), (b'Access-Control-Allow-Origin', b'*'), (b'Access-Control-Allow-Methods', b'GET, POST, OPTIONS'), (b'Access-Control-Expose-Headers', b'Content-Length,Content-Type,Date,Server,Connection')])
2025-06-23 06:19:02,377 - httpx - INFO - HTTP Request: POST https://api.telegram.org/bot7707158318:AAE8rWa4Q8Z_3avql6K0HAmXaooZAReoNF0/getUpdates "HTTP/1.1 200 OK"
2025-06-23 06:19:02,377 - httpcore.http11 - DEBUG - receive_response_body.started request=<Request [b'POST']>
2025-06-23 06:19:02,377 - httpcore.http11 - DEBUG - receive_response_body.complete
2025-06-23 06:19:02,377 - httpcore.http11 - DEBUG - response_closed.started
2025-06-23 06:19:02,377 - httpcore.http11 - DEBUG - response_closed.complete
2025-06-23 06:19:02,377 - telegram.ext.ExtBot - DEBUG - No new updates found.
2025-06-23 06:19:02,377 - telegram.ext.ExtBot - DEBUG - ()
2025-06-23 06:19:02,377 - telegram.ext.ExtBot - DEBUG - Exiting: get_updates
2025-06-23 06:19:02,377 - telegram.ext.ExtBot - DEBUG - Entering: get_updates
2025-06-23 06:19:02,379 - httpcore.http11 - DEBUG - send_request_headers.started request=<Request [b'POST']>
2025-06-23 06:19:02,379 - httpcore.http11 - DEBUG - send_request_headers.complete
2025-06-23 06:19:02,379 - httpcore.http11 - DEBUG - send_request_body.started request=<Request [b'POST']>
2025-06-23 06:19:02,379 - httpcore.http11 - DEBUG - send_request_body.complete
2025-06-23 06:19:02,379 - httpcore.http11 - DEBUG - receive_response_headers.started request=<Request [b'POST']>
2025-06-23 06:19:12,637 - httpcore.http11 - DEBUG - receive_response_headers.complete return_value=(b'HTTP/1.1', 200, b'OK', [(b'Server', b'nginx/1.18.0'), (b'Date', b'Mon, 23 Jun 2025 05:19:14 GMT'), (b'Content-Type', b'application/json'), (b'Content-Length', b'23'), (b'Connection', b'keep-alive'), (b'Strict-Transport-Security', b'max-age=31536000; includeSubDomains; preload'), (b'Access-Control-Allow-Origin', b'*'), (b'Access-Control-Allow-Methods', b'GET, POST, OPTIONS'), (b'Access-Control-Expose-Headers', b'Content-Length,Content-Type,Date,Server,Connection')])
2025-06-23 06:19:12,637 - httpx - INFO - HTTP Request: POST https://api.telegram.org/bot7707158318:AAE8rWa4Q8Z_3avql6K0HAmXaooZAReoNF0/getUpdates "HTTP/1.1 200 OK"
2025-06-23 06:19:12,637 - httpcore.http11 - DEBUG - receive_response_body.started request=<Request [b'POST']>
2025-06-23 06:19:12,637 - httpcore.http11 - DEBUG - receive_response_body.complete
2025-06-23 06:19:12,637 - httpcore.http11 - DEBUG - response_closed.started
2025-06-23 06:19:12,637 - httpcore.http11 - DEBUG - response_closed.complete
2025-06-23 06:19:12,641 - telegram.ext.ExtBot - DEBUG - No new updates found.
2025-06-23 06:19:12,641 - telegram.ext.ExtBot - DEBUG - ()
2025-06-23 06:19:12,641 - telegram.ext.ExtBot - DEBUG - Exiting: get_updates
2025-06-23 06:19:12,641 - telegram.ext.ExtBot - DEBUG - Entering: get_updates
2025-06-23 06:19:12,643 - httpcore.http11 - DEBUG - send_request_headers.started request=<Request [b'POST']>
2025-06-23 06:19:12,643 - httpcore.http11 - DEBUG - send_request_headers.complete
2025-06-23 06:19:12,643 - httpcore.http11 - DEBUG - send_request_body.started request=<Request [b'POST']>
2025-06-23 06:19:12,643 - httpcore.http11 - DEBUG - send_request_body.complete
2025-06-23 06:19:12,643 - httpcore.http11 - DEBUG - receive_response_headers.started request=<Request [b'POST']>
2025-06-23 06:19:22,877 - httpcore.http11 - DEBUG - receive_response_headers.complete return_value=(b'HTTP/1.1', 200, b'OK', [(b'Server', b'nginx/1.18.0'), (b'Date', b'Mon, 23 Jun 2025 05:19:25 GMT'), (b'Content-Type', b'application/json'), (b'Content-Length', b'23'), (b'Connection', b'keep-alive'), (b'Strict-Transport-Security', b'max-age=31536000; includeSubDomains; preload'), (b'Access-Control-Allow-Origin', b'*'), (b'Access-Control-Allow-Methods', b'GET, POST, OPTIONS'), (b'Access-Control-Expose-Headers', b'Content-Length,Content-Type,Date,Server,Connection')])
2025-06-23 06:19:22,877 - httpx - INFO - HTTP Request: POST https://api.telegram.org/bot7707158318:AAE8rWa4Q8Z_3avql6K0HAmXaooZAReoNF0/getUpdates "HTTP/1.1 200 OK"
2025-06-23 06:19:22,882 - httpcore.http11 - DEBUG - receive_response_body.started request=<Request [b'POST']>
2025-06-23 06:19:22,882 - httpcore.http11 - DEBUG - receive_response_body.complete
2025-06-23 06:19:22,882 - httpcore.http11 - DEBUG - response_closed.started
2025-06-23 06:19:22,882 - httpcore.http11 - DEBUG - response_closed.complete
2025-06-23 06:19:22,884 - telegram.ext.ExtBot - DEBUG - No new updates found.
2025-06-23 06:19:22,884 - telegram.ext.ExtBot - DEBUG - ()
2025-06-23 06:19:22,884 - telegram.ext.ExtBot - DEBUG - Exiting: get_updates
2025-06-23 06:19:22,884 - telegram.ext.ExtBot - DEBUG - Entering: get_updates
2025-06-23 06:19:22,886 - httpcore.http11 - DEBUG - send_request_headers.started request=<Request [b'POST']>
2025-06-23 06:19:22,886 - httpcore.http11 - DEBUG - send_request_headers.complete
2025-06-23 06:19:22,886 - httpcore.http11 - DEBUG - send_request_body.started request=<Request [b'POST']>
2025-06-23 06:19:22,888 - httpcore.http11 - DEBUG - send_request_body.complete
2025-06-23 06:19:22,888 - httpcore.http11 - DEBUG - receive_response_headers.started request=<Request [b'POST']>
2025-06-23 06:19:33,117 - httpcore.http11 - DEBUG - receive_response_headers.complete return_value=(b'HTTP/1.1', 200, b'OK', [(b'Server', b'nginx/1.18.0'), (b'Date', b'Mon, 23 Jun 2025 05:19:35 GMT'), (b'Content-Type', b'application/json'), (b'Content-Length', b'23'), (b'Connection', b'keep-alive'), (b'Strict-Transport-Security', b'max-age=31536000; includeSubDomains; preload'), (b'Access-Control-Allow-Origin', b'*'), (b'Access-Control-Allow-Methods', b'GET, POST, OPTIONS'), (b'Access-Control-Expose-Headers', b'Content-Length,Content-Type,Date,Server,Connection')])
2025-06-23 06:19:33,119 - httpx - INFO - HTTP Request: POST https://api.telegram.org/bot7707158318:AAE8rWa4Q8Z_3avql6K0HAmXaooZAReoNF0/getUpdates "HTTP/1.1 200 OK"
2025-06-23 06:19:33,119 - httpcore.http11 - DEBUG - receive_response_body.started request=<Request [b'POST']>
2025-06-23 06:19:33,121 - httpcore.http11 - DEBUG - receive_response_body.complete
2025-06-23 06:19:33,121 - httpcore.http11 - DEBUG - response_closed.started
2025-06-23 06:19:33,121 - httpcore.http11 - DEBUG - response_closed.complete
2025-06-23 06:19:33,121 - telegram.ext.ExtBot - DEBUG - No new updates found.
2025-06-23 06:19:33,121 - telegram.ext.ExtBot - DEBUG - ()
2025-06-23 06:19:33,121 - telegram.ext.ExtBot - DEBUG - Exiting: get_updates
2025-06-23 06:19:33,121 - telegram.ext.ExtBot - DEBUG - Entering: get_updates
2025-06-23 06:19:33,123 - httpcore.http11 - DEBUG - send_request_headers.started request=<Request [b'POST']>
2025-06-23 06:19:33,125 - httpcore.http11 - DEBUG - send_request_headers.complete
2025-06-23 06:19:33,125 - httpcore.http11 - DEBUG - send_request_body.started request=<Request [b'POST']>
2025-06-23 06:19:33,125 - httpcore.http11 - DEBUG - send_request_body.complete
2025-06-23 06:19:33,125 - httpcore.http11 - DEBUG - receive_response_headers.started request=<Request [b'POST']>
2025-06-23 06:19:43,204 - httpcore.http11 - DEBUG - receive_response_headers.complete return_value=(b'HTTP/1.1', 200, b'OK', [(b'Server', b'nginx/1.18.0'), (b'Date', b'Mon, 23 Jun 2025 05:19:45 GMT'), (b'Content-Type', b'application/json'), (b'Content-Length', b'23'), (b'Connection', b'keep-alive'), (b'Strict-Transport-Security', b'max-age=31536000; includeSubDomains; preload'), (b'Access-Control-Allow-Origin', b'*'), (b'Access-Control-Allow-Methods', b'GET, POST, OPTIONS'), (b'Access-Control-Expose-Headers', b'Content-Length,Content-Type,Date,Server,Connection')])
2025-06-23 06:19:43,208 - httpx - INFO - HTTP Request: POST https://api.telegram.org/bot7707158318:AAE8rWa4Q8Z_3avql6K0HAmXaooZAReoNF0/getUpdates "HTTP/1.1 200 OK"
2025-06-23 06:19:43,208 - httpcore.http11 - DEBUG - receive_response_body.started request=<Request [b'POST']>
2025-06-23 06:19:43,208 - httpcore.http11 - DEBUG - receive_response_body.complete
2025-06-23 06:19:43,211 - httpcore.http11 - DEBUG - response_closed.started
2025-06-23 06:19:43,211 - httpcore.http11 - DEBUG - response_closed.complete
2025-06-23 06:19:43,211 - telegram.ext.ExtBot - DEBUG - No new updates found.
2025-06-23 06:19:43,211 - telegram.ext.ExtBot - DEBUG - ()
2025-06-23 06:19:43,211 - telegram.ext.ExtBot - DEBUG - Exiting: get_updates
2025-06-23 06:19:43,211 - telegram.ext.ExtBot - DEBUG - Entering: get_updates
2025-06-23 06:19:43,214 - httpcore.http11 - DEBUG - send_request_headers.started request=<Request [b'POST']>
2025-06-23 06:19:43,214 - httpcore.http11 - DEBUG - send_request_headers.complete
2025-06-23 06:19:43,215 - httpcore.http11 - DEBUG - send_request_body.started request=<Request [b'POST']>
2025-06-23 06:19:43,215 - httpcore.http11 - DEBUG - send_request_body.complete
2025-06-23 06:19:43,215 - httpcore.http11 - DEBUG - receive_response_headers.started request=<Request [b'POST']>
2025-06-23 06:19:53,599 - httpcore.http11 - DEBUG - receive_response_headers.complete return_value=(b'HTTP/1.1', 200, b'OK', [(b'Server', b'nginx/1.18.0'), (b'Date', b'Mon, 23 Jun 2025 05:19:55 GMT'), (b'Content-Type', b'application/json'), (b'Content-Length', b'23'), (b'Connection', b'keep-alive'), (b'Strict-Transport-Security', b'max-age=31536000; includeSubDomains; preload'), (b'Access-Control-Allow-Origin', b'*'), (b'Access-Control-Allow-Methods', b'GET, POST, OPTIONS'), (b'Access-Control-Expose-Headers', b'Content-Length,Content-Type,Date,Server,Connection')])
2025-06-23 06:19:53,600 - httpx - INFO - HTTP Request: POST https://api.telegram.org/bot7707158318:AAE8rWa4Q8Z_3avql6K0HAmXaooZAReoNF0/getUpdates "HTTP/1.1 200 OK"
2025-06-23 06:19:53,601 - httpcore.http11 - DEBUG - receive_response_body.started request=<Request [b'POST']>
2025-06-23 06:19:53,601 - httpcore.http11 - DEBUG - receive_response_body.complete
2025-06-23 06:19:53,602 - httpcore.http11 - DEBUG - response_closed.started
2025-06-23 06:19:53,602 - httpcore.http11 - DEBUG - response_closed.complete
2025-06-23 06:19:53,602 - telegram.ext.ExtBot - DEBUG - No new updates found.
2025-06-23 06:19:53,602 - telegram.ext.ExtBot - DEBUG - ()
2025-06-23 06:19:53,602 - telegram.ext.ExtBot - DEBUG - Exiting: get_updates
2025-06-23 06:19:53,602 - telegram.ext.ExtBot - DEBUG - Entering: get_updates
2025-06-23 06:19:53,605 - httpcore.http11 - DEBUG - send_request_headers.started request=<Request [b'POST']>
2025-06-23 06:19:53,606 - httpcore.http11 - DEBUG - send_request_headers.complete
2025-06-23 06:19:53,606 - httpcore.http11 - DEBUG - send_request_body.started request=<Request [b'POST']>
2025-06-23 06:19:53,608 - httpcore.http11 - DEBUG - send_request_body.complete
2025-06-23 06:19:53,608 - httpcore.http11 - DEBUG - receive_response_headers.started request=<Request [b'POST']>
2025-06-23 06:20:03,841 - httpcore.http11 - DEBUG - receive_response_headers.complete return_value=(b'HTTP/1.1', 200, b'OK', [(b'Server', b'nginx/1.18.0'), (b'Date', b'Mon, 23 Jun 2025 05:20:06 GMT'), (b'Content-Type', b'application/json'), (b'Content-Length', b'23'), (b'Connection', b'keep-alive'), (b'Strict-Transport-Security', b'max-age=31536000; includeSubDomains; preload'), (b'Access-Control-Allow-Origin', b'*'), (b'Access-Control-Allow-Methods', b'GET, POST, OPTIONS'), (b'Access-Control-Expose-Headers', b'Content-Length,Content-Type,Date,Server,Connection')])
2025-06-23 06:20:03,842 - httpx - INFO - HTTP Request: POST https://api.telegram.org/bot7707158318:AAE8rWa4Q8Z_3avql6K0HAmXaooZAReoNF0/getUpdates "HTTP/1.1 200 OK"
2025-06-23 06:20:03,843 - httpcore.http11 - DEBUG - receive_response_body.started request=<Request [b'POST']>
2025-06-23 06:20:03,843 - httpcore.http11 - DEBUG - receive_response_body.complete
2025-06-23 06:20:03,843 - httpcore.http11 - DEBUG - response_closed.started
2025-06-23 06:20:03,843 - httpcore.http11 - DEBUG - response_closed.complete
2025-06-23 06:20:03,844 - telegram.ext.ExtBot - DEBUG - No new updates found.
2025-06-23 06:20:03,844 - telegram.ext.ExtBot - DEBUG - ()
2025-06-23 06:20:03,844 - telegram.ext.ExtBot - DEBUG - Exiting: get_updates
2025-06-23 06:20:03,844 - telegram.ext.ExtBot - DEBUG - Entering: get_updates
2025-06-23 06:20:03,846 - httpcore.http11 - DEBUG - send_request_headers.started request=<Request [b'POST']>
2025-06-23 06:20:03,847 - httpcore.http11 - DEBUG - send_request_headers.complete
2025-06-23 06:20:03,847 - httpcore.http11 - DEBUG - send_request_body.started request=<Request [b'POST']>
2025-06-23 06:20:03,847 - httpcore.http11 - DEBUG - send_request_body.complete
2025-06-23 06:20:03,848 - httpcore.http11 - DEBUG - receive_response_headers.started request=<Request [b'POST']>
2025-06-23 06:20:14,078 - httpcore.http11 - DEBUG - receive_response_headers.complete return_value=(b'HTTP/1.1', 200, b'OK', [(b'Server', b'nginx/1.18.0'), (b'Date', b'Mon, 23 Jun 2025 05:20:16 GMT'), (b'Content-Type', b'application/json'), (b'Content-Length', b'23'), (b'Connection', b'keep-alive'), (b'Strict-Transport-Security', b'max-age=31536000; includeSubDomains; preload'), (b'Access-Control-Allow-Origin', b'*'), (b'Access-Control-Allow-Methods', b'GET, POST, OPTIONS'), (b'Access-Control-Expose-Headers', b'Content-Length,Content-Type,Date,Server,Connection')])
2025-06-23 06:20:14,079 - httpx - INFO - HTTP Request: POST https://api.telegram.org/bot7707158318:AAE8rWa4Q8Z_3avql6K0HAmXaooZAReoNF0/getUpdates "HTTP/1.1 200 OK"
2025-06-23 06:20:14,079 - httpcore.http11 - DEBUG - receive_response_body.started request=<Request [b'POST']>
2025-06-23 06:20:14,082 - httpcore.http11 - DEBUG - receive_response_body.complete
2025-06-23 06:20:14,082 - httpcore.http11 - DEBUG - response_closed.started
2025-06-23 06:20:14,082 - httpcore.http11 - DEBUG - response_closed.complete
2025-06-23 06:20:14,082 - telegram.ext.ExtBot - DEBUG - No new updates found.
2025-06-23 06:20:14,082 - telegram.ext.ExtBot - DEBUG - ()
2025-06-23 06:20:14,082 - telegram.ext.ExtBot - DEBUG - Exiting: get_updates
2025-06-23 06:20:14,082 - telegram.ext.ExtBot - DEBUG - Entering: get_updates
2025-06-23 06:20:14,084 - httpcore.http11 - DEBUG - send_request_headers.started request=<Request [b'POST']>
2025-06-23 06:20:14,086 - httpcore.http11 - DEBUG - send_request_headers.complete
2025-06-23 06:20:14,086 - httpcore.http11 - DEBUG - send_request_body.started request=<Request [b'POST']>
2025-06-23 06:20:14,086 - httpcore.http11 - DEBUG - send_request_body.complete
2025-06-23 06:20:14,086 - httpcore.http11 - DEBUG - receive_response_headers.started request=<Request [b'POST']>
2025-06-23 06:20:24,318 - httpcore.http11 - DEBUG - receive_response_headers.complete return_value=(b'HTTP/1.1', 200, b'OK', [(b'Server', b'nginx/1.18.0'), (b'Date', b'Mon, 23 Jun 2025 05:20:26 GMT'), (b'Content-Type', b'application/json'), (b'Content-Length', b'23'), (b'Connection', b'keep-alive'), (b'Strict-Transport-Security', b'max-age=31536000; includeSubDomains; preload'), (b'Access-Control-Allow-Origin', b'*'), (b'Access-Control-Allow-Methods', b'GET, POST, OPTIONS'), (b'Access-Control-Expose-Headers', b'Content-Length,Content-Type,Date,Server,Connection')])
2025-06-23 06:20:24,319 - httpx - INFO - HTTP Request: POST https://api.telegram.org/bot7707158318:AAE8rWa4Q8Z_3avql6K0HAmXaooZAReoNF0/getUpdates "HTTP/1.1 200 OK"
2025-06-23 06:20:24,320 - httpcore.http11 - DEBUG - receive_response_body.started request=<Request [b'POST']>
2025-06-23 06:20:24,321 - httpcore.http11 - DEBUG - receive_response_body.complete
2025-06-23 06:20:24,321 - httpcore.http11 - DEBUG - response_closed.started
2025-06-23 06:20:24,321 - httpcore.http11 - DEBUG - response_closed.complete
2025-06-23 06:20:24,321 - telegram.ext.ExtBot - DEBUG - No new updates found.
2025-06-23 06:20:24,321 - telegram.ext.ExtBot - DEBUG - ()
2025-06-23 06:20:24,322 - telegram.ext.ExtBot - DEBUG - Exiting: get_updates
2025-06-23 06:20:24,322 - telegram.ext.ExtBot - DEBUG - Entering: get_updates
2025-06-23 06:20:24,322 - httpcore.http11 - DEBUG - send_request_headers.started request=<Request [b'POST']>
2025-06-23 06:20:24,325 - httpcore.http11 - DEBUG - send_request_headers.complete
2025-06-23 06:20:24,325 - httpcore.http11 - DEBUG - send_request_body.started request=<Request [b'POST']>
2025-06-23 06:20:24,325 - httpcore.http11 - DEBUG - send_request_body.complete
2025-06-23 06:20:24,325 - httpcore.http11 - DEBUG - receive_response_headers.started request=<Request [b'POST']>
2025-06-23 06:20:34,558 - httpcore.http11 - DEBUG - receive_response_headers.complete return_value=(b'HTTP/1.1', 200, b'OK', [(b'Server', b'nginx/1.18.0'), (b'Date', b'Mon, 23 Jun 2025 05:20:36 GMT'), (b'Content-Type', b'application/json'), (b'Content-Length', b'23'), (b'Connection', b'keep-alive'), (b'Strict-Transport-Security', b'max-age=31536000; includeSubDomains; preload'), (b'Access-Control-Allow-Origin', b'*'), (b'Access-Control-Allow-Methods', b'GET, POST, OPTIONS'), (b'Access-Control-Expose-Headers', b'Content-Length,Content-Type,Date,Server,Connection')])
2025-06-23 06:20:34,558 - httpx - INFO - HTTP Request: POST https://api.telegram.org/bot7707158318:AAE8rWa4Q8Z_3avql6K0HAmXaooZAReoNF0/getUpdates "HTTP/1.1 200 OK"
2025-06-23 06:20:34,558 - httpcore.http11 - DEBUG - receive_response_body.started request=<Request [b'POST']>
2025-06-23 06:20:34,558 - httpcore.http11 - DEBUG - receive_response_body.complete
2025-06-23 06:20:34,558 - httpcore.http11 - DEBUG - response_closed.started
2025-06-23 06:20:34,558 - httpcore.http11 - DEBUG - response_closed.complete
2025-06-23 06:20:34,558 - telegram.ext.ExtBot - DEBUG - No new updates found.
2025-06-23 06:20:34,558 - telegram.ext.ExtBot - DEBUG - ()
2025-06-23 06:20:34,558 - telegram.ext.ExtBot - DEBUG - Exiting: get_updates
2025-06-23 06:20:34,558 - telegram.ext.ExtBot - DEBUG - Entering: get_updates
2025-06-23 06:20:34,561 - httpcore.http11 - DEBUG - send_request_headers.started request=<Request [b'POST']>
2025-06-23 06:20:34,561 - httpcore.http11 - DEBUG - send_request_headers.complete
2025-06-23 06:20:34,561 - httpcore.http11 - DEBUG - send_request_body.started request=<Request [b'POST']>
2025-06-23 06:20:34,562 - httpcore.http11 - DEBUG - send_request_body.complete
2025-06-23 06:20:34,562 - httpcore.http11 - DEBUG - receive_response_headers.started request=<Request [b'POST']>
2025-06-23 06:20:44,797 - httpcore.http11 - DEBUG - receive_response_headers.complete return_value=(b'HTTP/1.1', 200, b'OK', [(b'Server', b'nginx/1.18.0'), (b'Date', b'Mon, 23 Jun 2025 05:20:47 GMT'), (b'Content-Type', b'application/json'), (b'Content-Length', b'23'), (b'Connection', b'keep-alive'), (b'Strict-Transport-Security', b'max-age=31536000; includeSubDomains; preload'), (b'Access-Control-Allow-Origin', b'*'), (b'Access-Control-Allow-Methods', b'GET, POST, OPTIONS'), (b'Access-Control-Expose-Headers', b'Content-Length,Content-Type,Date,Server,Connection')])
2025-06-23 06:20:44,799 - httpx - INFO - HTTP Request: POST https://api.telegram.org/bot7707158318:AAE8rWa4Q8Z_3avql6K0HAmXaooZAReoNF0/getUpdates "HTTP/1.1 200 OK"
2025-06-23 06:20:44,799 - httpcore.http11 - DEBUG - receive_response_body.started request=<Request [b'POST']>
2025-06-23 06:20:44,801 - httpcore.http11 - DEBUG - receive_response_body.complete
2025-06-23 06:20:44,801 - httpcore.http11 - DEBUG - response_closed.started
2025-06-23 06:20:44,801 - httpcore.http11 - DEBUG - response_closed.complete
2025-06-23 06:20:44,801 - telegram.ext.ExtBot - DEBUG - No new updates found.
2025-06-23 06:20:44,801 - telegram.ext.ExtBot - DEBUG - ()
2025-06-23 06:20:44,801 - telegram.ext.ExtBot - DEBUG - Exiting: get_updates
2025-06-23 06:20:44,801 - telegram.ext.ExtBot - DEBUG - Entering: get_updates
2025-06-23 06:20:44,804 - httpcore.http11 - DEBUG - send_request_headers.started request=<Request [b'POST']>
2025-06-23 06:20:44,804 - httpcore.http11 - DEBUG - send_request_headers.complete
2025-06-23 06:20:44,804 - httpcore.http11 - DEBUG - send_request_body.started request=<Request [b'POST']>
2025-06-23 06:20:44,804 - httpcore.http11 - DEBUG - send_request_body.complete
2025-06-23 06:20:44,804 - httpcore.http11 - DEBUG - receive_response_headers.started request=<Request [b'POST']>
2025-06-23 06:20:54,887 - httpcore.http11 - DEBUG - receive_response_headers.complete return_value=(b'HTTP/1.1', 200, b'OK', [(b'Server', b'nginx/1.18.0'), (b'Date', b'Mon, 23 Jun 2025 05:20:57 GMT'), (b'Content-Type', b'application/json'), (b'Content-Length', b'23'), (b'Connection', b'keep-alive'), (b'Strict-Transport-Security', b'max-age=31536000; includeSubDomains; preload'), (b'Access-Control-Allow-Origin', b'*'), (b'Access-Control-Allow-Methods', b'GET, POST, OPTIONS'), (b'Access-Control-Expose-Headers', b'Content-Length,Content-Type,Date,Server,Connection')])
2025-06-23 06:20:54,887 - httpx - INFO - HTTP Request: POST https://api.telegram.org/bot7707158318:AAE8rWa4Q8Z_3avql6K0HAmXaooZAReoNF0/getUpdates "HTTP/1.1 200 OK"
2025-06-23 06:20:54,887 - httpcore.http11 - DEBUG - receive_response_body.started request=<Request [b'POST']>
2025-06-23 06:20:54,891 - httpcore.http11 - DEBUG - receive_response_body.complete
2025-06-23 06:20:54,891 - httpcore.http11 - DEBUG - response_closed.started
2025-06-23 06:20:54,892 - httpcore.http11 - DEBUG - response_closed.complete
2025-06-23 06:20:54,892 - telegram.ext.ExtBot - DEBUG - No new updates found.
2025-06-23 06:20:54,892 - telegram.ext.ExtBot - DEBUG - ()
2025-06-23 06:20:54,892 - telegram.ext.ExtBot - DEBUG - Exiting: get_updates
2025-06-23 06:20:54,892 - telegram.ext.ExtBot - DEBUG - Entering: get_updates
2025-06-23 06:20:54,893 - httpcore.http11 - DEBUG - send_request_headers.started request=<Request [b'POST']>
2025-06-23 06:20:54,893 - httpcore.http11 - DEBUG - send_request_headers.complete
2025-06-23 06:20:54,893 - httpcore.http11 - DEBUG - send_request_body.started request=<Request [b'POST']>
2025-06-23 06:20:54,893 - httpcore.http11 - DEBUG - send_request_body.complete
2025-06-23 06:20:54,893 - httpcore.http11 - DEBUG - receive_response_headers.started request=<Request [b'POST']>
2025-06-23 06:21:05,032 - httpcore.http11 - DEBUG - receive_response_headers.complete return_value=(b'HTTP/1.1', 200, b'OK', [(b'Server', b'nginx/1.18.0'), (b'Date', b'Mon, 23 Jun 2025 05:21:07 GMT'), (b'Content-Type', b'application/json'), (b'Content-Length', b'23'), (b'Connection', b'keep-alive'), (b'Strict-Transport-Security', b'max-age=31536000; includeSubDomains; preload'), (b'Access-Control-Allow-Origin', b'*'), (b'Access-Control-Allow-Methods', b'GET, POST, OPTIONS'), (b'Access-Control-Expose-Headers', b'Content-Length,Content-Type,Date,Server,Connection')])
2025-06-23 06:21:05,036 - httpx - INFO - HTTP Request: POST https://api.telegram.org/bot7707158318:AAE8rWa4Q8Z_3avql6K0HAmXaooZAReoNF0/getUpdates "HTTP/1.1 200 OK"
2025-06-23 06:21:05,043 - httpcore.http11 - DEBUG - receive_response_body.started request=<Request [b'POST']>
2025-06-23 06:21:05,043 - httpcore.http11 - DEBUG - receive_response_body.complete
2025-06-23 06:21:05,043 - httpcore.http11 - DEBUG - response_closed.started
2025-06-23 06:21:05,045 - httpcore.http11 - DEBUG - response_closed.complete
2025-06-23 06:21:05,045 - telegram.ext.ExtBot - DEBUG - No new updates found.
2025-06-23 06:21:05,045 - telegram.ext.ExtBot - DEBUG - ()
2025-06-23 06:21:05,045 - telegram.ext.ExtBot - DEBUG - Exiting: get_updates
2025-06-23 06:21:05,045 - telegram.ext.ExtBot - DEBUG - Entering: get_updates
2025-06-23 06:21:05,045 - httpcore.http11 - DEBUG - send_request_headers.started request=<Request [b'POST']>
2025-06-23 06:21:05,045 - httpcore.http11 - DEBUG - send_request_headers.complete
2025-06-23 06:21:05,045 - httpcore.http11 - DEBUG - send_request_body.started request=<Request [b'POST']>
2025-06-23 06:21:05,048 - httpcore.http11 - DEBUG - send_request_body.complete
2025-06-23 06:21:05,048 - httpcore.http11 - DEBUG - receive_response_headers.started request=<Request [b'POST']>
2025-06-23 06:21:15,199 - httpcore.http11 - DEBUG - receive_response_headers.complete return_value=(b'HTTP/1.1', 200, b'OK', [(b'Server', b'nginx/1.18.0'), (b'Date', b'Mon, 23 Jun 2025 05:21:17 GMT'), (b'Content-Type', b'application/json'), (b'Content-Length', b'23'), (b'Connection', b'keep-alive'), (b'Strict-Transport-Security', b'max-age=31536000; includeSubDomains; preload'), (b'Access-Control-Allow-Origin', b'*'), (b'Access-Control-Allow-Methods', b'GET, POST, OPTIONS'), (b'Access-Control-Expose-Headers', b'Content-Length,Content-Type,Date,Server,Connection')])
2025-06-23 06:21:15,200 - httpx - INFO - HTTP Request: POST https://api.telegram.org/bot7707158318:AAE8rWa4Q8Z_3avql6K0HAmXaooZAReoNF0/getUpdates "HTTP/1.1 200 OK"
2025-06-23 06:21:15,201 - httpcore.http11 - DEBUG - receive_response_body.started request=<Request [b'POST']>
2025-06-23 06:21:15,202 - httpcore.http11 - DEBUG - receive_response_body.complete
2025-06-23 06:21:15,202 - httpcore.http11 - DEBUG - response_closed.started
2025-06-23 06:21:15,202 - httpcore.http11 - DEBUG - response_closed.complete
2025-06-23 06:21:15,203 - telegram.ext.ExtBot - DEBUG - No new updates found.
2025-06-23 06:21:15,203 - telegram.ext.ExtBot - DEBUG - ()
2025-06-23 06:21:15,203 - telegram.ext.ExtBot - DEBUG - Exiting: get_updates
2025-06-23 06:21:15,203 - telegram.ext.ExtBot - DEBUG - Entering: get_updates
2025-06-23 06:21:15,205 - httpcore.http11 - DEBUG - send_request_headers.started request=<Request [b'POST']>
2025-06-23 06:21:15,205 - httpcore.http11 - DEBUG - send_request_headers.complete
2025-06-23 06:21:15,206 - httpcore.http11 - DEBUG - send_request_body.started request=<Request [b'POST']>
2025-06-23 06:21:15,206 - httpcore.http11 - DEBUG - send_request_body.complete
2025-06-23 06:21:15,207 - httpcore.http11 - DEBUG - receive_response_headers.started request=<Request [b'POST']>
2025-06-23 06:21:25,300 - httpcore.http11 - DEBUG - receive_response_headers.complete return_value=(b'HTTP/1.1', 200, b'OK', [(b'Server', b'nginx/1.18.0'), (b'Date', b'Mon, 23 Jun 2025 05:21:27 GMT'), (b'Content-Type', b'application/json'), (b'Content-Length', b'23'), (b'Connection', b'keep-alive'), (b'Strict-Transport-Security', b'max-age=31536000; includeSubDomains; preload'), (b'Access-Control-Allow-Origin', b'*'), (b'Access-Control-Allow-Methods', b'GET, POST, OPTIONS'), (b'Access-Control-Expose-Headers', b'Content-Length,Content-Type,Date,Server,Connection')])
2025-06-23 06:21:25,300 - httpx - INFO - HTTP Request: POST https://api.telegram.org/bot7707158318:AAE8rWa4Q8Z_3avql6K0HAmXaooZAReoNF0/getUpdates "HTTP/1.1 200 OK"
2025-06-23 06:21:25,300 - httpcore.http11 - DEBUG - receive_response_body.started request=<Request [b'POST']>
2025-06-23 06:21:25,300 - httpcore.http11 - DEBUG - receive_response_body.complete
2025-06-23 06:21:25,300 - httpcore.http11 - DEBUG - response_closed.started
2025-06-23 06:21:25,304 - httpcore.http11 - DEBUG - response_closed.complete
2025-06-23 06:21:25,304 - telegram.ext.ExtBot - DEBUG - No new updates found.
2025-06-23 06:21:25,304 - telegram.ext.ExtBot - DEBUG - ()
2025-06-23 06:21:25,304 - telegram.ext.ExtBot - DEBUG - Exiting: get_updates
2025-06-23 06:21:25,304 - telegram.ext.ExtBot - DEBUG - Entering: get_updates
2025-06-23 06:21:25,304 - httpcore.http11 - DEBUG - send_request_headers.started request=<Request [b'POST']>
2025-06-23 06:21:25,308 - httpcore.http11 - DEBUG - send_request_headers.complete
2025-06-23 06:21:25,308 - httpcore.http11 - DEBUG - send_request_body.started request=<Request [b'POST']>
2025-06-23 06:21:25,308 - httpcore.http11 - DEBUG - send_request_body.complete
2025-06-23 06:21:25,308 - httpcore.http11 - DEBUG - receive_response_headers.started request=<Request [b'POST']>
2025-06-23 06:21:35,677 - httpcore.http11 - DEBUG - receive_response_headers.complete return_value=(b'HTTP/1.1', 200, b'OK', [(b'Server', b'nginx/1.18.0'), (b'Date', b'Mon, 23 Jun 2025 05:21:37 GMT'), (b'Content-Type', b'application/json'), (b'Content-Length', b'23'), (b'Connection', b'keep-alive'), (b'Strict-Transport-Security', b'max-age=31536000; includeSubDomains; preload'), (b'Access-Control-Allow-Origin', b'*'), (b'Access-Control-Allow-Methods', b'GET, POST, OPTIONS'), (b'Access-Control-Expose-Headers', b'Content-Length,Content-Type,Date,Server,Connection')])
2025-06-23 06:21:35,677 - httpx - INFO - HTTP Request: POST https://api.telegram.org/bot7707158318:AAE8rWa4Q8Z_3avql6K0HAmXaooZAReoNF0/getUpdates "HTTP/1.1 200 OK"
2025-06-23 06:21:35,677 - httpcore.http11 - DEBUG - receive_response_body.started request=<Request [b'POST']>
2025-06-23 06:21:35,677 - httpcore.http11 - DEBUG - receive_response_body.complete
2025-06-23 06:21:35,677 - httpcore.http11 - DEBUG - response_closed.started
2025-06-23 06:21:35,677 - httpcore.http11 - DEBUG - response_closed.complete
2025-06-23 06:21:35,677 - telegram.ext.ExtBot - DEBUG - No new updates found.
2025-06-23 06:21:35,682 - telegram.ext.ExtBot - DEBUG - ()
2025-06-23 06:21:35,682 - telegram.ext.ExtBot - DEBUG - Exiting: get_updates
2025-06-23 06:21:35,682 - telegram.ext.ExtBot - DEBUG - Entering: get_updates
2025-06-23 06:21:35,682 - httpcore.http11 - DEBUG - send_request_headers.started request=<Request [b'POST']>
2025-06-23 06:21:35,682 - httpcore.http11 - DEBUG - send_request_headers.complete
2025-06-23 06:21:35,682 - httpcore.http11 - DEBUG - send_request_body.started request=<Request [b'POST']>
2025-06-23 06:21:35,682 - httpcore.http11 - DEBUG - send_request_body.complete
2025-06-23 06:21:35,682 - httpcore.http11 - DEBUG - receive_response_headers.started request=<Request [b'POST']>
2025-06-23 06:21:45,919 - httpcore.http11 - DEBUG - receive_response_headers.complete return_value=(b'HTTP/1.1', 200, b'OK', [(b'Server', b'nginx/1.18.0'), (b'Date', b'Mon, 23 Jun 2025 05:21:48 GMT'), (b'Content-Type', b'application/json'), (b'Content-Length', b'23'), (b'Connection', b'keep-alive'), (b'Strict-Transport-Security', b'max-age=31536000; includeSubDomains; preload'), (b'Access-Control-Allow-Origin', b'*'), (b'Access-Control-Allow-Methods', b'GET, POST, OPTIONS'), (b'Access-Control-Expose-Headers', b'Content-Length,Content-Type,Date,Server,Connection')])
2025-06-23 06:21:45,919 - httpx - INFO - HTTP Request: POST https://api.telegram.org/bot7707158318:AAE8rWa4Q8Z_3avql6K0HAmXaooZAReoNF0/getUpdates "HTTP/1.1 200 OK"
2025-06-23 06:21:45,920 - httpcore.http11 - DEBUG - receive_response_body.started request=<Request [b'POST']>
2025-06-23 06:21:45,920 - httpcore.http11 - DEBUG - receive_response_body.complete
2025-06-23 06:21:45,920 - httpcore.http11 - DEBUG - response_closed.started
2025-06-23 06:21:45,920 - httpcore.http11 - DEBUG - response_closed.complete
2025-06-23 06:21:45,923 - telegram.ext.ExtBot - DEBUG - No new updates found.
2025-06-23 06:21:45,930 - telegram.ext.ExtBot - DEBUG - ()
2025-06-23 06:21:45,930 - telegram.ext.ExtBot - DEBUG - Exiting: get_updates
2025-06-23 06:21:45,930 - telegram.ext.ExtBot - DEBUG - Entering: get_updates
2025-06-23 06:21:45,932 - httpcore.http11 - DEBUG - send_request_headers.started request=<Request [b'POST']>
2025-06-23 06:21:45,932 - httpcore.http11 - DEBUG - send_request_headers.complete
2025-06-23 06:21:45,932 - httpcore.http11 - DEBUG - send_request_body.started request=<Request [b'POST']>
2025-06-23 06:21:45,932 - httpcore.http11 - DEBUG - send_request_body.complete
2025-06-23 06:21:45,932 - httpcore.http11 - DEBUG - receive_response_headers.started request=<Request [b'POST']>
2025-06-23 06:21:56,018 - httpcore.http11 - DEBUG - receive_response_headers.complete return_value=(b'HTTP/1.1', 200, b'OK', [(b'Server', b'nginx/1.18.0'), (b'Date', b'Mon, 23 Jun 2025 05:21:58 GMT'), (b'Content-Type', b'application/json'), (b'Content-Length', b'23'), (b'Connection', b'keep-alive'), (b'Strict-Transport-Security', b'max-age=31536000; includeSubDomains; preload'), (b'Access-Control-Allow-Origin', b'*'), (b'Access-Control-Allow-Methods', b'GET, POST, OPTIONS'), (b'Access-Control-Expose-Headers', b'Content-Length,Content-Type,Date,Server,Connection')])
2025-06-23 06:21:56,018 - httpx - INFO - HTTP Request: POST https://api.telegram.org/bot7707158318:AAE8rWa4Q8Z_3avql6K0HAmXaooZAReoNF0/getUpdates "HTTP/1.1 200 OK"
2025-06-23 06:21:56,020 - httpcore.http11 - DEBUG - receive_response_body.started request=<Request [b'POST']>
2025-06-23 06:21:56,020 - httpcore.http11 - DEBUG - receive_response_body.complete
2025-06-23 06:21:56,022 - httpcore.http11 - DEBUG - response_closed.started
2025-06-23 06:21:56,022 - httpcore.http11 - DEBUG - response_closed.complete
2025-06-23 06:21:56,022 - telegram.ext.ExtBot - DEBUG - No new updates found.
2025-06-23 06:21:56,023 - telegram.ext.ExtBot - DEBUG - ()
2025-06-23 06:21:56,023 - telegram.ext.ExtBot - DEBUG - Exiting: get_updates
2025-06-23 06:21:56,023 - telegram.ext.ExtBot - DEBUG - Entering: get_updates
2025-06-23 06:21:56,025 - httpcore.http11 - DEBUG - send_request_headers.started request=<Request [b'POST']>
2025-06-23 06:21:56,026 - httpcore.http11 - DEBUG - send_request_headers.complete
2025-06-23 06:21:56,026 - httpcore.http11 - DEBUG - send_request_body.started request=<Request [b'POST']>
2025-06-23 06:21:56,027 - httpcore.http11 - DEBUG - send_request_body.complete
2025-06-23 06:21:56,027 - httpcore.http11 - DEBUG - receive_response_headers.started request=<Request [b'POST']>
2025-06-23 06:22:06,387 - httpcore.http11 - DEBUG - receive_response_headers.complete return_value=(b'HTTP/1.1', 200, b'OK', [(b'Server', b'nginx/1.18.0'), (b'Date', b'Mon, 23 Jun 2025 05:22:08 GMT'), (b'Content-Type', b'application/json'), (b'Content-Length', b'23'), (b'Connection', b'keep-alive'), (b'Strict-Transport-Security', b'max-age=31536000; includeSubDomains; preload'), (b'Access-Control-Allow-Origin', b'*'), (b'Access-Control-Allow-Methods', b'GET, POST, OPTIONS'), (b'Access-Control-Expose-Headers', b'Content-Length,Content-Type,Date,Server,Connection')])
2025-06-23 06:22:06,389 - httpx - INFO - HTTP Request: POST https://api.telegram.org/bot7707158318:AAE8rWa4Q8Z_3avql6K0HAmXaooZAReoNF0/getUpdates "HTTP/1.1 200 OK"
2025-06-23 06:22:06,391 - httpcore.http11 - DEBUG - receive_response_body.started request=<Request [b'POST']>
2025-06-23 06:22:06,391 - httpcore.http11 - DEBUG - receive_response_body.complete
2025-06-23 06:22:06,392 - httpcore.http11 - DEBUG - response_closed.started
2025-06-23 06:22:06,392 - httpcore.http11 - DEBUG - response_closed.complete
2025-06-23 06:22:06,392 - telegram.ext.ExtBot - DEBUG - No new updates found.
2025-06-23 06:22:06,392 - telegram.ext.ExtBot - DEBUG - ()
2025-06-23 06:22:06,392 - telegram.ext.ExtBot - DEBUG - Exiting: get_updates
2025-06-23 06:22:06,392 - telegram.ext.ExtBot - DEBUG - Entering: get_updates
2025-06-23 06:22:06,393 - httpcore.http11 - DEBUG - send_request_headers.started request=<Request [b'POST']>
2025-06-23 06:22:06,393 - httpcore.http11 - DEBUG - send_request_headers.complete
2025-06-23 06:22:06,393 - httpcore.http11 - DEBUG - send_request_body.started request=<Request [b'POST']>
2025-06-23 06:22:06,393 - httpcore.http11 - DEBUG - send_request_body.complete
2025-06-23 06:22:06,393 - httpcore.http11 - DEBUG - receive_response_headers.started request=<Request [b'POST']>
2025-06-23 06:22:16,640 - httpcore.http11 - DEBUG - receive_response_headers.complete return_value=(b'HTTP/1.1', 200, b'OK', [(b'Server', b'nginx/1.18.0'), (b'Date', b'Mon, 23 Jun 2025 05:22:18 GMT'), (b'Content-Type', b'application/json'), (b'Content-Length', b'23'), (b'Connection', b'keep-alive'), (b'Strict-Transport-Security', b'max-age=31536000; includeSubDomains; preload'), (b'Access-Control-Allow-Origin', b'*'), (b'Access-Control-Allow-Methods', b'GET, POST, OPTIONS'), (b'Access-Control-Expose-Headers', b'Content-Length,Content-Type,Date,Server,Connection')])
2025-06-23 06:22:16,641 - httpx - INFO - HTTP Request: POST https://api.telegram.org/bot7707158318:AAE8rWa4Q8Z_3avql6K0HAmXaooZAReoNF0/getUpdates "HTTP/1.1 200 OK"
2025-06-23 06:22:16,643 - httpcore.http11 - DEBUG - receive_response_body.started request=<Request [b'POST']>
2025-06-23 06:22:16,644 - httpcore.http11 - DEBUG - receive_response_body.complete
2025-06-23 06:22:16,644 - httpcore.http11 - DEBUG - response_closed.started
2025-06-23 06:22:16,644 - httpcore.http11 - DEBUG - response_closed.complete
2025-06-23 06:22:16,644 - telegram.ext.ExtBot - DEBUG - No new updates found.
2025-06-23 06:22:16,645 - telegram.ext.ExtBot - DEBUG - ()
2025-06-23 06:22:16,645 - telegram.ext.ExtBot - DEBUG - Exiting: get_updates
2025-06-23 06:22:16,645 - telegram.ext.ExtBot - DEBUG - Entering: get_updates
2025-06-23 06:22:16,646 - httpcore.http11 - DEBUG - send_request_headers.started request=<Request [b'POST']>
2025-06-23 06:22:16,647 - httpcore.http11 - DEBUG - send_request_headers.complete
2025-06-23 06:22:16,647 - httpcore.http11 - DEBUG - send_request_body.started request=<Request [b'POST']>
2025-06-23 06:22:16,648 - httpcore.http11 - DEBUG - send_request_body.complete
2025-06-23 06:22:16,648 - httpcore.http11 - DEBUG - receive_response_headers.started request=<Request [b'POST']>
2025-06-23 06:22:26,725 - httpcore.http11 - DEBUG - receive_response_headers.complete return_value=(b'HTTP/1.1', 200, b'OK', [(b'Server', b'nginx/1.18.0'), (b'Date', b'Mon, 23 Jun 2025 05:22:29 GMT'), (b'Content-Type', b'application/json'), (b'Content-Length', b'23'), (b'Connection', b'keep-alive'), (b'Strict-Transport-Security', b'max-age=31536000; includeSubDomains; preload'), (b'Access-Control-Allow-Origin', b'*'), (b'Access-Control-Allow-Methods', b'GET, POST, OPTIONS'), (b'Access-Control-Expose-Headers', b'Content-Length,Content-Type,Date,Server,Connection')])
2025-06-23 06:22:26,726 - httpx - INFO - HTTP Request: POST https://api.telegram.org/bot7707158318:AAE8rWa4Q8Z_3avql6K0HAmXaooZAReoNF0/getUpdates "HTTP/1.1 200 OK"
2025-06-23 06:22:26,727 - httpcore.http11 - DEBUG - receive_response_body.started request=<Request [b'POST']>
2025-06-23 06:22:26,728 - httpcore.http11 - DEBUG - receive_response_body.complete
2025-06-23 06:22:26,728 - httpcore.http11 - DEBUG - response_closed.started
2025-06-23 06:22:26,728 - httpcore.http11 - DEBUG - response_closed.complete
2025-06-23 06:22:26,729 - telegram.ext.ExtBot - DEBUG - No new updates found.
2025-06-23 06:22:26,729 - telegram.ext.ExtBot - DEBUG - ()
2025-06-23 06:22:26,729 - telegram.ext.ExtBot - DEBUG - Exiting: get_updates
2025-06-23 06:22:26,729 - telegram.ext.ExtBot - DEBUG - Entering: get_updates
2025-06-23 06:22:26,731 - httpcore.http11 - DEBUG - send_request_headers.started request=<Request [b'POST']>
2025-06-23 06:22:26,731 - httpcore.http11 - DEBUG - send_request_headers.complete
2025-06-23 06:22:26,731 - httpcore.http11 - DEBUG - send_request_body.started request=<Request [b'POST']>
2025-06-23 06:22:26,732 - httpcore.http11 - DEBUG - send_request_body.complete
2025-06-23 06:22:26,732 - httpcore.http11 - DEBUG - receive_response_headers.started request=<Request [b'POST']>
2025-06-23 06:22:37,115 - httpcore.http11 - DEBUG - receive_response_headers.complete return_value=(b'HTTP/1.1', 200, b'OK', [(b'Server', b'nginx/1.18.0'), (b'Date', b'Mon, 23 Jun 2025 05:22:39 GMT'), (b'Content-Type', b'application/json'), (b'Content-Length', b'23'), (b'Connection', b'keep-alive'), (b'Strict-Transport-Security', b'max-age=31536000; includeSubDomains; preload'), (b'Access-Control-Allow-Origin', b'*'), (b'Access-Control-Allow-Methods', b'GET, POST, OPTIONS'), (b'Access-Control-Expose-Headers', b'Content-Length,Content-Type,Date,Server,Connection')])
2025-06-23 06:22:37,115 - httpx - INFO - HTTP Request: POST https://api.telegram.org/bot7707158318:AAE8rWa4Q8Z_3avql6K0HAmXaooZAReoNF0/getUpdates "HTTP/1.1 200 OK"
2025-06-23 06:22:37,119 - httpcore.http11 - DEBUG - receive_response_body.started request=<Request [b'POST']>
2025-06-23 06:22:37,119 - httpcore.http11 - DEBUG - receive_response_body.complete
2025-06-23 06:22:37,119 - httpcore.http11 - DEBUG - response_closed.started
2025-06-23 06:22:37,121 - httpcore.http11 - DEBUG - response_closed.complete
2025-06-23 06:22:37,121 - telegram.ext.ExtBot - DEBUG - No new updates found.
2025-06-23 06:22:37,121 - telegram.ext.ExtBot - DEBUG - ()
2025-06-23 06:22:37,121 - telegram.ext.ExtBot - DEBUG - Exiting: get_updates
2025-06-23 06:22:37,121 - telegram.ext.ExtBot - DEBUG - Entering: get_updates
2025-06-23 06:22:37,122 - httpcore.http11 - DEBUG - send_request_headers.started request=<Request [b'POST']>
2025-06-23 06:22:37,122 - httpcore.http11 - DEBUG - send_request_headers.complete
2025-06-23 06:22:37,125 - httpcore.http11 - DEBUG - send_request_body.started request=<Request [b'POST']>
2025-06-23 06:22:37,125 - httpcore.http11 - DEBUG - send_request_body.complete
2025-06-23 06:22:37,125 - httpcore.http11 - DEBUG - receive_response_headers.started request=<Request [b'POST']>
2025-06-23 06:22:47,358 - httpcore.http11 - DEBUG - receive_response_headers.complete return_value=(b'HTTP/1.1', 200, b'OK', [(b'Server', b'nginx/1.18.0'), (b'Date', b'Mon, 23 Jun 2025 05:22:49 GMT'), (b'Content-Type', b'application/json'), (b'Content-Length', b'23'), (b'Connection', b'keep-alive'), (b'Strict-Transport-Security', b'max-age=31536000; includeSubDomains; preload'), (b'Access-Control-Allow-Origin', b'*'), (b'Access-Control-Allow-Methods', b'GET, POST, OPTIONS'), (b'Access-Control-Expose-Headers', b'Content-Length,Content-Type,Date,Server,Connection')])
2025-06-23 06:22:47,358 - httpx - INFO - HTTP Request: POST https://api.telegram.org/bot7707158318:AAE8rWa4Q8Z_3avql6K0HAmXaooZAReoNF0/getUpdates "HTTP/1.1 200 OK"
2025-06-23 06:22:47,361 - httpcore.http11 - DEBUG - receive_response_body.started request=<Request [b'POST']>
2025-06-23 06:22:47,361 - httpcore.http11 - DEBUG - receive_response_body.complete
2025-06-23 06:22:47,361 - httpcore.http11 - DEBUG - response_closed.started
2025-06-23 06:22:47,361 - httpcore.http11 - DEBUG - response_closed.complete
2025-06-23 06:22:47,363 - telegram.ext.ExtBot - DEBUG - No new updates found.
2025-06-23 06:22:47,363 - telegram.ext.ExtBot - DEBUG - ()
2025-06-23 06:22:47,363 - telegram.ext.ExtBot - DEBUG - Exiting: get_updates
2025-06-23 06:22:47,363 - telegram.ext.ExtBot - DEBUG - Entering: get_updates
2025-06-23 06:22:47,366 - httpcore.http11 - DEBUG - send_request_headers.started request=<Request [b'POST']>
2025-06-23 06:22:47,367 - httpcore.http11 - DEBUG - send_request_headers.complete
2025-06-23 06:22:47,367 - httpcore.http11 - DEBUG - send_request_body.started request=<Request [b'POST']>
2025-06-23 06:22:47,369 - httpcore.http11 - DEBUG - send_request_body.complete
2025-06-23 06:22:47,369 - httpcore.http11 - DEBUG - receive_response_headers.started request=<Request [b'POST']>
2025-06-23 06:22:57,593 - httpcore.http11 - DEBUG - receive_response_headers.complete return_value=(b'HTTP/1.1', 200, b'OK', [(b'Server', b'nginx/1.18.0'), (b'Date', b'Mon, 23 Jun 2025 05:22:59 GMT'), (b'Content-Type', b'application/json'), (b'Content-Length', b'23'), (b'Connection', b'keep-alive'), (b'Strict-Transport-Security', b'max-age=31536000; includeSubDomains; preload'), (b'Access-Control-Allow-Origin', b'*'), (b'Access-Control-Allow-Methods', b'GET, POST, OPTIONS'), (b'Access-Control-Expose-Headers', b'Content-Length,Content-Type,Date,Server,Connection')])
2025-06-23 06:22:57,599 - httpx - INFO - HTTP Request: POST https://api.telegram.org/bot7707158318:AAE8rWa4Q8Z_3avql6K0HAmXaooZAReoNF0/getUpdates "HTTP/1.1 200 OK"
2025-06-23 06:22:57,600 - httpcore.http11 - DEBUG - receive_response_body.started request=<Request [b'POST']>
2025-06-23 06:22:57,600 - httpcore.http11 - DEBUG - receive_response_body.complete
2025-06-23 06:22:57,600 - httpcore.http11 - DEBUG - response_closed.started
2025-06-23 06:22:57,600 - httpcore.http11 - DEBUG - response_closed.complete
2025-06-23 06:22:57,602 - telegram.ext.ExtBot - DEBUG - No new updates found.
2025-06-23 06:22:57,602 - telegram.ext.ExtBot - DEBUG - ()
2025-06-23 06:22:57,602 - telegram.ext.ExtBot - DEBUG - Exiting: get_updates
2025-06-23 06:22:57,602 - telegram.ext.ExtBot - DEBUG - Entering: get_updates
2025-06-23 06:22:57,602 - httpcore.http11 - DEBUG - send_request_headers.started request=<Request [b'POST']>
2025-06-23 06:22:57,604 - httpcore.http11 - DEBUG - send_request_headers.complete
2025-06-23 06:22:57,604 - httpcore.http11 - DEBUG - send_request_body.started request=<Request [b'POST']>
2025-06-23 06:22:57,604 - httpcore.http11 - DEBUG - send_request_body.complete
2025-06-23 06:22:57,604 - httpcore.http11 - DEBUG - receive_response_headers.started request=<Request [b'POST']>
2025-06-23 06:23:07,793 - httpcore.http11 - DEBUG - receive_response_headers.complete return_value=(b'HTTP/1.1', 200, b'OK', [(b'Server', b'nginx/1.18.0'), (b'Date', b'Mon, 23 Jun 2025 05:23:10 GMT'), (b'Content-Type', b'application/json'), (b'Content-Length', b'23'), (b'Connection', b'keep-alive'), (b'Strict-Transport-Security', b'max-age=31536000; includeSubDomains; preload'), (b'Access-Control-Allow-Origin', b'*'), (b'Access-Control-Allow-Methods', b'GET, POST, OPTIONS'), (b'Access-Control-Expose-Headers', b'Content-Length,Content-Type,Date,Server,Connection')])
2025-06-23 06:23:07,793 - httpx - INFO - HTTP Request: POST https://api.telegram.org/bot7707158318:AAE8rWa4Q8Z_3avql6K0HAmXaooZAReoNF0/getUpdates "HTTP/1.1 200 OK"
2025-06-23 06:23:07,800 - httpcore.http11 - DEBUG - receive_response_body.started request=<Request [b'POST']>
2025-06-23 06:23:07,800 - httpcore.http11 - DEBUG - receive_response_body.complete
2025-06-23 06:23:07,800 - httpcore.http11 - DEBUG - response_closed.started
2025-06-23 06:23:07,800 - httpcore.http11 - DEBUG - response_closed.complete
2025-06-23 06:23:07,800 - telegram.ext.ExtBot - DEBUG - No new updates found.
2025-06-23 06:23:07,802 - telegram.ext.ExtBot - DEBUG - ()
2025-06-23 06:23:07,802 - telegram.ext.ExtBot - DEBUG - Exiting: get_updates
2025-06-23 06:23:07,802 - telegram.ext.ExtBot - DEBUG - Entering: get_updates
2025-06-23 06:23:07,802 - httpcore.http11 - DEBUG - send_request_headers.started request=<Request [b'POST']>
2025-06-23 06:23:07,804 - httpcore.http11 - DEBUG - send_request_headers.complete
2025-06-23 06:23:07,804 - httpcore.http11 - DEBUG - send_request_body.started request=<Request [b'POST']>
2025-06-23 06:23:07,804 - httpcore.http11 - DEBUG - send_request_body.complete
2025-06-23 06:23:07,804 - httpcore.http11 - DEBUG - receive_response_headers.started request=<Request [b'POST']>
2025-06-23 06:23:18,037 - httpcore.http11 - DEBUG - receive_response_headers.complete return_value=(b'HTTP/1.1', 200, b'OK', [(b'Server', b'nginx/1.18.0'), (b'Date', b'Mon, 23 Jun 2025 05:23:20 GMT'), (b'Content-Type', b'application/json'), (b'Content-Length', b'23'), (b'Connection', b'keep-alive'), (b'Strict-Transport-Security', b'max-age=31536000; includeSubDomains; preload'), (b'Access-Control-Allow-Origin', b'*'), (b'Access-Control-Allow-Methods', b'GET, POST, OPTIONS'), (b'Access-Control-Expose-Headers', b'Content-Length,Content-Type,Date,Server,Connection')])
2025-06-23 06:23:18,039 - httpx - INFO - HTTP Request: POST https://api.telegram.org/bot7707158318:AAE8rWa4Q8Z_3avql6K0HAmXaooZAReoNF0/getUpdates "HTTP/1.1 200 OK"
2025-06-23 06:23:18,041 - httpcore.http11 - DEBUG - receive_response_body.started request=<Request [b'POST']>
2025-06-23 06:23:18,041 - httpcore.http11 - DEBUG - receive_response_body.complete
2025-06-23 06:23:18,041 - httpcore.http11 - DEBUG - response_closed.started
2025-06-23 06:23:18,041 - httpcore.http11 - DEBUG - response_closed.complete
2025-06-23 06:23:18,043 - telegram.ext.ExtBot - DEBUG - No new updates found.
2025-06-23 06:23:18,043 - telegram.ext.ExtBot - DEBUG - ()
2025-06-23 06:23:18,043 - telegram.ext.ExtBot - DEBUG - Exiting: get_updates
2025-06-23 06:23:18,043 - telegram.ext.ExtBot - DEBUG - Entering: get_updates
2025-06-23 06:23:18,045 - httpcore.http11 - DEBUG - send_request_headers.started request=<Request [b'POST']>
2025-06-23 06:23:18,045 - httpcore.http11 - DEBUG - send_request_headers.complete
2025-06-23 06:23:18,045 - httpcore.http11 - DEBUG - send_request_body.started request=<Request [b'POST']>
2025-06-23 06:23:18,047 - httpcore.http11 - DEBUG - send_request_body.complete
2025-06-23 06:23:18,047 - httpcore.http11 - DEBUG - receive_response_headers.started request=<Request [b'POST']>
2025-06-23 06:23:28,275 - httpcore.http11 - DEBUG - receive_response_headers.complete return_value=(b'HTTP/1.1', 200, b'OK', [(b'Server', b'nginx/1.18.0'), (b'Date', b'Mon, 23 Jun 2025 05:23:30 GMT'), (b'Content-Type', b'application/json'), (b'Content-Length', b'23'), (b'Connection', b'keep-alive'), (b'Strict-Transport-Security', b'max-age=31536000; includeSubDomains; preload'), (b'Access-Control-Allow-Origin', b'*'), (b'Access-Control-Allow-Methods', b'GET, POST, OPTIONS'), (b'Access-Control-Expose-Headers', b'Content-Length,Content-Type,Date,Server,Connection')])
2025-06-23 06:23:28,278 - httpx - INFO - HTTP Request: POST https://api.telegram.org/bot7707158318:AAE8rWa4Q8Z_3avql6K0HAmXaooZAReoNF0/getUpdates "HTTP/1.1 200 OK"
2025-06-23 06:23:28,278 - httpcore.http11 - DEBUG - receive_response_body.started request=<Request [b'POST']>
2025-06-23 06:23:28,278 - httpcore.http11 - DEBUG - receive_response_body.complete
2025-06-23 06:23:28,278 - httpcore.http11 - DEBUG - response_closed.started
2025-06-23 06:23:28,278 - httpcore.http11 - DEBUG - response_closed.complete
2025-06-23 06:23:28,280 - telegram.ext.ExtBot - DEBUG - No new updates found.
2025-06-23 06:23:28,280 - telegram.ext.ExtBot - DEBUG - ()
2025-06-23 06:23:28,280 - telegram.ext.ExtBot - DEBUG - Exiting: get_updates
2025-06-23 06:23:28,280 - telegram.ext.ExtBot - DEBUG - Entering: get_updates
2025-06-23 06:23:28,281 - httpcore.http11 - DEBUG - send_request_headers.started request=<Request [b'POST']>
2025-06-23 06:23:28,284 - httpcore.http11 - DEBUG - send_request_headers.complete
2025-06-23 06:23:28,284 - httpcore.http11 - DEBUG - send_request_body.started request=<Request [b'POST']>
2025-06-23 06:23:28,284 - httpcore.http11 - DEBUG - send_request_body.complete
2025-06-23 06:23:28,284 - httpcore.http11 - DEBUG - receive_response_headers.started request=<Request [b'POST']>
2025-06-23 06:23:38,435 - httpcore.http11 - DEBUG - receive_response_headers.complete return_value=(b'HTTP/1.1', 200, b'OK', [(b'Server', b'nginx/1.18.0'), (b'Date', b'Mon, 23 Jun 2025 05:23:40 GMT'), (b'Content-Type', b'application/json'), (b'Content-Length', b'23'), (b'Connection', b'keep-alive'), (b'Strict-Transport-Security', b'max-age=31536000; includeSubDomains; preload'), (b'Access-Control-Allow-Origin', b'*'), (b'Access-Control-Allow-Methods', b'GET, POST, OPTIONS'), (b'Access-Control-Expose-Headers', b'Content-Length,Content-Type,Date,Server,Connection')])
2025-06-23 06:23:38,435 - httpx - INFO - HTTP Request: POST https://api.telegram.org/bot7707158318:AAE8rWa4Q8Z_3avql6K0HAmXaooZAReoNF0/getUpdates "HTTP/1.1 200 OK"
2025-06-23 06:23:38,437 - httpcore.http11 - DEBUG - receive_response_body.started request=<Request [b'POST']>
2025-06-23 06:23:38,437 - httpcore.http11 - DEBUG - receive_response_body.complete
2025-06-23 06:23:38,437 - httpcore.http11 - DEBUG - response_closed.started
2025-06-23 06:23:38,437 - httpcore.http11 - DEBUG - response_closed.complete
2025-06-23 06:23:38,437 - telegram.ext.ExtBot - DEBUG - No new updates found.
2025-06-23 06:23:38,437 - telegram.ext.ExtBot - DEBUG - ()
2025-06-23 06:23:38,437 - telegram.ext.ExtBot - DEBUG - Exiting: get_updates
2025-06-23 06:23:38,437 - telegram.ext.ExtBot - DEBUG - Entering: get_updates
2025-06-23 06:23:38,441 - httpcore.http11 - DEBUG - send_request_headers.started request=<Request [b'POST']>
2025-06-23 06:23:38,442 - httpcore.http11 - DEBUG - send_request_headers.complete
2025-06-23 06:23:38,442 - httpcore.http11 - DEBUG - send_request_body.started request=<Request [b'POST']>
2025-06-23 06:23:38,443 - httpcore.http11 - DEBUG - send_request_body.complete
2025-06-23 06:23:38,443 - httpcore.http11 - DEBUG - receive_response_headers.started request=<Request [b'POST']>
2025-06-23 06:23:48,755 - httpcore.http11 - DEBUG - receive_response_headers.complete return_value=(b'HTTP/1.1', 200, b'OK', [(b'Server', b'nginx/1.18.0'), (b'Date', b'Mon, 23 Jun 2025 05:23:50 GMT'), (b'Content-Type', b'application/json'), (b'Content-Length', b'23'), (b'Connection', b'keep-alive'), (b'Strict-Transport-Security', b'max-age=31536000; includeSubDomains; preload'), (b'Access-Control-Allow-Origin', b'*'), (b'Access-Control-Allow-Methods', b'GET, POST, OPTIONS'), (b'Access-Control-Expose-Headers', b'Content-Length,Content-Type,Date,Server,Connection')])
2025-06-23 06:23:48,758 - httpx - INFO - HTTP Request: POST https://api.telegram.org/bot7707158318:AAE8rWa4Q8Z_3avql6K0HAmXaooZAReoNF0/getUpdates "HTTP/1.1 200 OK"
2025-06-23 06:23:48,758 - httpcore.http11 - DEBUG - receive_response_body.started request=<Request [b'POST']>
2025-06-23 06:23:48,758 - httpcore.http11 - DEBUG - receive_response_body.complete
2025-06-23 06:23:48,758 - httpcore.http11 - DEBUG - response_closed.started
2025-06-23 06:23:48,761 - httpcore.http11 - DEBUG - response_closed.complete
2025-06-23 06:23:48,761 - telegram.ext.ExtBot - DEBUG - No new updates found.
2025-06-23 06:23:48,761 - telegram.ext.ExtBot - DEBUG - ()
2025-06-23 06:23:48,761 - telegram.ext.ExtBot - DEBUG - Exiting: get_updates
2025-06-23 06:23:48,761 - telegram.ext.ExtBot - DEBUG - Entering: get_updates
2025-06-23 06:23:48,763 - httpcore.http11 - DEBUG - send_request_headers.started request=<Request [b'POST']>
2025-06-23 06:23:48,765 - httpcore.http11 - DEBUG - send_request_headers.complete
2025-06-23 06:23:48,765 - httpcore.http11 - DEBUG - send_request_body.started request=<Request [b'POST']>
2025-06-23 06:23:48,766 - httpcore.http11 - DEBUG - send_request_body.complete
2025-06-23 06:23:48,766 - httpcore.http11 - DEBUG - receive_response_headers.started request=<Request [b'POST']>
2025-06-23 06:23:58,844 - httpcore.http11 - DEBUG - receive_response_headers.complete return_value=(b'HTTP/1.1', 200, b'OK', [(b'Server', b'nginx/1.18.0'), (b'Date', b'Mon, 23 Jun 2025 05:24:01 GMT'), (b'Content-Type', b'application/json'), (b'Content-Length', b'23'), (b'Connection', b'keep-alive'), (b'Strict-Transport-Security', b'max-age=31536000; includeSubDomains; preload'), (b'Access-Control-Allow-Origin', b'*'), (b'Access-Control-Allow-Methods', b'GET, POST, OPTIONS'), (b'Access-Control-Expose-Headers', b'Content-Length,Content-Type,Date,Server,Connection')])
2025-06-23 06:23:58,844 - httpx - INFO - HTTP Request: POST https://api.telegram.org/bot7707158318:AAE8rWa4Q8Z_3avql6K0HAmXaooZAReoNF0/getUpdates "HTTP/1.1 200 OK"
2025-06-23 06:23:58,844 - httpcore.http11 - DEBUG - receive_response_body.started request=<Request [b'POST']>
2025-06-23 06:23:58,844 - httpcore.http11 - DEBUG - receive_response_body.complete
2025-06-23 06:23:58,847 - httpcore.http11 - DEBUG - response_closed.started
2025-06-23 06:23:58,847 - httpcore.http11 - DEBUG - response_closed.complete
2025-06-23 06:23:58,847 - telegram.ext.ExtBot - DEBUG - No new updates found.
2025-06-23 06:23:58,847 - telegram.ext.ExtBot - DEBUG - ()
2025-06-23 06:23:58,847 - telegram.ext.ExtBot - DEBUG - Exiting: get_updates
2025-06-23 06:23:58,847 - telegram.ext.ExtBot - DEBUG - Entering: get_updates
2025-06-23 06:23:58,849 - httpcore.http11 - DEBUG - send_request_headers.started request=<Request [b'POST']>
2025-06-23 06:23:58,850 - httpcore.http11 - DEBUG - send_request_headers.complete
2025-06-23 06:23:58,850 - httpcore.http11 - DEBUG - send_request_body.started request=<Request [b'POST']>
2025-06-23 06:23:58,850 - httpcore.http11 - DEBUG - send_request_body.complete
2025-06-23 06:23:58,852 - httpcore.http11 - DEBUG - receive_response_headers.started request=<Request [b'POST']>
2025-06-23 06:24:08,996 - httpcore.http11 - DEBUG - receive_response_headers.complete return_value=(b'HTTP/1.1', 200, b'OK', [(b'Server', b'nginx/1.18.0'), (b'Date', b'Mon, 23 Jun 2025 05:24:11 GMT'), (b'Content-Type', b'application/json'), (b'Content-Length', b'23'), (b'Connection', b'keep-alive'), (b'Strict-Transport-Security', b'max-age=31536000; includeSubDomains; preload'), (b'Access-Control-Allow-Origin', b'*'), (b'Access-Control-Allow-Methods', b'GET, POST, OPTIONS'), (b'Access-Control-Expose-Headers', b'Content-Length,Content-Type,Date,Server,Connection')])
2025-06-23 06:24:08,996 - httpx - INFO - HTTP Request: POST https://api.telegram.org/bot7707158318:AAE8rWa4Q8Z_3avql6K0HAmXaooZAReoNF0/getUpdates "HTTP/1.1 200 OK"
2025-06-23 06:24:09,000 - httpcore.http11 - DEBUG - receive_response_body.started request=<Request [b'POST']>
2025-06-23 06:24:09,000 - httpcore.http11 - DEBUG - receive_response_body.complete
2025-06-23 06:24:09,000 - httpcore.http11 - DEBUG - response_closed.started
2025-06-23 06:24:09,000 - httpcore.http11 - DEBUG - response_closed.complete
2025-06-23 06:24:09,000 - telegram.ext.ExtBot - DEBUG - No new updates found.
2025-06-23 06:24:09,000 - telegram.ext.ExtBot - DEBUG - ()
2025-06-23 06:24:09,000 - telegram.ext.ExtBot - DEBUG - Exiting: get_updates
2025-06-23 06:24:09,000 - telegram.ext.ExtBot - DEBUG - Entering: get_updates
2025-06-23 06:24:09,000 - httpcore.http11 - DEBUG - send_request_headers.started request=<Request [b'POST']>
2025-06-23 06:24:09,000 - httpcore.http11 - DEBUG - send_request_headers.complete
2025-06-23 06:24:09,000 - httpcore.http11 - DEBUG - send_request_body.started request=<Request [b'POST']>
2025-06-23 06:24:09,004 - httpcore.http11 - DEBUG - send_request_body.complete
2025-06-23 06:24:09,004 - httpcore.http11 - DEBUG - receive_response_headers.started request=<Request [b'POST']>
2025-06-23 06:24:19,082 - httpcore.http11 - DEBUG - receive_response_headers.complete return_value=(b'HTTP/1.1', 200, b'OK', [(b'Server', b'nginx/1.18.0'), (b'Date', b'Mon, 23 Jun 2025 05:24:21 GMT'), (b'Content-Type', b'application/json'), (b'Content-Length', b'23'), (b'Connection', b'keep-alive'), (b'Strict-Transport-Security', b'max-age=31536000; includeSubDomains; preload'), (b'Access-Control-Allow-Origin', b'*'), (b'Access-Control-Allow-Methods', b'GET, POST, OPTIONS'), (b'Access-Control-Expose-Headers', b'Content-Length,Content-Type,Date,Server,Connection')])
2025-06-23 06:24:19,082 - httpx - INFO - HTTP Request: POST https://api.telegram.org/bot7707158318:AAE8rWa4Q8Z_3avql6K0HAmXaooZAReoNF0/getUpdates "HTTP/1.1 200 OK"
2025-06-23 06:24:19,082 - httpcore.http11 - DEBUG - receive_response_body.started request=<Request [b'POST']>
2025-06-23 06:24:19,082 - httpcore.http11 - DEBUG - receive_response_body.complete
2025-06-23 06:24:19,087 - httpcore.http11 - DEBUG - response_closed.started
2025-06-23 06:24:19,087 - httpcore.http11 - DEBUG - response_closed.complete
2025-06-23 06:24:19,087 - telegram.ext.ExtBot - DEBUG - No new updates found.
2025-06-23 06:24:19,087 - telegram.ext.ExtBot - DEBUG - ()
2025-06-23 06:24:19,087 - telegram.ext.ExtBot - DEBUG - Exiting: get_updates
2025-06-23 06:24:19,087 - telegram.ext.ExtBot - DEBUG - Entering: get_updates
2025-06-23 06:24:19,087 - httpcore.http11 - DEBUG - send_request_headers.started request=<Request [b'POST']>
2025-06-23 06:24:19,091 - httpcore.http11 - DEBUG - send_request_headers.complete
2025-06-23 06:24:19,091 - httpcore.http11 - DEBUG - send_request_body.started request=<Request [b'POST']>
2025-06-23 06:24:19,092 - httpcore.http11 - DEBUG - send_request_body.complete
2025-06-23 06:24:19,092 - httpcore.http11 - DEBUG - receive_response_headers.started request=<Request [b'POST']>
2025-06-23 06:24:29,173 - httpcore.http11 - DEBUG - receive_response_headers.complete return_value=(b'HTTP/1.1', 200, b'OK', [(b'Server', b'nginx/1.18.0'), (b'Date', b'Mon, 23 Jun 2025 05:24:31 GMT'), (b'Content-Type', b'application/json'), (b'Content-Length', b'23'), (b'Connection', b'keep-alive'), (b'Strict-Transport-Security', b'max-age=31536000; includeSubDomains; preload'), (b'Access-Control-Allow-Origin', b'*'), (b'Access-Control-Allow-Methods', b'GET, POST, OPTIONS'), (b'Access-Control-Expose-Headers', b'Content-Length,Content-Type,Date,Server,Connection')])
2025-06-23 06:24:29,175 - httpx - INFO - HTTP Request: POST https://api.telegram.org/bot7707158318:AAE8rWa4Q8Z_3avql6K0HAmXaooZAReoNF0/getUpdates "HTTP/1.1 200 OK"
2025-06-23 06:24:29,177 - httpcore.http11 - DEBUG - receive_response_body.started request=<Request [b'POST']>
2025-06-23 06:24:29,177 - httpcore.http11 - DEBUG - receive_response_body.complete
2025-06-23 06:24:29,177 - httpcore.http11 - DEBUG - response_closed.started
2025-06-23 06:24:29,178 - httpcore.http11 - DEBUG - response_closed.complete
2025-06-23 06:24:29,178 - telegram.ext.ExtBot - DEBUG - No new updates found.
2025-06-23 06:24:29,178 - telegram.ext.ExtBot - DEBUG - ()
2025-06-23 06:24:29,178 - telegram.ext.ExtBot - DEBUG - Exiting: get_updates
2025-06-23 06:24:29,178 - telegram.ext.ExtBot - DEBUG - Entering: get_updates
2025-06-23 06:24:29,178 - httpcore.http11 - DEBUG - send_request_headers.started request=<Request [b'POST']>
2025-06-23 06:24:29,182 - httpcore.http11 - DEBUG - send_request_headers.complete
2025-06-23 06:24:29,182 - httpcore.http11 - DEBUG - send_request_body.started request=<Request [b'POST']>
2025-06-23 06:24:29,182 - httpcore.http11 - DEBUG - send_request_body.complete
2025-06-23 06:24:29,182 - httpcore.http11 - DEBUG - receive_response_headers.started request=<Request [b'POST']>
2025-06-23 06:24:39,258 - httpcore.http11 - DEBUG - receive_response_headers.complete return_value=(b'HTTP/1.1', 200, b'OK', [(b'Server', b'nginx/1.18.0'), (b'Date', b'Mon, 23 Jun 2025 05:24:41 GMT'), (b'Content-Type', b'application/json'), (b'Content-Length', b'23'), (b'Connection', b'keep-alive'), (b'Strict-Transport-Security', b'max-age=31536000; includeSubDomains; preload'), (b'Access-Control-Allow-Origin', b'*'), (b'Access-Control-Allow-Methods', b'GET, POST, OPTIONS'), (b'Access-Control-Expose-Headers', b'Content-Length,Content-Type,Date,Server,Connection')])
2025-06-23 06:24:39,259 - httpx - INFO - HTTP Request: POST https://api.telegram.org/bot7707158318:AAE8rWa4Q8Z_3avql6K0HAmXaooZAReoNF0/getUpdates "HTTP/1.1 200 OK"
2025-06-23 06:24:39,259 - httpcore.http11 - DEBUG - receive_response_body.started request=<Request [b'POST']>
2025-06-23 06:24:39,259 - httpcore.http11 - DEBUG - receive_response_body.complete
2025-06-23 06:24:39,259 - httpcore.http11 - DEBUG - response_closed.started
2025-06-23 06:24:39,259 - httpcore.http11 - DEBUG - response_closed.complete
2025-06-23 06:24:39,261 - telegram.ext.ExtBot - DEBUG - No new updates found.
2025-06-23 06:24:39,261 - telegram.ext.ExtBot - DEBUG - ()
2025-06-23 06:24:39,261 - telegram.ext.ExtBot - DEBUG - Exiting: get_updates
2025-06-23 06:24:39,261 - telegram.ext.ExtBot - DEBUG - Entering: get_updates
2025-06-23 06:24:39,263 - httpcore.http11 - DEBUG - send_request_headers.started request=<Request [b'POST']>
2025-06-23 06:24:39,263 - httpcore.http11 - DEBUG - send_request_headers.complete
2025-06-23 06:24:39,263 - httpcore.http11 - DEBUG - send_request_body.started request=<Request [b'POST']>
2025-06-23 06:24:39,265 - httpcore.http11 - DEBUG - send_request_body.complete
2025-06-23 06:24:39,265 - httpcore.http11 - DEBUG - receive_response_headers.started request=<Request [b'POST']>
2025-06-23 06:24:49,343 - httpcore.http11 - DEBUG - receive_response_headers.complete return_value=(b'HTTP/1.1', 200, b'OK', [(b'Server', b'nginx/1.18.0'), (b'Date', b'Mon, 23 Jun 2025 05:24:51 GMT'), (b'Content-Type', b'application/json'), (b'Content-Length', b'23'), (b'Connection', b'keep-alive'), (b'Strict-Transport-Security', b'max-age=31536000; includeSubDomains; preload'), (b'Access-Control-Allow-Origin', b'*'), (b'Access-Control-Allow-Methods', b'GET, POST, OPTIONS'), (b'Access-Control-Expose-Headers', b'Content-Length,Content-Type,Date,Server,Connection')])
2025-06-23 06:24:49,343 - httpx - INFO - HTTP Request: POST https://api.telegram.org/bot7707158318:AAE8rWa4Q8Z_3avql6K0HAmXaooZAReoNF0/getUpdates "HTTP/1.1 200 OK"
2025-06-23 06:24:49,343 - httpcore.http11 - DEBUG - receive_response_body.started request=<Request [b'POST']>
2025-06-23 06:24:49,348 - httpcore.http11 - DEBUG - receive_response_body.complete
2025-06-23 06:24:49,348 - httpcore.http11 - DEBUG - response_closed.started
2025-06-23 06:24:49,348 - httpcore.http11 - DEBUG - response_closed.complete
2025-06-23 06:24:49,348 - telegram.ext.ExtBot - DEBUG - No new updates found.
2025-06-23 06:24:49,348 - telegram.ext.ExtBot - DEBUG - ()
2025-06-23 06:24:49,348 - telegram.ext.ExtBot - DEBUG - Exiting: get_updates
2025-06-23 06:24:49,348 - telegram.ext.ExtBot - DEBUG - Entering: get_updates
2025-06-23 06:24:49,350 - httpcore.http11 - DEBUG - send_request_headers.started request=<Request [b'POST']>
2025-06-23 06:24:49,352 - httpcore.http11 - DEBUG - send_request_headers.complete
2025-06-23 06:24:49,352 - httpcore.http11 - DEBUG - send_request_body.started request=<Request [b'POST']>
2025-06-23 06:24:49,354 - httpcore.http11 - DEBUG - send_request_body.complete
2025-06-23 06:24:49,354 - httpcore.http11 - DEBUG - receive_response_headers.started request=<Request [b'POST']>
2025-06-23 06:24:59,442 - httpcore.http11 - DEBUG - receive_response_headers.complete return_value=(b'HTTP/1.1', 200, b'OK', [(b'Server', b'nginx/1.18.0'), (b'Date', b'Mon, 23 Jun 2025 05:25:01 GMT'), (b'Content-Type', b'application/json'), (b'Content-Length', b'23'), (b'Connection', b'keep-alive'), (b'Strict-Transport-Security', b'max-age=31536000; includeSubDomains; preload'), (b'Access-Control-Allow-Origin', b'*'), (b'Access-Control-Allow-Methods', b'GET, POST, OPTIONS'), (b'Access-Control-Expose-Headers', b'Content-Length,Content-Type,Date,Server,Connection')])
2025-06-23 06:24:59,442 - httpx - INFO - HTTP Request: POST https://api.telegram.org/bot7707158318:AAE8rWa4Q8Z_3avql6K0HAmXaooZAReoNF0/getUpdates "HTTP/1.1 200 OK"
2025-06-23 06:24:59,443 - httpcore.http11 - DEBUG - receive_response_body.started request=<Request [b'POST']>
2025-06-23 06:24:59,443 - httpcore.http11 - DEBUG - receive_response_body.complete
2025-06-23 06:24:59,443 - httpcore.http11 - DEBUG - response_closed.started
2025-06-23 06:24:59,443 - httpcore.http11 - DEBUG - response_closed.complete
2025-06-23 06:24:59,443 - telegram.ext.ExtBot - DEBUG - No new updates found.
2025-06-23 06:24:59,443 - telegram.ext.ExtBot - DEBUG - ()
2025-06-23 06:24:59,443 - telegram.ext.ExtBot - DEBUG - Exiting: get_updates
2025-06-23 06:24:59,443 - telegram.ext.ExtBot - DEBUG - Entering: get_updates
2025-06-23 06:24:59,443 - httpcore.http11 - DEBUG - send_request_headers.started request=<Request [b'POST']>
2025-06-23 06:24:59,443 - httpcore.http11 - DEBUG - send_request_headers.complete
2025-06-23 06:24:59,443 - httpcore.http11 - DEBUG - send_request_body.started request=<Request [b'POST']>
2025-06-23 06:24:59,443 - httpcore.http11 - DEBUG - send_request_body.complete
2025-06-23 06:24:59,443 - httpcore.http11 - DEBUG - receive_response_headers.started request=<Request [b'POST']>
2025-06-23 06:25:09,555 - httpcore.http11 - DEBUG - receive_response_headers.complete return_value=(b'HTTP/1.1', 200, b'OK', [(b'Server', b'nginx/1.18.0'), (b'Date', b'Mon, 23 Jun 2025 05:25:11 GMT'), (b'Content-Type', b'application/json'), (b'Content-Length', b'23'), (b'Connection', b'keep-alive'), (b'Strict-Transport-Security', b'max-age=31536000; includeSubDomains; preload'), (b'Access-Control-Allow-Origin', b'*'), (b'Access-Control-Allow-Methods', b'GET, POST, OPTIONS'), (b'Access-Control-Expose-Headers', b'Content-Length,Content-Type,Date,Server,Connection')])
2025-06-23 06:25:09,555 - httpx - INFO - HTTP Request: POST https://api.telegram.org/bot7707158318:AAE8rWa4Q8Z_3avql6K0HAmXaooZAReoNF0/getUpdates "HTTP/1.1 200 OK"
2025-06-23 06:25:09,558 - httpcore.http11 - DEBUG - receive_response_body.started request=<Request [b'POST']>
2025-06-23 06:25:09,558 - httpcore.http11 - DEBUG - receive_response_body.complete
2025-06-23 06:25:09,558 - httpcore.http11 - DEBUG - response_closed.started
2025-06-23 06:25:09,558 - httpcore.http11 - DEBUG - response_closed.complete
2025-06-23 06:25:09,560 - telegram.ext.ExtBot - DEBUG - No new updates found.
2025-06-23 06:25:09,560 - telegram.ext.ExtBot - DEBUG - ()
2025-06-23 06:25:09,560 - telegram.ext.ExtBot - DEBUG - Exiting: get_updates
2025-06-23 06:25:09,560 - telegram.ext.ExtBot - DEBUG - Entering: get_updates
2025-06-23 06:25:09,562 - httpcore.http11 - DEBUG - send_request_headers.started request=<Request [b'POST']>
2025-06-23 06:25:09,562 - httpcore.http11 - DEBUG - send_request_headers.complete
2025-06-23 06:25:09,562 - httpcore.http11 - DEBUG - send_request_body.started request=<Request [b'POST']>
2025-06-23 06:25:09,564 - httpcore.http11 - DEBUG - send_request_body.complete
2025-06-23 06:25:09,564 - httpcore.http11 - DEBUG - receive_response_headers.started request=<Request [b'POST']>
2025-06-23 06:25:19,676 - httpcore.http11 - DEBUG - receive_response_headers.complete return_value=(b'HTTP/1.1', 200, b'OK', [(b'Server', b'nginx/1.18.0'), (b'Date', b'Mon, 23 Jun 2025 05:25:21 GMT'), (b'Content-Type', b'application/json'), (b'Content-Length', b'23'), (b'Connection', b'keep-alive'), (b'Strict-Transport-Security', b'max-age=31536000; includeSubDomains; preload'), (b'Access-Control-Allow-Origin', b'*'), (b'Access-Control-Allow-Methods', b'GET, POST, OPTIONS'), (b'Access-Control-Expose-Headers', b'Content-Length,Content-Type,Date,Server,Connection')])
2025-06-23 06:25:19,678 - httpx - INFO - HTTP Request: POST https://api.telegram.org/bot7707158318:AAE8rWa4Q8Z_3avql6K0HAmXaooZAReoNF0/getUpdates "HTTP/1.1 200 OK"
2025-06-23 06:25:19,678 - httpcore.http11 - DEBUG - receive_response_body.started request=<Request [b'POST']>
2025-06-23 06:25:19,678 - httpcore.http11 - DEBUG - receive_response_body.complete
2025-06-23 06:25:19,680 - httpcore.http11 - DEBUG - response_closed.started
2025-06-23 06:25:19,680 - httpcore.http11 - DEBUG - response_closed.complete
2025-06-23 06:25:19,680 - telegram.ext.ExtBot - DEBUG - No new updates found.
2025-06-23 06:25:19,680 - telegram.ext.ExtBot - DEBUG - ()
2025-06-23 06:25:19,680 - telegram.ext.ExtBot - DEBUG - Exiting: get_updates
2025-06-23 06:25:19,680 - telegram.ext.ExtBot - DEBUG - Entering: get_updates
2025-06-23 06:25:19,682 - httpcore.http11 - DEBUG - send_request_headers.started request=<Request [b'POST']>
2025-06-23 06:25:19,682 - httpcore.http11 - DEBUG - send_request_headers.complete
2025-06-23 06:25:19,682 - httpcore.http11 - DEBUG - send_request_body.started request=<Request [b'POST']>
2025-06-23 06:25:19,682 - httpcore.http11 - DEBUG - send_request_body.complete
2025-06-23 06:25:19,682 - httpcore.http11 - DEBUG - receive_response_headers.started request=<Request [b'POST']>
2025-06-23 06:25:29,761 - httpcore.http11 - DEBUG - receive_response_headers.complete return_value=(b'HTTP/1.1', 200, b'OK', [(b'Server', b'nginx/1.18.0'), (b'Date', b'Mon, 23 Jun 2025 05:25:32 GMT'), (b'Content-Type', b'application/json'), (b'Content-Length', b'23'), (b'Connection', b'keep-alive'), (b'Strict-Transport-Security', b'max-age=31536000; includeSubDomains; preload'), (b'Access-Control-Allow-Origin', b'*'), (b'Access-Control-Allow-Methods', b'GET, POST, OPTIONS'), (b'Access-Control-Expose-Headers', b'Content-Length,Content-Type,Date,Server,Connection')])
2025-06-23 06:25:29,762 - httpx - INFO - HTTP Request: POST https://api.telegram.org/bot7707158318:AAE8rWa4Q8Z_3avql6K0HAmXaooZAReoNF0/getUpdates "HTTP/1.1 200 OK"
2025-06-23 06:25:29,763 - httpcore.http11 - DEBUG - receive_response_body.started request=<Request [b'POST']>
2025-06-23 06:25:29,763 - httpcore.http11 - DEBUG - receive_response_body.complete
2025-06-23 06:25:29,763 - httpcore.http11 - DEBUG - response_closed.started
2025-06-23 06:25:29,763 - httpcore.http11 - DEBUG - response_closed.complete
2025-06-23 06:25:29,765 - telegram.ext.ExtBot - DEBUG - No new updates found.
2025-06-23 06:25:29,765 - telegram.ext.ExtBot - DEBUG - ()
2025-06-23 06:25:29,765 - telegram.ext.ExtBot - DEBUG - Exiting: get_updates
2025-06-23 06:25:29,765 - telegram.ext.ExtBot - DEBUG - Entering: get_updates
2025-06-23 06:25:29,766 - httpcore.http11 - DEBUG - send_request_headers.started request=<Request [b'POST']>
2025-06-23 06:25:29,768 - httpcore.http11 - DEBUG - send_request_headers.complete
2025-06-23 06:25:29,768 - httpcore.http11 - DEBUG - send_request_body.started request=<Request [b'POST']>
2025-06-23 06:25:29,768 - httpcore.http11 - DEBUG - send_request_body.complete
2025-06-23 06:25:29,768 - httpcore.http11 - DEBUG - receive_response_headers.started request=<Request [b'POST']>
2025-06-23 06:25:39,865 - httpcore.http11 - DEBUG - receive_response_headers.complete return_value=(b'HTTP/1.1', 200, b'OK', [(b'Server', b'nginx/1.18.0'), (b'Date', b'Mon, 23 Jun 2025 05:25:42 GMT'), (b'Content-Type', b'application/json'), (b'Content-Length', b'23'), (b'Connection', b'keep-alive'), (b'Strict-Transport-Security', b'max-age=31536000; includeSubDomains; preload'), (b'Access-Control-Allow-Origin', b'*'), (b'Access-Control-Allow-Methods', b'GET, POST, OPTIONS'), (b'Access-Control-Expose-Headers', b'Content-Length,Content-Type,Date,Server,Connection')])
2025-06-23 06:25:39,869 - httpx - INFO - HTTP Request: POST https://api.telegram.org/bot7707158318:AAE8rWa4Q8Z_3avql6K0HAmXaooZAReoNF0/getUpdates "HTTP/1.1 200 OK"
2025-06-23 06:25:39,869 - httpcore.http11 - DEBUG - receive_response_body.started request=<Request [b'POST']>
2025-06-23 06:25:39,869 - httpcore.http11 - DEBUG - receive_response_body.complete
2025-06-23 06:25:39,869 - httpcore.http11 - DEBUG - response_closed.started
2025-06-23 06:25:39,869 - httpcore.http11 - DEBUG - response_closed.complete
2025-06-23 06:25:39,869 - telegram.ext.ExtBot - DEBUG - No new updates found.
2025-06-23 06:25:39,869 - telegram.ext.ExtBot - DEBUG - ()
2025-06-23 06:25:39,869 - telegram.ext.ExtBot - DEBUG - Exiting: get_updates
2025-06-23 06:25:39,870 - telegram.ext.ExtBot - DEBUG - Entering: get_updates
2025-06-23 06:25:39,870 - httpcore.http11 - DEBUG - send_request_headers.started request=<Request [b'POST']>
2025-06-23 06:25:39,870 - httpcore.http11 - DEBUG - send_request_headers.complete
2025-06-23 06:25:39,870 - httpcore.http11 - DEBUG - send_request_body.started request=<Request [b'POST']>
2025-06-23 06:25:39,872 - httpcore.http11 - DEBUG - send_request_body.complete
2025-06-23 06:25:39,872 - httpcore.http11 - DEBUG - receive_response_headers.started request=<Request [b'POST']>
2025-06-23 06:25:49,948 - httpcore.http11 - DEBUG - receive_response_headers.complete return_value=(b'HTTP/1.1', 200, b'OK', [(b'Server', b'nginx/1.18.0'), (b'Date', b'Mon, 23 Jun 2025 05:25:52 GMT'), (b'Content-Type', b'application/json'), (b'Content-Length', b'23'), (b'Connection', b'keep-alive'), (b'Strict-Transport-Security', b'max-age=31536000; includeSubDomains; preload'), (b'Access-Control-Allow-Origin', b'*'), (b'Access-Control-Allow-Methods', b'GET, POST, OPTIONS'), (b'Access-Control-Expose-Headers', b'Content-Length,Content-Type,Date,Server,Connection')])
2025-06-23 06:25:49,949 - httpx - INFO - HTTP Request: POST https://api.telegram.org/bot7707158318:AAE8rWa4Q8Z_3avql6K0HAmXaooZAReoNF0/getUpdates "HTTP/1.1 200 OK"
2025-06-23 06:25:49,949 - httpcore.http11 - DEBUG - receive_response_body.started request=<Request [b'POST']>
2025-06-23 06:25:49,949 - httpcore.http11 - DEBUG - receive_response_body.complete
2025-06-23 06:25:49,949 - httpcore.http11 - DEBUG - response_closed.started
2025-06-23 06:25:49,949 - httpcore.http11 - DEBUG - response_closed.complete
2025-06-23 06:25:49,950 - telegram.ext.ExtBot - DEBUG - No new updates found.
2025-06-23 06:25:49,950 - telegram.ext.ExtBot - DEBUG - ()
2025-06-23 06:25:49,950 - telegram.ext.ExtBot - DEBUG - Exiting: get_updates
2025-06-23 06:25:49,950 - telegram.ext.ExtBot - DEBUG - Entering: get_updates
2025-06-23 06:25:49,951 - httpcore.http11 - DEBUG - send_request_headers.started request=<Request [b'POST']>
2025-06-23 06:25:49,951 - httpcore.http11 - DEBUG - send_request_headers.complete
2025-06-23 06:25:49,951 - httpcore.http11 - DEBUG - send_request_body.started request=<Request [b'POST']>
2025-06-23 06:25:49,951 - httpcore.http11 - DEBUG - send_request_body.complete
2025-06-23 06:25:49,951 - httpcore.http11 - DEBUG - receive_response_headers.started request=<Request [b'POST']>
2025-06-23 06:26:00,193 - httpcore.http11 - DEBUG - receive_response_headers.complete return_value=(b'HTTP/1.1', 200, b'OK', [(b'Server', b'nginx/1.18.0'), (b'Date', b'Mon, 23 Jun 2025 05:26:02 GMT'), (b'Content-Type', b'application/json'), (b'Content-Length', b'23'), (b'Connection', b'keep-alive'), (b'Strict-Transport-Security', b'max-age=31536000; includeSubDomains; preload'), (b'Access-Control-Allow-Origin', b'*'), (b'Access-Control-Allow-Methods', b'GET, POST, OPTIONS'), (b'Access-Control-Expose-Headers', b'Content-Length,Content-Type,Date,Server,Connection')])
2025-06-23 06:26:00,193 - httpx - INFO - HTTP Request: POST https://api.telegram.org/bot7707158318:AAE8rWa4Q8Z_3avql6K0HAmXaooZAReoNF0/getUpdates "HTTP/1.1 200 OK"
2025-06-23 06:26:00,197 - httpcore.http11 - DEBUG - receive_response_body.started request=<Request [b'POST']>
2025-06-23 06:26:00,197 - httpcore.http11 - DEBUG - receive_response_body.complete
2025-06-23 06:26:00,197 - httpcore.http11 - DEBUG - response_closed.started
2025-06-23 06:26:00,197 - httpcore.http11 - DEBUG - response_closed.complete
2025-06-23 06:26:00,197 - telegram.ext.ExtBot - DEBUG - No new updates found.
2025-06-23 06:26:00,197 - telegram.ext.ExtBot - DEBUG - ()
2025-06-23 06:26:00,197 - telegram.ext.ExtBot - DEBUG - Exiting: get_updates
2025-06-23 06:26:00,199 - telegram.ext.ExtBot - DEBUG - Entering: get_updates
2025-06-23 06:26:00,200 - httpcore.http11 - DEBUG - send_request_headers.started request=<Request [b'POST']>
2025-06-23 06:26:00,202 - httpcore.http11 - DEBUG - send_request_headers.complete
2025-06-23 06:26:00,202 - httpcore.http11 - DEBUG - send_request_body.started request=<Request [b'POST']>
2025-06-23 06:26:00,202 - httpcore.http11 - DEBUG - send_request_body.complete
2025-06-23 06:26:00,203 - httpcore.http11 - DEBUG - receive_response_headers.started request=<Request [b'POST']>
2025-06-23 06:26:10,281 - httpcore.http11 - DEBUG - receive_response_headers.complete return_value=(b'HTTP/1.1', 200, b'OK', [(b'Server', b'nginx/1.18.0'), (b'Date', b'Mon, 23 Jun 2025 05:26:12 GMT'), (b'Content-Type', b'application/json'), (b'Content-Length', b'23'), (b'Connection', b'keep-alive'), (b'Strict-Transport-Security', b'max-age=31536000; includeSubDomains; preload'), (b'Access-Control-Allow-Origin', b'*'), (b'Access-Control-Allow-Methods', b'GET, POST, OPTIONS'), (b'Access-Control-Expose-Headers', b'Content-Length,Content-Type,Date,Server,Connection')])
2025-06-23 06:26:10,281 - httpx - INFO - HTTP Request: POST https://api.telegram.org/bot7707158318:AAE8rWa4Q8Z_3avql6K0HAmXaooZAReoNF0/getUpdates "HTTP/1.1 200 OK"
2025-06-23 06:26:10,281 - httpcore.http11 - DEBUG - receive_response_body.started request=<Request [b'POST']>
2025-06-23 06:26:10,281 - httpcore.http11 - DEBUG - receive_response_body.complete
2025-06-23 06:26:10,281 - httpcore.http11 - DEBUG - response_closed.started
2025-06-23 06:26:10,285 - httpcore.http11 - DEBUG - response_closed.complete
2025-06-23 06:26:10,285 - telegram.ext.ExtBot - DEBUG - No new updates found.
2025-06-23 06:26:10,285 - telegram.ext.ExtBot - DEBUG - ()
2025-06-23 06:26:10,286 - telegram.ext.ExtBot - DEBUG - Exiting: get_updates
2025-06-23 06:26:10,286 - telegram.ext.ExtBot - DEBUG - Entering: get_updates
2025-06-23 06:26:10,288 - httpcore.http11 - DEBUG - send_request_headers.started request=<Request [b'POST']>
2025-06-23 06:26:10,288 - httpcore.http11 - DEBUG - send_request_headers.complete
2025-06-23 06:26:10,288 - httpcore.http11 - DEBUG - send_request_body.started request=<Request [b'POST']>
2025-06-23 06:26:10,290 - httpcore.http11 - DEBUG - send_request_body.complete
2025-06-23 06:26:10,290 - httpcore.http11 - DEBUG - receive_response_headers.started request=<Request [b'POST']>
2025-06-23 06:26:20,370 - httpcore.http11 - DEBUG - receive_response_headers.complete return_value=(b'HTTP/1.1', 200, b'OK', [(b'Server', b'nginx/1.18.0'), (b'Date', b'Mon, 23 Jun 2025 05:26:22 GMT'), (b'Content-Type', b'application/json'), (b'Content-Length', b'23'), (b'Connection', b'keep-alive'), (b'Strict-Transport-Security', b'max-age=31536000; includeSubDomains; preload'), (b'Access-Control-Allow-Origin', b'*'), (b'Access-Control-Allow-Methods', b'GET, POST, OPTIONS'), (b'Access-Control-Expose-Headers', b'Content-Length,Content-Type,Date,Server,Connection')])
2025-06-23 06:26:20,371 - httpx - INFO - HTTP Request: POST https://api.telegram.org/bot7707158318:AAE8rWa4Q8Z_3avql6K0HAmXaooZAReoNF0/getUpdates "HTTP/1.1 200 OK"
2025-06-23 06:26:20,373 - httpcore.http11 - DEBUG - receive_response_body.started request=<Request [b'POST']>
2025-06-23 06:26:20,374 - httpcore.http11 - DEBUG - receive_response_body.complete
2025-06-23 06:26:20,374 - httpcore.http11 - DEBUG - response_closed.started
2025-06-23 06:26:20,374 - httpcore.http11 - DEBUG - response_closed.complete
2025-06-23 06:26:20,376 - telegram.ext.ExtBot - DEBUG - No new updates found.
2025-06-23 06:26:20,376 - telegram.ext.ExtBot - DEBUG - ()
2025-06-23 06:26:20,376 - telegram.ext.ExtBot - DEBUG - Exiting: get_updates
2025-06-23 06:26:20,376 - telegram.ext.ExtBot - DEBUG - Entering: get_updates
2025-06-23 06:26:20,377 - httpcore.http11 - DEBUG - send_request_headers.started request=<Request [b'POST']>
2025-06-23 06:26:20,378 - httpcore.http11 - DEBUG - send_request_headers.complete
2025-06-23 06:26:20,378 - httpcore.http11 - DEBUG - send_request_body.started request=<Request [b'POST']>
2025-06-23 06:26:20,378 - httpcore.http11 - DEBUG - send_request_body.complete
2025-06-23 06:26:20,379 - httpcore.http11 - DEBUG - receive_response_headers.started request=<Request [b'POST']>
2025-06-23 06:26:30,454 - httpcore.http11 - DEBUG - receive_response_headers.complete return_value=(b'HTTP/1.1', 200, b'OK', [(b'Server', b'nginx/1.18.0'), (b'Date', b'Mon, 23 Jun 2025 05:26:32 GMT'), (b'Content-Type', b'application/json'), (b'Content-Length', b'23'), (b'Connection', b'keep-alive'), (b'Strict-Transport-Security', b'max-age=31536000; includeSubDomains; preload'), (b'Access-Control-Allow-Origin', b'*'), (b'Access-Control-Allow-Methods', b'GET, POST, OPTIONS'), (b'Access-Control-Expose-Headers', b'Content-Length,Content-Type,Date,Server,Connection')])
2025-06-23 06:26:30,454 - httpx - INFO - HTTP Request: POST https://api.telegram.org/bot7707158318:AAE8rWa4Q8Z_3avql6K0HAmXaooZAReoNF0/getUpdates "HTTP/1.1 200 OK"
2025-06-23 06:26:30,458 - httpcore.http11 - DEBUG - receive_response_body.started request=<Request [b'POST']>
2025-06-23 06:26:30,458 - httpcore.http11 - DEBUG - receive_response_body.complete
2025-06-23 06:26:30,458 - httpcore.http11 - DEBUG - response_closed.started
2025-06-23 06:26:30,460 - httpcore.http11 - DEBUG - response_closed.complete
2025-06-23 06:26:30,460 - telegram.ext.ExtBot - DEBUG - No new updates found.
2025-06-23 06:26:30,460 - telegram.ext.ExtBot - DEBUG - ()
2025-06-23 06:26:30,460 - telegram.ext.ExtBot - DEBUG - Exiting: get_updates
2025-06-23 06:26:30,460 - telegram.ext.ExtBot - DEBUG - Entering: get_updates
2025-06-23 06:26:30,462 - httpcore.http11 - DEBUG - send_request_headers.started request=<Request [b'POST']>
2025-06-23 06:26:30,462 - httpcore.http11 - DEBUG - send_request_headers.complete
2025-06-23 06:26:30,464 - httpcore.http11 - DEBUG - send_request_body.started request=<Request [b'POST']>
2025-06-23 06:26:30,464 - httpcore.http11 - DEBUG - send_request_body.complete
2025-06-23 06:26:30,464 - httpcore.http11 - DEBUG - receive_response_headers.started request=<Request [b'POST']>
2025-06-23 06:26:40,732 - httpcore.http11 - DEBUG - receive_response_headers.complete return_value=(b'HTTP/1.1', 200, b'OK', [(b'Server', b'nginx/1.18.0'), (b'Date', b'Mon, 23 Jun 2025 05:26:42 GMT'), (b'Content-Type', b'application/json'), (b'Content-Length', b'23'), (b'Connection', b'keep-alive'), (b'Strict-Transport-Security', b'max-age=31536000; includeSubDomains; preload'), (b'Access-Control-Allow-Origin', b'*'), (b'Access-Control-Allow-Methods', b'GET, POST, OPTIONS'), (b'Access-Control-Expose-Headers', b'Content-Length,Content-Type,Date,Server,Connection')])
2025-06-23 06:26:40,732 - httpx - INFO - HTTP Request: POST https://api.telegram.org/bot7707158318:AAE8rWa4Q8Z_3avql6K0HAmXaooZAReoNF0/getUpdates "HTTP/1.1 200 OK"
2025-06-23 06:26:40,732 - httpcore.http11 - DEBUG - receive_response_body.started request=<Request [b'POST']>
2025-06-23 06:26:40,732 - httpcore.http11 - DEBUG - receive_response_body.complete
2025-06-23 06:26:40,732 - httpcore.http11 - DEBUG - response_closed.started
2025-06-23 06:26:40,737 - httpcore.http11 - DEBUG - response_closed.complete
2025-06-23 06:26:40,737 - telegram.ext.ExtBot - DEBUG - No new updates found.
2025-06-23 06:26:40,737 - telegram.ext.ExtBot - DEBUG - ()
2025-06-23 06:26:40,737 - telegram.ext.ExtBot - DEBUG - Exiting: get_updates
2025-06-23 06:26:40,737 - telegram.ext.ExtBot - DEBUG - Entering: get_updates
2025-06-23 06:26:40,739 - httpcore.http11 - DEBUG - send_request_headers.started request=<Request [b'POST']>
2025-06-23 06:26:40,739 - httpcore.http11 - DEBUG - send_request_headers.complete
2025-06-23 06:26:40,739 - httpcore.http11 - DEBUG - send_request_body.started request=<Request [b'POST']>
2025-06-23 06:26:40,742 - httpcore.http11 - DEBUG - send_request_body.complete
2025-06-23 06:26:40,742 - httpcore.http11 - DEBUG - receive_response_headers.started request=<Request [b'POST']>
2025-06-23 06:26:50,994 - httpcore.http11 - DEBUG - receive_response_headers.complete return_value=(b'HTTP/1.1', 200, b'OK', [(b'Server', b'nginx/1.18.0'), (b'Date', b'Mon, 23 Jun 2025 05:26:53 GMT'), (b'Content-Type', b'application/json'), (b'Content-Length', b'23'), (b'Connection', b'keep-alive'), (b'Strict-Transport-Security', b'max-age=31536000; includeSubDomains; preload'), (b'Access-Control-Allow-Origin', b'*'), (b'Access-Control-Allow-Methods', b'GET, POST, OPTIONS'), (b'Access-Control-Expose-Headers', b'Content-Length,Content-Type,Date,Server,Connection')])
2025-06-23 06:26:50,995 - httpx - INFO - HTTP Request: POST https://api.telegram.org/bot7707158318:AAE8rWa4Q8Z_3avql6K0HAmXaooZAReoNF0/getUpdates "HTTP/1.1 200 OK"
2025-06-23 06:26:50,996 - httpcore.http11 - DEBUG - receive_response_body.started request=<Request [b'POST']>
2025-06-23 06:26:50,996 - httpcore.http11 - DEBUG - receive_response_body.complete
2025-06-23 06:26:50,996 - httpcore.http11 - DEBUG - response_closed.started
2025-06-23 06:26:50,996 - httpcore.http11 - DEBUG - response_closed.complete
2025-06-23 06:26:50,997 - telegram.ext.ExtBot - DEBUG - No new updates found.
2025-06-23 06:26:50,997 - telegram.ext.ExtBot - DEBUG - ()
2025-06-23 06:26:50,997 - telegram.ext.ExtBot - DEBUG - Exiting: get_updates
2025-06-23 06:26:50,997 - telegram.ext.ExtBot - DEBUG - Entering: get_updates
2025-06-23 06:26:50,998 - httpcore.http11 - DEBUG - send_request_headers.started request=<Request [b'POST']>
2025-06-23 06:26:50,999 - httpcore.http11 - DEBUG - send_request_headers.complete
2025-06-23 06:26:50,999 - httpcore.http11 - DEBUG - send_request_body.started request=<Request [b'POST']>
2025-06-23 06:26:50,999 - httpcore.http11 - DEBUG - send_request_body.complete
2025-06-23 06:26:51,000 - httpcore.http11 - DEBUG - receive_response_headers.started request=<Request [b'POST']>
2025-06-23 06:27:01,081 - httpcore.http11 - DEBUG - receive_response_headers.complete return_value=(b'HTTP/1.1', 200, b'OK', [(b'Server', b'nginx/1.18.0'), (b'Date', b'Mon, 23 Jun 2025 05:27:03 GMT'), (b'Content-Type', b'application/json'), (b'Content-Length', b'23'), (b'Connection', b'keep-alive'), (b'Strict-Transport-Security', b'max-age=31536000; includeSubDomains; preload'), (b'Access-Control-Allow-Origin', b'*'), (b'Access-Control-Allow-Methods', b'GET, POST, OPTIONS'), (b'Access-Control-Expose-Headers', b'Content-Length,Content-Type,Date,Server,Connection')])
2025-06-23 06:27:01,083 - httpx - INFO - HTTP Request: POST https://api.telegram.org/bot7707158318:AAE8rWa4Q8Z_3avql6K0HAmXaooZAReoNF0/getUpdates "HTTP/1.1 200 OK"
2025-06-23 06:27:01,085 - httpcore.http11 - DEBUG - receive_response_body.started request=<Request [b'POST']>
2025-06-23 06:27:01,085 - httpcore.http11 - DEBUG - receive_response_body.complete
2025-06-23 06:27:01,086 - httpcore.http11 - DEBUG - response_closed.started
2025-06-23 06:27:01,086 - httpcore.http11 - DEBUG - response_closed.complete
2025-06-23 06:27:01,088 - telegram.ext.ExtBot - DEBUG - No new updates found.
2025-06-23 06:27:01,088 - telegram.ext.ExtBot - DEBUG - ()
2025-06-23 06:27:01,088 - telegram.ext.ExtBot - DEBUG - Exiting: get_updates
2025-06-23 06:27:01,089 - telegram.ext.ExtBot - DEBUG - Entering: get_updates
2025-06-23 06:27:01,092 - httpcore.http11 - DEBUG - send_request_headers.started request=<Request [b'POST']>
2025-06-23 06:27:01,092 - httpcore.http11 - DEBUG - send_request_headers.complete
2025-06-23 06:27:01,092 - httpcore.http11 - DEBUG - send_request_body.started request=<Request [b'POST']>
2025-06-23 06:27:01,093 - httpcore.http11 - DEBUG - send_request_body.complete
2025-06-23 06:27:01,093 - httpcore.http11 - DEBUG - receive_response_headers.started request=<Request [b'POST']>
2025-06-23 06:27:11,235 - httpcore.http11 - DEBUG - receive_response_headers.complete return_value=(b'HTTP/1.1', 200, b'OK', [(b'Server', b'nginx/1.18.0'), (b'Date', b'Mon, 23 Jun 2025 05:27:13 GMT'), (b'Content-Type', b'application/json'), (b'Content-Length', b'23'), (b'Connection', b'keep-alive'), (b'Strict-Transport-Security', b'max-age=31536000; includeSubDomains; preload'), (b'Access-Control-Allow-Origin', b'*'), (b'Access-Control-Allow-Methods', b'GET, POST, OPTIONS'), (b'Access-Control-Expose-Headers', b'Content-Length,Content-Type,Date,Server,Connection')])
2025-06-23 06:27:11,236 - httpx - INFO - HTTP Request: POST https://api.telegram.org/bot7707158318:AAE8rWa4Q8Z_3avql6K0HAmXaooZAReoNF0/getUpdates "HTTP/1.1 200 OK"
2025-06-23 06:27:11,236 - httpcore.http11 - DEBUG - receive_response_body.started request=<Request [b'POST']>
2025-06-23 06:27:11,236 - httpcore.http11 - DEBUG - receive_response_body.complete
2025-06-23 06:27:11,236 - httpcore.http11 - DEBUG - response_closed.started
2025-06-23 06:27:11,236 - httpcore.http11 - DEBUG - response_closed.complete
2025-06-23 06:27:11,239 - telegram.ext.ExtBot - DEBUG - No new updates found.
2025-06-23 06:27:11,239 - telegram.ext.ExtBot - DEBUG - ()
2025-06-23 06:27:11,239 - telegram.ext.ExtBot - DEBUG - Exiting: get_updates
2025-06-23 06:27:11,239 - telegram.ext.ExtBot - DEBUG - Entering: get_updates
2025-06-23 06:27:11,241 - httpcore.http11 - DEBUG - send_request_headers.started request=<Request [b'POST']>
2025-06-23 06:27:11,241 - httpcore.http11 - DEBUG - send_request_headers.complete
2025-06-23 06:27:11,241 - httpcore.http11 - DEBUG - send_request_body.started request=<Request [b'POST']>
2025-06-23 06:27:11,242 - httpcore.http11 - DEBUG - send_request_body.complete
2025-06-23 06:27:11,242 - httpcore.http11 - DEBUG - receive_response_headers.started request=<Request [b'POST']>
2025-06-23 06:27:21,394 - httpcore.http11 - DEBUG - receive_response_headers.complete return_value=(b'HTTP/1.1', 200, b'OK', [(b'Server', b'nginx/1.18.0'), (b'Date', b'Mon, 23 Jun 2025 05:27:23 GMT'), (b'Content-Type', b'application/json'), (b'Content-Length', b'23'), (b'Connection', b'keep-alive'), (b'Strict-Transport-Security', b'max-age=31536000; includeSubDomains; preload'), (b'Access-Control-Allow-Origin', b'*'), (b'Access-Control-Allow-Methods', b'GET, POST, OPTIONS'), (b'Access-Control-Expose-Headers', b'Content-Length,Content-Type,Date,Server,Connection')])
2025-06-23 06:27:21,399 - httpx - INFO - HTTP Request: POST https://api.telegram.org/bot7707158318:AAE8rWa4Q8Z_3avql6K0HAmXaooZAReoNF0/getUpdates "HTTP/1.1 200 OK"
2025-06-23 06:27:21,400 - httpcore.http11 - DEBUG - receive_response_body.started request=<Request [b'POST']>
2025-06-23 06:27:21,400 - httpcore.http11 - DEBUG - receive_response_body.complete
2025-06-23 06:27:21,400 - httpcore.http11 - DEBUG - response_closed.started
2025-06-23 06:27:21,400 - httpcore.http11 - DEBUG - response_closed.complete
2025-06-23 06:27:21,403 - telegram.ext.ExtBot - DEBUG - No new updates found.
2025-06-23 06:27:21,403 - telegram.ext.ExtBot - DEBUG - ()
2025-06-23 06:27:21,403 - telegram.ext.ExtBot - DEBUG - Exiting: get_updates
2025-06-23 06:27:21,403 - telegram.ext.ExtBot - DEBUG - Entering: get_updates
2025-06-23 06:27:21,405 - httpcore.http11 - DEBUG - send_request_headers.started request=<Request [b'POST']>
2025-06-23 06:27:21,405 - httpcore.http11 - DEBUG - send_request_headers.complete
2025-06-23 06:27:21,405 - httpcore.http11 - DEBUG - send_request_body.started request=<Request [b'POST']>
2025-06-23 06:27:21,405 - httpcore.http11 - DEBUG - send_request_body.complete
2025-06-23 06:27:21,405 - httpcore.http11 - DEBUG - receive_response_headers.started request=<Request [b'POST']>
2025-06-23 06:27:31,715 - httpcore.http11 - DEBUG - receive_response_headers.complete return_value=(b'HTTP/1.1', 200, b'OK', [(b'Server', b'nginx/1.18.0'), (b'Date', b'Mon, 23 Jun 2025 05:27:33 GMT'), (b'Content-Type', b'application/json'), (b'Content-Length', b'23'), (b'Connection', b'keep-alive'), (b'Strict-Transport-Security', b'max-age=31536000; includeSubDomains; preload'), (b'Access-Control-Allow-Origin', b'*'), (b'Access-Control-Allow-Methods', b'GET, POST, OPTIONS'), (b'Access-Control-Expose-Headers', b'Content-Length,Content-Type,Date,Server,Connection')])
2025-06-23 06:27:31,715 - httpx - INFO - HTTP Request: POST https://api.telegram.org/bot7707158318:AAE8rWa4Q8Z_3avql6K0HAmXaooZAReoNF0/getUpdates "HTTP/1.1 200 OK"
2025-06-23 06:27:31,715 - httpcore.http11 - DEBUG - receive_response_body.started request=<Request [b'POST']>
2025-06-23 06:27:31,715 - httpcore.http11 - DEBUG - receive_response_body.complete
2025-06-23 06:27:31,715 - httpcore.http11 - DEBUG - response_closed.started
2025-06-23 06:27:31,719 - httpcore.http11 - DEBUG - response_closed.complete
2025-06-23 06:27:31,719 - telegram.ext.ExtBot - DEBUG - No new updates found.
2025-06-23 06:27:31,719 - telegram.ext.ExtBot - DEBUG - ()
2025-06-23 06:27:31,719 - telegram.ext.ExtBot - DEBUG - Exiting: get_updates
2025-06-23 06:27:31,719 - telegram.ext.ExtBot - DEBUG - Entering: get_updates
2025-06-23 06:27:31,720 - httpcore.http11 - DEBUG - send_request_headers.started request=<Request [b'POST']>
2025-06-23 06:27:31,722 - httpcore.http11 - DEBUG - send_request_headers.complete
2025-06-23 06:27:31,723 - httpcore.http11 - DEBUG - send_request_body.started request=<Request [b'POST']>
2025-06-23 06:27:31,723 - httpcore.http11 - DEBUG - send_request_body.complete
2025-06-23 06:27:31,723 - httpcore.http11 - DEBUG - receive_response_headers.started request=<Request [b'POST']>
2025-06-23 06:27:41,962 - httpcore.http11 - DEBUG - receive_response_headers.complete return_value=(b'HTTP/1.1', 200, b'OK', [(b'Server', b'nginx/1.18.0'), (b'Date', b'Mon, 23 Jun 2025 05:27:44 GMT'), (b'Content-Type', b'application/json'), (b'Content-Length', b'23'), (b'Connection', b'keep-alive'), (b'Strict-Transport-Security', b'max-age=31536000; includeSubDomains; preload'), (b'Access-Control-Allow-Origin', b'*'), (b'Access-Control-Allow-Methods', b'GET, POST, OPTIONS'), (b'Access-Control-Expose-Headers', b'Content-Length,Content-Type,Date,Server,Connection')])
2025-06-23 06:27:41,962 - httpx - INFO - HTTP Request: POST https://api.telegram.org/bot7707158318:AAE8rWa4Q8Z_3avql6K0HAmXaooZAReoNF0/getUpdates "HTTP/1.1 200 OK"
2025-06-23 06:27:41,964 - httpcore.http11 - DEBUG - receive_response_body.started request=<Request [b'POST']>
2025-06-23 06:27:41,964 - httpcore.http11 - DEBUG - receive_response_body.complete
2025-06-23 06:27:41,964 - httpcore.http11 - DEBUG - response_closed.started
2025-06-23 06:27:41,964 - httpcore.http11 - DEBUG - response_closed.complete
2025-06-23 06:27:41,967 - telegram.ext.ExtBot - DEBUG - No new updates found.
2025-06-23 06:27:41,967 - telegram.ext.ExtBot - DEBUG - ()
2025-06-23 06:27:41,967 - telegram.ext.ExtBot - DEBUG - Exiting: get_updates
2025-06-23 06:27:41,967 - telegram.ext.ExtBot - DEBUG - Entering: get_updates
2025-06-23 06:27:41,967 - httpcore.http11 - DEBUG - send_request_headers.started request=<Request [b'POST']>
2025-06-23 06:27:41,970 - httpcore.http11 - DEBUG - send_request_headers.complete
2025-06-23 06:27:41,970 - httpcore.http11 - DEBUG - send_request_body.started request=<Request [b'POST']>
2025-06-23 06:27:41,970 - httpcore.http11 - DEBUG - send_request_body.complete
2025-06-23 06:27:41,970 - httpcore.http11 - DEBUG - receive_response_headers.started request=<Request [b'POST']>
2025-06-23 06:27:52,193 - httpcore.http11 - DEBUG - receive_response_headers.complete return_value=(b'HTTP/1.1', 200, b'OK', [(b'Server', b'nginx/1.18.0'), (b'Date', b'Mon, 23 Jun 2025 05:27:54 GMT'), (b'Content-Type', b'application/json'), (b'Content-Length', b'23'), (b'Connection', b'keep-alive'), (b'Strict-Transport-Security', b'max-age=31536000; includeSubDomains; preload'), (b'Access-Control-Allow-Origin', b'*'), (b'Access-Control-Allow-Methods', b'GET, POST, OPTIONS'), (b'Access-Control-Expose-Headers', b'Content-Length,Content-Type,Date,Server,Connection')])
2025-06-23 06:27:52,196 - httpx - INFO - HTTP Request: POST https://api.telegram.org/bot7707158318:AAE8rWa4Q8Z_3avql6K0HAmXaooZAReoNF0/getUpdates "HTTP/1.1 200 OK"
2025-06-23 06:27:52,197 - httpcore.http11 - DEBUG - receive_response_body.started request=<Request [b'POST']>
2025-06-23 06:27:52,197 - httpcore.http11 - DEBUG - receive_response_body.complete
2025-06-23 06:27:52,197 - httpcore.http11 - DEBUG - response_closed.started
2025-06-23 06:27:52,197 - httpcore.http11 - DEBUG - response_closed.complete
2025-06-23 06:27:52,197 - telegram.ext.ExtBot - DEBUG - No new updates found.
2025-06-23 06:27:52,199 - telegram.ext.ExtBot - DEBUG - ()
2025-06-23 06:27:52,199 - telegram.ext.ExtBot - DEBUG - Exiting: get_updates
2025-06-23 06:27:52,199 - telegram.ext.ExtBot - DEBUG - Entering: get_updates
2025-06-23 06:27:52,200 - httpcore.http11 - DEBUG - send_request_headers.started request=<Request [b'POST']>
2025-06-23 06:27:52,200 - httpcore.http11 - DEBUG - send_request_headers.complete
2025-06-23 06:27:52,203 - httpcore.http11 - DEBUG - send_request_body.started request=<Request [b'POST']>
2025-06-23 06:27:52,203 - httpcore.http11 - DEBUG - send_request_body.complete
2025-06-23 06:27:52,203 - httpcore.http11 - DEBUG - receive_response_headers.started request=<Request [b'POST']>
2025-06-23 06:28:02,423 - httpcore.http11 - DEBUG - receive_response_headers.complete return_value=(b'HTTP/1.1', 200, b'OK', [(b'Server', b'nginx/1.18.0'), (b'Date', b'Mon, 23 Jun 2025 05:28:04 GMT'), (b'Content-Type', b'application/json'), (b'Content-Length', b'23'), (b'Connection', b'keep-alive'), (b'Strict-Transport-Security', b'max-age=31536000; includeSubDomains; preload'), (b'Access-Control-Allow-Origin', b'*'), (b'Access-Control-Allow-Methods', b'GET, POST, OPTIONS'), (b'Access-Control-Expose-Headers', b'Content-Length,Content-Type,Date,Server,Connection')])
2025-06-23 06:28:02,425 - httpx - INFO - HTTP Request: POST https://api.telegram.org/bot7707158318:AAE8rWa4Q8Z_3avql6K0HAmXaooZAReoNF0/getUpdates "HTTP/1.1 200 OK"
2025-06-23 06:28:02,425 - httpcore.http11 - DEBUG - receive_response_body.started request=<Request [b'POST']>
2025-06-23 06:28:02,427 - httpcore.http11 - DEBUG - receive_response_body.complete
2025-06-23 06:28:02,427 - httpcore.http11 - DEBUG - response_closed.started
2025-06-23 06:28:02,427 - httpcore.http11 - DEBUG - response_closed.complete
2025-06-23 06:28:02,429 - telegram.ext.ExtBot - DEBUG - No new updates found.
2025-06-23 06:28:02,429 - telegram.ext.ExtBot - DEBUG - ()
2025-06-23 06:28:02,429 - telegram.ext.ExtBot - DEBUG - Exiting: get_updates
2025-06-23 06:28:02,429 - telegram.ext.ExtBot - DEBUG - Entering: get_updates
2025-06-23 06:28:02,431 - httpcore.http11 - DEBUG - send_request_headers.started request=<Request [b'POST']>
2025-06-23 06:28:02,431 - httpcore.http11 - DEBUG - send_request_headers.complete
2025-06-23 06:28:02,432 - httpcore.http11 - DEBUG - send_request_body.started request=<Request [b'POST']>
2025-06-23 06:28:02,432 - httpcore.http11 - DEBUG - send_request_body.complete
2025-06-23 06:28:02,432 - httpcore.http11 - DEBUG - receive_response_headers.started request=<Request [b'POST']>
2025-06-23 06:28:12,672 - httpcore.http11 - DEBUG - receive_response_headers.complete return_value=(b'HTTP/1.1', 200, b'OK', [(b'Server', b'nginx/1.18.0'), (b'Date', b'Mon, 23 Jun 2025 05:28:14 GMT'), (b'Content-Type', b'application/json'), (b'Content-Length', b'23'), (b'Connection', b'keep-alive'), (b'Strict-Transport-Security', b'max-age=31536000; includeSubDomains; preload'), (b'Access-Control-Allow-Origin', b'*'), (b'Access-Control-Allow-Methods', b'GET, POST, OPTIONS'), (b'Access-Control-Expose-Headers', b'Content-Length,Content-Type,Date,Server,Connection')])
2025-06-23 06:28:12,675 - httpx - INFO - HTTP Request: POST https://api.telegram.org/bot7707158318:AAE8rWa4Q8Z_3avql6K0HAmXaooZAReoNF0/getUpdates "HTTP/1.1 200 OK"
2025-06-23 06:28:12,677 - httpcore.http11 - DEBUG - receive_response_body.started request=<Request [b'POST']>
2025-06-23 06:28:12,677 - httpcore.http11 - DEBUG - receive_response_body.complete
2025-06-23 06:28:12,677 - httpcore.http11 - DEBUG - response_closed.started
2025-06-23 06:28:12,678 - httpcore.http11 - DEBUG - response_closed.complete
2025-06-23 06:28:12,678 - telegram.ext.ExtBot - DEBUG - No new updates found.
2025-06-23 06:28:12,678 - telegram.ext.ExtBot - DEBUG - ()
2025-06-23 06:28:12,678 - telegram.ext.ExtBot - DEBUG - Exiting: get_updates
2025-06-23 06:28:12,678 - telegram.ext.ExtBot - DEBUG - Entering: get_updates
2025-06-23 06:28:12,678 - httpcore.http11 - DEBUG - send_request_headers.started request=<Request [b'POST']>
2025-06-23 06:28:12,681 - httpcore.http11 - DEBUG - send_request_headers.complete
2025-06-23 06:28:12,681 - httpcore.http11 - DEBUG - send_request_body.started request=<Request [b'POST']>
2025-06-23 06:28:12,681 - httpcore.http11 - DEBUG - send_request_body.complete
2025-06-23 06:28:12,681 - httpcore.http11 - DEBUG - receive_response_headers.started request=<Request [b'POST']>
2025-06-23 06:28:22,914 - httpcore.http11 - DEBUG - receive_response_headers.complete return_value=(b'HTTP/1.1', 200, b'OK', [(b'Server', b'nginx/1.18.0'), (b'Date', b'Mon, 23 Jun 2025 05:28:25 GMT'), (b'Content-Type', b'application/json'), (b'Content-Length', b'23'), (b'Connection', b'keep-alive'), (b'Strict-Transport-Security', b'max-age=31536000; includeSubDomains; preload'), (b'Access-Control-Allow-Origin', b'*'), (b'Access-Control-Allow-Methods', b'GET, POST, OPTIONS'), (b'Access-Control-Expose-Headers', b'Content-Length,Content-Type,Date,Server,Connection')])
2025-06-23 06:28:22,915 - httpx - INFO - HTTP Request: POST https://api.telegram.org/bot7707158318:AAE8rWa4Q8Z_3avql6K0HAmXaooZAReoNF0/getUpdates "HTTP/1.1 200 OK"
2025-06-23 06:28:22,916 - httpcore.http11 - DEBUG - receive_response_body.started request=<Request [b'POST']>
2025-06-23 06:28:22,917 - httpcore.http11 - DEBUG - receive_response_body.complete
2025-06-23 06:28:22,917 - httpcore.http11 - DEBUG - response_closed.started
2025-06-23 06:28:22,917 - httpcore.http11 - DEBUG - response_closed.complete
2025-06-23 06:28:22,917 - telegram.ext.ExtBot - DEBUG - No new updates found.
2025-06-23 06:28:22,919 - telegram.ext.ExtBot - DEBUG - ()
2025-06-23 06:28:22,919 - telegram.ext.ExtBot - DEBUG - Exiting: get_updates
2025-06-23 06:28:22,919 - telegram.ext.ExtBot - DEBUG - Entering: get_updates
2025-06-23 06:28:22,921 - httpcore.http11 - DEBUG - send_request_headers.started request=<Request [b'POST']>
2025-06-23 06:28:22,922 - httpcore.http11 - DEBUG - send_request_headers.complete
2025-06-23 06:28:22,922 - httpcore.http11 - DEBUG - send_request_body.started request=<Request [b'POST']>
2025-06-23 06:28:22,923 - httpcore.http11 - DEBUG - send_request_body.complete
2025-06-23 06:28:22,923 - httpcore.http11 - DEBUG - receive_response_headers.started request=<Request [b'POST']>
2025-06-23 06:28:33,154 - httpcore.http11 - DEBUG - receive_response_headers.complete return_value=(b'HTTP/1.1', 200, b'OK', [(b'Server', b'nginx/1.18.0'), (b'Date', b'Mon, 23 Jun 2025 05:28:35 GMT'), (b'Content-Type', b'application/json'), (b'Content-Length', b'23'), (b'Connection', b'keep-alive'), (b'Strict-Transport-Security', b'max-age=31536000; includeSubDomains; preload'), (b'Access-Control-Allow-Origin', b'*'), (b'Access-Control-Allow-Methods', b'GET, POST, OPTIONS'), (b'Access-Control-Expose-Headers', b'Content-Length,Content-Type,Date,Server,Connection')])
2025-06-23 06:28:33,154 - httpx - INFO - HTTP Request: POST https://api.telegram.org/bot7707158318:AAE8rWa4Q8Z_3avql6K0HAmXaooZAReoNF0/getUpdates "HTTP/1.1 200 OK"
2025-06-23 06:28:33,158 - httpcore.http11 - DEBUG - receive_response_body.started request=<Request [b'POST']>
2025-06-23 06:28:33,158 - httpcore.http11 - DEBUG - receive_response_body.complete
2025-06-23 06:28:33,158 - httpcore.http11 - DEBUG - response_closed.started
2025-06-23 06:28:33,158 - httpcore.http11 - DEBUG - response_closed.complete
2025-06-23 06:28:33,158 - telegram.ext.ExtBot - DEBUG - No new updates found.
2025-06-23 06:28:33,158 - telegram.ext.ExtBot - DEBUG - ()
2025-06-23 06:28:33,160 - telegram.ext.ExtBot - DEBUG - Exiting: get_updates
2025-06-23 06:28:33,160 - telegram.ext.ExtBot - DEBUG - Entering: get_updates
2025-06-23 06:28:33,162 - httpcore.http11 - DEBUG - send_request_headers.started request=<Request [b'POST']>
2025-06-23 06:28:33,164 - httpcore.http11 - DEBUG - send_request_headers.complete
2025-06-23 06:28:33,164 - httpcore.http11 - DEBUG - send_request_body.started request=<Request [b'POST']>
2025-06-23 06:28:33,164 - httpcore.http11 - DEBUG - send_request_body.complete
2025-06-23 06:28:33,164 - httpcore.http11 - DEBUG - receive_response_headers.started request=<Request [b'POST']>
2025-06-23 06:28:43,393 - httpcore.http11 - DEBUG - receive_response_headers.complete return_value=(b'HTTP/1.1', 200, b'OK', [(b'Server', b'nginx/1.18.0'), (b'Date', b'Mon, 23 Jun 2025 05:28:45 GMT'), (b'Content-Type', b'application/json'), (b'Content-Length', b'23'), (b'Connection', b'keep-alive'), (b'Strict-Transport-Security', b'max-age=31536000; includeSubDomains; preload'), (b'Access-Control-Allow-Origin', b'*'), (b'Access-Control-Allow-Methods', b'GET, POST, OPTIONS'), (b'Access-Control-Expose-Headers', b'Content-Length,Content-Type,Date,Server,Connection')])
2025-06-23 06:28:43,395 - httpx - INFO - HTTP Request: POST https://api.telegram.org/bot7707158318:AAE8rWa4Q8Z_3avql6K0HAmXaooZAReoNF0/getUpdates "HTTP/1.1 200 OK"
2025-06-23 06:28:43,395 - httpcore.http11 - DEBUG - receive_response_body.started request=<Request [b'POST']>
2025-06-23 06:28:43,395 - httpcore.http11 - DEBUG - receive_response_body.complete
2025-06-23 06:28:43,395 - httpcore.http11 - DEBUG - response_closed.started
2025-06-23 06:28:43,395 - httpcore.http11 - DEBUG - response_closed.complete
2025-06-23 06:28:43,398 - telegram.ext.ExtBot - DEBUG - No new updates found.
2025-06-23 06:28:43,398 - telegram.ext.ExtBot - DEBUG - ()
2025-06-23 06:28:43,398 - telegram.ext.ExtBot - DEBUG - Exiting: get_updates
2025-06-23 06:28:43,398 - telegram.ext.ExtBot - DEBUG - Entering: get_updates
2025-06-23 06:28:43,400 - httpcore.http11 - DEBUG - send_request_headers.started request=<Request [b'POST']>
2025-06-23 06:28:43,401 - httpcore.http11 - DEBUG - send_request_headers.complete
2025-06-23 06:28:43,401 - httpcore.http11 - DEBUG - send_request_body.started request=<Request [b'POST']>
2025-06-23 06:28:43,401 - httpcore.http11 - DEBUG - send_request_body.complete
2025-06-23 06:28:43,401 - httpcore.http11 - DEBUG - receive_response_headers.started request=<Request [b'POST']>
2025-06-23 06:28:53,634 - httpcore.http11 - DEBUG - receive_response_headers.complete return_value=(b'HTTP/1.1', 200, b'OK', [(b'Server', b'nginx/1.18.0'), (b'Date', b'Mon, 23 Jun 2025 05:28:55 GMT'), (b'Content-Type', b'application/json'), (b'Content-Length', b'23'), (b'Connection', b'keep-alive'), (b'Strict-Transport-Security', b'max-age=31536000; includeSubDomains; preload'), (b'Access-Control-Allow-Origin', b'*'), (b'Access-Control-Allow-Methods', b'GET, POST, OPTIONS'), (b'Access-Control-Expose-Headers', b'Content-Length,Content-Type,Date,Server,Connection')])
2025-06-23 06:28:53,634 - httpx - INFO - HTTP Request: POST https://api.telegram.org/bot7707158318:AAE8rWa4Q8Z_3avql6K0HAmXaooZAReoNF0/getUpdates "HTTP/1.1 200 OK"
2025-06-23 06:28:53,634 - httpcore.http11 - DEBUG - receive_response_body.started request=<Request [b'POST']>
2025-06-23 06:28:53,634 - httpcore.http11 - DEBUG - receive_response_body.complete
2025-06-23 06:28:53,634 - httpcore.http11 - DEBUG - response_closed.started
2025-06-23 06:28:53,634 - httpcore.http11 - DEBUG - response_closed.complete
2025-06-23 06:28:53,634 - telegram.ext.ExtBot - DEBUG - No new updates found.
2025-06-23 06:28:53,634 - telegram.ext.ExtBot - DEBUG - ()
2025-06-23 06:28:53,634 - telegram.ext.ExtBot - DEBUG - Exiting: get_updates
2025-06-23 06:28:53,634 - telegram.ext.ExtBot - DEBUG - Entering: get_updates
2025-06-23 06:28:53,634 - httpcore.http11 - DEBUG - send_request_headers.started request=<Request [b'POST']>
2025-06-23 06:28:53,637 - httpcore.http11 - DEBUG - send_request_headers.complete
2025-06-23 06:28:53,637 - httpcore.http11 - DEBUG - send_request_body.started request=<Request [b'POST']>
2025-06-23 06:28:53,637 - httpcore.http11 - DEBUG - send_request_body.complete
2025-06-23 06:28:53,637 - httpcore.http11 - DEBUG - receive_response_headers.started request=<Request [b'POST']>
2025-06-23 06:29:03,873 - httpcore.http11 - DEBUG - receive_response_headers.complete return_value=(b'HTTP/1.1', 200, b'OK', [(b'Server', b'nginx/1.18.0'), (b'Date', b'Mon, 23 Jun 2025 05:29:06 GMT'), (b'Content-Type', b'application/json'), (b'Content-Length', b'23'), (b'Connection', b'keep-alive'), (b'Strict-Transport-Security', b'max-age=31536000; includeSubDomains; preload'), (b'Access-Control-Allow-Origin', b'*'), (b'Access-Control-Allow-Methods', b'GET, POST, OPTIONS'), (b'Access-Control-Expose-Headers', b'Content-Length,Content-Type,Date,Server,Connection')])
2025-06-23 06:29:03,873 - httpx - INFO - HTTP Request: POST https://api.telegram.org/bot7707158318:AAE8rWa4Q8Z_3avql6K0HAmXaooZAReoNF0/getUpdates "HTTP/1.1 200 OK"
2025-06-23 06:29:03,873 - httpcore.http11 - DEBUG - receive_response_body.started request=<Request [b'POST']>
2025-06-23 06:29:03,875 - httpcore.http11 - DEBUG - receive_response_body.complete
2025-06-23 06:29:03,875 - httpcore.http11 - DEBUG - response_closed.started
2025-06-23 06:29:03,875 - httpcore.http11 - DEBUG - response_closed.complete
2025-06-23 06:29:03,875 - telegram.ext.ExtBot - DEBUG - No new updates found.
2025-06-23 06:29:03,875 - telegram.ext.ExtBot - DEBUG - ()
2025-06-23 06:29:03,875 - telegram.ext.ExtBot - DEBUG - Exiting: get_updates
2025-06-23 06:29:03,875 - telegram.ext.ExtBot - DEBUG - Entering: get_updates
2025-06-23 06:29:03,875 - httpcore.http11 - DEBUG - send_request_headers.started request=<Request [b'POST']>
2025-06-23 06:29:03,877 - httpcore.http11 - DEBUG - send_request_headers.complete
2025-06-23 06:29:03,877 - httpcore.http11 - DEBUG - send_request_body.started request=<Request [b'POST']>
2025-06-23 06:29:03,877 - httpcore.http11 - DEBUG - send_request_body.complete
2025-06-23 06:29:03,877 - httpcore.http11 - DEBUG - receive_response_headers.started request=<Request [b'POST']>
2025-06-23 06:29:14,114 - httpcore.http11 - DEBUG - receive_response_headers.complete return_value=(b'HTTP/1.1', 200, b'OK', [(b'Server', b'nginx/1.18.0'), (b'Date', b'Mon, 23 Jun 2025 05:29:16 GMT'), (b'Content-Type', b'application/json'), (b'Content-Length', b'23'), (b'Connection', b'keep-alive'), (b'Strict-Transport-Security', b'max-age=31536000; includeSubDomains; preload'), (b'Access-Control-Allow-Origin', b'*'), (b'Access-Control-Allow-Methods', b'GET, POST, OPTIONS'), (b'Access-Control-Expose-Headers', b'Content-Length,Content-Type,Date,Server,Connection')])
2025-06-23 06:29:14,115 - httpx - INFO - HTTP Request: POST https://api.telegram.org/bot7707158318:AAE8rWa4Q8Z_3avql6K0HAmXaooZAReoNF0/getUpdates "HTTP/1.1 200 OK"
2025-06-23 06:29:14,115 - httpcore.http11 - DEBUG - receive_response_body.started request=<Request [b'POST']>
2025-06-23 06:29:14,115 - httpcore.http11 - DEBUG - receive_response_body.complete
2025-06-23 06:29:14,115 - httpcore.http11 - DEBUG - response_closed.started
2025-06-23 06:29:14,115 - httpcore.http11 - DEBUG - response_closed.complete
2025-06-23 06:29:14,115 - telegram.ext.ExtBot - DEBUG - No new updates found.
2025-06-23 06:29:14,115 - telegram.ext.ExtBot - DEBUG - ()
2025-06-23 06:29:14,115 - telegram.ext.ExtBot - DEBUG - Exiting: get_updates
2025-06-23 06:29:14,115 - telegram.ext.ExtBot - DEBUG - Entering: get_updates
2025-06-23 06:29:14,119 - httpcore.http11 - DEBUG - send_request_headers.started request=<Request [b'POST']>
2025-06-23 06:29:14,120 - httpcore.http11 - DEBUG - send_request_headers.complete
2025-06-23 06:29:14,120 - httpcore.http11 - DEBUG - send_request_body.started request=<Request [b'POST']>
2025-06-23 06:29:14,120 - httpcore.http11 - DEBUG - send_request_body.complete
2025-06-23 06:29:14,120 - httpcore.http11 - DEBUG - receive_response_headers.started request=<Request [b'POST']>
2025-06-23 06:29:24,354 - httpcore.http11 - DEBUG - receive_response_headers.complete return_value=(b'HTTP/1.1', 200, b'OK', [(b'Server', b'nginx/1.18.0'), (b'Date', b'Mon, 23 Jun 2025 05:29:26 GMT'), (b'Content-Type', b'application/json'), (b'Content-Length', b'23'), (b'Connection', b'keep-alive'), (b'Strict-Transport-Security', b'max-age=31536000; includeSubDomains; preload'), (b'Access-Control-Allow-Origin', b'*'), (b'Access-Control-Allow-Methods', b'GET, POST, OPTIONS'), (b'Access-Control-Expose-Headers', b'Content-Length,Content-Type,Date,Server,Connection')])
2025-06-23 06:29:24,356 - httpx - INFO - HTTP Request: POST https://api.telegram.org/bot7707158318:AAE8rWa4Q8Z_3avql6K0HAmXaooZAReoNF0/getUpdates "HTTP/1.1 200 OK"
2025-06-23 06:29:24,356 - httpcore.http11 - DEBUG - receive_response_body.started request=<Request [b'POST']>
2025-06-23 06:29:24,358 - httpcore.http11 - DEBUG - receive_response_body.complete
2025-06-23 06:29:24,358 - httpcore.http11 - DEBUG - response_closed.started
2025-06-23 06:29:24,358 - httpcore.http11 - DEBUG - response_closed.complete
2025-06-23 06:29:24,358 - telegram.ext.ExtBot - DEBUG - No new updates found.
2025-06-23 06:29:24,360 - telegram.ext.ExtBot - DEBUG - ()
2025-06-23 06:29:24,360 - telegram.ext.ExtBot - DEBUG - Exiting: get_updates
2025-06-23 06:29:24,360 - telegram.ext.ExtBot - DEBUG - Entering: get_updates
2025-06-23 06:29:24,362 - httpcore.http11 - DEBUG - send_request_headers.started request=<Request [b'POST']>
2025-06-23 06:29:24,362 - httpcore.http11 - DEBUG - send_request_headers.complete
2025-06-23 06:29:24,362 - httpcore.http11 - DEBUG - send_request_body.started request=<Request [b'POST']>
2025-06-23 06:29:24,364 - httpcore.http11 - DEBUG - send_request_body.complete
2025-06-23 06:29:24,364 - httpcore.http11 - DEBUG - receive_response_headers.started request=<Request [b'POST']>
2025-06-23 06:29:34,514 - httpcore.http11 - DEBUG - receive_response_headers.complete return_value=(b'HTTP/1.1', 200, b'OK', [(b'Server', b'nginx/1.18.0'), (b'Date', b'Mon, 23 Jun 2025 05:29:36 GMT'), (b'Content-Type', b'application/json'), (b'Content-Length', b'23'), (b'Connection', b'keep-alive'), (b'Strict-Transport-Security', b'max-age=31536000; includeSubDomains; preload'), (b'Access-Control-Allow-Origin', b'*'), (b'Access-Control-Allow-Methods', b'GET, POST, OPTIONS'), (b'Access-Control-Expose-Headers', b'Content-Length,Content-Type,Date,Server,Connection')])
2025-06-23 06:29:34,514 - httpx - INFO - HTTP Request: POST https://api.telegram.org/bot7707158318:AAE8rWa4Q8Z_3avql6K0HAmXaooZAReoNF0/getUpdates "HTTP/1.1 200 OK"
2025-06-23 06:29:34,515 - httpcore.http11 - DEBUG - receive_response_body.started request=<Request [b'POST']>
2025-06-23 06:29:34,515 - httpcore.http11 - DEBUG - receive_response_body.complete
2025-06-23 06:29:34,515 - httpcore.http11 - DEBUG - response_closed.started
2025-06-23 06:29:34,515 - httpcore.http11 - DEBUG - response_closed.complete
2025-06-23 06:29:34,517 - telegram.ext.ExtBot - DEBUG - No new updates found.
2025-06-23 06:29:34,517 - telegram.ext.ExtBot - DEBUG - ()
2025-06-23 06:29:34,517 - telegram.ext.ExtBot - DEBUG - Exiting: get_updates
2025-06-23 06:29:34,517 - telegram.ext.ExtBot - DEBUG - Entering: get_updates
2025-06-23 06:29:34,520 - httpcore.http11 - DEBUG - send_request_headers.started request=<Request [b'POST']>
2025-06-23 06:29:34,520 - httpcore.http11 - DEBUG - send_request_headers.complete
2025-06-23 06:29:34,520 - httpcore.http11 - DEBUG - send_request_body.started request=<Request [b'POST']>
2025-06-23 06:29:34,522 - httpcore.http11 - DEBUG - send_request_body.complete
2025-06-23 06:29:34,522 - httpcore.http11 - DEBUG - receive_response_headers.started request=<Request [b'POST']>
2025-06-23 06:29:44,755 - httpcore.http11 - DEBUG - receive_response_headers.complete return_value=(b'HTTP/1.1', 200, b'OK', [(b'Server', b'nginx/1.18.0'), (b'Date', b'Mon, 23 Jun 2025 05:29:46 GMT'), (b'Content-Type', b'application/json'), (b'Content-Length', b'23'), (b'Connection', b'keep-alive'), (b'Strict-Transport-Security', b'max-age=31536000; includeSubDomains; preload'), (b'Access-Control-Allow-Origin', b'*'), (b'Access-Control-Allow-Methods', b'GET, POST, OPTIONS'), (b'Access-Control-Expose-Headers', b'Content-Length,Content-Type,Date,Server,Connection')])
2025-06-23 06:29:44,756 - httpx - INFO - HTTP Request: POST https://api.telegram.org/bot7707158318:AAE8rWa4Q8Z_3avql6K0HAmXaooZAReoNF0/getUpdates "HTTP/1.1 200 OK"
2025-06-23 06:29:44,756 - httpcore.http11 - DEBUG - receive_response_body.started request=<Request [b'POST']>
2025-06-23 06:29:44,758 - httpcore.http11 - DEBUG - receive_response_body.complete
2025-06-23 06:29:44,758 - httpcore.http11 - DEBUG - response_closed.started
2025-06-23 06:29:44,758 - httpcore.http11 - DEBUG - response_closed.complete
2025-06-23 06:29:44,758 - telegram.ext.ExtBot - DEBUG - No new updates found.
2025-06-23 06:29:44,758 - telegram.ext.ExtBot - DEBUG - ()
2025-06-23 06:29:44,758 - telegram.ext.ExtBot - DEBUG - Exiting: get_updates
2025-06-23 06:29:44,758 - telegram.ext.ExtBot - DEBUG - Entering: get_updates
2025-06-23 06:29:44,761 - httpcore.http11 - DEBUG - send_request_headers.started request=<Request [b'POST']>
2025-06-23 06:29:44,762 - httpcore.http11 - DEBUG - send_request_headers.complete
2025-06-23 06:29:44,762 - httpcore.http11 - DEBUG - send_request_body.started request=<Request [b'POST']>
2025-06-23 06:29:44,762 - httpcore.http11 - DEBUG - send_request_body.complete
2025-06-23 06:29:44,762 - httpcore.http11 - DEBUG - receive_response_headers.started request=<Request [b'POST']>
2025-06-23 06:29:54,993 - httpcore.http11 - DEBUG - receive_response_headers.complete return_value=(b'HTTP/1.1', 200, b'OK', [(b'Server', b'nginx/1.18.0'), (b'Date', b'Mon, 23 Jun 2025 05:29:57 GMT'), (b'Content-Type', b'application/json'), (b'Content-Length', b'23'), (b'Connection', b'keep-alive'), (b'Strict-Transport-Security', b'max-age=31536000; includeSubDomains; preload'), (b'Access-Control-Allow-Origin', b'*'), (b'Access-Control-Allow-Methods', b'GET, POST, OPTIONS'), (b'Access-Control-Expose-Headers', b'Content-Length,Content-Type,Date,Server,Connection')])
2025-06-23 06:29:54,993 - httpx - INFO - HTTP Request: POST https://api.telegram.org/bot7707158318:AAE8rWa4Q8Z_3avql6K0HAmXaooZAReoNF0/getUpdates "HTTP/1.1 200 OK"
2025-06-23 06:29:54,993 - httpcore.http11 - DEBUG - receive_response_body.started request=<Request [b'POST']>
2025-06-23 06:29:54,993 - httpcore.http11 - DEBUG - receive_response_body.complete
2025-06-23 06:29:54,993 - httpcore.http11 - DEBUG - response_closed.started
2025-06-23 06:29:54,993 - httpcore.http11 - DEBUG - response_closed.complete
2025-06-23 06:29:54,993 - telegram.ext.ExtBot - DEBUG - No new updates found.
2025-06-23 06:29:54,993 - telegram.ext.ExtBot - DEBUG - ()
2025-06-23 06:29:54,993 - telegram.ext.ExtBot - DEBUG - Exiting: get_updates
2025-06-23 06:29:54,998 - telegram.ext.ExtBot - DEBUG - Entering: get_updates
2025-06-23 06:29:55,000 - httpcore.http11 - DEBUG - send_request_headers.started request=<Request [b'POST']>
2025-06-23 06:29:55,001 - httpcore.http11 - DEBUG - send_request_headers.complete
2025-06-23 06:29:55,001 - httpcore.http11 - DEBUG - send_request_body.started request=<Request [b'POST']>
2025-06-23 06:29:55,001 - httpcore.http11 - DEBUG - send_request_body.complete
2025-06-23 06:29:55,003 - httpcore.http11 - DEBUG - receive_response_headers.started request=<Request [b'POST']>
2025-06-23 06:30:05,077 - httpcore.http11 - DEBUG - receive_response_headers.complete return_value=(b'HTTP/1.1', 200, b'OK', [(b'Server', b'nginx/1.18.0'), (b'Date', b'Mon, 23 Jun 2025 05:30:07 GMT'), (b'Content-Type', b'application/json'), (b'Content-Length', b'23'), (b'Connection', b'keep-alive'), (b'Strict-Transport-Security', b'max-age=31536000; includeSubDomains; preload'), (b'Access-Control-Allow-Origin', b'*'), (b'Access-Control-Allow-Methods', b'GET, POST, OPTIONS'), (b'Access-Control-Expose-Headers', b'Content-Length,Content-Type,Date,Server,Connection')])
2025-06-23 06:30:05,077 - httpx - INFO - HTTP Request: POST https://api.telegram.org/bot7707158318:AAE8rWa4Q8Z_3avql6K0HAmXaooZAReoNF0/getUpdates "HTTP/1.1 200 OK"
2025-06-23 06:30:05,082 - httpcore.http11 - DEBUG - receive_response_body.started request=<Request [b'POST']>
2025-06-23 06:30:05,082 - httpcore.http11 - DEBUG - receive_response_body.complete
2025-06-23 06:30:05,082 - httpcore.http11 - DEBUG - response_closed.started
2025-06-23 06:30:05,083 - httpcore.http11 - DEBUG - response_closed.complete
2025-06-23 06:30:05,083 - telegram.ext.ExtBot - DEBUG - No new updates found.
2025-06-23 06:30:05,083 - telegram.ext.ExtBot - DEBUG - ()
2025-06-23 06:30:05,083 - telegram.ext.ExtBot - DEBUG - Exiting: get_updates
2025-06-23 06:30:05,083 - telegram.ext.ExtBot - DEBUG - Entering: get_updates
2025-06-23 06:30:05,083 - httpcore.http11 - DEBUG - send_request_headers.started request=<Request [b'POST']>
2025-06-23 06:30:05,087 - httpcore.http11 - DEBUG - send_request_headers.complete
2025-06-23 06:30:05,087 - httpcore.http11 - DEBUG - send_request_body.started request=<Request [b'POST']>
2025-06-23 06:30:05,087 - httpcore.http11 - DEBUG - send_request_body.complete
2025-06-23 06:30:05,087 - httpcore.http11 - DEBUG - receive_response_headers.started request=<Request [b'POST']>
2025-06-23 06:30:15,472 - httpcore.http11 - DEBUG - receive_response_headers.complete return_value=(b'HTTP/1.1', 200, b'OK', [(b'Server', b'nginx/1.18.0'), (b'Date', b'Mon, 23 Jun 2025 05:30:17 GMT'), (b'Content-Type', b'application/json'), (b'Content-Length', b'23'), (b'Connection', b'keep-alive'), (b'Strict-Transport-Security', b'max-age=31536000; includeSubDomains; preload'), (b'Access-Control-Allow-Origin', b'*'), (b'Access-Control-Allow-Methods', b'GET, POST, OPTIONS'), (b'Access-Control-Expose-Headers', b'Content-Length,Content-Type,Date,Server,Connection')])
2025-06-23 06:30:15,472 - httpx - INFO - HTTP Request: POST https://api.telegram.org/bot7707158318:AAE8rWa4Q8Z_3avql6K0HAmXaooZAReoNF0/getUpdates "HTTP/1.1 200 OK"
2025-06-23 06:30:15,472 - httpcore.http11 - DEBUG - receive_response_body.started request=<Request [b'POST']>
2025-06-23 06:30:15,472 - httpcore.http11 - DEBUG - receive_response_body.complete
2025-06-23 06:30:15,472 - httpcore.http11 - DEBUG - response_closed.started
2025-06-23 06:30:15,472 - httpcore.http11 - DEBUG - response_closed.complete
2025-06-23 06:30:15,472 - telegram.ext.ExtBot - DEBUG - No new updates found.
2025-06-23 06:30:15,472 - telegram.ext.ExtBot - DEBUG - ()
2025-06-23 06:30:15,475 - telegram.ext.ExtBot - DEBUG - Exiting: get_updates
2025-06-23 06:30:15,475 - telegram.ext.ExtBot - DEBUG - Entering: get_updates
2025-06-23 06:30:15,475 - httpcore.http11 - DEBUG - send_request_headers.started request=<Request [b'POST']>
2025-06-23 06:30:15,477 - httpcore.http11 - DEBUG - send_request_headers.complete
2025-06-23 06:30:15,477 - httpcore.http11 - DEBUG - send_request_body.started request=<Request [b'POST']>
2025-06-23 06:30:15,477 - httpcore.http11 - DEBUG - send_request_body.complete
2025-06-23 06:30:15,477 - httpcore.http11 - DEBUG - receive_response_headers.started request=<Request [b'POST']>
2025-06-23 06:30:25,712 - httpcore.http11 - DEBUG - receive_response_headers.complete return_value=(b'HTTP/1.1', 200, b'OK', [(b'Server', b'nginx/1.18.0'), (b'Date', b'Mon, 23 Jun 2025 05:30:27 GMT'), (b'Content-Type', b'application/json'), (b'Content-Length', b'23'), (b'Connection', b'keep-alive'), (b'Strict-Transport-Security', b'max-age=31536000; includeSubDomains; preload'), (b'Access-Control-Allow-Origin', b'*'), (b'Access-Control-Allow-Methods', b'GET, POST, OPTIONS'), (b'Access-Control-Expose-Headers', b'Content-Length,Content-Type,Date,Server,Connection')])
2025-06-23 06:30:25,712 - httpx - INFO - HTTP Request: POST https://api.telegram.org/bot7707158318:AAE8rWa4Q8Z_3avql6K0HAmXaooZAReoNF0/getUpdates "HTTP/1.1 200 OK"
2025-06-23 06:30:25,712 - httpcore.http11 - DEBUG - receive_response_body.started request=<Request [b'POST']>
2025-06-23 06:30:25,715 - httpcore.http11 - DEBUG - receive_response_body.complete
2025-06-23 06:30:25,715 - httpcore.http11 - DEBUG - response_closed.started
2025-06-23 06:30:25,715 - httpcore.http11 - DEBUG - response_closed.complete
2025-06-23 06:30:25,715 - telegram.ext.ExtBot - DEBUG - No new updates found.
2025-06-23 06:30:25,715 - telegram.ext.ExtBot - DEBUG - ()
2025-06-23 06:30:25,715 - telegram.ext.ExtBot - DEBUG - Exiting: get_updates
2025-06-23 06:30:25,715 - telegram.ext.ExtBot - DEBUG - Entering: get_updates
2025-06-23 06:30:25,715 - httpcore.http11 - DEBUG - send_request_headers.started request=<Request [b'POST']>
2025-06-23 06:30:25,719 - httpcore.http11 - DEBUG - send_request_headers.complete
2025-06-23 06:30:25,719 - httpcore.http11 - DEBUG - send_request_body.started request=<Request [b'POST']>
2025-06-23 06:30:25,719 - httpcore.http11 - DEBUG - send_request_body.complete
2025-06-23 06:30:25,719 - httpcore.http11 - DEBUG - receive_response_headers.started request=<Request [b'POST']>
2025-06-23 06:30:35,794 - httpcore.http11 - DEBUG - receive_response_headers.complete return_value=(b'HTTP/1.1', 200, b'OK', [(b'Server', b'nginx/1.18.0'), (b'Date', b'Mon, 23 Jun 2025 05:30:38 GMT'), (b'Content-Type', b'application/json'), (b'Content-Length', b'23'), (b'Connection', b'keep-alive'), (b'Strict-Transport-Security', b'max-age=31536000; includeSubDomains; preload'), (b'Access-Control-Allow-Origin', b'*'), (b'Access-Control-Allow-Methods', b'GET, POST, OPTIONS'), (b'Access-Control-Expose-Headers', b'Content-Length,Content-Type,Date,Server,Connection')])
2025-06-23 06:30:35,800 - httpx - INFO - HTTP Request: POST https://api.telegram.org/bot7707158318:AAE8rWa4Q8Z_3avql6K0HAmXaooZAReoNF0/getUpdates "HTTP/1.1 200 OK"
2025-06-23 06:30:35,800 - httpcore.http11 - DEBUG - receive_response_body.started request=<Request [b'POST']>
2025-06-23 06:30:35,800 - httpcore.http11 - DEBUG - receive_response_body.complete
2025-06-23 06:30:35,800 - httpcore.http11 - DEBUG - response_closed.started
2025-06-23 06:30:35,800 - httpcore.http11 - DEBUG - response_closed.complete
2025-06-23 06:30:35,800 - telegram.ext.ExtBot - DEBUG - No new updates found.
2025-06-23 06:30:35,800 - telegram.ext.ExtBot - DEBUG - ()
2025-06-23 06:30:35,800 - telegram.ext.ExtBot - DEBUG - Exiting: get_updates
2025-06-23 06:30:35,800 - telegram.ext.ExtBot - DEBUG - Entering: get_updates
2025-06-23 06:30:35,800 - httpcore.http11 - DEBUG - send_request_headers.started request=<Request [b'POST']>
2025-06-23 06:30:35,803 - httpcore.http11 - DEBUG - send_request_headers.complete
2025-06-23 06:30:35,803 - httpcore.http11 - DEBUG - send_request_body.started request=<Request [b'POST']>
2025-06-23 06:30:35,803 - httpcore.http11 - DEBUG - send_request_body.complete
2025-06-23 06:30:35,804 - httpcore.http11 - DEBUG - receive_response_headers.started request=<Request [b'POST']>
2025-06-23 06:30:45,888 - httpcore.http11 - DEBUG - receive_response_headers.complete return_value=(b'HTTP/1.1', 200, b'OK', [(b'Server', b'nginx/1.18.0'), (b'Date', b'Mon, 23 Jun 2025 05:30:48 GMT'), (b'Content-Type', b'application/json'), (b'Content-Length', b'23'), (b'Connection', b'keep-alive'), (b'Strict-Transport-Security', b'max-age=31536000; includeSubDomains; preload'), (b'Access-Control-Allow-Origin', b'*'), (b'Access-Control-Allow-Methods', b'GET, POST, OPTIONS'), (b'Access-Control-Expose-Headers', b'Content-Length,Content-Type,Date,Server,Connection')])
2025-06-23 06:30:45,889 - httpx - INFO - HTTP Request: POST https://api.telegram.org/bot7707158318:AAE8rWa4Q8Z_3avql6K0HAmXaooZAReoNF0/getUpdates "HTTP/1.1 200 OK"
2025-06-23 06:30:45,889 - httpcore.http11 - DEBUG - receive_response_body.started request=<Request [b'POST']>
2025-06-23 06:30:45,891 - httpcore.http11 - DEBUG - receive_response_body.complete
2025-06-23 06:30:45,891 - httpcore.http11 - DEBUG - response_closed.started
2025-06-23 06:30:45,891 - httpcore.http11 - DEBUG - response_closed.complete
2025-06-23 06:30:45,892 - telegram.ext.ExtBot - DEBUG - No new updates found.
2025-06-23 06:30:45,892 - telegram.ext.ExtBot - DEBUG - ()
2025-06-23 06:30:45,892 - telegram.ext.ExtBot - DEBUG - Exiting: get_updates
2025-06-23 06:30:45,892 - telegram.ext.ExtBot - DEBUG - Entering: get_updates
2025-06-23 06:30:45,894 - httpcore.http11 - DEBUG - send_request_headers.started request=<Request [b'POST']>
2025-06-23 06:30:45,894 - httpcore.http11 - DEBUG - send_request_headers.complete
2025-06-23 06:30:45,894 - httpcore.http11 - DEBUG - send_request_body.started request=<Request [b'POST']>
2025-06-23 06:30:45,896 - httpcore.http11 - DEBUG - send_request_body.complete
2025-06-23 06:30:45,896 - httpcore.http11 - DEBUG - receive_response_headers.started request=<Request [b'POST']>
2025-06-23 06:30:55,978 - httpcore.http11 - DEBUG - receive_response_headers.complete return_value=(b'HTTP/1.1', 200, b'OK', [(b'Server', b'nginx/1.18.0'), (b'Date', b'Mon, 23 Jun 2025 05:30:58 GMT'), (b'Content-Type', b'application/json'), (b'Content-Length', b'23'), (b'Connection', b'keep-alive'), (b'Strict-Transport-Security', b'max-age=31536000; includeSubDomains; preload'), (b'Access-Control-Allow-Origin', b'*'), (b'Access-Control-Allow-Methods', b'GET, POST, OPTIONS'), (b'Access-Control-Expose-Headers', b'Content-Length,Content-Type,Date,Server,Connection')])
2025-06-23 06:30:55,980 - httpx - INFO - HTTP Request: POST https://api.telegram.org/bot7707158318:AAE8rWa4Q8Z_3avql6K0HAmXaooZAReoNF0/getUpdates "HTTP/1.1 200 OK"
2025-06-23 06:30:55,980 - httpcore.http11 - DEBUG - receive_response_body.started request=<Request [b'POST']>
2025-06-23 06:30:55,981 - httpcore.http11 - DEBUG - receive_response_body.complete
2025-06-23 06:30:55,981 - httpcore.http11 - DEBUG - response_closed.started
2025-06-23 06:30:55,981 - httpcore.http11 - DEBUG - response_closed.complete
2025-06-23 06:30:55,982 - telegram.ext.ExtBot - DEBUG - No new updates found.
2025-06-23 06:30:55,982 - telegram.ext.ExtBot - DEBUG - ()
2025-06-23 06:30:55,982 - telegram.ext.ExtBot - DEBUG - Exiting: get_updates
2025-06-23 06:30:55,982 - telegram.ext.ExtBot - DEBUG - Entering: get_updates
2025-06-23 06:30:55,982 - httpcore.http11 - DEBUG - send_request_headers.started request=<Request [b'POST']>
2025-06-23 06:30:55,982 - httpcore.http11 - DEBUG - send_request_headers.complete
2025-06-23 06:30:55,982 - httpcore.http11 - DEBUG - send_request_body.started request=<Request [b'POST']>
2025-06-23 06:30:55,986 - httpcore.http11 - DEBUG - send_request_body.complete
2025-06-23 06:30:55,986 - httpcore.http11 - DEBUG - receive_response_headers.started request=<Request [b'POST']>
2025-06-23 06:31:06,124 - httpcore.http11 - DEBUG - receive_response_headers.complete return_value=(b'HTTP/1.1', 200, b'OK', [(b'Server', b'nginx/1.18.0'), (b'Date', b'Mon, 23 Jun 2025 05:31:08 GMT'), (b'Content-Type', b'application/json'), (b'Content-Length', b'23'), (b'Connection', b'keep-alive'), (b'Strict-Transport-Security', b'max-age=31536000; includeSubDomains; preload'), (b'Access-Control-Allow-Origin', b'*'), (b'Access-Control-Allow-Methods', b'GET, POST, OPTIONS'), (b'Access-Control-Expose-Headers', b'Content-Length,Content-Type,Date,Server,Connection')])
2025-06-23 06:31:06,128 - httpx - INFO - HTTP Request: POST https://api.telegram.org/bot7707158318:AAE8rWa4Q8Z_3avql6K0HAmXaooZAReoNF0/getUpdates "HTTP/1.1 200 OK"
2025-06-23 06:31:06,128 - httpcore.http11 - DEBUG - receive_response_body.started request=<Request [b'POST']>
2025-06-23 06:31:06,128 - httpcore.http11 - DEBUG - receive_response_body.complete
2025-06-23 06:31:06,128 - httpcore.http11 - DEBUG - response_closed.started
2025-06-23 06:31:06,128 - httpcore.http11 - DEBUG - response_closed.complete
2025-06-23 06:31:06,128 - telegram.ext.ExtBot - DEBUG - No new updates found.
2025-06-23 06:31:06,128 - telegram.ext.ExtBot - DEBUG - ()
2025-06-23 06:31:06,128 - telegram.ext.ExtBot - DEBUG - Exiting: get_updates
2025-06-23 06:31:06,128 - telegram.ext.ExtBot - DEBUG - Entering: get_updates
2025-06-23 06:31:06,131 - httpcore.http11 - DEBUG - send_request_headers.started request=<Request [b'POST']>
2025-06-23 06:31:06,133 - httpcore.http11 - DEBUG - send_request_headers.complete
2025-06-23 06:31:06,134 - httpcore.http11 - DEBUG - send_request_body.started request=<Request [b'POST']>
2025-06-23 06:31:06,135 - httpcore.http11 - DEBUG - send_request_body.complete
2025-06-23 06:31:06,136 - httpcore.http11 - DEBUG - receive_response_headers.started request=<Request [b'POST']>
2025-06-23 06:31:16,272 - httpcore.http11 - DEBUG - receive_response_headers.complete return_value=(b'HTTP/1.1', 200, b'OK', [(b'Server', b'nginx/1.18.0'), (b'Date', b'Mon, 23 Jun 2025 05:31:18 GMT'), (b'Content-Type', b'application/json'), (b'Content-Length', b'23'), (b'Connection', b'keep-alive'), (b'Strict-Transport-Security', b'max-age=31536000; includeSubDomains; preload'), (b'Access-Control-Allow-Origin', b'*'), (b'Access-Control-Allow-Methods', b'GET, POST, OPTIONS'), (b'Access-Control-Expose-Headers', b'Content-Length,Content-Type,Date,Server,Connection')])
2025-06-23 06:31:16,273 - httpx - INFO - HTTP Request: POST https://api.telegram.org/bot7707158318:AAE8rWa4Q8Z_3avql6K0HAmXaooZAReoNF0/getUpdates "HTTP/1.1 200 OK"
2025-06-23 06:31:16,273 - httpcore.http11 - DEBUG - receive_response_body.started request=<Request [b'POST']>
2025-06-23 06:31:16,275 - httpcore.http11 - DEBUG - receive_response_body.complete
2025-06-23 06:31:16,275 - httpcore.http11 - DEBUG - response_closed.started
2025-06-23 06:31:16,275 - httpcore.http11 - DEBUG - response_closed.complete
2025-06-23 06:31:16,275 - telegram.ext.ExtBot - DEBUG - No new updates found.
2025-06-23 06:31:16,275 - telegram.ext.ExtBot - DEBUG - ()
2025-06-23 06:31:16,275 - telegram.ext.ExtBot - DEBUG - Exiting: get_updates
2025-06-23 06:31:16,275 - telegram.ext.ExtBot - DEBUG - Entering: get_updates
2025-06-23 06:31:16,277 - httpcore.http11 - DEBUG - send_request_headers.started request=<Request [b'POST']>
2025-06-23 06:31:16,277 - httpcore.http11 - DEBUG - send_request_headers.complete
2025-06-23 06:31:16,277 - httpcore.http11 - DEBUG - send_request_body.started request=<Request [b'POST']>
2025-06-23 06:31:16,277 - httpcore.http11 - DEBUG - send_request_body.complete
2025-06-23 06:31:16,277 - httpcore.http11 - DEBUG - receive_response_headers.started request=<Request [b'POST']>
2025-06-23 06:31:26,354 - httpcore.http11 - DEBUG - receive_response_headers.complete return_value=(b'HTTP/1.1', 200, b'OK', [(b'Server', b'nginx/1.18.0'), (b'Date', b'Mon, 23 Jun 2025 05:31:28 GMT'), (b'Content-Type', b'application/json'), (b'Content-Length', b'23'), (b'Connection', b'keep-alive'), (b'Strict-Transport-Security', b'max-age=31536000; includeSubDomains; preload'), (b'Access-Control-Allow-Origin', b'*'), (b'Access-Control-Allow-Methods', b'GET, POST, OPTIONS'), (b'Access-Control-Expose-Headers', b'Content-Length,Content-Type,Date,Server,Connection')])
2025-06-23 06:31:26,354 - httpx - INFO - HTTP Request: POST https://api.telegram.org/bot7707158318:AAE8rWa4Q8Z_3avql6K0HAmXaooZAReoNF0/getUpdates "HTTP/1.1 200 OK"
2025-06-23 06:31:26,356 - httpcore.http11 - DEBUG - receive_response_body.started request=<Request [b'POST']>
2025-06-23 06:31:26,356 - httpcore.http11 - DEBUG - receive_response_body.complete
2025-06-23 06:31:26,356 - httpcore.http11 - DEBUG - response_closed.started
2025-06-23 06:31:26,356 - httpcore.http11 - DEBUG - response_closed.complete
2025-06-23 06:31:26,357 - telegram.ext.ExtBot - DEBUG - No new updates found.
2025-06-23 06:31:26,357 - telegram.ext.ExtBot - DEBUG - ()
2025-06-23 06:31:26,357 - telegram.ext.ExtBot - DEBUG - Exiting: get_updates
2025-06-23 06:31:26,357 - telegram.ext.ExtBot - DEBUG - Entering: get_updates
2025-06-23 06:31:26,358 - httpcore.http11 - DEBUG - send_request_headers.started request=<Request [b'POST']>
2025-06-23 06:31:26,359 - httpcore.http11 - DEBUG - send_request_headers.complete
2025-06-23 06:31:26,359 - httpcore.http11 - DEBUG - send_request_body.started request=<Request [b'POST']>
2025-06-23 06:31:26,359 - httpcore.http11 - DEBUG - send_request_body.complete
2025-06-23 06:31:26,359 - httpcore.http11 - DEBUG - receive_response_headers.started request=<Request [b'POST']>
2025-06-23 06:31:36,594 - httpcore.http11 - DEBUG - receive_response_headers.complete return_value=(b'HTTP/1.1', 200, b'OK', [(b'Server', b'nginx/1.18.0'), (b'Date', b'Mon, 23 Jun 2025 05:31:38 GMT'), (b'Content-Type', b'application/json'), (b'Content-Length', b'23'), (b'Connection', b'keep-alive'), (b'Strict-Transport-Security', b'max-age=31536000; includeSubDomains; preload'), (b'Access-Control-Allow-Origin', b'*'), (b'Access-Control-Allow-Methods', b'GET, POST, OPTIONS'), (b'Access-Control-Expose-Headers', b'Content-Length,Content-Type,Date,Server,Connection')])
2025-06-23 06:31:36,594 - httpx - INFO - HTTP Request: POST https://api.telegram.org/bot7707158318:AAE8rWa4Q8Z_3avql6K0HAmXaooZAReoNF0/getUpdates "HTTP/1.1 200 OK"
2025-06-23 06:31:36,595 - httpcore.http11 - DEBUG - receive_response_body.started request=<Request [b'POST']>
2025-06-23 06:31:36,595 - httpcore.http11 - DEBUG - receive_response_body.complete
2025-06-23 06:31:36,595 - httpcore.http11 - DEBUG - response_closed.started
2025-06-23 06:31:36,595 - httpcore.http11 - DEBUG - response_closed.complete
2025-06-23 06:31:36,595 - telegram.ext.ExtBot - DEBUG - No new updates found.
2025-06-23 06:31:36,595 - telegram.ext.ExtBot - DEBUG - ()
2025-06-23 06:31:36,595 - telegram.ext.ExtBot - DEBUG - Exiting: get_updates
2025-06-23 06:31:36,595 - telegram.ext.ExtBot - DEBUG - Entering: get_updates
2025-06-23 06:31:36,597 - httpcore.http11 - DEBUG - send_request_headers.started request=<Request [b'POST']>
2025-06-23 06:31:36,597 - httpcore.http11 - DEBUG - send_request_headers.complete
2025-06-23 06:31:36,597 - httpcore.http11 - DEBUG - send_request_body.started request=<Request [b'POST']>
2025-06-23 06:31:36,599 - httpcore.http11 - DEBUG - send_request_body.complete
2025-06-23 06:31:36,599 - httpcore.http11 - DEBUG - receive_response_headers.started request=<Request [b'POST']>
2025-06-23 06:31:46,678 - httpcore.http11 - DEBUG - receive_response_headers.complete return_value=(b'HTTP/1.1', 200, b'OK', [(b'Server', b'nginx/1.18.0'), (b'Date', b'Mon, 23 Jun 2025 05:31:49 GMT'), (b'Content-Type', b'application/json'), (b'Content-Length', b'23'), (b'Connection', b'keep-alive'), (b'Strict-Transport-Security', b'max-age=31536000; includeSubDomains; preload'), (b'Access-Control-Allow-Origin', b'*'), (b'Access-Control-Allow-Methods', b'GET, POST, OPTIONS'), (b'Access-Control-Expose-Headers', b'Content-Length,Content-Type,Date,Server,Connection')])
2025-06-23 06:31:46,678 - httpx - INFO - HTTP Request: POST https://api.telegram.org/bot7707158318:AAE8rWa4Q8Z_3avql6K0HAmXaooZAReoNF0/getUpdates "HTTP/1.1 200 OK"
2025-06-23 06:31:46,678 - httpcore.http11 - DEBUG - receive_response_body.started request=<Request [b'POST']>
2025-06-23 06:31:46,681 - httpcore.http11 - DEBUG - receive_response_body.complete
2025-06-23 06:31:46,681 - httpcore.http11 - DEBUG - response_closed.started
2025-06-23 06:31:46,681 - httpcore.http11 - DEBUG - response_closed.complete
2025-06-23 06:31:46,681 - telegram.ext.ExtBot - DEBUG - No new updates found.
2025-06-23 06:31:46,681 - telegram.ext.ExtBot - DEBUG - ()
2025-06-23 06:31:46,681 - telegram.ext.ExtBot - DEBUG - Exiting: get_updates
2025-06-23 06:31:46,681 - telegram.ext.ExtBot - DEBUG - Entering: get_updates
2025-06-23 06:31:46,681 - httpcore.http11 - DEBUG - send_request_headers.started request=<Request [b'POST']>
2025-06-23 06:31:46,681 - httpcore.http11 - DEBUG - send_request_headers.complete
2025-06-23 06:31:46,681 - httpcore.http11 - DEBUG - send_request_body.started request=<Request [b'POST']>
2025-06-23 06:31:46,681 - httpcore.http11 - DEBUG - send_request_body.complete
2025-06-23 06:31:46,681 - httpcore.http11 - DEBUG - receive_response_headers.started request=<Request [b'POST']>
2025-06-23 06:31:56,778 - httpcore.http11 - DEBUG - receive_response_headers.complete return_value=(b'HTTP/1.1', 200, b'OK', [(b'Server', b'nginx/1.18.0'), (b'Date', b'Mon, 23 Jun 2025 05:31:59 GMT'), (b'Content-Type', b'application/json'), (b'Content-Length', b'23'), (b'Connection', b'keep-alive'), (b'Strict-Transport-Security', b'max-age=31536000; includeSubDomains; preload'), (b'Access-Control-Allow-Origin', b'*'), (b'Access-Control-Allow-Methods', b'GET, POST, OPTIONS'), (b'Access-Control-Expose-Headers', b'Content-Length,Content-Type,Date,Server,Connection')])
2025-06-23 06:31:56,780 - httpx - INFO - HTTP Request: POST https://api.telegram.org/bot7707158318:AAE8rWa4Q8Z_3avql6K0HAmXaooZAReoNF0/getUpdates "HTTP/1.1 200 OK"
2025-06-23 06:31:56,781 - httpcore.http11 - DEBUG - receive_response_body.started request=<Request [b'POST']>
2025-06-23 06:31:56,782 - httpcore.http11 - DEBUG - receive_response_body.complete
2025-06-23 06:31:56,782 - httpcore.http11 - DEBUG - response_closed.started
2025-06-23 06:31:56,783 - httpcore.http11 - DEBUG - response_closed.complete
2025-06-23 06:31:56,784 - telegram.ext.ExtBot - DEBUG - No new updates found.
2025-06-23 06:31:56,784 - telegram.ext.ExtBot - DEBUG - ()
2025-06-23 06:31:56,784 - telegram.ext.ExtBot - DEBUG - Exiting: get_updates
2025-06-23 06:31:56,785 - telegram.ext.ExtBot - DEBUG - Entering: get_updates
2025-06-23 06:31:56,789 - httpcore.http11 - DEBUG - send_request_headers.started request=<Request [b'POST']>
2025-06-23 06:31:56,791 - httpcore.http11 - DEBUG - send_request_headers.complete
2025-06-23 06:31:56,791 - httpcore.http11 - DEBUG - send_request_body.started request=<Request [b'POST']>
2025-06-23 06:31:56,793 - httpcore.http11 - DEBUG - send_request_body.complete
2025-06-23 06:31:56,793 - httpcore.http11 - DEBUG - receive_response_headers.started request=<Request [b'POST']>
2025-06-23 06:32:06,873 - httpcore.http11 - DEBUG - receive_response_headers.complete return_value=(b'HTTP/1.1', 200, b'OK', [(b'Server', b'nginx/1.18.0'), (b'Date', b'Mon, 23 Jun 2025 05:32:09 GMT'), (b'Content-Type', b'application/json'), (b'Content-Length', b'23'), (b'Connection', b'keep-alive'), (b'Strict-Transport-Security', b'max-age=31536000; includeSubDomains; preload'), (b'Access-Control-Allow-Origin', b'*'), (b'Access-Control-Allow-Methods', b'GET, POST, OPTIONS'), (b'Access-Control-Expose-Headers', b'Content-Length,Content-Type,Date,Server,Connection')])
2025-06-23 06:32:06,875 - httpx - INFO - HTTP Request: POST https://api.telegram.org/bot7707158318:AAE8rWa4Q8Z_3avql6K0HAmXaooZAReoNF0/getUpdates "HTTP/1.1 200 OK"
2025-06-23 06:32:06,875 - httpcore.http11 - DEBUG - receive_response_body.started request=<Request [b'POST']>
2025-06-23 06:32:06,876 - httpcore.http11 - DEBUG - receive_response_body.complete
2025-06-23 06:32:06,876 - httpcore.http11 - DEBUG - response_closed.started
2025-06-23 06:32:06,876 - httpcore.http11 - DEBUG - response_closed.complete
2025-06-23 06:32:06,877 - telegram.ext.ExtBot - DEBUG - No new updates found.
2025-06-23 06:32:06,877 - telegram.ext.ExtBot - DEBUG - ()
2025-06-23 06:32:06,877 - telegram.ext.ExtBot - DEBUG - Exiting: get_updates
2025-06-23 06:32:06,877 - telegram.ext.ExtBot - DEBUG - Entering: get_updates
2025-06-23 06:32:06,877 - httpcore.http11 - DEBUG - send_request_headers.started request=<Request [b'POST']>
2025-06-23 06:32:06,881 - httpcore.http11 - DEBUG - send_request_headers.complete
2025-06-23 06:32:06,881 - httpcore.http11 - DEBUG - send_request_body.started request=<Request [b'POST']>
2025-06-23 06:32:06,883 - httpcore.http11 - DEBUG - send_request_body.complete
2025-06-23 06:32:06,885 - httpcore.http11 - DEBUG - receive_response_headers.started request=<Request [b'POST']>
2025-06-23 06:32:16,958 - httpcore.http11 - DEBUG - receive_response_headers.complete return_value=(b'HTTP/1.1', 200, b'OK', [(b'Server', b'nginx/1.18.0'), (b'Date', b'Mon, 23 Jun 2025 05:32:19 GMT'), (b'Content-Type', b'application/json'), (b'Content-Length', b'23'), (b'Connection', b'keep-alive'), (b'Strict-Transport-Security', b'max-age=31536000; includeSubDomains; preload'), (b'Access-Control-Allow-Origin', b'*'), (b'Access-Control-Allow-Methods', b'GET, POST, OPTIONS'), (b'Access-Control-Expose-Headers', b'Content-Length,Content-Type,Date,Server,Connection')])
2025-06-23 06:32:16,960 - httpx - INFO - HTTP Request: POST https://api.telegram.org/bot7707158318:AAE8rWa4Q8Z_3avql6K0HAmXaooZAReoNF0/getUpdates "HTTP/1.1 200 OK"
2025-06-23 06:32:16,964 - httpcore.http11 - DEBUG - receive_response_body.started request=<Request [b'POST']>
2025-06-23 06:32:16,965 - httpcore.http11 - DEBUG - receive_response_body.complete
2025-06-23 06:32:16,966 - httpcore.http11 - DEBUG - response_closed.started
2025-06-23 06:32:16,967 - httpcore.http11 - DEBUG - response_closed.complete
2025-06-23 06:32:16,967 - telegram.ext.ExtBot - DEBUG - No new updates found.
2025-06-23 06:32:16,967 - telegram.ext.ExtBot - DEBUG - ()
2025-06-23 06:32:16,967 - telegram.ext.ExtBot - DEBUG - Exiting: get_updates
2025-06-23 06:32:16,969 - telegram.ext.ExtBot - DEBUG - Entering: get_updates
2025-06-23 06:32:16,972 - httpcore.http11 - DEBUG - send_request_headers.started request=<Request [b'POST']>
2025-06-23 06:32:16,973 - httpcore.http11 - DEBUG - send_request_headers.complete
2025-06-23 06:32:16,973 - httpcore.http11 - DEBUG - send_request_body.started request=<Request [b'POST']>
2025-06-23 06:32:16,975 - httpcore.http11 - DEBUG - send_request_body.complete
2025-06-23 06:32:16,975 - httpcore.http11 - DEBUG - receive_response_headers.started request=<Request [b'POST']>
2025-06-23 06:32:27,351 - httpcore.http11 - DEBUG - receive_response_headers.complete return_value=(b'HTTP/1.1', 200, b'OK', [(b'Server', b'nginx/1.18.0'), (b'Date', b'Mon, 23 Jun 2025 05:32:29 GMT'), (b'Content-Type', b'application/json'), (b'Content-Length', b'23'), (b'Connection', b'keep-alive'), (b'Strict-Transport-Security', b'max-age=31536000; includeSubDomains; preload'), (b'Access-Control-Allow-Origin', b'*'), (b'Access-Control-Allow-Methods', b'GET, POST, OPTIONS'), (b'Access-Control-Expose-Headers', b'Content-Length,Content-Type,Date,Server,Connection')])
2025-06-23 06:32:27,351 - httpx - INFO - HTTP Request: POST https://api.telegram.org/bot7707158318:AAE8rWa4Q8Z_3avql6K0HAmXaooZAReoNF0/getUpdates "HTTP/1.1 200 OK"
2025-06-23 06:32:27,354 - httpcore.http11 - DEBUG - receive_response_body.started request=<Request [b'POST']>
2025-06-23 06:32:27,354 - httpcore.http11 - DEBUG - receive_response_body.complete
2025-06-23 06:32:27,354 - httpcore.http11 - DEBUG - response_closed.started
2025-06-23 06:32:27,354 - httpcore.http11 - DEBUG - response_closed.complete
2025-06-23 06:32:27,358 - telegram.ext.ExtBot - DEBUG - No new updates found.
2025-06-23 06:32:27,358 - telegram.ext.ExtBot - DEBUG - ()
2025-06-23 06:32:27,358 - telegram.ext.ExtBot - DEBUG - Exiting: get_updates
2025-06-23 06:32:27,358 - telegram.ext.ExtBot - DEBUG - Entering: get_updates
2025-06-23 06:32:27,361 - httpcore.http11 - DEBUG - send_request_headers.started request=<Request [b'POST']>
2025-06-23 06:32:27,363 - httpcore.http11 - DEBUG - send_request_headers.complete
2025-06-23 06:32:27,363 - httpcore.http11 - DEBUG - send_request_body.started request=<Request [b'POST']>
2025-06-23 06:32:27,365 - httpcore.http11 - DEBUG - send_request_body.complete
2025-06-23 06:32:27,365 - httpcore.http11 - DEBUG - receive_response_headers.started request=<Request [b'POST']>
2025-06-23 06:32:37,513 - httpcore.http11 - DEBUG - receive_response_headers.complete return_value=(b'HTTP/1.1', 200, b'OK', [(b'Server', b'nginx/1.18.0'), (b'Date', b'Mon, 23 Jun 2025 05:32:39 GMT'), (b'Content-Type', b'application/json'), (b'Content-Length', b'23'), (b'Connection', b'keep-alive'), (b'Strict-Transport-Security', b'max-age=31536000; includeSubDomains; preload'), (b'Access-Control-Allow-Origin', b'*'), (b'Access-Control-Allow-Methods', b'GET, POST, OPTIONS'), (b'Access-Control-Expose-Headers', b'Content-Length,Content-Type,Date,Server,Connection')])
2025-06-23 06:32:37,513 - httpx - INFO - HTTP Request: POST https://api.telegram.org/bot7707158318:AAE8rWa4Q8Z_3avql6K0HAmXaooZAReoNF0/getUpdates "HTTP/1.1 200 OK"
2025-06-23 06:32:37,515 - httpcore.http11 - DEBUG - receive_response_body.started request=<Request [b'POST']>
2025-06-23 06:32:37,515 - httpcore.http11 - DEBUG - receive_response_body.complete
2025-06-23 06:32:37,515 - httpcore.http11 - DEBUG - response_closed.started
2025-06-23 06:32:37,515 - httpcore.http11 - DEBUG - response_closed.complete
2025-06-23 06:32:37,515 - telegram.ext.ExtBot - DEBUG - No new updates found.
2025-06-23 06:32:37,515 - telegram.ext.ExtBot - DEBUG - ()
2025-06-23 06:32:37,515 - telegram.ext.ExtBot - DEBUG - Exiting: get_updates
2025-06-23 06:32:37,515 - telegram.ext.ExtBot - DEBUG - Entering: get_updates
2025-06-23 06:32:37,515 - httpcore.http11 - DEBUG - send_request_headers.started request=<Request [b'POST']>
2025-06-23 06:32:37,515 - httpcore.http11 - DEBUG - send_request_headers.complete
2025-06-23 06:32:37,515 - httpcore.http11 - DEBUG - send_request_body.started request=<Request [b'POST']>
2025-06-23 06:32:37,515 - httpcore.http11 - DEBUG - send_request_body.complete
2025-06-23 06:32:37,515 - httpcore.http11 - DEBUG - receive_response_headers.started request=<Request [b'POST']>
2025-06-23 06:32:47,593 - httpcore.http11 - DEBUG - receive_response_headers.complete return_value=(b'HTTP/1.1', 200, b'OK', [(b'Server', b'nginx/1.18.0'), (b'Date', b'Mon, 23 Jun 2025 05:32:49 GMT'), (b'Content-Type', b'application/json'), (b'Content-Length', b'23'), (b'Connection', b'keep-alive'), (b'Strict-Transport-Security', b'max-age=31536000; includeSubDomains; preload'), (b'Access-Control-Allow-Origin', b'*'), (b'Access-Control-Allow-Methods', b'GET, POST, OPTIONS'), (b'Access-Control-Expose-Headers', b'Content-Length,Content-Type,Date,Server,Connection')])
2025-06-23 06:32:47,593 - httpx - INFO - HTTP Request: POST https://api.telegram.org/bot7707158318:AAE8rWa4Q8Z_3avql6K0HAmXaooZAReoNF0/getUpdates "HTTP/1.1 200 OK"
2025-06-23 06:32:47,593 - httpcore.http11 - DEBUG - receive_response_body.started request=<Request [b'POST']>
2025-06-23 06:32:47,593 - httpcore.http11 - DEBUG - receive_response_body.complete
2025-06-23 06:32:47,593 - httpcore.http11 - DEBUG - response_closed.started
2025-06-23 06:32:47,593 - httpcore.http11 - DEBUG - response_closed.complete
2025-06-23 06:32:47,593 - telegram.ext.ExtBot - DEBUG - No new updates found.
2025-06-23 06:32:47,593 - telegram.ext.ExtBot - DEBUG - ()
2025-06-23 06:32:47,593 - telegram.ext.ExtBot - DEBUG - Exiting: get_updates
2025-06-23 06:32:47,596 - telegram.ext.ExtBot - DEBUG - Entering: get_updates
2025-06-23 06:32:47,597 - httpcore.http11 - DEBUG - send_request_headers.started request=<Request [b'POST']>
2025-06-23 06:32:47,597 - httpcore.http11 - DEBUG - send_request_headers.complete
2025-06-23 06:32:47,597 - httpcore.http11 - DEBUG - send_request_body.started request=<Request [b'POST']>
2025-06-23 06:32:47,597 - httpcore.http11 - DEBUG - send_request_body.complete
2025-06-23 06:32:47,597 - httpcore.http11 - DEBUG - receive_response_headers.started request=<Request [b'POST']>
2025-06-23 06:32:57,709 - httpcore.http11 - DEBUG - receive_response_headers.complete return_value=(b'HTTP/1.1', 200, b'OK', [(b'Server', b'nginx/1.18.0'), (b'Date', b'Mon, 23 Jun 2025 05:33:00 GMT'), (b'Content-Type', b'application/json'), (b'Content-Length', b'23'), (b'Connection', b'keep-alive'), (b'Strict-Transport-Security', b'max-age=31536000; includeSubDomains; preload'), (b'Access-Control-Allow-Origin', b'*'), (b'Access-Control-Allow-Methods', b'GET, POST, OPTIONS'), (b'Access-Control-Expose-Headers', b'Content-Length,Content-Type,Date,Server,Connection')])
2025-06-23 06:32:57,709 - httpx - INFO - HTTP Request: POST https://api.telegram.org/bot7707158318:AAE8rWa4Q8Z_3avql6K0HAmXaooZAReoNF0/getUpdates "HTTP/1.1 200 OK"
2025-06-23 06:32:57,711 - httpcore.http11 - DEBUG - receive_response_body.started request=<Request [b'POST']>
2025-06-23 06:32:57,711 - httpcore.http11 - DEBUG - receive_response_body.complete
2025-06-23 06:32:57,711 - httpcore.http11 - DEBUG - response_closed.started
2025-06-23 06:32:57,711 - httpcore.http11 - DEBUG - response_closed.complete
2025-06-23 06:32:57,713 - telegram.ext.ExtBot - DEBUG - No new updates found.
2025-06-23 06:32:57,713 - telegram.ext.ExtBot - DEBUG - ()
2025-06-23 06:32:57,713 - telegram.ext.ExtBot - DEBUG - Exiting: get_updates
2025-06-23 06:32:57,713 - telegram.ext.ExtBot - DEBUG - Entering: get_updates
2025-06-23 06:32:57,715 - httpcore.http11 - DEBUG - send_request_headers.started request=<Request [b'POST']>
2025-06-23 06:32:57,715 - httpcore.http11 - DEBUG - send_request_headers.complete
2025-06-23 06:32:57,715 - httpcore.http11 - DEBUG - send_request_body.started request=<Request [b'POST']>
2025-06-23 06:32:57,715 - httpcore.http11 - DEBUG - send_request_body.complete
2025-06-23 06:32:57,715 - httpcore.http11 - DEBUG - receive_response_headers.started request=<Request [b'POST']>
2025-06-23 06:33:07,793 - httpcore.http11 - DEBUG - receive_response_headers.complete return_value=(b'HTTP/1.1', 200, b'OK', [(b'Server', b'nginx/1.18.0'), (b'Date', b'Mon, 23 Jun 2025 05:33:10 GMT'), (b'Content-Type', b'application/json'), (b'Content-Length', b'23'), (b'Connection', b'keep-alive'), (b'Strict-Transport-Security', b'max-age=31536000; includeSubDomains; preload'), (b'Access-Control-Allow-Origin', b'*'), (b'Access-Control-Allow-Methods', b'GET, POST, OPTIONS'), (b'Access-Control-Expose-Headers', b'Content-Length,Content-Type,Date,Server,Connection')])
2025-06-23 06:33:07,793 - httpx - INFO - HTTP Request: POST https://api.telegram.org/bot7707158318:AAE8rWa4Q8Z_3avql6K0HAmXaooZAReoNF0/getUpdates "HTTP/1.1 200 OK"
2025-06-23 06:33:07,793 - httpcore.http11 - DEBUG - receive_response_body.started request=<Request [b'POST']>
2025-06-23 06:33:07,793 - httpcore.http11 - DEBUG - receive_response_body.complete
2025-06-23 06:33:07,793 - httpcore.http11 - DEBUG - response_closed.started
2025-06-23 06:33:07,793 - httpcore.http11 - DEBUG - response_closed.complete
2025-06-23 06:33:07,793 - telegram.ext.ExtBot - DEBUG - No new updates found.
2025-06-23 06:33:07,793 - telegram.ext.ExtBot - DEBUG - ()
2025-06-23 06:33:07,793 - telegram.ext.ExtBot - DEBUG - Exiting: get_updates
2025-06-23 06:33:07,793 - telegram.ext.ExtBot - DEBUG - Entering: get_updates
2025-06-23 06:33:07,793 - httpcore.http11 - DEBUG - send_request_headers.started request=<Request [b'POST']>
2025-06-23 06:33:07,793 - httpcore.http11 - DEBUG - send_request_headers.complete
2025-06-23 06:33:07,793 - httpcore.http11 - DEBUG - send_request_body.started request=<Request [b'POST']>
2025-06-23 06:33:07,800 - httpcore.http11 - DEBUG - send_request_body.complete
2025-06-23 06:33:07,800 - httpcore.http11 - DEBUG - receive_response_headers.started request=<Request [b'POST']>
2025-06-23 06:33:17,877 - httpcore.http11 - DEBUG - receive_response_headers.complete return_value=(b'HTTP/1.1', 200, b'OK', [(b'Server', b'nginx/1.18.0'), (b'Date', b'Mon, 23 Jun 2025 05:33:20 GMT'), (b'Content-Type', b'application/json'), (b'Content-Length', b'23'), (b'Connection', b'close'), (b'Strict-Transport-Security', b'max-age=31536000; includeSubDomains; preload'), (b'Access-Control-Allow-Origin', b'*'), (b'Access-Control-Allow-Methods', b'GET, POST, OPTIONS'), (b'Access-Control-Expose-Headers', b'Content-Length,Content-Type,Date,Server,Connection')])
2025-06-23 06:33:17,878 - httpx - INFO - HTTP Request: POST https://api.telegram.org/bot7707158318:AAE8rWa4Q8Z_3avql6K0HAmXaooZAReoNF0/getUpdates "HTTP/1.1 200 OK"
2025-06-23 06:33:17,879 - httpcore.http11 - DEBUG - receive_response_body.started request=<Request [b'POST']>
2025-06-23 06:33:17,879 - httpcore.http11 - DEBUG - receive_response_body.complete
2025-06-23 06:33:17,879 - httpcore.http11 - DEBUG - response_closed.started
2025-06-23 06:33:17,879 - httpcore.http11 - DEBUG - response_closed.complete
2025-06-23 06:33:17,879 - telegram.ext.ExtBot - DEBUG - No new updates found.
2025-06-23 06:33:17,879 - telegram.ext.ExtBot - DEBUG - ()
2025-06-23 06:33:17,879 - telegram.ext.ExtBot - DEBUG - Exiting: get_updates
2025-06-23 06:33:17,879 - telegram.ext.ExtBot - DEBUG - Entering: get_updates
2025-06-23 06:33:17,883 - httpcore.connection - DEBUG - connect_tcp.started host='api.telegram.org' port=443 local_address=None timeout=5.0 socket_options=None
2025-06-23 06:33:17,994 - httpcore.connection - DEBUG - connect_tcp.complete return_value=<httpcore._backends.anyio.AnyIOStream object at 0x0000024B2C5500A0>
2025-06-23 06:33:17,994 - httpcore.connection - DEBUG - start_tls.started ssl_context=<ssl.SSLContext object at 0x0000024B2B3F9BC0> server_hostname='api.telegram.org' timeout=5.0
2025-06-23 06:33:18,100 - httpcore.connection - DEBUG - start_tls.complete return_value=<httpcore._backends.anyio.AnyIOStream object at 0x0000024B2C5535E0>
2025-06-23 06:33:18,101 - httpcore.http11 - DEBUG - send_request_headers.started request=<Request [b'POST']>
2025-06-23 06:33:18,102 - httpcore.http11 - DEBUG - send_request_headers.complete
2025-06-23 06:33:18,103 - httpcore.http11 - DEBUG - send_request_body.started request=<Request [b'POST']>
2025-06-23 06:33:18,103 - httpcore.http11 - DEBUG - send_request_body.complete
2025-06-23 06:33:18,103 - httpcore.http11 - DEBUG - receive_response_headers.started request=<Request [b'POST']>
2025-06-23 06:33:28,193 - httpcore.http11 - DEBUG - receive_response_headers.complete return_value=(b'HTTP/1.1', 200, b'OK', [(b'Server', b'nginx/1.18.0'), (b'Date', b'Mon, 23 Jun 2025 05:33:30 GMT'), (b'Content-Type', b'application/json'), (b'Content-Length', b'23'), (b'Connection', b'keep-alive'), (b'Strict-Transport-Security', b'max-age=31536000; includeSubDomains; preload'), (b'Access-Control-Allow-Origin', b'*'), (b'Access-Control-Allow-Methods', b'GET, POST, OPTIONS'), (b'Access-Control-Expose-Headers', b'Content-Length,Content-Type,Date,Server,Connection')])
2025-06-23 06:33:28,195 - httpx - INFO - HTTP Request: POST https://api.telegram.org/bot7707158318:AAE8rWa4Q8Z_3avql6K0HAmXaooZAReoNF0/getUpdates "HTTP/1.1 200 OK"
2025-06-23 06:33:28,195 - httpcore.http11 - DEBUG - receive_response_body.started request=<Request [b'POST']>
2025-06-23 06:33:28,195 - httpcore.http11 - DEBUG - receive_response_body.complete
2025-06-23 06:33:28,195 - httpcore.http11 - DEBUG - response_closed.started
2025-06-23 06:33:28,195 - httpcore.http11 - DEBUG - response_closed.complete
2025-06-23 06:33:28,198 - telegram.ext.ExtBot - DEBUG - No new updates found.
2025-06-23 06:33:28,198 - telegram.ext.ExtBot - DEBUG - ()
2025-06-23 06:33:28,198 - telegram.ext.ExtBot - DEBUG - Exiting: get_updates
2025-06-23 06:33:28,198 - telegram.ext.ExtBot - DEBUG - Entering: get_updates
2025-06-23 06:33:28,200 - httpcore.http11 - DEBUG - send_request_headers.started request=<Request [b'POST']>
2025-06-23 06:33:28,200 - httpcore.http11 - DEBUG - send_request_headers.complete
2025-06-23 06:33:28,200 - httpcore.http11 - DEBUG - send_request_body.started request=<Request [b'POST']>
2025-06-23 06:33:28,203 - httpcore.http11 - DEBUG - send_request_body.complete
2025-06-23 06:33:28,203 - httpcore.http11 - DEBUG - receive_response_headers.started request=<Request [b'POST']>
2025-06-23 06:33:38,320 - httpcore.http11 - DEBUG - receive_response_headers.complete return_value=(b'HTTP/1.1', 200, b'OK', [(b'Server', b'nginx/1.18.0'), (b'Date', b'Mon, 23 Jun 2025 05:33:40 GMT'), (b'Content-Type', b'application/json'), (b'Content-Length', b'23'), (b'Connection', b'keep-alive'), (b'Strict-Transport-Security', b'max-age=31536000; includeSubDomains; preload'), (b'Access-Control-Allow-Origin', b'*'), (b'Access-Control-Allow-Methods', b'GET, POST, OPTIONS'), (b'Access-Control-Expose-Headers', b'Content-Length,Content-Type,Date,Server,Connection')])
2025-06-23 06:33:38,320 - httpx - INFO - HTTP Request: POST https://api.telegram.org/bot7707158318:AAE8rWa4Q8Z_3avql6K0HAmXaooZAReoNF0/getUpdates "HTTP/1.1 200 OK"
2025-06-23 06:33:38,320 - httpcore.http11 - DEBUG - receive_response_body.started request=<Request [b'POST']>
2025-06-23 06:33:38,320 - httpcore.http11 - DEBUG - receive_response_body.complete
2025-06-23 06:33:38,320 - httpcore.http11 - DEBUG - response_closed.started
2025-06-23 06:33:38,322 - httpcore.http11 - DEBUG - response_closed.complete
2025-06-23 06:33:38,323 - telegram.ext.ExtBot - DEBUG - No new updates found.
2025-06-23 06:33:38,323 - telegram.ext.ExtBot - DEBUG - ()
2025-06-23 06:33:38,323 - telegram.ext.ExtBot - DEBUG - Exiting: get_updates
2025-06-23 06:33:38,323 - telegram.ext.ExtBot - DEBUG - Entering: get_updates
2025-06-23 06:33:38,325 - httpcore.http11 - DEBUG - send_request_headers.started request=<Request [b'POST']>
2025-06-23 06:33:38,325 - httpcore.http11 - DEBUG - send_request_headers.complete
2025-06-23 06:33:38,325 - httpcore.http11 - DEBUG - send_request_body.started request=<Request [b'POST']>
2025-06-23 06:33:38,327 - httpcore.http11 - DEBUG - send_request_body.complete
2025-06-23 06:33:38,327 - httpcore.http11 - DEBUG - receive_response_headers.started request=<Request [b'POST']>
2025-06-23 06:33:48,415 - httpcore.http11 - DEBUG - receive_response_headers.complete return_value=(b'HTTP/1.1', 200, b'OK', [(b'Server', b'nginx/1.18.0'), (b'Date', b'Mon, 23 Jun 2025 05:33:50 GMT'), (b'Content-Type', b'application/json'), (b'Content-Length', b'23'), (b'Connection', b'keep-alive'), (b'Strict-Transport-Security', b'max-age=31536000; includeSubDomains; preload'), (b'Access-Control-Allow-Origin', b'*'), (b'Access-Control-Allow-Methods', b'GET, POST, OPTIONS'), (b'Access-Control-Expose-Headers', b'Content-Length,Content-Type,Date,Server,Connection')])
2025-06-23 06:33:48,415 - httpx - INFO - HTTP Request: POST https://api.telegram.org/bot7707158318:AAE8rWa4Q8Z_3avql6K0HAmXaooZAReoNF0/getUpdates "HTTP/1.1 200 OK"
2025-06-23 06:33:48,417 - httpcore.http11 - DEBUG - receive_response_body.started request=<Request [b'POST']>
2025-06-23 06:33:48,417 - httpcore.http11 - DEBUG - receive_response_body.complete
2025-06-23 06:33:48,417 - httpcore.http11 - DEBUG - response_closed.started
2025-06-23 06:33:48,417 - httpcore.http11 - DEBUG - response_closed.complete
2025-06-23 06:33:48,418 - telegram.ext.ExtBot - DEBUG - No new updates found.
2025-06-23 06:33:48,418 - telegram.ext.ExtBot - DEBUG - ()
2025-06-23 06:33:48,418 - telegram.ext.ExtBot - DEBUG - Exiting: get_updates
2025-06-23 06:33:48,418 - telegram.ext.ExtBot - DEBUG - Entering: get_updates
2025-06-23 06:33:48,420 - httpcore.http11 - DEBUG - send_request_headers.started request=<Request [b'POST']>
2025-06-23 06:33:48,420 - httpcore.http11 - DEBUG - send_request_headers.complete
2025-06-23 06:33:48,420 - httpcore.http11 - DEBUG - send_request_body.started request=<Request [b'POST']>
2025-06-23 06:33:48,422 - httpcore.http11 - DEBUG - send_request_body.complete
2025-06-23 06:33:48,422 - httpcore.http11 - DEBUG - receive_response_headers.started request=<Request [b'POST']>
2025-06-23 06:33:58,515 - httpcore.http11 - DEBUG - receive_response_headers.complete return_value=(b'HTTP/1.1', 200, b'OK', [(b'Server', b'nginx/1.18.0'), (b'Date', b'Mon, 23 Jun 2025 05:34:00 GMT'), (b'Content-Type', b'application/json'), (b'Content-Length', b'23'), (b'Connection', b'keep-alive'), (b'Strict-Transport-Security', b'max-age=31536000; includeSubDomains; preload'), (b'Access-Control-Allow-Origin', b'*'), (b'Access-Control-Allow-Methods', b'GET, POST, OPTIONS'), (b'Access-Control-Expose-Headers', b'Content-Length,Content-Type,Date,Server,Connection')])
2025-06-23 06:33:58,519 - httpx - INFO - HTTP Request: POST https://api.telegram.org/bot7707158318:AAE8rWa4Q8Z_3avql6K0HAmXaooZAReoNF0/getUpdates "HTTP/1.1 200 OK"
2025-06-23 06:33:58,520 - httpcore.http11 - DEBUG - receive_response_body.started request=<Request [b'POST']>
2025-06-23 06:33:58,521 - httpcore.http11 - DEBUG - receive_response_body.complete
2025-06-23 06:33:58,521 - httpcore.http11 - DEBUG - response_closed.started
2025-06-23 06:33:58,521 - httpcore.http11 - DEBUG - response_closed.complete
2025-06-23 06:33:58,522 - telegram.ext.ExtBot - DEBUG - No new updates found.
2025-06-23 06:33:58,522 - telegram.ext.ExtBot - DEBUG - ()
2025-06-23 06:33:58,522 - telegram.ext.ExtBot - DEBUG - Exiting: get_updates
2025-06-23 06:33:58,523 - telegram.ext.ExtBot - DEBUG - Entering: get_updates
2025-06-23 06:33:58,525 - httpcore.http11 - DEBUG - send_request_headers.started request=<Request [b'POST']>
2025-06-23 06:33:58,525 - httpcore.http11 - DEBUG - send_request_headers.complete
2025-06-23 06:33:58,525 - httpcore.http11 - DEBUG - send_request_body.started request=<Request [b'POST']>
2025-06-23 06:33:58,525 - httpcore.http11 - DEBUG - send_request_body.complete
2025-06-23 06:33:58,525 - httpcore.http11 - DEBUG - receive_response_headers.started request=<Request [b'POST']>
2025-06-23 06:34:08,852 - httpcore.http11 - DEBUG - receive_response_headers.complete return_value=(b'HTTP/1.1', 200, b'OK', [(b'Server', b'nginx/1.18.0'), (b'Date', b'Mon, 23 Jun 2025 05:34:10 GMT'), (b'Content-Type', b'application/json'), (b'Content-Length', b'23'), (b'Connection', b'keep-alive'), (b'Strict-Transport-Security', b'max-age=31536000; includeSubDomains; preload'), (b'Access-Control-Allow-Origin', b'*'), (b'Access-Control-Allow-Methods', b'GET, POST, OPTIONS'), (b'Access-Control-Expose-Headers', b'Content-Length,Content-Type,Date,Server,Connection')])
2025-06-23 06:34:08,852 - httpx - INFO - HTTP Request: POST https://api.telegram.org/bot7707158318:AAE8rWa4Q8Z_3avql6K0HAmXaooZAReoNF0/getUpdates "HTTP/1.1 200 OK"
2025-06-23 06:34:08,855 - httpcore.http11 - DEBUG - receive_response_body.started request=<Request [b'POST']>
2025-06-23 06:34:08,855 - httpcore.http11 - DEBUG - receive_response_body.complete
2025-06-23 06:34:08,855 - httpcore.http11 - DEBUG - response_closed.started
2025-06-23 06:34:08,855 - httpcore.http11 - DEBUG - response_closed.complete
2025-06-23 06:34:08,855 - telegram.ext.ExtBot - DEBUG - No new updates found.
2025-06-23 06:34:08,857 - telegram.ext.ExtBot - DEBUG - ()
2025-06-23 06:34:08,857 - telegram.ext.ExtBot - DEBUG - Exiting: get_updates
2025-06-23 06:34:08,857 - telegram.ext.ExtBot - DEBUG - Entering: get_updates
2025-06-23 06:34:08,858 - httpcore.http11 - DEBUG - send_request_headers.started request=<Request [b'POST']>
2025-06-23 06:34:08,860 - httpcore.http11 - DEBUG - send_request_headers.complete
2025-06-23 06:34:08,861 - httpcore.http11 - DEBUG - send_request_body.started request=<Request [b'POST']>
2025-06-23 06:34:08,861 - httpcore.http11 - DEBUG - send_request_body.complete
2025-06-23 06:34:08,861 - httpcore.http11 - DEBUG - receive_response_headers.started request=<Request [b'POST']>
2025-06-23 06:34:18,951 - httpcore.http11 - DEBUG - receive_response_headers.complete return_value=(b'HTTP/1.1', 200, b'OK', [(b'Server', b'nginx/1.18.0'), (b'Date', b'Mon, 23 Jun 2025 05:34:21 GMT'), (b'Content-Type', b'application/json'), (b'Content-Length', b'23'), (b'Connection', b'keep-alive'), (b'Strict-Transport-Security', b'max-age=31536000; includeSubDomains; preload'), (b'Access-Control-Allow-Origin', b'*'), (b'Access-Control-Allow-Methods', b'GET, POST, OPTIONS'), (b'Access-Control-Expose-Headers', b'Content-Length,Content-Type,Date,Server,Connection')])
2025-06-23 06:34:18,954 - httpx - INFO - HTTP Request: POST https://api.telegram.org/bot7707158318:AAE8rWa4Q8Z_3avql6K0HAmXaooZAReoNF0/getUpdates "HTTP/1.1 200 OK"
2025-06-23 06:34:18,955 - httpcore.http11 - DEBUG - receive_response_body.started request=<Request [b'POST']>
2025-06-23 06:34:18,955 - httpcore.http11 - DEBUG - receive_response_body.complete
2025-06-23 06:34:18,955 - httpcore.http11 - DEBUG - response_closed.started
2025-06-23 06:34:18,958 - httpcore.http11 - DEBUG - response_closed.complete
2025-06-23 06:34:18,958 - telegram.ext.ExtBot - DEBUG - No new updates found.
2025-06-23 06:34:18,958 - telegram.ext.ExtBot - DEBUG - ()
2025-06-23 06:34:18,958 - telegram.ext.ExtBot - DEBUG - Exiting: get_updates
2025-06-23 06:34:18,958 - telegram.ext.ExtBot - DEBUG - Entering: get_updates
2025-06-23 06:34:18,958 - httpcore.http11 - DEBUG - send_request_headers.started request=<Request [b'POST']>
2025-06-23 06:34:18,961 - httpcore.http11 - DEBUG - send_request_headers.complete
2025-06-23 06:34:18,961 - httpcore.http11 - DEBUG - send_request_body.started request=<Request [b'POST']>
2025-06-23 06:34:18,961 - httpcore.http11 - DEBUG - send_request_body.complete
2025-06-23 06:34:18,963 - httpcore.http11 - DEBUG - receive_response_headers.started request=<Request [b'POST']>
2025-06-23 06:34:29,278 - httpcore.http11 - DEBUG - receive_response_headers.complete return_value=(b'HTTP/1.1', 200, b'OK', [(b'Server', b'nginx/1.18.0'), (b'Date', b'Mon, 23 Jun 2025 05:34:31 GMT'), (b'Content-Type', b'application/json'), (b'Content-Length', b'23'), (b'Connection', b'keep-alive'), (b'Strict-Transport-Security', b'max-age=31536000; includeSubDomains; preload'), (b'Access-Control-Allow-Origin', b'*'), (b'Access-Control-Allow-Methods', b'GET, POST, OPTIONS'), (b'Access-Control-Expose-Headers', b'Content-Length,Content-Type,Date,Server,Connection')])
2025-06-23 06:34:29,278 - httpx - INFO - HTTP Request: POST https://api.telegram.org/bot7707158318:AAE8rWa4Q8Z_3avql6K0HAmXaooZAReoNF0/getUpdates "HTTP/1.1 200 OK"
2025-06-23 06:34:29,282 - httpcore.http11 - DEBUG - receive_response_body.started request=<Request [b'POST']>
2025-06-23 06:34:29,282 - httpcore.http11 - DEBUG - receive_response_body.complete
2025-06-23 06:34:29,282 - httpcore.http11 - DEBUG - response_closed.started
2025-06-23 06:34:29,284 - httpcore.http11 - DEBUG - response_closed.complete
2025-06-23 06:34:29,284 - telegram.ext.ExtBot - DEBUG - No new updates found.
2025-06-23 06:34:29,284 - telegram.ext.ExtBot - DEBUG - ()
2025-06-23 06:34:29,284 - telegram.ext.ExtBot - DEBUG - Exiting: get_updates
2025-06-23 06:34:29,284 - telegram.ext.ExtBot - DEBUG - Entering: get_updates
2025-06-23 06:34:29,287 - httpcore.http11 - DEBUG - send_request_headers.started request=<Request [b'POST']>
2025-06-23 06:34:29,287 - httpcore.http11 - DEBUG - send_request_headers.complete
2025-06-23 06:34:29,287 - httpcore.http11 - DEBUG - send_request_body.started request=<Request [b'POST']>
2025-06-23 06:34:29,287 - httpcore.http11 - DEBUG - send_request_body.complete
2025-06-23 06:34:29,287 - httpcore.http11 - DEBUG - receive_response_headers.started request=<Request [b'POST']>
2025-06-23 06:34:39,513 - httpcore.http11 - DEBUG - receive_response_headers.complete return_value=(b'HTTP/1.1', 200, b'OK', [(b'Server', b'nginx/1.18.0'), (b'Date', b'Mon, 23 Jun 2025 05:34:41 GMT'), (b'Content-Type', b'application/json'), (b'Content-Length', b'23'), (b'Connection', b'keep-alive'), (b'Strict-Transport-Security', b'max-age=31536000; includeSubDomains; preload'), (b'Access-Control-Allow-Origin', b'*'), (b'Access-Control-Allow-Methods', b'GET, POST, OPTIONS'), (b'Access-Control-Expose-Headers', b'Content-Length,Content-Type,Date,Server,Connection')])
2025-06-23 06:34:39,515 - httpx - INFO - HTTP Request: POST https://api.telegram.org/bot7707158318:AAE8rWa4Q8Z_3avql6K0HAmXaooZAReoNF0/getUpdates "HTTP/1.1 200 OK"
2025-06-23 06:34:39,515 - httpcore.http11 - DEBUG - receive_response_body.started request=<Request [b'POST']>
2025-06-23 06:34:39,515 - httpcore.http11 - DEBUG - receive_response_body.complete
2025-06-23 06:34:39,515 - httpcore.http11 - DEBUG - response_closed.started
2025-06-23 06:34:39,515 - httpcore.http11 - DEBUG - response_closed.complete
2025-06-23 06:34:39,515 - telegram.ext.ExtBot - DEBUG - No new updates found.
2025-06-23 06:34:39,515 - telegram.ext.ExtBot - DEBUG - ()
2025-06-23 06:34:39,515 - telegram.ext.ExtBot - DEBUG - Exiting: get_updates
2025-06-23 06:34:39,515 - telegram.ext.ExtBot - DEBUG - Entering: get_updates
2025-06-23 06:34:39,520 - httpcore.http11 - DEBUG - send_request_headers.started request=<Request [b'POST']>
2025-06-23 06:34:39,522 - httpcore.http11 - DEBUG - send_request_headers.complete
2025-06-23 06:34:39,522 - httpcore.http11 - DEBUG - send_request_body.started request=<Request [b'POST']>
2025-06-23 06:34:39,522 - httpcore.http11 - DEBUG - send_request_body.complete
2025-06-23 06:34:39,523 - httpcore.http11 - DEBUG - receive_response_headers.started request=<Request [b'POST']>
2025-06-23 06:34:49,752 - httpcore.http11 - DEBUG - receive_response_headers.complete return_value=(b'HTTP/1.1', 200, b'OK', [(b'Server', b'nginx/1.18.0'), (b'Date', b'Mon, 23 Jun 2025 05:34:51 GMT'), (b'Content-Type', b'application/json'), (b'Content-Length', b'23'), (b'Connection', b'keep-alive'), (b'Strict-Transport-Security', b'max-age=31536000; includeSubDomains; preload'), (b'Access-Control-Allow-Origin', b'*'), (b'Access-Control-Allow-Methods', b'GET, POST, OPTIONS'), (b'Access-Control-Expose-Headers', b'Content-Length,Content-Type,Date,Server,Connection')])
2025-06-23 06:34:49,754 - httpx - INFO - HTTP Request: POST https://api.telegram.org/bot7707158318:AAE8rWa4Q8Z_3avql6K0HAmXaooZAReoNF0/getUpdates "HTTP/1.1 200 OK"
2025-06-23 06:34:49,755 - httpcore.http11 - DEBUG - receive_response_body.started request=<Request [b'POST']>
2025-06-23 06:34:49,757 - httpcore.http11 - DEBUG - receive_response_body.complete
2025-06-23 06:34:49,758 - httpcore.http11 - DEBUG - response_closed.started
2025-06-23 06:34:49,758 - httpcore.http11 - DEBUG - response_closed.complete
2025-06-23 06:34:49,758 - telegram.ext.ExtBot - DEBUG - No new updates found.
2025-06-23 06:34:49,758 - telegram.ext.ExtBot - DEBUG - ()
2025-06-23 06:34:49,758 - telegram.ext.ExtBot - DEBUG - Exiting: get_updates
2025-06-23 06:34:49,758 - telegram.ext.ExtBot - DEBUG - Entering: get_updates
2025-06-23 06:34:49,761 - httpcore.http11 - DEBUG - send_request_headers.started request=<Request [b'POST']>
2025-06-23 06:34:49,761 - httpcore.http11 - DEBUG - send_request_headers.complete
2025-06-23 06:34:49,761 - httpcore.http11 - DEBUG - send_request_body.started request=<Request [b'POST']>
2025-06-23 06:34:49,763 - httpcore.http11 - DEBUG - send_request_body.complete
2025-06-23 06:34:49,763 - httpcore.http11 - DEBUG - receive_response_headers.started request=<Request [b'POST']>
2025-06-23 06:34:59,993 - httpcore.http11 - DEBUG - receive_response_headers.complete return_value=(b'HTTP/1.1', 200, b'OK', [(b'Server', b'nginx/1.18.0'), (b'Date', b'Mon, 23 Jun 2025 05:35:02 GMT'), (b'Content-Type', b'application/json'), (b'Content-Length', b'23'), (b'Connection', b'keep-alive'), (b'Strict-Transport-Security', b'max-age=31536000; includeSubDomains; preload'), (b'Access-Control-Allow-Origin', b'*'), (b'Access-Control-Allow-Methods', b'GET, POST, OPTIONS'), (b'Access-Control-Expose-Headers', b'Content-Length,Content-Type,Date,Server,Connection')])
2025-06-23 06:34:59,994 - httpx - INFO - HTTP Request: POST https://api.telegram.org/bot7707158318:AAE8rWa4Q8Z_3avql6K0HAmXaooZAReoNF0/getUpdates "HTTP/1.1 200 OK"
2025-06-23 06:34:59,995 - httpcore.http11 - DEBUG - receive_response_body.started request=<Request [b'POST']>
2025-06-23 06:34:59,996 - httpcore.http11 - DEBUG - receive_response_body.complete
2025-06-23 06:34:59,996 - httpcore.http11 - DEBUG - response_closed.started
2025-06-23 06:34:59,996 - httpcore.http11 - DEBUG - response_closed.complete
2025-06-23 06:34:59,997 - telegram.ext.ExtBot - DEBUG - No new updates found.
2025-06-23 06:34:59,997 - telegram.ext.ExtBot - DEBUG - ()
2025-06-23 06:34:59,997 - telegram.ext.ExtBot - DEBUG - Exiting: get_updates
2025-06-23 06:34:59,997 - telegram.ext.ExtBot - DEBUG - Entering: get_updates
2025-06-23 06:35:00,000 - httpcore.http11 - DEBUG - send_request_headers.started request=<Request [b'POST']>
2025-06-23 06:35:00,000 - httpcore.http11 - DEBUG - send_request_headers.complete
2025-06-23 06:35:00,001 - httpcore.http11 - DEBUG - send_request_body.started request=<Request [b'POST']>
2025-06-23 06:35:00,001 - httpcore.http11 - DEBUG - send_request_body.complete
2025-06-23 06:35:00,001 - httpcore.http11 - DEBUG - receive_response_headers.started request=<Request [b'POST']>
2025-06-23 06:35:10,294 - httpcore.http11 - DEBUG - receive_response_headers.complete return_value=(b'HTTP/1.1', 200, b'OK', [(b'Server', b'nginx/1.18.0'), (b'Date', b'Mon, 23 Jun 2025 05:35:12 GMT'), (b'Content-Type', b'application/json'), (b'Content-Length', b'23'), (b'Connection', b'keep-alive'), (b'Strict-Transport-Security', b'max-age=31536000; includeSubDomains; preload'), (b'Access-Control-Allow-Origin', b'*'), (b'Access-Control-Allow-Methods', b'GET, POST, OPTIONS'), (b'Access-Control-Expose-Headers', b'Content-Length,Content-Type,Date,Server,Connection')])
2025-06-23 06:35:10,295 - httpx - INFO - HTTP Request: POST https://api.telegram.org/bot7707158318:AAE8rWa4Q8Z_3avql6K0HAmXaooZAReoNF0/getUpdates "HTTP/1.1 200 OK"
2025-06-23 06:35:10,295 - httpcore.http11 - DEBUG - receive_response_body.started request=<Request [b'POST']>
2025-06-23 06:35:10,295 - httpcore.http11 - DEBUG - receive_response_body.complete
2025-06-23 06:35:10,298 - httpcore.http11 - DEBUG - response_closed.started
2025-06-23 06:35:10,298 - httpcore.http11 - DEBUG - response_closed.complete
2025-06-23 06:35:10,298 - telegram.ext.ExtBot - DEBUG - No new updates found.
2025-06-23 06:35:10,298 - telegram.ext.ExtBot - DEBUG - ()
2025-06-23 06:35:10,298 - telegram.ext.ExtBot - DEBUG - Exiting: get_updates
2025-06-23 06:35:10,300 - telegram.ext.ExtBot - DEBUG - Entering: get_updates
2025-06-23 06:35:10,301 - httpcore.http11 - DEBUG - send_request_headers.started request=<Request [b'POST']>
2025-06-23 06:35:10,301 - httpcore.http11 - DEBUG - send_request_headers.complete
2025-06-23 06:35:10,301 - httpcore.http11 - DEBUG - send_request_body.started request=<Request [b'POST']>
2025-06-23 06:35:10,304 - httpcore.http11 - DEBUG - send_request_body.complete
2025-06-23 06:35:10,304 - httpcore.http11 - DEBUG - receive_response_headers.started request=<Request [b'POST']>
2025-06-23 06:35:20,471 - httpcore.http11 - DEBUG - receive_response_headers.complete return_value=(b'HTTP/1.1', 200, b'OK', [(b'Server', b'nginx/1.18.0'), (b'Date', b'Mon, 23 Jun 2025 05:35:22 GMT'), (b'Content-Type', b'application/json'), (b'Content-Length', b'23'), (b'Connection', b'keep-alive'), (b'Strict-Transport-Security', b'max-age=31536000; includeSubDomains; preload'), (b'Access-Control-Allow-Origin', b'*'), (b'Access-Control-Allow-Methods', b'GET, POST, OPTIONS'), (b'Access-Control-Expose-Headers', b'Content-Length,Content-Type,Date,Server,Connection')])
2025-06-23 06:35:20,472 - httpx - INFO - HTTP Request: POST https://api.telegram.org/bot7707158318:AAE8rWa4Q8Z_3avql6K0HAmXaooZAReoNF0/getUpdates "HTTP/1.1 200 OK"
2025-06-23 06:35:20,473 - httpcore.http11 - DEBUG - receive_response_body.started request=<Request [b'POST']>
2025-06-23 06:35:20,473 - httpcore.http11 - DEBUG - receive_response_body.complete
2025-06-23 06:35:20,473 - httpcore.http11 - DEBUG - response_closed.started
2025-06-23 06:35:20,475 - httpcore.http11 - DEBUG - response_closed.complete
2025-06-23 06:35:20,475 - telegram.ext.ExtBot - DEBUG - No new updates found.
2025-06-23 06:35:20,475 - telegram.ext.ExtBot - DEBUG - ()
2025-06-23 06:35:20,475 - telegram.ext.ExtBot - DEBUG - Exiting: get_updates
2025-06-23 06:35:20,475 - telegram.ext.ExtBot - DEBUG - Entering: get_updates
2025-06-23 06:35:20,477 - httpcore.http11 - DEBUG - send_request_headers.started request=<Request [b'POST']>
2025-06-23 06:35:20,477 - httpcore.http11 - DEBUG - send_request_headers.complete
2025-06-23 06:35:20,480 - httpcore.http11 - DEBUG - send_request_body.started request=<Request [b'POST']>
2025-06-23 06:35:20,480 - httpcore.http11 - DEBUG - send_request_body.complete
2025-06-23 06:35:20,480 - httpcore.http11 - DEBUG - receive_response_headers.started request=<Request [b'POST']>
2025-06-23 06:35:30,713 - httpcore.http11 - DEBUG - receive_response_headers.complete return_value=(b'HTTP/1.1', 200, b'OK', [(b'Server', b'nginx/1.18.0'), (b'Date', b'Mon, 23 Jun 2025 05:35:32 GMT'), (b'Content-Type', b'application/json'), (b'Content-Length', b'23'), (b'Connection', b'keep-alive'), (b'Strict-Transport-Security', b'max-age=31536000; includeSubDomains; preload'), (b'Access-Control-Allow-Origin', b'*'), (b'Access-Control-Allow-Methods', b'GET, POST, OPTIONS'), (b'Access-Control-Expose-Headers', b'Content-Length,Content-Type,Date,Server,Connection')])
2025-06-23 06:35:30,713 - httpx - INFO - HTTP Request: POST https://api.telegram.org/bot7707158318:AAE8rWa4Q8Z_3avql6K0HAmXaooZAReoNF0/getUpdates "HTTP/1.1 200 OK"
2025-06-23 06:35:30,715 - httpcore.http11 - DEBUG - receive_response_body.started request=<Request [b'POST']>
2025-06-23 06:35:30,715 - httpcore.http11 - DEBUG - receive_response_body.complete
2025-06-23 06:35:30,715 - httpcore.http11 - DEBUG - response_closed.started
2025-06-23 06:35:30,715 - httpcore.http11 - DEBUG - response_closed.complete
2025-06-23 06:35:30,715 - telegram.ext.ExtBot - DEBUG - No new updates found.
2025-06-23 06:35:30,717 - telegram.ext.ExtBot - DEBUG - ()
2025-06-23 06:35:30,717 - telegram.ext.ExtBot - DEBUG - Exiting: get_updates
2025-06-23 06:35:30,717 - telegram.ext.ExtBot - DEBUG - Entering: get_updates
2025-06-23 06:35:30,719 - httpcore.http11 - DEBUG - send_request_headers.started request=<Request [b'POST']>
2025-06-23 06:35:30,719 - httpcore.http11 - DEBUG - send_request_headers.complete
2025-06-23 06:35:30,721 - httpcore.http11 - DEBUG - send_request_body.started request=<Request [b'POST']>
2025-06-23 06:35:30,721 - httpcore.http11 - DEBUG - send_request_body.complete
2025-06-23 06:35:30,721 - httpcore.http11 - DEBUG - receive_response_headers.started request=<Request [b'POST']>
