2025-06-19 22:56:07,590 - asyncio - DEBUG - Using proactor: IocpProactor
2025-06-19 22:56:07,601 - httpx - DEBUG - load_ssl_context verify=True cert=None trust_env=True http2=False
2025-06-19 22:56:07,603 - httpx - DEBUG - load_verify_locations cafile='c:\\Users\\Rachid Aitali\\OneDrive - 4JM Solutions Limited\\Desktop\\SniperX\\SniperX\\.venv\\lib\\site-packages\\certifi\\cacert.pem'
2025-06-19 22:56:07,616 - httpx - DEBUG - load_ssl_context verify=True cert=None trust_env=True http2=False
2025-06-19 22:56:07,616 - httpx - DEBUG - load_verify_locations cafile='c:\\Users\\Rachid Aitali\\OneDrive - 4JM Solutions Limited\\Desktop\\SniperX\\SniperX\\.venv\\lib\\site-packages\\certifi\\cacert.pem'
2025-06-19 22:56:07,636 - __main__ - INFO - Telegram Manager Bot started. Send /menu to interact.
2025-06-19 22:56:07,637 - telegram.ext.ExtBot - DEBUG - Entering: send_message
2025-06-19 22:56:07,660 - httpcore.connection - DEBUG - connect_tcp.started host='api.telegram.org' port=443 local_address=None timeout=5.0 socket_options=None
2025-06-19 22:56:07,792 - httpcore.connection - DEBUG - connect_tcp.complete return_value=<httpcore._backends.anyio.AnyIOStream object at 0x00000227C8B2AB60>
2025-06-19 22:56:07,792 - httpcore.connection - DEBUG - start_tls.started ssl_context=<ssl.SSLContext object at 0x00000227C8A89B40> server_hostname='api.telegram.org' timeout=5.0
2025-06-19 22:56:07,892 - httpcore.connection - DEBUG - start_tls.complete return_value=<httpcore._backends.anyio.AnyIOStream object at 0x00000227C8B2B430>
2025-06-19 22:56:07,892 - httpcore.http11 - DEBUG - send_request_headers.started request=<Request [b'POST']>
2025-06-19 22:56:07,892 - httpcore.http11 - DEBUG - send_request_headers.complete
2025-06-19 22:56:07,892 - httpcore.http11 - DEBUG - send_request_body.started request=<Request [b'POST']>
2025-06-19 22:56:07,897 - httpcore.http11 - DEBUG - send_request_body.complete
2025-06-19 22:56:07,897 - httpcore.http11 - DEBUG - receive_response_headers.started request=<Request [b'POST']>
2025-06-19 22:56:08,066 - httpcore.http11 - DEBUG - receive_response_headers.complete return_value=(b'HTTP/1.1', 200, b'OK', [(b'Server', b'nginx/1.18.0'), (b'Date', b'Thu, 19 Jun 2025 21:56:07 GMT'), (b'Content-Type', b'application/json'), (b'Content-Length', b'351'), (b'Connection', b'keep-alive'), (b'Strict-Transport-Security', b'max-age=31536000; includeSubDomains; preload'), (b'Access-Control-Allow-Origin', b'*'), (b'Access-Control-Allow-Methods', b'GET, POST, OPTIONS'), (b'Access-Control-Expose-Headers', b'Content-Length,Content-Type,Date,Server,Connection')])
2025-06-19 22:56:08,075 - httpx - INFO - HTTP Request: POST https://api.telegram.org/bot7707158318:AAE8rWa4Q8Z_3avql6K0HAmXaooZAReoNF0/sendMessage "HTTP/1.1 200 OK"
2025-06-19 22:56:08,077 - httpcore.http11 - DEBUG - receive_response_body.started request=<Request [b'POST']>
2025-06-19 22:56:08,078 - httpcore.http11 - DEBUG - receive_response_body.complete
2025-06-19 22:56:08,079 - httpcore.http11 - DEBUG - response_closed.started
2025-06-19 22:56:08,080 - httpcore.http11 - DEBUG - response_closed.complete
2025-06-19 22:56:08,084 - telegram.ext.ExtBot - DEBUG - Message(channel_chat_created=False, chat=Chat(first_name='Ghost', id=7049055170, last_name='Number1', type=<ChatType.PRIVATE>), date=datetime.datetime(2025, 6, 19, 21, 56, 7, tzinfo=<UTC>), delete_chat_photo=False, entities=(MessageEntity(length=5, offset=36, type=<MessageEntityType.BOT_COMMAND>),), from_user=User(first_name='SPRD', id=7707158318, is_bot=True, username='tizi91Bot'), group_chat_created=False, message_id=5650, supergroup_chat_created=False, text='SniperX Control Bot is online! Send /menu to see options.')
2025-06-19 22:56:08,086 - telegram.ext.ExtBot - DEBUG - Exiting: send_message
2025-06-19 22:56:08,089 - telegram.ext.ExtBot - DEBUG - Entering: get_me
2025-06-19 22:56:08,091 - httpcore.http11 - DEBUG - send_request_headers.started request=<Request [b'POST']>
2025-06-19 22:56:08,093 - httpcore.http11 - DEBUG - send_request_headers.complete
2025-06-19 22:56:08,093 - httpcore.http11 - DEBUG - send_request_body.started request=<Request [b'POST']>
2025-06-19 22:56:08,094 - httpcore.http11 - DEBUG - send_request_body.complete
2025-06-19 22:56:08,094 - httpcore.http11 - DEBUG - receive_response_headers.started request=<Request [b'POST']>
2025-06-19 22:56:08,202 - httpcore.http11 - DEBUG - receive_response_headers.complete return_value=(b'HTTP/1.1', 200, b'OK', [(b'Server', b'nginx/1.18.0'), (b'Date', b'Thu, 19 Jun 2025 21:56:08 GMT'), (b'Content-Type', b'application/json'), (b'Content-Length', b'243'), (b'Connection', b'keep-alive'), (b'Strict-Transport-Security', b'max-age=31536000; includeSubDomains; preload'), (b'Access-Control-Allow-Origin', b'*'), (b'Access-Control-Allow-Methods', b'GET, POST, OPTIONS'), (b'Access-Control-Expose-Headers', b'Content-Length,Content-Type,Date,Server,Connection')])
2025-06-19 22:56:08,204 - httpx - INFO - HTTP Request: POST https://api.telegram.org/bot7707158318:AAE8rWa4Q8Z_3avql6K0HAmXaooZAReoNF0/getMe "HTTP/1.1 200 OK"
2025-06-19 22:56:08,207 - httpcore.http11 - DEBUG - receive_response_body.started request=<Request [b'POST']>
2025-06-19 22:56:08,207 - httpcore.http11 - DEBUG - receive_response_body.complete
2025-06-19 22:56:08,209 - httpcore.http11 - DEBUG - response_closed.started
2025-06-19 22:56:08,209 - httpcore.http11 - DEBUG - response_closed.complete
2025-06-19 22:56:08,209 - telegram.ext.ExtBot - DEBUG - User(api_kwargs={'can_connect_to_business': False, 'has_main_web_app': False}, can_join_groups=True, can_read_all_group_messages=False, first_name='SPRD', id=7707158318, is_bot=True, supports_inline_queries=False, username='tizi91Bot')
2025-06-19 22:56:08,211 - telegram.ext.ExtBot - DEBUG - Exiting: get_me
2025-06-19 22:56:08,211 - telegram.ext.ExtBot - DEBUG - This Bot is already initialized.
2025-06-19 22:56:08,211 - telegram.ext.Updater - DEBUG - Updater started (polling)
2025-06-19 22:56:08,213 - telegram.ext.Updater - DEBUG - Start network loop retry bootstrap del webhook
2025-06-19 22:56:08,214 - telegram.ext.Updater - DEBUG - Deleting webhook
2025-06-19 22:56:08,214 - telegram.ext.ExtBot - DEBUG - Entering: delete_webhook
2025-06-19 22:56:08,219 - httpcore.http11 - DEBUG - send_request_headers.started request=<Request [b'POST']>
2025-06-19 22:56:08,219 - httpcore.http11 - DEBUG - send_request_headers.complete
2025-06-19 22:56:08,221 - httpcore.http11 - DEBUG - send_request_body.started request=<Request [b'POST']>
2025-06-19 22:56:08,221 - httpcore.http11 - DEBUG - send_request_body.complete
2025-06-19 22:56:08,223 - httpcore.http11 - DEBUG - receive_response_headers.started request=<Request [b'POST']>
2025-06-19 22:56:08,304 - httpcore.http11 - DEBUG - receive_response_headers.complete return_value=(b'HTTP/1.1', 200, b'OK', [(b'Server', b'nginx/1.18.0'), (b'Date', b'Thu, 19 Jun 2025 21:56:08 GMT'), (b'Content-Type', b'application/json'), (b'Content-Length', b'68'), (b'Connection', b'keep-alive'), (b'Strict-Transport-Security', b'max-age=31536000; includeSubDomains; preload'), (b'Access-Control-Allow-Origin', b'*'), (b'Access-Control-Allow-Methods', b'GET, POST, OPTIONS'), (b'Access-Control-Expose-Headers', b'Content-Length,Content-Type,Date,Server,Connection')])
2025-06-19 22:56:08,307 - httpx - INFO - HTTP Request: POST https://api.telegram.org/bot7707158318:AAE8rWa4Q8Z_3avql6K0HAmXaooZAReoNF0/deleteWebhook "HTTP/1.1 200 OK"
2025-06-19 22:56:08,309 - httpcore.http11 - DEBUG - receive_response_body.started request=<Request [b'POST']>
2025-06-19 22:56:08,309 - httpcore.http11 - DEBUG - receive_response_body.complete
2025-06-19 22:56:08,309 - httpcore.http11 - DEBUG - response_closed.started
2025-06-19 22:56:08,309 - httpcore.http11 - DEBUG - response_closed.complete
2025-06-19 22:56:08,309 - telegram.ext.ExtBot - DEBUG - True
2025-06-19 22:56:08,312 - telegram.ext.ExtBot - DEBUG - Exiting: delete_webhook
2025-06-19 22:56:08,312 - telegram.ext.Updater - DEBUG - Bootstrap done
2025-06-19 22:56:08,312 - telegram.ext.Updater - DEBUG - Waiting for polling to start
2025-06-19 22:56:08,312 - telegram.ext.Updater - DEBUG - Polling updates from Telegram started
2025-06-19 22:56:08,312 - telegram.ext.Updater - DEBUG - Start network loop retry getting Updates
2025-06-19 22:56:08,312 - telegram.ext.ExtBot - DEBUG - Entering: get_updates
2025-06-19 22:56:08,317 - telegram.ext.Application - INFO - Application started
2025-06-19 22:56:08,337 - httpcore.connection - DEBUG - connect_tcp.started host='api.telegram.org' port=443 local_address=None timeout=5.0 socket_options=None
2025-06-19 22:56:08,423 - httpcore.connection - DEBUG - connect_tcp.complete return_value=<httpcore._backends.anyio.AnyIOStream object at 0x00000227C8B7E980>
2025-06-19 22:56:08,426 - httpcore.connection - DEBUG - start_tls.started ssl_context=<ssl.SSLContext object at 0x00000227C8A89C40> server_hostname='api.telegram.org' timeout=5.0
2025-06-19 22:56:08,524 - httpcore.connection - DEBUG - start_tls.complete return_value=<httpcore._backends.anyio.AnyIOStream object at 0x00000227C8B7E830>
2025-06-19 22:56:08,524 - httpcore.http11 - DEBUG - send_request_headers.started request=<Request [b'POST']>
2025-06-19 22:56:08,526 - httpcore.http11 - DEBUG - send_request_headers.complete
2025-06-19 22:56:08,526 - httpcore.http11 - DEBUG - send_request_body.started request=<Request [b'POST']>
2025-06-19 22:56:08,527 - httpcore.http11 - DEBUG - send_request_body.complete
2025-06-19 22:56:08,528 - httpcore.http11 - DEBUG - receive_response_headers.started request=<Request [b'POST']>
2025-06-19 22:56:12,723 - httpcore.http11 - DEBUG - receive_response_headers.complete return_value=(b'HTTP/1.1', 200, b'OK', [(b'Server', b'nginx/1.18.0'), (b'Date', b'Thu, 19 Jun 2025 21:56:12 GMT'), (b'Content-Type', b'application/json'), (b'Content-Length', b'356'), (b'Connection', b'keep-alive'), (b'Strict-Transport-Security', b'max-age=31536000; includeSubDomains; preload'), (b'Access-Control-Allow-Origin', b'*'), (b'Access-Control-Allow-Methods', b'GET, POST, OPTIONS'), (b'Access-Control-Expose-Headers', b'Content-Length,Content-Type,Date,Server,Connection')])
2025-06-19 22:56:12,724 - httpx - INFO - HTTP Request: POST https://api.telegram.org/bot7707158318:AAE8rWa4Q8Z_3avql6K0HAmXaooZAReoNF0/getUpdates "HTTP/1.1 200 OK"
2025-06-19 22:56:12,726 - httpcore.http11 - DEBUG - receive_response_body.started request=<Request [b'POST']>
2025-06-19 22:56:12,726 - httpcore.http11 - DEBUG - receive_response_body.complete
2025-06-19 22:56:12,728 - httpcore.http11 - DEBUG - response_closed.started
2025-06-19 22:56:12,728 - httpcore.http11 - DEBUG - response_closed.complete
2025-06-19 22:56:12,728 - telegram.ext.ExtBot - DEBUG - Getting updates: [37529860]
2025-06-19 22:56:12,730 - telegram.ext.ExtBot - DEBUG - (Update(message=Message(channel_chat_created=False, chat=Chat(first_name='Ghost', id=7049055170, last_name='Number1', type=<ChatType.PRIVATE>), date=datetime.datetime(2025, 6, 19, 21, 56, 12, tzinfo=<UTC>), delete_chat_photo=False, entities=(MessageEntity(length=5, offset=0, type=<MessageEntityType.BOT_COMMAND>),), from_user=User(first_name='Ghost', id=7049055170, is_bot=False, language_code='en', last_name='Number1'), group_chat_created=False, message_id=5651, supergroup_chat_created=False, text='/menu'), update_id=37529860),)
2025-06-19 22:56:12,733 - telegram.ext.ExtBot - DEBUG - Exiting: get_updates
2025-06-19 22:56:12,734 - telegram.ext.ExtBot - DEBUG - Entering: get_updates
2025-06-19 22:56:12,736 - telegram.ext.Application - DEBUG - Processing update Update(message=Message(channel_chat_created=False, chat=Chat(first_name='Ghost', id=7049055170, last_name='Number1', type=<ChatType.PRIVATE>), date=datetime.datetime(2025, 6, 19, 21, 56, 12, tzinfo=<UTC>), delete_chat_photo=False, entities=(MessageEntity(length=5, offset=0, type=<MessageEntityType.BOT_COMMAND>),), from_user=User(first_name='Ghost', id=7049055170, is_bot=False, language_code='en', last_name='Number1'), group_chat_created=False, message_id=5651, supergroup_chat_created=False, text='/menu'), update_id=37529860)
2025-06-19 22:56:12,741 - telegram.ext.ExtBot - DEBUG - Entering: send_message
2025-06-19 22:56:12,747 - httpcore.http11 - DEBUG - send_request_headers.started request=<Request [b'POST']>
2025-06-19 22:56:12,748 - httpcore.http11 - DEBUG - send_request_headers.started request=<Request [b'POST']>
2025-06-19 22:56:12,749 - httpcore.http11 - DEBUG - send_request_headers.complete
2025-06-19 22:56:12,749 - httpcore.http11 - DEBUG - send_request_body.started request=<Request [b'POST']>
2025-06-19 22:56:12,750 - httpcore.http11 - DEBUG - send_request_headers.complete
2025-06-19 22:56:12,750 - httpcore.http11 - DEBUG - send_request_body.started request=<Request [b'POST']>
2025-06-19 22:56:12,753 - httpcore.http11 - DEBUG - send_request_body.complete
2025-06-19 22:56:12,753 - httpcore.http11 - DEBUG - receive_response_headers.started request=<Request [b'POST']>
2025-06-19 22:56:12,754 - httpcore.http11 - DEBUG - send_request_body.complete
2025-06-19 22:56:12,755 - httpcore.http11 - DEBUG - receive_response_headers.started request=<Request [b'POST']>
2025-06-19 22:56:13,063 - httpcore.http11 - DEBUG - receive_response_headers.complete return_value=(b'HTTP/1.1', 200, b'OK', [(b'Server', b'nginx/1.18.0'), (b'Date', b'Thu, 19 Jun 2025 21:56:13 GMT'), (b'Content-Type', b'application/json'), (b'Content-Length', b'569'), (b'Connection', b'keep-alive'), (b'Strict-Transport-Security', b'max-age=31536000; includeSubDomains; preload'), (b'Access-Control-Allow-Origin', b'*'), (b'Access-Control-Allow-Methods', b'GET, POST, OPTIONS'), (b'Access-Control-Expose-Headers', b'Content-Length,Content-Type,Date,Server,Connection')])
2025-06-19 22:56:13,065 - httpx - INFO - HTTP Request: POST https://api.telegram.org/bot7707158318:AAE8rWa4Q8Z_3avql6K0HAmXaooZAReoNF0/sendMessage "HTTP/1.1 200 OK"
2025-06-19 22:56:13,067 - httpcore.http11 - DEBUG - receive_response_body.started request=<Request [b'POST']>
2025-06-19 22:56:13,069 - httpcore.http11 - DEBUG - receive_response_body.complete
2025-06-19 22:56:13,069 - httpcore.http11 - DEBUG - response_closed.started
2025-06-19 22:56:13,070 - httpcore.http11 - DEBUG - response_closed.complete
2025-06-19 22:56:13,073 - telegram.ext.ExtBot - DEBUG - Message(channel_chat_created=False, chat=Chat(first_name='Ghost', id=7049055170, last_name='Number1', type=<ChatType.PRIVATE>), date=datetime.datetime(2025, 6, 19, 21, 56, 13, tzinfo=<UTC>), delete_chat_photo=False, from_user=User(first_name='SPRD', id=7707158318, is_bot=True, username='tizi91Bot'), group_chat_created=False, message_id=5652, reply_markup=InlineKeyboardMarkup(inline_keyboard=((InlineKeyboardButton(callback_data='start_sniperx', text='🚀 Start SniperX'),), (InlineKeyboardButton(callback_data='stop_sniperx', text='🛑 Stop SniperX'), InlineKeyboardButton(callback_data='status_sniperx', text='📊 Status')), (InlineKeyboardButton(callback_data='show_balance', text='💰 Balance'),))), supergroup_chat_created=False, text='SniperX Bot Control Panel:')
2025-06-19 22:56:13,074 - telegram.ext.ExtBot - DEBUG - Exiting: send_message
2025-06-19 22:56:15,596 - httpcore.http11 - DEBUG - receive_response_headers.complete return_value=(b'HTTP/1.1', 200, b'OK', [(b'Server', b'nginx/1.18.0'), (b'Date', b'Thu, 19 Jun 2025 21:56:15 GMT'), (b'Content-Type', b'application/json'), (b'Content-Length', b'817'), (b'Connection', b'keep-alive'), (b'Strict-Transport-Security', b'max-age=31536000; includeSubDomains; preload'), (b'Access-Control-Allow-Origin', b'*'), (b'Access-Control-Allow-Methods', b'GET, POST, OPTIONS'), (b'Access-Control-Expose-Headers', b'Content-Length,Content-Type,Date,Server,Connection')])
2025-06-19 22:56:15,597 - httpx - INFO - HTTP Request: POST https://api.telegram.org/bot7707158318:AAE8rWa4Q8Z_3avql6K0HAmXaooZAReoNF0/getUpdates "HTTP/1.1 200 OK"
2025-06-19 22:56:15,599 - httpcore.http11 - DEBUG - receive_response_body.started request=<Request [b'POST']>
2025-06-19 22:56:15,600 - httpcore.http11 - DEBUG - receive_response_body.complete
2025-06-19 22:56:15,600 - httpcore.http11 - DEBUG - response_closed.started
2025-06-19 22:56:15,601 - httpcore.http11 - DEBUG - response_closed.complete
2025-06-19 22:56:15,603 - telegram.ext.ExtBot - DEBUG - Getting updates: [37529861]
2025-06-19 22:56:15,605 - telegram.ext.ExtBot - DEBUG - (Update(callback_query=CallbackQuery(chat_instance='-1307310250263184334', data='start_sniperx', from_user=User(first_name='Ghost', id=7049055170, is_bot=False, language_code='en', last_name='Number1'), id='2605345312729217408', message=Message(channel_chat_created=False, chat=Chat(first_name='Ghost', id=7049055170, last_name='Number1', type=<ChatType.PRIVATE>), date=datetime.datetime(2025, 6, 19, 21, 56, 13, tzinfo=<UTC>), delete_chat_photo=False, from_user=User(first_name='SPRD', id=7707158318, is_bot=True, username='tizi91Bot'), group_chat_created=False, message_id=5652, reply_markup=InlineKeyboardMarkup(inline_keyboard=((InlineKeyboardButton(callback_data='start_sniperx', text='🚀 Start SniperX'),), (InlineKeyboardButton(callback_data='stop_sniperx', text='🛑 Stop SniperX'), InlineKeyboardButton(callback_data='status_sniperx', text='📊 Status')), (InlineKeyboardButton(callback_data='show_balance', text='💰 Balance'),))), supergroup_chat_created=False, text='SniperX Bot Control Panel:')), update_id=37529861),)
2025-06-19 22:56:15,607 - telegram.ext.ExtBot - DEBUG - Exiting: get_updates
2025-06-19 22:56:15,607 - telegram.ext.ExtBot - DEBUG - Entering: get_updates
2025-06-19 22:56:15,610 - telegram.ext.Application - DEBUG - Processing update Update(callback_query=CallbackQuery(chat_instance='-1307310250263184334', data='start_sniperx', from_user=User(first_name='Ghost', id=7049055170, is_bot=False, language_code='en', last_name='Number1'), id='2605345312729217408', message=Message(channel_chat_created=False, chat=Chat(first_name='Ghost', id=7049055170, last_name='Number1', type=<ChatType.PRIVATE>), date=datetime.datetime(2025, 6, 19, 21, 56, 13, tzinfo=<UTC>), delete_chat_photo=False, from_user=User(first_name='SPRD', id=7707158318, is_bot=True, username='tizi91Bot'), group_chat_created=False, message_id=5652, reply_markup=InlineKeyboardMarkup(inline_keyboard=((InlineKeyboardButton(callback_data='start_sniperx', text='🚀 Start SniperX'),), (InlineKeyboardButton(callback_data='stop_sniperx', text='🛑 Stop SniperX'), InlineKeyboardButton(callback_data='status_sniperx', text='📊 Status')), (InlineKeyboardButton(callback_data='show_balance', text='💰 Balance'),))), supergroup_chat_created=False, text='SniperX Bot Control Panel:')), update_id=37529861)
2025-06-19 22:56:15,626 - __main__ - INFO - Button callback received: Update(callback_query=CallbackQuery(chat_instance='-1307310250263184334', data='start_sniperx', from_user=User(first_name='Ghost', id=7049055170, is_bot=False, language_code='en', last_name='Number1'), id='2605345312729217408', message=Message(channel_chat_created=False, chat=Chat(first_name='Ghost', id=7049055170, last_name='Number1', type=<ChatType.PRIVATE>), date=datetime.datetime(2025, 6, 19, 21, 56, 13, tzinfo=<UTC>), delete_chat_photo=False, from_user=User(first_name='SPRD', id=7707158318, is_bot=True, username='tizi91Bot'), group_chat_created=False, message_id=5652, reply_markup=InlineKeyboardMarkup(inline_keyboard=((InlineKeyboardButton(callback_data='start_sniperx', text='🚀 Start SniperX'),), (InlineKeyboardButton(callback_data='stop_sniperx', text='🛑 Stop SniperX'), InlineKeyboardButton(callback_data='status_sniperx', text='📊 Status')), (InlineKeyboardButton(callback_data='show_balance', text='💰 Balance'),))), supergroup_chat_created=False, text='SniperX Bot Control Panel:')), update_id=37529861)
2025-06-19 22:56:15,655 - telegram.ext.ExtBot - DEBUG - Entering: answer_callback_query
2025-06-19 22:56:15,674 - httpcore.http11 - DEBUG - send_request_headers.started request=<Request [b'POST']>
2025-06-19 22:56:15,676 - httpcore.http11 - DEBUG - send_request_headers.started request=<Request [b'POST']>
2025-06-19 22:56:15,678 - httpcore.http11 - DEBUG - send_request_headers.complete
2025-06-19 22:56:15,678 - httpcore.http11 - DEBUG - send_request_body.started request=<Request [b'POST']>
2025-06-19 22:56:15,680 - httpcore.http11 - DEBUG - send_request_headers.complete
2025-06-19 22:56:15,682 - httpcore.http11 - DEBUG - send_request_body.started request=<Request [b'POST']>
2025-06-19 22:56:15,690 - httpcore.http11 - DEBUG - send_request_body.complete
2025-06-19 22:56:15,691 - httpcore.http11 - DEBUG - receive_response_headers.started request=<Request [b'POST']>
2025-06-19 22:56:15,692 - httpcore.http11 - DEBUG - send_request_body.complete
2025-06-19 22:56:15,692 - httpcore.http11 - DEBUG - receive_response_headers.started request=<Request [b'POST']>
2025-06-19 22:56:16,005 - httpcore.http11 - DEBUG - receive_response_headers.complete return_value=(b'HTTP/1.1', 200, b'OK', [(b'Server', b'nginx/1.18.0'), (b'Date', b'Thu, 19 Jun 2025 21:56:15 GMT'), (b'Content-Type', b'application/json'), (b'Content-Length', b'25'), (b'Connection', b'keep-alive'), (b'Strict-Transport-Security', b'max-age=31536000; includeSubDomains; preload'), (b'Access-Control-Allow-Origin', b'*'), (b'Access-Control-Allow-Methods', b'GET, POST, OPTIONS'), (b'Access-Control-Expose-Headers', b'Content-Length,Content-Type,Date,Server,Connection')])
2025-06-19 22:56:16,007 - httpx - INFO - HTTP Request: POST https://api.telegram.org/bot7707158318:AAE8rWa4Q8Z_3avql6K0HAmXaooZAReoNF0/answerCallbackQuery "HTTP/1.1 200 OK"
2025-06-19 22:56:16,009 - httpcore.http11 - DEBUG - receive_response_body.started request=<Request [b'POST']>
2025-06-19 22:56:16,010 - httpcore.http11 - DEBUG - receive_response_body.complete
2025-06-19 22:56:16,010 - httpcore.http11 - DEBUG - response_closed.started
2025-06-19 22:56:16,012 - httpcore.http11 - DEBUG - response_closed.complete
2025-06-19 22:56:16,013 - telegram.ext.ExtBot - DEBUG - True
2025-06-19 22:56:16,013 - telegram.ext.ExtBot - DEBUG - Exiting: answer_callback_query
2025-06-19 22:56:16,013 - __main__ - INFO - Processing action: start_sniperx
2025-06-19 22:56:16,021 - telegram.ext.ExtBot - DEBUG - Entering: send_message
2025-06-19 22:56:16,029 - httpcore.http11 - DEBUG - send_request_headers.started request=<Request [b'POST']>
2025-06-19 22:56:16,036 - httpcore.http11 - DEBUG - send_request_headers.complete
2025-06-19 22:56:16,036 - httpcore.http11 - DEBUG - send_request_body.started request=<Request [b'POST']>
2025-06-19 22:56:16,038 - httpcore.http11 - DEBUG - send_request_body.complete
2025-06-19 22:56:16,039 - httpcore.http11 - DEBUG - receive_response_headers.started request=<Request [b'POST']>
2025-06-19 22:56:16,159 - httpcore.http11 - DEBUG - receive_response_headers.complete return_value=(b'HTTP/1.1', 200, b'OK', [(b'Server', b'nginx/1.18.0'), (b'Date', b'Thu, 19 Jun 2025 21:56:16 GMT'), (b'Content-Type', b'application/json'), (b'Content-Length', b'261'), (b'Connection', b'keep-alive'), (b'Strict-Transport-Security', b'max-age=31536000; includeSubDomains; preload'), (b'Access-Control-Allow-Origin', b'*'), (b'Access-Control-Allow-Methods', b'GET, POST, OPTIONS'), (b'Access-Control-Expose-Headers', b'Content-Length,Content-Type,Date,Server,Connection')])
2025-06-19 22:56:16,160 - httpx - INFO - HTTP Request: POST https://api.telegram.org/bot7707158318:AAE8rWa4Q8Z_3avql6K0HAmXaooZAReoNF0/sendMessage "HTTP/1.1 200 OK"
2025-06-19 22:56:16,162 - httpcore.http11 - DEBUG - receive_response_body.started request=<Request [b'POST']>
2025-06-19 22:56:16,163 - httpcore.http11 - DEBUG - receive_response_body.complete
2025-06-19 22:56:16,163 - httpcore.http11 - DEBUG - response_closed.started
2025-06-19 22:56:16,164 - httpcore.http11 - DEBUG - response_closed.complete
2025-06-19 22:56:16,166 - telegram.ext.ExtBot - DEBUG - Message(channel_chat_created=False, chat=Chat(first_name='Ghost', id=7049055170, last_name='Number1', type=<ChatType.PRIVATE>), date=datetime.datetime(2025, 6, 19, 21, 56, 16, tzinfo=<UTC>), delete_chat_photo=False, from_user=User(first_name='SPRD', id=7707158318, is_bot=True, username='tizi91Bot'), group_chat_created=False, message_id=5653, supergroup_chat_created=False, text='Starting wallet manager...')
2025-06-19 22:56:16,167 - telegram.ext.ExtBot - DEBUG - Exiting: send_message
2025-06-19 22:56:18,266 - telegram.ext.ExtBot - DEBUG - Entering: send_message
2025-06-19 22:56:18,270 - httpcore.http11 - DEBUG - send_request_headers.started request=<Request [b'POST']>
2025-06-19 22:56:18,274 - httpcore.http11 - DEBUG - send_request_headers.complete
2025-06-19 22:56:18,274 - httpcore.http11 - DEBUG - send_request_body.started request=<Request [b'POST']>
2025-06-19 22:56:18,275 - httpcore.http11 - DEBUG - send_request_body.complete
2025-06-19 22:56:18,275 - httpcore.http11 - DEBUG - receive_response_headers.started request=<Request [b'POST']>
2025-06-19 22:56:18,415 - httpcore.http11 - DEBUG - receive_response_headers.complete return_value=(b'HTTP/1.1', 200, b'OK', [(b'Server', b'nginx/1.18.0'), (b'Date', b'Thu, 19 Jun 2025 21:56:18 GMT'), (b'Content-Type', b'application/json'), (b'Content-Length', b'322'), (b'Connection', b'keep-alive'), (b'Strict-Transport-Security', b'max-age=31536000; includeSubDomains; preload'), (b'Access-Control-Allow-Origin', b'*'), (b'Access-Control-Allow-Methods', b'GET, POST, OPTIONS'), (b'Access-Control-Expose-Headers', b'Content-Length,Content-Type,Date,Server,Connection')])
2025-06-19 22:56:18,419 - httpx - INFO - HTTP Request: POST https://api.telegram.org/bot7707158318:AAE8rWa4Q8Z_3avql6K0HAmXaooZAReoNF0/sendMessage "HTTP/1.1 200 OK"
2025-06-19 22:56:18,420 - httpcore.http11 - DEBUG - receive_response_body.started request=<Request [b'POST']>
2025-06-19 22:56:18,420 - httpcore.http11 - DEBUG - receive_response_body.complete
2025-06-19 22:56:18,421 - httpcore.http11 - DEBUG - response_closed.started
2025-06-19 22:56:18,421 - httpcore.http11 - DEBUG - response_closed.complete
2025-06-19 22:56:18,424 - telegram.ext.ExtBot - DEBUG - Message(channel_chat_created=False, chat=Chat(first_name='Ghost', id=7049055170, last_name='Number1', type=<ChatType.PRIVATE>), date=datetime.datetime(2025, 6, 19, 21, 56, 18, tzinfo=<UTC>), delete_chat_photo=False, entities=(MessageEntity(length=5, offset=8, type=<MessageEntityType.URL>),), from_user=User(first_name='SPRD', id=7707158318, is_bot=True, username='tizi91Bot'), group_chat_created=False, message_id=5654, supergroup_chat_created=False, text='SniperX V2.py started with PID 20856.')
2025-06-19 22:56:18,424 - telegram.ext.ExtBot - DEBUG - Exiting: send_message
2025-06-19 22:56:18,425 - __main__ - INFO - SniperX V2.py started with PID 20856 by user tizi91Bot
2025-06-19 22:56:18,426 - telegram.ext.ExtBot - DEBUG - Entering: edit_message_text
2025-06-19 22:56:18,430 - httpcore.http11 - DEBUG - send_request_headers.started request=<Request [b'POST']>
2025-06-19 22:56:18,437 - httpcore.http11 - DEBUG - send_request_headers.complete
2025-06-19 22:56:18,438 - httpcore.http11 - DEBUG - send_request_body.started request=<Request [b'POST']>
2025-06-19 22:56:18,440 - httpcore.http11 - DEBUG - send_request_body.complete
2025-06-19 22:56:18,440 - httpcore.http11 - DEBUG - receive_response_headers.started request=<Request [b'POST']>
2025-06-19 22:56:18,663 - httpcore.http11 - DEBUG - receive_response_headers.complete return_value=(b'HTTP/1.1', 400, b'Bad Request', [(b'Server', b'nginx/1.18.0'), (b'Date', b'Thu, 19 Jun 2025 21:56:18 GMT'), (b'Content-Type', b'application/json'), (b'Content-Length', b'204'), (b'Connection', b'keep-alive'), (b'Strict-Transport-Security', b'max-age=31536000; includeSubDomains; preload'), (b'Access-Control-Allow-Origin', b'*'), (b'Access-Control-Expose-Headers', b'Content-Length,Content-Type,Date,Server,Connection')])
2025-06-19 22:56:18,664 - httpx - INFO - HTTP Request: POST https://api.telegram.org/bot7707158318:AAE8rWa4Q8Z_3avql6K0HAmXaooZAReoNF0/editMessageText "HTTP/1.1 400 Bad Request"
2025-06-19 22:56:18,668 - httpcore.http11 - DEBUG - receive_response_body.started request=<Request [b'POST']>
2025-06-19 22:56:18,669 - httpcore.http11 - DEBUG - receive_response_body.complete
2025-06-19 22:56:18,669 - httpcore.http11 - DEBUG - response_closed.started
2025-06-19 22:56:18,670 - httpcore.http11 - DEBUG - response_closed.complete
2025-06-19 22:56:18,671 - __main__ - ERROR - Error showing menu: Message is not modified: specified new message content and reply markup are exactly the same as a current content and reply markup of the message
2025-06-19 22:56:18,672 - telegram.ext.ExtBot - DEBUG - Entering: send_message
2025-06-19 22:56:18,677 - httpcore.http11 - DEBUG - send_request_headers.started request=<Request [b'POST']>
2025-06-19 22:56:18,679 - httpcore.http11 - DEBUG - send_request_headers.complete
2025-06-19 22:56:18,679 - httpcore.http11 - DEBUG - send_request_body.started request=<Request [b'POST']>
2025-06-19 22:56:18,680 - httpcore.http11 - DEBUG - send_request_body.complete
2025-06-19 22:56:18,681 - httpcore.http11 - DEBUG - receive_response_headers.started request=<Request [b'POST']>
2025-06-19 22:56:18,966 - httpcore.http11 - DEBUG - receive_response_headers.complete return_value=(b'HTTP/1.1', 200, b'OK', [(b'Server', b'nginx/1.18.0'), (b'Date', b'Thu, 19 Jun 2025 21:56:18 GMT'), (b'Content-Type', b'application/json'), (b'Content-Length', b'569'), (b'Connection', b'keep-alive'), (b'Strict-Transport-Security', b'max-age=31536000; includeSubDomains; preload'), (b'Access-Control-Allow-Origin', b'*'), (b'Access-Control-Allow-Methods', b'GET, POST, OPTIONS'), (b'Access-Control-Expose-Headers', b'Content-Length,Content-Type,Date,Server,Connection')])
2025-06-19 22:56:18,973 - httpx - INFO - HTTP Request: POST https://api.telegram.org/bot7707158318:AAE8rWa4Q8Z_3avql6K0HAmXaooZAReoNF0/sendMessage "HTTP/1.1 200 OK"
2025-06-19 22:56:18,974 - httpcore.http11 - DEBUG - receive_response_body.started request=<Request [b'POST']>
2025-06-19 22:56:18,975 - httpcore.http11 - DEBUG - receive_response_body.complete
2025-06-19 22:56:18,975 - httpcore.http11 - DEBUG - response_closed.started
2025-06-19 22:56:18,976 - httpcore.http11 - DEBUG - response_closed.complete
2025-06-19 22:56:18,979 - telegram.ext.ExtBot - DEBUG - Message(channel_chat_created=False, chat=Chat(first_name='Ghost', id=7049055170, last_name='Number1', type=<ChatType.PRIVATE>), date=datetime.datetime(2025, 6, 19, 21, 56, 18, tzinfo=<UTC>), delete_chat_photo=False, from_user=User(first_name='SPRD', id=7707158318, is_bot=True, username='tizi91Bot'), group_chat_created=False, message_id=5655, reply_markup=InlineKeyboardMarkup(inline_keyboard=((InlineKeyboardButton(callback_data='start_sniperx', text='🚀 Start SniperX'),), (InlineKeyboardButton(callback_data='stop_sniperx', text='🛑 Stop SniperX'), InlineKeyboardButton(callback_data='status_sniperx', text='📊 Status')), (InlineKeyboardButton(callback_data='show_balance', text='💰 Balance'),))), supergroup_chat_created=False, text='SniperX Bot Control Panel:')
2025-06-19 22:56:18,980 - telegram.ext.ExtBot - DEBUG - Exiting: send_message
2025-06-19 22:56:21,100 - httpcore.http11 - DEBUG - receive_response_headers.complete return_value=(b'HTTP/1.1', 200, b'OK', [(b'Server', b'nginx/1.18.0'), (b'Date', b'Thu, 19 Jun 2025 21:56:20 GMT'), (b'Content-Type', b'application/json'), (b'Content-Length', b'816'), (b'Connection', b'keep-alive'), (b'Strict-Transport-Security', b'max-age=31536000; includeSubDomains; preload'), (b'Access-Control-Allow-Origin', b'*'), (b'Access-Control-Allow-Methods', b'GET, POST, OPTIONS'), (b'Access-Control-Expose-Headers', b'Content-Length,Content-Type,Date,Server,Connection')])
2025-06-19 22:56:21,102 - httpx - INFO - HTTP Request: POST https://api.telegram.org/bot7707158318:AAE8rWa4Q8Z_3avql6K0HAmXaooZAReoNF0/getUpdates "HTTP/1.1 200 OK"
2025-06-19 22:56:21,103 - httpcore.http11 - DEBUG - receive_response_body.started request=<Request [b'POST']>
2025-06-19 22:56:21,105 - httpcore.http11 - DEBUG - receive_response_body.complete
2025-06-19 22:56:21,105 - httpcore.http11 - DEBUG - response_closed.started
2025-06-19 22:56:21,105 - httpcore.http11 - DEBUG - response_closed.complete
2025-06-19 22:56:21,106 - telegram.ext.ExtBot - DEBUG - Getting updates: [37529862]
2025-06-19 22:56:21,108 - telegram.ext.ExtBot - DEBUG - (Update(callback_query=CallbackQuery(chat_instance='-1307310250263184334', data='show_balance', from_user=User(first_name='Ghost', id=7049055170, is_bot=False, language_code='en', last_name='Number1'), id='2605345316423023538', message=Message(channel_chat_created=False, chat=Chat(first_name='Ghost', id=7049055170, last_name='Number1', type=<ChatType.PRIVATE>), date=datetime.datetime(2025, 6, 19, 21, 56, 18, tzinfo=<UTC>), delete_chat_photo=False, from_user=User(first_name='SPRD', id=7707158318, is_bot=True, username='tizi91Bot'), group_chat_created=False, message_id=5655, reply_markup=InlineKeyboardMarkup(inline_keyboard=((InlineKeyboardButton(callback_data='start_sniperx', text='🚀 Start SniperX'),), (InlineKeyboardButton(callback_data='stop_sniperx', text='🛑 Stop SniperX'), InlineKeyboardButton(callback_data='status_sniperx', text='📊 Status')), (InlineKeyboardButton(callback_data='show_balance', text='💰 Balance'),))), supergroup_chat_created=False, text='SniperX Bot Control Panel:')), update_id=37529862),)
2025-06-19 22:56:21,110 - telegram.ext.ExtBot - DEBUG - Exiting: get_updates
2025-06-19 22:56:21,111 - telegram.ext.ExtBot - DEBUG - Entering: get_updates
2025-06-19 22:56:21,112 - telegram.ext.Application - DEBUG - Processing update Update(callback_query=CallbackQuery(chat_instance='-1307310250263184334', data='show_balance', from_user=User(first_name='Ghost', id=7049055170, is_bot=False, language_code='en', last_name='Number1'), id='2605345316423023538', message=Message(channel_chat_created=False, chat=Chat(first_name='Ghost', id=7049055170, last_name='Number1', type=<ChatType.PRIVATE>), date=datetime.datetime(2025, 6, 19, 21, 56, 18, tzinfo=<UTC>), delete_chat_photo=False, from_user=User(first_name='SPRD', id=7707158318, is_bot=True, username='tizi91Bot'), group_chat_created=False, message_id=5655, reply_markup=InlineKeyboardMarkup(inline_keyboard=((InlineKeyboardButton(callback_data='start_sniperx', text='🚀 Start SniperX'),), (InlineKeyboardButton(callback_data='stop_sniperx', text='🛑 Stop SniperX'), InlineKeyboardButton(callback_data='status_sniperx', text='📊 Status')), (InlineKeyboardButton(callback_data='show_balance', text='💰 Balance'),))), supergroup_chat_created=False, text='SniperX Bot Control Panel:')), update_id=37529862)
2025-06-19 22:56:21,122 - __main__ - INFO - Button callback received: Update(callback_query=CallbackQuery(chat_instance='-1307310250263184334', data='show_balance', from_user=User(first_name='Ghost', id=7049055170, is_bot=False, language_code='en', last_name='Number1'), id='2605345316423023538', message=Message(channel_chat_created=False, chat=Chat(first_name='Ghost', id=7049055170, last_name='Number1', type=<ChatType.PRIVATE>), date=datetime.datetime(2025, 6, 19, 21, 56, 18, tzinfo=<UTC>), delete_chat_photo=False, from_user=User(first_name='SPRD', id=7707158318, is_bot=True, username='tizi91Bot'), group_chat_created=False, message_id=5655, reply_markup=InlineKeyboardMarkup(inline_keyboard=((InlineKeyboardButton(callback_data='start_sniperx', text='🚀 Start SniperX'),), (InlineKeyboardButton(callback_data='stop_sniperx', text='🛑 Stop SniperX'), InlineKeyboardButton(callback_data='status_sniperx', text='📊 Status')), (InlineKeyboardButton(callback_data='show_balance', text='💰 Balance'),))), supergroup_chat_created=False, text='SniperX Bot Control Panel:')), update_id=37529862)
2025-06-19 22:56:21,123 - telegram.ext.ExtBot - DEBUG - Entering: answer_callback_query
2025-06-19 22:56:21,127 - httpcore.http11 - DEBUG - send_request_headers.started request=<Request [b'POST']>
2025-06-19 22:56:21,129 - httpcore.http11 - DEBUG - send_request_headers.started request=<Request [b'POST']>
2025-06-19 22:56:21,131 - httpcore.http11 - DEBUG - send_request_headers.complete
2025-06-19 22:56:21,135 - httpcore.http11 - DEBUG - send_request_body.started request=<Request [b'POST']>
2025-06-19 22:56:21,137 - httpcore.http11 - DEBUG - send_request_headers.complete
2025-06-19 22:56:21,137 - httpcore.http11 - DEBUG - send_request_body.started request=<Request [b'POST']>
2025-06-19 22:56:21,139 - httpcore.http11 - DEBUG - send_request_body.complete
2025-06-19 22:56:21,140 - httpcore.http11 - DEBUG - receive_response_headers.started request=<Request [b'POST']>
2025-06-19 22:56:21,142 - httpcore.http11 - DEBUG - send_request_body.complete
2025-06-19 22:56:21,143 - httpcore.http11 - DEBUG - receive_response_headers.started request=<Request [b'POST']>
2025-06-19 22:56:21,336 - httpcore.http11 - DEBUG - receive_response_headers.complete return_value=(b'HTTP/1.1', 200, b'OK', [(b'Server', b'nginx/1.18.0'), (b'Date', b'Thu, 19 Jun 2025 21:56:21 GMT'), (b'Content-Type', b'application/json'), (b'Content-Length', b'25'), (b'Connection', b'keep-alive'), (b'Strict-Transport-Security', b'max-age=31536000; includeSubDomains; preload'), (b'Access-Control-Allow-Origin', b'*'), (b'Access-Control-Allow-Methods', b'GET, POST, OPTIONS'), (b'Access-Control-Expose-Headers', b'Content-Length,Content-Type,Date,Server,Connection')])
2025-06-19 22:56:21,337 - httpx - INFO - HTTP Request: POST https://api.telegram.org/bot7707158318:AAE8rWa4Q8Z_3avql6K0HAmXaooZAReoNF0/answerCallbackQuery "HTTP/1.1 200 OK"
2025-06-19 22:56:21,340 - httpcore.http11 - DEBUG - receive_response_body.started request=<Request [b'POST']>
2025-06-19 22:56:21,341 - httpcore.http11 - DEBUG - receive_response_body.complete
2025-06-19 22:56:21,341 - httpcore.http11 - DEBUG - response_closed.started
2025-06-19 22:56:21,342 - httpcore.http11 - DEBUG - response_closed.complete
2025-06-19 22:56:21,342 - telegram.ext.ExtBot - DEBUG - True
2025-06-19 22:56:21,344 - telegram.ext.ExtBot - DEBUG - Exiting: answer_callback_query
2025-06-19 22:56:21,344 - __main__ - INFO - Processing action: show_balance
2025-06-19 22:56:21,345 - __main__ - INFO - Processing show_balance action
2025-06-19 22:56:21,346 - __main__ - INFO - Reading wallet balance from: C:\Users\Rachid Aitali\OneDrive - 4JM Solutions Limited\Desktop\SniperX\SniperX\SniperX-V3\wallet_balance.json
2025-06-19 22:56:21,388 - __main__ - DEBUG - Raw wallet balance data: {'sol': '0.001771443', 'usd': '0.25788667194', 'sol_price': '145.58', 'timestamp': 1750370180.511092}
2025-06-19 22:56:21,389 - __main__ - INFO - Successfully read balance - SOL: 0.001771443, USD: 0.25788667194, Age: 0.0 minutes
2025-06-19 22:56:21,391 - __main__ - INFO - Current balance after read: {'sol': Decimal('0.001771443'), 'usd': Decimal('0.25788667194'), 'timestamp': 1750370180.511092}
2025-06-19 22:56:21,392 - __main__ - INFO - Wallet manager not running, attempting to start it
2025-06-19 22:56:21,392 - __main__ - INFO - Starting wallet manager from: C:\Users\Rachid Aitali\OneDrive - 4JM Solutions Limited\Desktop\SniperX\SniperX\SniperX-V3\wallet_manager.py
2025-06-19 22:56:21,445 - __main__ - INFO - Wallet manager started with PID: 19680
2025-06-19 22:56:23,449 - __main__ - INFO - Wallet manager started successfully, reading balance...
2025-06-19 22:56:23,452 - __main__ - INFO - Reading wallet balance from: C:\Users\Rachid Aitali\OneDrive - 4JM Solutions Limited\Desktop\SniperX\SniperX\SniperX-V3\wallet_balance.json
2025-06-19 22:56:23,453 - __main__ - DEBUG - Raw wallet balance data: {'sol': '0.001771443', 'usd': '0.25788667194', 'sol_price': '145.58', 'timestamp': 1750370180.511092}
2025-06-19 22:56:23,454 - __main__ - INFO - Successfully read balance - SOL: 0.001771443, USD: 0.25788667194, Age: 0.0 minutes
2025-06-19 22:56:23,454 - __main__ - INFO - Balance after wallet manager start: {'sol': Decimal('0.001771443'), 'usd': Decimal('0.25788667194'), 'timestamp': 1750370180.511092}
2025-06-19 22:56:23,455 - __main__ - INFO - Balance retrieved successfully
2025-06-19 22:56:23,456 - telegram.ext.ExtBot - DEBUG - Entering: edit_message_text
2025-06-19 22:56:23,459 - httpcore.http11 - DEBUG - send_request_headers.started request=<Request [b'POST']>
2025-06-19 22:56:23,462 - httpcore.http11 - DEBUG - send_request_headers.complete
2025-06-19 22:56:23,462 - httpcore.http11 - DEBUG - send_request_body.started request=<Request [b'POST']>
2025-06-19 22:56:23,466 - httpcore.http11 - DEBUG - send_request_body.complete
2025-06-19 22:56:23,468 - httpcore.http11 - DEBUG - receive_response_headers.started request=<Request [b'POST']>
2025-06-19 22:56:23,618 - httpcore.http11 - DEBUG - receive_response_headers.complete return_value=(b'HTTP/1.1', 200, b'OK', [(b'Server', b'nginx/1.18.0'), (b'Date', b'Thu, 19 Jun 2025 21:56:23 GMT'), (b'Content-Type', b'application/json'), (b'Content-Length', b'496'), (b'Connection', b'keep-alive'), (b'Strict-Transport-Security', b'max-age=31536000; includeSubDomains; preload'), (b'Access-Control-Allow-Origin', b'*'), (b'Access-Control-Allow-Methods', b'GET, POST, OPTIONS'), (b'Access-Control-Expose-Headers', b'Content-Length,Content-Type,Date,Server,Connection')])
2025-06-19 22:56:23,619 - httpx - INFO - HTTP Request: POST https://api.telegram.org/bot7707158318:AAE8rWa4Q8Z_3avql6K0HAmXaooZAReoNF0/editMessageText "HTTP/1.1 200 OK"
2025-06-19 22:56:23,621 - httpcore.http11 - DEBUG - receive_response_body.started request=<Request [b'POST']>
2025-06-19 22:56:23,621 - httpcore.http11 - DEBUG - receive_response_body.complete
2025-06-19 22:56:23,622 - httpcore.http11 - DEBUG - response_closed.started
2025-06-19 22:56:23,622 - httpcore.http11 - DEBUG - response_closed.complete
2025-06-19 22:56:23,625 - telegram.ext.ExtBot - DEBUG - Message(channel_chat_created=False, chat=Chat(first_name='Ghost', id=7049055170, last_name='Number1', type=<ChatType.PRIVATE>), date=datetime.datetime(2025, 6, 19, 21, 56, 18, tzinfo=<UTC>), delete_chat_photo=False, edit_date=datetime.datetime(2025, 6, 19, 21, 56, 23, tzinfo=<UTC>), from_user=User(first_name='SPRD', id=7707158318, is_bot=True, username='tizi91Bot'), group_chat_created=False, message_id=5655, reply_markup=InlineKeyboardMarkup(inline_keyboard=((InlineKeyboardButton(callback_data='show_balance', text='🔄 Refresh'), InlineKeyboardButton(callback_data='back_to_menu', text='🔙 Back to Menu')),)), supergroup_chat_created=False, text='Current Balance:\nSOL: 0.001771\nUSD: $0.26\n\nLast Update: 22:56:20')
2025-06-19 22:56:23,627 - telegram.ext.ExtBot - DEBUG - Exiting: edit_message_text
2025-06-19 22:56:26,586 - httpcore.http11 - DEBUG - receive_response_headers.complete return_value=(b'HTTP/1.1', 200, b'OK', [(b'Server', b'nginx/1.18.0'), (b'Date', b'Thu, 19 Jun 2025 21:56:26 GMT'), (b'Content-Type', b'application/json'), (b'Content-Length', b'743'), (b'Connection', b'keep-alive'), (b'Strict-Transport-Security', b'max-age=31536000; includeSubDomains; preload'), (b'Access-Control-Allow-Origin', b'*'), (b'Access-Control-Allow-Methods', b'GET, POST, OPTIONS'), (b'Access-Control-Expose-Headers', b'Content-Length,Content-Type,Date,Server,Connection')])
2025-06-19 22:56:26,587 - httpx - INFO - HTTP Request: POST https://api.telegram.org/bot7707158318:AAE8rWa4Q8Z_3avql6K0HAmXaooZAReoNF0/getUpdates "HTTP/1.1 200 OK"
2025-06-19 22:56:26,587 - httpcore.http11 - DEBUG - receive_response_body.started request=<Request [b'POST']>
2025-06-19 22:56:26,589 - httpcore.http11 - DEBUG - receive_response_body.complete
2025-06-19 22:56:26,589 - httpcore.http11 - DEBUG - response_closed.started
2025-06-19 22:56:26,589 - httpcore.http11 - DEBUG - response_closed.complete
2025-06-19 22:56:26,590 - telegram.ext.ExtBot - DEBUG - Getting updates: [37529863]
2025-06-19 22:56:26,592 - telegram.ext.ExtBot - DEBUG - (Update(callback_query=CallbackQuery(chat_instance='-1307310250263184334', data='back_to_menu', from_user=User(first_name='Ghost', id=7049055170, is_bot=False, language_code='en', last_name='Number1'), id='2605345314938396019', message=Message(channel_chat_created=False, chat=Chat(first_name='Ghost', id=7049055170, last_name='Number1', type=<ChatType.PRIVATE>), date=datetime.datetime(2025, 6, 19, 21, 56, 18, tzinfo=<UTC>), delete_chat_photo=False, edit_date=datetime.datetime(2025, 6, 19, 21, 56, 23, tzinfo=<UTC>), from_user=User(first_name='SPRD', id=7707158318, is_bot=True, username='tizi91Bot'), group_chat_created=False, message_id=5655, reply_markup=InlineKeyboardMarkup(inline_keyboard=((InlineKeyboardButton(callback_data='show_balance', text='🔄 Refresh'), InlineKeyboardButton(callback_data='back_to_menu', text='🔙 Back to Menu')),)), supergroup_chat_created=False, text='Current Balance:\nSOL: 0.001771\nUSD: $0.26\n\nLast Update: 22:56:20')), update_id=37529863),)
2025-06-19 22:56:26,595 - telegram.ext.ExtBot - DEBUG - Exiting: get_updates
2025-06-19 22:56:26,595 - telegram.ext.ExtBot - DEBUG - Entering: get_updates
2025-06-19 22:56:26,598 - telegram.ext.Application - DEBUG - Processing update Update(callback_query=CallbackQuery(chat_instance='-1307310250263184334', data='back_to_menu', from_user=User(first_name='Ghost', id=7049055170, is_bot=False, language_code='en', last_name='Number1'), id='2605345314938396019', message=Message(channel_chat_created=False, chat=Chat(first_name='Ghost', id=7049055170, last_name='Number1', type=<ChatType.PRIVATE>), date=datetime.datetime(2025, 6, 19, 21, 56, 18, tzinfo=<UTC>), delete_chat_photo=False, edit_date=datetime.datetime(2025, 6, 19, 21, 56, 23, tzinfo=<UTC>), from_user=User(first_name='SPRD', id=7707158318, is_bot=True, username='tizi91Bot'), group_chat_created=False, message_id=5655, reply_markup=InlineKeyboardMarkup(inline_keyboard=((InlineKeyboardButton(callback_data='show_balance', text='🔄 Refresh'), InlineKeyboardButton(callback_data='back_to_menu', text='🔙 Back to Menu')),)), supergroup_chat_created=False, text='Current Balance:\nSOL: 0.001771\nUSD: $0.26\n\nLast Update: 22:56:20')), update_id=37529863)
2025-06-19 22:56:26,603 - __main__ - INFO - Button callback received: Update(callback_query=CallbackQuery(chat_instance='-1307310250263184334', data='back_to_menu', from_user=User(first_name='Ghost', id=7049055170, is_bot=False, language_code='en', last_name='Number1'), id='2605345314938396019', message=Message(channel_chat_created=False, chat=Chat(first_name='Ghost', id=7049055170, last_name='Number1', type=<ChatType.PRIVATE>), date=datetime.datetime(2025, 6, 19, 21, 56, 18, tzinfo=<UTC>), delete_chat_photo=False, edit_date=datetime.datetime(2025, 6, 19, 21, 56, 23, tzinfo=<UTC>), from_user=User(first_name='SPRD', id=7707158318, is_bot=True, username='tizi91Bot'), group_chat_created=False, message_id=5655, reply_markup=InlineKeyboardMarkup(inline_keyboard=((InlineKeyboardButton(callback_data='show_balance', text='🔄 Refresh'), InlineKeyboardButton(callback_data='back_to_menu', text='🔙 Back to Menu')),)), supergroup_chat_created=False, text='Current Balance:\nSOL: 0.001771\nUSD: $0.26\n\nLast Update: 22:56:20')), update_id=37529863)
2025-06-19 22:56:26,604 - telegram.ext.ExtBot - DEBUG - Entering: answer_callback_query
2025-06-19 22:56:26,610 - httpcore.http11 - DEBUG - send_request_headers.started request=<Request [b'POST']>
2025-06-19 22:56:26,612 - httpcore.http11 - DEBUG - send_request_headers.started request=<Request [b'POST']>
2025-06-19 22:56:26,617 - httpcore.http11 - DEBUG - send_request_headers.complete
2025-06-19 22:56:26,618 - httpcore.http11 - DEBUG - send_request_body.started request=<Request [b'POST']>
2025-06-19 22:56:26,621 - httpcore.http11 - DEBUG - send_request_headers.complete
2025-06-19 22:56:26,621 - httpcore.http11 - DEBUG - send_request_body.started request=<Request [b'POST']>
2025-06-19 22:56:26,623 - httpcore.http11 - DEBUG - send_request_body.complete
2025-06-19 22:56:26,623 - httpcore.http11 - DEBUG - receive_response_headers.started request=<Request [b'POST']>
2025-06-19 22:56:26,624 - httpcore.http11 - DEBUG - send_request_body.complete
2025-06-19 22:56:26,627 - httpcore.http11 - DEBUG - receive_response_headers.started request=<Request [b'POST']>
2025-06-19 22:56:27,791 - httpcore.http11 - DEBUG - receive_response_headers.complete return_value=(b'HTTP/1.1', 200, b'OK', [(b'Server', b'nginx/1.18.0'), (b'Date', b'Thu, 19 Jun 2025 21:56:27 GMT'), (b'Content-Type', b'application/json'), (b'Content-Length', b'25'), (b'Connection', b'keep-alive'), (b'Strict-Transport-Security', b'max-age=31536000; includeSubDomains; preload'), (b'Access-Control-Allow-Origin', b'*'), (b'Access-Control-Allow-Methods', b'GET, POST, OPTIONS'), (b'Access-Control-Expose-Headers', b'Content-Length,Content-Type,Date,Server,Connection')])
2025-06-19 22:56:27,793 - httpx - INFO - HTTP Request: POST https://api.telegram.org/bot7707158318:AAE8rWa4Q8Z_3avql6K0HAmXaooZAReoNF0/answerCallbackQuery "HTTP/1.1 200 OK"
2025-06-19 22:56:27,799 - httpcore.http11 - DEBUG - receive_response_body.started request=<Request [b'POST']>
2025-06-19 22:56:27,800 - httpcore.http11 - DEBUG - receive_response_body.complete
2025-06-19 22:56:27,800 - httpcore.http11 - DEBUG - response_closed.started
2025-06-19 22:56:27,801 - httpcore.http11 - DEBUG - response_closed.complete
2025-06-19 22:56:27,803 - telegram.ext.ExtBot - DEBUG - True
2025-06-19 22:56:27,803 - telegram.ext.ExtBot - DEBUG - Exiting: answer_callback_query
2025-06-19 22:56:27,803 - __main__ - INFO - Processing action: back_to_menu
2025-06-19 22:56:27,807 - telegram.ext.ExtBot - DEBUG - Entering: edit_message_text
2025-06-19 22:56:27,812 - httpcore.http11 - DEBUG - send_request_headers.started request=<Request [b'POST']>
2025-06-19 22:56:27,817 - httpcore.http11 - DEBUG - send_request_headers.complete
2025-06-19 22:56:27,823 - httpcore.http11 - DEBUG - send_request_body.started request=<Request [b'POST']>
2025-06-19 22:56:27,826 - httpcore.http11 - DEBUG - send_request_body.complete
2025-06-19 22:56:27,829 - httpcore.http11 - DEBUG - receive_response_headers.started request=<Request [b'POST']>
2025-06-19 22:56:28,378 - httpcore.http11 - DEBUG - receive_response_headers.complete return_value=(b'HTTP/1.1', 200, b'OK', [(b'Server', b'nginx/1.18.0'), (b'Date', b'Thu, 19 Jun 2025 21:56:28 GMT'), (b'Content-Type', b'application/json'), (b'Content-Length', b'592'), (b'Connection', b'keep-alive'), (b'Strict-Transport-Security', b'max-age=31536000; includeSubDomains; preload'), (b'Access-Control-Allow-Origin', b'*'), (b'Access-Control-Allow-Methods', b'GET, POST, OPTIONS'), (b'Access-Control-Expose-Headers', b'Content-Length,Content-Type,Date,Server,Connection')])
2025-06-19 22:56:28,380 - httpx - INFO - HTTP Request: POST https://api.telegram.org/bot7707158318:AAE8rWa4Q8Z_3avql6K0HAmXaooZAReoNF0/editMessageText "HTTP/1.1 200 OK"
2025-06-19 22:56:28,382 - httpcore.http11 - DEBUG - receive_response_body.started request=<Request [b'POST']>
2025-06-19 22:56:28,385 - httpcore.http11 - DEBUG - receive_response_body.complete
2025-06-19 22:56:28,385 - httpcore.http11 - DEBUG - response_closed.started
2025-06-19 22:56:28,386 - httpcore.http11 - DEBUG - response_closed.complete
2025-06-19 22:56:28,390 - telegram.ext.ExtBot - DEBUG - Message(channel_chat_created=False, chat=Chat(first_name='Ghost', id=7049055170, last_name='Number1', type=<ChatType.PRIVATE>), date=datetime.datetime(2025, 6, 19, 21, 56, 18, tzinfo=<UTC>), delete_chat_photo=False, edit_date=datetime.datetime(2025, 6, 19, 21, 56, 28, tzinfo=<UTC>), from_user=User(first_name='SPRD', id=7707158318, is_bot=True, username='tizi91Bot'), group_chat_created=False, message_id=5655, reply_markup=InlineKeyboardMarkup(inline_keyboard=((InlineKeyboardButton(callback_data='start_sniperx', text='🚀 Start SniperX'),), (InlineKeyboardButton(callback_data='stop_sniperx', text='🛑 Stop SniperX'), InlineKeyboardButton(callback_data='status_sniperx', text='📊 Status')), (InlineKeyboardButton(callback_data='show_balance', text='💰 Balance'),))), supergroup_chat_created=False, text='SniperX Bot Control Panel:')
2025-06-19 22:56:28,392 - telegram.ext.ExtBot - DEBUG - Exiting: edit_message_text
2025-06-19 22:56:37,913 - httpcore.http11 - DEBUG - receive_response_headers.complete return_value=(b'HTTP/1.1', 200, b'OK', [(b'Server', b'nginx/1.18.0'), (b'Date', b'Thu, 19 Jun 2025 21:56:37 GMT'), (b'Content-Type', b'application/json'), (b'Content-Length', b'23'), (b'Connection', b'keep-alive'), (b'Strict-Transport-Security', b'max-age=31536000; includeSubDomains; preload'), (b'Access-Control-Allow-Origin', b'*'), (b'Access-Control-Allow-Methods', b'GET, POST, OPTIONS'), (b'Access-Control-Expose-Headers', b'Content-Length,Content-Type,Date,Server,Connection')])
2025-06-19 22:56:37,913 - httpx - INFO - HTTP Request: POST https://api.telegram.org/bot7707158318:AAE8rWa4Q8Z_3avql6K0HAmXaooZAReoNF0/getUpdates "HTTP/1.1 200 OK"
2025-06-19 22:56:37,914 - httpcore.http11 - DEBUG - receive_response_body.started request=<Request [b'POST']>
2025-06-19 22:56:37,915 - httpcore.http11 - DEBUG - receive_response_body.complete
2025-06-19 22:56:37,915 - httpcore.http11 - DEBUG - response_closed.started
2025-06-19 22:56:37,915 - httpcore.http11 - DEBUG - response_closed.complete
2025-06-19 22:56:37,917 - telegram.ext.ExtBot - DEBUG - No new updates found.
2025-06-19 22:56:37,917 - telegram.ext.ExtBot - DEBUG - ()
2025-06-19 22:56:37,917 - telegram.ext.ExtBot - DEBUG - Exiting: get_updates
2025-06-19 22:56:37,917 - telegram.ext.ExtBot - DEBUG - Entering: get_updates
2025-06-19 22:56:37,921 - httpcore.http11 - DEBUG - send_request_headers.started request=<Request [b'POST']>
2025-06-19 22:56:37,921 - httpcore.http11 - DEBUG - send_request_headers.complete
2025-06-19 22:56:37,921 - httpcore.http11 - DEBUG - send_request_body.started request=<Request [b'POST']>
2025-06-19 22:56:37,921 - httpcore.http11 - DEBUG - send_request_body.complete
2025-06-19 22:56:37,921 - httpcore.http11 - DEBUG - receive_response_headers.started request=<Request [b'POST']>
2025-06-19 22:56:48,020 - httpcore.http11 - DEBUG - receive_response_headers.complete return_value=(b'HTTP/1.1', 200, b'OK', [(b'Server', b'nginx/1.18.0'), (b'Date', b'Thu, 19 Jun 2025 21:56:48 GMT'), (b'Content-Type', b'application/json'), (b'Content-Length', b'23'), (b'Connection', b'keep-alive'), (b'Strict-Transport-Security', b'max-age=31536000; includeSubDomains; preload'), (b'Access-Control-Allow-Origin', b'*'), (b'Access-Control-Allow-Methods', b'GET, POST, OPTIONS'), (b'Access-Control-Expose-Headers', b'Content-Length,Content-Type,Date,Server,Connection')])
2025-06-19 22:56:48,020 - httpx - INFO - HTTP Request: POST https://api.telegram.org/bot7707158318:AAE8rWa4Q8Z_3avql6K0HAmXaooZAReoNF0/getUpdates "HTTP/1.1 200 OK"
2025-06-19 22:56:48,024 - httpcore.http11 - DEBUG - receive_response_body.started request=<Request [b'POST']>
2025-06-19 22:56:48,024 - httpcore.http11 - DEBUG - receive_response_body.complete
2025-06-19 22:56:48,024 - httpcore.http11 - DEBUG - response_closed.started
2025-06-19 22:56:48,026 - httpcore.http11 - DEBUG - response_closed.complete
2025-06-19 22:56:48,028 - telegram.ext.ExtBot - DEBUG - No new updates found.
2025-06-19 22:56:48,031 - telegram.ext.ExtBot - DEBUG - ()
2025-06-19 22:56:48,032 - telegram.ext.ExtBot - DEBUG - Exiting: get_updates
2025-06-19 22:56:48,032 - telegram.ext.ExtBot - DEBUG - Entering: get_updates
2025-06-19 22:56:48,045 - httpcore.http11 - DEBUG - send_request_headers.started request=<Request [b'POST']>
2025-06-19 22:56:48,045 - httpcore.http11 - DEBUG - send_request_headers.complete
2025-06-19 22:56:48,048 - httpcore.http11 - DEBUG - send_request_body.started request=<Request [b'POST']>
2025-06-19 22:56:48,049 - httpcore.http11 - DEBUG - send_request_body.complete
2025-06-19 22:56:48,051 - httpcore.http11 - DEBUG - receive_response_headers.started request=<Request [b'POST']>
2025-06-19 22:56:58,291 - httpcore.http11 - DEBUG - receive_response_headers.complete return_value=(b'HTTP/1.1', 200, b'OK', [(b'Server', b'nginx/1.18.0'), (b'Date', b'Thu, 19 Jun 2025 21:56:58 GMT'), (b'Content-Type', b'application/json'), (b'Content-Length', b'23'), (b'Connection', b'keep-alive'), (b'Strict-Transport-Security', b'max-age=31536000; includeSubDomains; preload'), (b'Access-Control-Allow-Origin', b'*'), (b'Access-Control-Allow-Methods', b'GET, POST, OPTIONS'), (b'Access-Control-Expose-Headers', b'Content-Length,Content-Type,Date,Server,Connection')])
2025-06-19 22:56:58,293 - httpx - INFO - HTTP Request: POST https://api.telegram.org/bot7707158318:AAE8rWa4Q8Z_3avql6K0HAmXaooZAReoNF0/getUpdates "HTTP/1.1 200 OK"
2025-06-19 22:56:58,294 - httpcore.http11 - DEBUG - receive_response_body.started request=<Request [b'POST']>
2025-06-19 22:56:58,295 - httpcore.http11 - DEBUG - receive_response_body.complete
2025-06-19 22:56:58,295 - httpcore.http11 - DEBUG - response_closed.started
2025-06-19 22:56:58,296 - httpcore.http11 - DEBUG - response_closed.complete
2025-06-19 22:56:58,296 - telegram.ext.ExtBot - DEBUG - No new updates found.
2025-06-19 22:56:58,297 - telegram.ext.ExtBot - DEBUG - ()
2025-06-19 22:56:58,298 - telegram.ext.ExtBot - DEBUG - Exiting: get_updates
2025-06-19 22:56:58,298 - telegram.ext.ExtBot - DEBUG - Entering: get_updates
2025-06-19 22:56:58,300 - httpcore.http11 - DEBUG - send_request_headers.started request=<Request [b'POST']>
2025-06-19 22:56:58,301 - httpcore.http11 - DEBUG - send_request_headers.complete
2025-06-19 22:56:58,301 - httpcore.http11 - DEBUG - send_request_body.started request=<Request [b'POST']>
2025-06-19 22:56:58,301 - httpcore.http11 - DEBUG - send_request_body.complete
2025-06-19 22:56:58,301 - httpcore.http11 - DEBUG - receive_response_headers.started request=<Request [b'POST']>
2025-06-19 22:57:08,528 - httpcore.http11 - DEBUG - receive_response_headers.complete return_value=(b'HTTP/1.1', 200, b'OK', [(b'Server', b'nginx/1.18.0'), (b'Date', b'Thu, 19 Jun 2025 21:57:08 GMT'), (b'Content-Type', b'application/json'), (b'Content-Length', b'23'), (b'Connection', b'keep-alive'), (b'Strict-Transport-Security', b'max-age=31536000; includeSubDomains; preload'), (b'Access-Control-Allow-Origin', b'*'), (b'Access-Control-Allow-Methods', b'GET, POST, OPTIONS'), (b'Access-Control-Expose-Headers', b'Content-Length,Content-Type,Date,Server,Connection')])
2025-06-19 22:57:08,528 - httpx - INFO - HTTP Request: POST https://api.telegram.org/bot7707158318:AAE8rWa4Q8Z_3avql6K0HAmXaooZAReoNF0/getUpdates "HTTP/1.1 200 OK"
2025-06-19 22:57:08,528 - httpcore.http11 - DEBUG - receive_response_body.started request=<Request [b'POST']>
2025-06-19 22:57:08,528 - httpcore.http11 - DEBUG - receive_response_body.complete
2025-06-19 22:57:08,528 - httpcore.http11 - DEBUG - response_closed.started
2025-06-19 22:57:08,534 - httpcore.http11 - DEBUG - response_closed.complete
2025-06-19 22:57:08,534 - telegram.ext.ExtBot - DEBUG - No new updates found.
2025-06-19 22:57:08,534 - telegram.ext.ExtBot - DEBUG - ()
2025-06-19 22:57:08,534 - telegram.ext.ExtBot - DEBUG - Exiting: get_updates
2025-06-19 22:57:08,535 - telegram.ext.ExtBot - DEBUG - Entering: get_updates
2025-06-19 22:57:08,535 - httpcore.http11 - DEBUG - send_request_headers.started request=<Request [b'POST']>
2025-06-19 22:57:08,538 - httpcore.http11 - DEBUG - send_request_headers.complete
2025-06-19 22:57:08,538 - httpcore.http11 - DEBUG - send_request_body.started request=<Request [b'POST']>
2025-06-19 22:57:08,539 - httpcore.http11 - DEBUG - send_request_body.complete
2025-06-19 22:57:08,539 - httpcore.http11 - DEBUG - receive_response_headers.started request=<Request [b'POST']>
2025-06-19 22:57:18,973 - httpcore.http11 - DEBUG - receive_response_headers.complete return_value=(b'HTTP/1.1', 200, b'OK', [(b'Server', b'nginx/1.18.0'), (b'Date', b'Thu, 19 Jun 2025 21:57:18 GMT'), (b'Content-Type', b'application/json'), (b'Content-Length', b'23'), (b'Connection', b'keep-alive'), (b'Strict-Transport-Security', b'max-age=31536000; includeSubDomains; preload'), (b'Access-Control-Allow-Origin', b'*'), (b'Access-Control-Allow-Methods', b'GET, POST, OPTIONS'), (b'Access-Control-Expose-Headers', b'Content-Length,Content-Type,Date,Server,Connection')])
2025-06-19 22:57:18,976 - httpx - INFO - HTTP Request: POST https://api.telegram.org/bot7707158318:AAE8rWa4Q8Z_3avql6K0HAmXaooZAReoNF0/getUpdates "HTTP/1.1 200 OK"
2025-06-19 22:57:18,977 - httpcore.http11 - DEBUG - receive_response_body.started request=<Request [b'POST']>
2025-06-19 22:57:18,977 - httpcore.http11 - DEBUG - receive_response_body.complete
2025-06-19 22:57:18,977 - httpcore.http11 - DEBUG - response_closed.started
2025-06-19 22:57:18,979 - httpcore.http11 - DEBUG - response_closed.complete
2025-06-19 22:57:18,979 - telegram.ext.ExtBot - DEBUG - No new updates found.
2025-06-19 22:57:18,979 - telegram.ext.ExtBot - DEBUG - ()
2025-06-19 22:57:18,979 - telegram.ext.ExtBot - DEBUG - Exiting: get_updates
2025-06-19 22:57:18,979 - telegram.ext.ExtBot - DEBUG - Entering: get_updates
2025-06-19 22:57:18,981 - httpcore.http11 - DEBUG - send_request_headers.started request=<Request [b'POST']>
2025-06-19 22:57:18,983 - httpcore.http11 - DEBUG - send_request_headers.complete
2025-06-19 22:57:18,983 - httpcore.http11 - DEBUG - send_request_body.started request=<Request [b'POST']>
2025-06-19 22:57:18,983 - httpcore.http11 - DEBUG - send_request_body.complete
2025-06-19 22:57:18,983 - httpcore.http11 - DEBUG - receive_response_headers.started request=<Request [b'POST']>
2025-06-19 22:57:29,086 - httpcore.http11 - DEBUG - receive_response_headers.complete return_value=(b'HTTP/1.1', 200, b'OK', [(b'Server', b'nginx/1.18.0'), (b'Date', b'Thu, 19 Jun 2025 21:57:29 GMT'), (b'Content-Type', b'application/json'), (b'Content-Length', b'23'), (b'Connection', b'keep-alive'), (b'Strict-Transport-Security', b'max-age=31536000; includeSubDomains; preload'), (b'Access-Control-Allow-Origin', b'*'), (b'Access-Control-Allow-Methods', b'GET, POST, OPTIONS'), (b'Access-Control-Expose-Headers', b'Content-Length,Content-Type,Date,Server,Connection')])
2025-06-19 22:57:29,086 - httpx - INFO - HTTP Request: POST https://api.telegram.org/bot7707158318:AAE8rWa4Q8Z_3avql6K0HAmXaooZAReoNF0/getUpdates "HTTP/1.1 200 OK"
2025-06-19 22:57:29,086 - httpcore.http11 - DEBUG - receive_response_body.started request=<Request [b'POST']>
2025-06-19 22:57:29,089 - httpcore.http11 - DEBUG - receive_response_body.complete
2025-06-19 22:57:29,089 - httpcore.http11 - DEBUG - response_closed.started
2025-06-19 22:57:29,090 - httpcore.http11 - DEBUG - response_closed.complete
2025-06-19 22:57:29,091 - telegram.ext.ExtBot - DEBUG - No new updates found.
2025-06-19 22:57:29,091 - telegram.ext.ExtBot - DEBUG - ()
2025-06-19 22:57:29,091 - telegram.ext.ExtBot - DEBUG - Exiting: get_updates
2025-06-19 22:57:29,091 - telegram.ext.ExtBot - DEBUG - Entering: get_updates
2025-06-19 22:57:29,094 - httpcore.http11 - DEBUG - send_request_headers.started request=<Request [b'POST']>
2025-06-19 22:57:29,094 - httpcore.http11 - DEBUG - send_request_headers.complete
2025-06-19 22:57:29,094 - httpcore.http11 - DEBUG - send_request_body.started request=<Request [b'POST']>
2025-06-19 22:57:29,095 - httpcore.http11 - DEBUG - send_request_body.complete
2025-06-19 22:57:29,095 - httpcore.http11 - DEBUG - receive_response_headers.started request=<Request [b'POST']>
2025-06-19 22:57:39,184 - httpcore.http11 - DEBUG - receive_response_headers.complete return_value=(b'HTTP/1.1', 200, b'OK', [(b'Server', b'nginx/1.18.0'), (b'Date', b'Thu, 19 Jun 2025 21:57:39 GMT'), (b'Content-Type', b'application/json'), (b'Content-Length', b'23'), (b'Connection', b'keep-alive'), (b'Strict-Transport-Security', b'max-age=31536000; includeSubDomains; preload'), (b'Access-Control-Allow-Origin', b'*'), (b'Access-Control-Allow-Methods', b'GET, POST, OPTIONS'), (b'Access-Control-Expose-Headers', b'Content-Length,Content-Type,Date,Server,Connection')])
2025-06-19 22:57:39,184 - httpx - INFO - HTTP Request: POST https://api.telegram.org/bot7707158318:AAE8rWa4Q8Z_3avql6K0HAmXaooZAReoNF0/getUpdates "HTTP/1.1 200 OK"
2025-06-19 22:57:39,223 - httpcore.http11 - DEBUG - receive_response_body.started request=<Request [b'POST']>
2025-06-19 22:57:39,223 - httpcore.http11 - DEBUG - receive_response_body.complete
2025-06-19 22:57:39,223 - httpcore.http11 - DEBUG - response_closed.started
2025-06-19 22:57:39,223 - httpcore.http11 - DEBUG - response_closed.complete
2025-06-19 22:57:39,223 - telegram.ext.ExtBot - DEBUG - No new updates found.
2025-06-19 22:57:39,223 - telegram.ext.ExtBot - DEBUG - ()
2025-06-19 22:57:39,225 - telegram.ext.ExtBot - DEBUG - Exiting: get_updates
2025-06-19 22:57:39,225 - telegram.ext.ExtBot - DEBUG - Entering: get_updates
2025-06-19 22:57:39,226 - httpcore.http11 - DEBUG - send_request_headers.started request=<Request [b'POST']>
2025-06-19 22:57:39,228 - httpcore.http11 - DEBUG - send_request_headers.complete
2025-06-19 22:57:39,229 - httpcore.http11 - DEBUG - send_request_body.started request=<Request [b'POST']>
2025-06-19 22:57:39,230 - httpcore.http11 - DEBUG - send_request_body.complete
2025-06-19 22:57:39,230 - httpcore.http11 - DEBUG - receive_response_headers.started request=<Request [b'POST']>
2025-06-19 22:57:49,695 - httpcore.http11 - DEBUG - receive_response_headers.complete return_value=(b'HTTP/1.1', 200, b'OK', [(b'Server', b'nginx/1.18.0'), (b'Date', b'Thu, 19 Jun 2025 21:57:49 GMT'), (b'Content-Type', b'application/json'), (b'Content-Length', b'23'), (b'Connection', b'keep-alive'), (b'Strict-Transport-Security', b'max-age=31536000; includeSubDomains; preload'), (b'Access-Control-Allow-Origin', b'*'), (b'Access-Control-Allow-Methods', b'GET, POST, OPTIONS'), (b'Access-Control-Expose-Headers', b'Content-Length,Content-Type,Date,Server,Connection')])
2025-06-19 22:57:49,697 - httpx - INFO - HTTP Request: POST https://api.telegram.org/bot7707158318:AAE8rWa4Q8Z_3avql6K0HAmXaooZAReoNF0/getUpdates "HTTP/1.1 200 OK"
2025-06-19 22:57:49,698 - httpcore.http11 - DEBUG - receive_response_body.started request=<Request [b'POST']>
2025-06-19 22:57:49,698 - httpcore.http11 - DEBUG - receive_response_body.complete
2025-06-19 22:57:49,699 - httpcore.http11 - DEBUG - response_closed.started
2025-06-19 22:57:49,699 - httpcore.http11 - DEBUG - response_closed.complete
2025-06-19 22:57:49,699 - telegram.ext.ExtBot - DEBUG - No new updates found.
2025-06-19 22:57:49,699 - telegram.ext.ExtBot - DEBUG - ()
2025-06-19 22:57:49,701 - telegram.ext.ExtBot - DEBUG - Exiting: get_updates
2025-06-19 22:57:49,701 - telegram.ext.ExtBot - DEBUG - Entering: get_updates
2025-06-19 22:57:49,701 - httpcore.http11 - DEBUG - send_request_headers.started request=<Request [b'POST']>
2025-06-19 22:57:49,701 - httpcore.http11 - DEBUG - send_request_headers.complete
2025-06-19 22:57:49,701 - httpcore.http11 - DEBUG - send_request_body.started request=<Request [b'POST']>
2025-06-19 22:57:49,705 - httpcore.http11 - DEBUG - send_request_body.complete
2025-06-19 22:57:49,705 - httpcore.http11 - DEBUG - receive_response_headers.started request=<Request [b'POST']>
2025-06-19 22:57:59,905 - httpcore.http11 - DEBUG - receive_response_headers.complete return_value=(b'HTTP/1.1', 200, b'OK', [(b'Server', b'nginx/1.18.0'), (b'Date', b'Thu, 19 Jun 2025 21:57:59 GMT'), (b'Content-Type', b'application/json'), (b'Content-Length', b'23'), (b'Connection', b'keep-alive'), (b'Strict-Transport-Security', b'max-age=31536000; includeSubDomains; preload'), (b'Access-Control-Allow-Origin', b'*'), (b'Access-Control-Allow-Methods', b'GET, POST, OPTIONS'), (b'Access-Control-Expose-Headers', b'Content-Length,Content-Type,Date,Server,Connection')])
2025-06-19 22:57:59,906 - httpx - INFO - HTTP Request: POST https://api.telegram.org/bot7707158318:AAE8rWa4Q8Z_3avql6K0HAmXaooZAReoNF0/getUpdates "HTTP/1.1 200 OK"
2025-06-19 22:57:59,907 - httpcore.http11 - DEBUG - receive_response_body.started request=<Request [b'POST']>
2025-06-19 22:57:59,907 - httpcore.http11 - DEBUG - receive_response_body.complete
2025-06-19 22:57:59,908 - httpcore.http11 - DEBUG - response_closed.started
2025-06-19 22:57:59,908 - httpcore.http11 - DEBUG - response_closed.complete
2025-06-19 22:57:59,909 - telegram.ext.ExtBot - DEBUG - No new updates found.
2025-06-19 22:57:59,909 - telegram.ext.ExtBot - DEBUG - ()
2025-06-19 22:57:59,909 - telegram.ext.ExtBot - DEBUG - Exiting: get_updates
2025-06-19 22:57:59,909 - telegram.ext.ExtBot - DEBUG - Entering: get_updates
2025-06-19 22:57:59,912 - httpcore.http11 - DEBUG - send_request_headers.started request=<Request [b'POST']>
2025-06-19 22:57:59,913 - httpcore.http11 - DEBUG - send_request_headers.complete
2025-06-19 22:57:59,913 - httpcore.http11 - DEBUG - send_request_body.started request=<Request [b'POST']>
2025-06-19 22:57:59,914 - httpcore.http11 - DEBUG - send_request_body.complete
2025-06-19 22:57:59,914 - httpcore.http11 - DEBUG - receive_response_headers.started request=<Request [b'POST']>
2025-06-19 22:58:10,007 - httpcore.http11 - DEBUG - receive_response_headers.complete return_value=(b'HTTP/1.1', 200, b'OK', [(b'Server', b'nginx/1.18.0'), (b'Date', b'Thu, 19 Jun 2025 21:58:10 GMT'), (b'Content-Type', b'application/json'), (b'Content-Length', b'23'), (b'Connection', b'keep-alive'), (b'Strict-Transport-Security', b'max-age=31536000; includeSubDomains; preload'), (b'Access-Control-Allow-Origin', b'*'), (b'Access-Control-Allow-Methods', b'GET, POST, OPTIONS'), (b'Access-Control-Expose-Headers', b'Content-Length,Content-Type,Date,Server,Connection')])
2025-06-19 22:58:10,011 - httpx - INFO - HTTP Request: POST https://api.telegram.org/bot7707158318:AAE8rWa4Q8Z_3avql6K0HAmXaooZAReoNF0/getUpdates "HTTP/1.1 200 OK"
2025-06-19 22:58:10,012 - httpcore.http11 - DEBUG - receive_response_body.started request=<Request [b'POST']>
2025-06-19 22:58:10,013 - httpcore.http11 - DEBUG - receive_response_body.complete
2025-06-19 22:58:10,013 - httpcore.http11 - DEBUG - response_closed.started
2025-06-19 22:58:10,013 - httpcore.http11 - DEBUG - response_closed.complete
2025-06-19 22:58:10,013 - telegram.ext.ExtBot - DEBUG - No new updates found.
2025-06-19 22:58:10,013 - telegram.ext.ExtBot - DEBUG - ()
2025-06-19 22:58:10,013 - telegram.ext.ExtBot - DEBUG - Exiting: get_updates
2025-06-19 22:58:10,015 - telegram.ext.ExtBot - DEBUG - Entering: get_updates
2025-06-19 22:58:10,016 - httpcore.http11 - DEBUG - send_request_headers.started request=<Request [b'POST']>
2025-06-19 22:58:10,018 - httpcore.http11 - DEBUG - send_request_headers.complete
2025-06-19 22:58:10,018 - httpcore.http11 - DEBUG - send_request_body.started request=<Request [b'POST']>
2025-06-19 22:58:10,018 - httpcore.http11 - DEBUG - send_request_body.complete
2025-06-19 22:58:10,018 - httpcore.http11 - DEBUG - receive_response_headers.started request=<Request [b'POST']>
2025-06-19 22:58:20,312 - httpcore.http11 - DEBUG - receive_response_headers.complete return_value=(b'HTTP/1.1', 200, b'OK', [(b'Server', b'nginx/1.18.0'), (b'Date', b'Thu, 19 Jun 2025 21:58:20 GMT'), (b'Content-Type', b'application/json'), (b'Content-Length', b'23'), (b'Connection', b'keep-alive'), (b'Strict-Transport-Security', b'max-age=31536000; includeSubDomains; preload'), (b'Access-Control-Allow-Origin', b'*'), (b'Access-Control-Allow-Methods', b'GET, POST, OPTIONS'), (b'Access-Control-Expose-Headers', b'Content-Length,Content-Type,Date,Server,Connection')])
2025-06-19 22:58:20,312 - httpx - INFO - HTTP Request: POST https://api.telegram.org/bot7707158318:AAE8rWa4Q8Z_3avql6K0HAmXaooZAReoNF0/getUpdates "HTTP/1.1 200 OK"
2025-06-19 22:58:20,312 - httpcore.http11 - DEBUG - receive_response_body.started request=<Request [b'POST']>
2025-06-19 22:58:20,314 - httpcore.http11 - DEBUG - receive_response_body.complete
2025-06-19 22:58:20,314 - httpcore.http11 - DEBUG - response_closed.started
2025-06-19 22:58:20,314 - httpcore.http11 - DEBUG - response_closed.complete
2025-06-19 22:58:20,315 - telegram.ext.ExtBot - DEBUG - No new updates found.
2025-06-19 22:58:20,315 - telegram.ext.ExtBot - DEBUG - ()
2025-06-19 22:58:20,316 - telegram.ext.ExtBot - DEBUG - Exiting: get_updates
2025-06-19 22:58:20,316 - telegram.ext.ExtBot - DEBUG - Entering: get_updates
2025-06-19 22:58:20,317 - httpcore.http11 - DEBUG - send_request_headers.started request=<Request [b'POST']>
2025-06-19 22:58:20,319 - httpcore.http11 - DEBUG - send_request_headers.complete
2025-06-19 22:58:20,319 - httpcore.http11 - DEBUG - send_request_body.started request=<Request [b'POST']>
2025-06-19 22:58:20,320 - httpcore.http11 - DEBUG - send_request_body.complete
2025-06-19 22:58:20,320 - httpcore.http11 - DEBUG - receive_response_headers.started request=<Request [b'POST']>
2025-06-19 22:58:30,457 - httpcore.http11 - DEBUG - receive_response_headers.complete return_value=(b'HTTP/1.1', 200, b'OK', [(b'Server', b'nginx/1.18.0'), (b'Date', b'Thu, 19 Jun 2025 21:58:30 GMT'), (b'Content-Type', b'application/json'), (b'Content-Length', b'23'), (b'Connection', b'keep-alive'), (b'Strict-Transport-Security', b'max-age=31536000; includeSubDomains; preload'), (b'Access-Control-Allow-Origin', b'*'), (b'Access-Control-Allow-Methods', b'GET, POST, OPTIONS'), (b'Access-Control-Expose-Headers', b'Content-Length,Content-Type,Date,Server,Connection')])
2025-06-19 22:58:30,457 - httpx - INFO - HTTP Request: POST https://api.telegram.org/bot7707158318:AAE8rWa4Q8Z_3avql6K0HAmXaooZAReoNF0/getUpdates "HTTP/1.1 200 OK"
2025-06-19 22:58:30,457 - httpcore.http11 - DEBUG - receive_response_body.started request=<Request [b'POST']>
2025-06-19 22:58:30,457 - httpcore.http11 - DEBUG - receive_response_body.complete
2025-06-19 22:58:30,457 - httpcore.http11 - DEBUG - response_closed.started
2025-06-19 22:58:30,457 - httpcore.http11 - DEBUG - response_closed.complete
2025-06-19 22:58:30,462 - telegram.ext.ExtBot - DEBUG - No new updates found.
2025-06-19 22:58:30,462 - telegram.ext.ExtBot - DEBUG - ()
2025-06-19 22:58:30,462 - telegram.ext.ExtBot - DEBUG - Exiting: get_updates
2025-06-19 22:58:30,464 - telegram.ext.ExtBot - DEBUG - Entering: get_updates
2025-06-19 22:58:30,465 - httpcore.http11 - DEBUG - send_request_headers.started request=<Request [b'POST']>
2025-06-19 22:58:30,465 - httpcore.http11 - DEBUG - send_request_headers.complete
2025-06-19 22:58:30,465 - httpcore.http11 - DEBUG - send_request_body.started request=<Request [b'POST']>
2025-06-19 22:58:30,465 - httpcore.http11 - DEBUG - send_request_body.complete
2025-06-19 22:58:30,465 - httpcore.http11 - DEBUG - receive_response_headers.started request=<Request [b'POST']>
2025-06-19 22:58:41,099 - httpcore.http11 - DEBUG - receive_response_headers.complete return_value=(b'HTTP/1.1', 200, b'OK', [(b'Server', b'nginx/1.18.0'), (b'Date', b'Thu, 19 Jun 2025 21:58:40 GMT'), (b'Content-Type', b'application/json'), (b'Content-Length', b'23'), (b'Connection', b'keep-alive'), (b'Strict-Transport-Security', b'max-age=31536000; includeSubDomains; preload'), (b'Access-Control-Allow-Origin', b'*'), (b'Access-Control-Allow-Methods', b'GET, POST, OPTIONS'), (b'Access-Control-Expose-Headers', b'Content-Length,Content-Type,Date,Server,Connection')])
2025-06-19 22:58:41,100 - httpx - INFO - HTTP Request: POST https://api.telegram.org/bot7707158318:AAE8rWa4Q8Z_3avql6K0HAmXaooZAReoNF0/getUpdates "HTTP/1.1 200 OK"
2025-06-19 22:58:41,104 - httpcore.http11 - DEBUG - receive_response_body.started request=<Request [b'POST']>
2025-06-19 22:58:41,104 - httpcore.http11 - DEBUG - receive_response_body.complete
2025-06-19 22:58:41,104 - httpcore.http11 - DEBUG - response_closed.started
2025-06-19 22:58:41,106 - httpcore.http11 - DEBUG - response_closed.complete
2025-06-19 22:58:41,106 - telegram.ext.ExtBot - DEBUG - No new updates found.
2025-06-19 22:58:41,107 - telegram.ext.ExtBot - DEBUG - ()
2025-06-19 22:58:41,107 - telegram.ext.ExtBot - DEBUG - Exiting: get_updates
2025-06-19 22:58:41,107 - telegram.ext.ExtBot - DEBUG - Entering: get_updates
2025-06-19 22:58:41,111 - httpcore.http11 - DEBUG - send_request_headers.started request=<Request [b'POST']>
2025-06-19 22:58:41,113 - httpcore.http11 - DEBUG - send_request_headers.complete
2025-06-19 22:58:41,113 - httpcore.http11 - DEBUG - send_request_body.started request=<Request [b'POST']>
2025-06-19 22:58:41,115 - httpcore.http11 - DEBUG - send_request_body.complete
2025-06-19 22:58:41,115 - httpcore.http11 - DEBUG - receive_response_headers.started request=<Request [b'POST']>
2025-06-19 22:58:51,553 - httpcore.http11 - DEBUG - receive_response_headers.complete return_value=(b'HTTP/1.1', 200, b'OK', [(b'Server', b'nginx/1.18.0'), (b'Date', b'Thu, 19 Jun 2025 21:58:51 GMT'), (b'Content-Type', b'application/json'), (b'Content-Length', b'23'), (b'Connection', b'keep-alive'), (b'Strict-Transport-Security', b'max-age=31536000; includeSubDomains; preload'), (b'Access-Control-Allow-Origin', b'*'), (b'Access-Control-Allow-Methods', b'GET, POST, OPTIONS'), (b'Access-Control-Expose-Headers', b'Content-Length,Content-Type,Date,Server,Connection')])
2025-06-19 22:58:51,554 - httpx - INFO - HTTP Request: POST https://api.telegram.org/bot7707158318:AAE8rWa4Q8Z_3avql6K0HAmXaooZAReoNF0/getUpdates "HTTP/1.1 200 OK"
2025-06-19 22:58:51,556 - httpcore.http11 - DEBUG - receive_response_body.started request=<Request [b'POST']>
2025-06-19 22:58:51,556 - httpcore.http11 - DEBUG - receive_response_body.complete
2025-06-19 22:58:51,556 - httpcore.http11 - DEBUG - response_closed.started
2025-06-19 22:58:51,556 - httpcore.http11 - DEBUG - response_closed.complete
2025-06-19 22:58:51,556 - telegram.ext.ExtBot - DEBUG - No new updates found.
2025-06-19 22:58:51,556 - telegram.ext.ExtBot - DEBUG - ()
2025-06-19 22:58:51,556 - telegram.ext.ExtBot - DEBUG - Exiting: get_updates
2025-06-19 22:58:51,558 - telegram.ext.ExtBot - DEBUG - Entering: get_updates
2025-06-19 22:58:51,559 - httpcore.http11 - DEBUG - send_request_headers.started request=<Request [b'POST']>
2025-06-19 22:58:51,559 - httpcore.http11 - DEBUG - send_request_headers.complete
2025-06-19 22:58:51,559 - httpcore.http11 - DEBUG - send_request_body.started request=<Request [b'POST']>
2025-06-19 22:58:51,559 - httpcore.http11 - DEBUG - send_request_body.complete
2025-06-19 22:58:51,559 - httpcore.http11 - DEBUG - receive_response_headers.started request=<Request [b'POST']>
2025-06-19 22:59:01,784 - httpcore.http11 - DEBUG - receive_response_headers.complete return_value=(b'HTTP/1.1', 200, b'OK', [(b'Server', b'nginx/1.18.0'), (b'Date', b'Thu, 19 Jun 2025 21:59:01 GMT'), (b'Content-Type', b'application/json'), (b'Content-Length', b'23'), (b'Connection', b'keep-alive'), (b'Strict-Transport-Security', b'max-age=31536000; includeSubDomains; preload'), (b'Access-Control-Allow-Origin', b'*'), (b'Access-Control-Allow-Methods', b'GET, POST, OPTIONS'), (b'Access-Control-Expose-Headers', b'Content-Length,Content-Type,Date,Server,Connection')])
2025-06-19 22:59:01,786 - httpx - INFO - HTTP Request: POST https://api.telegram.org/bot7707158318:AAE8rWa4Q8Z_3avql6K0HAmXaooZAReoNF0/getUpdates "HTTP/1.1 200 OK"
2025-06-19 22:59:01,786 - httpcore.http11 - DEBUG - receive_response_body.started request=<Request [b'POST']>
2025-06-19 22:59:01,786 - httpcore.http11 - DEBUG - receive_response_body.complete
2025-06-19 22:59:01,786 - httpcore.http11 - DEBUG - response_closed.started
2025-06-19 22:59:01,786 - httpcore.http11 - DEBUG - response_closed.complete
2025-06-19 22:59:01,789 - telegram.ext.ExtBot - DEBUG - No new updates found.
2025-06-19 22:59:01,789 - telegram.ext.ExtBot - DEBUG - ()
2025-06-19 22:59:01,789 - telegram.ext.ExtBot - DEBUG - Exiting: get_updates
2025-06-19 22:59:01,789 - telegram.ext.ExtBot - DEBUG - Entering: get_updates
2025-06-19 22:59:01,790 - httpcore.http11 - DEBUG - send_request_headers.started request=<Request [b'POST']>
2025-06-19 22:59:01,792 - httpcore.http11 - DEBUG - send_request_headers.complete
2025-06-19 22:59:01,792 - httpcore.http11 - DEBUG - send_request_body.started request=<Request [b'POST']>
2025-06-19 22:59:01,793 - httpcore.http11 - DEBUG - send_request_body.complete
2025-06-19 22:59:01,793 - httpcore.http11 - DEBUG - receive_response_headers.started request=<Request [b'POST']>
2025-06-19 22:59:12,228 - httpcore.http11 - DEBUG - receive_response_headers.complete return_value=(b'HTTP/1.1', 200, b'OK', [(b'Server', b'nginx/1.18.0'), (b'Date', b'Thu, 19 Jun 2025 21:59:11 GMT'), (b'Content-Type', b'application/json'), (b'Content-Length', b'23'), (b'Connection', b'keep-alive'), (b'Strict-Transport-Security', b'max-age=31536000; includeSubDomains; preload'), (b'Access-Control-Allow-Origin', b'*'), (b'Access-Control-Allow-Methods', b'GET, POST, OPTIONS'), (b'Access-Control-Expose-Headers', b'Content-Length,Content-Type,Date,Server,Connection')])
2025-06-19 22:59:12,230 - httpx - INFO - HTTP Request: POST https://api.telegram.org/bot7707158318:AAE8rWa4Q8Z_3avql6K0HAmXaooZAReoNF0/getUpdates "HTTP/1.1 200 OK"
2025-06-19 22:59:12,230 - httpcore.http11 - DEBUG - receive_response_body.started request=<Request [b'POST']>
2025-06-19 22:59:12,230 - httpcore.http11 - DEBUG - receive_response_body.complete
2025-06-19 22:59:12,230 - httpcore.http11 - DEBUG - response_closed.started
2025-06-19 22:59:12,230 - httpcore.http11 - DEBUG - response_closed.complete
2025-06-19 22:59:12,234 - telegram.ext.ExtBot - DEBUG - No new updates found.
2025-06-19 22:59:12,234 - telegram.ext.ExtBot - DEBUG - ()
2025-06-19 22:59:12,234 - telegram.ext.ExtBot - DEBUG - Exiting: get_updates
2025-06-19 22:59:12,234 - telegram.ext.ExtBot - DEBUG - Entering: get_updates
2025-06-19 22:59:12,236 - httpcore.http11 - DEBUG - send_request_headers.started request=<Request [b'POST']>
2025-06-19 22:59:12,239 - httpcore.http11 - DEBUG - send_request_headers.complete
2025-06-19 22:59:12,239 - httpcore.http11 - DEBUG - send_request_body.started request=<Request [b'POST']>
2025-06-19 22:59:12,240 - httpcore.http11 - DEBUG - send_request_body.complete
2025-06-19 22:59:12,240 - httpcore.http11 - DEBUG - receive_response_headers.started request=<Request [b'POST']>
2025-06-19 22:59:22,672 - httpcore.http11 - DEBUG - receive_response_headers.complete return_value=(b'HTTP/1.1', 200, b'OK', [(b'Server', b'nginx/1.18.0'), (b'Date', b'Thu, 19 Jun 2025 21:59:22 GMT'), (b'Content-Type', b'application/json'), (b'Content-Length', b'23'), (b'Connection', b'keep-alive'), (b'Strict-Transport-Security', b'max-age=31536000; includeSubDomains; preload'), (b'Access-Control-Allow-Origin', b'*'), (b'Access-Control-Allow-Methods', b'GET, POST, OPTIONS'), (b'Access-Control-Expose-Headers', b'Content-Length,Content-Type,Date,Server,Connection')])
2025-06-19 22:59:22,672 - httpx - INFO - HTTP Request: POST https://api.telegram.org/bot7707158318:AAE8rWa4Q8Z_3avql6K0HAmXaooZAReoNF0/getUpdates "HTTP/1.1 200 OK"
2025-06-19 22:59:22,678 - httpcore.http11 - DEBUG - receive_response_body.started request=<Request [b'POST']>
2025-06-19 22:59:22,678 - httpcore.http11 - DEBUG - receive_response_body.complete
2025-06-19 22:59:22,679 - httpcore.http11 - DEBUG - response_closed.started
2025-06-19 22:59:22,679 - httpcore.http11 - DEBUG - response_closed.complete
2025-06-19 22:59:22,680 - telegram.ext.ExtBot - DEBUG - No new updates found.
2025-06-19 22:59:22,680 - telegram.ext.ExtBot - DEBUG - ()
2025-06-19 22:59:22,680 - telegram.ext.ExtBot - DEBUG - Exiting: get_updates
2025-06-19 22:59:22,680 - telegram.ext.ExtBot - DEBUG - Entering: get_updates
2025-06-19 22:59:22,682 - httpcore.http11 - DEBUG - send_request_headers.started request=<Request [b'POST']>
2025-06-19 22:59:22,684 - httpcore.http11 - DEBUG - send_request_headers.complete
2025-06-19 22:59:22,685 - httpcore.http11 - DEBUG - send_request_body.started request=<Request [b'POST']>
2025-06-19 22:59:22,685 - httpcore.http11 - DEBUG - send_request_body.complete
2025-06-19 22:59:22,686 - httpcore.http11 - DEBUG - receive_response_headers.started request=<Request [b'POST']>
2025-06-19 22:59:33,119 - httpcore.http11 - DEBUG - receive_response_headers.complete return_value=(b'HTTP/1.1', 200, b'OK', [(b'Server', b'nginx/1.18.0'), (b'Date', b'Thu, 19 Jun 2025 21:59:32 GMT'), (b'Content-Type', b'application/json'), (b'Content-Length', b'23'), (b'Connection', b'keep-alive'), (b'Strict-Transport-Security', b'max-age=31536000; includeSubDomains; preload'), (b'Access-Control-Allow-Origin', b'*'), (b'Access-Control-Allow-Methods', b'GET, POST, OPTIONS'), (b'Access-Control-Expose-Headers', b'Content-Length,Content-Type,Date,Server,Connection')])
2025-06-19 22:59:33,121 - httpx - INFO - HTTP Request: POST https://api.telegram.org/bot7707158318:AAE8rWa4Q8Z_3avql6K0HAmXaooZAReoNF0/getUpdates "HTTP/1.1 200 OK"
2025-06-19 22:59:33,122 - httpcore.http11 - DEBUG - receive_response_body.started request=<Request [b'POST']>
2025-06-19 22:59:33,122 - httpcore.http11 - DEBUG - receive_response_body.complete
2025-06-19 22:59:33,122 - httpcore.http11 - DEBUG - response_closed.started
2025-06-19 22:59:33,122 - httpcore.http11 - DEBUG - response_closed.complete
2025-06-19 22:59:33,123 - telegram.ext.ExtBot - DEBUG - No new updates found.
2025-06-19 22:59:33,125 - telegram.ext.ExtBot - DEBUG - ()
2025-06-19 22:59:33,125 - telegram.ext.ExtBot - DEBUG - Exiting: get_updates
2025-06-19 22:59:33,125 - telegram.ext.ExtBot - DEBUG - Entering: get_updates
2025-06-19 22:59:33,127 - httpcore.http11 - DEBUG - send_request_headers.started request=<Request [b'POST']>
2025-06-19 22:59:33,128 - httpcore.http11 - DEBUG - send_request_headers.complete
2025-06-19 22:59:33,128 - httpcore.http11 - DEBUG - send_request_body.started request=<Request [b'POST']>
2025-06-19 22:59:33,128 - httpcore.http11 - DEBUG - send_request_body.complete
2025-06-19 22:59:33,128 - httpcore.http11 - DEBUG - receive_response_headers.started request=<Request [b'POST']>
2025-06-19 22:59:43,359 - httpcore.http11 - DEBUG - receive_response_headers.complete return_value=(b'HTTP/1.1', 200, b'OK', [(b'Server', b'nginx/1.18.0'), (b'Date', b'Thu, 19 Jun 2025 21:59:43 GMT'), (b'Content-Type', b'application/json'), (b'Content-Length', b'23'), (b'Connection', b'keep-alive'), (b'Strict-Transport-Security', b'max-age=31536000; includeSubDomains; preload'), (b'Access-Control-Allow-Origin', b'*'), (b'Access-Control-Allow-Methods', b'GET, POST, OPTIONS'), (b'Access-Control-Expose-Headers', b'Content-Length,Content-Type,Date,Server,Connection')])
2025-06-19 22:59:43,361 - httpx - INFO - HTTP Request: POST https://api.telegram.org/bot7707158318:AAE8rWa4Q8Z_3avql6K0HAmXaooZAReoNF0/getUpdates "HTTP/1.1 200 OK"
2025-06-19 22:59:43,363 - httpcore.http11 - DEBUG - receive_response_body.started request=<Request [b'POST']>
2025-06-19 22:59:43,363 - httpcore.http11 - DEBUG - receive_response_body.complete
2025-06-19 22:59:43,363 - httpcore.http11 - DEBUG - response_closed.started
2025-06-19 22:59:43,365 - httpcore.http11 - DEBUG - response_closed.complete
2025-06-19 22:59:43,365 - telegram.ext.ExtBot - DEBUG - No new updates found.
2025-06-19 22:59:43,365 - telegram.ext.ExtBot - DEBUG - ()
2025-06-19 22:59:43,366 - telegram.ext.ExtBot - DEBUG - Exiting: get_updates
2025-06-19 22:59:43,366 - telegram.ext.ExtBot - DEBUG - Entering: get_updates
2025-06-19 22:59:43,368 - httpcore.http11 - DEBUG - send_request_headers.started request=<Request [b'POST']>
2025-06-19 22:59:43,368 - httpcore.http11 - DEBUG - send_request_headers.complete
2025-06-19 22:59:43,370 - httpcore.http11 - DEBUG - send_request_body.started request=<Request [b'POST']>
2025-06-19 22:59:43,370 - httpcore.http11 - DEBUG - send_request_body.complete
2025-06-19 22:59:43,370 - httpcore.http11 - DEBUG - receive_response_headers.started request=<Request [b'POST']>
2025-06-19 22:59:53,531 - httpcore.http11 - DEBUG - receive_response_headers.complete return_value=(b'HTTP/1.1', 200, b'OK', [(b'Server', b'nginx/1.18.0'), (b'Date', b'Thu, 19 Jun 2025 21:59:53 GMT'), (b'Content-Type', b'application/json'), (b'Content-Length', b'23'), (b'Connection', b'keep-alive'), (b'Strict-Transport-Security', b'max-age=31536000; includeSubDomains; preload'), (b'Access-Control-Allow-Origin', b'*'), (b'Access-Control-Allow-Methods', b'GET, POST, OPTIONS'), (b'Access-Control-Expose-Headers', b'Content-Length,Content-Type,Date,Server,Connection')])
2025-06-19 22:59:53,531 - httpx - INFO - HTTP Request: POST https://api.telegram.org/bot7707158318:AAE8rWa4Q8Z_3avql6K0HAmXaooZAReoNF0/getUpdates "HTTP/1.1 200 OK"
2025-06-19 22:59:53,531 - httpcore.http11 - DEBUG - receive_response_body.started request=<Request [b'POST']>
2025-06-19 22:59:53,531 - httpcore.http11 - DEBUG - receive_response_body.complete
2025-06-19 22:59:53,531 - httpcore.http11 - DEBUG - response_closed.started
2025-06-19 22:59:53,531 - httpcore.http11 - DEBUG - response_closed.complete
2025-06-19 22:59:53,536 - telegram.ext.ExtBot - DEBUG - No new updates found.
2025-06-19 22:59:53,536 - telegram.ext.ExtBot - DEBUG - ()
2025-06-19 22:59:53,536 - telegram.ext.ExtBot - DEBUG - Exiting: get_updates
2025-06-19 22:59:53,536 - telegram.ext.ExtBot - DEBUG - Entering: get_updates
2025-06-19 22:59:53,538 - httpcore.http11 - DEBUG - send_request_headers.started request=<Request [b'POST']>
2025-06-19 22:59:53,538 - httpcore.http11 - DEBUG - send_request_headers.complete
2025-06-19 22:59:53,540 - httpcore.http11 - DEBUG - send_request_body.started request=<Request [b'POST']>
2025-06-19 22:59:53,540 - httpcore.http11 - DEBUG - send_request_body.complete
2025-06-19 22:59:53,540 - httpcore.http11 - DEBUG - receive_response_headers.started request=<Request [b'POST']>
2025-06-19 23:00:03,836 - httpcore.http11 - DEBUG - receive_response_headers.complete return_value=(b'HTTP/1.1', 200, b'OK', [(b'Server', b'nginx/1.18.0'), (b'Date', b'Thu, 19 Jun 2025 22:00:03 GMT'), (b'Content-Type', b'application/json'), (b'Content-Length', b'23'), (b'Connection', b'keep-alive'), (b'Strict-Transport-Security', b'max-age=31536000; includeSubDomains; preload'), (b'Access-Control-Allow-Origin', b'*'), (b'Access-Control-Allow-Methods', b'GET, POST, OPTIONS'), (b'Access-Control-Expose-Headers', b'Content-Length,Content-Type,Date,Server,Connection')])
2025-06-19 23:00:03,839 - httpx - INFO - HTTP Request: POST https://api.telegram.org/bot7707158318:AAE8rWa4Q8Z_3avql6K0HAmXaooZAReoNF0/getUpdates "HTTP/1.1 200 OK"
2025-06-19 23:00:03,841 - httpcore.http11 - DEBUG - receive_response_body.started request=<Request [b'POST']>
2025-06-19 23:00:03,841 - httpcore.http11 - DEBUG - receive_response_body.complete
2025-06-19 23:00:03,841 - httpcore.http11 - DEBUG - response_closed.started
2025-06-19 23:00:03,841 - httpcore.http11 - DEBUG - response_closed.complete
2025-06-19 23:00:03,841 - telegram.ext.ExtBot - DEBUG - No new updates found.
2025-06-19 23:00:03,841 - telegram.ext.ExtBot - DEBUG - ()
2025-06-19 23:00:03,841 - telegram.ext.ExtBot - DEBUG - Exiting: get_updates
2025-06-19 23:00:03,841 - telegram.ext.ExtBot - DEBUG - Entering: get_updates
2025-06-19 23:00:03,845 - httpcore.http11 - DEBUG - send_request_headers.started request=<Request [b'POST']>
2025-06-19 23:00:03,845 - httpcore.http11 - DEBUG - send_request_headers.complete
2025-06-19 23:00:03,845 - httpcore.http11 - DEBUG - send_request_body.started request=<Request [b'POST']>
2025-06-19 23:00:03,845 - httpcore.http11 - DEBUG - send_request_body.complete
2025-06-19 23:00:03,848 - httpcore.http11 - DEBUG - receive_response_headers.started request=<Request [b'POST']>
2025-06-19 23:00:13,969 - httpcore.http11 - DEBUG - receive_response_headers.complete return_value=(b'HTTP/1.1', 200, b'OK', [(b'Server', b'nginx/1.18.0'), (b'Date', b'Thu, 19 Jun 2025 22:00:13 GMT'), (b'Content-Type', b'application/json'), (b'Content-Length', b'23'), (b'Connection', b'keep-alive'), (b'Strict-Transport-Security', b'max-age=31536000; includeSubDomains; preload'), (b'Access-Control-Allow-Origin', b'*'), (b'Access-Control-Allow-Methods', b'GET, POST, OPTIONS'), (b'Access-Control-Expose-Headers', b'Content-Length,Content-Type,Date,Server,Connection')])
2025-06-19 23:00:13,970 - httpx - INFO - HTTP Request: POST https://api.telegram.org/bot7707158318:AAE8rWa4Q8Z_3avql6K0HAmXaooZAReoNF0/getUpdates "HTTP/1.1 200 OK"
2025-06-19 23:00:13,971 - httpcore.http11 - DEBUG - receive_response_body.started request=<Request [b'POST']>
2025-06-19 23:00:13,972 - httpcore.http11 - DEBUG - receive_response_body.complete
2025-06-19 23:00:13,972 - httpcore.http11 - DEBUG - response_closed.started
2025-06-19 23:00:13,972 - httpcore.http11 - DEBUG - response_closed.complete
2025-06-19 23:00:13,973 - telegram.ext.ExtBot - DEBUG - No new updates found.
2025-06-19 23:00:13,973 - telegram.ext.ExtBot - DEBUG - ()
2025-06-19 23:00:13,973 - telegram.ext.ExtBot - DEBUG - Exiting: get_updates
2025-06-19 23:00:13,973 - telegram.ext.ExtBot - DEBUG - Entering: get_updates
2025-06-19 23:00:13,975 - httpcore.http11 - DEBUG - send_request_headers.started request=<Request [b'POST']>
2025-06-19 23:00:13,978 - httpcore.http11 - DEBUG - send_request_headers.complete
2025-06-19 23:00:13,979 - httpcore.http11 - DEBUG - send_request_body.started request=<Request [b'POST']>
2025-06-19 23:00:13,979 - httpcore.http11 - DEBUG - send_request_body.complete
2025-06-19 23:00:13,980 - httpcore.http11 - DEBUG - receive_response_headers.started request=<Request [b'POST']>
2025-06-19 23:00:24,319 - httpcore.http11 - DEBUG - receive_response_headers.complete return_value=(b'HTTP/1.1', 200, b'OK', [(b'Server', b'nginx/1.18.0'), (b'Date', b'Thu, 19 Jun 2025 22:00:24 GMT'), (b'Content-Type', b'application/json'), (b'Content-Length', b'23'), (b'Connection', b'keep-alive'), (b'Strict-Transport-Security', b'max-age=31536000; includeSubDomains; preload'), (b'Access-Control-Allow-Origin', b'*'), (b'Access-Control-Allow-Methods', b'GET, POST, OPTIONS'), (b'Access-Control-Expose-Headers', b'Content-Length,Content-Type,Date,Server,Connection')])
2025-06-19 23:00:24,319 - httpx - INFO - HTTP Request: POST https://api.telegram.org/bot7707158318:AAE8rWa4Q8Z_3avql6K0HAmXaooZAReoNF0/getUpdates "HTTP/1.1 200 OK"
2025-06-19 23:00:24,321 - httpcore.http11 - DEBUG - receive_response_body.started request=<Request [b'POST']>
2025-06-19 23:00:24,323 - httpcore.http11 - DEBUG - receive_response_body.complete
2025-06-19 23:00:24,323 - httpcore.http11 - DEBUG - response_closed.started
2025-06-19 23:00:24,323 - httpcore.http11 - DEBUG - response_closed.complete
2025-06-19 23:00:24,323 - telegram.ext.ExtBot - DEBUG - No new updates found.
2025-06-19 23:00:24,323 - telegram.ext.ExtBot - DEBUG - ()
2025-06-19 23:00:24,325 - telegram.ext.ExtBot - DEBUG - Exiting: get_updates
2025-06-19 23:00:24,325 - telegram.ext.ExtBot - DEBUG - Entering: get_updates
2025-06-19 23:00:24,327 - httpcore.http11 - DEBUG - send_request_headers.started request=<Request [b'POST']>
2025-06-19 23:00:24,327 - httpcore.http11 - DEBUG - send_request_headers.complete
2025-06-19 23:00:24,327 - httpcore.http11 - DEBUG - send_request_body.started request=<Request [b'POST']>
2025-06-19 23:00:24,329 - httpcore.http11 - DEBUG - send_request_body.complete
2025-06-19 23:00:24,329 - httpcore.http11 - DEBUG - receive_response_headers.started request=<Request [b'POST']>
2025-06-19 23:00:34,471 - httpcore.http11 - DEBUG - receive_response_headers.complete return_value=(b'HTTP/1.1', 200, b'OK', [(b'Server', b'nginx/1.18.0'), (b'Date', b'Thu, 19 Jun 2025 22:00:34 GMT'), (b'Content-Type', b'application/json'), (b'Content-Length', b'23'), (b'Connection', b'keep-alive'), (b'Strict-Transport-Security', b'max-age=31536000; includeSubDomains; preload'), (b'Access-Control-Allow-Origin', b'*'), (b'Access-Control-Allow-Methods', b'GET, POST, OPTIONS'), (b'Access-Control-Expose-Headers', b'Content-Length,Content-Type,Date,Server,Connection')])
2025-06-19 23:00:34,472 - httpx - INFO - HTTP Request: POST https://api.telegram.org/bot7707158318:AAE8rWa4Q8Z_3avql6K0HAmXaooZAReoNF0/getUpdates "HTTP/1.1 200 OK"
2025-06-19 23:00:34,472 - httpcore.http11 - DEBUG - receive_response_body.started request=<Request [b'POST']>
2025-06-19 23:00:34,473 - httpcore.http11 - DEBUG - receive_response_body.complete
2025-06-19 23:00:34,474 - httpcore.http11 - DEBUG - response_closed.started
2025-06-19 23:00:34,474 - httpcore.http11 - DEBUG - response_closed.complete
2025-06-19 23:00:34,474 - telegram.ext.ExtBot - DEBUG - No new updates found.
2025-06-19 23:00:34,474 - telegram.ext.ExtBot - DEBUG - ()
2025-06-19 23:00:34,475 - telegram.ext.ExtBot - DEBUG - Exiting: get_updates
2025-06-19 23:00:34,475 - telegram.ext.ExtBot - DEBUG - Entering: get_updates
2025-06-19 23:00:34,477 - httpcore.http11 - DEBUG - send_request_headers.started request=<Request [b'POST']>
2025-06-19 23:00:34,478 - httpcore.http11 - DEBUG - send_request_headers.complete
2025-06-19 23:00:34,479 - httpcore.http11 - DEBUG - send_request_body.started request=<Request [b'POST']>
2025-06-19 23:00:34,479 - httpcore.http11 - DEBUG - send_request_body.complete
2025-06-19 23:00:34,480 - httpcore.http11 - DEBUG - receive_response_headers.started request=<Request [b'POST']>
2025-06-19 23:00:44,798 - httpcore.http11 - DEBUG - receive_response_headers.complete return_value=(b'HTTP/1.1', 200, b'OK', [(b'Server', b'nginx/1.18.0'), (b'Date', b'Thu, 19 Jun 2025 22:00:44 GMT'), (b'Content-Type', b'application/json'), (b'Content-Length', b'23'), (b'Connection', b'keep-alive'), (b'Strict-Transport-Security', b'max-age=31536000; includeSubDomains; preload'), (b'Access-Control-Allow-Origin', b'*'), (b'Access-Control-Allow-Methods', b'GET, POST, OPTIONS'), (b'Access-Control-Expose-Headers', b'Content-Length,Content-Type,Date,Server,Connection')])
2025-06-19 23:00:44,800 - httpx - INFO - HTTP Request: POST https://api.telegram.org/bot7707158318:AAE8rWa4Q8Z_3avql6K0HAmXaooZAReoNF0/getUpdates "HTTP/1.1 200 OK"
2025-06-19 23:00:44,801 - httpcore.http11 - DEBUG - receive_response_body.started request=<Request [b'POST']>
2025-06-19 23:00:44,802 - httpcore.http11 - DEBUG - receive_response_body.complete
2025-06-19 23:00:44,802 - httpcore.http11 - DEBUG - response_closed.started
2025-06-19 23:00:44,803 - httpcore.http11 - DEBUG - response_closed.complete
2025-06-19 23:00:44,803 - telegram.ext.ExtBot - DEBUG - No new updates found.
2025-06-19 23:00:44,803 - telegram.ext.ExtBot - DEBUG - ()
2025-06-19 23:00:44,803 - telegram.ext.ExtBot - DEBUG - Exiting: get_updates
2025-06-19 23:00:44,803 - telegram.ext.ExtBot - DEBUG - Entering: get_updates
2025-06-19 23:00:44,807 - httpcore.http11 - DEBUG - send_request_headers.started request=<Request [b'POST']>
2025-06-19 23:00:44,809 - httpcore.http11 - DEBUG - send_request_headers.complete
2025-06-19 23:00:44,809 - httpcore.http11 - DEBUG - send_request_body.started request=<Request [b'POST']>
2025-06-19 23:00:44,811 - httpcore.http11 - DEBUG - send_request_body.complete
2025-06-19 23:00:44,811 - httpcore.http11 - DEBUG - receive_response_headers.started request=<Request [b'POST']>
2025-06-19 23:00:55,048 - httpcore.http11 - DEBUG - receive_response_headers.complete return_value=(b'HTTP/1.1', 200, b'OK', [(b'Server', b'nginx/1.18.0'), (b'Date', b'Thu, 19 Jun 2025 22:00:54 GMT'), (b'Content-Type', b'application/json'), (b'Content-Length', b'23'), (b'Connection', b'keep-alive'), (b'Strict-Transport-Security', b'max-age=31536000; includeSubDomains; preload'), (b'Access-Control-Allow-Origin', b'*'), (b'Access-Control-Allow-Methods', b'GET, POST, OPTIONS'), (b'Access-Control-Expose-Headers', b'Content-Length,Content-Type,Date,Server,Connection')])
2025-06-19 23:00:55,049 - httpx - INFO - HTTP Request: POST https://api.telegram.org/bot7707158318:AAE8rWa4Q8Z_3avql6K0HAmXaooZAReoNF0/getUpdates "HTTP/1.1 200 OK"
2025-06-19 23:00:55,049 - httpcore.http11 - DEBUG - receive_response_body.started request=<Request [b'POST']>
2025-06-19 23:00:55,051 - httpcore.http11 - DEBUG - receive_response_body.complete
2025-06-19 23:00:55,051 - httpcore.http11 - DEBUG - response_closed.started
2025-06-19 23:00:55,051 - httpcore.http11 - DEBUG - response_closed.complete
2025-06-19 23:00:55,053 - telegram.ext.ExtBot - DEBUG - No new updates found.
2025-06-19 23:00:55,053 - telegram.ext.ExtBot - DEBUG - ()
2025-06-19 23:00:55,053 - telegram.ext.ExtBot - DEBUG - Exiting: get_updates
2025-06-19 23:00:55,053 - telegram.ext.ExtBot - DEBUG - Entering: get_updates
2025-06-19 23:00:55,055 - httpcore.http11 - DEBUG - send_request_headers.started request=<Request [b'POST']>
2025-06-19 23:00:55,057 - httpcore.http11 - DEBUG - send_request_headers.complete
2025-06-19 23:00:55,058 - httpcore.http11 - DEBUG - send_request_body.started request=<Request [b'POST']>
2025-06-19 23:00:55,059 - httpcore.http11 - DEBUG - send_request_body.complete
2025-06-19 23:00:55,060 - httpcore.http11 - DEBUG - receive_response_headers.started request=<Request [b'POST']>
2025-06-19 23:01:05,278 - httpcore.http11 - DEBUG - receive_response_headers.complete return_value=(b'HTTP/1.1', 200, b'OK', [(b'Server', b'nginx/1.18.0'), (b'Date', b'Thu, 19 Jun 2025 22:01:05 GMT'), (b'Content-Type', b'application/json'), (b'Content-Length', b'23'), (b'Connection', b'keep-alive'), (b'Strict-Transport-Security', b'max-age=31536000; includeSubDomains; preload'), (b'Access-Control-Allow-Origin', b'*'), (b'Access-Control-Allow-Methods', b'GET, POST, OPTIONS'), (b'Access-Control-Expose-Headers', b'Content-Length,Content-Type,Date,Server,Connection')])
2025-06-19 23:01:05,280 - httpx - INFO - HTTP Request: POST https://api.telegram.org/bot7707158318:AAE8rWa4Q8Z_3avql6K0HAmXaooZAReoNF0/getUpdates "HTTP/1.1 200 OK"
2025-06-19 23:01:05,281 - httpcore.http11 - DEBUG - receive_response_body.started request=<Request [b'POST']>
2025-06-19 23:01:05,281 - httpcore.http11 - DEBUG - receive_response_body.complete
2025-06-19 23:01:05,282 - httpcore.http11 - DEBUG - response_closed.started
2025-06-19 23:01:05,282 - httpcore.http11 - DEBUG - response_closed.complete
2025-06-19 23:01:05,283 - telegram.ext.ExtBot - DEBUG - No new updates found.
2025-06-19 23:01:05,283 - telegram.ext.ExtBot - DEBUG - ()
2025-06-19 23:01:05,283 - telegram.ext.ExtBot - DEBUG - Exiting: get_updates
2025-06-19 23:01:05,284 - telegram.ext.ExtBot - DEBUG - Entering: get_updates
2025-06-19 23:01:05,286 - httpcore.http11 - DEBUG - send_request_headers.started request=<Request [b'POST']>
2025-06-19 23:01:05,288 - httpcore.http11 - DEBUG - send_request_headers.complete
2025-06-19 23:01:05,288 - httpcore.http11 - DEBUG - send_request_body.started request=<Request [b'POST']>
2025-06-19 23:01:05,289 - httpcore.http11 - DEBUG - send_request_body.complete
2025-06-19 23:01:05,289 - httpcore.http11 - DEBUG - receive_response_headers.started request=<Request [b'POST']>
2025-06-19 23:01:15,723 - httpcore.http11 - DEBUG - receive_response_headers.complete return_value=(b'HTTP/1.1', 200, b'OK', [(b'Server', b'nginx/1.18.0'), (b'Date', b'Thu, 19 Jun 2025 22:01:15 GMT'), (b'Content-Type', b'application/json'), (b'Content-Length', b'23'), (b'Connection', b'keep-alive'), (b'Strict-Transport-Security', b'max-age=31536000; includeSubDomains; preload'), (b'Access-Control-Allow-Origin', b'*'), (b'Access-Control-Allow-Methods', b'GET, POST, OPTIONS'), (b'Access-Control-Expose-Headers', b'Content-Length,Content-Type,Date,Server,Connection')])
2025-06-19 23:01:15,725 - httpx - INFO - HTTP Request: POST https://api.telegram.org/bot7707158318:AAE8rWa4Q8Z_3avql6K0HAmXaooZAReoNF0/getUpdates "HTTP/1.1 200 OK"
2025-06-19 23:01:15,726 - httpcore.http11 - DEBUG - receive_response_body.started request=<Request [b'POST']>
2025-06-19 23:01:15,726 - httpcore.http11 - DEBUG - receive_response_body.complete
2025-06-19 23:01:15,726 - httpcore.http11 - DEBUG - response_closed.started
2025-06-19 23:01:15,728 - httpcore.http11 - DEBUG - response_closed.complete
2025-06-19 23:01:15,728 - telegram.ext.ExtBot - DEBUG - No new updates found.
2025-06-19 23:01:15,728 - telegram.ext.ExtBot - DEBUG - ()
2025-06-19 23:01:15,728 - telegram.ext.ExtBot - DEBUG - Exiting: get_updates
2025-06-19 23:01:15,728 - telegram.ext.ExtBot - DEBUG - Entering: get_updates
2025-06-19 23:01:15,730 - httpcore.http11 - DEBUG - send_request_headers.started request=<Request [b'POST']>
2025-06-19 23:01:15,732 - httpcore.http11 - DEBUG - send_request_headers.complete
2025-06-19 23:01:15,732 - httpcore.http11 - DEBUG - send_request_body.started request=<Request [b'POST']>
2025-06-19 23:01:15,732 - httpcore.http11 - DEBUG - send_request_body.complete
2025-06-19 23:01:15,732 - httpcore.http11 - DEBUG - receive_response_headers.started request=<Request [b'POST']>
2025-06-19 23:01:26,167 - httpcore.http11 - DEBUG - receive_response_headers.complete return_value=(b'HTTP/1.1', 200, b'OK', [(b'Server', b'nginx/1.18.0'), (b'Date', b'Thu, 19 Jun 2025 22:01:25 GMT'), (b'Content-Type', b'application/json'), (b'Content-Length', b'23'), (b'Connection', b'keep-alive'), (b'Strict-Transport-Security', b'max-age=31536000; includeSubDomains; preload'), (b'Access-Control-Allow-Origin', b'*'), (b'Access-Control-Allow-Methods', b'GET, POST, OPTIONS'), (b'Access-Control-Expose-Headers', b'Content-Length,Content-Type,Date,Server,Connection')])
2025-06-19 23:01:26,167 - httpx - INFO - HTTP Request: POST https://api.telegram.org/bot7707158318:AAE8rWa4Q8Z_3avql6K0HAmXaooZAReoNF0/getUpdates "HTTP/1.1 200 OK"
2025-06-19 23:01:26,170 - httpcore.http11 - DEBUG - receive_response_body.started request=<Request [b'POST']>
2025-06-19 23:01:26,170 - httpcore.http11 - DEBUG - receive_response_body.complete
2025-06-19 23:01:26,170 - httpcore.http11 - DEBUG - response_closed.started
2025-06-19 23:01:26,172 - httpcore.http11 - DEBUG - response_closed.complete
2025-06-19 23:01:26,172 - telegram.ext.ExtBot - DEBUG - No new updates found.
2025-06-19 23:01:26,172 - telegram.ext.ExtBot - DEBUG - ()
2025-06-19 23:01:26,172 - telegram.ext.ExtBot - DEBUG - Exiting: get_updates
2025-06-19 23:01:26,172 - telegram.ext.ExtBot - DEBUG - Entering: get_updates
2025-06-19 23:01:26,175 - httpcore.http11 - DEBUG - send_request_headers.started request=<Request [b'POST']>
2025-06-19 23:01:26,176 - httpcore.http11 - DEBUG - send_request_headers.complete
2025-06-19 23:01:26,176 - httpcore.http11 - DEBUG - send_request_body.started request=<Request [b'POST']>
2025-06-19 23:01:26,177 - httpcore.http11 - DEBUG - send_request_body.complete
2025-06-19 23:01:26,177 - httpcore.http11 - DEBUG - receive_response_headers.started request=<Request [b'POST']>
2025-06-19 23:01:36,410 - httpcore.http11 - DEBUG - receive_response_headers.complete return_value=(b'HTTP/1.1', 200, b'OK', [(b'Server', b'nginx/1.18.0'), (b'Date', b'Thu, 19 Jun 2025 22:01:36 GMT'), (b'Content-Type', b'application/json'), (b'Content-Length', b'23'), (b'Connection', b'keep-alive'), (b'Strict-Transport-Security', b'max-age=31536000; includeSubDomains; preload'), (b'Access-Control-Allow-Origin', b'*'), (b'Access-Control-Allow-Methods', b'GET, POST, OPTIONS'), (b'Access-Control-Expose-Headers', b'Content-Length,Content-Type,Date,Server,Connection')])
2025-06-19 23:01:36,413 - httpx - INFO - HTTP Request: POST https://api.telegram.org/bot7707158318:AAE8rWa4Q8Z_3avql6K0HAmXaooZAReoNF0/getUpdates "HTTP/1.1 200 OK"
2025-06-19 23:01:36,418 - httpcore.http11 - DEBUG - receive_response_body.started request=<Request [b'POST']>
2025-06-19 23:01:36,418 - httpcore.http11 - DEBUG - receive_response_body.complete
2025-06-19 23:01:36,418 - httpcore.http11 - DEBUG - response_closed.started
2025-06-19 23:01:36,418 - httpcore.http11 - DEBUG - response_closed.complete
2025-06-19 23:01:36,420 - telegram.ext.ExtBot - DEBUG - No new updates found.
2025-06-19 23:01:36,420 - telegram.ext.ExtBot - DEBUG - ()
2025-06-19 23:01:36,420 - telegram.ext.ExtBot - DEBUG - Exiting: get_updates
2025-06-19 23:01:36,420 - telegram.ext.ExtBot - DEBUG - Entering: get_updates
2025-06-19 23:01:36,423 - httpcore.http11 - DEBUG - send_request_headers.started request=<Request [b'POST']>
2025-06-19 23:01:36,425 - httpcore.http11 - DEBUG - send_request_headers.complete
2025-06-19 23:01:36,425 - httpcore.http11 - DEBUG - send_request_body.started request=<Request [b'POST']>
2025-06-19 23:01:36,427 - httpcore.http11 - DEBUG - send_request_body.complete
2025-06-19 23:01:36,427 - httpcore.http11 - DEBUG - receive_response_headers.started request=<Request [b'POST']>
2025-06-19 23:01:46,545 - httpcore.http11 - DEBUG - receive_response_headers.complete return_value=(b'HTTP/1.1', 200, b'OK', [(b'Server', b'nginx/1.18.0'), (b'Date', b'Thu, 19 Jun 2025 22:01:46 GMT'), (b'Content-Type', b'application/json'), (b'Content-Length', b'23'), (b'Connection', b'keep-alive'), (b'Strict-Transport-Security', b'max-age=31536000; includeSubDomains; preload'), (b'Access-Control-Allow-Origin', b'*'), (b'Access-Control-Allow-Methods', b'GET, POST, OPTIONS'), (b'Access-Control-Expose-Headers', b'Content-Length,Content-Type,Date,Server,Connection')])
2025-06-19 23:01:46,546 - httpx - INFO - HTTP Request: POST https://api.telegram.org/bot7707158318:AAE8rWa4Q8Z_3avql6K0HAmXaooZAReoNF0/getUpdates "HTTP/1.1 200 OK"
2025-06-19 23:01:46,548 - httpcore.http11 - DEBUG - receive_response_body.started request=<Request [b'POST']>
2025-06-19 23:01:46,548 - httpcore.http11 - DEBUG - receive_response_body.complete
2025-06-19 23:01:46,548 - httpcore.http11 - DEBUG - response_closed.started
2025-06-19 23:01:46,548 - httpcore.http11 - DEBUG - response_closed.complete
2025-06-19 23:01:46,550 - telegram.ext.ExtBot - DEBUG - No new updates found.
2025-06-19 23:01:46,550 - telegram.ext.ExtBot - DEBUG - ()
2025-06-19 23:01:46,550 - telegram.ext.ExtBot - DEBUG - Exiting: get_updates
2025-06-19 23:01:46,550 - telegram.ext.ExtBot - DEBUG - Entering: get_updates
2025-06-19 23:01:46,551 - httpcore.http11 - DEBUG - send_request_headers.started request=<Request [b'POST']>
2025-06-19 23:01:46,551 - httpcore.http11 - DEBUG - send_request_headers.complete
2025-06-19 23:01:46,551 - httpcore.http11 - DEBUG - send_request_body.started request=<Request [b'POST']>
2025-06-19 23:01:46,551 - httpcore.http11 - DEBUG - send_request_body.complete
2025-06-19 23:01:46,551 - httpcore.http11 - DEBUG - receive_response_headers.started request=<Request [b'POST']>
2025-06-19 23:01:56,686 - httpcore.http11 - DEBUG - receive_response_headers.complete return_value=(b'HTTP/1.1', 200, b'OK', [(b'Server', b'nginx/1.18.0'), (b'Date', b'Thu, 19 Jun 2025 22:01:56 GMT'), (b'Content-Type', b'application/json'), (b'Content-Length', b'23'), (b'Connection', b'keep-alive'), (b'Strict-Transport-Security', b'max-age=31536000; includeSubDomains; preload'), (b'Access-Control-Allow-Origin', b'*'), (b'Access-Control-Allow-Methods', b'GET, POST, OPTIONS'), (b'Access-Control-Expose-Headers', b'Content-Length,Content-Type,Date,Server,Connection')])
2025-06-19 23:01:56,688 - httpx - INFO - HTTP Request: POST https://api.telegram.org/bot7707158318:AAE8rWa4Q8Z_3avql6K0HAmXaooZAReoNF0/getUpdates "HTTP/1.1 200 OK"
2025-06-19 23:01:56,689 - httpcore.http11 - DEBUG - receive_response_body.started request=<Request [b'POST']>
2025-06-19 23:01:56,689 - httpcore.http11 - DEBUG - receive_response_body.complete
2025-06-19 23:01:56,689 - httpcore.http11 - DEBUG - response_closed.started
2025-06-19 23:01:56,689 - httpcore.http11 - DEBUG - response_closed.complete
2025-06-19 23:01:56,691 - telegram.ext.ExtBot - DEBUG - No new updates found.
2025-06-19 23:01:56,691 - telegram.ext.ExtBot - DEBUG - ()
2025-06-19 23:01:56,691 - telegram.ext.ExtBot - DEBUG - Exiting: get_updates
2025-06-19 23:01:56,691 - telegram.ext.ExtBot - DEBUG - Entering: get_updates
2025-06-19 23:01:56,693 - httpcore.http11 - DEBUG - send_request_headers.started request=<Request [b'POST']>
2025-06-19 23:01:56,694 - httpcore.http11 - DEBUG - send_request_headers.complete
2025-06-19 23:01:56,695 - httpcore.http11 - DEBUG - send_request_body.started request=<Request [b'POST']>
2025-06-19 23:01:56,695 - httpcore.http11 - DEBUG - send_request_body.complete
2025-06-19 23:01:56,695 - httpcore.http11 - DEBUG - receive_response_headers.started request=<Request [b'POST']>
2025-06-19 23:02:06,922 - httpcore.http11 - DEBUG - receive_response_headers.complete return_value=(b'HTTP/1.1', 200, b'OK', [(b'Server', b'nginx/1.18.0'), (b'Date', b'Thu, 19 Jun 2025 22:02:06 GMT'), (b'Content-Type', b'application/json'), (b'Content-Length', b'23'), (b'Connection', b'keep-alive'), (b'Strict-Transport-Security', b'max-age=31536000; includeSubDomains; preload'), (b'Access-Control-Allow-Origin', b'*'), (b'Access-Control-Allow-Methods', b'GET, POST, OPTIONS'), (b'Access-Control-Expose-Headers', b'Content-Length,Content-Type,Date,Server,Connection')])
2025-06-19 23:02:06,924 - httpx - INFO - HTTP Request: POST https://api.telegram.org/bot7707158318:AAE8rWa4Q8Z_3avql6K0HAmXaooZAReoNF0/getUpdates "HTTP/1.1 200 OK"
2025-06-19 23:02:06,924 - httpcore.http11 - DEBUG - receive_response_body.started request=<Request [b'POST']>
2025-06-19 23:02:06,924 - httpcore.http11 - DEBUG - receive_response_body.complete
2025-06-19 23:02:06,925 - httpcore.http11 - DEBUG - response_closed.started
2025-06-19 23:02:06,926 - httpcore.http11 - DEBUG - response_closed.complete
2025-06-19 23:02:06,927 - telegram.ext.ExtBot - DEBUG - No new updates found.
2025-06-19 23:02:06,927 - telegram.ext.ExtBot - DEBUG - ()
2025-06-19 23:02:06,927 - telegram.ext.ExtBot - DEBUG - Exiting: get_updates
2025-06-19 23:02:06,927 - telegram.ext.ExtBot - DEBUG - Entering: get_updates
2025-06-19 23:02:06,928 - httpcore.http11 - DEBUG - send_request_headers.started request=<Request [b'POST']>
2025-06-19 23:02:06,931 - httpcore.http11 - DEBUG - send_request_headers.complete
2025-06-19 23:02:06,931 - httpcore.http11 - DEBUG - send_request_body.started request=<Request [b'POST']>
2025-06-19 23:02:06,932 - httpcore.http11 - DEBUG - send_request_body.complete
2025-06-19 23:02:06,932 - httpcore.http11 - DEBUG - receive_response_headers.started request=<Request [b'POST']>
2025-06-19 23:02:17,033 - httpcore.http11 - DEBUG - receive_response_headers.complete return_value=(b'HTTP/1.1', 200, b'OK', [(b'Server', b'nginx/1.18.0'), (b'Date', b'Thu, 19 Jun 2025 22:02:17 GMT'), (b'Content-Type', b'application/json'), (b'Content-Length', b'23'), (b'Connection', b'keep-alive'), (b'Strict-Transport-Security', b'max-age=31536000; includeSubDomains; preload'), (b'Access-Control-Allow-Origin', b'*'), (b'Access-Control-Allow-Methods', b'GET, POST, OPTIONS'), (b'Access-Control-Expose-Headers', b'Content-Length,Content-Type,Date,Server,Connection')])
2025-06-19 23:02:17,033 - httpx - INFO - HTTP Request: POST https://api.telegram.org/bot7707158318:AAE8rWa4Q8Z_3avql6K0HAmXaooZAReoNF0/getUpdates "HTTP/1.1 200 OK"
2025-06-19 23:02:17,036 - httpcore.http11 - DEBUG - receive_response_body.started request=<Request [b'POST']>
2025-06-19 23:02:17,038 - httpcore.http11 - DEBUG - receive_response_body.complete
2025-06-19 23:02:17,038 - httpcore.http11 - DEBUG - response_closed.started
2025-06-19 23:02:17,038 - httpcore.http11 - DEBUG - response_closed.complete
2025-06-19 23:02:17,040 - telegram.ext.ExtBot - DEBUG - No new updates found.
2025-06-19 23:02:17,040 - telegram.ext.ExtBot - DEBUG - ()
2025-06-19 23:02:17,040 - telegram.ext.ExtBot - DEBUG - Exiting: get_updates
2025-06-19 23:02:17,040 - telegram.ext.ExtBot - DEBUG - Entering: get_updates
2025-06-19 23:02:17,041 - httpcore.http11 - DEBUG - send_request_headers.started request=<Request [b'POST']>
2025-06-19 23:02:17,043 - httpcore.http11 - DEBUG - send_request_headers.complete
2025-06-19 23:02:17,043 - httpcore.http11 - DEBUG - send_request_body.started request=<Request [b'POST']>
2025-06-19 23:02:17,045 - httpcore.http11 - DEBUG - send_request_body.complete
2025-06-19 23:02:17,045 - httpcore.http11 - DEBUG - receive_response_headers.started request=<Request [b'POST']>
2025-06-19 23:02:27,403 - httpcore.http11 - DEBUG - receive_response_headers.complete return_value=(b'HTTP/1.1', 200, b'OK', [(b'Server', b'nginx/1.18.0'), (b'Date', b'Thu, 19 Jun 2025 22:02:27 GMT'), (b'Content-Type', b'application/json'), (b'Content-Length', b'23'), (b'Connection', b'keep-alive'), (b'Strict-Transport-Security', b'max-age=31536000; includeSubDomains; preload'), (b'Access-Control-Allow-Origin', b'*'), (b'Access-Control-Allow-Methods', b'GET, POST, OPTIONS'), (b'Access-Control-Expose-Headers', b'Content-Length,Content-Type,Date,Server,Connection')])
2025-06-19 23:02:27,406 - httpx - INFO - HTTP Request: POST https://api.telegram.org/bot7707158318:AAE8rWa4Q8Z_3avql6K0HAmXaooZAReoNF0/getUpdates "HTTP/1.1 200 OK"
2025-06-19 23:02:27,406 - httpcore.http11 - DEBUG - receive_response_body.started request=<Request [b'POST']>
2025-06-19 23:02:27,408 - httpcore.http11 - DEBUG - receive_response_body.complete
2025-06-19 23:02:27,408 - httpcore.http11 - DEBUG - response_closed.started
2025-06-19 23:02:27,408 - httpcore.http11 - DEBUG - response_closed.complete
2025-06-19 23:02:27,410 - telegram.ext.ExtBot - DEBUG - No new updates found.
2025-06-19 23:02:27,410 - telegram.ext.ExtBot - DEBUG - ()
2025-06-19 23:02:27,410 - telegram.ext.ExtBot - DEBUG - Exiting: get_updates
2025-06-19 23:02:27,410 - telegram.ext.ExtBot - DEBUG - Entering: get_updates
2025-06-19 23:02:27,412 - httpcore.http11 - DEBUG - send_request_headers.started request=<Request [b'POST']>
2025-06-19 23:02:27,414 - httpcore.http11 - DEBUG - send_request_headers.complete
2025-06-19 23:02:27,414 - httpcore.http11 - DEBUG - send_request_body.started request=<Request [b'POST']>
2025-06-19 23:02:27,416 - httpcore.http11 - DEBUG - send_request_body.complete
2025-06-19 23:02:27,416 - httpcore.http11 - DEBUG - receive_response_headers.started request=<Request [b'POST']>
2025-06-19 23:02:37,846 - httpcore.http11 - DEBUG - receive_response_headers.complete return_value=(b'HTTP/1.1', 200, b'OK', [(b'Server', b'nginx/1.18.0'), (b'Date', b'Thu, 19 Jun 2025 22:02:37 GMT'), (b'Content-Type', b'application/json'), (b'Content-Length', b'23'), (b'Connection', b'keep-alive'), (b'Strict-Transport-Security', b'max-age=31536000; includeSubDomains; preload'), (b'Access-Control-Allow-Origin', b'*'), (b'Access-Control-Allow-Methods', b'GET, POST, OPTIONS'), (b'Access-Control-Expose-Headers', b'Content-Length,Content-Type,Date,Server,Connection')])
2025-06-19 23:02:37,848 - httpx - INFO - HTTP Request: POST https://api.telegram.org/bot7707158318:AAE8rWa4Q8Z_3avql6K0HAmXaooZAReoNF0/getUpdates "HTTP/1.1 200 OK"
2025-06-19 23:02:37,848 - httpcore.http11 - DEBUG - receive_response_body.started request=<Request [b'POST']>
2025-06-19 23:02:37,850 - httpcore.http11 - DEBUG - receive_response_body.complete
2025-06-19 23:02:37,850 - httpcore.http11 - DEBUG - response_closed.started
2025-06-19 23:02:37,850 - httpcore.http11 - DEBUG - response_closed.complete
2025-06-19 23:02:37,851 - telegram.ext.ExtBot - DEBUG - No new updates found.
2025-06-19 23:02:37,851 - telegram.ext.ExtBot - DEBUG - ()
2025-06-19 23:02:37,851 - telegram.ext.ExtBot - DEBUG - Exiting: get_updates
2025-06-19 23:02:37,851 - telegram.ext.ExtBot - DEBUG - Entering: get_updates
2025-06-19 23:02:37,851 - httpcore.http11 - DEBUG - send_request_headers.started request=<Request [b'POST']>
2025-06-19 23:02:37,851 - httpcore.http11 - DEBUG - send_request_headers.complete
2025-06-19 23:02:37,851 - httpcore.http11 - DEBUG - send_request_body.started request=<Request [b'POST']>
2025-06-19 23:02:37,851 - httpcore.http11 - DEBUG - send_request_body.complete
2025-06-19 23:02:37,856 - httpcore.http11 - DEBUG - receive_response_headers.started request=<Request [b'POST']>
2025-06-19 23:02:48,088 - httpcore.http11 - DEBUG - receive_response_headers.complete return_value=(b'HTTP/1.1', 200, b'OK', [(b'Server', b'nginx/1.18.0'), (b'Date', b'Thu, 19 Jun 2025 22:02:47 GMT'), (b'Content-Type', b'application/json'), (b'Content-Length', b'23'), (b'Connection', b'keep-alive'), (b'Strict-Transport-Security', b'max-age=31536000; includeSubDomains; preload'), (b'Access-Control-Allow-Origin', b'*'), (b'Access-Control-Allow-Methods', b'GET, POST, OPTIONS'), (b'Access-Control-Expose-Headers', b'Content-Length,Content-Type,Date,Server,Connection')])
2025-06-19 23:02:48,089 - httpx - INFO - HTTP Request: POST https://api.telegram.org/bot7707158318:AAE8rWa4Q8Z_3avql6K0HAmXaooZAReoNF0/getUpdates "HTTP/1.1 200 OK"
2025-06-19 23:02:48,090 - httpcore.http11 - DEBUG - receive_response_body.started request=<Request [b'POST']>
2025-06-19 23:02:48,092 - httpcore.http11 - DEBUG - receive_response_body.complete
2025-06-19 23:02:48,092 - httpcore.http11 - DEBUG - response_closed.started
2025-06-19 23:02:48,092 - httpcore.http11 - DEBUG - response_closed.complete
2025-06-19 23:02:48,092 - telegram.ext.ExtBot - DEBUG - No new updates found.
2025-06-19 23:02:48,092 - telegram.ext.ExtBot - DEBUG - ()
2025-06-19 23:02:48,092 - telegram.ext.ExtBot - DEBUG - Exiting: get_updates
2025-06-19 23:02:48,092 - telegram.ext.ExtBot - DEBUG - Entering: get_updates
2025-06-19 23:02:48,095 - httpcore.http11 - DEBUG - send_request_headers.started request=<Request [b'POST']>
2025-06-19 23:02:48,095 - httpcore.http11 - DEBUG - send_request_headers.complete
2025-06-19 23:02:48,095 - httpcore.http11 - DEBUG - send_request_body.started request=<Request [b'POST']>
2025-06-19 23:02:48,099 - httpcore.http11 - DEBUG - send_request_body.complete
2025-06-19 23:02:48,099 - httpcore.http11 - DEBUG - receive_response_headers.started request=<Request [b'POST']>
2025-06-19 23:02:58,573 - httpcore.http11 - DEBUG - receive_response_headers.complete return_value=(b'HTTP/1.1', 200, b'OK', [(b'Server', b'nginx/1.18.0'), (b'Date', b'Thu, 19 Jun 2025 22:02:58 GMT'), (b'Content-Type', b'application/json'), (b'Content-Length', b'23'), (b'Connection', b'keep-alive'), (b'Strict-Transport-Security', b'max-age=31536000; includeSubDomains; preload'), (b'Access-Control-Allow-Origin', b'*'), (b'Access-Control-Allow-Methods', b'GET, POST, OPTIONS'), (b'Access-Control-Expose-Headers', b'Content-Length,Content-Type,Date,Server,Connection')])
2025-06-19 23:02:58,578 - httpx - INFO - HTTP Request: POST https://api.telegram.org/bot7707158318:AAE8rWa4Q8Z_3avql6K0HAmXaooZAReoNF0/getUpdates "HTTP/1.1 200 OK"
2025-06-19 23:02:58,580 - httpcore.http11 - DEBUG - receive_response_body.started request=<Request [b'POST']>
2025-06-19 23:02:58,581 - httpcore.http11 - DEBUG - receive_response_body.complete
2025-06-19 23:02:58,582 - httpcore.http11 - DEBUG - response_closed.started
2025-06-19 23:02:58,582 - httpcore.http11 - DEBUG - response_closed.complete
2025-06-19 23:02:58,583 - telegram.ext.ExtBot - DEBUG - No new updates found.
2025-06-19 23:02:58,583 - telegram.ext.ExtBot - DEBUG - ()
2025-06-19 23:02:58,583 - telegram.ext.ExtBot - DEBUG - Exiting: get_updates
2025-06-19 23:02:58,583 - telegram.ext.ExtBot - DEBUG - Entering: get_updates
2025-06-19 23:02:58,588 - httpcore.http11 - DEBUG - send_request_headers.started request=<Request [b'POST']>
2025-06-19 23:02:58,590 - httpcore.http11 - DEBUG - send_request_headers.complete
2025-06-19 23:02:58,590 - httpcore.http11 - DEBUG - send_request_body.started request=<Request [b'POST']>
2025-06-19 23:02:58,591 - httpcore.http11 - DEBUG - send_request_body.complete
2025-06-19 23:02:58,591 - httpcore.http11 - DEBUG - receive_response_headers.started request=<Request [b'POST']>
2025-06-19 23:03:08,698 - httpcore.http11 - DEBUG - receive_response_headers.complete return_value=(b'HTTP/1.1', 200, b'OK', [(b'Server', b'nginx/1.18.0'), (b'Date', b'Thu, 19 Jun 2025 22:03:08 GMT'), (b'Content-Type', b'application/json'), (b'Content-Length', b'23'), (b'Connection', b'keep-alive'), (b'Strict-Transport-Security', b'max-age=31536000; includeSubDomains; preload'), (b'Access-Control-Allow-Origin', b'*'), (b'Access-Control-Allow-Methods', b'GET, POST, OPTIONS'), (b'Access-Control-Expose-Headers', b'Content-Length,Content-Type,Date,Server,Connection')])
2025-06-19 23:03:08,698 - httpx - INFO - HTTP Request: POST https://api.telegram.org/bot7707158318:AAE8rWa4Q8Z_3avql6K0HAmXaooZAReoNF0/getUpdates "HTTP/1.1 200 OK"
2025-06-19 23:03:08,701 - httpcore.http11 - DEBUG - receive_response_body.started request=<Request [b'POST']>
2025-06-19 23:03:08,702 - httpcore.http11 - DEBUG - receive_response_body.complete
2025-06-19 23:03:08,702 - httpcore.http11 - DEBUG - response_closed.started
2025-06-19 23:03:08,702 - httpcore.http11 - DEBUG - response_closed.complete
2025-06-19 23:03:08,702 - telegram.ext.ExtBot - DEBUG - No new updates found.
2025-06-19 23:03:08,702 - telegram.ext.ExtBot - DEBUG - ()
2025-06-19 23:03:08,702 - telegram.ext.ExtBot - DEBUG - Exiting: get_updates
2025-06-19 23:03:08,702 - telegram.ext.ExtBot - DEBUG - Entering: get_updates
2025-06-19 23:03:08,706 - httpcore.http11 - DEBUG - send_request_headers.started request=<Request [b'POST']>
2025-06-19 23:03:08,707 - httpcore.http11 - DEBUG - send_request_headers.complete
2025-06-19 23:03:08,707 - httpcore.http11 - DEBUG - send_request_body.started request=<Request [b'POST']>
2025-06-19 23:03:08,707 - httpcore.http11 - DEBUG - send_request_body.complete
2025-06-19 23:03:08,709 - httpcore.http11 - DEBUG - receive_response_headers.started request=<Request [b'POST']>
2025-06-19 23:03:18,802 - httpcore.http11 - DEBUG - receive_response_headers.complete return_value=(b'HTTP/1.1', 200, b'OK', [(b'Server', b'nginx/1.18.0'), (b'Date', b'Thu, 19 Jun 2025 22:03:18 GMT'), (b'Content-Type', b'application/json'), (b'Content-Length', b'23'), (b'Connection', b'keep-alive'), (b'Strict-Transport-Security', b'max-age=31536000; includeSubDomains; preload'), (b'Access-Control-Allow-Origin', b'*'), (b'Access-Control-Allow-Methods', b'GET, POST, OPTIONS'), (b'Access-Control-Expose-Headers', b'Content-Length,Content-Type,Date,Server,Connection')])
2025-06-19 23:03:18,808 - httpx - INFO - HTTP Request: POST https://api.telegram.org/bot7707158318:AAE8rWa4Q8Z_3avql6K0HAmXaooZAReoNF0/getUpdates "HTTP/1.1 200 OK"
2025-06-19 23:03:18,809 - httpcore.http11 - DEBUG - receive_response_body.started request=<Request [b'POST']>
2025-06-19 23:03:18,809 - httpcore.http11 - DEBUG - receive_response_body.complete
2025-06-19 23:03:18,809 - httpcore.http11 - DEBUG - response_closed.started
2025-06-19 23:03:18,811 - httpcore.http11 - DEBUG - response_closed.complete
2025-06-19 23:03:18,811 - telegram.ext.ExtBot - DEBUG - No new updates found.
2025-06-19 23:03:18,811 - telegram.ext.ExtBot - DEBUG - ()
2025-06-19 23:03:18,811 - telegram.ext.ExtBot - DEBUG - Exiting: get_updates
2025-06-19 23:03:18,813 - telegram.ext.ExtBot - DEBUG - Entering: get_updates
2025-06-19 23:03:18,815 - httpcore.http11 - DEBUG - send_request_headers.started request=<Request [b'POST']>
2025-06-19 23:03:18,815 - httpcore.http11 - DEBUG - send_request_headers.complete
2025-06-19 23:03:18,817 - httpcore.http11 - DEBUG - send_request_body.started request=<Request [b'POST']>
2025-06-19 23:03:18,817 - httpcore.http11 - DEBUG - send_request_body.complete
2025-06-19 23:03:18,817 - httpcore.http11 - DEBUG - receive_response_headers.started request=<Request [b'POST']>
2025-06-19 23:03:28,911 - httpcore.http11 - DEBUG - receive_response_headers.complete return_value=(b'HTTP/1.1', 200, b'OK', [(b'Server', b'nginx/1.18.0'), (b'Date', b'Thu, 19 Jun 2025 22:03:28 GMT'), (b'Content-Type', b'application/json'), (b'Content-Length', b'23'), (b'Connection', b'keep-alive'), (b'Strict-Transport-Security', b'max-age=31536000; includeSubDomains; preload'), (b'Access-Control-Allow-Origin', b'*'), (b'Access-Control-Allow-Methods', b'GET, POST, OPTIONS'), (b'Access-Control-Expose-Headers', b'Content-Length,Content-Type,Date,Server,Connection')])
2025-06-19 23:03:28,913 - httpx - INFO - HTTP Request: POST https://api.telegram.org/bot7707158318:AAE8rWa4Q8Z_3avql6K0HAmXaooZAReoNF0/getUpdates "HTTP/1.1 200 OK"
2025-06-19 23:03:28,913 - httpcore.http11 - DEBUG - receive_response_body.started request=<Request [b'POST']>
2025-06-19 23:03:28,915 - httpcore.http11 - DEBUG - receive_response_body.complete
2025-06-19 23:03:28,915 - httpcore.http11 - DEBUG - response_closed.started
2025-06-19 23:03:28,915 - httpcore.http11 - DEBUG - response_closed.complete
2025-06-19 23:03:28,915 - telegram.ext.ExtBot - DEBUG - No new updates found.
2025-06-19 23:03:28,915 - telegram.ext.ExtBot - DEBUG - ()
2025-06-19 23:03:28,915 - telegram.ext.ExtBot - DEBUG - Exiting: get_updates
2025-06-19 23:03:28,915 - telegram.ext.ExtBot - DEBUG - Entering: get_updates
2025-06-19 23:03:28,917 - httpcore.http11 - DEBUG - send_request_headers.started request=<Request [b'POST']>
2025-06-19 23:03:28,919 - httpcore.http11 - DEBUG - send_request_headers.complete
2025-06-19 23:03:28,919 - httpcore.http11 - DEBUG - send_request_body.started request=<Request [b'POST']>
2025-06-19 23:03:28,919 - httpcore.http11 - DEBUG - send_request_body.complete
2025-06-19 23:03:28,919 - httpcore.http11 - DEBUG - receive_response_headers.started request=<Request [b'POST']>
2025-06-19 23:03:39,083 - httpcore.http11 - DEBUG - receive_response_headers.complete return_value=(b'HTTP/1.1', 200, b'OK', [(b'Server', b'nginx/1.18.0'), (b'Date', b'Thu, 19 Jun 2025 22:03:39 GMT'), (b'Content-Type', b'application/json'), (b'Content-Length', b'23'), (b'Connection', b'keep-alive'), (b'Strict-Transport-Security', b'max-age=31536000; includeSubDomains; preload'), (b'Access-Control-Allow-Origin', b'*'), (b'Access-Control-Allow-Methods', b'GET, POST, OPTIONS'), (b'Access-Control-Expose-Headers', b'Content-Length,Content-Type,Date,Server,Connection')])
2025-06-19 23:03:39,086 - httpx - INFO - HTTP Request: POST https://api.telegram.org/bot7707158318:AAE8rWa4Q8Z_3avql6K0HAmXaooZAReoNF0/getUpdates "HTTP/1.1 200 OK"
2025-06-19 23:03:39,087 - httpcore.http11 - DEBUG - receive_response_body.started request=<Request [b'POST']>
2025-06-19 23:03:39,087 - httpcore.http11 - DEBUG - receive_response_body.complete
2025-06-19 23:03:39,087 - httpcore.http11 - DEBUG - response_closed.started
2025-06-19 23:03:39,089 - httpcore.http11 - DEBUG - response_closed.complete
2025-06-19 23:03:39,089 - telegram.ext.ExtBot - DEBUG - No new updates found.
2025-06-19 23:03:39,089 - telegram.ext.ExtBot - DEBUG - ()
2025-06-19 23:03:39,089 - telegram.ext.ExtBot - DEBUG - Exiting: get_updates
2025-06-19 23:03:39,089 - telegram.ext.ExtBot - DEBUG - Entering: get_updates
2025-06-19 23:03:39,092 - httpcore.http11 - DEBUG - send_request_headers.started request=<Request [b'POST']>
2025-06-19 23:03:39,092 - httpcore.http11 - DEBUG - send_request_headers.complete
2025-06-19 23:03:39,092 - httpcore.http11 - DEBUG - send_request_body.started request=<Request [b'POST']>
2025-06-19 23:03:39,094 - httpcore.http11 - DEBUG - send_request_body.complete
2025-06-19 23:03:39,094 - httpcore.http11 - DEBUG - receive_response_headers.started request=<Request [b'POST']>
2025-06-19 23:03:49,322 - httpcore.http11 - DEBUG - receive_response_headers.complete return_value=(b'HTTP/1.1', 200, b'OK', [(b'Server', b'nginx/1.18.0'), (b'Date', b'Thu, 19 Jun 2025 22:03:49 GMT'), (b'Content-Type', b'application/json'), (b'Content-Length', b'23'), (b'Connection', b'keep-alive'), (b'Strict-Transport-Security', b'max-age=31536000; includeSubDomains; preload'), (b'Access-Control-Allow-Origin', b'*'), (b'Access-Control-Allow-Methods', b'GET, POST, OPTIONS'), (b'Access-Control-Expose-Headers', b'Content-Length,Content-Type,Date,Server,Connection')])
2025-06-19 23:03:49,322 - httpx - INFO - HTTP Request: POST https://api.telegram.org/bot7707158318:AAE8rWa4Q8Z_3avql6K0HAmXaooZAReoNF0/getUpdates "HTTP/1.1 200 OK"
2025-06-19 23:03:49,324 - httpcore.http11 - DEBUG - receive_response_body.started request=<Request [b'POST']>
2025-06-19 23:03:49,325 - httpcore.http11 - DEBUG - receive_response_body.complete
2025-06-19 23:03:49,325 - httpcore.http11 - DEBUG - response_closed.started
2025-06-19 23:03:49,326 - httpcore.http11 - DEBUG - response_closed.complete
2025-06-19 23:03:49,326 - telegram.ext.ExtBot - DEBUG - No new updates found.
2025-06-19 23:03:49,326 - telegram.ext.ExtBot - DEBUG - ()
2025-06-19 23:03:49,327 - telegram.ext.ExtBot - DEBUG - Exiting: get_updates
2025-06-19 23:03:49,327 - telegram.ext.ExtBot - DEBUG - Entering: get_updates
2025-06-19 23:03:49,328 - httpcore.http11 - DEBUG - send_request_headers.started request=<Request [b'POST']>
2025-06-19 23:03:49,330 - httpcore.http11 - DEBUG - send_request_headers.complete
2025-06-19 23:03:49,330 - httpcore.http11 - DEBUG - send_request_body.started request=<Request [b'POST']>
2025-06-19 23:03:49,332 - httpcore.http11 - DEBUG - send_request_body.complete
2025-06-19 23:03:49,332 - httpcore.http11 - DEBUG - receive_response_headers.started request=<Request [b'POST']>
2025-06-19 23:03:59,561 - httpcore.http11 - DEBUG - receive_response_headers.complete return_value=(b'HTTP/1.1', 200, b'OK', [(b'Server', b'nginx/1.18.0'), (b'Date', b'Thu, 19 Jun 2025 22:03:59 GMT'), (b'Content-Type', b'application/json'), (b'Content-Length', b'23'), (b'Connection', b'keep-alive'), (b'Strict-Transport-Security', b'max-age=31536000; includeSubDomains; preload'), (b'Access-Control-Allow-Origin', b'*'), (b'Access-Control-Allow-Methods', b'GET, POST, OPTIONS'), (b'Access-Control-Expose-Headers', b'Content-Length,Content-Type,Date,Server,Connection')])
2025-06-19 23:03:59,561 - httpx - INFO - HTTP Request: POST https://api.telegram.org/bot7707158318:AAE8rWa4Q8Z_3avql6K0HAmXaooZAReoNF0/getUpdates "HTTP/1.1 200 OK"
2025-06-19 23:03:59,563 - httpcore.http11 - DEBUG - receive_response_body.started request=<Request [b'POST']>
2025-06-19 23:03:59,563 - httpcore.http11 - DEBUG - receive_response_body.complete
2025-06-19 23:03:59,563 - httpcore.http11 - DEBUG - response_closed.started
2025-06-19 23:03:59,565 - httpcore.http11 - DEBUG - response_closed.complete
2025-06-19 23:03:59,565 - telegram.ext.ExtBot - DEBUG - No new updates found.
2025-06-19 23:03:59,565 - telegram.ext.ExtBot - DEBUG - ()
2025-06-19 23:03:59,565 - telegram.ext.ExtBot - DEBUG - Exiting: get_updates
2025-06-19 23:03:59,565 - telegram.ext.ExtBot - DEBUG - Entering: get_updates
2025-06-19 23:03:59,568 - httpcore.http11 - DEBUG - send_request_headers.started request=<Request [b'POST']>
2025-06-19 23:03:59,568 - httpcore.http11 - DEBUG - send_request_headers.complete
2025-06-19 23:03:59,570 - httpcore.http11 - DEBUG - send_request_body.started request=<Request [b'POST']>
2025-06-19 23:03:59,570 - httpcore.http11 - DEBUG - send_request_body.complete
2025-06-19 23:03:59,570 - httpcore.http11 - DEBUG - receive_response_headers.started request=<Request [b'POST']>
2025-06-19 23:04:09,699 - httpcore.http11 - DEBUG - receive_response_headers.complete return_value=(b'HTTP/1.1', 200, b'OK', [(b'Server', b'nginx/1.18.0'), (b'Date', b'Thu, 19 Jun 2025 22:04:09 GMT'), (b'Content-Type', b'application/json'), (b'Content-Length', b'23'), (b'Connection', b'keep-alive'), (b'Strict-Transport-Security', b'max-age=31536000; includeSubDomains; preload'), (b'Access-Control-Allow-Origin', b'*'), (b'Access-Control-Allow-Methods', b'GET, POST, OPTIONS'), (b'Access-Control-Expose-Headers', b'Content-Length,Content-Type,Date,Server,Connection')])
2025-06-19 23:04:09,699 - httpx - INFO - HTTP Request: POST https://api.telegram.org/bot7707158318:AAE8rWa4Q8Z_3avql6K0HAmXaooZAReoNF0/getUpdates "HTTP/1.1 200 OK"
2025-06-19 23:04:09,701 - httpcore.http11 - DEBUG - receive_response_body.started request=<Request [b'POST']>
2025-06-19 23:04:09,701 - httpcore.http11 - DEBUG - receive_response_body.complete
2025-06-19 23:04:09,701 - httpcore.http11 - DEBUG - response_closed.started
2025-06-19 23:04:09,701 - httpcore.http11 - DEBUG - response_closed.complete
2025-06-19 23:04:09,701 - telegram.ext.ExtBot - DEBUG - No new updates found.
2025-06-19 23:04:09,701 - telegram.ext.ExtBot - DEBUG - ()
2025-06-19 23:04:09,701 - telegram.ext.ExtBot - DEBUG - Exiting: get_updates
2025-06-19 23:04:09,701 - telegram.ext.ExtBot - DEBUG - Entering: get_updates
2025-06-19 23:04:09,710 - httpcore.http11 - DEBUG - send_request_headers.started request=<Request [b'POST']>
2025-06-19 23:04:09,711 - httpcore.http11 - DEBUG - send_request_headers.complete
2025-06-19 23:04:09,712 - httpcore.http11 - DEBUG - send_request_body.started request=<Request [b'POST']>
2025-06-19 23:04:09,712 - httpcore.http11 - DEBUG - send_request_body.complete
2025-06-19 23:04:09,712 - httpcore.http11 - DEBUG - receive_response_headers.started request=<Request [b'POST']>
2025-06-19 23:04:19,838 - httpcore.http11 - DEBUG - receive_response_headers.complete return_value=(b'HTTP/1.1', 200, b'OK', [(b'Server', b'nginx/1.18.0'), (b'Date', b'Thu, 19 Jun 2025 22:04:19 GMT'), (b'Content-Type', b'application/json'), (b'Content-Length', b'23'), (b'Connection', b'keep-alive'), (b'Strict-Transport-Security', b'max-age=31536000; includeSubDomains; preload'), (b'Access-Control-Allow-Origin', b'*'), (b'Access-Control-Allow-Methods', b'GET, POST, OPTIONS'), (b'Access-Control-Expose-Headers', b'Content-Length,Content-Type,Date,Server,Connection')])
2025-06-19 23:04:19,839 - httpx - INFO - HTTP Request: POST https://api.telegram.org/bot7707158318:AAE8rWa4Q8Z_3avql6K0HAmXaooZAReoNF0/getUpdates "HTTP/1.1 200 OK"
2025-06-19 23:04:19,841 - httpcore.http11 - DEBUG - receive_response_body.started request=<Request [b'POST']>
2025-06-19 23:04:19,841 - httpcore.http11 - DEBUG - receive_response_body.complete
2025-06-19 23:04:19,841 - httpcore.http11 - DEBUG - response_closed.started
2025-06-19 23:04:19,841 - httpcore.http11 - DEBUG - response_closed.complete
2025-06-19 23:04:19,841 - telegram.ext.ExtBot - DEBUG - No new updates found.
2025-06-19 23:04:19,843 - telegram.ext.ExtBot - DEBUG - ()
2025-06-19 23:04:19,843 - telegram.ext.ExtBot - DEBUG - Exiting: get_updates
2025-06-19 23:04:19,843 - telegram.ext.ExtBot - DEBUG - Entering: get_updates
2025-06-19 23:04:19,845 - httpcore.http11 - DEBUG - send_request_headers.started request=<Request [b'POST']>
2025-06-19 23:04:19,845 - httpcore.http11 - DEBUG - send_request_headers.complete
2025-06-19 23:04:19,845 - httpcore.http11 - DEBUG - send_request_body.started request=<Request [b'POST']>
2025-06-19 23:04:19,845 - httpcore.http11 - DEBUG - send_request_body.complete
2025-06-19 23:04:19,845 - httpcore.http11 - DEBUG - receive_response_headers.started request=<Request [b'POST']>
2025-06-19 23:04:29,991 - httpcore.http11 - DEBUG - receive_response_headers.complete return_value=(b'HTTP/1.1', 200, b'OK', [(b'Server', b'nginx/1.18.0'), (b'Date', b'Thu, 19 Jun 2025 22:04:29 GMT'), (b'Content-Type', b'application/json'), (b'Content-Length', b'23'), (b'Connection', b'keep-alive'), (b'Strict-Transport-Security', b'max-age=31536000; includeSubDomains; preload'), (b'Access-Control-Allow-Origin', b'*'), (b'Access-Control-Allow-Methods', b'GET, POST, OPTIONS'), (b'Access-Control-Expose-Headers', b'Content-Length,Content-Type,Date,Server,Connection')])
2025-06-19 23:04:29,992 - httpx - INFO - HTTP Request: POST https://api.telegram.org/bot7707158318:AAE8rWa4Q8Z_3avql6K0HAmXaooZAReoNF0/getUpdates "HTTP/1.1 200 OK"
2025-06-19 23:04:29,994 - httpcore.http11 - DEBUG - receive_response_body.started request=<Request [b'POST']>
2025-06-19 23:04:29,995 - httpcore.http11 - DEBUG - receive_response_body.complete
2025-06-19 23:04:29,996 - httpcore.http11 - DEBUG - response_closed.started
2025-06-19 23:04:29,996 - httpcore.http11 - DEBUG - response_closed.complete
2025-06-19 23:04:29,997 - telegram.ext.ExtBot - DEBUG - No new updates found.
2025-06-19 23:04:29,997 - telegram.ext.ExtBot - DEBUG - ()
2025-06-19 23:04:29,997 - telegram.ext.ExtBot - DEBUG - Exiting: get_updates
2025-06-19 23:04:29,997 - telegram.ext.ExtBot - DEBUG - Entering: get_updates
2025-06-19 23:04:30,003 - httpcore.http11 - DEBUG - send_request_headers.started request=<Request [b'POST']>
2025-06-19 23:04:30,003 - httpcore.http11 - DEBUG - send_request_headers.complete
2025-06-19 23:04:30,003 - httpcore.http11 - DEBUG - send_request_body.started request=<Request [b'POST']>
2025-06-19 23:04:30,005 - httpcore.http11 - DEBUG - send_request_body.complete
2025-06-19 23:04:30,005 - httpcore.http11 - DEBUG - receive_response_headers.started request=<Request [b'POST']>
2025-06-19 23:04:40,112 - httpcore.http11 - DEBUG - receive_response_headers.complete return_value=(b'HTTP/1.1', 200, b'OK', [(b'Server', b'nginx/1.18.0'), (b'Date', b'Thu, 19 Jun 2025 22:04:40 GMT'), (b'Content-Type', b'application/json'), (b'Content-Length', b'23'), (b'Connection', b'keep-alive'), (b'Strict-Transport-Security', b'max-age=31536000; includeSubDomains; preload'), (b'Access-Control-Allow-Origin', b'*'), (b'Access-Control-Allow-Methods', b'GET, POST, OPTIONS'), (b'Access-Control-Expose-Headers', b'Content-Length,Content-Type,Date,Server,Connection')])
2025-06-19 23:04:40,114 - httpx - INFO - HTTP Request: POST https://api.telegram.org/bot7707158318:AAE8rWa4Q8Z_3avql6K0HAmXaooZAReoNF0/getUpdates "HTTP/1.1 200 OK"
2025-06-19 23:04:40,117 - httpcore.http11 - DEBUG - receive_response_body.started request=<Request [b'POST']>
2025-06-19 23:04:40,118 - httpcore.http11 - DEBUG - receive_response_body.complete
2025-06-19 23:04:40,118 - httpcore.http11 - DEBUG - response_closed.started
2025-06-19 23:04:40,118 - httpcore.http11 - DEBUG - response_closed.complete
2025-06-19 23:04:40,119 - telegram.ext.ExtBot - DEBUG - No new updates found.
2025-06-19 23:04:40,120 - telegram.ext.ExtBot - DEBUG - ()
2025-06-19 23:04:40,120 - telegram.ext.ExtBot - DEBUG - Exiting: get_updates
2025-06-19 23:04:40,120 - telegram.ext.ExtBot - DEBUG - Entering: get_updates
2025-06-19 23:04:40,122 - httpcore.http11 - DEBUG - send_request_headers.started request=<Request [b'POST']>
2025-06-19 23:04:40,122 - httpcore.http11 - DEBUG - send_request_headers.complete
2025-06-19 23:04:40,122 - httpcore.http11 - DEBUG - send_request_body.started request=<Request [b'POST']>
2025-06-19 23:04:40,122 - httpcore.http11 - DEBUG - send_request_body.complete
2025-06-19 23:04:40,122 - httpcore.http11 - DEBUG - receive_response_headers.started request=<Request [b'POST']>
2025-06-19 23:04:50,355 - httpcore.http11 - DEBUG - receive_response_headers.complete return_value=(b'HTTP/1.1', 200, b'OK', [(b'Server', b'nginx/1.18.0'), (b'Date', b'Thu, 19 Jun 2025 22:04:50 GMT'), (b'Content-Type', b'application/json'), (b'Content-Length', b'23'), (b'Connection', b'keep-alive'), (b'Strict-Transport-Security', b'max-age=31536000; includeSubDomains; preload'), (b'Access-Control-Allow-Origin', b'*'), (b'Access-Control-Allow-Methods', b'GET, POST, OPTIONS'), (b'Access-Control-Expose-Headers', b'Content-Length,Content-Type,Date,Server,Connection')])
2025-06-19 23:04:50,355 - httpx - INFO - HTTP Request: POST https://api.telegram.org/bot7707158318:AAE8rWa4Q8Z_3avql6K0HAmXaooZAReoNF0/getUpdates "HTTP/1.1 200 OK"
2025-06-19 23:04:50,358 - httpcore.http11 - DEBUG - receive_response_body.started request=<Request [b'POST']>
2025-06-19 23:04:50,358 - httpcore.http11 - DEBUG - receive_response_body.complete
2025-06-19 23:04:50,360 - httpcore.http11 - DEBUG - response_closed.started
2025-06-19 23:04:50,360 - httpcore.http11 - DEBUG - response_closed.complete
2025-06-19 23:04:50,360 - telegram.ext.ExtBot - DEBUG - No new updates found.
2025-06-19 23:04:50,360 - telegram.ext.ExtBot - DEBUG - ()
2025-06-19 23:04:50,360 - telegram.ext.ExtBot - DEBUG - Exiting: get_updates
2025-06-19 23:04:50,360 - telegram.ext.ExtBot - DEBUG - Entering: get_updates
2025-06-19 23:04:50,362 - httpcore.http11 - DEBUG - send_request_headers.started request=<Request [b'POST']>
2025-06-19 23:04:50,364 - httpcore.http11 - DEBUG - send_request_headers.complete
2025-06-19 23:04:50,364 - httpcore.http11 - DEBUG - send_request_body.started request=<Request [b'POST']>
2025-06-19 23:04:50,364 - httpcore.http11 - DEBUG - send_request_body.complete
2025-06-19 23:04:50,366 - httpcore.http11 - DEBUG - receive_response_headers.started request=<Request [b'POST']>
2025-06-19 23:05:01,628 - httpcore.http11 - DEBUG - receive_response_headers.complete return_value=(b'HTTP/1.1', 200, b'OK', [(b'Server', b'nginx/1.18.0'), (b'Date', b'Thu, 19 Jun 2025 22:05:00 GMT'), (b'Content-Type', b'application/json'), (b'Content-Length', b'23'), (b'Connection', b'keep-alive'), (b'Strict-Transport-Security', b'max-age=31536000; includeSubDomains; preload'), (b'Access-Control-Allow-Origin', b'*'), (b'Access-Control-Allow-Methods', b'GET, POST, OPTIONS'), (b'Access-Control-Expose-Headers', b'Content-Length,Content-Type,Date,Server,Connection')])
2025-06-19 23:05:01,628 - httpx - INFO - HTTP Request: POST https://api.telegram.org/bot7707158318:AAE8rWa4Q8Z_3avql6K0HAmXaooZAReoNF0/getUpdates "HTTP/1.1 200 OK"
2025-06-19 23:05:01,628 - httpcore.http11 - DEBUG - receive_response_body.started request=<Request [b'POST']>
2025-06-19 23:05:01,628 - httpcore.http11 - DEBUG - receive_response_body.complete
2025-06-19 23:05:01,628 - httpcore.http11 - DEBUG - response_closed.started
2025-06-19 23:05:01,633 - httpcore.http11 - DEBUG - response_closed.complete
2025-06-19 23:05:01,633 - telegram.ext.ExtBot - DEBUG - No new updates found.
2025-06-19 23:05:01,635 - telegram.ext.ExtBot - DEBUG - ()
2025-06-19 23:05:01,635 - telegram.ext.ExtBot - DEBUG - Exiting: get_updates
2025-06-19 23:05:01,635 - telegram.ext.ExtBot - DEBUG - Entering: get_updates
2025-06-19 23:05:01,638 - httpcore.http11 - DEBUG - send_request_headers.started request=<Request [b'POST']>
2025-06-19 23:05:01,639 - httpcore.http11 - DEBUG - send_request_headers.complete
2025-06-19 23:05:01,639 - httpcore.http11 - DEBUG - send_request_body.started request=<Request [b'POST']>
2025-06-19 23:05:01,641 - httpcore.http11 - DEBUG - send_request_body.complete
2025-06-19 23:05:01,641 - httpcore.http11 - DEBUG - receive_response_headers.started request=<Request [b'POST']>
2025-06-19 23:05:11,858 - httpcore.http11 - DEBUG - receive_response_headers.complete return_value=(b'HTTP/1.1', 200, b'OK', [(b'Server', b'nginx/1.18.0'), (b'Date', b'Thu, 19 Jun 2025 22:05:11 GMT'), (b'Content-Type', b'application/json'), (b'Content-Length', b'23'), (b'Connection', b'keep-alive'), (b'Strict-Transport-Security', b'max-age=31536000; includeSubDomains; preload'), (b'Access-Control-Allow-Origin', b'*'), (b'Access-Control-Allow-Methods', b'GET, POST, OPTIONS'), (b'Access-Control-Expose-Headers', b'Content-Length,Content-Type,Date,Server,Connection')])
2025-06-19 23:05:11,860 - httpx - INFO - HTTP Request: POST https://api.telegram.org/bot7707158318:AAE8rWa4Q8Z_3avql6K0HAmXaooZAReoNF0/getUpdates "HTTP/1.1 200 OK"
2025-06-19 23:05:11,861 - httpcore.http11 - DEBUG - receive_response_body.started request=<Request [b'POST']>
2025-06-19 23:05:11,862 - httpcore.http11 - DEBUG - receive_response_body.complete
2025-06-19 23:05:11,862 - httpcore.http11 - DEBUG - response_closed.started
2025-06-19 23:05:11,862 - httpcore.http11 - DEBUG - response_closed.complete
2025-06-19 23:05:11,864 - telegram.ext.ExtBot - DEBUG - No new updates found.
2025-06-19 23:05:11,865 - telegram.ext.ExtBot - DEBUG - ()
2025-06-19 23:05:11,865 - telegram.ext.ExtBot - DEBUG - Exiting: get_updates
2025-06-19 23:05:11,865 - telegram.ext.ExtBot - DEBUG - Entering: get_updates
2025-06-19 23:05:11,868 - httpcore.http11 - DEBUG - send_request_headers.started request=<Request [b'POST']>
2025-06-19 23:05:11,871 - httpcore.http11 - DEBUG - send_request_headers.complete
2025-06-19 23:05:11,872 - httpcore.http11 - DEBUG - send_request_body.started request=<Request [b'POST']>
2025-06-19 23:05:11,872 - httpcore.http11 - DEBUG - send_request_body.complete
2025-06-19 23:05:11,872 - httpcore.http11 - DEBUG - receive_response_headers.started request=<Request [b'POST']>
2025-06-19 23:05:22,098 - httpcore.http11 - DEBUG - receive_response_headers.complete return_value=(b'HTTP/1.1', 200, b'OK', [(b'Server', b'nginx/1.18.0'), (b'Date', b'Thu, 19 Jun 2025 22:05:21 GMT'), (b'Content-Type', b'application/json'), (b'Content-Length', b'23'), (b'Connection', b'keep-alive'), (b'Strict-Transport-Security', b'max-age=31536000; includeSubDomains; preload'), (b'Access-Control-Allow-Origin', b'*'), (b'Access-Control-Allow-Methods', b'GET, POST, OPTIONS'), (b'Access-Control-Expose-Headers', b'Content-Length,Content-Type,Date,Server,Connection')])
2025-06-19 23:05:22,100 - httpx - INFO - HTTP Request: POST https://api.telegram.org/bot7707158318:AAE8rWa4Q8Z_3avql6K0HAmXaooZAReoNF0/getUpdates "HTTP/1.1 200 OK"
2025-06-19 23:05:22,103 - httpcore.http11 - DEBUG - receive_response_body.started request=<Request [b'POST']>
2025-06-19 23:05:22,103 - httpcore.http11 - DEBUG - receive_response_body.complete
2025-06-19 23:05:22,103 - httpcore.http11 - DEBUG - response_closed.started
2025-06-19 23:05:22,105 - httpcore.http11 - DEBUG - response_closed.complete
2025-06-19 23:05:22,105 - telegram.ext.ExtBot - DEBUG - No new updates found.
2025-06-19 23:05:22,105 - telegram.ext.ExtBot - DEBUG - ()
2025-06-19 23:05:22,107 - telegram.ext.ExtBot - DEBUG - Exiting: get_updates
2025-06-19 23:05:22,107 - telegram.ext.ExtBot - DEBUG - Entering: get_updates
2025-06-19 23:05:22,110 - httpcore.http11 - DEBUG - send_request_headers.started request=<Request [b'POST']>
2025-06-19 23:05:22,115 - httpcore.http11 - DEBUG - send_request_headers.complete
2025-06-19 23:05:22,116 - httpcore.http11 - DEBUG - send_request_body.started request=<Request [b'POST']>
2025-06-19 23:05:22,119 - httpcore.http11 - DEBUG - send_request_body.complete
2025-06-19 23:05:22,120 - httpcore.http11 - DEBUG - receive_response_headers.started request=<Request [b'POST']>
2025-06-19 23:05:32,236 - httpcore.http11 - DEBUG - receive_response_headers.complete return_value=(b'HTTP/1.1', 200, b'OK', [(b'Server', b'nginx/1.18.0'), (b'Date', b'Thu, 19 Jun 2025 22:05:32 GMT'), (b'Content-Type', b'application/json'), (b'Content-Length', b'23'), (b'Connection', b'keep-alive'), (b'Strict-Transport-Security', b'max-age=31536000; includeSubDomains; preload'), (b'Access-Control-Allow-Origin', b'*'), (b'Access-Control-Allow-Methods', b'GET, POST, OPTIONS'), (b'Access-Control-Expose-Headers', b'Content-Length,Content-Type,Date,Server,Connection')])
2025-06-19 23:05:32,236 - httpx - INFO - HTTP Request: POST https://api.telegram.org/bot7707158318:AAE8rWa4Q8Z_3avql6K0HAmXaooZAReoNF0/getUpdates "HTTP/1.1 200 OK"
2025-06-19 23:05:32,236 - httpcore.http11 - DEBUG - receive_response_body.started request=<Request [b'POST']>
2025-06-19 23:05:32,236 - httpcore.http11 - DEBUG - receive_response_body.complete
2025-06-19 23:05:32,236 - httpcore.http11 - DEBUG - response_closed.started
2025-06-19 23:05:32,236 - httpcore.http11 - DEBUG - response_closed.complete
2025-06-19 23:05:32,236 - telegram.ext.ExtBot - DEBUG - No new updates found.
2025-06-19 23:05:32,236 - telegram.ext.ExtBot - DEBUG - ()
2025-06-19 23:05:32,236 - telegram.ext.ExtBot - DEBUG - Exiting: get_updates
2025-06-19 23:05:32,236 - telegram.ext.ExtBot - DEBUG - Entering: get_updates
2025-06-19 23:05:32,236 - httpcore.http11 - DEBUG - send_request_headers.started request=<Request [b'POST']>
2025-06-19 23:05:32,247 - httpcore.http11 - DEBUG - send_request_headers.complete
2025-06-19 23:05:32,247 - httpcore.http11 - DEBUG - send_request_body.started request=<Request [b'POST']>
2025-06-19 23:05:32,247 - httpcore.http11 - DEBUG - send_request_body.complete
2025-06-19 23:05:32,249 - httpcore.http11 - DEBUG - receive_response_headers.started request=<Request [b'POST']>
2025-06-19 23:05:42,374 - httpcore.http11 - DEBUG - receive_response_headers.complete return_value=(b'HTTP/1.1', 200, b'OK', [(b'Server', b'nginx/1.18.0'), (b'Date', b'Thu, 19 Jun 2025 22:05:42 GMT'), (b'Content-Type', b'application/json'), (b'Content-Length', b'23'), (b'Connection', b'keep-alive'), (b'Strict-Transport-Security', b'max-age=31536000; includeSubDomains; preload'), (b'Access-Control-Allow-Origin', b'*'), (b'Access-Control-Allow-Methods', b'GET, POST, OPTIONS'), (b'Access-Control-Expose-Headers', b'Content-Length,Content-Type,Date,Server,Connection')])
2025-06-19 23:05:42,375 - httpx - INFO - HTTP Request: POST https://api.telegram.org/bot7707158318:AAE8rWa4Q8Z_3avql6K0HAmXaooZAReoNF0/getUpdates "HTTP/1.1 200 OK"
2025-06-19 23:05:42,377 - httpcore.http11 - DEBUG - receive_response_body.started request=<Request [b'POST']>
2025-06-19 23:05:42,378 - httpcore.http11 - DEBUG - receive_response_body.complete
2025-06-19 23:05:42,378 - httpcore.http11 - DEBUG - response_closed.started
2025-06-19 23:05:42,378 - httpcore.http11 - DEBUG - response_closed.complete
2025-06-19 23:05:42,379 - telegram.ext.ExtBot - DEBUG - No new updates found.
2025-06-19 23:05:42,380 - telegram.ext.ExtBot - DEBUG - ()
2025-06-19 23:05:42,380 - telegram.ext.ExtBot - DEBUG - Exiting: get_updates
2025-06-19 23:05:42,380 - telegram.ext.ExtBot - DEBUG - Entering: get_updates
2025-06-19 23:05:42,383 - httpcore.http11 - DEBUG - send_request_headers.started request=<Request [b'POST']>
2025-06-19 23:05:42,384 - httpcore.http11 - DEBUG - send_request_headers.complete
2025-06-19 23:05:42,384 - httpcore.http11 - DEBUG - send_request_body.started request=<Request [b'POST']>
2025-06-19 23:05:42,385 - httpcore.http11 - DEBUG - send_request_body.complete
2025-06-19 23:05:42,385 - httpcore.http11 - DEBUG - receive_response_headers.started request=<Request [b'POST']>
2025-06-19 23:05:52,511 - httpcore.http11 - DEBUG - receive_response_headers.complete return_value=(b'HTTP/1.1', 200, b'OK', [(b'Server', b'nginx/1.18.0'), (b'Date', b'Thu, 19 Jun 2025 22:05:52 GMT'), (b'Content-Type', b'application/json'), (b'Content-Length', b'23'), (b'Connection', b'keep-alive'), (b'Strict-Transport-Security', b'max-age=31536000; includeSubDomains; preload'), (b'Access-Control-Allow-Origin', b'*'), (b'Access-Control-Allow-Methods', b'GET, POST, OPTIONS'), (b'Access-Control-Expose-Headers', b'Content-Length,Content-Type,Date,Server,Connection')])
2025-06-19 23:05:52,513 - httpx - INFO - HTTP Request: POST https://api.telegram.org/bot7707158318:AAE8rWa4Q8Z_3avql6K0HAmXaooZAReoNF0/getUpdates "HTTP/1.1 200 OK"
2025-06-19 23:05:52,515 - httpcore.http11 - DEBUG - receive_response_body.started request=<Request [b'POST']>
2025-06-19 23:05:52,516 - httpcore.http11 - DEBUG - receive_response_body.complete
2025-06-19 23:05:52,516 - httpcore.http11 - DEBUG - response_closed.started
2025-06-19 23:05:52,518 - httpcore.http11 - DEBUG - response_closed.complete
2025-06-19 23:05:52,519 - telegram.ext.ExtBot - DEBUG - No new updates found.
2025-06-19 23:05:52,519 - telegram.ext.ExtBot - DEBUG - ()
2025-06-19 23:05:52,519 - telegram.ext.ExtBot - DEBUG - Exiting: get_updates
2025-06-19 23:05:52,519 - telegram.ext.ExtBot - DEBUG - Entering: get_updates
2025-06-19 23:05:52,521 - httpcore.http11 - DEBUG - send_request_headers.started request=<Request [b'POST']>
2025-06-19 23:05:52,523 - httpcore.http11 - DEBUG - send_request_headers.complete
2025-06-19 23:05:52,523 - httpcore.http11 - DEBUG - send_request_body.started request=<Request [b'POST']>
2025-06-19 23:05:52,525 - httpcore.http11 - DEBUG - send_request_body.complete
2025-06-19 23:05:52,525 - httpcore.http11 - DEBUG - receive_response_headers.started request=<Request [b'POST']>
2025-06-19 23:06:02,851 - httpcore.http11 - DEBUG - receive_response_headers.complete return_value=(b'HTTP/1.1', 200, b'OK', [(b'Server', b'nginx/1.18.0'), (b'Date', b'Thu, 19 Jun 2025 22:06:02 GMT'), (b'Content-Type', b'application/json'), (b'Content-Length', b'23'), (b'Connection', b'keep-alive'), (b'Strict-Transport-Security', b'max-age=31536000; includeSubDomains; preload'), (b'Access-Control-Allow-Origin', b'*'), (b'Access-Control-Allow-Methods', b'GET, POST, OPTIONS'), (b'Access-Control-Expose-Headers', b'Content-Length,Content-Type,Date,Server,Connection')])
2025-06-19 23:06:02,853 - httpx - INFO - HTTP Request: POST https://api.telegram.org/bot7707158318:AAE8rWa4Q8Z_3avql6K0HAmXaooZAReoNF0/getUpdates "HTTP/1.1 200 OK"
2025-06-19 23:06:02,854 - httpcore.http11 - DEBUG - receive_response_body.started request=<Request [b'POST']>
2025-06-19 23:06:02,855 - httpcore.http11 - DEBUG - receive_response_body.complete
2025-06-19 23:06:02,855 - httpcore.http11 - DEBUG - response_closed.started
2025-06-19 23:06:02,856 - httpcore.http11 - DEBUG - response_closed.complete
2025-06-19 23:06:02,857 - telegram.ext.ExtBot - DEBUG - No new updates found.
2025-06-19 23:06:02,858 - telegram.ext.ExtBot - DEBUG - ()
2025-06-19 23:06:02,858 - telegram.ext.ExtBot - DEBUG - Exiting: get_updates
2025-06-19 23:06:02,858 - telegram.ext.ExtBot - DEBUG - Entering: get_updates
2025-06-19 23:06:02,860 - httpcore.http11 - DEBUG - send_request_headers.started request=<Request [b'POST']>
2025-06-19 23:06:02,863 - httpcore.http11 - DEBUG - send_request_headers.complete
2025-06-19 23:06:02,863 - httpcore.http11 - DEBUG - send_request_body.started request=<Request [b'POST']>
2025-06-19 23:06:02,865 - httpcore.http11 - DEBUG - send_request_body.complete
2025-06-19 23:06:02,865 - httpcore.http11 - DEBUG - receive_response_headers.started request=<Request [b'POST']>
2025-06-19 23:06:13,090 - httpcore.http11 - DEBUG - receive_response_headers.complete return_value=(b'HTTP/1.1', 200, b'OK', [(b'Server', b'nginx/1.18.0'), (b'Date', b'Thu, 19 Jun 2025 22:06:12 GMT'), (b'Content-Type', b'application/json'), (b'Content-Length', b'23'), (b'Connection', b'keep-alive'), (b'Strict-Transport-Security', b'max-age=31536000; includeSubDomains; preload'), (b'Access-Control-Allow-Origin', b'*'), (b'Access-Control-Allow-Methods', b'GET, POST, OPTIONS'), (b'Access-Control-Expose-Headers', b'Content-Length,Content-Type,Date,Server,Connection')])
2025-06-19 23:06:13,090 - httpx - INFO - HTTP Request: POST https://api.telegram.org/bot7707158318:AAE8rWa4Q8Z_3avql6K0HAmXaooZAReoNF0/getUpdates "HTTP/1.1 200 OK"
2025-06-19 23:06:13,090 - httpcore.http11 - DEBUG - receive_response_body.started request=<Request [b'POST']>
2025-06-19 23:06:13,090 - httpcore.http11 - DEBUG - receive_response_body.complete
2025-06-19 23:06:13,094 - httpcore.http11 - DEBUG - response_closed.started
2025-06-19 23:06:13,094 - httpcore.http11 - DEBUG - response_closed.complete
2025-06-19 23:06:13,095 - telegram.ext.ExtBot - DEBUG - No new updates found.
2025-06-19 23:06:13,095 - telegram.ext.ExtBot - DEBUG - ()
2025-06-19 23:06:13,095 - telegram.ext.ExtBot - DEBUG - Exiting: get_updates
2025-06-19 23:06:13,095 - telegram.ext.ExtBot - DEBUG - Entering: get_updates
2025-06-19 23:06:13,098 - httpcore.http11 - DEBUG - send_request_headers.started request=<Request [b'POST']>
2025-06-19 23:06:13,099 - httpcore.http11 - DEBUG - send_request_headers.complete
2025-06-19 23:06:13,100 - httpcore.http11 - DEBUG - send_request_body.started request=<Request [b'POST']>
2025-06-19 23:06:13,101 - httpcore.http11 - DEBUG - send_request_body.complete
2025-06-19 23:06:13,101 - httpcore.http11 - DEBUG - receive_response_headers.started request=<Request [b'POST']>
2025-06-19 23:06:23,332 - httpcore.http11 - DEBUG - receive_response_headers.complete return_value=(b'HTTP/1.1', 200, b'OK', [(b'Server', b'nginx/1.18.0'), (b'Date', b'Thu, 19 Jun 2025 22:06:23 GMT'), (b'Content-Type', b'application/json'), (b'Content-Length', b'23'), (b'Connection', b'keep-alive'), (b'Strict-Transport-Security', b'max-age=31536000; includeSubDomains; preload'), (b'Access-Control-Allow-Origin', b'*'), (b'Access-Control-Allow-Methods', b'GET, POST, OPTIONS'), (b'Access-Control-Expose-Headers', b'Content-Length,Content-Type,Date,Server,Connection')])
2025-06-19 23:06:23,334 - httpx - INFO - HTTP Request: POST https://api.telegram.org/bot7707158318:AAE8rWa4Q8Z_3avql6K0HAmXaooZAReoNF0/getUpdates "HTTP/1.1 200 OK"
2025-06-19 23:06:23,335 - httpcore.http11 - DEBUG - receive_response_body.started request=<Request [b'POST']>
2025-06-19 23:06:23,336 - httpcore.http11 - DEBUG - receive_response_body.complete
2025-06-19 23:06:23,336 - httpcore.http11 - DEBUG - response_closed.started
2025-06-19 23:06:23,336 - httpcore.http11 - DEBUG - response_closed.complete
2025-06-19 23:06:23,338 - telegram.ext.ExtBot - DEBUG - No new updates found.
2025-06-19 23:06:23,338 - telegram.ext.ExtBot - DEBUG - ()
2025-06-19 23:06:23,338 - telegram.ext.ExtBot - DEBUG - Exiting: get_updates
2025-06-19 23:06:23,338 - telegram.ext.ExtBot - DEBUG - Entering: get_updates
2025-06-19 23:06:23,341 - httpcore.http11 - DEBUG - send_request_headers.started request=<Request [b'POST']>
2025-06-19 23:06:23,342 - httpcore.http11 - DEBUG - send_request_headers.complete
2025-06-19 23:06:23,342 - httpcore.http11 - DEBUG - send_request_body.started request=<Request [b'POST']>
2025-06-19 23:06:23,343 - httpcore.http11 - DEBUG - send_request_body.complete
2025-06-19 23:06:23,345 - httpcore.http11 - DEBUG - receive_response_headers.started request=<Request [b'POST']>
2025-06-19 23:06:33,570 - httpcore.http11 - DEBUG - receive_response_headers.complete return_value=(b'HTTP/1.1', 200, b'OK', [(b'Server', b'nginx/1.18.0'), (b'Date', b'Thu, 19 Jun 2025 22:06:33 GMT'), (b'Content-Type', b'application/json'), (b'Content-Length', b'23'), (b'Connection', b'keep-alive'), (b'Strict-Transport-Security', b'max-age=31536000; includeSubDomains; preload'), (b'Access-Control-Allow-Origin', b'*'), (b'Access-Control-Allow-Methods', b'GET, POST, OPTIONS'), (b'Access-Control-Expose-Headers', b'Content-Length,Content-Type,Date,Server,Connection')])
2025-06-19 23:06:33,572 - httpx - INFO - HTTP Request: POST https://api.telegram.org/bot7707158318:AAE8rWa4Q8Z_3avql6K0HAmXaooZAReoNF0/getUpdates "HTTP/1.1 200 OK"
2025-06-19 23:06:33,572 - httpcore.http11 - DEBUG - receive_response_body.started request=<Request [b'POST']>
2025-06-19 23:06:33,572 - httpcore.http11 - DEBUG - receive_response_body.complete
2025-06-19 23:06:33,572 - httpcore.http11 - DEBUG - response_closed.started
2025-06-19 23:06:33,575 - httpcore.http11 - DEBUG - response_closed.complete
2025-06-19 23:06:33,576 - telegram.ext.ExtBot - DEBUG - No new updates found.
2025-06-19 23:06:33,576 - telegram.ext.ExtBot - DEBUG - ()
2025-06-19 23:06:33,576 - telegram.ext.ExtBot - DEBUG - Exiting: get_updates
2025-06-19 23:06:33,576 - telegram.ext.ExtBot - DEBUG - Entering: get_updates
2025-06-19 23:06:33,578 - httpcore.http11 - DEBUG - send_request_headers.started request=<Request [b'POST']>
2025-06-19 23:06:33,580 - httpcore.http11 - DEBUG - send_request_headers.complete
2025-06-19 23:06:33,580 - httpcore.http11 - DEBUG - send_request_body.started request=<Request [b'POST']>
2025-06-19 23:06:33,580 - httpcore.http11 - DEBUG - send_request_body.complete
2025-06-19 23:06:33,580 - httpcore.http11 - DEBUG - receive_response_headers.started request=<Request [b'POST']>
2025-06-19 23:06:43,811 - httpcore.http11 - DEBUG - receive_response_headers.complete return_value=(b'HTTP/1.1', 200, b'OK', [(b'Server', b'nginx/1.18.0'), (b'Date', b'Thu, 19 Jun 2025 22:06:43 GMT'), (b'Content-Type', b'application/json'), (b'Content-Length', b'23'), (b'Connection', b'keep-alive'), (b'Strict-Transport-Security', b'max-age=31536000; includeSubDomains; preload'), (b'Access-Control-Allow-Origin', b'*'), (b'Access-Control-Allow-Methods', b'GET, POST, OPTIONS'), (b'Access-Control-Expose-Headers', b'Content-Length,Content-Type,Date,Server,Connection')])
2025-06-19 23:06:43,815 - httpx - INFO - HTTP Request: POST https://api.telegram.org/bot7707158318:AAE8rWa4Q8Z_3avql6K0HAmXaooZAReoNF0/getUpdates "HTTP/1.1 200 OK"
2025-06-19 23:06:43,819 - httpcore.http11 - DEBUG - receive_response_body.started request=<Request [b'POST']>
2025-06-19 23:06:43,819 - httpcore.http11 - DEBUG - receive_response_body.complete
2025-06-19 23:06:43,819 - httpcore.http11 - DEBUG - response_closed.started
2025-06-19 23:06:43,819 - httpcore.http11 - DEBUG - response_closed.complete
2025-06-19 23:06:43,821 - telegram.ext.ExtBot - DEBUG - No new updates found.
2025-06-19 23:06:43,821 - telegram.ext.ExtBot - DEBUG - ()
2025-06-19 23:06:43,821 - telegram.ext.ExtBot - DEBUG - Exiting: get_updates
2025-06-19 23:06:43,821 - telegram.ext.ExtBot - DEBUG - Entering: get_updates
2025-06-19 23:06:43,823 - httpcore.http11 - DEBUG - send_request_headers.started request=<Request [b'POST']>
2025-06-19 23:06:43,825 - httpcore.http11 - DEBUG - send_request_headers.complete
2025-06-19 23:06:43,825 - httpcore.http11 - DEBUG - send_request_body.started request=<Request [b'POST']>
2025-06-19 23:06:43,827 - httpcore.http11 - DEBUG - send_request_body.complete
2025-06-19 23:06:43,827 - httpcore.http11 - DEBUG - receive_response_headers.started request=<Request [b'POST']>
2025-06-19 23:06:54,051 - httpcore.http11 - DEBUG - receive_response_headers.complete return_value=(b'HTTP/1.1', 200, b'OK', [(b'Server', b'nginx/1.18.0'), (b'Date', b'Thu, 19 Jun 2025 22:06:53 GMT'), (b'Content-Type', b'application/json'), (b'Content-Length', b'23'), (b'Connection', b'keep-alive'), (b'Strict-Transport-Security', b'max-age=31536000; includeSubDomains; preload'), (b'Access-Control-Allow-Origin', b'*'), (b'Access-Control-Allow-Methods', b'GET, POST, OPTIONS'), (b'Access-Control-Expose-Headers', b'Content-Length,Content-Type,Date,Server,Connection')])
2025-06-19 23:06:54,051 - httpx - INFO - HTTP Request: POST https://api.telegram.org/bot7707158318:AAE8rWa4Q8Z_3avql6K0HAmXaooZAReoNF0/getUpdates "HTTP/1.1 200 OK"
2025-06-19 23:06:54,053 - httpcore.http11 - DEBUG - receive_response_body.started request=<Request [b'POST']>
2025-06-19 23:06:54,053 - httpcore.http11 - DEBUG - receive_response_body.complete
2025-06-19 23:06:54,053 - httpcore.http11 - DEBUG - response_closed.started
2025-06-19 23:06:54,055 - httpcore.http11 - DEBUG - response_closed.complete
2025-06-19 23:06:54,055 - telegram.ext.ExtBot - DEBUG - No new updates found.
2025-06-19 23:06:54,055 - telegram.ext.ExtBot - DEBUG - ()
2025-06-19 23:06:54,055 - telegram.ext.ExtBot - DEBUG - Exiting: get_updates
2025-06-19 23:06:54,055 - telegram.ext.ExtBot - DEBUG - Entering: get_updates
2025-06-19 23:06:54,057 - httpcore.http11 - DEBUG - send_request_headers.started request=<Request [b'POST']>
2025-06-19 23:06:54,060 - httpcore.http11 - DEBUG - send_request_headers.complete
2025-06-19 23:06:54,060 - httpcore.http11 - DEBUG - send_request_body.started request=<Request [b'POST']>
2025-06-19 23:06:54,060 - httpcore.http11 - DEBUG - send_request_body.complete
2025-06-19 23:06:54,062 - httpcore.http11 - DEBUG - receive_response_headers.started request=<Request [b'POST']>
2025-06-19 23:07:04,429 - httpcore.http11 - DEBUG - receive_response_headers.complete return_value=(b'HTTP/1.1', 200, b'OK', [(b'Server', b'nginx/1.18.0'), (b'Date', b'Thu, 19 Jun 2025 22:07:04 GMT'), (b'Content-Type', b'application/json'), (b'Content-Length', b'23'), (b'Connection', b'keep-alive'), (b'Strict-Transport-Security', b'max-age=31536000; includeSubDomains; preload'), (b'Access-Control-Allow-Origin', b'*'), (b'Access-Control-Allow-Methods', b'GET, POST, OPTIONS'), (b'Access-Control-Expose-Headers', b'Content-Length,Content-Type,Date,Server,Connection')])
2025-06-19 23:07:04,431 - httpx - INFO - HTTP Request: POST https://api.telegram.org/bot7707158318:AAE8rWa4Q8Z_3avql6K0HAmXaooZAReoNF0/getUpdates "HTTP/1.1 200 OK"
2025-06-19 23:07:04,431 - httpcore.http11 - DEBUG - receive_response_body.started request=<Request [b'POST']>
2025-06-19 23:07:04,431 - httpcore.http11 - DEBUG - receive_response_body.complete
2025-06-19 23:07:04,431 - httpcore.http11 - DEBUG - response_closed.started
2025-06-19 23:07:04,431 - httpcore.http11 - DEBUG - response_closed.complete
2025-06-19 23:07:04,431 - telegram.ext.ExtBot - DEBUG - No new updates found.
2025-06-19 23:07:04,431 - telegram.ext.ExtBot - DEBUG - ()
2025-06-19 23:07:04,431 - telegram.ext.ExtBot - DEBUG - Exiting: get_updates
2025-06-19 23:07:04,431 - telegram.ext.ExtBot - DEBUG - Entering: get_updates
2025-06-19 23:07:04,436 - httpcore.http11 - DEBUG - send_request_headers.started request=<Request [b'POST']>
2025-06-19 23:07:04,439 - httpcore.http11 - DEBUG - send_request_headers.complete
2025-06-19 23:07:04,439 - httpcore.http11 - DEBUG - send_request_body.started request=<Request [b'POST']>
2025-06-19 23:07:04,439 - httpcore.http11 - DEBUG - send_request_body.complete
2025-06-19 23:07:04,440 - httpcore.http11 - DEBUG - receive_response_headers.started request=<Request [b'POST']>
2025-06-19 23:07:14,735 - httpcore.http11 - DEBUG - receive_response_headers.complete return_value=(b'HTTP/1.1', 200, b'OK', [(b'Server', b'nginx/1.18.0'), (b'Date', b'Thu, 19 Jun 2025 22:07:14 GMT'), (b'Content-Type', b'application/json'), (b'Content-Length', b'23'), (b'Connection', b'keep-alive'), (b'Strict-Transport-Security', b'max-age=31536000; includeSubDomains; preload'), (b'Access-Control-Allow-Origin', b'*'), (b'Access-Control-Allow-Methods', b'GET, POST, OPTIONS'), (b'Access-Control-Expose-Headers', b'Content-Length,Content-Type,Date,Server,Connection')])
2025-06-19 23:07:14,735 - httpx - INFO - HTTP Request: POST https://api.telegram.org/bot7707158318:AAE8rWa4Q8Z_3avql6K0HAmXaooZAReoNF0/getUpdates "HTTP/1.1 200 OK"
2025-06-19 23:07:14,739 - httpcore.http11 - DEBUG - receive_response_body.started request=<Request [b'POST']>
2025-06-19 23:07:14,739 - httpcore.http11 - DEBUG - receive_response_body.complete
2025-06-19 23:07:14,739 - httpcore.http11 - DEBUG - response_closed.started
2025-06-19 23:07:14,739 - httpcore.http11 - DEBUG - response_closed.complete
2025-06-19 23:07:14,741 - telegram.ext.ExtBot - DEBUG - No new updates found.
2025-06-19 23:07:14,741 - telegram.ext.ExtBot - DEBUG - ()
2025-06-19 23:07:14,741 - telegram.ext.ExtBot - DEBUG - Exiting: get_updates
2025-06-19 23:07:14,741 - telegram.ext.ExtBot - DEBUG - Entering: get_updates
2025-06-19 23:07:14,744 - httpcore.http11 - DEBUG - send_request_headers.started request=<Request [b'POST']>
2025-06-19 23:07:14,746 - httpcore.http11 - DEBUG - send_request_headers.complete
2025-06-19 23:07:14,746 - httpcore.http11 - DEBUG - send_request_body.started request=<Request [b'POST']>
2025-06-19 23:07:14,746 - httpcore.http11 - DEBUG - send_request_body.complete
2025-06-19 23:07:14,748 - httpcore.http11 - DEBUG - receive_response_headers.started request=<Request [b'POST']>
2025-06-19 23:07:25,794 - httpcore.http11 - DEBUG - receive_response_headers.complete return_value=(b'HTTP/1.1', 200, b'OK', [(b'Server', b'nginx/1.18.0'), (b'Date', b'Thu, 19 Jun 2025 22:07:24 GMT'), (b'Content-Type', b'application/json'), (b'Content-Length', b'23'), (b'Connection', b'keep-alive'), (b'Strict-Transport-Security', b'max-age=31536000; includeSubDomains; preload'), (b'Access-Control-Allow-Origin', b'*'), (b'Access-Control-Allow-Methods', b'GET, POST, OPTIONS'), (b'Access-Control-Expose-Headers', b'Content-Length,Content-Type,Date,Server,Connection')])
2025-06-19 23:07:25,796 - httpx - INFO - HTTP Request: POST https://api.telegram.org/bot7707158318:AAE8rWa4Q8Z_3avql6K0HAmXaooZAReoNF0/getUpdates "HTTP/1.1 200 OK"
2025-06-19 23:07:25,801 - httpcore.http11 - DEBUG - receive_response_body.started request=<Request [b'POST']>
2025-06-19 23:07:25,801 - httpcore.http11 - DEBUG - receive_response_body.complete
2025-06-19 23:07:25,801 - httpcore.http11 - DEBUG - response_closed.started
2025-06-19 23:07:25,803 - httpcore.http11 - DEBUG - response_closed.complete
2025-06-19 23:07:25,803 - telegram.ext.ExtBot - DEBUG - No new updates found.
2025-06-19 23:07:25,803 - telegram.ext.ExtBot - DEBUG - ()
2025-06-19 23:07:25,803 - telegram.ext.ExtBot - DEBUG - Exiting: get_updates
2025-06-19 23:07:25,803 - telegram.ext.ExtBot - DEBUG - Entering: get_updates
2025-06-19 23:07:25,805 - httpcore.http11 - DEBUG - send_request_headers.started request=<Request [b'POST']>
2025-06-19 23:07:25,808 - httpcore.http11 - DEBUG - send_request_headers.complete
2025-06-19 23:07:25,808 - httpcore.http11 - DEBUG - send_request_body.started request=<Request [b'POST']>
2025-06-19 23:07:25,810 - httpcore.http11 - DEBUG - send_request_body.complete
2025-06-19 23:07:25,810 - httpcore.http11 - DEBUG - receive_response_headers.started request=<Request [b'POST']>
2025-06-19 23:07:35,933 - httpcore.http11 - DEBUG - receive_response_headers.complete return_value=(b'HTTP/1.1', 200, b'OK', [(b'Server', b'nginx/1.18.0'), (b'Date', b'Thu, 19 Jun 2025 22:07:35 GMT'), (b'Content-Type', b'application/json'), (b'Content-Length', b'23'), (b'Connection', b'keep-alive'), (b'Strict-Transport-Security', b'max-age=31536000; includeSubDomains; preload'), (b'Access-Control-Allow-Origin', b'*'), (b'Access-Control-Allow-Methods', b'GET, POST, OPTIONS'), (b'Access-Control-Expose-Headers', b'Content-Length,Content-Type,Date,Server,Connection')])
2025-06-19 23:07:35,935 - httpx - INFO - HTTP Request: POST https://api.telegram.org/bot7707158318:AAE8rWa4Q8Z_3avql6K0HAmXaooZAReoNF0/getUpdates "HTTP/1.1 200 OK"
2025-06-19 23:07:35,936 - httpcore.http11 - DEBUG - receive_response_body.started request=<Request [b'POST']>
2025-06-19 23:07:35,938 - httpcore.http11 - DEBUG - receive_response_body.complete
2025-06-19 23:07:35,938 - httpcore.http11 - DEBUG - response_closed.started
2025-06-19 23:07:35,938 - httpcore.http11 - DEBUG - response_closed.complete
2025-06-19 23:07:35,940 - telegram.ext.ExtBot - DEBUG - No new updates found.
2025-06-19 23:07:35,940 - telegram.ext.ExtBot - DEBUG - ()
2025-06-19 23:07:35,940 - telegram.ext.ExtBot - DEBUG - Exiting: get_updates
2025-06-19 23:07:35,940 - telegram.ext.ExtBot - DEBUG - Entering: get_updates
2025-06-19 23:07:35,944 - httpcore.http11 - DEBUG - send_request_headers.started request=<Request [b'POST']>
2025-06-19 23:07:35,946 - httpcore.http11 - DEBUG - send_request_headers.complete
2025-06-19 23:07:35,946 - httpcore.http11 - DEBUG - send_request_body.started request=<Request [b'POST']>
2025-06-19 23:07:35,948 - httpcore.http11 - DEBUG - send_request_body.complete
2025-06-19 23:07:35,948 - httpcore.http11 - DEBUG - receive_response_headers.started request=<Request [b'POST']>
2025-06-19 23:07:47,710 - httpcore.http11 - DEBUG - receive_response_headers.complete return_value=(b'HTTP/1.1', 200, b'OK', [(b'Server', b'nginx/1.18.0'), (b'Date', b'Thu, 19 Jun 2025 22:07:46 GMT'), (b'Content-Type', b'application/json'), (b'Content-Length', b'23'), (b'Connection', b'keep-alive'), (b'Strict-Transport-Security', b'max-age=31536000; includeSubDomains; preload'), (b'Access-Control-Allow-Origin', b'*'), (b'Access-Control-Allow-Methods', b'GET, POST, OPTIONS'), (b'Access-Control-Expose-Headers', b'Content-Length,Content-Type,Date,Server,Connection')])
2025-06-19 23:07:47,711 - httpx - INFO - HTTP Request: POST https://api.telegram.org/bot7707158318:AAE8rWa4Q8Z_3avql6K0HAmXaooZAReoNF0/getUpdates "HTTP/1.1 200 OK"
2025-06-19 23:07:47,713 - httpcore.http11 - DEBUG - receive_response_body.started request=<Request [b'POST']>
2025-06-19 23:07:47,713 - httpcore.http11 - DEBUG - receive_response_body.complete
2025-06-19 23:07:47,713 - httpcore.http11 - DEBUG - response_closed.started
2025-06-19 23:07:47,714 - httpcore.http11 - DEBUG - response_closed.complete
2025-06-19 23:07:47,715 - telegram.ext.ExtBot - DEBUG - No new updates found.
2025-06-19 23:07:47,715 - telegram.ext.ExtBot - DEBUG - ()
2025-06-19 23:07:47,715 - telegram.ext.ExtBot - DEBUG - Exiting: get_updates
2025-06-19 23:07:47,715 - telegram.ext.ExtBot - DEBUG - Entering: get_updates
2025-06-19 23:07:47,717 - httpcore.http11 - DEBUG - send_request_headers.started request=<Request [b'POST']>
2025-06-19 23:07:47,719 - httpcore.http11 - DEBUG - send_request_headers.complete
2025-06-19 23:07:47,719 - httpcore.http11 - DEBUG - send_request_body.started request=<Request [b'POST']>
2025-06-19 23:07:47,722 - httpcore.http11 - DEBUG - send_request_body.complete
2025-06-19 23:07:47,722 - httpcore.http11 - DEBUG - receive_response_headers.started request=<Request [b'POST']>
2025-06-19 23:07:59,736 - httpcore.http11 - DEBUG - receive_response_headers.failed exception=ReadTimeout(TimeoutError())
2025-06-19 23:07:59,736 - httpcore.http11 - DEBUG - response_closed.started
2025-06-19 23:07:59,737 - httpcore.http11 - DEBUG - response_closed.complete
2025-06-19 23:07:59,739 - telegram.ext.Updater - DEBUG - Timed out getting Updates: Timed out
2025-06-19 23:07:59,739 - telegram.ext.ExtBot - DEBUG - Entering: get_updates
2025-06-19 23:07:59,740 - httpcore.connection - DEBUG - connect_tcp.started host='api.telegram.org' port=443 local_address=None timeout=5.0 socket_options=None
2025-06-19 23:08:02,254 - httpcore.connection - DEBUG - connect_tcp.complete return_value=<httpcore._backends.anyio.AnyIOStream object at 0x00000227C8C26A10>
2025-06-19 23:08:02,254 - httpcore.connection - DEBUG - start_tls.started ssl_context=<ssl.SSLContext object at 0x00000227C8A89C40> server_hostname='api.telegram.org' timeout=5.0
2025-06-19 23:08:02,410 - httpcore.connection - DEBUG - start_tls.complete return_value=<httpcore._backends.anyio.AnyIOStream object at 0x00000227C8C27B50>
2025-06-19 23:08:02,410 - httpcore.http11 - DEBUG - send_request_headers.started request=<Request [b'POST']>
2025-06-19 23:08:02,412 - httpcore.http11 - DEBUG - send_request_headers.complete
2025-06-19 23:08:02,412 - httpcore.http11 - DEBUG - send_request_body.started request=<Request [b'POST']>
2025-06-19 23:08:02,414 - httpcore.http11 - DEBUG - send_request_body.complete
2025-06-19 23:08:02,414 - httpcore.http11 - DEBUG - receive_response_headers.started request=<Request [b'POST']>
2025-06-19 23:08:14,027 - httpcore.http11 - DEBUG - receive_response_headers.complete return_value=(b'HTTP/1.1', 200, b'OK', [(b'Server', b'nginx/1.18.0'), (b'Date', b'Thu, 19 Jun 2025 22:08:12 GMT'), (b'Content-Type', b'application/json'), (b'Content-Length', b'23'), (b'Connection', b'keep-alive'), (b'Strict-Transport-Security', b'max-age=31536000; includeSubDomains; preload'), (b'Access-Control-Allow-Origin', b'*'), (b'Access-Control-Allow-Methods', b'GET, POST, OPTIONS'), (b'Access-Control-Expose-Headers', b'Content-Length,Content-Type,Date,Server,Connection')])
2025-06-19 23:08:14,028 - httpx - INFO - HTTP Request: POST https://api.telegram.org/bot7707158318:AAE8rWa4Q8Z_3avql6K0HAmXaooZAReoNF0/getUpdates "HTTP/1.1 200 OK"
2025-06-19 23:08:14,029 - httpcore.http11 - DEBUG - receive_response_body.started request=<Request [b'POST']>
2025-06-19 23:08:14,029 - httpcore.http11 - DEBUG - receive_response_body.complete
2025-06-19 23:08:14,029 - httpcore.http11 - DEBUG - response_closed.started
2025-06-19 23:08:14,029 - httpcore.http11 - DEBUG - response_closed.complete
2025-06-19 23:08:14,029 - telegram.ext.ExtBot - DEBUG - No new updates found.
2025-06-19 23:08:14,029 - telegram.ext.ExtBot - DEBUG - ()
2025-06-19 23:08:14,029 - telegram.ext.ExtBot - DEBUG - Exiting: get_updates
2025-06-19 23:08:14,029 - telegram.ext.ExtBot - DEBUG - Entering: get_updates
2025-06-19 23:08:14,036 - httpcore.http11 - DEBUG - send_request_headers.started request=<Request [b'POST']>
2025-06-19 23:08:14,036 - httpcore.http11 - DEBUG - send_request_headers.complete
2025-06-19 23:08:14,036 - httpcore.http11 - DEBUG - send_request_body.started request=<Request [b'POST']>
2025-06-19 23:08:14,038 - httpcore.http11 - DEBUG - send_request_body.complete
2025-06-19 23:08:14,038 - httpcore.http11 - DEBUG - receive_response_headers.started request=<Request [b'POST']>
2025-06-19 23:08:24,162 - httpcore.http11 - DEBUG - receive_response_headers.complete return_value=(b'HTTP/1.1', 200, b'OK', [(b'Server', b'nginx/1.18.0'), (b'Date', b'Thu, 19 Jun 2025 22:08:24 GMT'), (b'Content-Type', b'application/json'), (b'Content-Length', b'23'), (b'Connection', b'keep-alive'), (b'Strict-Transport-Security', b'max-age=31536000; includeSubDomains; preload'), (b'Access-Control-Allow-Origin', b'*'), (b'Access-Control-Allow-Methods', b'GET, POST, OPTIONS'), (b'Access-Control-Expose-Headers', b'Content-Length,Content-Type,Date,Server,Connection')])
2025-06-19 23:08:24,162 - httpx - INFO - HTTP Request: POST https://api.telegram.org/bot7707158318:AAE8rWa4Q8Z_3avql6K0HAmXaooZAReoNF0/getUpdates "HTTP/1.1 200 OK"
2025-06-19 23:08:24,165 - httpcore.http11 - DEBUG - receive_response_body.started request=<Request [b'POST']>
2025-06-19 23:08:24,165 - httpcore.http11 - DEBUG - receive_response_body.complete
2025-06-19 23:08:24,165 - httpcore.http11 - DEBUG - response_closed.started
2025-06-19 23:08:24,167 - httpcore.http11 - DEBUG - response_closed.complete
2025-06-19 23:08:24,167 - telegram.ext.ExtBot - DEBUG - No new updates found.
2025-06-19 23:08:24,167 - telegram.ext.ExtBot - DEBUG - ()
2025-06-19 23:08:24,167 - telegram.ext.ExtBot - DEBUG - Exiting: get_updates
2025-06-19 23:08:24,167 - telegram.ext.ExtBot - DEBUG - Entering: get_updates
2025-06-19 23:08:24,170 - httpcore.http11 - DEBUG - send_request_headers.started request=<Request [b'POST']>
2025-06-19 23:08:24,172 - httpcore.http11 - DEBUG - send_request_headers.complete
2025-06-19 23:08:24,172 - httpcore.http11 - DEBUG - send_request_body.started request=<Request [b'POST']>
2025-06-19 23:08:24,172 - httpcore.http11 - DEBUG - send_request_body.complete
2025-06-19 23:08:24,172 - httpcore.http11 - DEBUG - receive_response_headers.started request=<Request [b'POST']>
2025-06-19 23:08:34,403 - httpcore.http11 - DEBUG - receive_response_headers.complete return_value=(b'HTTP/1.1', 200, b'OK', [(b'Server', b'nginx/1.18.0'), (b'Date', b'Thu, 19 Jun 2025 22:08:34 GMT'), (b'Content-Type', b'application/json'), (b'Content-Length', b'23'), (b'Connection', b'keep-alive'), (b'Strict-Transport-Security', b'max-age=31536000; includeSubDomains; preload'), (b'Access-Control-Allow-Origin', b'*'), (b'Access-Control-Allow-Methods', b'GET, POST, OPTIONS'), (b'Access-Control-Expose-Headers', b'Content-Length,Content-Type,Date,Server,Connection')])
2025-06-19 23:08:34,404 - httpx - INFO - HTTP Request: POST https://api.telegram.org/bot7707158318:AAE8rWa4Q8Z_3avql6K0HAmXaooZAReoNF0/getUpdates "HTTP/1.1 200 OK"
2025-06-19 23:08:34,405 - httpcore.http11 - DEBUG - receive_response_body.started request=<Request [b'POST']>
2025-06-19 23:08:34,406 - httpcore.http11 - DEBUG - receive_response_body.complete
2025-06-19 23:08:34,406 - httpcore.http11 - DEBUG - response_closed.started
2025-06-19 23:08:34,406 - httpcore.http11 - DEBUG - response_closed.complete
2025-06-19 23:08:34,408 - telegram.ext.ExtBot - DEBUG - No new updates found.
2025-06-19 23:08:34,408 - telegram.ext.ExtBot - DEBUG - ()
2025-06-19 23:08:34,408 - telegram.ext.ExtBot - DEBUG - Exiting: get_updates
2025-06-19 23:08:34,408 - telegram.ext.ExtBot - DEBUG - Entering: get_updates
2025-06-19 23:08:34,411 - httpcore.http11 - DEBUG - send_request_headers.started request=<Request [b'POST']>
2025-06-19 23:08:34,412 - httpcore.http11 - DEBUG - send_request_headers.complete
2025-06-19 23:08:34,413 - httpcore.http11 - DEBUG - send_request_body.started request=<Request [b'POST']>
2025-06-19 23:08:34,414 - httpcore.http11 - DEBUG - send_request_body.complete
2025-06-19 23:08:34,414 - httpcore.http11 - DEBUG - receive_response_headers.started request=<Request [b'POST']>
2025-06-19 23:08:45,928 - httpcore.http11 - DEBUG - receive_response_headers.complete return_value=(b'HTTP/1.1', 200, b'OK', [(b'Server', b'nginx/1.18.0'), (b'Date', b'Thu, 19 Jun 2025 22:08:44 GMT'), (b'Content-Type', b'application/json'), (b'Content-Length', b'23'), (b'Connection', b'keep-alive'), (b'Strict-Transport-Security', b'max-age=31536000; includeSubDomains; preload'), (b'Access-Control-Allow-Origin', b'*'), (b'Access-Control-Allow-Methods', b'GET, POST, OPTIONS'), (b'Access-Control-Expose-Headers', b'Content-Length,Content-Type,Date,Server,Connection')])
2025-06-19 23:08:45,928 - httpx - INFO - HTTP Request: POST https://api.telegram.org/bot7707158318:AAE8rWa4Q8Z_3avql6K0HAmXaooZAReoNF0/getUpdates "HTTP/1.1 200 OK"
2025-06-19 23:08:45,931 - httpcore.http11 - DEBUG - receive_response_body.started request=<Request [b'POST']>
2025-06-19 23:08:45,931 - httpcore.http11 - DEBUG - receive_response_body.complete
2025-06-19 23:08:45,932 - httpcore.http11 - DEBUG - response_closed.started
2025-06-19 23:08:45,932 - httpcore.http11 - DEBUG - response_closed.complete
2025-06-19 23:08:45,933 - telegram.ext.ExtBot - DEBUG - No new updates found.
2025-06-19 23:08:45,933 - telegram.ext.ExtBot - DEBUG - ()
2025-06-19 23:08:45,933 - telegram.ext.ExtBot - DEBUG - Exiting: get_updates
2025-06-19 23:08:45,933 - telegram.ext.ExtBot - DEBUG - Entering: get_updates
2025-06-19 23:08:45,935 - httpcore.http11 - DEBUG - send_request_headers.started request=<Request [b'POST']>
2025-06-19 23:08:45,938 - httpcore.http11 - DEBUG - send_request_headers.complete
2025-06-19 23:08:45,939 - httpcore.http11 - DEBUG - send_request_body.started request=<Request [b'POST']>
2025-06-19 23:08:45,939 - httpcore.http11 - DEBUG - send_request_body.complete
2025-06-19 23:08:45,939 - httpcore.http11 - DEBUG - receive_response_headers.started request=<Request [b'POST']>
2025-06-19 23:08:56,110 - httpcore.http11 - DEBUG - receive_response_headers.complete return_value=(b'HTTP/1.1', 200, b'OK', [(b'Server', b'nginx/1.18.0'), (b'Date', b'Thu, 19 Jun 2025 22:08:56 GMT'), (b'Content-Type', b'application/json'), (b'Content-Length', b'23'), (b'Connection', b'keep-alive'), (b'Strict-Transport-Security', b'max-age=31536000; includeSubDomains; preload'), (b'Access-Control-Allow-Origin', b'*'), (b'Access-Control-Allow-Methods', b'GET, POST, OPTIONS'), (b'Access-Control-Expose-Headers', b'Content-Length,Content-Type,Date,Server,Connection')])
2025-06-19 23:08:56,112 - httpx - INFO - HTTP Request: POST https://api.telegram.org/bot7707158318:AAE8rWa4Q8Z_3avql6K0HAmXaooZAReoNF0/getUpdates "HTTP/1.1 200 OK"
2025-06-19 23:08:56,114 - httpcore.http11 - DEBUG - receive_response_body.started request=<Request [b'POST']>
2025-06-19 23:08:56,116 - httpcore.http11 - DEBUG - receive_response_body.complete
2025-06-19 23:08:56,116 - httpcore.http11 - DEBUG - response_closed.started
2025-06-19 23:08:56,117 - httpcore.http11 - DEBUG - response_closed.complete
2025-06-19 23:08:56,117 - telegram.ext.ExtBot - DEBUG - No new updates found.
2025-06-19 23:08:56,117 - telegram.ext.ExtBot - DEBUG - ()
2025-06-19 23:08:56,117 - telegram.ext.ExtBot - DEBUG - Exiting: get_updates
2025-06-19 23:08:56,119 - telegram.ext.ExtBot - DEBUG - Entering: get_updates
2025-06-19 23:08:56,123 - httpcore.http11 - DEBUG - send_request_headers.started request=<Request [b'POST']>
2025-06-19 23:08:56,132 - httpcore.http11 - DEBUG - send_request_headers.complete
2025-06-19 23:08:56,134 - httpcore.http11 - DEBUG - send_request_body.started request=<Request [b'POST']>
2025-06-19 23:08:56,134 - httpcore.http11 - DEBUG - send_request_body.complete
2025-06-19 23:08:56,136 - httpcore.http11 - DEBUG - receive_response_headers.started request=<Request [b'POST']>
2025-06-19 23:09:06,351 - httpcore.http11 - DEBUG - receive_response_headers.complete return_value=(b'HTTP/1.1', 200, b'OK', [(b'Server', b'nginx/1.18.0'), (b'Date', b'Thu, 19 Jun 2025 22:09:06 GMT'), (b'Content-Type', b'application/json'), (b'Content-Length', b'23'), (b'Connection', b'keep-alive'), (b'Strict-Transport-Security', b'max-age=31536000; includeSubDomains; preload'), (b'Access-Control-Allow-Origin', b'*'), (b'Access-Control-Allow-Methods', b'GET, POST, OPTIONS'), (b'Access-Control-Expose-Headers', b'Content-Length,Content-Type,Date,Server,Connection')])
2025-06-19 23:09:06,351 - httpx - INFO - HTTP Request: POST https://api.telegram.org/bot7707158318:AAE8rWa4Q8Z_3avql6K0HAmXaooZAReoNF0/getUpdates "HTTP/1.1 200 OK"
2025-06-19 23:09:06,357 - httpcore.http11 - DEBUG - receive_response_body.started request=<Request [b'POST']>
2025-06-19 23:09:06,357 - httpcore.http11 - DEBUG - receive_response_body.complete
2025-06-19 23:09:06,357 - httpcore.http11 - DEBUG - response_closed.started
2025-06-19 23:09:06,362 - httpcore.http11 - DEBUG - response_closed.complete
2025-06-19 23:09:06,364 - telegram.ext.ExtBot - DEBUG - No new updates found.
2025-06-19 23:09:06,366 - telegram.ext.ExtBot - DEBUG - ()
2025-06-19 23:09:06,366 - telegram.ext.ExtBot - DEBUG - Exiting: get_updates
2025-06-19 23:09:06,366 - telegram.ext.ExtBot - DEBUG - Entering: get_updates
2025-06-19 23:09:06,371 - httpcore.http11 - DEBUG - send_request_headers.started request=<Request [b'POST']>
2025-06-19 23:09:06,384 - httpcore.http11 - DEBUG - send_request_headers.complete
2025-06-19 23:09:06,386 - httpcore.http11 - DEBUG - send_request_body.started request=<Request [b'POST']>
2025-06-19 23:09:06,395 - httpcore.http11 - DEBUG - send_request_body.complete
2025-06-19 23:09:06,398 - httpcore.http11 - DEBUG - receive_response_headers.started request=<Request [b'POST']>
2025-06-19 23:09:17,254 - httpcore.http11 - DEBUG - receive_response_headers.complete return_value=(b'HTTP/1.1', 200, b'OK', [(b'Server', b'nginx/1.18.0'), (b'Date', b'Thu, 19 Jun 2025 22:09:16 GMT'), (b'Content-Type', b'application/json'), (b'Content-Length', b'23'), (b'Connection', b'keep-alive'), (b'Strict-Transport-Security', b'max-age=31536000; includeSubDomains; preload'), (b'Access-Control-Allow-Origin', b'*'), (b'Access-Control-Allow-Methods', b'GET, POST, OPTIONS'), (b'Access-Control-Expose-Headers', b'Content-Length,Content-Type,Date,Server,Connection')])
2025-06-19 23:09:17,256 - httpx - INFO - HTTP Request: POST https://api.telegram.org/bot7707158318:AAE8rWa4Q8Z_3avql6K0HAmXaooZAReoNF0/getUpdates "HTTP/1.1 200 OK"
2025-06-19 23:09:17,263 - httpcore.http11 - DEBUG - receive_response_body.started request=<Request [b'POST']>
2025-06-19 23:09:17,265 - httpcore.http11 - DEBUG - receive_response_body.complete
2025-06-19 23:09:17,265 - httpcore.http11 - DEBUG - response_closed.started
2025-06-19 23:09:17,267 - httpcore.http11 - DEBUG - response_closed.complete
2025-06-19 23:09:17,271 - telegram.ext.ExtBot - DEBUG - No new updates found.
2025-06-19 23:09:17,271 - telegram.ext.ExtBot - DEBUG - ()
2025-06-19 23:09:17,271 - telegram.ext.ExtBot - DEBUG - Exiting: get_updates
2025-06-19 23:09:17,271 - telegram.ext.ExtBot - DEBUG - Entering: get_updates
2025-06-19 23:09:17,326 - httpcore.http11 - DEBUG - send_request_headers.started request=<Request [b'POST']>
2025-06-19 23:09:17,365 - httpcore.http11 - DEBUG - send_request_headers.complete
2025-06-19 23:09:17,365 - httpcore.http11 - DEBUG - send_request_body.started request=<Request [b'POST']>
2025-06-19 23:09:17,373 - httpcore.http11 - DEBUG - send_request_body.complete
2025-06-19 23:09:17,373 - httpcore.http11 - DEBUG - receive_response_headers.started request=<Request [b'POST']>
2025-06-19 23:09:27,567 - httpcore.http11 - DEBUG - receive_response_headers.complete return_value=(b'HTTP/1.1', 200, b'OK', [(b'Server', b'nginx/1.18.0'), (b'Date', b'Thu, 19 Jun 2025 22:09:27 GMT'), (b'Content-Type', b'application/json'), (b'Content-Length', b'23'), (b'Connection', b'keep-alive'), (b'Strict-Transport-Security', b'max-age=31536000; includeSubDomains; preload'), (b'Access-Control-Allow-Origin', b'*'), (b'Access-Control-Allow-Methods', b'GET, POST, OPTIONS'), (b'Access-Control-Expose-Headers', b'Content-Length,Content-Type,Date,Server,Connection')])
2025-06-19 23:09:27,572 - httpx - INFO - HTTP Request: POST https://api.telegram.org/bot7707158318:AAE8rWa4Q8Z_3avql6K0HAmXaooZAReoNF0/getUpdates "HTTP/1.1 200 OK"
2025-06-19 23:09:27,572 - httpcore.http11 - DEBUG - receive_response_body.started request=<Request [b'POST']>
2025-06-19 23:09:27,572 - httpcore.http11 - DEBUG - receive_response_body.complete
2025-06-19 23:09:27,572 - httpcore.http11 - DEBUG - response_closed.started
2025-06-19 23:09:27,574 - httpcore.http11 - DEBUG - response_closed.complete
2025-06-19 23:09:27,574 - telegram.ext.ExtBot - DEBUG - No new updates found.
2025-06-19 23:09:27,574 - telegram.ext.ExtBot - DEBUG - ()
2025-06-19 23:09:27,574 - telegram.ext.ExtBot - DEBUG - Exiting: get_updates
2025-06-19 23:09:27,576 - telegram.ext.ExtBot - DEBUG - Entering: get_updates
2025-06-19 23:09:27,577 - httpcore.http11 - DEBUG - send_request_headers.started request=<Request [b'POST']>
2025-06-19 23:09:27,577 - httpcore.http11 - DEBUG - send_request_headers.complete
2025-06-19 23:09:27,577 - httpcore.http11 - DEBUG - send_request_body.started request=<Request [b'POST']>
2025-06-19 23:09:27,577 - httpcore.http11 - DEBUG - send_request_body.complete
2025-06-19 23:09:27,577 - httpcore.http11 - DEBUG - receive_response_headers.started request=<Request [b'POST']>
2025-06-19 23:09:37,718 - httpcore.http11 - DEBUG - receive_response_headers.complete return_value=(b'HTTP/1.1', 200, b'OK', [(b'Server', b'nginx/1.18.0'), (b'Date', b'Thu, 19 Jun 2025 22:09:37 GMT'), (b'Content-Type', b'application/json'), (b'Content-Length', b'23'), (b'Connection', b'keep-alive'), (b'Strict-Transport-Security', b'max-age=31536000; includeSubDomains; preload'), (b'Access-Control-Allow-Origin', b'*'), (b'Access-Control-Allow-Methods', b'GET, POST, OPTIONS'), (b'Access-Control-Expose-Headers', b'Content-Length,Content-Type,Date,Server,Connection')])
2025-06-19 23:09:37,720 - httpx - INFO - HTTP Request: POST https://api.telegram.org/bot7707158318:AAE8rWa4Q8Z_3avql6K0HAmXaooZAReoNF0/getUpdates "HTTP/1.1 200 OK"
2025-06-19 23:09:37,722 - httpcore.http11 - DEBUG - receive_response_body.started request=<Request [b'POST']>
2025-06-19 23:09:37,722 - httpcore.http11 - DEBUG - receive_response_body.complete
2025-06-19 23:09:37,722 - httpcore.http11 - DEBUG - response_closed.started
2025-06-19 23:09:37,725 - httpcore.http11 - DEBUG - response_closed.complete
2025-06-19 23:09:37,727 - telegram.ext.ExtBot - DEBUG - No new updates found.
2025-06-19 23:09:37,727 - telegram.ext.ExtBot - DEBUG - ()
2025-06-19 23:09:37,729 - telegram.ext.ExtBot - DEBUG - Exiting: get_updates
2025-06-19 23:09:37,729 - telegram.ext.ExtBot - DEBUG - Entering: get_updates
2025-06-19 23:09:37,735 - httpcore.http11 - DEBUG - send_request_headers.started request=<Request [b'POST']>
2025-06-19 23:09:37,737 - httpcore.http11 - DEBUG - send_request_headers.complete
2025-06-19 23:09:37,737 - httpcore.http11 - DEBUG - send_request_body.started request=<Request [b'POST']>
2025-06-19 23:09:37,740 - httpcore.http11 - DEBUG - send_request_body.complete
2025-06-19 23:09:37,740 - httpcore.http11 - DEBUG - receive_response_headers.started request=<Request [b'POST']>
2025-06-19 23:09:47,921 - httpcore.http11 - DEBUG - receive_response_headers.complete return_value=(b'HTTP/1.1', 200, b'OK', [(b'Server', b'nginx/1.18.0'), (b'Date', b'Thu, 19 Jun 2025 22:09:47 GMT'), (b'Content-Type', b'application/json'), (b'Content-Length', b'23'), (b'Connection', b'keep-alive'), (b'Strict-Transport-Security', b'max-age=31536000; includeSubDomains; preload'), (b'Access-Control-Allow-Origin', b'*'), (b'Access-Control-Allow-Methods', b'GET, POST, OPTIONS'), (b'Access-Control-Expose-Headers', b'Content-Length,Content-Type,Date,Server,Connection')])
2025-06-19 23:09:47,922 - httpx - INFO - HTTP Request: POST https://api.telegram.org/bot7707158318:AAE8rWa4Q8Z_3avql6K0HAmXaooZAReoNF0/getUpdates "HTTP/1.1 200 OK"
2025-06-19 23:09:47,922 - httpcore.http11 - DEBUG - receive_response_body.started request=<Request [b'POST']>
2025-06-19 23:09:47,922 - httpcore.http11 - DEBUG - receive_response_body.complete
2025-06-19 23:09:47,922 - httpcore.http11 - DEBUG - response_closed.started
2025-06-19 23:09:47,924 - httpcore.http11 - DEBUG - response_closed.complete
2025-06-19 23:09:47,926 - telegram.ext.ExtBot - DEBUG - No new updates found.
2025-06-19 23:09:47,926 - telegram.ext.ExtBot - DEBUG - ()
2025-06-19 23:09:47,926 - telegram.ext.ExtBot - DEBUG - Exiting: get_updates
2025-06-19 23:09:47,926 - telegram.ext.ExtBot - DEBUG - Entering: get_updates
2025-06-19 23:09:47,929 - httpcore.http11 - DEBUG - send_request_headers.started request=<Request [b'POST']>
2025-06-19 23:09:47,930 - httpcore.http11 - DEBUG - send_request_headers.complete
2025-06-19 23:09:47,931 - httpcore.http11 - DEBUG - send_request_body.started request=<Request [b'POST']>
2025-06-19 23:09:47,931 - httpcore.http11 - DEBUG - send_request_body.complete
2025-06-19 23:09:47,932 - httpcore.http11 - DEBUG - receive_response_headers.started request=<Request [b'POST']>
2025-06-19 23:09:58,420 - httpcore.http11 - DEBUG - receive_response_headers.complete return_value=(b'HTTP/1.1', 200, b'OK', [(b'Server', b'nginx/1.18.0'), (b'Date', b'Thu, 19 Jun 2025 22:09:58 GMT'), (b'Content-Type', b'application/json'), (b'Content-Length', b'23'), (b'Connection', b'keep-alive'), (b'Strict-Transport-Security', b'max-age=31536000; includeSubDomains; preload'), (b'Access-Control-Allow-Origin', b'*'), (b'Access-Control-Allow-Methods', b'GET, POST, OPTIONS'), (b'Access-Control-Expose-Headers', b'Content-Length,Content-Type,Date,Server,Connection')])
2025-06-19 23:09:58,421 - httpx - INFO - HTTP Request: POST https://api.telegram.org/bot7707158318:AAE8rWa4Q8Z_3avql6K0HAmXaooZAReoNF0/getUpdates "HTTP/1.1 200 OK"
2025-06-19 23:09:58,422 - httpcore.http11 - DEBUG - receive_response_body.started request=<Request [b'POST']>
2025-06-19 23:09:58,423 - httpcore.http11 - DEBUG - receive_response_body.complete
2025-06-19 23:09:58,423 - httpcore.http11 - DEBUG - response_closed.started
2025-06-19 23:09:58,424 - httpcore.http11 - DEBUG - response_closed.complete
2025-06-19 23:09:58,424 - telegram.ext.ExtBot - DEBUG - No new updates found.
2025-06-19 23:09:58,424 - telegram.ext.ExtBot - DEBUG - ()
2025-06-19 23:09:58,424 - telegram.ext.ExtBot - DEBUG - Exiting: get_updates
2025-06-19 23:09:58,424 - telegram.ext.ExtBot - DEBUG - Entering: get_updates
2025-06-19 23:09:58,426 - httpcore.http11 - DEBUG - send_request_headers.started request=<Request [b'POST']>
2025-06-19 23:09:58,427 - httpcore.http11 - DEBUG - send_request_headers.complete
2025-06-19 23:09:58,428 - httpcore.http11 - DEBUG - send_request_body.started request=<Request [b'POST']>
2025-06-19 23:09:58,428 - httpcore.http11 - DEBUG - send_request_body.complete
2025-06-19 23:09:58,428 - httpcore.http11 - DEBUG - receive_response_headers.started request=<Request [b'POST']>
2025-06-19 23:10:08,513 - httpcore.http11 - DEBUG - receive_response_headers.complete return_value=(b'HTTP/1.1', 200, b'OK', [(b'Server', b'nginx/1.18.0'), (b'Date', b'Thu, 19 Jun 2025 22:10:08 GMT'), (b'Content-Type', b'application/json'), (b'Content-Length', b'23'), (b'Connection', b'keep-alive'), (b'Strict-Transport-Security', b'max-age=31536000; includeSubDomains; preload'), (b'Access-Control-Allow-Origin', b'*'), (b'Access-Control-Allow-Methods', b'GET, POST, OPTIONS'), (b'Access-Control-Expose-Headers', b'Content-Length,Content-Type,Date,Server,Connection')])
2025-06-19 23:10:08,513 - httpx - INFO - HTTP Request: POST https://api.telegram.org/bot7707158318:AAE8rWa4Q8Z_3avql6K0HAmXaooZAReoNF0/getUpdates "HTTP/1.1 200 OK"
2025-06-19 23:10:08,516 - httpcore.http11 - DEBUG - receive_response_body.started request=<Request [b'POST']>
2025-06-19 23:10:08,516 - httpcore.http11 - DEBUG - receive_response_body.complete
2025-06-19 23:10:08,518 - httpcore.http11 - DEBUG - response_closed.started
2025-06-19 23:10:08,518 - httpcore.http11 - DEBUG - response_closed.complete
2025-06-19 23:10:08,520 - telegram.ext.ExtBot - DEBUG - No new updates found.
2025-06-19 23:10:08,520 - telegram.ext.ExtBot - DEBUG - ()
2025-06-19 23:10:08,520 - telegram.ext.ExtBot - DEBUG - Exiting: get_updates
2025-06-19 23:10:08,520 - telegram.ext.ExtBot - DEBUG - Entering: get_updates
2025-06-19 23:10:08,522 - httpcore.http11 - DEBUG - send_request_headers.started request=<Request [b'POST']>
2025-06-19 23:10:08,525 - httpcore.http11 - DEBUG - send_request_headers.complete
2025-06-19 23:10:08,525 - httpcore.http11 - DEBUG - send_request_body.started request=<Request [b'POST']>
2025-06-19 23:10:08,525 - httpcore.http11 - DEBUG - send_request_body.complete
2025-06-19 23:10:08,525 - httpcore.http11 - DEBUG - receive_response_headers.started request=<Request [b'POST']>
2025-06-19 23:10:19,727 - httpcore.http11 - DEBUG - receive_response_headers.complete return_value=(b'HTTP/1.1', 200, b'OK', [(b'Server', b'nginx/1.18.0'), (b'Date', b'Thu, 19 Jun 2025 22:10:18 GMT'), (b'Content-Type', b'application/json'), (b'Content-Length', b'23'), (b'Connection', b'keep-alive'), (b'Strict-Transport-Security', b'max-age=31536000; includeSubDomains; preload'), (b'Access-Control-Allow-Origin', b'*'), (b'Access-Control-Allow-Methods', b'GET, POST, OPTIONS'), (b'Access-Control-Expose-Headers', b'Content-Length,Content-Type,Date,Server,Connection')])
2025-06-19 23:10:19,731 - httpx - INFO - HTTP Request: POST https://api.telegram.org/bot7707158318:AAE8rWa4Q8Z_3avql6K0HAmXaooZAReoNF0/getUpdates "HTTP/1.1 200 OK"
2025-06-19 23:10:19,736 - httpcore.http11 - DEBUG - receive_response_body.started request=<Request [b'POST']>
2025-06-19 23:10:19,736 - httpcore.http11 - DEBUG - receive_response_body.complete
2025-06-19 23:10:19,736 - httpcore.http11 - DEBUG - response_closed.started
2025-06-19 23:10:19,736 - httpcore.http11 - DEBUG - response_closed.complete
2025-06-19 23:10:19,738 - telegram.ext.ExtBot - DEBUG - No new updates found.
2025-06-19 23:10:19,738 - telegram.ext.ExtBot - DEBUG - ()
2025-06-19 23:10:19,738 - telegram.ext.ExtBot - DEBUG - Exiting: get_updates
2025-06-19 23:10:19,738 - telegram.ext.ExtBot - DEBUG - Entering: get_updates
2025-06-19 23:10:19,741 - httpcore.http11 - DEBUG - send_request_headers.started request=<Request [b'POST']>
2025-06-19 23:10:19,741 - httpcore.http11 - DEBUG - send_request_headers.complete
2025-06-19 23:10:19,741 - httpcore.http11 - DEBUG - send_request_body.started request=<Request [b'POST']>
2025-06-19 23:10:19,742 - httpcore.http11 - DEBUG - send_request_body.complete
2025-06-19 23:10:19,742 - httpcore.http11 - DEBUG - receive_response_headers.started request=<Request [b'POST']>
2025-06-19 23:10:29,888 - httpcore.http11 - DEBUG - receive_response_headers.complete return_value=(b'HTTP/1.1', 200, b'OK', [(b'Server', b'nginx/1.18.0'), (b'Date', b'Thu, 19 Jun 2025 22:10:29 GMT'), (b'Content-Type', b'application/json'), (b'Content-Length', b'23'), (b'Connection', b'keep-alive'), (b'Strict-Transport-Security', b'max-age=31536000; includeSubDomains; preload'), (b'Access-Control-Allow-Origin', b'*'), (b'Access-Control-Allow-Methods', b'GET, POST, OPTIONS'), (b'Access-Control-Expose-Headers', b'Content-Length,Content-Type,Date,Server,Connection')])
2025-06-19 23:10:29,889 - httpx - INFO - HTTP Request: POST https://api.telegram.org/bot7707158318:AAE8rWa4Q8Z_3avql6K0HAmXaooZAReoNF0/getUpdates "HTTP/1.1 200 OK"
2025-06-19 23:10:29,890 - httpcore.http11 - DEBUG - receive_response_body.started request=<Request [b'POST']>
2025-06-19 23:10:29,891 - httpcore.http11 - DEBUG - receive_response_body.complete
2025-06-19 23:10:29,891 - httpcore.http11 - DEBUG - response_closed.started
2025-06-19 23:10:29,891 - httpcore.http11 - DEBUG - response_closed.complete
2025-06-19 23:10:29,891 - telegram.ext.ExtBot - DEBUG - No new updates found.
2025-06-19 23:10:29,891 - telegram.ext.ExtBot - DEBUG - ()
2025-06-19 23:10:29,891 - telegram.ext.ExtBot - DEBUG - Exiting: get_updates
2025-06-19 23:10:29,893 - telegram.ext.ExtBot - DEBUG - Entering: get_updates
2025-06-19 23:10:29,894 - httpcore.http11 - DEBUG - send_request_headers.started request=<Request [b'POST']>
2025-06-19 23:10:29,895 - httpcore.http11 - DEBUG - send_request_headers.complete
2025-06-19 23:10:29,895 - httpcore.http11 - DEBUG - send_request_body.started request=<Request [b'POST']>
2025-06-19 23:10:29,895 - httpcore.http11 - DEBUG - send_request_body.complete
2025-06-19 23:10:29,895 - httpcore.http11 - DEBUG - receive_response_headers.started request=<Request [b'POST']>
2025-06-19 23:10:40,631 - httpcore.http11 - DEBUG - receive_response_headers.complete return_value=(b'HTTP/1.1', 200, b'OK', [(b'Server', b'nginx/1.18.0'), (b'Date', b'Thu, 19 Jun 2025 22:10:39 GMT'), (b'Content-Type', b'application/json'), (b'Content-Length', b'23'), (b'Connection', b'keep-alive'), (b'Strict-Transport-Security', b'max-age=31536000; includeSubDomains; preload'), (b'Access-Control-Allow-Origin', b'*'), (b'Access-Control-Allow-Methods', b'GET, POST, OPTIONS'), (b'Access-Control-Expose-Headers', b'Content-Length,Content-Type,Date,Server,Connection')])
2025-06-19 23:10:40,633 - httpx - INFO - HTTP Request: POST https://api.telegram.org/bot7707158318:AAE8rWa4Q8Z_3avql6K0HAmXaooZAReoNF0/getUpdates "HTTP/1.1 200 OK"
2025-06-19 23:10:40,635 - httpcore.http11 - DEBUG - receive_response_body.started request=<Request [b'POST']>
2025-06-19 23:10:40,635 - httpcore.http11 - DEBUG - receive_response_body.complete
2025-06-19 23:10:40,635 - httpcore.http11 - DEBUG - response_closed.started
2025-06-19 23:10:40,635 - httpcore.http11 - DEBUG - response_closed.complete
2025-06-19 23:10:40,637 - telegram.ext.ExtBot - DEBUG - No new updates found.
2025-06-19 23:10:40,637 - telegram.ext.ExtBot - DEBUG - ()
2025-06-19 23:10:40,637 - telegram.ext.ExtBot - DEBUG - Exiting: get_updates
2025-06-19 23:10:40,637 - telegram.ext.ExtBot - DEBUG - Entering: get_updates
2025-06-19 23:10:40,639 - httpcore.http11 - DEBUG - send_request_headers.started request=<Request [b'POST']>
2025-06-19 23:10:40,639 - httpcore.http11 - DEBUG - send_request_headers.complete
2025-06-19 23:10:40,639 - httpcore.http11 - DEBUG - send_request_body.started request=<Request [b'POST']>
2025-06-19 23:10:40,641 - httpcore.http11 - DEBUG - send_request_body.complete
2025-06-19 23:10:40,641 - httpcore.http11 - DEBUG - receive_response_headers.started request=<Request [b'POST']>
2025-06-19 23:10:50,906 - httpcore.http11 - DEBUG - receive_response_headers.complete return_value=(b'HTTP/1.1', 200, b'OK', [(b'Server', b'nginx/1.18.0'), (b'Date', b'Thu, 19 Jun 2025 22:10:50 GMT'), (b'Content-Type', b'application/json'), (b'Content-Length', b'23'), (b'Connection', b'keep-alive'), (b'Strict-Transport-Security', b'max-age=31536000; includeSubDomains; preload'), (b'Access-Control-Allow-Origin', b'*'), (b'Access-Control-Allow-Methods', b'GET, POST, OPTIONS'), (b'Access-Control-Expose-Headers', b'Content-Length,Content-Type,Date,Server,Connection')])
2025-06-19 23:10:50,908 - httpx - INFO - HTTP Request: POST https://api.telegram.org/bot7707158318:AAE8rWa4Q8Z_3avql6K0HAmXaooZAReoNF0/getUpdates "HTTP/1.1 200 OK"
2025-06-19 23:10:50,910 - httpcore.http11 - DEBUG - receive_response_body.started request=<Request [b'POST']>
2025-06-19 23:10:50,910 - httpcore.http11 - DEBUG - receive_response_body.complete
2025-06-19 23:10:50,911 - httpcore.http11 - DEBUG - response_closed.started
2025-06-19 23:10:50,911 - httpcore.http11 - DEBUG - response_closed.complete
2025-06-19 23:10:50,911 - telegram.ext.ExtBot - DEBUG - No new updates found.
2025-06-19 23:10:50,912 - telegram.ext.ExtBot - DEBUG - ()
2025-06-19 23:10:50,912 - telegram.ext.ExtBot - DEBUG - Exiting: get_updates
2025-06-19 23:10:50,912 - telegram.ext.ExtBot - DEBUG - Entering: get_updates
2025-06-19 23:10:50,914 - httpcore.http11 - DEBUG - send_request_headers.started request=<Request [b'POST']>
2025-06-19 23:10:50,916 - httpcore.http11 - DEBUG - send_request_headers.complete
2025-06-19 23:10:50,916 - httpcore.http11 - DEBUG - send_request_body.started request=<Request [b'POST']>
2025-06-19 23:10:50,916 - httpcore.http11 - DEBUG - send_request_body.complete
2025-06-19 23:10:50,918 - httpcore.http11 - DEBUG - receive_response_headers.started request=<Request [b'POST']>
2025-06-19 23:11:01,505 - httpcore.http11 - DEBUG - receive_response_headers.complete return_value=(b'HTTP/1.1', 200, b'OK', [(b'Server', b'nginx/1.18.0'), (b'Date', b'Thu, 19 Jun 2025 22:11:00 GMT'), (b'Content-Type', b'application/json'), (b'Content-Length', b'23'), (b'Connection', b'keep-alive'), (b'Strict-Transport-Security', b'max-age=31536000; includeSubDomains; preload'), (b'Access-Control-Allow-Origin', b'*'), (b'Access-Control-Allow-Methods', b'GET, POST, OPTIONS'), (b'Access-Control-Expose-Headers', b'Content-Length,Content-Type,Date,Server,Connection')])
2025-06-19 23:11:01,508 - httpx - INFO - HTTP Request: POST https://api.telegram.org/bot7707158318:AAE8rWa4Q8Z_3avql6K0HAmXaooZAReoNF0/getUpdates "HTTP/1.1 200 OK"
2025-06-19 23:11:01,511 - httpcore.http11 - DEBUG - receive_response_body.started request=<Request [b'POST']>
2025-06-19 23:11:01,511 - httpcore.http11 - DEBUG - receive_response_body.complete
2025-06-19 23:11:01,511 - httpcore.http11 - DEBUG - response_closed.started
2025-06-19 23:11:01,513 - httpcore.http11 - DEBUG - response_closed.complete
2025-06-19 23:11:01,513 - telegram.ext.ExtBot - DEBUG - No new updates found.
2025-06-19 23:11:01,513 - telegram.ext.ExtBot - DEBUG - ()
2025-06-19 23:11:01,513 - telegram.ext.ExtBot - DEBUG - Exiting: get_updates
2025-06-19 23:11:01,513 - telegram.ext.ExtBot - DEBUG - Entering: get_updates
2025-06-19 23:11:01,515 - httpcore.http11 - DEBUG - send_request_headers.started request=<Request [b'POST']>
2025-06-19 23:11:01,515 - httpcore.http11 - DEBUG - send_request_headers.complete
2025-06-19 23:11:01,515 - httpcore.http11 - DEBUG - send_request_body.started request=<Request [b'POST']>
2025-06-19 23:11:01,517 - httpcore.http11 - DEBUG - send_request_body.complete
2025-06-19 23:11:01,517 - httpcore.http11 - DEBUG - receive_response_headers.started request=<Request [b'POST']>
2025-06-19 23:11:13,452 - httpcore.http11 - DEBUG - receive_response_headers.complete return_value=(b'HTTP/1.1', 200, b'OK', [(b'Server', b'nginx/1.18.0'), (b'Date', b'Thu, 19 Jun 2025 22:11:11 GMT'), (b'Content-Type', b'application/json'), (b'Content-Length', b'23'), (b'Connection', b'keep-alive'), (b'Strict-Transport-Security', b'max-age=31536000; includeSubDomains; preload'), (b'Access-Control-Allow-Origin', b'*'), (b'Access-Control-Allow-Methods', b'GET, POST, OPTIONS'), (b'Access-Control-Expose-Headers', b'Content-Length,Content-Type,Date,Server,Connection')])
2025-06-19 23:11:13,456 - httpx - INFO - HTTP Request: POST https://api.telegram.org/bot7707158318:AAE8rWa4Q8Z_3avql6K0HAmXaooZAReoNF0/getUpdates "HTTP/1.1 200 OK"
2025-06-19 23:11:13,457 - httpcore.http11 - DEBUG - receive_response_body.started request=<Request [b'POST']>
2025-06-19 23:11:13,457 - httpcore.http11 - DEBUG - receive_response_body.complete
2025-06-19 23:11:13,457 - httpcore.http11 - DEBUG - response_closed.started
2025-06-19 23:11:13,457 - httpcore.http11 - DEBUG - response_closed.complete
2025-06-19 23:11:13,459 - telegram.ext.ExtBot - DEBUG - No new updates found.
2025-06-19 23:11:13,459 - telegram.ext.ExtBot - DEBUG - ()
2025-06-19 23:11:13,459 - telegram.ext.ExtBot - DEBUG - Exiting: get_updates
2025-06-19 23:11:13,459 - telegram.ext.ExtBot - DEBUG - Entering: get_updates
2025-06-19 23:11:13,462 - httpcore.http11 - DEBUG - send_request_headers.started request=<Request [b'POST']>
2025-06-19 23:11:13,462 - httpcore.http11 - DEBUG - send_request_headers.complete
2025-06-19 23:11:13,462 - httpcore.http11 - DEBUG - send_request_body.started request=<Request [b'POST']>
2025-06-19 23:11:13,464 - httpcore.http11 - DEBUG - send_request_body.complete
2025-06-19 23:11:13,464 - httpcore.http11 - DEBUG - receive_response_headers.started request=<Request [b'POST']>
2025-06-19 23:11:24,378 - httpcore.http11 - DEBUG - receive_response_headers.complete return_value=(b'HTTP/1.1', 200, b'OK', [(b'Server', b'nginx/1.18.0'), (b'Date', b'Thu, 19 Jun 2025 22:11:23 GMT'), (b'Content-Type', b'application/json'), (b'Content-Length', b'23'), (b'Connection', b'keep-alive'), (b'Strict-Transport-Security', b'max-age=31536000; includeSubDomains; preload'), (b'Access-Control-Allow-Origin', b'*'), (b'Access-Control-Allow-Methods', b'GET, POST, OPTIONS'), (b'Access-Control-Expose-Headers', b'Content-Length,Content-Type,Date,Server,Connection')])
2025-06-19 23:11:24,378 - httpx - INFO - HTTP Request: POST https://api.telegram.org/bot7707158318:AAE8rWa4Q8Z_3avql6K0HAmXaooZAReoNF0/getUpdates "HTTP/1.1 200 OK"
2025-06-19 23:11:24,380 - httpcore.http11 - DEBUG - receive_response_body.started request=<Request [b'POST']>
2025-06-19 23:11:24,382 - httpcore.http11 - DEBUG - receive_response_body.complete
2025-06-19 23:11:24,382 - httpcore.http11 - DEBUG - response_closed.started
2025-06-19 23:11:24,382 - httpcore.http11 - DEBUG - response_closed.complete
2025-06-19 23:11:24,382 - telegram.ext.ExtBot - DEBUG - No new updates found.
2025-06-19 23:11:24,382 - telegram.ext.ExtBot - DEBUG - ()
2025-06-19 23:11:24,382 - telegram.ext.ExtBot - DEBUG - Exiting: get_updates
2025-06-19 23:11:24,382 - telegram.ext.ExtBot - DEBUG - Entering: get_updates
2025-06-19 23:11:24,386 - httpcore.http11 - DEBUG - send_request_headers.started request=<Request [b'POST']>
2025-06-19 23:11:24,386 - httpcore.http11 - DEBUG - send_request_headers.complete
2025-06-19 23:11:24,386 - httpcore.http11 - DEBUG - send_request_body.started request=<Request [b'POST']>
2025-06-19 23:11:24,389 - httpcore.http11 - DEBUG - send_request_body.complete
2025-06-19 23:11:24,389 - httpcore.http11 - DEBUG - receive_response_headers.started request=<Request [b'POST']>
2025-06-19 23:11:35,552 - httpcore.http11 - DEBUG - receive_response_headers.complete return_value=(b'HTTP/1.1', 200, b'OK', [(b'Server', b'nginx/1.18.0'), (b'Date', b'Thu, 19 Jun 2025 22:11:34 GMT'), (b'Content-Type', b'application/json'), (b'Content-Length', b'23'), (b'Connection', b'keep-alive'), (b'Strict-Transport-Security', b'max-age=31536000; includeSubDomains; preload'), (b'Access-Control-Allow-Origin', b'*'), (b'Access-Control-Allow-Methods', b'GET, POST, OPTIONS'), (b'Access-Control-Expose-Headers', b'Content-Length,Content-Type,Date,Server,Connection')])
2025-06-19 23:11:35,552 - httpx - INFO - HTTP Request: POST https://api.telegram.org/bot7707158318:AAE8rWa4Q8Z_3avql6K0HAmXaooZAReoNF0/getUpdates "HTTP/1.1 200 OK"
2025-06-19 23:11:35,557 - httpcore.http11 - DEBUG - receive_response_body.started request=<Request [b'POST']>
2025-06-19 23:11:35,557 - httpcore.http11 - DEBUG - receive_response_body.complete
2025-06-19 23:11:35,557 - httpcore.http11 - DEBUG - response_closed.started
2025-06-19 23:11:35,559 - httpcore.http11 - DEBUG - response_closed.complete
2025-06-19 23:11:35,559 - telegram.ext.ExtBot - DEBUG - No new updates found.
2025-06-19 23:11:35,559 - telegram.ext.ExtBot - DEBUG - ()
2025-06-19 23:11:35,559 - telegram.ext.ExtBot - DEBUG - Exiting: get_updates
2025-06-19 23:11:35,559 - telegram.ext.ExtBot - DEBUG - Entering: get_updates
2025-06-19 23:11:35,561 - httpcore.http11 - DEBUG - send_request_headers.started request=<Request [b'POST']>
2025-06-19 23:11:35,561 - httpcore.http11 - DEBUG - send_request_headers.complete
2025-06-19 23:11:35,563 - httpcore.http11 - DEBUG - send_request_body.started request=<Request [b'POST']>
2025-06-19 23:11:35,563 - httpcore.http11 - DEBUG - send_request_body.complete
2025-06-19 23:11:35,563 - httpcore.http11 - DEBUG - receive_response_headers.started request=<Request [b'POST']>
2025-06-19 23:11:45,683 - httpcore.http11 - DEBUG - receive_response_headers.complete return_value=(b'HTTP/1.1', 200, b'OK', [(b'Server', b'nginx/1.18.0'), (b'Date', b'Thu, 19 Jun 2025 22:11:45 GMT'), (b'Content-Type', b'application/json'), (b'Content-Length', b'23'), (b'Connection', b'keep-alive'), (b'Strict-Transport-Security', b'max-age=31536000; includeSubDomains; preload'), (b'Access-Control-Allow-Origin', b'*'), (b'Access-Control-Allow-Methods', b'GET, POST, OPTIONS'), (b'Access-Control-Expose-Headers', b'Content-Length,Content-Type,Date,Server,Connection')])
2025-06-19 23:11:45,685 - httpx - INFO - HTTP Request: POST https://api.telegram.org/bot7707158318:AAE8rWa4Q8Z_3avql6K0HAmXaooZAReoNF0/getUpdates "HTTP/1.1 200 OK"
2025-06-19 23:11:45,685 - httpcore.http11 - DEBUG - receive_response_body.started request=<Request [b'POST']>
2025-06-19 23:11:45,687 - httpcore.http11 - DEBUG - receive_response_body.complete
2025-06-19 23:11:45,687 - httpcore.http11 - DEBUG - response_closed.started
2025-06-19 23:11:45,687 - httpcore.http11 - DEBUG - response_closed.complete
2025-06-19 23:11:45,688 - telegram.ext.ExtBot - DEBUG - No new updates found.
2025-06-19 23:11:45,688 - telegram.ext.ExtBot - DEBUG - ()
2025-06-19 23:11:45,688 - telegram.ext.ExtBot - DEBUG - Exiting: get_updates
2025-06-19 23:11:45,688 - telegram.ext.ExtBot - DEBUG - Entering: get_updates
2025-06-19 23:11:45,690 - httpcore.http11 - DEBUG - send_request_headers.started request=<Request [b'POST']>
2025-06-19 23:11:45,692 - httpcore.http11 - DEBUG - send_request_headers.complete
2025-06-19 23:11:45,692 - httpcore.http11 - DEBUG - send_request_body.started request=<Request [b'POST']>
2025-06-19 23:11:45,692 - httpcore.http11 - DEBUG - send_request_body.complete
2025-06-19 23:11:45,692 - httpcore.http11 - DEBUG - receive_response_headers.started request=<Request [b'POST']>
2025-06-19 23:11:55,922 - httpcore.http11 - DEBUG - receive_response_headers.complete return_value=(b'HTTP/1.1', 200, b'OK', [(b'Server', b'nginx/1.18.0'), (b'Date', b'Thu, 19 Jun 2025 22:11:55 GMT'), (b'Content-Type', b'application/json'), (b'Content-Length', b'23'), (b'Connection', b'keep-alive'), (b'Strict-Transport-Security', b'max-age=31536000; includeSubDomains; preload'), (b'Access-Control-Allow-Origin', b'*'), (b'Access-Control-Allow-Methods', b'GET, POST, OPTIONS'), (b'Access-Control-Expose-Headers', b'Content-Length,Content-Type,Date,Server,Connection')])
2025-06-19 23:11:55,925 - httpx - INFO - HTTP Request: POST https://api.telegram.org/bot7707158318:AAE8rWa4Q8Z_3avql6K0HAmXaooZAReoNF0/getUpdates "HTTP/1.1 200 OK"
2025-06-19 23:11:55,926 - httpcore.http11 - DEBUG - receive_response_body.started request=<Request [b'POST']>
2025-06-19 23:11:55,926 - httpcore.http11 - DEBUG - receive_response_body.complete
2025-06-19 23:11:55,926 - httpcore.http11 - DEBUG - response_closed.started
2025-06-19 23:11:55,926 - httpcore.http11 - DEBUG - response_closed.complete
2025-06-19 23:11:55,926 - telegram.ext.ExtBot - DEBUG - No new updates found.
2025-06-19 23:11:55,926 - telegram.ext.ExtBot - DEBUG - ()
2025-06-19 23:11:55,926 - telegram.ext.ExtBot - DEBUG - Exiting: get_updates
2025-06-19 23:11:55,926 - telegram.ext.ExtBot - DEBUG - Entering: get_updates
2025-06-19 23:11:55,933 - httpcore.http11 - DEBUG - send_request_headers.started request=<Request [b'POST']>
2025-06-19 23:11:55,933 - httpcore.http11 - DEBUG - send_request_headers.complete
2025-06-19 23:11:55,933 - httpcore.http11 - DEBUG - send_request_body.started request=<Request [b'POST']>
2025-06-19 23:11:55,933 - httpcore.http11 - DEBUG - send_request_body.complete
2025-06-19 23:11:55,933 - httpcore.http11 - DEBUG - receive_response_headers.started request=<Request [b'POST']>
2025-06-19 23:12:06,036 - httpcore.http11 - DEBUG - receive_response_headers.complete return_value=(b'HTTP/1.1', 200, b'OK', [(b'Server', b'nginx/1.18.0'), (b'Date', b'Thu, 19 Jun 2025 22:12:06 GMT'), (b'Content-Type', b'application/json'), (b'Content-Length', b'23'), (b'Connection', b'keep-alive'), (b'Strict-Transport-Security', b'max-age=31536000; includeSubDomains; preload'), (b'Access-Control-Allow-Origin', b'*'), (b'Access-Control-Allow-Methods', b'GET, POST, OPTIONS'), (b'Access-Control-Expose-Headers', b'Content-Length,Content-Type,Date,Server,Connection')])
2025-06-19 23:12:06,038 - httpx - INFO - HTTP Request: POST https://api.telegram.org/bot7707158318:AAE8rWa4Q8Z_3avql6K0HAmXaooZAReoNF0/getUpdates "HTTP/1.1 200 OK"
2025-06-19 23:12:06,040 - httpcore.http11 - DEBUG - receive_response_body.started request=<Request [b'POST']>
2025-06-19 23:12:06,040 - httpcore.http11 - DEBUG - receive_response_body.complete
2025-06-19 23:12:06,041 - httpcore.http11 - DEBUG - response_closed.started
2025-06-19 23:12:06,041 - httpcore.http11 - DEBUG - response_closed.complete
2025-06-19 23:12:06,043 - telegram.ext.ExtBot - DEBUG - No new updates found.
2025-06-19 23:12:06,043 - telegram.ext.ExtBot - DEBUG - ()
2025-06-19 23:12:06,043 - telegram.ext.ExtBot - DEBUG - Exiting: get_updates
2025-06-19 23:12:06,043 - telegram.ext.ExtBot - DEBUG - Entering: get_updates
2025-06-19 23:12:06,045 - httpcore.http11 - DEBUG - send_request_headers.started request=<Request [b'POST']>
2025-06-19 23:12:06,046 - httpcore.http11 - DEBUG - send_request_headers.complete
2025-06-19 23:12:06,046 - httpcore.http11 - DEBUG - send_request_body.started request=<Request [b'POST']>
2025-06-19 23:12:06,046 - httpcore.http11 - DEBUG - send_request_body.complete
2025-06-19 23:12:06,046 - httpcore.http11 - DEBUG - receive_response_headers.started request=<Request [b'POST']>
2025-06-19 23:12:16,130 - httpcore.http11 - DEBUG - receive_response_headers.complete return_value=(b'HTTP/1.1', 200, b'OK', [(b'Server', b'nginx/1.18.0'), (b'Date', b'Thu, 19 Jun 2025 22:12:16 GMT'), (b'Content-Type', b'application/json'), (b'Content-Length', b'23'), (b'Connection', b'keep-alive'), (b'Strict-Transport-Security', b'max-age=31536000; includeSubDomains; preload'), (b'Access-Control-Allow-Origin', b'*'), (b'Access-Control-Allow-Methods', b'GET, POST, OPTIONS'), (b'Access-Control-Expose-Headers', b'Content-Length,Content-Type,Date,Server,Connection')])
2025-06-19 23:12:16,130 - httpx - INFO - HTTP Request: POST https://api.telegram.org/bot7707158318:AAE8rWa4Q8Z_3avql6K0HAmXaooZAReoNF0/getUpdates "HTTP/1.1 200 OK"
2025-06-19 23:12:16,135 - httpcore.http11 - DEBUG - receive_response_body.started request=<Request [b'POST']>
2025-06-19 23:12:16,135 - httpcore.http11 - DEBUG - receive_response_body.complete
2025-06-19 23:12:16,135 - httpcore.http11 - DEBUG - response_closed.started
2025-06-19 23:12:16,135 - httpcore.http11 - DEBUG - response_closed.complete
2025-06-19 23:12:16,137 - telegram.ext.ExtBot - DEBUG - No new updates found.
2025-06-19 23:12:16,137 - telegram.ext.ExtBot - DEBUG - ()
2025-06-19 23:12:16,137 - telegram.ext.ExtBot - DEBUG - Exiting: get_updates
2025-06-19 23:12:16,137 - telegram.ext.ExtBot - DEBUG - Entering: get_updates
2025-06-19 23:12:16,140 - httpcore.http11 - DEBUG - send_request_headers.started request=<Request [b'POST']>
2025-06-19 23:12:16,142 - httpcore.http11 - DEBUG - send_request_headers.complete
2025-06-19 23:12:16,142 - httpcore.http11 - DEBUG - send_request_body.started request=<Request [b'POST']>
2025-06-19 23:12:16,143 - httpcore.http11 - DEBUG - send_request_body.complete
2025-06-19 23:12:16,143 - httpcore.http11 - DEBUG - receive_response_headers.started request=<Request [b'POST']>
2025-06-19 23:12:26,234 - httpcore.http11 - DEBUG - receive_response_headers.complete return_value=(b'HTTP/1.1', 200, b'OK', [(b'Server', b'nginx/1.18.0'), (b'Date', b'Thu, 19 Jun 2025 22:12:26 GMT'), (b'Content-Type', b'application/json'), (b'Content-Length', b'23'), (b'Connection', b'keep-alive'), (b'Strict-Transport-Security', b'max-age=31536000; includeSubDomains; preload'), (b'Access-Control-Allow-Origin', b'*'), (b'Access-Control-Allow-Methods', b'GET, POST, OPTIONS'), (b'Access-Control-Expose-Headers', b'Content-Length,Content-Type,Date,Server,Connection')])
2025-06-19 23:12:26,236 - httpx - INFO - HTTP Request: POST https://api.telegram.org/bot7707158318:AAE8rWa4Q8Z_3avql6K0HAmXaooZAReoNF0/getUpdates "HTTP/1.1 200 OK"
2025-06-19 23:12:26,236 - httpcore.http11 - DEBUG - receive_response_body.started request=<Request [b'POST']>
2025-06-19 23:12:26,236 - httpcore.http11 - DEBUG - receive_response_body.complete
2025-06-19 23:12:26,236 - httpcore.http11 - DEBUG - response_closed.started
2025-06-19 23:12:26,236 - httpcore.http11 - DEBUG - response_closed.complete
2025-06-19 23:12:26,239 - telegram.ext.ExtBot - DEBUG - No new updates found.
2025-06-19 23:12:26,239 - telegram.ext.ExtBot - DEBUG - ()
2025-06-19 23:12:26,239 - telegram.ext.ExtBot - DEBUG - Exiting: get_updates
2025-06-19 23:12:26,240 - telegram.ext.ExtBot - DEBUG - Entering: get_updates
2025-06-19 23:12:26,240 - httpcore.http11 - DEBUG - send_request_headers.started request=<Request [b'POST']>
2025-06-19 23:12:26,240 - httpcore.http11 - DEBUG - send_request_headers.complete
2025-06-19 23:12:26,240 - httpcore.http11 - DEBUG - send_request_body.started request=<Request [b'POST']>
2025-06-19 23:12:26,244 - httpcore.http11 - DEBUG - send_request_body.complete
2025-06-19 23:12:26,244 - httpcore.http11 - DEBUG - receive_response_headers.started request=<Request [b'POST']>
2025-06-19 23:12:36,320 - httpcore.http11 - DEBUG - receive_response_headers.complete return_value=(b'HTTP/1.1', 200, b'OK', [(b'Server', b'nginx/1.18.0'), (b'Date', b'Thu, 19 Jun 2025 22:12:36 GMT'), (b'Content-Type', b'application/json'), (b'Content-Length', b'23'), (b'Connection', b'keep-alive'), (b'Strict-Transport-Security', b'max-age=31536000; includeSubDomains; preload'), (b'Access-Control-Allow-Origin', b'*'), (b'Access-Control-Allow-Methods', b'GET, POST, OPTIONS'), (b'Access-Control-Expose-Headers', b'Content-Length,Content-Type,Date,Server,Connection')])
2025-06-19 23:12:36,322 - httpx - INFO - HTTP Request: POST https://api.telegram.org/bot7707158318:AAE8rWa4Q8Z_3avql6K0HAmXaooZAReoNF0/getUpdates "HTTP/1.1 200 OK"
2025-06-19 23:12:36,322 - httpcore.http11 - DEBUG - receive_response_body.started request=<Request [b'POST']>
2025-06-19 23:12:36,322 - httpcore.http11 - DEBUG - receive_response_body.complete
2025-06-19 23:12:36,322 - httpcore.http11 - DEBUG - response_closed.started
2025-06-19 23:12:36,324 - httpcore.http11 - DEBUG - response_closed.complete
2025-06-19 23:12:36,325 - telegram.ext.ExtBot - DEBUG - No new updates found.
2025-06-19 23:12:36,325 - telegram.ext.ExtBot - DEBUG - ()
2025-06-19 23:12:36,325 - telegram.ext.ExtBot - DEBUG - Exiting: get_updates
2025-06-19 23:12:36,325 - telegram.ext.ExtBot - DEBUG - Entering: get_updates
2025-06-19 23:12:36,327 - httpcore.http11 - DEBUG - send_request_headers.started request=<Request [b'POST']>
2025-06-19 23:12:36,329 - httpcore.http11 - DEBUG - send_request_headers.complete
2025-06-19 23:12:36,329 - httpcore.http11 - DEBUG - send_request_body.started request=<Request [b'POST']>
2025-06-19 23:12:36,331 - httpcore.http11 - DEBUG - send_request_body.complete
2025-06-19 23:12:36,331 - httpcore.http11 - DEBUG - receive_response_headers.started request=<Request [b'POST']>
2025-06-19 23:12:46,716 - httpcore.http11 - DEBUG - receive_response_headers.complete return_value=(b'HTTP/1.1', 200, b'OK', [(b'Server', b'nginx/1.18.0'), (b'Date', b'Thu, 19 Jun 2025 22:12:46 GMT'), (b'Content-Type', b'application/json'), (b'Content-Length', b'23'), (b'Connection', b'keep-alive'), (b'Strict-Transport-Security', b'max-age=31536000; includeSubDomains; preload'), (b'Access-Control-Allow-Origin', b'*'), (b'Access-Control-Allow-Methods', b'GET, POST, OPTIONS'), (b'Access-Control-Expose-Headers', b'Content-Length,Content-Type,Date,Server,Connection')])
2025-06-19 23:12:46,717 - httpx - INFO - HTTP Request: POST https://api.telegram.org/bot7707158318:AAE8rWa4Q8Z_3avql6K0HAmXaooZAReoNF0/getUpdates "HTTP/1.1 200 OK"
2025-06-19 23:12:46,717 - httpcore.http11 - DEBUG - receive_response_body.started request=<Request [b'POST']>
2025-06-19 23:12:46,717 - httpcore.http11 - DEBUG - receive_response_body.complete
2025-06-19 23:12:46,717 - httpcore.http11 - DEBUG - response_closed.started
2025-06-19 23:12:46,720 - httpcore.http11 - DEBUG - response_closed.complete
2025-06-19 23:12:46,720 - telegram.ext.ExtBot - DEBUG - No new updates found.
2025-06-19 23:12:46,720 - telegram.ext.ExtBot - DEBUG - ()
2025-06-19 23:12:46,720 - telegram.ext.ExtBot - DEBUG - Exiting: get_updates
2025-06-19 23:12:46,721 - telegram.ext.ExtBot - DEBUG - Entering: get_updates
2025-06-19 23:12:46,721 - httpcore.http11 - DEBUG - send_request_headers.started request=<Request [b'POST']>
2025-06-19 23:12:46,721 - httpcore.http11 - DEBUG - send_request_headers.complete
2025-06-19 23:12:46,725 - httpcore.http11 - DEBUG - send_request_body.started request=<Request [b'POST']>
2025-06-19 23:12:46,726 - httpcore.http11 - DEBUG - send_request_body.complete
2025-06-19 23:12:46,726 - httpcore.http11 - DEBUG - receive_response_headers.started request=<Request [b'POST']>
2025-06-19 23:12:56,789 - httpcore.http11 - DEBUG - receive_response_headers.complete return_value=(b'HTTP/1.1', 200, b'OK', [(b'Server', b'nginx/1.18.0'), (b'Date', b'Thu, 19 Jun 2025 22:12:56 GMT'), (b'Content-Type', b'application/json'), (b'Content-Length', b'23'), (b'Connection', b'keep-alive'), (b'Strict-Transport-Security', b'max-age=31536000; includeSubDomains; preload'), (b'Access-Control-Allow-Origin', b'*'), (b'Access-Control-Allow-Methods', b'GET, POST, OPTIONS'), (b'Access-Control-Expose-Headers', b'Content-Length,Content-Type,Date,Server,Connection')])
2025-06-19 23:12:56,791 - httpx - INFO - HTTP Request: POST https://api.telegram.org/bot7707158318:AAE8rWa4Q8Z_3avql6K0HAmXaooZAReoNF0/getUpdates "HTTP/1.1 200 OK"
2025-06-19 23:12:56,793 - httpcore.http11 - DEBUG - receive_response_body.started request=<Request [b'POST']>
2025-06-19 23:12:56,793 - httpcore.http11 - DEBUG - receive_response_body.complete
2025-06-19 23:12:56,793 - httpcore.http11 - DEBUG - response_closed.started
2025-06-19 23:12:56,793 - httpcore.http11 - DEBUG - response_closed.complete
2025-06-19 23:12:56,795 - telegram.ext.ExtBot - DEBUG - No new updates found.
2025-06-19 23:12:56,795 - telegram.ext.ExtBot - DEBUG - ()
2025-06-19 23:12:56,795 - telegram.ext.ExtBot - DEBUG - Exiting: get_updates
2025-06-19 23:12:56,795 - telegram.ext.ExtBot - DEBUG - Entering: get_updates
2025-06-19 23:12:56,797 - httpcore.http11 - DEBUG - send_request_headers.started request=<Request [b'POST']>
2025-06-19 23:12:56,798 - httpcore.http11 - DEBUG - send_request_headers.complete
2025-06-19 23:12:56,798 - httpcore.http11 - DEBUG - send_request_body.started request=<Request [b'POST']>
2025-06-19 23:12:56,798 - httpcore.http11 - DEBUG - send_request_body.complete
2025-06-19 23:12:56,798 - httpcore.http11 - DEBUG - receive_response_headers.started request=<Request [b'POST']>
2025-06-19 23:13:06,941 - httpcore.http11 - DEBUG - receive_response_headers.complete return_value=(b'HTTP/1.1', 200, b'OK', [(b'Server', b'nginx/1.18.0'), (b'Date', b'Thu, 19 Jun 2025 22:13:06 GMT'), (b'Content-Type', b'application/json'), (b'Content-Length', b'23'), (b'Connection', b'keep-alive'), (b'Strict-Transport-Security', b'max-age=31536000; includeSubDomains; preload'), (b'Access-Control-Allow-Origin', b'*'), (b'Access-Control-Allow-Methods', b'GET, POST, OPTIONS'), (b'Access-Control-Expose-Headers', b'Content-Length,Content-Type,Date,Server,Connection')])
2025-06-19 23:13:06,941 - httpx - INFO - HTTP Request: POST https://api.telegram.org/bot7707158318:AAE8rWa4Q8Z_3avql6K0HAmXaooZAReoNF0/getUpdates "HTTP/1.1 200 OK"
2025-06-19 23:13:06,944 - httpcore.http11 - DEBUG - receive_response_body.started request=<Request [b'POST']>
2025-06-19 23:13:06,945 - httpcore.http11 - DEBUG - receive_response_body.complete
2025-06-19 23:13:06,945 - httpcore.http11 - DEBUG - response_closed.started
2025-06-19 23:13:06,945 - httpcore.http11 - DEBUG - response_closed.complete
2025-06-19 23:13:06,945 - telegram.ext.ExtBot - DEBUG - No new updates found.
2025-06-19 23:13:06,945 - telegram.ext.ExtBot - DEBUG - ()
2025-06-19 23:13:06,945 - telegram.ext.ExtBot - DEBUG - Exiting: get_updates
2025-06-19 23:13:06,947 - telegram.ext.ExtBot - DEBUG - Entering: get_updates
2025-06-19 23:13:06,950 - httpcore.http11 - DEBUG - send_request_headers.started request=<Request [b'POST']>
2025-06-19 23:13:06,951 - httpcore.http11 - DEBUG - send_request_headers.complete
2025-06-19 23:13:06,951 - httpcore.http11 - DEBUG - send_request_body.started request=<Request [b'POST']>
2025-06-19 23:13:06,951 - httpcore.http11 - DEBUG - send_request_body.complete
2025-06-19 23:13:06,951 - httpcore.http11 - DEBUG - receive_response_headers.started request=<Request [b'POST']>
2025-06-19 23:13:17,030 - httpcore.http11 - DEBUG - receive_response_headers.complete return_value=(b'HTTP/1.1', 200, b'OK', [(b'Server', b'nginx/1.18.0'), (b'Date', b'Thu, 19 Jun 2025 22:13:17 GMT'), (b'Content-Type', b'application/json'), (b'Content-Length', b'23'), (b'Connection', b'keep-alive'), (b'Strict-Transport-Security', b'max-age=31536000; includeSubDomains; preload'), (b'Access-Control-Allow-Origin', b'*'), (b'Access-Control-Allow-Methods', b'GET, POST, OPTIONS'), (b'Access-Control-Expose-Headers', b'Content-Length,Content-Type,Date,Server,Connection')])
2025-06-19 23:13:17,030 - httpx - INFO - HTTP Request: POST https://api.telegram.org/bot7707158318:AAE8rWa4Q8Z_3avql6K0HAmXaooZAReoNF0/getUpdates "HTTP/1.1 200 OK"
2025-06-19 23:13:17,030 - httpcore.http11 - DEBUG - receive_response_body.started request=<Request [b'POST']>
2025-06-19 23:13:17,030 - httpcore.http11 - DEBUG - receive_response_body.complete
2025-06-19 23:13:17,034 - httpcore.http11 - DEBUG - response_closed.started
2025-06-19 23:13:17,034 - httpcore.http11 - DEBUG - response_closed.complete
2025-06-19 23:13:17,034 - telegram.ext.ExtBot - DEBUG - No new updates found.
2025-06-19 23:13:17,034 - telegram.ext.ExtBot - DEBUG - ()
2025-06-19 23:13:17,034 - telegram.ext.ExtBot - DEBUG - Exiting: get_updates
2025-06-19 23:13:17,036 - telegram.ext.ExtBot - DEBUG - Entering: get_updates
2025-06-19 23:13:17,036 - httpcore.http11 - DEBUG - send_request_headers.started request=<Request [b'POST']>
2025-06-19 23:13:17,038 - httpcore.http11 - DEBUG - send_request_headers.complete
2025-06-19 23:13:17,039 - httpcore.http11 - DEBUG - send_request_body.started request=<Request [b'POST']>
2025-06-19 23:13:17,039 - httpcore.http11 - DEBUG - send_request_body.complete
2025-06-19 23:13:17,039 - httpcore.http11 - DEBUG - receive_response_headers.started request=<Request [b'POST']>
2025-06-19 23:13:27,264 - httpcore.http11 - DEBUG - receive_response_headers.complete return_value=(b'HTTP/1.1', 200, b'OK', [(b'Server', b'nginx/1.18.0'), (b'Date', b'Thu, 19 Jun 2025 22:13:27 GMT'), (b'Content-Type', b'application/json'), (b'Content-Length', b'23'), (b'Connection', b'keep-alive'), (b'Strict-Transport-Security', b'max-age=31536000; includeSubDomains; preload'), (b'Access-Control-Allow-Origin', b'*'), (b'Access-Control-Allow-Methods', b'GET, POST, OPTIONS'), (b'Access-Control-Expose-Headers', b'Content-Length,Content-Type,Date,Server,Connection')])
2025-06-19 23:13:27,266 - httpx - INFO - HTTP Request: POST https://api.telegram.org/bot7707158318:AAE8rWa4Q8Z_3avql6K0HAmXaooZAReoNF0/getUpdates "HTTP/1.1 200 OK"
2025-06-19 23:13:27,268 - httpcore.http11 - DEBUG - receive_response_body.started request=<Request [b'POST']>
2025-06-19 23:13:27,270 - httpcore.http11 - DEBUG - receive_response_body.complete
2025-06-19 23:13:27,270 - httpcore.http11 - DEBUG - response_closed.started
2025-06-19 23:13:27,270 - httpcore.http11 - DEBUG - response_closed.complete
2025-06-19 23:13:27,273 - telegram.ext.ExtBot - DEBUG - No new updates found.
2025-06-19 23:13:27,273 - telegram.ext.ExtBot - DEBUG - ()
2025-06-19 23:13:27,273 - telegram.ext.ExtBot - DEBUG - Exiting: get_updates
2025-06-19 23:13:27,273 - telegram.ext.ExtBot - DEBUG - Entering: get_updates
2025-06-19 23:13:27,273 - httpcore.http11 - DEBUG - send_request_headers.started request=<Request [b'POST']>
2025-06-19 23:13:27,276 - httpcore.http11 - DEBUG - send_request_headers.complete
2025-06-19 23:13:27,276 - httpcore.http11 - DEBUG - send_request_body.started request=<Request [b'POST']>
2025-06-19 23:13:27,276 - httpcore.http11 - DEBUG - send_request_body.complete
2025-06-19 23:13:27,278 - httpcore.http11 - DEBUG - receive_response_headers.started request=<Request [b'POST']>
2025-06-19 23:13:37,403 - httpcore.http11 - DEBUG - receive_response_headers.complete return_value=(b'HTTP/1.1', 200, b'OK', [(b'Server', b'nginx/1.18.0'), (b'Date', b'Thu, 19 Jun 2025 22:13:37 GMT'), (b'Content-Type', b'application/json'), (b'Content-Length', b'23'), (b'Connection', b'keep-alive'), (b'Strict-Transport-Security', b'max-age=31536000; includeSubDomains; preload'), (b'Access-Control-Allow-Origin', b'*'), (b'Access-Control-Allow-Methods', b'GET, POST, OPTIONS'), (b'Access-Control-Expose-Headers', b'Content-Length,Content-Type,Date,Server,Connection')])
2025-06-19 23:13:37,403 - httpx - INFO - HTTP Request: POST https://api.telegram.org/bot7707158318:AAE8rWa4Q8Z_3avql6K0HAmXaooZAReoNF0/getUpdates "HTTP/1.1 200 OK"
2025-06-19 23:13:37,420 - httpcore.http11 - DEBUG - receive_response_body.started request=<Request [b'POST']>
2025-06-19 23:13:37,420 - httpcore.http11 - DEBUG - receive_response_body.complete
2025-06-19 23:13:37,420 - httpcore.http11 - DEBUG - response_closed.started
2025-06-19 23:13:37,420 - httpcore.http11 - DEBUG - response_closed.complete
2025-06-19 23:13:37,422 - telegram.ext.ExtBot - DEBUG - No new updates found.
2025-06-19 23:13:37,422 - telegram.ext.ExtBot - DEBUG - ()
2025-06-19 23:13:37,422 - telegram.ext.ExtBot - DEBUG - Exiting: get_updates
2025-06-19 23:13:37,422 - telegram.ext.ExtBot - DEBUG - Entering: get_updates
2025-06-19 23:13:37,424 - httpcore.http11 - DEBUG - send_request_headers.started request=<Request [b'POST']>
2025-06-19 23:13:37,426 - httpcore.http11 - DEBUG - send_request_headers.complete
2025-06-19 23:13:37,426 - httpcore.http11 - DEBUG - send_request_body.started request=<Request [b'POST']>
2025-06-19 23:13:37,426 - httpcore.http11 - DEBUG - send_request_body.complete
2025-06-19 23:13:37,426 - httpcore.http11 - DEBUG - receive_response_headers.started request=<Request [b'POST']>
2025-06-19 23:13:47,745 - httpcore.http11 - DEBUG - receive_response_headers.complete return_value=(b'HTTP/1.1', 200, b'OK', [(b'Server', b'nginx/1.18.0'), (b'Date', b'Thu, 19 Jun 2025 22:13:47 GMT'), (b'Content-Type', b'application/json'), (b'Content-Length', b'23'), (b'Connection', b'keep-alive'), (b'Strict-Transport-Security', b'max-age=31536000; includeSubDomains; preload'), (b'Access-Control-Allow-Origin', b'*'), (b'Access-Control-Allow-Methods', b'GET, POST, OPTIONS'), (b'Access-Control-Expose-Headers', b'Content-Length,Content-Type,Date,Server,Connection')])
2025-06-19 23:13:47,747 - httpx - INFO - HTTP Request: POST https://api.telegram.org/bot7707158318:AAE8rWa4Q8Z_3avql6K0HAmXaooZAReoNF0/getUpdates "HTTP/1.1 200 OK"
2025-06-19 23:13:47,749 - httpcore.http11 - DEBUG - receive_response_body.started request=<Request [b'POST']>
2025-06-19 23:13:47,749 - httpcore.http11 - DEBUG - receive_response_body.complete
2025-06-19 23:13:47,751 - httpcore.http11 - DEBUG - response_closed.started
2025-06-19 23:13:47,751 - httpcore.http11 - DEBUG - response_closed.complete
2025-06-19 23:13:47,752 - telegram.ext.ExtBot - DEBUG - No new updates found.
2025-06-19 23:13:47,752 - telegram.ext.ExtBot - DEBUG - ()
2025-06-19 23:13:47,752 - telegram.ext.ExtBot - DEBUG - Exiting: get_updates
2025-06-19 23:13:47,752 - telegram.ext.ExtBot - DEBUG - Entering: get_updates
2025-06-19 23:13:47,752 - httpcore.http11 - DEBUG - send_request_headers.started request=<Request [b'POST']>
2025-06-19 23:13:47,756 - httpcore.http11 - DEBUG - send_request_headers.complete
2025-06-19 23:13:47,756 - httpcore.http11 - DEBUG - send_request_body.started request=<Request [b'POST']>
2025-06-19 23:13:47,758 - httpcore.http11 - DEBUG - send_request_body.complete
2025-06-19 23:13:47,758 - httpcore.http11 - DEBUG - receive_response_headers.started request=<Request [b'POST']>
2025-06-19 23:13:58,397 - httpcore.http11 - DEBUG - receive_response_headers.complete return_value=(b'HTTP/1.1', 200, b'OK', [(b'Server', b'nginx/1.18.0'), (b'Date', b'Thu, 19 Jun 2025 22:13:57 GMT'), (b'Content-Type', b'application/json'), (b'Content-Length', b'23'), (b'Connection', b'keep-alive'), (b'Strict-Transport-Security', b'max-age=31536000; includeSubDomains; preload'), (b'Access-Control-Allow-Origin', b'*'), (b'Access-Control-Allow-Methods', b'GET, POST, OPTIONS'), (b'Access-Control-Expose-Headers', b'Content-Length,Content-Type,Date,Server,Connection')])
2025-06-19 23:13:58,398 - httpx - INFO - HTTP Request: POST https://api.telegram.org/bot7707158318:AAE8rWa4Q8Z_3avql6K0HAmXaooZAReoNF0/getUpdates "HTTP/1.1 200 OK"
2025-06-19 23:13:58,401 - httpcore.http11 - DEBUG - receive_response_body.started request=<Request [b'POST']>
2025-06-19 23:13:58,402 - httpcore.http11 - DEBUG - receive_response_body.complete
2025-06-19 23:13:58,403 - httpcore.http11 - DEBUG - response_closed.started
2025-06-19 23:13:58,403 - httpcore.http11 - DEBUG - response_closed.complete
2025-06-19 23:13:58,404 - telegram.ext.ExtBot - DEBUG - No new updates found.
2025-06-19 23:13:58,404 - telegram.ext.ExtBot - DEBUG - ()
2025-06-19 23:13:58,405 - telegram.ext.ExtBot - DEBUG - Exiting: get_updates
2025-06-19 23:13:58,405 - telegram.ext.ExtBot - DEBUG - Entering: get_updates
2025-06-19 23:13:58,410 - httpcore.http11 - DEBUG - send_request_headers.started request=<Request [b'POST']>
2025-06-19 23:13:58,412 - httpcore.http11 - DEBUG - send_request_headers.complete
2025-06-19 23:13:58,413 - httpcore.http11 - DEBUG - send_request_body.started request=<Request [b'POST']>
2025-06-19 23:13:58,415 - httpcore.http11 - DEBUG - send_request_body.complete
2025-06-19 23:13:58,415 - httpcore.http11 - DEBUG - receive_response_headers.started request=<Request [b'POST']>
2025-06-19 23:14:08,490 - httpcore.http11 - DEBUG - receive_response_headers.complete return_value=(b'HTTP/1.1', 200, b'OK', [(b'Server', b'nginx/1.18.0'), (b'Date', b'Thu, 19 Jun 2025 22:14:08 GMT'), (b'Content-Type', b'application/json'), (b'Content-Length', b'23'), (b'Connection', b'keep-alive'), (b'Strict-Transport-Security', b'max-age=31536000; includeSubDomains; preload'), (b'Access-Control-Allow-Origin', b'*'), (b'Access-Control-Allow-Methods', b'GET, POST, OPTIONS'), (b'Access-Control-Expose-Headers', b'Content-Length,Content-Type,Date,Server,Connection')])
2025-06-19 23:14:08,492 - httpx - INFO - HTTP Request: POST https://api.telegram.org/bot7707158318:AAE8rWa4Q8Z_3avql6K0HAmXaooZAReoNF0/getUpdates "HTTP/1.1 200 OK"
2025-06-19 23:14:08,494 - httpcore.http11 - DEBUG - receive_response_body.started request=<Request [b'POST']>
2025-06-19 23:14:08,494 - httpcore.http11 - DEBUG - receive_response_body.complete
2025-06-19 23:14:08,494 - httpcore.http11 - DEBUG - response_closed.started
2025-06-19 23:14:08,495 - httpcore.http11 - DEBUG - response_closed.complete
2025-06-19 23:14:08,495 - telegram.ext.ExtBot - DEBUG - No new updates found.
2025-06-19 23:14:08,495 - telegram.ext.ExtBot - DEBUG - ()
2025-06-19 23:14:08,496 - telegram.ext.ExtBot - DEBUG - Exiting: get_updates
2025-06-19 23:14:08,496 - telegram.ext.ExtBot - DEBUG - Entering: get_updates
2025-06-19 23:14:08,498 - httpcore.http11 - DEBUG - send_request_headers.started request=<Request [b'POST']>
2025-06-19 23:14:08,500 - httpcore.http11 - DEBUG - send_request_headers.complete
2025-06-19 23:14:08,501 - httpcore.http11 - DEBUG - send_request_body.started request=<Request [b'POST']>
2025-06-19 23:14:08,501 - httpcore.http11 - DEBUG - send_request_body.complete
2025-06-19 23:14:08,501 - httpcore.http11 - DEBUG - receive_response_headers.started request=<Request [b'POST']>
2025-06-19 23:14:18,586 - httpcore.http11 - DEBUG - receive_response_headers.complete return_value=(b'HTTP/1.1', 200, b'OK', [(b'Server', b'nginx/1.18.0'), (b'Date', b'Thu, 19 Jun 2025 22:14:18 GMT'), (b'Content-Type', b'application/json'), (b'Content-Length', b'23'), (b'Connection', b'keep-alive'), (b'Strict-Transport-Security', b'max-age=31536000; includeSubDomains; preload'), (b'Access-Control-Allow-Origin', b'*'), (b'Access-Control-Allow-Methods', b'GET, POST, OPTIONS'), (b'Access-Control-Expose-Headers', b'Content-Length,Content-Type,Date,Server,Connection')])
2025-06-19 23:14:18,588 - httpx - INFO - HTTP Request: POST https://api.telegram.org/bot7707158318:AAE8rWa4Q8Z_3avql6K0HAmXaooZAReoNF0/getUpdates "HTTP/1.1 200 OK"
2025-06-19 23:14:18,593 - httpcore.http11 - DEBUG - receive_response_body.started request=<Request [b'POST']>
2025-06-19 23:14:18,593 - httpcore.http11 - DEBUG - receive_response_body.complete
2025-06-19 23:14:18,594 - httpcore.http11 - DEBUG - response_closed.started
2025-06-19 23:14:18,595 - httpcore.http11 - DEBUG - response_closed.complete
2025-06-19 23:14:18,596 - telegram.ext.ExtBot - DEBUG - No new updates found.
2025-06-19 23:14:18,596 - telegram.ext.ExtBot - DEBUG - ()
2025-06-19 23:14:18,596 - telegram.ext.ExtBot - DEBUG - Exiting: get_updates
2025-06-19 23:14:18,596 - telegram.ext.ExtBot - DEBUG - Entering: get_updates
2025-06-19 23:14:18,600 - httpcore.http11 - DEBUG - send_request_headers.started request=<Request [b'POST']>
2025-06-19 23:14:18,601 - httpcore.http11 - DEBUG - send_request_headers.complete
2025-06-19 23:14:18,603 - httpcore.http11 - DEBUG - send_request_body.started request=<Request [b'POST']>
2025-06-19 23:14:18,604 - httpcore.http11 - DEBUG - send_request_body.complete
2025-06-19 23:14:18,604 - httpcore.http11 - DEBUG - receive_response_headers.started request=<Request [b'POST']>
2025-06-19 23:14:28,682 - httpcore.http11 - DEBUG - receive_response_headers.complete return_value=(b'HTTP/1.1', 200, b'OK', [(b'Server', b'nginx/1.18.0'), (b'Date', b'Thu, 19 Jun 2025 22:14:28 GMT'), (b'Content-Type', b'application/json'), (b'Content-Length', b'23'), (b'Connection', b'keep-alive'), (b'Strict-Transport-Security', b'max-age=31536000; includeSubDomains; preload'), (b'Access-Control-Allow-Origin', b'*'), (b'Access-Control-Allow-Methods', b'GET, POST, OPTIONS'), (b'Access-Control-Expose-Headers', b'Content-Length,Content-Type,Date,Server,Connection')])
2025-06-19 23:14:28,684 - httpx - INFO - HTTP Request: POST https://api.telegram.org/bot7707158318:AAE8rWa4Q8Z_3avql6K0HAmXaooZAReoNF0/getUpdates "HTTP/1.1 200 OK"
2025-06-19 23:14:28,686 - httpcore.http11 - DEBUG - receive_response_body.started request=<Request [b'POST']>
2025-06-19 23:14:28,686 - httpcore.http11 - DEBUG - receive_response_body.complete
2025-06-19 23:14:28,686 - httpcore.http11 - DEBUG - response_closed.started
2025-06-19 23:14:28,686 - httpcore.http11 - DEBUG - response_closed.complete
2025-06-19 23:14:28,686 - telegram.ext.ExtBot - DEBUG - No new updates found.
2025-06-19 23:14:28,686 - telegram.ext.ExtBot - DEBUG - ()
2025-06-19 23:14:28,686 - telegram.ext.ExtBot - DEBUG - Exiting: get_updates
2025-06-19 23:14:28,686 - telegram.ext.ExtBot - DEBUG - Entering: get_updates
2025-06-19 23:14:28,691 - httpcore.http11 - DEBUG - send_request_headers.started request=<Request [b'POST']>
2025-06-19 23:14:28,691 - httpcore.http11 - DEBUG - send_request_headers.complete
2025-06-19 23:14:28,691 - httpcore.http11 - DEBUG - send_request_body.started request=<Request [b'POST']>
2025-06-19 23:14:28,691 - httpcore.http11 - DEBUG - send_request_body.complete
2025-06-19 23:14:28,694 - httpcore.http11 - DEBUG - receive_response_headers.started request=<Request [b'POST']>
2025-06-19 23:14:38,843 - httpcore.http11 - DEBUG - receive_response_headers.complete return_value=(b'HTTP/1.1', 200, b'OK', [(b'Server', b'nginx/1.18.0'), (b'Date', b'Thu, 19 Jun 2025 22:14:38 GMT'), (b'Content-Type', b'application/json'), (b'Content-Length', b'23'), (b'Connection', b'keep-alive'), (b'Strict-Transport-Security', b'max-age=31536000; includeSubDomains; preload'), (b'Access-Control-Allow-Origin', b'*'), (b'Access-Control-Allow-Methods', b'GET, POST, OPTIONS'), (b'Access-Control-Expose-Headers', b'Content-Length,Content-Type,Date,Server,Connection')])
2025-06-19 23:14:38,844 - httpx - INFO - HTTP Request: POST https://api.telegram.org/bot7707158318:AAE8rWa4Q8Z_3avql6K0HAmXaooZAReoNF0/getUpdates "HTTP/1.1 200 OK"
2025-06-19 23:14:38,846 - httpcore.http11 - DEBUG - receive_response_body.started request=<Request [b'POST']>
2025-06-19 23:14:38,848 - httpcore.http11 - DEBUG - receive_response_body.complete
2025-06-19 23:14:38,848 - httpcore.http11 - DEBUG - response_closed.started
2025-06-19 23:14:38,848 - httpcore.http11 - DEBUG - response_closed.complete
2025-06-19 23:14:38,850 - telegram.ext.ExtBot - DEBUG - No new updates found.
2025-06-19 23:14:38,850 - telegram.ext.ExtBot - DEBUG - ()
2025-06-19 23:14:38,850 - telegram.ext.ExtBot - DEBUG - Exiting: get_updates
2025-06-19 23:14:38,850 - telegram.ext.ExtBot - DEBUG - Entering: get_updates
2025-06-19 23:14:38,851 - httpcore.http11 - DEBUG - send_request_headers.started request=<Request [b'POST']>
2025-06-19 23:14:38,853 - httpcore.http11 - DEBUG - send_request_headers.complete
2025-06-19 23:14:38,853 - httpcore.http11 - DEBUG - send_request_body.started request=<Request [b'POST']>
2025-06-19 23:14:38,855 - httpcore.http11 - DEBUG - send_request_body.complete
2025-06-19 23:14:38,855 - httpcore.http11 - DEBUG - receive_response_headers.started request=<Request [b'POST']>
2025-06-19 23:14:48,979 - httpcore.http11 - DEBUG - receive_response_headers.complete return_value=(b'HTTP/1.1', 200, b'OK', [(b'Server', b'nginx/1.18.0'), (b'Date', b'Thu, 19 Jun 2025 22:14:48 GMT'), (b'Content-Type', b'application/json'), (b'Content-Length', b'23'), (b'Connection', b'keep-alive'), (b'Strict-Transport-Security', b'max-age=31536000; includeSubDomains; preload'), (b'Access-Control-Allow-Origin', b'*'), (b'Access-Control-Allow-Methods', b'GET, POST, OPTIONS'), (b'Access-Control-Expose-Headers', b'Content-Length,Content-Type,Date,Server,Connection')])
2025-06-19 23:14:48,979 - httpx - INFO - HTTP Request: POST https://api.telegram.org/bot7707158318:AAE8rWa4Q8Z_3avql6K0HAmXaooZAReoNF0/getUpdates "HTTP/1.1 200 OK"
2025-06-19 23:14:48,982 - httpcore.http11 - DEBUG - receive_response_body.started request=<Request [b'POST']>
2025-06-19 23:14:48,982 - httpcore.http11 - DEBUG - receive_response_body.complete
2025-06-19 23:14:48,982 - httpcore.http11 - DEBUG - response_closed.started
2025-06-19 23:14:48,982 - httpcore.http11 - DEBUG - response_closed.complete
2025-06-19 23:14:48,984 - telegram.ext.ExtBot - DEBUG - No new updates found.
2025-06-19 23:14:48,984 - telegram.ext.ExtBot - DEBUG - ()
2025-06-19 23:14:48,984 - telegram.ext.ExtBot - DEBUG - Exiting: get_updates
2025-06-19 23:14:48,984 - telegram.ext.ExtBot - DEBUG - Entering: get_updates
2025-06-19 23:14:48,986 - httpcore.http11 - DEBUG - send_request_headers.started request=<Request [b'POST']>
2025-06-19 23:14:48,988 - httpcore.http11 - DEBUG - send_request_headers.complete
2025-06-19 23:14:48,988 - httpcore.http11 - DEBUG - send_request_body.started request=<Request [b'POST']>
2025-06-19 23:14:48,988 - httpcore.http11 - DEBUG - send_request_body.complete
2025-06-19 23:14:48,991 - httpcore.http11 - DEBUG - receive_response_headers.started request=<Request [b'POST']>
2025-06-19 23:14:59,082 - httpcore.http11 - DEBUG - receive_response_headers.complete return_value=(b'HTTP/1.1', 200, b'OK', [(b'Server', b'nginx/1.18.0'), (b'Date', b'Thu, 19 Jun 2025 22:14:59 GMT'), (b'Content-Type', b'application/json'), (b'Content-Length', b'23'), (b'Connection', b'keep-alive'), (b'Strict-Transport-Security', b'max-age=31536000; includeSubDomains; preload'), (b'Access-Control-Allow-Origin', b'*'), (b'Access-Control-Allow-Methods', b'GET, POST, OPTIONS'), (b'Access-Control-Expose-Headers', b'Content-Length,Content-Type,Date,Server,Connection')])
2025-06-19 23:14:59,085 - httpx - INFO - HTTP Request: POST https://api.telegram.org/bot7707158318:AAE8rWa4Q8Z_3avql6K0HAmXaooZAReoNF0/getUpdates "HTTP/1.1 200 OK"
2025-06-19 23:14:59,085 - httpcore.http11 - DEBUG - receive_response_body.started request=<Request [b'POST']>
2025-06-19 23:14:59,085 - httpcore.http11 - DEBUG - receive_response_body.complete
2025-06-19 23:14:59,085 - httpcore.http11 - DEBUG - response_closed.started
2025-06-19 23:14:59,089 - httpcore.http11 - DEBUG - response_closed.complete
2025-06-19 23:14:59,089 - telegram.ext.ExtBot - DEBUG - No new updates found.
2025-06-19 23:14:59,089 - telegram.ext.ExtBot - DEBUG - ()
2025-06-19 23:14:59,089 - telegram.ext.ExtBot - DEBUG - Exiting: get_updates
2025-06-19 23:14:59,089 - telegram.ext.ExtBot - DEBUG - Entering: get_updates
2025-06-19 23:14:59,090 - httpcore.http11 - DEBUG - send_request_headers.started request=<Request [b'POST']>
2025-06-19 23:14:59,093 - httpcore.http11 - DEBUG - send_request_headers.complete
2025-06-19 23:14:59,093 - httpcore.http11 - DEBUG - send_request_body.started request=<Request [b'POST']>
2025-06-19 23:14:59,093 - httpcore.http11 - DEBUG - send_request_body.complete
2025-06-19 23:14:59,095 - httpcore.http11 - DEBUG - receive_response_headers.started request=<Request [b'POST']>
2025-06-19 23:15:09,179 - httpcore.http11 - DEBUG - receive_response_headers.complete return_value=(b'HTTP/1.1', 200, b'OK', [(b'Server', b'nginx/1.18.0'), (b'Date', b'Thu, 19 Jun 2025 22:15:09 GMT'), (b'Content-Type', b'application/json'), (b'Content-Length', b'23'), (b'Connection', b'keep-alive'), (b'Strict-Transport-Security', b'max-age=31536000; includeSubDomains; preload'), (b'Access-Control-Allow-Origin', b'*'), (b'Access-Control-Allow-Methods', b'GET, POST, OPTIONS'), (b'Access-Control-Expose-Headers', b'Content-Length,Content-Type,Date,Server,Connection')])
2025-06-19 23:15:09,179 - httpx - INFO - HTTP Request: POST https://api.telegram.org/bot7707158318:AAE8rWa4Q8Z_3avql6K0HAmXaooZAReoNF0/getUpdates "HTTP/1.1 200 OK"
2025-06-19 23:15:09,179 - httpcore.http11 - DEBUG - receive_response_body.started request=<Request [b'POST']>
2025-06-19 23:15:09,179 - httpcore.http11 - DEBUG - receive_response_body.complete
2025-06-19 23:15:09,179 - httpcore.http11 - DEBUG - response_closed.started
2025-06-19 23:15:09,179 - httpcore.http11 - DEBUG - response_closed.complete
2025-06-19 23:15:09,179 - telegram.ext.ExtBot - DEBUG - No new updates found.
2025-06-19 23:15:09,179 - telegram.ext.ExtBot - DEBUG - ()
2025-06-19 23:15:09,179 - telegram.ext.ExtBot - DEBUG - Exiting: get_updates
2025-06-19 23:15:09,179 - telegram.ext.ExtBot - DEBUG - Entering: get_updates
2025-06-19 23:15:09,186 - httpcore.http11 - DEBUG - send_request_headers.started request=<Request [b'POST']>
2025-06-19 23:15:09,186 - httpcore.http11 - DEBUG - send_request_headers.complete
2025-06-19 23:15:09,186 - httpcore.http11 - DEBUG - send_request_body.started request=<Request [b'POST']>
2025-06-19 23:15:09,189 - httpcore.http11 - DEBUG - send_request_body.complete
2025-06-19 23:15:09,189 - httpcore.http11 - DEBUG - receive_response_headers.started request=<Request [b'POST']>
2025-06-19 23:15:19,378 - httpcore.http11 - DEBUG - receive_response_headers.complete return_value=(b'HTTP/1.1', 200, b'OK', [(b'Server', b'nginx/1.18.0'), (b'Date', b'Thu, 19 Jun 2025 22:15:19 GMT'), (b'Content-Type', b'application/json'), (b'Content-Length', b'23'), (b'Connection', b'keep-alive'), (b'Strict-Transport-Security', b'max-age=31536000; includeSubDomains; preload'), (b'Access-Control-Allow-Origin', b'*'), (b'Access-Control-Allow-Methods', b'GET, POST, OPTIONS'), (b'Access-Control-Expose-Headers', b'Content-Length,Content-Type,Date,Server,Connection')])
2025-06-19 23:15:19,378 - httpx - INFO - HTTP Request: POST https://api.telegram.org/bot7707158318:AAE8rWa4Q8Z_3avql6K0HAmXaooZAReoNF0/getUpdates "HTTP/1.1 200 OK"
2025-06-19 23:15:19,380 - httpcore.http11 - DEBUG - receive_response_body.started request=<Request [b'POST']>
2025-06-19 23:15:19,381 - httpcore.http11 - DEBUG - receive_response_body.complete
2025-06-19 23:15:19,381 - httpcore.http11 - DEBUG - response_closed.started
2025-06-19 23:15:19,381 - httpcore.http11 - DEBUG - response_closed.complete
2025-06-19 23:15:19,381 - telegram.ext.ExtBot - DEBUG - No new updates found.
2025-06-19 23:15:19,381 - telegram.ext.ExtBot - DEBUG - ()
2025-06-19 23:15:19,381 - telegram.ext.ExtBot - DEBUG - Exiting: get_updates
2025-06-19 23:15:19,381 - telegram.ext.ExtBot - DEBUG - Entering: get_updates
2025-06-19 23:15:19,381 - httpcore.http11 - DEBUG - send_request_headers.started request=<Request [b'POST']>
2025-06-19 23:15:19,386 - httpcore.http11 - DEBUG - send_request_headers.complete
2025-06-19 23:15:19,386 - httpcore.http11 - DEBUG - send_request_body.started request=<Request [b'POST']>
2025-06-19 23:15:19,386 - httpcore.http11 - DEBUG - send_request_body.complete
2025-06-19 23:15:19,388 - httpcore.http11 - DEBUG - receive_response_headers.started request=<Request [b'POST']>
2025-06-19 23:15:29,530 - httpcore.http11 - DEBUG - receive_response_headers.complete return_value=(b'HTTP/1.1', 200, b'OK', [(b'Server', b'nginx/1.18.0'), (b'Date', b'Thu, 19 Jun 2025 22:15:29 GMT'), (b'Content-Type', b'application/json'), (b'Content-Length', b'23'), (b'Connection', b'keep-alive'), (b'Strict-Transport-Security', b'max-age=31536000; includeSubDomains; preload'), (b'Access-Control-Allow-Origin', b'*'), (b'Access-Control-Allow-Methods', b'GET, POST, OPTIONS'), (b'Access-Control-Expose-Headers', b'Content-Length,Content-Type,Date,Server,Connection')])
2025-06-19 23:15:29,532 - httpx - INFO - HTTP Request: POST https://api.telegram.org/bot7707158318:AAE8rWa4Q8Z_3avql6K0HAmXaooZAReoNF0/getUpdates "HTTP/1.1 200 OK"
2025-06-19 23:15:29,534 - httpcore.http11 - DEBUG - receive_response_body.started request=<Request [b'POST']>
2025-06-19 23:15:29,534 - httpcore.http11 - DEBUG - receive_response_body.complete
2025-06-19 23:15:29,534 - httpcore.http11 - DEBUG - response_closed.started
2025-06-19 23:15:29,536 - httpcore.http11 - DEBUG - response_closed.complete
2025-06-19 23:15:29,536 - telegram.ext.ExtBot - DEBUG - No new updates found.
2025-06-19 23:15:29,537 - telegram.ext.ExtBot - DEBUG - ()
2025-06-19 23:15:29,537 - telegram.ext.ExtBot - DEBUG - Exiting: get_updates
2025-06-19 23:15:29,537 - telegram.ext.ExtBot - DEBUG - Entering: get_updates
2025-06-19 23:15:29,539 - httpcore.http11 - DEBUG - send_request_headers.started request=<Request [b'POST']>
2025-06-19 23:15:29,541 - httpcore.http11 - DEBUG - send_request_headers.complete
2025-06-19 23:15:29,541 - httpcore.http11 - DEBUG - send_request_body.started request=<Request [b'POST']>
2025-06-19 23:15:29,541 - httpcore.http11 - DEBUG - send_request_body.complete
2025-06-19 23:15:29,541 - httpcore.http11 - DEBUG - receive_response_headers.started request=<Request [b'POST']>
2025-06-19 23:15:39,634 - httpcore.http11 - DEBUG - receive_response_headers.complete return_value=(b'HTTP/1.1', 200, b'OK', [(b'Server', b'nginx/1.18.0'), (b'Date', b'Thu, 19 Jun 2025 22:15:39 GMT'), (b'Content-Type', b'application/json'), (b'Content-Length', b'23'), (b'Connection', b'keep-alive'), (b'Strict-Transport-Security', b'max-age=31536000; includeSubDomains; preload'), (b'Access-Control-Allow-Origin', b'*'), (b'Access-Control-Allow-Methods', b'GET, POST, OPTIONS'), (b'Access-Control-Expose-Headers', b'Content-Length,Content-Type,Date,Server,Connection')])
2025-06-19 23:15:39,636 - httpx - INFO - HTTP Request: POST https://api.telegram.org/bot7707158318:AAE8rWa4Q8Z_3avql6K0HAmXaooZAReoNF0/getUpdates "HTTP/1.1 200 OK"
2025-06-19 23:15:39,653 - httpcore.http11 - DEBUG - receive_response_body.started request=<Request [b'POST']>
2025-06-19 23:15:39,661 - httpcore.http11 - DEBUG - receive_response_body.complete
2025-06-19 23:15:39,725 - httpcore.http11 - DEBUG - response_closed.started
2025-06-19 23:15:39,739 - httpcore.http11 - DEBUG - response_closed.complete
2025-06-19 23:15:39,754 - telegram.ext.ExtBot - DEBUG - No new updates found.
2025-06-19 23:15:39,758 - telegram.ext.ExtBot - DEBUG - ()
2025-06-19 23:15:39,758 - telegram.ext.ExtBot - DEBUG - Exiting: get_updates
2025-06-19 23:15:39,758 - telegram.ext.ExtBot - DEBUG - Entering: get_updates
2025-06-19 23:15:39,773 - httpcore.http11 - DEBUG - send_request_headers.started request=<Request [b'POST']>
2025-06-19 23:15:39,775 - httpcore.http11 - DEBUG - send_request_headers.complete
2025-06-19 23:15:39,776 - httpcore.http11 - DEBUG - send_request_body.started request=<Request [b'POST']>
2025-06-19 23:15:39,782 - httpcore.http11 - DEBUG - send_request_body.complete
2025-06-19 23:15:39,782 - httpcore.http11 - DEBUG - receive_response_headers.started request=<Request [b'POST']>
2025-06-19 23:15:50,014 - httpcore.http11 - DEBUG - receive_response_headers.complete return_value=(b'HTTP/1.1', 200, b'OK', [(b'Server', b'nginx/1.18.0'), (b'Date', b'Thu, 19 Jun 2025 22:15:49 GMT'), (b'Content-Type', b'application/json'), (b'Content-Length', b'23'), (b'Connection', b'keep-alive'), (b'Strict-Transport-Security', b'max-age=31536000; includeSubDomains; preload'), (b'Access-Control-Allow-Origin', b'*'), (b'Access-Control-Allow-Methods', b'GET, POST, OPTIONS'), (b'Access-Control-Expose-Headers', b'Content-Length,Content-Type,Date,Server,Connection')])
2025-06-19 23:15:50,017 - httpx - INFO - HTTP Request: POST https://api.telegram.org/bot7707158318:AAE8rWa4Q8Z_3avql6K0HAmXaooZAReoNF0/getUpdates "HTTP/1.1 200 OK"
2025-06-19 23:15:50,019 - httpcore.http11 - DEBUG - receive_response_body.started request=<Request [b'POST']>
2025-06-19 23:15:50,021 - httpcore.http11 - DEBUG - receive_response_body.complete
2025-06-19 23:15:50,021 - httpcore.http11 - DEBUG - response_closed.started
2025-06-19 23:15:50,021 - httpcore.http11 - DEBUG - response_closed.complete
2025-06-19 23:15:50,029 - telegram.ext.ExtBot - DEBUG - No new updates found.
2025-06-19 23:15:50,031 - telegram.ext.ExtBot - DEBUG - ()
2025-06-19 23:15:50,034 - telegram.ext.ExtBot - DEBUG - Exiting: get_updates
2025-06-19 23:15:50,034 - telegram.ext.ExtBot - DEBUG - Entering: get_updates
2025-06-19 23:15:50,052 - httpcore.http11 - DEBUG - send_request_headers.started request=<Request [b'POST']>
2025-06-19 23:15:50,055 - httpcore.http11 - DEBUG - send_request_headers.complete
2025-06-19 23:15:50,055 - httpcore.http11 - DEBUG - send_request_body.started request=<Request [b'POST']>
2025-06-19 23:15:50,087 - httpcore.http11 - DEBUG - send_request_body.complete
2025-06-19 23:15:50,089 - httpcore.http11 - DEBUG - receive_response_headers.started request=<Request [b'POST']>
2025-06-19 23:16:00,233 - httpcore.http11 - DEBUG - receive_response_headers.complete return_value=(b'HTTP/1.1', 200, b'OK', [(b'Server', b'nginx/1.18.0'), (b'Date', b'Thu, 19 Jun 2025 22:16:00 GMT'), (b'Content-Type', b'application/json'), (b'Content-Length', b'23'), (b'Connection', b'keep-alive'), (b'Strict-Transport-Security', b'max-age=31536000; includeSubDomains; preload'), (b'Access-Control-Allow-Origin', b'*'), (b'Access-Control-Allow-Methods', b'GET, POST, OPTIONS'), (b'Access-Control-Expose-Headers', b'Content-Length,Content-Type,Date,Server,Connection')])
2025-06-19 23:16:00,235 - httpx - INFO - HTTP Request: POST https://api.telegram.org/bot7707158318:AAE8rWa4Q8Z_3avql6K0HAmXaooZAReoNF0/getUpdates "HTTP/1.1 200 OK"
2025-06-19 23:16:00,235 - httpcore.http11 - DEBUG - receive_response_body.started request=<Request [b'POST']>
2025-06-19 23:16:00,237 - httpcore.http11 - DEBUG - receive_response_body.complete
2025-06-19 23:16:00,237 - httpcore.http11 - DEBUG - response_closed.started
2025-06-19 23:16:00,237 - httpcore.http11 - DEBUG - response_closed.complete
2025-06-19 23:16:00,239 - telegram.ext.ExtBot - DEBUG - No new updates found.
2025-06-19 23:16:00,239 - telegram.ext.ExtBot - DEBUG - ()
2025-06-19 23:16:00,240 - telegram.ext.ExtBot - DEBUG - Exiting: get_updates
2025-06-19 23:16:00,240 - telegram.ext.ExtBot - DEBUG - Entering: get_updates
2025-06-19 23:16:00,242 - httpcore.http11 - DEBUG - send_request_headers.started request=<Request [b'POST']>
2025-06-19 23:16:00,246 - httpcore.http11 - DEBUG - send_request_headers.complete
2025-06-19 23:16:00,246 - httpcore.http11 - DEBUG - send_request_body.started request=<Request [b'POST']>
2025-06-19 23:16:00,246 - httpcore.http11 - DEBUG - send_request_body.complete
2025-06-19 23:16:00,248 - httpcore.http11 - DEBUG - receive_response_headers.started request=<Request [b'POST']>
2025-06-19 23:16:10,323 - httpcore.http11 - DEBUG - receive_response_headers.complete return_value=(b'HTTP/1.1', 200, b'OK', [(b'Server', b'nginx/1.18.0'), (b'Date', b'Thu, 19 Jun 2025 22:16:10 GMT'), (b'Content-Type', b'application/json'), (b'Content-Length', b'23'), (b'Connection', b'keep-alive'), (b'Strict-Transport-Security', b'max-age=31536000; includeSubDomains; preload'), (b'Access-Control-Allow-Origin', b'*'), (b'Access-Control-Allow-Methods', b'GET, POST, OPTIONS'), (b'Access-Control-Expose-Headers', b'Content-Length,Content-Type,Date,Server,Connection')])
2025-06-19 23:16:10,325 - httpx - INFO - HTTP Request: POST https://api.telegram.org/bot7707158318:AAE8rWa4Q8Z_3avql6K0HAmXaooZAReoNF0/getUpdates "HTTP/1.1 200 OK"
2025-06-19 23:16:10,327 - httpcore.http11 - DEBUG - receive_response_body.started request=<Request [b'POST']>
2025-06-19 23:16:10,330 - httpcore.http11 - DEBUG - receive_response_body.complete
2025-06-19 23:16:10,330 - httpcore.http11 - DEBUG - response_closed.started
2025-06-19 23:16:10,331 - httpcore.http11 - DEBUG - response_closed.complete
2025-06-19 23:16:10,331 - telegram.ext.ExtBot - DEBUG - No new updates found.
2025-06-19 23:16:10,331 - telegram.ext.ExtBot - DEBUG - ()
2025-06-19 23:16:10,331 - telegram.ext.ExtBot - DEBUG - Exiting: get_updates
2025-06-19 23:16:10,333 - telegram.ext.ExtBot - DEBUG - Entering: get_updates
2025-06-19 23:16:10,337 - httpcore.http11 - DEBUG - send_request_headers.started request=<Request [b'POST']>
2025-06-19 23:16:10,338 - httpcore.http11 - DEBUG - send_request_headers.complete
2025-06-19 23:16:10,339 - httpcore.http11 - DEBUG - send_request_body.started request=<Request [b'POST']>
2025-06-19 23:16:10,339 - httpcore.http11 - DEBUG - send_request_body.complete
2025-06-19 23:16:10,343 - httpcore.http11 - DEBUG - receive_response_headers.started request=<Request [b'POST']>
2025-06-19 23:16:20,424 - httpcore.http11 - DEBUG - receive_response_headers.complete return_value=(b'HTTP/1.1', 200, b'OK', [(b'Server', b'nginx/1.18.0'), (b'Date', b'Thu, 19 Jun 2025 22:16:20 GMT'), (b'Content-Type', b'application/json'), (b'Content-Length', b'23'), (b'Connection', b'keep-alive'), (b'Strict-Transport-Security', b'max-age=31536000; includeSubDomains; preload'), (b'Access-Control-Allow-Origin', b'*'), (b'Access-Control-Allow-Methods', b'GET, POST, OPTIONS'), (b'Access-Control-Expose-Headers', b'Content-Length,Content-Type,Date,Server,Connection')])
2025-06-19 23:16:20,427 - httpx - INFO - HTTP Request: POST https://api.telegram.org/bot7707158318:AAE8rWa4Q8Z_3avql6K0HAmXaooZAReoNF0/getUpdates "HTTP/1.1 200 OK"
2025-06-19 23:16:20,430 - httpcore.http11 - DEBUG - receive_response_body.started request=<Request [b'POST']>
2025-06-19 23:16:20,430 - httpcore.http11 - DEBUG - receive_response_body.complete
2025-06-19 23:16:20,430 - httpcore.http11 - DEBUG - response_closed.started
2025-06-19 23:16:20,432 - httpcore.http11 - DEBUG - response_closed.complete
2025-06-19 23:16:20,432 - telegram.ext.ExtBot - DEBUG - No new updates found.
2025-06-19 23:16:20,432 - telegram.ext.ExtBot - DEBUG - ()
2025-06-19 23:16:20,432 - telegram.ext.ExtBot - DEBUG - Exiting: get_updates
2025-06-19 23:16:20,432 - telegram.ext.ExtBot - DEBUG - Entering: get_updates
2025-06-19 23:16:20,436 - httpcore.http11 - DEBUG - send_request_headers.started request=<Request [b'POST']>
2025-06-19 23:16:20,437 - httpcore.http11 - DEBUG - send_request_headers.complete
2025-06-19 23:16:20,438 - httpcore.http11 - DEBUG - send_request_body.started request=<Request [b'POST']>
2025-06-19 23:16:20,442 - httpcore.http11 - DEBUG - send_request_body.complete
2025-06-19 23:16:20,442 - httpcore.http11 - DEBUG - receive_response_headers.started request=<Request [b'POST']>
2025-06-19 23:16:30,517 - httpcore.http11 - DEBUG - receive_response_headers.complete return_value=(b'HTTP/1.1', 200, b'OK', [(b'Server', b'nginx/1.18.0'), (b'Date', b'Thu, 19 Jun 2025 22:16:30 GMT'), (b'Content-Type', b'application/json'), (b'Content-Length', b'23'), (b'Connection', b'keep-alive'), (b'Strict-Transport-Security', b'max-age=31536000; includeSubDomains; preload'), (b'Access-Control-Allow-Origin', b'*'), (b'Access-Control-Allow-Methods', b'GET, POST, OPTIONS'), (b'Access-Control-Expose-Headers', b'Content-Length,Content-Type,Date,Server,Connection')])
2025-06-19 23:16:30,517 - httpx - INFO - HTTP Request: POST https://api.telegram.org/bot7707158318:AAE8rWa4Q8Z_3avql6K0HAmXaooZAReoNF0/getUpdates "HTTP/1.1 200 OK"
2025-06-19 23:16:30,520 - httpcore.http11 - DEBUG - receive_response_body.started request=<Request [b'POST']>
2025-06-19 23:16:30,520 - httpcore.http11 - DEBUG - receive_response_body.complete
2025-06-19 23:16:30,520 - httpcore.http11 - DEBUG - response_closed.started
2025-06-19 23:16:30,522 - httpcore.http11 - DEBUG - response_closed.complete
2025-06-19 23:16:30,522 - telegram.ext.ExtBot - DEBUG - No new updates found.
2025-06-19 23:16:30,522 - telegram.ext.ExtBot - DEBUG - ()
2025-06-19 23:16:30,522 - telegram.ext.ExtBot - DEBUG - Exiting: get_updates
2025-06-19 23:16:30,524 - telegram.ext.ExtBot - DEBUG - Entering: get_updates
2025-06-19 23:16:30,527 - httpcore.http11 - DEBUG - send_request_headers.started request=<Request [b'POST']>
2025-06-19 23:16:30,530 - httpcore.http11 - DEBUG - send_request_headers.complete
2025-06-19 23:16:30,530 - httpcore.http11 - DEBUG - send_request_body.started request=<Request [b'POST']>
2025-06-19 23:16:30,532 - httpcore.http11 - DEBUG - send_request_body.complete
2025-06-19 23:16:30,534 - httpcore.http11 - DEBUG - receive_response_headers.started request=<Request [b'POST']>
2025-06-19 23:16:40,710 - httpcore.http11 - DEBUG - receive_response_headers.complete return_value=(b'HTTP/1.1', 200, b'OK', [(b'Server', b'nginx/1.18.0'), (b'Date', b'Thu, 19 Jun 2025 22:16:40 GMT'), (b'Content-Type', b'application/json'), (b'Content-Length', b'23'), (b'Connection', b'keep-alive'), (b'Strict-Transport-Security', b'max-age=31536000; includeSubDomains; preload'), (b'Access-Control-Allow-Origin', b'*'), (b'Access-Control-Allow-Methods', b'GET, POST, OPTIONS'), (b'Access-Control-Expose-Headers', b'Content-Length,Content-Type,Date,Server,Connection')])
2025-06-19 23:16:40,712 - httpx - INFO - HTTP Request: POST https://api.telegram.org/bot7707158318:AAE8rWa4Q8Z_3avql6K0HAmXaooZAReoNF0/getUpdates "HTTP/1.1 200 OK"
2025-06-19 23:16:40,714 - httpcore.http11 - DEBUG - receive_response_body.started request=<Request [b'POST']>
2025-06-19 23:16:40,716 - httpcore.http11 - DEBUG - receive_response_body.complete
2025-06-19 23:16:40,716 - httpcore.http11 - DEBUG - response_closed.started
2025-06-19 23:16:40,716 - httpcore.http11 - DEBUG - response_closed.complete
2025-06-19 23:16:40,718 - telegram.ext.ExtBot - DEBUG - No new updates found.
2025-06-19 23:16:40,718 - telegram.ext.ExtBot - DEBUG - ()
2025-06-19 23:16:40,718 - telegram.ext.ExtBot - DEBUG - Exiting: get_updates
2025-06-19 23:16:40,718 - telegram.ext.ExtBot - DEBUG - Entering: get_updates
2025-06-19 23:16:40,722 - httpcore.http11 - DEBUG - send_request_headers.started request=<Request [b'POST']>
2025-06-19 23:16:40,724 - httpcore.http11 - DEBUG - send_request_headers.complete
2025-06-19 23:16:40,724 - httpcore.http11 - DEBUG - send_request_body.started request=<Request [b'POST']>
2025-06-19 23:16:40,728 - httpcore.http11 - DEBUG - send_request_body.complete
2025-06-19 23:16:40,730 - httpcore.http11 - DEBUG - receive_response_headers.started request=<Request [b'POST']>
2025-06-19 23:16:50,834 - httpcore.http11 - DEBUG - receive_response_headers.complete return_value=(b'HTTP/1.1', 200, b'OK', [(b'Server', b'nginx/1.18.0'), (b'Date', b'Thu, 19 Jun 2025 22:16:50 GMT'), (b'Content-Type', b'application/json'), (b'Content-Length', b'23'), (b'Connection', b'keep-alive'), (b'Strict-Transport-Security', b'max-age=31536000; includeSubDomains; preload'), (b'Access-Control-Allow-Origin', b'*'), (b'Access-Control-Allow-Methods', b'GET, POST, OPTIONS'), (b'Access-Control-Expose-Headers', b'Content-Length,Content-Type,Date,Server,Connection')])
2025-06-19 23:16:50,836 - httpx - INFO - HTTP Request: POST https://api.telegram.org/bot7707158318:AAE8rWa4Q8Z_3avql6K0HAmXaooZAReoNF0/getUpdates "HTTP/1.1 200 OK"
2025-06-19 23:16:50,836 - httpcore.http11 - DEBUG - receive_response_body.started request=<Request [b'POST']>
2025-06-19 23:16:50,838 - httpcore.http11 - DEBUG - receive_response_body.complete
2025-06-19 23:16:50,839 - httpcore.http11 - DEBUG - response_closed.started
2025-06-19 23:16:50,839 - httpcore.http11 - DEBUG - response_closed.complete
2025-06-19 23:16:50,839 - telegram.ext.ExtBot - DEBUG - No new updates found.
2025-06-19 23:16:50,839 - telegram.ext.ExtBot - DEBUG - ()
2025-06-19 23:16:50,839 - telegram.ext.ExtBot - DEBUG - Exiting: get_updates
2025-06-19 23:16:50,839 - telegram.ext.ExtBot - DEBUG - Entering: get_updates
2025-06-19 23:16:50,843 - httpcore.http11 - DEBUG - send_request_headers.started request=<Request [b'POST']>
2025-06-19 23:16:50,843 - httpcore.http11 - DEBUG - send_request_headers.complete
2025-06-19 23:16:50,843 - httpcore.http11 - DEBUG - send_request_body.started request=<Request [b'POST']>
2025-06-19 23:16:50,845 - httpcore.http11 - DEBUG - send_request_body.complete
2025-06-19 23:16:50,845 - httpcore.http11 - DEBUG - receive_response_headers.started request=<Request [b'POST']>
2025-06-19 23:17:01,177 - httpcore.http11 - DEBUG - receive_response_headers.complete return_value=(b'HTTP/1.1', 200, b'OK', [(b'Server', b'nginx/1.18.0'), (b'Date', b'Thu, 19 Jun 2025 22:17:00 GMT'), (b'Content-Type', b'application/json'), (b'Content-Length', b'23'), (b'Connection', b'keep-alive'), (b'Strict-Transport-Security', b'max-age=31536000; includeSubDomains; preload'), (b'Access-Control-Allow-Origin', b'*'), (b'Access-Control-Allow-Methods', b'GET, POST, OPTIONS'), (b'Access-Control-Expose-Headers', b'Content-Length,Content-Type,Date,Server,Connection')])
2025-06-19 23:17:01,182 - httpx - INFO - HTTP Request: POST https://api.telegram.org/bot7707158318:AAE8rWa4Q8Z_3avql6K0HAmXaooZAReoNF0/getUpdates "HTTP/1.1 200 OK"
2025-06-19 23:17:01,182 - httpcore.http11 - DEBUG - receive_response_body.started request=<Request [b'POST']>
2025-06-19 23:17:01,182 - httpcore.http11 - DEBUG - receive_response_body.complete
2025-06-19 23:17:01,182 - httpcore.http11 - DEBUG - response_closed.started
2025-06-19 23:17:01,182 - httpcore.http11 - DEBUG - response_closed.complete
2025-06-19 23:17:01,184 - telegram.ext.ExtBot - DEBUG - No new updates found.
2025-06-19 23:17:01,186 - telegram.ext.ExtBot - DEBUG - ()
2025-06-19 23:17:01,186 - telegram.ext.ExtBot - DEBUG - Exiting: get_updates
2025-06-19 23:17:01,186 - telegram.ext.ExtBot - DEBUG - Entering: get_updates
2025-06-19 23:17:01,188 - httpcore.http11 - DEBUG - send_request_headers.started request=<Request [b'POST']>
2025-06-19 23:17:01,189 - httpcore.http11 - DEBUG - send_request_headers.complete
2025-06-19 23:17:01,189 - httpcore.http11 - DEBUG - send_request_body.started request=<Request [b'POST']>
2025-06-19 23:17:01,190 - httpcore.http11 - DEBUG - send_request_body.complete
2025-06-19 23:17:01,190 - httpcore.http11 - DEBUG - receive_response_headers.started request=<Request [b'POST']>
2025-06-19 23:17:11,357 - httpcore.http11 - DEBUG - receive_response_headers.complete return_value=(b'HTTP/1.1', 200, b'OK', [(b'Server', b'nginx/1.18.0'), (b'Date', b'Thu, 19 Jun 2025 22:17:11 GMT'), (b'Content-Type', b'application/json'), (b'Content-Length', b'23'), (b'Connection', b'keep-alive'), (b'Strict-Transport-Security', b'max-age=31536000; includeSubDomains; preload'), (b'Access-Control-Allow-Origin', b'*'), (b'Access-Control-Allow-Methods', b'GET, POST, OPTIONS'), (b'Access-Control-Expose-Headers', b'Content-Length,Content-Type,Date,Server,Connection')])
2025-06-19 23:17:11,359 - httpx - INFO - HTTP Request: POST https://api.telegram.org/bot7707158318:AAE8rWa4Q8Z_3avql6K0HAmXaooZAReoNF0/getUpdates "HTTP/1.1 200 OK"
2025-06-19 23:17:11,361 - httpcore.http11 - DEBUG - receive_response_body.started request=<Request [b'POST']>
2025-06-19 23:17:11,363 - httpcore.http11 - DEBUG - receive_response_body.complete
2025-06-19 23:17:11,363 - httpcore.http11 - DEBUG - response_closed.started
2025-06-19 23:17:11,363 - httpcore.http11 - DEBUG - response_closed.complete
2025-06-19 23:17:11,364 - telegram.ext.ExtBot - DEBUG - No new updates found.
2025-06-19 23:17:11,364 - telegram.ext.ExtBot - DEBUG - ()
2025-06-19 23:17:11,364 - telegram.ext.ExtBot - DEBUG - Exiting: get_updates
2025-06-19 23:17:11,364 - telegram.ext.ExtBot - DEBUG - Entering: get_updates
2025-06-19 23:17:11,368 - httpcore.http11 - DEBUG - send_request_headers.started request=<Request [b'POST']>
2025-06-19 23:17:11,368 - httpcore.http11 - DEBUG - send_request_headers.complete
2025-06-19 23:17:11,368 - httpcore.http11 - DEBUG - send_request_body.started request=<Request [b'POST']>
2025-06-19 23:17:11,372 - httpcore.http11 - DEBUG - send_request_body.complete
2025-06-19 23:17:11,372 - httpcore.http11 - DEBUG - receive_response_headers.started request=<Request [b'POST']>
2025-06-19 23:17:21,690 - httpcore.http11 - DEBUG - receive_response_headers.complete return_value=(b'HTTP/1.1', 200, b'OK', [(b'Server', b'nginx/1.18.0'), (b'Date', b'Thu, 19 Jun 2025 22:17:21 GMT'), (b'Content-Type', b'application/json'), (b'Content-Length', b'23'), (b'Connection', b'keep-alive'), (b'Strict-Transport-Security', b'max-age=31536000; includeSubDomains; preload'), (b'Access-Control-Allow-Origin', b'*'), (b'Access-Control-Allow-Methods', b'GET, POST, OPTIONS'), (b'Access-Control-Expose-Headers', b'Content-Length,Content-Type,Date,Server,Connection')])
2025-06-19 23:17:21,691 - httpx - INFO - HTTP Request: POST https://api.telegram.org/bot7707158318:AAE8rWa4Q8Z_3avql6K0HAmXaooZAReoNF0/getUpdates "HTTP/1.1 200 OK"
2025-06-19 23:17:21,692 - httpcore.http11 - DEBUG - receive_response_body.started request=<Request [b'POST']>
2025-06-19 23:17:21,692 - httpcore.http11 - DEBUG - receive_response_body.complete
2025-06-19 23:17:21,692 - httpcore.http11 - DEBUG - response_closed.started
2025-06-19 23:17:21,692 - httpcore.http11 - DEBUG - response_closed.complete
2025-06-19 23:17:21,694 - telegram.ext.ExtBot - DEBUG - No new updates found.
2025-06-19 23:17:21,694 - telegram.ext.ExtBot - DEBUG - ()
2025-06-19 23:17:21,694 - telegram.ext.ExtBot - DEBUG - Exiting: get_updates
2025-06-19 23:17:21,694 - telegram.ext.ExtBot - DEBUG - Entering: get_updates
2025-06-19 23:17:21,696 - httpcore.http11 - DEBUG - send_request_headers.started request=<Request [b'POST']>
2025-06-19 23:17:21,698 - httpcore.http11 - DEBUG - send_request_headers.complete
2025-06-19 23:17:21,698 - httpcore.http11 - DEBUG - send_request_body.started request=<Request [b'POST']>
2025-06-19 23:17:21,698 - httpcore.http11 - DEBUG - send_request_body.complete
2025-06-19 23:17:21,698 - httpcore.http11 - DEBUG - receive_response_headers.started request=<Request [b'POST']>
2025-06-19 23:17:32,128 - httpcore.http11 - DEBUG - receive_response_headers.complete return_value=(b'HTTP/1.1', 200, b'OK', [(b'Server', b'nginx/1.18.0'), (b'Date', b'Thu, 19 Jun 2025 22:17:31 GMT'), (b'Content-Type', b'application/json'), (b'Content-Length', b'23'), (b'Connection', b'keep-alive'), (b'Strict-Transport-Security', b'max-age=31536000; includeSubDomains; preload'), (b'Access-Control-Allow-Origin', b'*'), (b'Access-Control-Allow-Methods', b'GET, POST, OPTIONS'), (b'Access-Control-Expose-Headers', b'Content-Length,Content-Type,Date,Server,Connection')])
2025-06-19 23:17:32,128 - httpx - INFO - HTTP Request: POST https://api.telegram.org/bot7707158318:AAE8rWa4Q8Z_3avql6K0HAmXaooZAReoNF0/getUpdates "HTTP/1.1 200 OK"
2025-06-19 23:17:32,128 - httpcore.http11 - DEBUG - receive_response_body.started request=<Request [b'POST']>
2025-06-19 23:17:32,128 - httpcore.http11 - DEBUG - receive_response_body.complete
2025-06-19 23:17:32,128 - httpcore.http11 - DEBUG - response_closed.started
2025-06-19 23:17:32,128 - httpcore.http11 - DEBUG - response_closed.complete
2025-06-19 23:17:32,134 - telegram.ext.ExtBot - DEBUG - No new updates found.
2025-06-19 23:17:32,134 - telegram.ext.ExtBot - DEBUG - ()
2025-06-19 23:17:32,134 - telegram.ext.ExtBot - DEBUG - Exiting: get_updates
2025-06-19 23:17:32,134 - telegram.ext.ExtBot - DEBUG - Entering: get_updates
2025-06-19 23:17:32,138 - httpcore.http11 - DEBUG - send_request_headers.started request=<Request [b'POST']>
2025-06-19 23:17:32,138 - httpcore.http11 - DEBUG - send_request_headers.complete
2025-06-19 23:17:32,140 - httpcore.http11 - DEBUG - send_request_body.started request=<Request [b'POST']>
2025-06-19 23:17:32,140 - httpcore.http11 - DEBUG - send_request_body.complete
2025-06-19 23:17:32,140 - httpcore.http11 - DEBUG - receive_response_headers.started request=<Request [b'POST']>
2025-06-19 23:17:42,242 - httpcore.http11 - DEBUG - receive_response_headers.complete return_value=(b'HTTP/1.1', 200, b'OK', [(b'Server', b'nginx/1.18.0'), (b'Date', b'Thu, 19 Jun 2025 22:17:42 GMT'), (b'Content-Type', b'application/json'), (b'Content-Length', b'23'), (b'Connection', b'keep-alive'), (b'Strict-Transport-Security', b'max-age=31536000; includeSubDomains; preload'), (b'Access-Control-Allow-Origin', b'*'), (b'Access-Control-Allow-Methods', b'GET, POST, OPTIONS'), (b'Access-Control-Expose-Headers', b'Content-Length,Content-Type,Date,Server,Connection')])
2025-06-19 23:17:42,242 - httpx - INFO - HTTP Request: POST https://api.telegram.org/bot7707158318:AAE8rWa4Q8Z_3avql6K0HAmXaooZAReoNF0/getUpdates "HTTP/1.1 200 OK"
2025-06-19 23:17:42,245 - httpcore.http11 - DEBUG - receive_response_body.started request=<Request [b'POST']>
2025-06-19 23:17:42,245 - httpcore.http11 - DEBUG - receive_response_body.complete
2025-06-19 23:17:42,245 - httpcore.http11 - DEBUG - response_closed.started
2025-06-19 23:17:42,247 - httpcore.http11 - DEBUG - response_closed.complete
2025-06-19 23:17:42,247 - telegram.ext.ExtBot - DEBUG - No new updates found.
2025-06-19 23:17:42,247 - telegram.ext.ExtBot - DEBUG - ()
2025-06-19 23:17:42,247 - telegram.ext.ExtBot - DEBUG - Exiting: get_updates
2025-06-19 23:17:42,249 - telegram.ext.ExtBot - DEBUG - Entering: get_updates
2025-06-19 23:17:42,253 - httpcore.http11 - DEBUG - send_request_headers.started request=<Request [b'POST']>
2025-06-19 23:17:42,254 - httpcore.http11 - DEBUG - send_request_headers.complete
2025-06-19 23:17:42,254 - httpcore.http11 - DEBUG - send_request_body.started request=<Request [b'POST']>
2025-06-19 23:17:42,256 - httpcore.http11 - DEBUG - send_request_body.complete
2025-06-19 23:17:42,257 - httpcore.http11 - DEBUG - receive_response_headers.started request=<Request [b'POST']>
2025-06-19 23:17:52,685 - httpcore.http11 - DEBUG - receive_response_headers.complete return_value=(b'HTTP/1.1', 200, b'OK', [(b'Server', b'nginx/1.18.0'), (b'Date', b'Thu, 19 Jun 2025 22:17:52 GMT'), (b'Content-Type', b'application/json'), (b'Content-Length', b'23'), (b'Connection', b'keep-alive'), (b'Strict-Transport-Security', b'max-age=31536000; includeSubDomains; preload'), (b'Access-Control-Allow-Origin', b'*'), (b'Access-Control-Allow-Methods', b'GET, POST, OPTIONS'), (b'Access-Control-Expose-Headers', b'Content-Length,Content-Type,Date,Server,Connection')])
2025-06-19 23:17:52,687 - httpx - INFO - HTTP Request: POST https://api.telegram.org/bot7707158318:AAE8rWa4Q8Z_3avql6K0HAmXaooZAReoNF0/getUpdates "HTTP/1.1 200 OK"
2025-06-19 23:17:52,689 - httpcore.http11 - DEBUG - receive_response_body.started request=<Request [b'POST']>
2025-06-19 23:17:52,689 - httpcore.http11 - DEBUG - receive_response_body.complete
2025-06-19 23:17:52,690 - httpcore.http11 - DEBUG - response_closed.started
2025-06-19 23:17:52,691 - httpcore.http11 - DEBUG - response_closed.complete
2025-06-19 23:17:52,691 - telegram.ext.ExtBot - DEBUG - No new updates found.
2025-06-19 23:17:52,691 - telegram.ext.ExtBot - DEBUG - ()
2025-06-19 23:17:52,692 - telegram.ext.ExtBot - DEBUG - Exiting: get_updates
2025-06-19 23:17:52,692 - telegram.ext.ExtBot - DEBUG - Entering: get_updates
2025-06-19 23:17:52,694 - httpcore.http11 - DEBUG - send_request_headers.started request=<Request [b'POST']>
2025-06-19 23:17:52,695 - httpcore.http11 - DEBUG - send_request_headers.complete
2025-06-19 23:17:52,695 - httpcore.http11 - DEBUG - send_request_body.started request=<Request [b'POST']>
2025-06-19 23:17:52,697 - httpcore.http11 - DEBUG - send_request_body.complete
2025-06-19 23:17:52,697 - httpcore.http11 - DEBUG - receive_response_headers.started request=<Request [b'POST']>
2025-06-19 23:18:03,246 - httpcore.http11 - DEBUG - receive_response_headers.complete return_value=(b'HTTP/1.1', 200, b'OK', [(b'Server', b'nginx/1.18.0'), (b'Date', b'Thu, 19 Jun 2025 22:18:02 GMT'), (b'Content-Type', b'application/json'), (b'Content-Length', b'23'), (b'Connection', b'keep-alive'), (b'Strict-Transport-Security', b'max-age=31536000; includeSubDomains; preload'), (b'Access-Control-Allow-Origin', b'*'), (b'Access-Control-Allow-Methods', b'GET, POST, OPTIONS'), (b'Access-Control-Expose-Headers', b'Content-Length,Content-Type,Date,Server,Connection')])
2025-06-19 23:18:03,248 - httpx - INFO - HTTP Request: POST https://api.telegram.org/bot7707158318:AAE8rWa4Q8Z_3avql6K0HAmXaooZAReoNF0/getUpdates "HTTP/1.1 200 OK"
2025-06-19 23:18:03,250 - httpcore.http11 - DEBUG - receive_response_body.started request=<Request [b'POST']>
2025-06-19 23:18:03,250 - httpcore.http11 - DEBUG - receive_response_body.complete
2025-06-19 23:18:03,250 - httpcore.http11 - DEBUG - response_closed.started
2025-06-19 23:18:03,250 - httpcore.http11 - DEBUG - response_closed.complete
2025-06-19 23:18:03,252 - telegram.ext.ExtBot - DEBUG - No new updates found.
2025-06-19 23:18:03,252 - telegram.ext.ExtBot - DEBUG - ()
2025-06-19 23:18:03,252 - telegram.ext.ExtBot - DEBUG - Exiting: get_updates
2025-06-19 23:18:03,253 - telegram.ext.ExtBot - DEBUG - Entering: get_updates
2025-06-19 23:18:03,255 - httpcore.http11 - DEBUG - send_request_headers.started request=<Request [b'POST']>
2025-06-19 23:18:03,257 - httpcore.http11 - DEBUG - send_request_headers.complete
2025-06-19 23:18:03,257 - httpcore.http11 - DEBUG - send_request_body.started request=<Request [b'POST']>
2025-06-19 23:18:03,258 - httpcore.http11 - DEBUG - send_request_body.complete
2025-06-19 23:18:03,259 - httpcore.http11 - DEBUG - receive_response_headers.started request=<Request [b'POST']>
2025-06-19 23:18:13,365 - httpcore.http11 - DEBUG - receive_response_headers.complete return_value=(b'HTTP/1.1', 200, b'OK', [(b'Server', b'nginx/1.18.0'), (b'Date', b'Thu, 19 Jun 2025 22:18:13 GMT'), (b'Content-Type', b'application/json'), (b'Content-Length', b'23'), (b'Connection', b'keep-alive'), (b'Strict-Transport-Security', b'max-age=31536000; includeSubDomains; preload'), (b'Access-Control-Allow-Origin', b'*'), (b'Access-Control-Allow-Methods', b'GET, POST, OPTIONS'), (b'Access-Control-Expose-Headers', b'Content-Length,Content-Type,Date,Server,Connection')])
2025-06-19 23:18:13,368 - httpx - INFO - HTTP Request: POST https://api.telegram.org/bot7707158318:AAE8rWa4Q8Z_3avql6K0HAmXaooZAReoNF0/getUpdates "HTTP/1.1 200 OK"
2025-06-19 23:18:13,369 - httpcore.http11 - DEBUG - receive_response_body.started request=<Request [b'POST']>
2025-06-19 23:18:13,370 - httpcore.http11 - DEBUG - receive_response_body.complete
2025-06-19 23:18:13,371 - httpcore.http11 - DEBUG - response_closed.started
2025-06-19 23:18:13,372 - httpcore.http11 - DEBUG - response_closed.complete
2025-06-19 23:18:13,372 - telegram.ext.ExtBot - DEBUG - No new updates found.
2025-06-19 23:18:13,372 - telegram.ext.ExtBot - DEBUG - ()
2025-06-19 23:18:13,372 - telegram.ext.ExtBot - DEBUG - Exiting: get_updates
2025-06-19 23:18:13,372 - telegram.ext.ExtBot - DEBUG - Entering: get_updates
2025-06-19 23:18:13,375 - httpcore.http11 - DEBUG - send_request_headers.started request=<Request [b'POST']>
2025-06-19 23:18:13,375 - httpcore.http11 - DEBUG - send_request_headers.complete
2025-06-19 23:18:13,376 - httpcore.http11 - DEBUG - send_request_body.started request=<Request [b'POST']>
2025-06-19 23:18:13,378 - httpcore.http11 - DEBUG - send_request_body.complete
2025-06-19 23:18:13,378 - httpcore.http11 - DEBUG - receive_response_headers.started request=<Request [b'POST']>
2025-06-19 23:18:23,610 - httpcore.http11 - DEBUG - receive_response_headers.complete return_value=(b'HTTP/1.1', 200, b'OK', [(b'Server', b'nginx/1.18.0'), (b'Date', b'Thu, 19 Jun 2025 22:18:23 GMT'), (b'Content-Type', b'application/json'), (b'Content-Length', b'23'), (b'Connection', b'keep-alive'), (b'Strict-Transport-Security', b'max-age=31536000; includeSubDomains; preload'), (b'Access-Control-Allow-Origin', b'*'), (b'Access-Control-Allow-Methods', b'GET, POST, OPTIONS'), (b'Access-Control-Expose-Headers', b'Content-Length,Content-Type,Date,Server,Connection')])
2025-06-19 23:18:23,612 - httpx - INFO - HTTP Request: POST https://api.telegram.org/bot7707158318:AAE8rWa4Q8Z_3avql6K0HAmXaooZAReoNF0/getUpdates "HTTP/1.1 200 OK"
2025-06-19 23:18:23,612 - httpcore.http11 - DEBUG - receive_response_body.started request=<Request [b'POST']>
2025-06-19 23:18:23,612 - httpcore.http11 - DEBUG - receive_response_body.complete
2025-06-19 23:18:23,614 - httpcore.http11 - DEBUG - response_closed.started
2025-06-19 23:18:23,614 - httpcore.http11 - DEBUG - response_closed.complete
2025-06-19 23:18:23,614 - telegram.ext.ExtBot - DEBUG - No new updates found.
2025-06-19 23:18:23,616 - telegram.ext.ExtBot - DEBUG - ()
2025-06-19 23:18:23,616 - telegram.ext.ExtBot - DEBUG - Exiting: get_updates
2025-06-19 23:18:23,616 - telegram.ext.ExtBot - DEBUG - Entering: get_updates
2025-06-19 23:18:23,617 - httpcore.http11 - DEBUG - send_request_headers.started request=<Request [b'POST']>
2025-06-19 23:18:23,617 - httpcore.http11 - DEBUG - send_request_headers.complete
2025-06-19 23:18:23,617 - httpcore.http11 - DEBUG - send_request_body.started request=<Request [b'POST']>
2025-06-19 23:18:23,620 - httpcore.http11 - DEBUG - send_request_body.complete
2025-06-19 23:18:23,620 - httpcore.http11 - DEBUG - receive_response_headers.started request=<Request [b'POST']>
2025-06-19 23:18:33,736 - httpcore.http11 - DEBUG - receive_response_headers.complete return_value=(b'HTTP/1.1', 200, b'OK', [(b'Server', b'nginx/1.18.0'), (b'Date', b'Thu, 19 Jun 2025 22:18:33 GMT'), (b'Content-Type', b'application/json'), (b'Content-Length', b'23'), (b'Connection', b'keep-alive'), (b'Strict-Transport-Security', b'max-age=31536000; includeSubDomains; preload'), (b'Access-Control-Allow-Origin', b'*'), (b'Access-Control-Allow-Methods', b'GET, POST, OPTIONS'), (b'Access-Control-Expose-Headers', b'Content-Length,Content-Type,Date,Server,Connection')])
2025-06-19 23:18:33,739 - httpx - INFO - HTTP Request: POST https://api.telegram.org/bot7707158318:AAE8rWa4Q8Z_3avql6K0HAmXaooZAReoNF0/getUpdates "HTTP/1.1 200 OK"
2025-06-19 23:18:33,740 - httpcore.http11 - DEBUG - receive_response_body.started request=<Request [b'POST']>
2025-06-19 23:18:33,740 - httpcore.http11 - DEBUG - receive_response_body.complete
2025-06-19 23:18:33,740 - httpcore.http11 - DEBUG - response_closed.started
2025-06-19 23:18:33,743 - httpcore.http11 - DEBUG - response_closed.complete
2025-06-19 23:18:33,744 - telegram.ext.ExtBot - DEBUG - No new updates found.
2025-06-19 23:18:33,744 - telegram.ext.ExtBot - DEBUG - ()
2025-06-19 23:18:33,744 - telegram.ext.ExtBot - DEBUG - Exiting: get_updates
2025-06-19 23:18:33,745 - telegram.ext.ExtBot - DEBUG - Entering: get_updates
2025-06-19 23:18:33,748 - httpcore.http11 - DEBUG - send_request_headers.started request=<Request [b'POST']>
2025-06-19 23:18:33,749 - httpcore.http11 - DEBUG - send_request_headers.complete
2025-06-19 23:18:33,749 - httpcore.http11 - DEBUG - send_request_body.started request=<Request [b'POST']>
2025-06-19 23:18:33,751 - httpcore.http11 - DEBUG - send_request_body.complete
2025-06-19 23:18:33,751 - httpcore.http11 - DEBUG - receive_response_headers.started request=<Request [b'POST']>
2025-06-19 23:18:43,875 - httpcore.http11 - DEBUG - receive_response_headers.complete return_value=(b'HTTP/1.1', 200, b'OK', [(b'Server', b'nginx/1.18.0'), (b'Date', b'Thu, 19 Jun 2025 22:18:43 GMT'), (b'Content-Type', b'application/json'), (b'Content-Length', b'23'), (b'Connection', b'keep-alive'), (b'Strict-Transport-Security', b'max-age=31536000; includeSubDomains; preload'), (b'Access-Control-Allow-Origin', b'*'), (b'Access-Control-Allow-Methods', b'GET, POST, OPTIONS'), (b'Access-Control-Expose-Headers', b'Content-Length,Content-Type,Date,Server,Connection')])
2025-06-19 23:18:43,876 - httpx - INFO - HTTP Request: POST https://api.telegram.org/bot7707158318:AAE8rWa4Q8Z_3avql6K0HAmXaooZAReoNF0/getUpdates "HTTP/1.1 200 OK"
2025-06-19 23:18:43,878 - httpcore.http11 - DEBUG - receive_response_body.started request=<Request [b'POST']>
2025-06-19 23:18:43,878 - httpcore.http11 - DEBUG - receive_response_body.complete
2025-06-19 23:18:43,878 - httpcore.http11 - DEBUG - response_closed.started
2025-06-19 23:18:43,878 - httpcore.http11 - DEBUG - response_closed.complete
2025-06-19 23:18:43,878 - telegram.ext.ExtBot - DEBUG - No new updates found.
2025-06-19 23:18:43,878 - telegram.ext.ExtBot - DEBUG - ()
2025-06-19 23:18:43,878 - telegram.ext.ExtBot - DEBUG - Exiting: get_updates
2025-06-19 23:18:43,881 - telegram.ext.ExtBot - DEBUG - Entering: get_updates
2025-06-19 23:18:43,883 - httpcore.http11 - DEBUG - send_request_headers.started request=<Request [b'POST']>
2025-06-19 23:18:43,883 - httpcore.http11 - DEBUG - send_request_headers.complete
2025-06-19 23:18:43,883 - httpcore.http11 - DEBUG - send_request_body.started request=<Request [b'POST']>
2025-06-19 23:18:43,886 - httpcore.http11 - DEBUG - send_request_body.complete
2025-06-19 23:18:43,886 - httpcore.http11 - DEBUG - receive_response_headers.started request=<Request [b'POST']>
2025-06-19 23:18:54,188 - httpcore.http11 - DEBUG - receive_response_headers.complete return_value=(b'HTTP/1.1', 200, b'OK', [(b'Server', b'nginx/1.18.0'), (b'Date', b'Thu, 19 Jun 2025 22:18:53 GMT'), (b'Content-Type', b'application/json'), (b'Content-Length', b'23'), (b'Connection', b'keep-alive'), (b'Strict-Transport-Security', b'max-age=31536000; includeSubDomains; preload'), (b'Access-Control-Allow-Origin', b'*'), (b'Access-Control-Allow-Methods', b'GET, POST, OPTIONS'), (b'Access-Control-Expose-Headers', b'Content-Length,Content-Type,Date,Server,Connection')])
2025-06-19 23:18:54,188 - httpx - INFO - HTTP Request: POST https://api.telegram.org/bot7707158318:AAE8rWa4Q8Z_3avql6K0HAmXaooZAReoNF0/getUpdates "HTTP/1.1 200 OK"
2025-06-19 23:18:54,191 - httpcore.http11 - DEBUG - receive_response_body.started request=<Request [b'POST']>
2025-06-19 23:18:54,191 - httpcore.http11 - DEBUG - receive_response_body.complete
2025-06-19 23:18:54,191 - httpcore.http11 - DEBUG - response_closed.started
2025-06-19 23:18:54,191 - httpcore.http11 - DEBUG - response_closed.complete
2025-06-19 23:18:54,194 - telegram.ext.ExtBot - DEBUG - No new updates found.
2025-06-19 23:18:54,194 - telegram.ext.ExtBot - DEBUG - ()
2025-06-19 23:18:54,195 - telegram.ext.ExtBot - DEBUG - Exiting: get_updates
2025-06-19 23:18:54,195 - telegram.ext.ExtBot - DEBUG - Entering: get_updates
2025-06-19 23:18:54,195 - httpcore.http11 - DEBUG - send_request_headers.started request=<Request [b'POST']>
2025-06-19 23:18:54,198 - httpcore.http11 - DEBUG - send_request_headers.complete
2025-06-19 23:18:54,198 - httpcore.http11 - DEBUG - send_request_body.started request=<Request [b'POST']>
2025-06-19 23:18:54,199 - httpcore.http11 - DEBUG - send_request_body.complete
2025-06-19 23:18:54,199 - httpcore.http11 - DEBUG - receive_response_headers.started request=<Request [b'POST']>
2025-06-19 23:19:04,569 - httpcore.http11 - DEBUG - receive_response_headers.complete return_value=(b'HTTP/1.1', 200, b'OK', [(b'Server', b'nginx/1.18.0'), (b'Date', b'Thu, 19 Jun 2025 22:19:04 GMT'), (b'Content-Type', b'application/json'), (b'Content-Length', b'23'), (b'Connection', b'keep-alive'), (b'Strict-Transport-Security', b'max-age=31536000; includeSubDomains; preload'), (b'Access-Control-Allow-Origin', b'*'), (b'Access-Control-Allow-Methods', b'GET, POST, OPTIONS'), (b'Access-Control-Expose-Headers', b'Content-Length,Content-Type,Date,Server,Connection')])
2025-06-19 23:19:04,572 - httpx - INFO - HTTP Request: POST https://api.telegram.org/bot7707158318:AAE8rWa4Q8Z_3avql6K0HAmXaooZAReoNF0/getUpdates "HTTP/1.1 200 OK"
2025-06-19 23:19:04,575 - httpcore.http11 - DEBUG - receive_response_body.started request=<Request [b'POST']>
2025-06-19 23:19:04,575 - httpcore.http11 - DEBUG - receive_response_body.complete
2025-06-19 23:19:04,575 - httpcore.http11 - DEBUG - response_closed.started
2025-06-19 23:19:04,575 - httpcore.http11 - DEBUG - response_closed.complete
2025-06-19 23:19:04,577 - telegram.ext.ExtBot - DEBUG - No new updates found.
2025-06-19 23:19:04,577 - telegram.ext.ExtBot - DEBUG - ()
2025-06-19 23:19:04,577 - telegram.ext.ExtBot - DEBUG - Exiting: get_updates
2025-06-19 23:19:04,577 - telegram.ext.ExtBot - DEBUG - Entering: get_updates
2025-06-19 23:19:04,579 - httpcore.http11 - DEBUG - send_request_headers.started request=<Request [b'POST']>
2025-06-19 23:19:04,581 - httpcore.http11 - DEBUG - send_request_headers.complete
2025-06-19 23:19:04,581 - httpcore.http11 - DEBUG - send_request_body.started request=<Request [b'POST']>
2025-06-19 23:19:04,583 - httpcore.http11 - DEBUG - send_request_body.complete
2025-06-19 23:19:04,583 - httpcore.http11 - DEBUG - receive_response_headers.started request=<Request [b'POST']>
2025-06-19 23:19:14,705 - httpcore.http11 - DEBUG - receive_response_headers.complete return_value=(b'HTTP/1.1', 200, b'OK', [(b'Server', b'nginx/1.18.0'), (b'Date', b'Thu, 19 Jun 2025 22:19:14 GMT'), (b'Content-Type', b'application/json'), (b'Content-Length', b'23'), (b'Connection', b'keep-alive'), (b'Strict-Transport-Security', b'max-age=31536000; includeSubDomains; preload'), (b'Access-Control-Allow-Origin', b'*'), (b'Access-Control-Allow-Methods', b'GET, POST, OPTIONS'), (b'Access-Control-Expose-Headers', b'Content-Length,Content-Type,Date,Server,Connection')])
2025-06-19 23:19:14,709 - httpx - INFO - HTTP Request: POST https://api.telegram.org/bot7707158318:AAE8rWa4Q8Z_3avql6K0HAmXaooZAReoNF0/getUpdates "HTTP/1.1 200 OK"
2025-06-19 23:19:14,713 - httpcore.http11 - DEBUG - receive_response_body.started request=<Request [b'POST']>
2025-06-19 23:19:14,713 - httpcore.http11 - DEBUG - receive_response_body.complete
2025-06-19 23:19:14,714 - httpcore.http11 - DEBUG - response_closed.started
2025-06-19 23:19:14,717 - httpcore.http11 - DEBUG - response_closed.complete
2025-06-19 23:19:14,731 - telegram.ext.ExtBot - DEBUG - No new updates found.
2025-06-19 23:19:14,731 - telegram.ext.ExtBot - DEBUG - ()
2025-06-19 23:19:14,731 - telegram.ext.ExtBot - DEBUG - Exiting: get_updates
2025-06-19 23:19:14,733 - telegram.ext.ExtBot - DEBUG - Entering: get_updates
2025-06-19 23:19:14,737 - httpcore.http11 - DEBUG - send_request_headers.started request=<Request [b'POST']>
2025-06-19 23:19:14,740 - httpcore.http11 - DEBUG - send_request_headers.complete
2025-06-19 23:19:14,740 - httpcore.http11 - DEBUG - send_request_body.started request=<Request [b'POST']>
2025-06-19 23:19:14,742 - httpcore.http11 - DEBUG - send_request_body.complete
2025-06-19 23:19:14,742 - httpcore.http11 - DEBUG - receive_response_headers.started request=<Request [b'POST']>
2025-06-19 23:19:25,050 - httpcore.http11 - DEBUG - receive_response_headers.complete return_value=(b'HTTP/1.1', 200, b'OK', [(b'Server', b'nginx/1.18.0'), (b'Date', b'Thu, 19 Jun 2025 22:19:24 GMT'), (b'Content-Type', b'application/json'), (b'Content-Length', b'23'), (b'Connection', b'keep-alive'), (b'Strict-Transport-Security', b'max-age=31536000; includeSubDomains; preload'), (b'Access-Control-Allow-Origin', b'*'), (b'Access-Control-Allow-Methods', b'GET, POST, OPTIONS'), (b'Access-Control-Expose-Headers', b'Content-Length,Content-Type,Date,Server,Connection')])
2025-06-19 23:19:25,051 - httpx - INFO - HTTP Request: POST https://api.telegram.org/bot7707158318:AAE8rWa4Q8Z_3avql6K0HAmXaooZAReoNF0/getUpdates "HTTP/1.1 200 OK"
2025-06-19 23:19:25,051 - httpcore.http11 - DEBUG - receive_response_body.started request=<Request [b'POST']>
2025-06-19 23:19:25,051 - httpcore.http11 - DEBUG - receive_response_body.complete
2025-06-19 23:19:25,051 - httpcore.http11 - DEBUG - response_closed.started
2025-06-19 23:19:25,051 - httpcore.http11 - DEBUG - response_closed.complete
2025-06-19 23:19:25,051 - telegram.ext.ExtBot - DEBUG - No new updates found.
2025-06-19 23:19:25,051 - telegram.ext.ExtBot - DEBUG - ()
2025-06-19 23:19:25,051 - telegram.ext.ExtBot - DEBUG - Exiting: get_updates
2025-06-19 23:19:25,051 - telegram.ext.ExtBot - DEBUG - Entering: get_updates
2025-06-19 23:19:25,057 - httpcore.http11 - DEBUG - send_request_headers.started request=<Request [b'POST']>
2025-06-19 23:19:25,058 - httpcore.http11 - DEBUG - send_request_headers.complete
2025-06-19 23:19:25,058 - httpcore.http11 - DEBUG - send_request_body.started request=<Request [b'POST']>
2025-06-19 23:19:25,060 - httpcore.http11 - DEBUG - send_request_body.complete
2025-06-19 23:19:25,060 - httpcore.http11 - DEBUG - receive_response_headers.started request=<Request [b'POST']>
2025-06-19 23:19:35,391 - httpcore.http11 - DEBUG - receive_response_headers.complete return_value=(b'HTTP/1.1', 200, b'OK', [(b'Server', b'nginx/1.18.0'), (b'Date', b'Thu, 19 Jun 2025 22:19:35 GMT'), (b'Content-Type', b'application/json'), (b'Content-Length', b'23'), (b'Connection', b'keep-alive'), (b'Strict-Transport-Security', b'max-age=31536000; includeSubDomains; preload'), (b'Access-Control-Allow-Origin', b'*'), (b'Access-Control-Allow-Methods', b'GET, POST, OPTIONS'), (b'Access-Control-Expose-Headers', b'Content-Length,Content-Type,Date,Server,Connection')])
2025-06-19 23:19:35,391 - httpx - INFO - HTTP Request: POST https://api.telegram.org/bot7707158318:AAE8rWa4Q8Z_3avql6K0HAmXaooZAReoNF0/getUpdates "HTTP/1.1 200 OK"
2025-06-19 23:19:35,391 - httpcore.http11 - DEBUG - receive_response_body.started request=<Request [b'POST']>
2025-06-19 23:19:35,391 - httpcore.http11 - DEBUG - receive_response_body.complete
2025-06-19 23:19:35,394 - httpcore.http11 - DEBUG - response_closed.started
2025-06-19 23:19:35,394 - httpcore.http11 - DEBUG - response_closed.complete
2025-06-19 23:19:35,395 - telegram.ext.ExtBot - DEBUG - No new updates found.
2025-06-19 23:19:35,395 - telegram.ext.ExtBot - DEBUG - ()
2025-06-19 23:19:35,395 - telegram.ext.ExtBot - DEBUG - Exiting: get_updates
2025-06-19 23:19:35,396 - telegram.ext.ExtBot - DEBUG - Entering: get_updates
2025-06-19 23:19:35,396 - httpcore.http11 - DEBUG - send_request_headers.started request=<Request [b'POST']>
2025-06-19 23:19:35,398 - httpcore.http11 - DEBUG - send_request_headers.complete
2025-06-19 23:19:35,398 - httpcore.http11 - DEBUG - send_request_body.started request=<Request [b'POST']>
2025-06-19 23:19:35,400 - httpcore.http11 - DEBUG - send_request_body.complete
2025-06-19 23:19:35,400 - httpcore.http11 - DEBUG - receive_response_headers.started request=<Request [b'POST']>
2025-06-19 23:19:45,491 - httpcore.http11 - DEBUG - receive_response_headers.complete return_value=(b'HTTP/1.1', 200, b'OK', [(b'Server', b'nginx/1.18.0'), (b'Date', b'Thu, 19 Jun 2025 22:19:45 GMT'), (b'Content-Type', b'application/json'), (b'Content-Length', b'23'), (b'Connection', b'keep-alive'), (b'Strict-Transport-Security', b'max-age=31536000; includeSubDomains; preload'), (b'Access-Control-Allow-Origin', b'*'), (b'Access-Control-Allow-Methods', b'GET, POST, OPTIONS'), (b'Access-Control-Expose-Headers', b'Content-Length,Content-Type,Date,Server,Connection')])
2025-06-19 23:19:45,491 - httpx - INFO - HTTP Request: POST https://api.telegram.org/bot7707158318:AAE8rWa4Q8Z_3avql6K0HAmXaooZAReoNF0/getUpdates "HTTP/1.1 200 OK"
2025-06-19 23:19:45,494 - httpcore.http11 - DEBUG - receive_response_body.started request=<Request [b'POST']>
2025-06-19 23:19:45,494 - httpcore.http11 - DEBUG - receive_response_body.complete
2025-06-19 23:19:45,494 - httpcore.http11 - DEBUG - response_closed.started
2025-06-19 23:19:45,494 - httpcore.http11 - DEBUG - response_closed.complete
2025-06-19 23:19:45,495 - telegram.ext.ExtBot - DEBUG - No new updates found.
2025-06-19 23:19:45,495 - telegram.ext.ExtBot - DEBUG - ()
2025-06-19 23:19:45,495 - telegram.ext.ExtBot - DEBUG - Exiting: get_updates
2025-06-19 23:19:45,495 - telegram.ext.ExtBot - DEBUG - Entering: get_updates
2025-06-19 23:19:45,497 - httpcore.http11 - DEBUG - send_request_headers.started request=<Request [b'POST']>
2025-06-19 23:19:45,498 - httpcore.http11 - DEBUG - send_request_headers.complete
2025-06-19 23:19:45,498 - httpcore.http11 - DEBUG - send_request_body.started request=<Request [b'POST']>
2025-06-19 23:19:45,499 - httpcore.http11 - DEBUG - send_request_body.complete
2025-06-19 23:19:45,499 - httpcore.http11 - DEBUG - receive_response_headers.started request=<Request [b'POST']>
2025-06-19 23:19:55,684 - httpcore.http11 - DEBUG - receive_response_headers.complete return_value=(b'HTTP/1.1', 200, b'OK', [(b'Server', b'nginx/1.18.0'), (b'Date', b'Thu, 19 Jun 2025 22:19:55 GMT'), (b'Content-Type', b'application/json'), (b'Content-Length', b'23'), (b'Connection', b'keep-alive'), (b'Strict-Transport-Security', b'max-age=31536000; includeSubDomains; preload'), (b'Access-Control-Allow-Origin', b'*'), (b'Access-Control-Allow-Methods', b'GET, POST, OPTIONS'), (b'Access-Control-Expose-Headers', b'Content-Length,Content-Type,Date,Server,Connection')])
2025-06-19 23:19:55,684 - httpx - INFO - HTTP Request: POST https://api.telegram.org/bot7707158318:AAE8rWa4Q8Z_3avql6K0HAmXaooZAReoNF0/getUpdates "HTTP/1.1 200 OK"
2025-06-19 23:19:55,686 - httpcore.http11 - DEBUG - receive_response_body.started request=<Request [b'POST']>
2025-06-19 23:19:55,686 - httpcore.http11 - DEBUG - receive_response_body.complete
2025-06-19 23:19:55,686 - httpcore.http11 - DEBUG - response_closed.started
2025-06-19 23:19:55,686 - httpcore.http11 - DEBUG - response_closed.complete
2025-06-19 23:19:55,686 - telegram.ext.ExtBot - DEBUG - No new updates found.
2025-06-19 23:19:55,688 - telegram.ext.ExtBot - DEBUG - ()
2025-06-19 23:19:55,688 - telegram.ext.ExtBot - DEBUG - Exiting: get_updates
2025-06-19 23:19:55,688 - telegram.ext.ExtBot - DEBUG - Entering: get_updates
2025-06-19 23:19:55,690 - httpcore.http11 - DEBUG - send_request_headers.started request=<Request [b'POST']>
2025-06-19 23:19:55,690 - httpcore.http11 - DEBUG - send_request_headers.complete
2025-06-19 23:19:55,690 - httpcore.http11 - DEBUG - send_request_body.started request=<Request [b'POST']>
2025-06-19 23:19:55,693 - httpcore.http11 - DEBUG - send_request_body.complete
2025-06-19 23:19:55,693 - httpcore.http11 - DEBUG - receive_response_headers.started request=<Request [b'POST']>
2025-06-19 23:20:05,883 - httpcore.http11 - DEBUG - receive_response_headers.complete return_value=(b'HTTP/1.1', 200, b'OK', [(b'Server', b'nginx/1.18.0'), (b'Date', b'Thu, 19 Jun 2025 22:20:05 GMT'), (b'Content-Type', b'application/json'), (b'Content-Length', b'23'), (b'Connection', b'keep-alive'), (b'Strict-Transport-Security', b'max-age=31536000; includeSubDomains; preload'), (b'Access-Control-Allow-Origin', b'*'), (b'Access-Control-Allow-Methods', b'GET, POST, OPTIONS'), (b'Access-Control-Expose-Headers', b'Content-Length,Content-Type,Date,Server,Connection')])
2025-06-19 23:20:05,886 - httpx - INFO - HTTP Request: POST https://api.telegram.org/bot7707158318:AAE8rWa4Q8Z_3avql6K0HAmXaooZAReoNF0/getUpdates "HTTP/1.1 200 OK"
2025-06-19 23:20:05,886 - httpcore.http11 - DEBUG - receive_response_body.started request=<Request [b'POST']>
2025-06-19 23:20:05,886 - httpcore.http11 - DEBUG - receive_response_body.complete
2025-06-19 23:20:05,886 - httpcore.http11 - DEBUG - response_closed.started
2025-06-19 23:20:05,886 - httpcore.http11 - DEBUG - response_closed.complete
2025-06-19 23:20:05,886 - telegram.ext.ExtBot - DEBUG - No new updates found.
2025-06-19 23:20:05,889 - telegram.ext.ExtBot - DEBUG - ()
2025-06-19 23:20:05,889 - telegram.ext.ExtBot - DEBUG - Exiting: get_updates
2025-06-19 23:20:05,889 - telegram.ext.ExtBot - DEBUG - Entering: get_updates
2025-06-19 23:20:05,890 - httpcore.http11 - DEBUG - send_request_headers.started request=<Request [b'POST']>
2025-06-19 23:20:05,890 - httpcore.http11 - DEBUG - send_request_headers.complete
2025-06-19 23:20:05,890 - httpcore.http11 - DEBUG - send_request_body.started request=<Request [b'POST']>
2025-06-19 23:20:05,890 - httpcore.http11 - DEBUG - send_request_body.complete
2025-06-19 23:20:05,895 - httpcore.http11 - DEBUG - receive_response_headers.started request=<Request [b'POST']>
2025-06-19 23:20:16,042 - httpcore.http11 - DEBUG - receive_response_headers.complete return_value=(b'HTTP/1.1', 200, b'OK', [(b'Server', b'nginx/1.18.0'), (b'Date', b'Thu, 19 Jun 2025 22:20:15 GMT'), (b'Content-Type', b'application/json'), (b'Content-Length', b'23'), (b'Connection', b'keep-alive'), (b'Strict-Transport-Security', b'max-age=31536000; includeSubDomains; preload'), (b'Access-Control-Allow-Origin', b'*'), (b'Access-Control-Allow-Methods', b'GET, POST, OPTIONS'), (b'Access-Control-Expose-Headers', b'Content-Length,Content-Type,Date,Server,Connection')])
2025-06-19 23:20:16,044 - httpx - INFO - HTTP Request: POST https://api.telegram.org/bot7707158318:AAE8rWa4Q8Z_3avql6K0HAmXaooZAReoNF0/getUpdates "HTTP/1.1 200 OK"
2025-06-19 23:20:16,044 - httpcore.http11 - DEBUG - receive_response_body.started request=<Request [b'POST']>
2025-06-19 23:20:16,045 - httpcore.http11 - DEBUG - receive_response_body.complete
2025-06-19 23:20:16,045 - httpcore.http11 - DEBUG - response_closed.started
2025-06-19 23:20:16,045 - httpcore.http11 - DEBUG - response_closed.complete
2025-06-19 23:20:16,045 - telegram.ext.ExtBot - DEBUG - No new updates found.
2025-06-19 23:20:16,045 - telegram.ext.ExtBot - DEBUG - ()
2025-06-19 23:20:16,045 - telegram.ext.ExtBot - DEBUG - Exiting: get_updates
2025-06-19 23:20:16,045 - telegram.ext.ExtBot - DEBUG - Entering: get_updates
2025-06-19 23:20:16,048 - httpcore.http11 - DEBUG - send_request_headers.started request=<Request [b'POST']>
2025-06-19 23:20:16,049 - httpcore.http11 - DEBUG - send_request_headers.complete
2025-06-19 23:20:16,049 - httpcore.http11 - DEBUG - send_request_body.started request=<Request [b'POST']>
2025-06-19 23:20:16,049 - httpcore.http11 - DEBUG - send_request_body.complete
2025-06-19 23:20:16,049 - httpcore.http11 - DEBUG - receive_response_headers.started request=<Request [b'POST']>
2025-06-19 23:20:26,177 - httpcore.http11 - DEBUG - receive_response_headers.complete return_value=(b'HTTP/1.1', 200, b'OK', [(b'Server', b'nginx/1.18.0'), (b'Date', b'Thu, 19 Jun 2025 22:20:26 GMT'), (b'Content-Type', b'application/json'), (b'Content-Length', b'23'), (b'Connection', b'keep-alive'), (b'Strict-Transport-Security', b'max-age=31536000; includeSubDomains; preload'), (b'Access-Control-Allow-Origin', b'*'), (b'Access-Control-Allow-Methods', b'GET, POST, OPTIONS'), (b'Access-Control-Expose-Headers', b'Content-Length,Content-Type,Date,Server,Connection')])
2025-06-19 23:20:26,182 - httpx - INFO - HTTP Request: POST https://api.telegram.org/bot7707158318:AAE8rWa4Q8Z_3avql6K0HAmXaooZAReoNF0/getUpdates "HTTP/1.1 200 OK"
2025-06-19 23:20:26,182 - httpcore.http11 - DEBUG - receive_response_body.started request=<Request [b'POST']>
2025-06-19 23:20:26,182 - httpcore.http11 - DEBUG - receive_response_body.complete
2025-06-19 23:20:26,182 - httpcore.http11 - DEBUG - response_closed.started
2025-06-19 23:20:26,186 - httpcore.http11 - DEBUG - response_closed.complete
2025-06-19 23:20:26,186 - telegram.ext.ExtBot - DEBUG - No new updates found.
2025-06-19 23:20:26,186 - telegram.ext.ExtBot - DEBUG - ()
2025-06-19 23:20:26,186 - telegram.ext.ExtBot - DEBUG - Exiting: get_updates
2025-06-19 23:20:26,186 - telegram.ext.ExtBot - DEBUG - Entering: get_updates
2025-06-19 23:20:26,189 - httpcore.http11 - DEBUG - send_request_headers.started request=<Request [b'POST']>
2025-06-19 23:20:26,190 - httpcore.http11 - DEBUG - send_request_headers.complete
2025-06-19 23:20:26,190 - httpcore.http11 - DEBUG - send_request_body.started request=<Request [b'POST']>
2025-06-19 23:20:26,190 - httpcore.http11 - DEBUG - send_request_body.complete
2025-06-19 23:20:26,190 - httpcore.http11 - DEBUG - receive_response_headers.started request=<Request [b'POST']>
2025-06-19 23:20:36,523 - httpcore.http11 - DEBUG - receive_response_headers.complete return_value=(b'HTTP/1.1', 200, b'OK', [(b'Server', b'nginx/1.18.0'), (b'Date', b'Thu, 19 Jun 2025 22:20:36 GMT'), (b'Content-Type', b'application/json'), (b'Content-Length', b'23'), (b'Connection', b'keep-alive'), (b'Strict-Transport-Security', b'max-age=31536000; includeSubDomains; preload'), (b'Access-Control-Allow-Origin', b'*'), (b'Access-Control-Allow-Methods', b'GET, POST, OPTIONS'), (b'Access-Control-Expose-Headers', b'Content-Length,Content-Type,Date,Server,Connection')])
2025-06-19 23:20:36,525 - httpx - INFO - HTTP Request: POST https://api.telegram.org/bot7707158318:AAE8rWa4Q8Z_3avql6K0HAmXaooZAReoNF0/getUpdates "HTTP/1.1 200 OK"
2025-06-19 23:20:36,527 - httpcore.http11 - DEBUG - receive_response_body.started request=<Request [b'POST']>
2025-06-19 23:20:36,527 - httpcore.http11 - DEBUG - receive_response_body.complete
2025-06-19 23:20:36,528 - httpcore.http11 - DEBUG - response_closed.started
2025-06-19 23:20:36,529 - httpcore.http11 - DEBUG - response_closed.complete
2025-06-19 23:20:36,530 - telegram.ext.ExtBot - DEBUG - No new updates found.
2025-06-19 23:20:36,530 - telegram.ext.ExtBot - DEBUG - ()
2025-06-19 23:20:36,530 - telegram.ext.ExtBot - DEBUG - Exiting: get_updates
2025-06-19 23:20:36,531 - telegram.ext.ExtBot - DEBUG - Entering: get_updates
2025-06-19 23:20:36,533 - httpcore.http11 - DEBUG - send_request_headers.started request=<Request [b'POST']>
2025-06-19 23:20:36,535 - httpcore.http11 - DEBUG - send_request_headers.complete
2025-06-19 23:20:36,535 - httpcore.http11 - DEBUG - send_request_body.started request=<Request [b'POST']>
2025-06-19 23:20:36,536 - httpcore.http11 - DEBUG - send_request_body.complete
2025-06-19 23:20:36,536 - httpcore.http11 - DEBUG - receive_response_headers.started request=<Request [b'POST']>
2025-06-19 23:20:46,763 - httpcore.http11 - DEBUG - receive_response_headers.complete return_value=(b'HTTP/1.1', 200, b'OK', [(b'Server', b'nginx/1.18.0'), (b'Date', b'Thu, 19 Jun 2025 22:20:46 GMT'), (b'Content-Type', b'application/json'), (b'Content-Length', b'23'), (b'Connection', b'keep-alive'), (b'Strict-Transport-Security', b'max-age=31536000; includeSubDomains; preload'), (b'Access-Control-Allow-Origin', b'*'), (b'Access-Control-Allow-Methods', b'GET, POST, OPTIONS'), (b'Access-Control-Expose-Headers', b'Content-Length,Content-Type,Date,Server,Connection')])
2025-06-19 23:20:46,767 - httpx - INFO - HTTP Request: POST https://api.telegram.org/bot7707158318:AAE8rWa4Q8Z_3avql6K0HAmXaooZAReoNF0/getUpdates "HTTP/1.1 200 OK"
2025-06-19 23:20:46,767 - httpcore.http11 - DEBUG - receive_response_body.started request=<Request [b'POST']>
2025-06-19 23:20:46,767 - httpcore.http11 - DEBUG - receive_response_body.complete
2025-06-19 23:20:46,770 - httpcore.http11 - DEBUG - response_closed.started
2025-06-19 23:20:46,770 - httpcore.http11 - DEBUG - response_closed.complete
2025-06-19 23:20:46,772 - telegram.ext.ExtBot - DEBUG - No new updates found.
2025-06-19 23:20:46,772 - telegram.ext.ExtBot - DEBUG - ()
2025-06-19 23:20:46,772 - telegram.ext.ExtBot - DEBUG - Exiting: get_updates
2025-06-19 23:20:46,772 - telegram.ext.ExtBot - DEBUG - Entering: get_updates
2025-06-19 23:20:46,777 - httpcore.http11 - DEBUG - send_request_headers.started request=<Request [b'POST']>
2025-06-19 23:20:46,778 - httpcore.http11 - DEBUG - send_request_headers.complete
2025-06-19 23:20:46,778 - httpcore.http11 - DEBUG - send_request_body.started request=<Request [b'POST']>
2025-06-19 23:20:46,780 - httpcore.http11 - DEBUG - send_request_body.complete
2025-06-19 23:20:46,780 - httpcore.http11 - DEBUG - receive_response_headers.started request=<Request [b'POST']>
2025-06-19 23:20:56,899 - httpcore.http11 - DEBUG - receive_response_headers.complete return_value=(b'HTTP/1.1', 200, b'OK', [(b'Server', b'nginx/1.18.0'), (b'Date', b'Thu, 19 Jun 2025 22:20:56 GMT'), (b'Content-Type', b'application/json'), (b'Content-Length', b'23'), (b'Connection', b'keep-alive'), (b'Strict-Transport-Security', b'max-age=31536000; includeSubDomains; preload'), (b'Access-Control-Allow-Origin', b'*'), (b'Access-Control-Allow-Methods', b'GET, POST, OPTIONS'), (b'Access-Control-Expose-Headers', b'Content-Length,Content-Type,Date,Server,Connection')])
2025-06-19 23:20:56,901 - httpx - INFO - HTTP Request: POST https://api.telegram.org/bot7707158318:AAE8rWa4Q8Z_3avql6K0HAmXaooZAReoNF0/getUpdates "HTTP/1.1 200 OK"
2025-06-19 23:20:56,905 - httpcore.http11 - DEBUG - receive_response_body.started request=<Request [b'POST']>
2025-06-19 23:20:56,905 - httpcore.http11 - DEBUG - receive_response_body.complete
2025-06-19 23:20:56,905 - httpcore.http11 - DEBUG - response_closed.started
2025-06-19 23:20:56,907 - httpcore.http11 - DEBUG - response_closed.complete
2025-06-19 23:20:56,908 - telegram.ext.ExtBot - DEBUG - No new updates found.
2025-06-19 23:20:56,908 - telegram.ext.ExtBot - DEBUG - ()
2025-06-19 23:20:56,908 - telegram.ext.ExtBot - DEBUG - Exiting: get_updates
2025-06-19 23:20:56,908 - telegram.ext.ExtBot - DEBUG - Entering: get_updates
2025-06-19 23:20:56,913 - httpcore.http11 - DEBUG - send_request_headers.started request=<Request [b'POST']>
2025-06-19 23:20:56,914 - httpcore.http11 - DEBUG - send_request_headers.complete
2025-06-19 23:20:56,915 - httpcore.http11 - DEBUG - send_request_body.started request=<Request [b'POST']>
2025-06-19 23:20:56,916 - httpcore.http11 - DEBUG - send_request_body.complete
2025-06-19 23:20:56,918 - httpcore.http11 - DEBUG - receive_response_headers.started request=<Request [b'POST']>
2025-06-19 23:21:07,036 - httpcore.http11 - DEBUG - receive_response_headers.complete return_value=(b'HTTP/1.1', 200, b'OK', [(b'Server', b'nginx/1.18.0'), (b'Date', b'Thu, 19 Jun 2025 22:21:06 GMT'), (b'Content-Type', b'application/json'), (b'Content-Length', b'23'), (b'Connection', b'keep-alive'), (b'Strict-Transport-Security', b'max-age=31536000; includeSubDomains; preload'), (b'Access-Control-Allow-Origin', b'*'), (b'Access-Control-Allow-Methods', b'GET, POST, OPTIONS'), (b'Access-Control-Expose-Headers', b'Content-Length,Content-Type,Date,Server,Connection')])
2025-06-19 23:21:07,039 - httpx - INFO - HTTP Request: POST https://api.telegram.org/bot7707158318:AAE8rWa4Q8Z_3avql6K0HAmXaooZAReoNF0/getUpdates "HTTP/1.1 200 OK"
2025-06-19 23:21:07,041 - httpcore.http11 - DEBUG - receive_response_body.started request=<Request [b'POST']>
2025-06-19 23:21:07,041 - httpcore.http11 - DEBUG - receive_response_body.complete
2025-06-19 23:21:07,041 - httpcore.http11 - DEBUG - response_closed.started
2025-06-19 23:21:07,041 - httpcore.http11 - DEBUG - response_closed.complete
2025-06-19 23:21:07,042 - telegram.ext.ExtBot - DEBUG - No new updates found.
2025-06-19 23:21:07,044 - telegram.ext.ExtBot - DEBUG - ()
2025-06-19 23:21:07,044 - telegram.ext.ExtBot - DEBUG - Exiting: get_updates
2025-06-19 23:21:07,044 - telegram.ext.ExtBot - DEBUG - Entering: get_updates
2025-06-19 23:21:07,048 - httpcore.http11 - DEBUG - send_request_headers.started request=<Request [b'POST']>
2025-06-19 23:21:07,050 - httpcore.http11 - DEBUG - send_request_headers.complete
2025-06-19 23:21:07,050 - httpcore.http11 - DEBUG - send_request_body.started request=<Request [b'POST']>
2025-06-19 23:21:07,052 - httpcore.http11 - DEBUG - send_request_body.complete
2025-06-19 23:21:07,052 - httpcore.http11 - DEBUG - receive_response_headers.started request=<Request [b'POST']>
2025-06-19 23:21:17,290 - httpcore.http11 - DEBUG - receive_response_headers.complete return_value=(b'HTTP/1.1', 200, b'OK', [(b'Server', b'nginx/1.18.0'), (b'Date', b'Thu, 19 Jun 2025 22:21:17 GMT'), (b'Content-Type', b'application/json'), (b'Content-Length', b'23'), (b'Connection', b'keep-alive'), (b'Strict-Transport-Security', b'max-age=31536000; includeSubDomains; preload'), (b'Access-Control-Allow-Origin', b'*'), (b'Access-Control-Allow-Methods', b'GET, POST, OPTIONS'), (b'Access-Control-Expose-Headers', b'Content-Length,Content-Type,Date,Server,Connection')])
2025-06-19 23:21:17,290 - httpx - INFO - HTTP Request: POST https://api.telegram.org/bot7707158318:AAE8rWa4Q8Z_3avql6K0HAmXaooZAReoNF0/getUpdates "HTTP/1.1 200 OK"
2025-06-19 23:21:17,317 - httpcore.http11 - DEBUG - receive_response_body.started request=<Request [b'POST']>
2025-06-19 23:21:17,317 - httpcore.http11 - DEBUG - receive_response_body.complete
2025-06-19 23:21:17,317 - httpcore.http11 - DEBUG - response_closed.started
2025-06-19 23:21:17,346 - httpcore.http11 - DEBUG - response_closed.complete
2025-06-19 23:21:17,348 - telegram.ext.ExtBot - DEBUG - No new updates found.
2025-06-19 23:21:17,348 - telegram.ext.ExtBot - DEBUG - ()
2025-06-19 23:21:17,348 - telegram.ext.ExtBot - DEBUG - Exiting: get_updates
2025-06-19 23:21:17,350 - telegram.ext.ExtBot - DEBUG - Entering: get_updates
2025-06-19 23:21:17,358 - httpcore.http11 - DEBUG - send_request_headers.started request=<Request [b'POST']>
2025-06-19 23:21:17,371 - httpcore.http11 - DEBUG - send_request_headers.complete
2025-06-19 23:21:17,371 - httpcore.http11 - DEBUG - send_request_body.started request=<Request [b'POST']>
2025-06-19 23:21:17,373 - httpcore.http11 - DEBUG - send_request_body.complete
2025-06-19 23:21:17,373 - httpcore.http11 - DEBUG - receive_response_headers.started request=<Request [b'POST']>
2025-06-19 23:21:27,518 - httpcore.http11 - DEBUG - receive_response_headers.complete return_value=(b'HTTP/1.1', 200, b'OK', [(b'Server', b'nginx/1.18.0'), (b'Date', b'Thu, 19 Jun 2025 22:21:27 GMT'), (b'Content-Type', b'application/json'), (b'Content-Length', b'23'), (b'Connection', b'keep-alive'), (b'Strict-Transport-Security', b'max-age=31536000; includeSubDomains; preload'), (b'Access-Control-Allow-Origin', b'*'), (b'Access-Control-Allow-Methods', b'GET, POST, OPTIONS'), (b'Access-Control-Expose-Headers', b'Content-Length,Content-Type,Date,Server,Connection')])
2025-06-19 23:21:27,520 - httpx - INFO - HTTP Request: POST https://api.telegram.org/bot7707158318:AAE8rWa4Q8Z_3avql6K0HAmXaooZAReoNF0/getUpdates "HTTP/1.1 200 OK"
2025-06-19 23:21:27,522 - httpcore.http11 - DEBUG - receive_response_body.started request=<Request [b'POST']>
2025-06-19 23:21:27,523 - httpcore.http11 - DEBUG - receive_response_body.complete
2025-06-19 23:21:27,524 - httpcore.http11 - DEBUG - response_closed.started
2025-06-19 23:21:27,526 - httpcore.http11 - DEBUG - response_closed.complete
2025-06-19 23:21:27,526 - telegram.ext.ExtBot - DEBUG - No new updates found.
2025-06-19 23:21:27,526 - telegram.ext.ExtBot - DEBUG - ()
2025-06-19 23:21:27,526 - telegram.ext.ExtBot - DEBUG - Exiting: get_updates
2025-06-19 23:21:27,526 - telegram.ext.ExtBot - DEBUG - Entering: get_updates
2025-06-19 23:21:27,530 - httpcore.http11 - DEBUG - send_request_headers.started request=<Request [b'POST']>
2025-06-19 23:21:27,533 - httpcore.http11 - DEBUG - send_request_headers.complete
2025-06-19 23:21:27,535 - httpcore.http11 - DEBUG - send_request_body.started request=<Request [b'POST']>
2025-06-19 23:21:27,535 - httpcore.http11 - DEBUG - send_request_body.complete
2025-06-19 23:21:27,537 - httpcore.http11 - DEBUG - receive_response_headers.started request=<Request [b'POST']>
2025-06-19 23:21:37,626 - httpcore.http11 - DEBUG - receive_response_headers.complete return_value=(b'HTTP/1.1', 200, b'OK', [(b'Server', b'nginx/1.18.0'), (b'Date', b'Thu, 19 Jun 2025 22:21:37 GMT'), (b'Content-Type', b'application/json'), (b'Content-Length', b'23'), (b'Connection', b'keep-alive'), (b'Strict-Transport-Security', b'max-age=31536000; includeSubDomains; preload'), (b'Access-Control-Allow-Origin', b'*'), (b'Access-Control-Allow-Methods', b'GET, POST, OPTIONS'), (b'Access-Control-Expose-Headers', b'Content-Length,Content-Type,Date,Server,Connection')])
2025-06-19 23:21:37,628 - httpx - INFO - HTTP Request: POST https://api.telegram.org/bot7707158318:AAE8rWa4Q8Z_3avql6K0HAmXaooZAReoNF0/getUpdates "HTTP/1.1 200 OK"
2025-06-19 23:21:37,628 - httpcore.http11 - DEBUG - receive_response_body.started request=<Request [b'POST']>
2025-06-19 23:21:37,628 - httpcore.http11 - DEBUG - receive_response_body.complete
2025-06-19 23:21:37,628 - httpcore.http11 - DEBUG - response_closed.started
2025-06-19 23:21:37,628 - httpcore.http11 - DEBUG - response_closed.complete
2025-06-19 23:21:37,628 - telegram.ext.ExtBot - DEBUG - No new updates found.
2025-06-19 23:21:37,628 - telegram.ext.ExtBot - DEBUG - ()
2025-06-19 23:21:37,628 - telegram.ext.ExtBot - DEBUG - Exiting: get_updates
2025-06-19 23:21:37,628 - telegram.ext.ExtBot - DEBUG - Entering: get_updates
2025-06-19 23:21:37,632 - httpcore.http11 - DEBUG - send_request_headers.started request=<Request [b'POST']>
2025-06-19 23:21:37,632 - httpcore.http11 - DEBUG - send_request_headers.complete
2025-06-19 23:21:37,632 - httpcore.http11 - DEBUG - send_request_body.started request=<Request [b'POST']>
2025-06-19 23:21:37,632 - httpcore.http11 - DEBUG - send_request_body.complete
2025-06-19 23:21:37,636 - httpcore.http11 - DEBUG - receive_response_headers.started request=<Request [b'POST']>
2025-06-19 23:21:47,969 - httpcore.http11 - DEBUG - receive_response_headers.complete return_value=(b'HTTP/1.1', 200, b'OK', [(b'Server', b'nginx/1.18.0'), (b'Date', b'Thu, 19 Jun 2025 22:21:47 GMT'), (b'Content-Type', b'application/json'), (b'Content-Length', b'23'), (b'Connection', b'keep-alive'), (b'Strict-Transport-Security', b'max-age=31536000; includeSubDomains; preload'), (b'Access-Control-Allow-Origin', b'*'), (b'Access-Control-Allow-Methods', b'GET, POST, OPTIONS'), (b'Access-Control-Expose-Headers', b'Content-Length,Content-Type,Date,Server,Connection')])
2025-06-19 23:21:47,971 - httpx - INFO - HTTP Request: POST https://api.telegram.org/bot7707158318:AAE8rWa4Q8Z_3avql6K0HAmXaooZAReoNF0/getUpdates "HTTP/1.1 200 OK"
2025-06-19 23:21:47,972 - httpcore.http11 - DEBUG - receive_response_body.started request=<Request [b'POST']>
2025-06-19 23:21:47,972 - httpcore.http11 - DEBUG - receive_response_body.complete
2025-06-19 23:21:47,972 - httpcore.http11 - DEBUG - response_closed.started
2025-06-19 23:21:47,972 - httpcore.http11 - DEBUG - response_closed.complete
2025-06-19 23:21:47,972 - telegram.ext.ExtBot - DEBUG - No new updates found.
2025-06-19 23:21:47,972 - telegram.ext.ExtBot - DEBUG - ()
2025-06-19 23:21:47,972 - telegram.ext.ExtBot - DEBUG - Exiting: get_updates
2025-06-19 23:21:47,972 - telegram.ext.ExtBot - DEBUG - Entering: get_updates
2025-06-19 23:21:47,976 - httpcore.http11 - DEBUG - send_request_headers.started request=<Request [b'POST']>
2025-06-19 23:21:47,978 - httpcore.http11 - DEBUG - send_request_headers.complete
2025-06-19 23:21:47,978 - httpcore.http11 - DEBUG - send_request_body.started request=<Request [b'POST']>
2025-06-19 23:21:47,978 - httpcore.http11 - DEBUG - send_request_body.complete
2025-06-19 23:21:47,978 - httpcore.http11 - DEBUG - receive_response_headers.started request=<Request [b'POST']>
2025-06-19 23:21:58,237 - httpcore.http11 - DEBUG - receive_response_headers.complete return_value=(b'HTTP/1.1', 200, b'OK', [(b'Server', b'nginx/1.18.0'), (b'Date', b'Thu, 19 Jun 2025 22:21:58 GMT'), (b'Content-Type', b'application/json'), (b'Content-Length', b'23'), (b'Connection', b'keep-alive'), (b'Strict-Transport-Security', b'max-age=31536000; includeSubDomains; preload'), (b'Access-Control-Allow-Origin', b'*'), (b'Access-Control-Allow-Methods', b'GET, POST, OPTIONS'), (b'Access-Control-Expose-Headers', b'Content-Length,Content-Type,Date,Server,Connection')])
2025-06-19 23:21:58,237 - httpx - INFO - HTTP Request: POST https://api.telegram.org/bot7707158318:AAE8rWa4Q8Z_3avql6K0HAmXaooZAReoNF0/getUpdates "HTTP/1.1 200 OK"
2025-06-19 23:21:58,239 - httpcore.http11 - DEBUG - receive_response_body.started request=<Request [b'POST']>
2025-06-19 23:21:58,240 - httpcore.http11 - DEBUG - receive_response_body.complete
2025-06-19 23:21:58,241 - httpcore.http11 - DEBUG - response_closed.started
2025-06-19 23:21:58,241 - httpcore.http11 - DEBUG - response_closed.complete
2025-06-19 23:21:58,241 - telegram.ext.ExtBot - DEBUG - No new updates found.
2025-06-19 23:21:58,241 - telegram.ext.ExtBot - DEBUG - ()
2025-06-19 23:21:58,241 - telegram.ext.ExtBot - DEBUG - Exiting: get_updates
2025-06-19 23:21:58,241 - telegram.ext.ExtBot - DEBUG - Entering: get_updates
2025-06-19 23:21:58,244 - httpcore.http11 - DEBUG - send_request_headers.started request=<Request [b'POST']>
2025-06-19 23:21:58,246 - httpcore.http11 - DEBUG - send_request_headers.complete
2025-06-19 23:21:58,246 - httpcore.http11 - DEBUG - send_request_body.started request=<Request [b'POST']>
2025-06-19 23:21:58,248 - httpcore.http11 - DEBUG - send_request_body.complete
2025-06-19 23:21:58,248 - httpcore.http11 - DEBUG - receive_response_headers.started request=<Request [b'POST']>
2025-06-19 23:22:08,629 - httpcore.http11 - DEBUG - receive_response_headers.complete return_value=(b'HTTP/1.1', 200, b'OK', [(b'Server', b'nginx/1.18.0'), (b'Date', b'Thu, 19 Jun 2025 22:22:08 GMT'), (b'Content-Type', b'application/json'), (b'Content-Length', b'23'), (b'Connection', b'keep-alive'), (b'Strict-Transport-Security', b'max-age=31536000; includeSubDomains; preload'), (b'Access-Control-Allow-Origin', b'*'), (b'Access-Control-Allow-Methods', b'GET, POST, OPTIONS'), (b'Access-Control-Expose-Headers', b'Content-Length,Content-Type,Date,Server,Connection')])
2025-06-19 23:22:08,632 - httpx - INFO - HTTP Request: POST https://api.telegram.org/bot7707158318:AAE8rWa4Q8Z_3avql6K0HAmXaooZAReoNF0/getUpdates "HTTP/1.1 200 OK"
2025-06-19 23:22:08,633 - httpcore.http11 - DEBUG - receive_response_body.started request=<Request [b'POST']>
2025-06-19 23:22:08,633 - httpcore.http11 - DEBUG - receive_response_body.complete
2025-06-19 23:22:08,633 - httpcore.http11 - DEBUG - response_closed.started
2025-06-19 23:22:08,633 - httpcore.http11 - DEBUG - response_closed.complete
2025-06-19 23:22:08,635 - telegram.ext.ExtBot - DEBUG - No new updates found.
2025-06-19 23:22:08,635 - telegram.ext.ExtBot - DEBUG - ()
2025-06-19 23:22:08,635 - telegram.ext.ExtBot - DEBUG - Exiting: get_updates
2025-06-19 23:22:08,635 - telegram.ext.ExtBot - DEBUG - Entering: get_updates
2025-06-19 23:22:08,639 - httpcore.http11 - DEBUG - send_request_headers.started request=<Request [b'POST']>
2025-06-19 23:22:08,641 - httpcore.http11 - DEBUG - send_request_headers.complete
2025-06-19 23:22:08,641 - httpcore.http11 - DEBUG - send_request_body.started request=<Request [b'POST']>
2025-06-19 23:22:08,643 - httpcore.http11 - DEBUG - send_request_body.complete
2025-06-19 23:22:08,643 - httpcore.http11 - DEBUG - receive_response_headers.started request=<Request [b'POST']>
2025-06-19 23:22:18,824 - httpcore.http11 - DEBUG - receive_response_headers.complete return_value=(b'HTTP/1.1', 200, b'OK', [(b'Server', b'nginx/1.18.0'), (b'Date', b'Thu, 19 Jun 2025 22:22:18 GMT'), (b'Content-Type', b'application/json'), (b'Content-Length', b'23'), (b'Connection', b'keep-alive'), (b'Strict-Transport-Security', b'max-age=31536000; includeSubDomains; preload'), (b'Access-Control-Allow-Origin', b'*'), (b'Access-Control-Allow-Methods', b'GET, POST, OPTIONS'), (b'Access-Control-Expose-Headers', b'Content-Length,Content-Type,Date,Server,Connection')])
2025-06-19 23:22:19,506 - httpx - INFO - HTTP Request: POST https://api.telegram.org/bot7707158318:AAE8rWa4Q8Z_3avql6K0HAmXaooZAReoNF0/getUpdates "HTTP/1.1 200 OK"
2025-06-19 23:22:19,590 - httpcore.http11 - DEBUG - receive_response_body.started request=<Request [b'POST']>
2025-06-19 23:22:19,591 - httpcore.http11 - DEBUG - receive_response_body.complete
2025-06-19 23:22:19,591 - httpcore.http11 - DEBUG - response_closed.started
2025-06-19 23:22:19,615 - httpcore.http11 - DEBUG - response_closed.complete
2025-06-19 23:22:19,898 - telegram.ext.ExtBot - DEBUG - No new updates found.
2025-06-19 23:22:19,907 - telegram.ext.ExtBot - DEBUG - ()
2025-06-19 23:22:19,907 - telegram.ext.ExtBot - DEBUG - Exiting: get_updates
2025-06-19 23:22:19,907 - telegram.ext.ExtBot - DEBUG - Entering: get_updates
2025-06-19 23:22:20,547 - httpcore.http11 - DEBUG - send_request_headers.started request=<Request [b'POST']>
2025-06-19 23:22:20,548 - httpcore.http11 - DEBUG - send_request_headers.complete
2025-06-19 23:22:21,010 - httpcore.http11 - DEBUG - send_request_body.started request=<Request [b'POST']>
2025-06-19 23:22:21,011 - httpcore.http11 - DEBUG - send_request_body.complete
2025-06-19 23:22:21,016 - httpcore.http11 - DEBUG - receive_response_headers.started request=<Request [b'POST']>
2025-06-19 23:22:31,208 - httpcore.http11 - DEBUG - receive_response_headers.complete return_value=(b'HTTP/1.1', 200, b'OK', [(b'Server', b'nginx/1.18.0'), (b'Date', b'Thu, 19 Jun 2025 22:22:31 GMT'), (b'Content-Type', b'application/json'), (b'Content-Length', b'23'), (b'Connection', b'keep-alive'), (b'Strict-Transport-Security', b'max-age=31536000; includeSubDomains; preload'), (b'Access-Control-Allow-Origin', b'*'), (b'Access-Control-Allow-Methods', b'GET, POST, OPTIONS'), (b'Access-Control-Expose-Headers', b'Content-Length,Content-Type,Date,Server,Connection')])
2025-06-19 23:22:31,214 - httpx - INFO - HTTP Request: POST https://api.telegram.org/bot7707158318:AAE8rWa4Q8Z_3avql6K0HAmXaooZAReoNF0/getUpdates "HTTP/1.1 200 OK"
2025-06-19 23:22:31,221 - httpcore.http11 - DEBUG - receive_response_body.started request=<Request [b'POST']>
2025-06-19 23:22:31,221 - httpcore.http11 - DEBUG - receive_response_body.complete
2025-06-19 23:22:31,224 - httpcore.http11 - DEBUG - response_closed.started
2025-06-19 23:22:31,224 - httpcore.http11 - DEBUG - response_closed.complete
2025-06-19 23:22:31,238 - telegram.ext.ExtBot - DEBUG - No new updates found.
2025-06-19 23:22:31,239 - telegram.ext.ExtBot - DEBUG - ()
2025-06-19 23:22:31,239 - telegram.ext.ExtBot - DEBUG - Exiting: get_updates
2025-06-19 23:22:31,239 - telegram.ext.ExtBot - DEBUG - Entering: get_updates
2025-06-19 23:22:31,393 - httpcore.http11 - DEBUG - send_request_headers.started request=<Request [b'POST']>
2025-06-19 23:22:31,431 - httpcore.http11 - DEBUG - send_request_headers.complete
2025-06-19 23:22:31,437 - httpcore.http11 - DEBUG - send_request_body.started request=<Request [b'POST']>
2025-06-19 23:22:31,440 - httpcore.http11 - DEBUG - send_request_body.complete
2025-06-19 23:22:31,449 - httpcore.http11 - DEBUG - receive_response_headers.started request=<Request [b'POST']>
2025-06-19 23:22:41,540 - httpcore.http11 - DEBUG - receive_response_headers.complete return_value=(b'HTTP/1.1', 200, b'OK', [(b'Server', b'nginx/1.18.0'), (b'Date', b'Thu, 19 Jun 2025 22:22:41 GMT'), (b'Content-Type', b'application/json'), (b'Content-Length', b'23'), (b'Connection', b'keep-alive'), (b'Strict-Transport-Security', b'max-age=31536000; includeSubDomains; preload'), (b'Access-Control-Allow-Origin', b'*'), (b'Access-Control-Allow-Methods', b'GET, POST, OPTIONS'), (b'Access-Control-Expose-Headers', b'Content-Length,Content-Type,Date,Server,Connection')])
2025-06-19 23:22:41,541 - httpx - INFO - HTTP Request: POST https://api.telegram.org/bot7707158318:AAE8rWa4Q8Z_3avql6K0HAmXaooZAReoNF0/getUpdates "HTTP/1.1 200 OK"
2025-06-19 23:22:41,543 - httpcore.http11 - DEBUG - receive_response_body.started request=<Request [b'POST']>
2025-06-19 23:22:41,544 - httpcore.http11 - DEBUG - receive_response_body.complete
2025-06-19 23:22:41,544 - httpcore.http11 - DEBUG - response_closed.started
2025-06-19 23:22:41,545 - httpcore.http11 - DEBUG - response_closed.complete
2025-06-19 23:22:41,546 - telegram.ext.ExtBot - DEBUG - No new updates found.
2025-06-19 23:22:41,546 - telegram.ext.ExtBot - DEBUG - ()
2025-06-19 23:22:41,546 - telegram.ext.ExtBot - DEBUG - Exiting: get_updates
2025-06-19 23:22:41,547 - telegram.ext.ExtBot - DEBUG - Entering: get_updates
2025-06-19 23:22:41,550 - httpcore.http11 - DEBUG - send_request_headers.started request=<Request [b'POST']>
2025-06-19 23:22:41,551 - httpcore.http11 - DEBUG - send_request_headers.complete
2025-06-19 23:22:41,552 - httpcore.http11 - DEBUG - send_request_body.started request=<Request [b'POST']>
2025-06-19 23:22:41,553 - httpcore.http11 - DEBUG - send_request_body.complete
2025-06-19 23:22:41,553 - httpcore.http11 - DEBUG - receive_response_headers.started request=<Request [b'POST']>
2025-06-19 23:22:51,795 - httpcore.http11 - DEBUG - receive_response_headers.complete return_value=(b'HTTP/1.1', 200, b'OK', [(b'Server', b'nginx/1.18.0'), (b'Date', b'Thu, 19 Jun 2025 22:22:51 GMT'), (b'Content-Type', b'application/json'), (b'Content-Length', b'23'), (b'Connection', b'keep-alive'), (b'Strict-Transport-Security', b'max-age=31536000; includeSubDomains; preload'), (b'Access-Control-Allow-Origin', b'*'), (b'Access-Control-Allow-Methods', b'GET, POST, OPTIONS'), (b'Access-Control-Expose-Headers', b'Content-Length,Content-Type,Date,Server,Connection')])
2025-06-19 23:22:51,799 - httpx - INFO - HTTP Request: POST https://api.telegram.org/bot7707158318:AAE8rWa4Q8Z_3avql6K0HAmXaooZAReoNF0/getUpdates "HTTP/1.1 200 OK"
2025-06-19 23:22:51,804 - httpcore.http11 - DEBUG - receive_response_body.started request=<Request [b'POST']>
2025-06-19 23:22:51,806 - httpcore.http11 - DEBUG - receive_response_body.complete
2025-06-19 23:22:51,806 - httpcore.http11 - DEBUG - response_closed.started
2025-06-19 23:22:51,807 - httpcore.http11 - DEBUG - response_closed.complete
2025-06-19 23:22:51,809 - telegram.ext.ExtBot - DEBUG - No new updates found.
2025-06-19 23:22:51,809 - telegram.ext.ExtBot - DEBUG - ()
2025-06-19 23:22:51,809 - telegram.ext.ExtBot - DEBUG - Exiting: get_updates
2025-06-19 23:22:51,810 - telegram.ext.ExtBot - DEBUG - Entering: get_updates
2025-06-19 23:22:53,449 - httpcore.http11 - DEBUG - send_request_headers.started request=<Request [b'POST']>
2025-06-19 23:22:53,453 - httpcore.http11 - DEBUG - send_request_headers.complete
2025-06-19 23:22:55,014 - httpcore.http11 - DEBUG - send_request_body.started request=<Request [b'POST']>
2025-06-19 23:22:55,016 - httpcore.http11 - DEBUG - send_request_body.complete
2025-06-19 23:22:55,016 - httpcore.http11 - DEBUG - receive_response_headers.started request=<Request [b'POST']>
2025-06-19 23:23:05,413 - httpcore.http11 - DEBUG - receive_response_headers.complete return_value=(b'HTTP/1.1', 200, b'OK', [(b'Server', b'nginx/1.18.0'), (b'Date', b'Thu, 19 Jun 2025 22:23:05 GMT'), (b'Content-Type', b'application/json'), (b'Content-Length', b'23'), (b'Connection', b'keep-alive'), (b'Strict-Transport-Security', b'max-age=31536000; includeSubDomains; preload'), (b'Access-Control-Allow-Origin', b'*'), (b'Access-Control-Allow-Methods', b'GET, POST, OPTIONS'), (b'Access-Control-Expose-Headers', b'Content-Length,Content-Type,Date,Server,Connection')])
2025-06-19 23:23:05,418 - httpx - INFO - HTTP Request: POST https://api.telegram.org/bot7707158318:AAE8rWa4Q8Z_3avql6K0HAmXaooZAReoNF0/getUpdates "HTTP/1.1 200 OK"
2025-06-19 23:23:05,421 - httpcore.http11 - DEBUG - receive_response_body.started request=<Request [b'POST']>
2025-06-19 23:23:05,423 - httpcore.http11 - DEBUG - receive_response_body.complete
2025-06-19 23:23:05,423 - httpcore.http11 - DEBUG - response_closed.started
2025-06-19 23:23:05,423 - httpcore.http11 - DEBUG - response_closed.complete
2025-06-19 23:23:05,429 - telegram.ext.ExtBot - DEBUG - No new updates found.
2025-06-19 23:23:05,429 - telegram.ext.ExtBot - DEBUG - ()
2025-06-19 23:23:05,429 - telegram.ext.ExtBot - DEBUG - Exiting: get_updates
2025-06-19 23:23:05,430 - telegram.ext.ExtBot - DEBUG - Entering: get_updates
2025-06-19 23:23:05,543 - httpcore.http11 - DEBUG - send_request_headers.started request=<Request [b'POST']>
2025-06-19 23:23:05,689 - httpcore.http11 - DEBUG - send_request_headers.complete
2025-06-19 23:23:05,690 - httpcore.http11 - DEBUG - send_request_body.started request=<Request [b'POST']>
2025-06-19 23:23:05,692 - httpcore.http11 - DEBUG - send_request_body.complete
2025-06-19 23:23:05,692 - httpcore.http11 - DEBUG - receive_response_headers.started request=<Request [b'POST']>
2025-06-19 23:23:15,856 - httpcore.http11 - DEBUG - receive_response_headers.complete return_value=(b'HTTP/1.1', 200, b'OK', [(b'Server', b'nginx/1.18.0'), (b'Date', b'Thu, 19 Jun 2025 22:23:15 GMT'), (b'Content-Type', b'application/json'), (b'Content-Length', b'23'), (b'Connection', b'keep-alive'), (b'Strict-Transport-Security', b'max-age=31536000; includeSubDomains; preload'), (b'Access-Control-Allow-Origin', b'*'), (b'Access-Control-Allow-Methods', b'GET, POST, OPTIONS'), (b'Access-Control-Expose-Headers', b'Content-Length,Content-Type,Date,Server,Connection')])
2025-06-19 23:23:15,867 - httpx - INFO - HTTP Request: POST https://api.telegram.org/bot7707158318:AAE8rWa4Q8Z_3avql6K0HAmXaooZAReoNF0/getUpdates "HTTP/1.1 200 OK"
2025-06-19 23:23:15,871 - httpcore.http11 - DEBUG - receive_response_body.started request=<Request [b'POST']>
2025-06-19 23:23:15,871 - httpcore.http11 - DEBUG - receive_response_body.complete
2025-06-19 23:23:15,872 - httpcore.http11 - DEBUG - response_closed.started
2025-06-19 23:23:15,880 - httpcore.http11 - DEBUG - response_closed.complete
2025-06-19 23:23:15,881 - telegram.ext.ExtBot - DEBUG - No new updates found.
2025-06-19 23:23:15,881 - telegram.ext.ExtBot - DEBUG - ()
2025-06-19 23:23:15,881 - telegram.ext.ExtBot - DEBUG - Exiting: get_updates
2025-06-19 23:23:15,881 - telegram.ext.ExtBot - DEBUG - Entering: get_updates
2025-06-19 23:23:15,886 - httpcore.http11 - DEBUG - send_request_headers.started request=<Request [b'POST']>
2025-06-19 23:23:15,899 - httpcore.http11 - DEBUG - send_request_headers.complete
2025-06-19 23:23:15,900 - httpcore.http11 - DEBUG - send_request_body.started request=<Request [b'POST']>
2025-06-19 23:23:15,903 - httpcore.http11 - DEBUG - send_request_body.complete
2025-06-19 23:23:15,903 - httpcore.http11 - DEBUG - receive_response_headers.started request=<Request [b'POST']>
2025-06-19 23:23:26,299 - httpcore.http11 - DEBUG - receive_response_headers.complete return_value=(b'HTTP/1.1', 200, b'OK', [(b'Server', b'nginx/1.18.0'), (b'Date', b'Thu, 19 Jun 2025 22:23:25 GMT'), (b'Content-Type', b'application/json'), (b'Content-Length', b'23'), (b'Connection', b'keep-alive'), (b'Strict-Transport-Security', b'max-age=31536000; includeSubDomains; preload'), (b'Access-Control-Allow-Origin', b'*'), (b'Access-Control-Allow-Methods', b'GET, POST, OPTIONS'), (b'Access-Control-Expose-Headers', b'Content-Length,Content-Type,Date,Server,Connection')])
2025-06-19 23:23:26,301 - httpx - INFO - HTTP Request: POST https://api.telegram.org/bot7707158318:AAE8rWa4Q8Z_3avql6K0HAmXaooZAReoNF0/getUpdates "HTTP/1.1 200 OK"
2025-06-19 23:23:26,306 - httpcore.http11 - DEBUG - receive_response_body.started request=<Request [b'POST']>
2025-06-19 23:23:26,306 - httpcore.http11 - DEBUG - receive_response_body.complete
2025-06-19 23:23:26,306 - httpcore.http11 - DEBUG - response_closed.started
2025-06-19 23:23:26,307 - httpcore.http11 - DEBUG - response_closed.complete
2025-06-19 23:23:26,308 - telegram.ext.ExtBot - DEBUG - No new updates found.
2025-06-19 23:23:26,308 - telegram.ext.ExtBot - DEBUG - ()
2025-06-19 23:23:26,308 - telegram.ext.ExtBot - DEBUG - Exiting: get_updates
2025-06-19 23:23:26,308 - telegram.ext.ExtBot - DEBUG - Entering: get_updates
2025-06-19 23:23:26,311 - httpcore.http11 - DEBUG - send_request_headers.started request=<Request [b'POST']>
2025-06-19 23:23:26,312 - httpcore.http11 - DEBUG - send_request_headers.complete
2025-06-19 23:23:26,312 - httpcore.http11 - DEBUG - send_request_body.started request=<Request [b'POST']>
2025-06-19 23:23:26,313 - httpcore.http11 - DEBUG - send_request_body.complete
2025-06-19 23:23:26,313 - httpcore.http11 - DEBUG - receive_response_headers.started request=<Request [b'POST']>
2025-06-19 23:23:36,439 - httpcore.http11 - DEBUG - receive_response_headers.complete return_value=(b'HTTP/1.1', 200, b'OK', [(b'Server', b'nginx/1.18.0'), (b'Date', b'Thu, 19 Jun 2025 22:23:36 GMT'), (b'Content-Type', b'application/json'), (b'Content-Length', b'23'), (b'Connection', b'keep-alive'), (b'Strict-Transport-Security', b'max-age=31536000; includeSubDomains; preload'), (b'Access-Control-Allow-Origin', b'*'), (b'Access-Control-Allow-Methods', b'GET, POST, OPTIONS'), (b'Access-Control-Expose-Headers', b'Content-Length,Content-Type,Date,Server,Connection')])
2025-06-19 23:23:36,440 - httpx - INFO - HTTP Request: POST https://api.telegram.org/bot7707158318:AAE8rWa4Q8Z_3avql6K0HAmXaooZAReoNF0/getUpdates "HTTP/1.1 200 OK"
2025-06-19 23:23:36,440 - httpcore.http11 - DEBUG - receive_response_body.started request=<Request [b'POST']>
2025-06-19 23:23:36,440 - httpcore.http11 - DEBUG - receive_response_body.complete
2025-06-19 23:23:36,440 - httpcore.http11 - DEBUG - response_closed.started
2025-06-19 23:23:36,440 - httpcore.http11 - DEBUG - response_closed.complete
2025-06-19 23:23:36,444 - telegram.ext.ExtBot - DEBUG - No new updates found.
2025-06-19 23:23:36,444 - telegram.ext.ExtBot - DEBUG - ()
2025-06-19 23:23:36,444 - telegram.ext.ExtBot - DEBUG - Exiting: get_updates
2025-06-19 23:23:36,444 - telegram.ext.ExtBot - DEBUG - Entering: get_updates
2025-06-19 23:23:36,445 - httpcore.http11 - DEBUG - send_request_headers.started request=<Request [b'POST']>
2025-06-19 23:23:36,445 - httpcore.http11 - DEBUG - send_request_headers.complete
2025-06-19 23:23:36,445 - httpcore.http11 - DEBUG - send_request_body.started request=<Request [b'POST']>
2025-06-19 23:23:36,448 - httpcore.http11 - DEBUG - send_request_body.complete
2025-06-19 23:23:36,449 - httpcore.http11 - DEBUG - receive_response_headers.started request=<Request [b'POST']>
2025-06-19 23:23:46,631 - httpcore.http11 - DEBUG - receive_response_headers.complete return_value=(b'HTTP/1.1', 200, b'OK', [(b'Server', b'nginx/1.18.0'), (b'Date', b'Thu, 19 Jun 2025 22:23:46 GMT'), (b'Content-Type', b'application/json'), (b'Content-Length', b'23'), (b'Connection', b'keep-alive'), (b'Strict-Transport-Security', b'max-age=31536000; includeSubDomains; preload'), (b'Access-Control-Allow-Origin', b'*'), (b'Access-Control-Allow-Methods', b'GET, POST, OPTIONS'), (b'Access-Control-Expose-Headers', b'Content-Length,Content-Type,Date,Server,Connection')])
2025-06-19 23:23:46,631 - httpx - INFO - HTTP Request: POST https://api.telegram.org/bot7707158318:AAE8rWa4Q8Z_3avql6K0HAmXaooZAReoNF0/getUpdates "HTTP/1.1 200 OK"
2025-06-19 23:23:46,633 - httpcore.http11 - DEBUG - receive_response_body.started request=<Request [b'POST']>
2025-06-19 23:23:46,634 - httpcore.http11 - DEBUG - receive_response_body.complete
2025-06-19 23:23:46,634 - httpcore.http11 - DEBUG - response_closed.started
2025-06-19 23:23:46,634 - httpcore.http11 - DEBUG - response_closed.complete
2025-06-19 23:23:46,634 - telegram.ext.ExtBot - DEBUG - No new updates found.
2025-06-19 23:23:46,634 - telegram.ext.ExtBot - DEBUG - ()
2025-06-19 23:23:46,636 - telegram.ext.ExtBot - DEBUG - Exiting: get_updates
2025-06-19 23:23:46,636 - telegram.ext.ExtBot - DEBUG - Entering: get_updates
2025-06-19 23:23:46,636 - httpcore.http11 - DEBUG - send_request_headers.started request=<Request [b'POST']>
2025-06-19 23:23:46,639 - httpcore.http11 - DEBUG - send_request_headers.complete
2025-06-19 23:23:46,639 - httpcore.http11 - DEBUG - send_request_body.started request=<Request [b'POST']>
2025-06-19 23:23:46,639 - httpcore.http11 - DEBUG - send_request_body.complete
2025-06-19 23:23:46,641 - httpcore.http11 - DEBUG - receive_response_headers.started request=<Request [b'POST']>
2025-06-19 23:23:56,719 - httpcore.http11 - DEBUG - receive_response_headers.complete return_value=(b'HTTP/1.1', 200, b'OK', [(b'Server', b'nginx/1.18.0'), (b'Date', b'Thu, 19 Jun 2025 22:23:56 GMT'), (b'Content-Type', b'application/json'), (b'Content-Length', b'23'), (b'Connection', b'keep-alive'), (b'Strict-Transport-Security', b'max-age=31536000; includeSubDomains; preload'), (b'Access-Control-Allow-Origin', b'*'), (b'Access-Control-Allow-Methods', b'GET, POST, OPTIONS'), (b'Access-Control-Expose-Headers', b'Content-Length,Content-Type,Date,Server,Connection')])
2025-06-19 23:23:56,721 - httpx - INFO - HTTP Request: POST https://api.telegram.org/bot7707158318:AAE8rWa4Q8Z_3avql6K0HAmXaooZAReoNF0/getUpdates "HTTP/1.1 200 OK"
2025-06-19 23:23:56,721 - httpcore.http11 - DEBUG - receive_response_body.started request=<Request [b'POST']>
2025-06-19 23:23:56,723 - httpcore.http11 - DEBUG - receive_response_body.complete
2025-06-19 23:23:56,723 - httpcore.http11 - DEBUG - response_closed.started
2025-06-19 23:23:56,723 - httpcore.http11 - DEBUG - response_closed.complete
2025-06-19 23:23:56,725 - telegram.ext.ExtBot - DEBUG - No new updates found.
2025-06-19 23:23:56,725 - telegram.ext.ExtBot - DEBUG - ()
2025-06-19 23:23:56,725 - telegram.ext.ExtBot - DEBUG - Exiting: get_updates
2025-06-19 23:23:56,725 - telegram.ext.ExtBot - DEBUG - Entering: get_updates
2025-06-19 23:23:56,729 - httpcore.http11 - DEBUG - send_request_headers.started request=<Request [b'POST']>
2025-06-19 23:23:56,731 - httpcore.http11 - DEBUG - send_request_headers.complete
2025-06-19 23:23:56,731 - httpcore.http11 - DEBUG - send_request_body.started request=<Request [b'POST']>
2025-06-19 23:23:56,732 - httpcore.http11 - DEBUG - send_request_body.complete
2025-06-19 23:23:56,732 - httpcore.http11 - DEBUG - receive_response_headers.started request=<Request [b'POST']>
2025-06-19 23:24:06,856 - httpcore.http11 - DEBUG - receive_response_headers.complete return_value=(b'HTTP/1.1', 200, b'OK', [(b'Server', b'nginx/1.18.0'), (b'Date', b'Thu, 19 Jun 2025 22:24:06 GMT'), (b'Content-Type', b'application/json'), (b'Content-Length', b'23'), (b'Connection', b'keep-alive'), (b'Strict-Transport-Security', b'max-age=31536000; includeSubDomains; preload'), (b'Access-Control-Allow-Origin', b'*'), (b'Access-Control-Allow-Methods', b'GET, POST, OPTIONS'), (b'Access-Control-Expose-Headers', b'Content-Length,Content-Type,Date,Server,Connection')])
2025-06-19 23:24:06,856 - httpx - INFO - HTTP Request: POST https://api.telegram.org/bot7707158318:AAE8rWa4Q8Z_3avql6K0HAmXaooZAReoNF0/getUpdates "HTTP/1.1 200 OK"
2025-06-19 23:24:06,859 - httpcore.http11 - DEBUG - receive_response_body.started request=<Request [b'POST']>
2025-06-19 23:24:06,859 - httpcore.http11 - DEBUG - receive_response_body.complete
2025-06-19 23:24:06,859 - httpcore.http11 - DEBUG - response_closed.started
2025-06-19 23:24:06,861 - httpcore.http11 - DEBUG - response_closed.complete
2025-06-19 23:24:06,861 - telegram.ext.ExtBot - DEBUG - No new updates found.
2025-06-19 23:24:06,861 - telegram.ext.ExtBot - DEBUG - ()
2025-06-19 23:24:06,861 - telegram.ext.ExtBot - DEBUG - Exiting: get_updates
2025-06-19 23:24:06,861 - telegram.ext.ExtBot - DEBUG - Entering: get_updates
2025-06-19 23:24:06,863 - httpcore.http11 - DEBUG - send_request_headers.started request=<Request [b'POST']>
2025-06-19 23:24:06,865 - httpcore.http11 - DEBUG - send_request_headers.complete
2025-06-19 23:24:06,865 - httpcore.http11 - DEBUG - send_request_body.started request=<Request [b'POST']>
2025-06-19 23:24:06,865 - httpcore.http11 - DEBUG - send_request_body.complete
2025-06-19 23:24:06,865 - httpcore.http11 - DEBUG - receive_response_headers.started request=<Request [b'POST']>
2025-06-19 23:24:16,995 - httpcore.http11 - DEBUG - receive_response_headers.complete return_value=(b'HTTP/1.1', 200, b'OK', [(b'Server', b'nginx/1.18.0'), (b'Date', b'Thu, 19 Jun 2025 22:24:16 GMT'), (b'Content-Type', b'application/json'), (b'Content-Length', b'23'), (b'Connection', b'keep-alive'), (b'Strict-Transport-Security', b'max-age=31536000; includeSubDomains; preload'), (b'Access-Control-Allow-Origin', b'*'), (b'Access-Control-Allow-Methods', b'GET, POST, OPTIONS'), (b'Access-Control-Expose-Headers', b'Content-Length,Content-Type,Date,Server,Connection')])
2025-06-19 23:24:17,000 - httpx - INFO - HTTP Request: POST https://api.telegram.org/bot7707158318:AAE8rWa4Q8Z_3avql6K0HAmXaooZAReoNF0/getUpdates "HTTP/1.1 200 OK"
2025-06-19 23:24:17,002 - httpcore.http11 - DEBUG - receive_response_body.started request=<Request [b'POST']>
2025-06-19 23:24:17,002 - httpcore.http11 - DEBUG - receive_response_body.complete
2025-06-19 23:24:17,002 - httpcore.http11 - DEBUG - response_closed.started
2025-06-19 23:24:17,002 - httpcore.http11 - DEBUG - response_closed.complete
2025-06-19 23:24:17,002 - telegram.ext.ExtBot - DEBUG - No new updates found.
2025-06-19 23:24:17,002 - telegram.ext.ExtBot - DEBUG - ()
2025-06-19 23:24:17,002 - telegram.ext.ExtBot - DEBUG - Exiting: get_updates
2025-06-19 23:24:17,002 - telegram.ext.ExtBot - DEBUG - Entering: get_updates
2025-06-19 23:24:17,002 - httpcore.http11 - DEBUG - send_request_headers.started request=<Request [b'POST']>
2025-06-19 23:24:17,008 - httpcore.http11 - DEBUG - send_request_headers.complete
2025-06-19 23:24:17,008 - httpcore.http11 - DEBUG - send_request_body.started request=<Request [b'POST']>
2025-06-19 23:24:17,008 - httpcore.http11 - DEBUG - send_request_body.complete
2025-06-19 23:24:17,008 - httpcore.http11 - DEBUG - receive_response_headers.started request=<Request [b'POST']>
2025-06-19 23:24:27,091 - httpcore.http11 - DEBUG - receive_response_headers.complete return_value=(b'HTTP/1.1', 200, b'OK', [(b'Server', b'nginx/1.18.0'), (b'Date', b'Thu, 19 Jun 2025 22:24:27 GMT'), (b'Content-Type', b'application/json'), (b'Content-Length', b'23'), (b'Connection', b'keep-alive'), (b'Strict-Transport-Security', b'max-age=31536000; includeSubDomains; preload'), (b'Access-Control-Allow-Origin', b'*'), (b'Access-Control-Allow-Methods', b'GET, POST, OPTIONS'), (b'Access-Control-Expose-Headers', b'Content-Length,Content-Type,Date,Server,Connection')])
2025-06-19 23:24:27,091 - httpx - INFO - HTTP Request: POST https://api.telegram.org/bot7707158318:AAE8rWa4Q8Z_3avql6K0HAmXaooZAReoNF0/getUpdates "HTTP/1.1 200 OK"
2025-06-19 23:24:27,094 - httpcore.http11 - DEBUG - receive_response_body.started request=<Request [b'POST']>
2025-06-19 23:24:27,094 - httpcore.http11 - DEBUG - receive_response_body.complete
2025-06-19 23:24:27,094 - httpcore.http11 - DEBUG - response_closed.started
2025-06-19 23:24:27,094 - httpcore.http11 - DEBUG - response_closed.complete
2025-06-19 23:24:27,095 - telegram.ext.ExtBot - DEBUG - No new updates found.
2025-06-19 23:24:27,096 - telegram.ext.ExtBot - DEBUG - ()
2025-06-19 23:24:27,096 - telegram.ext.ExtBot - DEBUG - Exiting: get_updates
2025-06-19 23:24:27,096 - telegram.ext.ExtBot - DEBUG - Entering: get_updates
2025-06-19 23:24:27,099 - httpcore.http11 - DEBUG - send_request_headers.started request=<Request [b'POST']>
2025-06-19 23:24:27,101 - httpcore.http11 - DEBUG - send_request_headers.complete
2025-06-19 23:24:27,101 - httpcore.http11 - DEBUG - send_request_body.started request=<Request [b'POST']>
2025-06-19 23:24:27,101 - httpcore.http11 - DEBUG - send_request_body.complete
2025-06-19 23:24:27,101 - httpcore.http11 - DEBUG - receive_response_headers.started request=<Request [b'POST']>
2025-06-19 23:24:37,203 - httpcore.http11 - DEBUG - receive_response_headers.complete return_value=(b'HTTP/1.1', 200, b'OK', [(b'Server', b'nginx/1.18.0'), (b'Date', b'Thu, 19 Jun 2025 22:24:37 GMT'), (b'Content-Type', b'application/json'), (b'Content-Length', b'23'), (b'Connection', b'keep-alive'), (b'Strict-Transport-Security', b'max-age=31536000; includeSubDomains; preload'), (b'Access-Control-Allow-Origin', b'*'), (b'Access-Control-Allow-Methods', b'GET, POST, OPTIONS'), (b'Access-Control-Expose-Headers', b'Content-Length,Content-Type,Date,Server,Connection')])
2025-06-19 23:24:37,206 - httpx - INFO - HTTP Request: POST https://api.telegram.org/bot7707158318:AAE8rWa4Q8Z_3avql6K0HAmXaooZAReoNF0/getUpdates "HTTP/1.1 200 OK"
2025-06-19 23:24:37,210 - httpcore.http11 - DEBUG - receive_response_body.started request=<Request [b'POST']>
2025-06-19 23:24:37,211 - httpcore.http11 - DEBUG - receive_response_body.complete
2025-06-19 23:24:37,211 - httpcore.http11 - DEBUG - response_closed.started
2025-06-19 23:24:37,212 - httpcore.http11 - DEBUG - response_closed.complete
2025-06-19 23:24:37,213 - telegram.ext.ExtBot - DEBUG - No new updates found.
2025-06-19 23:24:37,213 - telegram.ext.ExtBot - DEBUG - ()
2025-06-19 23:24:37,214 - telegram.ext.ExtBot - DEBUG - Exiting: get_updates
2025-06-19 23:24:37,214 - telegram.ext.ExtBot - DEBUG - Entering: get_updates
2025-06-19 23:24:37,217 - httpcore.http11 - DEBUG - send_request_headers.started request=<Request [b'POST']>
2025-06-19 23:24:37,219 - httpcore.http11 - DEBUG - send_request_headers.complete
2025-06-19 23:24:37,219 - httpcore.http11 - DEBUG - send_request_body.started request=<Request [b'POST']>
2025-06-19 23:24:37,221 - httpcore.http11 - DEBUG - send_request_body.complete
2025-06-19 23:24:37,223 - httpcore.http11 - DEBUG - receive_response_headers.started request=<Request [b'POST']>
2025-06-19 23:24:47,321 - httpcore.http11 - DEBUG - receive_response_headers.complete return_value=(b'HTTP/1.1', 200, b'OK', [(b'Server', b'nginx/1.18.0'), (b'Date', b'Thu, 19 Jun 2025 22:24:47 GMT'), (b'Content-Type', b'application/json'), (b'Content-Length', b'23'), (b'Connection', b'keep-alive'), (b'Strict-Transport-Security', b'max-age=31536000; includeSubDomains; preload'), (b'Access-Control-Allow-Origin', b'*'), (b'Access-Control-Allow-Methods', b'GET, POST, OPTIONS'), (b'Access-Control-Expose-Headers', b'Content-Length,Content-Type,Date,Server,Connection')])
2025-06-19 23:24:47,323 - httpx - INFO - HTTP Request: POST https://api.telegram.org/bot7707158318:AAE8rWa4Q8Z_3avql6K0HAmXaooZAReoNF0/getUpdates "HTTP/1.1 200 OK"
2025-06-19 23:24:47,327 - httpcore.http11 - DEBUG - receive_response_body.started request=<Request [b'POST']>
2025-06-19 23:24:47,327 - httpcore.http11 - DEBUG - receive_response_body.complete
2025-06-19 23:24:47,327 - httpcore.http11 - DEBUG - response_closed.started
2025-06-19 23:24:47,328 - httpcore.http11 - DEBUG - response_closed.complete
2025-06-19 23:24:47,328 - telegram.ext.ExtBot - DEBUG - No new updates found.
2025-06-19 23:24:47,329 - telegram.ext.ExtBot - DEBUG - ()
2025-06-19 23:24:47,329 - telegram.ext.ExtBot - DEBUG - Exiting: get_updates
2025-06-19 23:24:47,329 - telegram.ext.ExtBot - DEBUG - Entering: get_updates
2025-06-19 23:24:47,331 - httpcore.http11 - DEBUG - send_request_headers.started request=<Request [b'POST']>
2025-06-19 23:24:47,332 - httpcore.http11 - DEBUG - send_request_headers.complete
2025-06-19 23:24:47,332 - httpcore.http11 - DEBUG - send_request_body.started request=<Request [b'POST']>
2025-06-19 23:24:47,335 - httpcore.http11 - DEBUG - send_request_body.complete
2025-06-19 23:24:47,335 - httpcore.http11 - DEBUG - receive_response_headers.started request=<Request [b'POST']>
2025-06-19 23:24:57,408 - httpcore.http11 - DEBUG - receive_response_headers.complete return_value=(b'HTTP/1.1', 200, b'OK', [(b'Server', b'nginx/1.18.0'), (b'Date', b'Thu, 19 Jun 2025 22:24:57 GMT'), (b'Content-Type', b'application/json'), (b'Content-Length', b'23'), (b'Connection', b'keep-alive'), (b'Strict-Transport-Security', b'max-age=31536000; includeSubDomains; preload'), (b'Access-Control-Allow-Origin', b'*'), (b'Access-Control-Allow-Methods', b'GET, POST, OPTIONS'), (b'Access-Control-Expose-Headers', b'Content-Length,Content-Type,Date,Server,Connection')])
2025-06-19 23:24:57,408 - httpx - INFO - HTTP Request: POST https://api.telegram.org/bot7707158318:AAE8rWa4Q8Z_3avql6K0HAmXaooZAReoNF0/getUpdates "HTTP/1.1 200 OK"
2025-06-19 23:24:57,414 - httpcore.http11 - DEBUG - receive_response_body.started request=<Request [b'POST']>
2025-06-19 23:24:57,416 - httpcore.http11 - DEBUG - receive_response_body.complete
2025-06-19 23:24:57,417 - httpcore.http11 - DEBUG - response_closed.started
2025-06-19 23:24:57,417 - httpcore.http11 - DEBUG - response_closed.complete
2025-06-19 23:24:57,419 - telegram.ext.ExtBot - DEBUG - No new updates found.
2025-06-19 23:24:57,419 - telegram.ext.ExtBot - DEBUG - ()
2025-06-19 23:24:57,419 - telegram.ext.ExtBot - DEBUG - Exiting: get_updates
2025-06-19 23:24:57,419 - telegram.ext.ExtBot - DEBUG - Entering: get_updates
2025-06-19 23:24:57,423 - httpcore.http11 - DEBUG - send_request_headers.started request=<Request [b'POST']>
2025-06-19 23:24:57,425 - httpcore.http11 - DEBUG - send_request_headers.complete
2025-06-19 23:24:57,425 - httpcore.http11 - DEBUG - send_request_body.started request=<Request [b'POST']>
2025-06-19 23:24:57,425 - httpcore.http11 - DEBUG - send_request_body.complete
2025-06-19 23:24:57,425 - httpcore.http11 - DEBUG - receive_response_headers.started request=<Request [b'POST']>
2025-06-19 23:25:07,567 - httpcore.http11 - DEBUG - receive_response_headers.complete return_value=(b'HTTP/1.1', 200, b'OK', [(b'Server', b'nginx/1.18.0'), (b'Date', b'Thu, 19 Jun 2025 22:25:07 GMT'), (b'Content-Type', b'application/json'), (b'Content-Length', b'23'), (b'Connection', b'keep-alive'), (b'Strict-Transport-Security', b'max-age=31536000; includeSubDomains; preload'), (b'Access-Control-Allow-Origin', b'*'), (b'Access-Control-Allow-Methods', b'GET, POST, OPTIONS'), (b'Access-Control-Expose-Headers', b'Content-Length,Content-Type,Date,Server,Connection')])
2025-06-19 23:25:07,570 - httpx - INFO - HTTP Request: POST https://api.telegram.org/bot7707158318:AAE8rWa4Q8Z_3avql6K0HAmXaooZAReoNF0/getUpdates "HTTP/1.1 200 OK"
2025-06-19 23:25:07,571 - httpcore.http11 - DEBUG - receive_response_body.started request=<Request [b'POST']>
2025-06-19 23:25:07,571 - httpcore.http11 - DEBUG - receive_response_body.complete
2025-06-19 23:25:07,571 - httpcore.http11 - DEBUG - response_closed.started
2025-06-19 23:25:07,572 - httpcore.http11 - DEBUG - response_closed.complete
2025-06-19 23:25:07,572 - telegram.ext.ExtBot - DEBUG - No new updates found.
2025-06-19 23:25:07,572 - telegram.ext.ExtBot - DEBUG - ()
2025-06-19 23:25:07,573 - telegram.ext.ExtBot - DEBUG - Exiting: get_updates
2025-06-19 23:25:07,573 - telegram.ext.ExtBot - DEBUG - Entering: get_updates
2025-06-19 23:25:07,577 - httpcore.http11 - DEBUG - send_request_headers.started request=<Request [b'POST']>
2025-06-19 23:25:07,579 - httpcore.http11 - DEBUG - send_request_headers.complete
2025-06-19 23:25:07,579 - httpcore.http11 - DEBUG - send_request_body.started request=<Request [b'POST']>
2025-06-19 23:25:07,579 - httpcore.http11 - DEBUG - send_request_body.complete
2025-06-19 23:25:07,579 - httpcore.http11 - DEBUG - receive_response_headers.started request=<Request [b'POST']>
2025-06-19 23:25:18,656 - httpcore.http11 - DEBUG - receive_response_headers.complete return_value=(b'HTTP/1.1', 200, b'OK', [(b'Server', b'nginx/1.18.0'), (b'Date', b'Thu, 19 Jun 2025 22:25:17 GMT'), (b'Content-Type', b'application/json'), (b'Content-Length', b'23'), (b'Connection', b'close'), (b'Strict-Transport-Security', b'max-age=31536000; includeSubDomains; preload'), (b'Access-Control-Allow-Origin', b'*'), (b'Access-Control-Allow-Methods', b'GET, POST, OPTIONS'), (b'Access-Control-Expose-Headers', b'Content-Length,Content-Type,Date,Server,Connection')])
2025-06-19 23:25:18,657 - httpx - INFO - HTTP Request: POST https://api.telegram.org/bot7707158318:AAE8rWa4Q8Z_3avql6K0HAmXaooZAReoNF0/getUpdates "HTTP/1.1 200 OK"
2025-06-19 23:25:18,658 - httpcore.http11 - DEBUG - receive_response_body.started request=<Request [b'POST']>
2025-06-19 23:25:18,658 - httpcore.http11 - DEBUG - receive_response_body.complete
2025-06-19 23:25:18,658 - httpcore.http11 - DEBUG - response_closed.started
2025-06-19 23:25:18,660 - httpcore.http11 - DEBUG - response_closed.complete
2025-06-19 23:25:18,660 - telegram.ext.ExtBot - DEBUG - No new updates found.
2025-06-19 23:25:18,660 - telegram.ext.ExtBot - DEBUG - ()
2025-06-19 23:25:18,660 - telegram.ext.ExtBot - DEBUG - Exiting: get_updates
2025-06-19 23:25:18,660 - telegram.ext.ExtBot - DEBUG - Entering: get_updates
2025-06-19 23:25:18,662 - httpcore.connection - DEBUG - connect_tcp.started host='api.telegram.org' port=443 local_address=None timeout=5.0 socket_options=None
2025-06-19 23:25:23,672 - httpcore.connection - DEBUG - connect_tcp.failed exception=ConnectTimeout(TimeoutError())
2025-06-19 23:25:23,673 - telegram.ext.Updater - DEBUG - Timed out getting Updates: Timed out
2025-06-19 23:25:23,673 - telegram.ext.ExtBot - DEBUG - Entering: get_updates
2025-06-19 23:25:23,676 - httpcore.connection - DEBUG - connect_tcp.started host='api.telegram.org' port=443 local_address=None timeout=5.0 socket_options=None
2025-06-19 23:25:24,359 - httpcore.connection - DEBUG - connect_tcp.complete return_value=<httpcore._backends.anyio.AnyIOStream object at 0x00000227C8C2EB60>
2025-06-19 23:25:24,359 - httpcore.connection - DEBUG - start_tls.started ssl_context=<ssl.SSLContext object at 0x00000227C8A89C40> server_hostname='api.telegram.org' timeout=5.0
2025-06-19 23:25:24,869 - httpcore.connection - DEBUG - start_tls.complete return_value=<httpcore._backends.anyio.AnyIOStream object at 0x00000227C8C2D750>
2025-06-19 23:25:24,870 - httpcore.http11 - DEBUG - send_request_headers.started request=<Request [b'POST']>
2025-06-19 23:25:24,872 - httpcore.http11 - DEBUG - send_request_headers.complete
2025-06-19 23:25:24,872 - httpcore.http11 - DEBUG - send_request_body.started request=<Request [b'POST']>
2025-06-19 23:25:24,873 - httpcore.http11 - DEBUG - send_request_body.complete
2025-06-19 23:25:24,873 - httpcore.http11 - DEBUG - receive_response_headers.started request=<Request [b'POST']>
2025-06-19 23:25:34,954 - httpcore.http11 - DEBUG - receive_response_headers.complete return_value=(b'HTTP/1.1', 200, b'OK', [(b'Server', b'nginx/1.18.0'), (b'Date', b'Thu, 19 Jun 2025 22:25:34 GMT'), (b'Content-Type', b'application/json'), (b'Content-Length', b'23'), (b'Connection', b'keep-alive'), (b'Strict-Transport-Security', b'max-age=31536000; includeSubDomains; preload'), (b'Access-Control-Allow-Origin', b'*'), (b'Access-Control-Allow-Methods', b'GET, POST, OPTIONS'), (b'Access-Control-Expose-Headers', b'Content-Length,Content-Type,Date,Server,Connection')])
2025-06-19 23:25:34,956 - httpx - INFO - HTTP Request: POST https://api.telegram.org/bot7707158318:AAE8rWa4Q8Z_3avql6K0HAmXaooZAReoNF0/getUpdates "HTTP/1.1 200 OK"
2025-06-19 23:25:34,957 - httpcore.http11 - DEBUG - receive_response_body.started request=<Request [b'POST']>
2025-06-19 23:25:34,957 - httpcore.http11 - DEBUG - receive_response_body.complete
2025-06-19 23:25:34,957 - httpcore.http11 - DEBUG - response_closed.started
2025-06-19 23:25:34,957 - httpcore.http11 - DEBUG - response_closed.complete
2025-06-19 23:25:34,959 - telegram.ext.ExtBot - DEBUG - No new updates found.
2025-06-19 23:25:34,959 - telegram.ext.ExtBot - DEBUG - ()
2025-06-19 23:25:34,959 - telegram.ext.ExtBot - DEBUG - Exiting: get_updates
2025-06-19 23:25:34,959 - telegram.ext.ExtBot - DEBUG - Entering: get_updates
2025-06-19 23:25:34,962 - httpcore.http11 - DEBUG - send_request_headers.started request=<Request [b'POST']>
2025-06-19 23:25:34,963 - httpcore.http11 - DEBUG - send_request_headers.complete
2025-06-19 23:25:34,963 - httpcore.http11 - DEBUG - send_request_body.started request=<Request [b'POST']>
2025-06-19 23:25:34,964 - httpcore.http11 - DEBUG - send_request_body.complete
2025-06-19 23:25:34,964 - httpcore.http11 - DEBUG - receive_response_headers.started request=<Request [b'POST']>
2025-06-19 23:25:45,038 - httpcore.http11 - DEBUG - receive_response_headers.complete return_value=(b'HTTP/1.1', 200, b'OK', [(b'Server', b'nginx/1.18.0'), (b'Date', b'Thu, 19 Jun 2025 22:25:45 GMT'), (b'Content-Type', b'application/json'), (b'Content-Length', b'23'), (b'Connection', b'keep-alive'), (b'Strict-Transport-Security', b'max-age=31536000; includeSubDomains; preload'), (b'Access-Control-Allow-Origin', b'*'), (b'Access-Control-Allow-Methods', b'GET, POST, OPTIONS'), (b'Access-Control-Expose-Headers', b'Content-Length,Content-Type,Date,Server,Connection')])
2025-06-19 23:25:45,040 - httpx - INFO - HTTP Request: POST https://api.telegram.org/bot7707158318:AAE8rWa4Q8Z_3avql6K0HAmXaooZAReoNF0/getUpdates "HTTP/1.1 200 OK"
2025-06-19 23:25:45,042 - httpcore.http11 - DEBUG - receive_response_body.started request=<Request [b'POST']>
2025-06-19 23:25:45,043 - httpcore.http11 - DEBUG - receive_response_body.complete
2025-06-19 23:25:45,044 - httpcore.http11 - DEBUG - response_closed.started
2025-06-19 23:25:45,044 - httpcore.http11 - DEBUG - response_closed.complete
2025-06-19 23:25:45,044 - telegram.ext.ExtBot - DEBUG - No new updates found.
2025-06-19 23:25:45,044 - telegram.ext.ExtBot - DEBUG - ()
2025-06-19 23:25:45,044 - telegram.ext.ExtBot - DEBUG - Exiting: get_updates
2025-06-19 23:25:45,045 - telegram.ext.ExtBot - DEBUG - Entering: get_updates
2025-06-19 23:25:45,046 - httpcore.http11 - DEBUG - send_request_headers.started request=<Request [b'POST']>
2025-06-19 23:25:45,048 - httpcore.http11 - DEBUG - send_request_headers.complete
2025-06-19 23:25:45,048 - httpcore.http11 - DEBUG - send_request_body.started request=<Request [b'POST']>
2025-06-19 23:25:45,048 - httpcore.http11 - DEBUG - send_request_body.complete
2025-06-19 23:25:45,049 - httpcore.http11 - DEBUG - receive_response_headers.started request=<Request [b'POST']>
2025-06-19 23:25:55,189 - httpcore.http11 - DEBUG - receive_response_headers.complete return_value=(b'HTTP/1.1', 200, b'OK', [(b'Server', b'nginx/1.18.0'), (b'Date', b'Thu, 19 Jun 2025 22:25:55 GMT'), (b'Content-Type', b'application/json'), (b'Content-Length', b'23'), (b'Connection', b'keep-alive'), (b'Strict-Transport-Security', b'max-age=31536000; includeSubDomains; preload'), (b'Access-Control-Allow-Origin', b'*'), (b'Access-Control-Allow-Methods', b'GET, POST, OPTIONS'), (b'Access-Control-Expose-Headers', b'Content-Length,Content-Type,Date,Server,Connection')])
2025-06-19 23:25:55,189 - httpx - INFO - HTTP Request: POST https://api.telegram.org/bot7707158318:AAE8rWa4Q8Z_3avql6K0HAmXaooZAReoNF0/getUpdates "HTTP/1.1 200 OK"
2025-06-19 23:25:55,191 - httpcore.http11 - DEBUG - receive_response_body.started request=<Request [b'POST']>
2025-06-19 23:25:55,191 - httpcore.http11 - DEBUG - receive_response_body.complete
2025-06-19 23:25:55,191 - httpcore.http11 - DEBUG - response_closed.started
2025-06-19 23:25:55,191 - httpcore.http11 - DEBUG - response_closed.complete
2025-06-19 23:25:55,191 - telegram.ext.ExtBot - DEBUG - No new updates found.
2025-06-19 23:25:55,193 - telegram.ext.ExtBot - DEBUG - ()
2025-06-19 23:25:55,193 - telegram.ext.ExtBot - DEBUG - Exiting: get_updates
2025-06-19 23:25:55,193 - telegram.ext.ExtBot - DEBUG - Entering: get_updates
2025-06-19 23:25:55,195 - httpcore.http11 - DEBUG - send_request_headers.started request=<Request [b'POST']>
2025-06-19 23:25:55,195 - httpcore.http11 - DEBUG - send_request_headers.complete
2025-06-19 23:25:55,195 - httpcore.http11 - DEBUG - send_request_body.started request=<Request [b'POST']>
2025-06-19 23:25:55,195 - httpcore.http11 - DEBUG - send_request_body.complete
2025-06-19 23:25:55,197 - httpcore.http11 - DEBUG - receive_response_headers.started request=<Request [b'POST']>
2025-06-19 23:26:05,326 - httpcore.http11 - DEBUG - receive_response_headers.complete return_value=(b'HTTP/1.1', 200, b'OK', [(b'Server', b'nginx/1.18.0'), (b'Date', b'Thu, 19 Jun 2025 22:26:05 GMT'), (b'Content-Type', b'application/json'), (b'Content-Length', b'23'), (b'Connection', b'keep-alive'), (b'Strict-Transport-Security', b'max-age=31536000; includeSubDomains; preload'), (b'Access-Control-Allow-Origin', b'*'), (b'Access-Control-Allow-Methods', b'GET, POST, OPTIONS'), (b'Access-Control-Expose-Headers', b'Content-Length,Content-Type,Date,Server,Connection')])
2025-06-19 23:26:05,328 - httpx - INFO - HTTP Request: POST https://api.telegram.org/bot7707158318:AAE8rWa4Q8Z_3avql6K0HAmXaooZAReoNF0/getUpdates "HTTP/1.1 200 OK"
2025-06-19 23:26:05,328 - httpcore.http11 - DEBUG - receive_response_body.started request=<Request [b'POST']>
2025-06-19 23:26:05,328 - httpcore.http11 - DEBUG - receive_response_body.complete
2025-06-19 23:26:05,328 - httpcore.http11 - DEBUG - response_closed.started
2025-06-19 23:26:05,331 - httpcore.http11 - DEBUG - response_closed.complete
2025-06-19 23:26:05,332 - telegram.ext.ExtBot - DEBUG - No new updates found.
2025-06-19 23:26:05,332 - telegram.ext.ExtBot - DEBUG - ()
2025-06-19 23:26:05,332 - telegram.ext.ExtBot - DEBUG - Exiting: get_updates
2025-06-19 23:26:05,332 - telegram.ext.ExtBot - DEBUG - Entering: get_updates
2025-06-19 23:26:05,332 - httpcore.http11 - DEBUG - send_request_headers.started request=<Request [b'POST']>
2025-06-19 23:26:05,335 - httpcore.http11 - DEBUG - send_request_headers.complete
2025-06-19 23:26:05,335 - httpcore.http11 - DEBUG - send_request_body.started request=<Request [b'POST']>
2025-06-19 23:26:05,335 - httpcore.http11 - DEBUG - send_request_body.complete
2025-06-19 23:26:05,335 - httpcore.http11 - DEBUG - receive_response_headers.started request=<Request [b'POST']>
2025-06-19 23:26:15,441 - httpcore.http11 - DEBUG - receive_response_headers.complete return_value=(b'HTTP/1.1', 200, b'OK', [(b'Server', b'nginx/1.18.0'), (b'Date', b'Thu, 19 Jun 2025 22:26:15 GMT'), (b'Content-Type', b'application/json'), (b'Content-Length', b'23'), (b'Connection', b'keep-alive'), (b'Strict-Transport-Security', b'max-age=31536000; includeSubDomains; preload'), (b'Access-Control-Allow-Origin', b'*'), (b'Access-Control-Allow-Methods', b'GET, POST, OPTIONS'), (b'Access-Control-Expose-Headers', b'Content-Length,Content-Type,Date,Server,Connection')])
2025-06-19 23:26:15,444 - httpx - INFO - HTTP Request: POST https://api.telegram.org/bot7707158318:AAE8rWa4Q8Z_3avql6K0HAmXaooZAReoNF0/getUpdates "HTTP/1.1 200 OK"
2025-06-19 23:26:15,447 - httpcore.http11 - DEBUG - receive_response_body.started request=<Request [b'POST']>
2025-06-19 23:26:15,447 - httpcore.http11 - DEBUG - receive_response_body.complete
2025-06-19 23:26:15,448 - httpcore.http11 - DEBUG - response_closed.started
2025-06-19 23:26:15,448 - httpcore.http11 - DEBUG - response_closed.complete
2025-06-19 23:26:15,448 - telegram.ext.ExtBot - DEBUG - No new updates found.
2025-06-19 23:26:15,448 - telegram.ext.ExtBot - DEBUG - ()
2025-06-19 23:26:15,449 - telegram.ext.ExtBot - DEBUG - Exiting: get_updates
2025-06-19 23:26:15,449 - telegram.ext.ExtBot - DEBUG - Entering: get_updates
2025-06-19 23:26:15,451 - httpcore.http11 - DEBUG - send_request_headers.started request=<Request [b'POST']>
2025-06-19 23:26:15,453 - httpcore.http11 - DEBUG - send_request_headers.complete
2025-06-19 23:26:15,453 - httpcore.http11 - DEBUG - send_request_body.started request=<Request [b'POST']>
2025-06-19 23:26:15,455 - httpcore.http11 - DEBUG - send_request_body.complete
2025-06-19 23:26:15,455 - httpcore.http11 - DEBUG - receive_response_headers.started request=<Request [b'POST']>
2025-06-19 23:26:25,738 - httpcore.http11 - DEBUG - receive_response_headers.complete return_value=(b'HTTP/1.1', 200, b'OK', [(b'Server', b'nginx/1.18.0'), (b'Date', b'Thu, 19 Jun 2025 22:26:25 GMT'), (b'Content-Type', b'application/json'), (b'Content-Length', b'23'), (b'Connection', b'keep-alive'), (b'Strict-Transport-Security', b'max-age=31536000; includeSubDomains; preload'), (b'Access-Control-Allow-Origin', b'*'), (b'Access-Control-Allow-Methods', b'GET, POST, OPTIONS'), (b'Access-Control-Expose-Headers', b'Content-Length,Content-Type,Date,Server,Connection')])
2025-06-19 23:26:25,743 - httpx - INFO - HTTP Request: POST https://api.telegram.org/bot7707158318:AAE8rWa4Q8Z_3avql6K0HAmXaooZAReoNF0/getUpdates "HTTP/1.1 200 OK"
2025-06-19 23:26:25,792 - httpcore.http11 - DEBUG - receive_response_body.started request=<Request [b'POST']>
2025-06-19 23:26:25,792 - httpcore.http11 - DEBUG - receive_response_body.complete
2025-06-19 23:26:25,794 - httpcore.http11 - DEBUG - response_closed.started
2025-06-19 23:26:25,794 - httpcore.http11 - DEBUG - response_closed.complete
2025-06-19 23:26:25,794 - telegram.ext.ExtBot - DEBUG - No new updates found.
2025-06-19 23:26:25,794 - telegram.ext.ExtBot - DEBUG - ()
2025-06-19 23:26:25,796 - telegram.ext.ExtBot - DEBUG - Exiting: get_updates
2025-06-19 23:26:25,796 - telegram.ext.ExtBot - DEBUG - Entering: get_updates
2025-06-19 23:26:25,799 - httpcore.http11 - DEBUG - send_request_headers.started request=<Request [b'POST']>
2025-06-19 23:26:25,799 - httpcore.http11 - DEBUG - send_request_headers.complete
2025-06-19 23:26:25,799 - httpcore.http11 - DEBUG - send_request_body.started request=<Request [b'POST']>
2025-06-19 23:26:25,801 - httpcore.http11 - DEBUG - send_request_body.complete
2025-06-19 23:26:25,801 - httpcore.http11 - DEBUG - receive_response_headers.started request=<Request [b'POST']>
2025-06-19 23:26:35,944 - httpcore.http11 - DEBUG - receive_response_headers.complete return_value=(b'HTTP/1.1', 200, b'OK', [(b'Server', b'nginx/1.18.0'), (b'Date', b'Thu, 19 Jun 2025 22:26:35 GMT'), (b'Content-Type', b'application/json'), (b'Content-Length', b'23'), (b'Connection', b'keep-alive'), (b'Strict-Transport-Security', b'max-age=31536000; includeSubDomains; preload'), (b'Access-Control-Allow-Origin', b'*'), (b'Access-Control-Allow-Methods', b'GET, POST, OPTIONS'), (b'Access-Control-Expose-Headers', b'Content-Length,Content-Type,Date,Server,Connection')])
2025-06-19 23:26:35,944 - httpx - INFO - HTTP Request: POST https://api.telegram.org/bot7707158318:AAE8rWa4Q8Z_3avql6K0HAmXaooZAReoNF0/getUpdates "HTTP/1.1 200 OK"
2025-06-19 23:26:35,949 - httpcore.http11 - DEBUG - receive_response_body.started request=<Request [b'POST']>
2025-06-19 23:26:35,949 - httpcore.http11 - DEBUG - receive_response_body.complete
2025-06-19 23:26:35,949 - httpcore.http11 - DEBUG - response_closed.started
2025-06-19 23:26:35,949 - httpcore.http11 - DEBUG - response_closed.complete
2025-06-19 23:26:35,949 - telegram.ext.ExtBot - DEBUG - No new updates found.
2025-06-19 23:26:35,949 - telegram.ext.ExtBot - DEBUG - ()
2025-06-19 23:26:35,949 - telegram.ext.ExtBot - DEBUG - Exiting: get_updates
2025-06-19 23:26:35,949 - telegram.ext.ExtBot - DEBUG - Entering: get_updates
2025-06-19 23:26:35,949 - httpcore.http11 - DEBUG - send_request_headers.started request=<Request [b'POST']>
2025-06-19 23:26:35,949 - httpcore.http11 - DEBUG - send_request_headers.complete
2025-06-19 23:26:35,949 - httpcore.http11 - DEBUG - send_request_body.started request=<Request [b'POST']>
2025-06-19 23:26:35,949 - httpcore.http11 - DEBUG - send_request_body.complete
2025-06-19 23:26:35,949 - httpcore.http11 - DEBUG - receive_response_headers.started request=<Request [b'POST']>
2025-06-19 23:26:46,389 - httpcore.http11 - DEBUG - receive_response_headers.complete return_value=(b'HTTP/1.1', 200, b'OK', [(b'Server', b'nginx/1.18.0'), (b'Date', b'Thu, 19 Jun 2025 22:26:46 GMT'), (b'Content-Type', b'application/json'), (b'Content-Length', b'23'), (b'Connection', b'keep-alive'), (b'Strict-Transport-Security', b'max-age=31536000; includeSubDomains; preload'), (b'Access-Control-Allow-Origin', b'*'), (b'Access-Control-Allow-Methods', b'GET, POST, OPTIONS'), (b'Access-Control-Expose-Headers', b'Content-Length,Content-Type,Date,Server,Connection')])
2025-06-19 23:26:46,391 - httpx - INFO - HTTP Request: POST https://api.telegram.org/bot7707158318:AAE8rWa4Q8Z_3avql6K0HAmXaooZAReoNF0/getUpdates "HTTP/1.1 200 OK"
2025-06-19 23:26:46,395 - httpcore.http11 - DEBUG - receive_response_body.started request=<Request [b'POST']>
2025-06-19 23:26:46,395 - httpcore.http11 - DEBUG - receive_response_body.complete
2025-06-19 23:26:46,397 - httpcore.http11 - DEBUG - response_closed.started
2025-06-19 23:26:46,397 - httpcore.http11 - DEBUG - response_closed.complete
2025-06-19 23:26:46,397 - telegram.ext.ExtBot - DEBUG - No new updates found.
2025-06-19 23:26:46,399 - telegram.ext.ExtBot - DEBUG - ()
2025-06-19 23:26:46,399 - telegram.ext.ExtBot - DEBUG - Exiting: get_updates
2025-06-19 23:26:46,399 - telegram.ext.ExtBot - DEBUG - Entering: get_updates
2025-06-19 23:26:46,401 - httpcore.http11 - DEBUG - send_request_headers.started request=<Request [b'POST']>
2025-06-19 23:26:46,401 - httpcore.http11 - DEBUG - send_request_headers.complete
2025-06-19 23:26:46,401 - httpcore.http11 - DEBUG - send_request_body.started request=<Request [b'POST']>
2025-06-19 23:26:46,401 - httpcore.http11 - DEBUG - send_request_body.complete
2025-06-19 23:26:46,401 - httpcore.http11 - DEBUG - receive_response_headers.started request=<Request [b'POST']>
2025-06-19 23:26:56,492 - httpcore.http11 - DEBUG - receive_response_headers.complete return_value=(b'HTTP/1.1', 200, b'OK', [(b'Server', b'nginx/1.18.0'), (b'Date', b'Thu, 19 Jun 2025 22:26:56 GMT'), (b'Content-Type', b'application/json'), (b'Content-Length', b'23'), (b'Connection', b'keep-alive'), (b'Strict-Transport-Security', b'max-age=31536000; includeSubDomains; preload'), (b'Access-Control-Allow-Origin', b'*'), (b'Access-Control-Allow-Methods', b'GET, POST, OPTIONS'), (b'Access-Control-Expose-Headers', b'Content-Length,Content-Type,Date,Server,Connection')])
2025-06-19 23:26:56,495 - httpx - INFO - HTTP Request: POST https://api.telegram.org/bot7707158318:AAE8rWa4Q8Z_3avql6K0HAmXaooZAReoNF0/getUpdates "HTTP/1.1 200 OK"
2025-06-19 23:26:56,497 - httpcore.http11 - DEBUG - receive_response_body.started request=<Request [b'POST']>
2025-06-19 23:26:56,498 - httpcore.http11 - DEBUG - receive_response_body.complete
2025-06-19 23:26:56,499 - httpcore.http11 - DEBUG - response_closed.started
2025-06-19 23:26:56,499 - httpcore.http11 - DEBUG - response_closed.complete
2025-06-19 23:26:56,500 - telegram.ext.ExtBot - DEBUG - No new updates found.
2025-06-19 23:26:56,500 - telegram.ext.ExtBot - DEBUG - ()
2025-06-19 23:26:56,500 - telegram.ext.ExtBot - DEBUG - Exiting: get_updates
2025-06-19 23:26:56,500 - telegram.ext.ExtBot - DEBUG - Entering: get_updates
2025-06-19 23:26:56,501 - httpcore.http11 - DEBUG - send_request_headers.started request=<Request [b'POST']>
2025-06-19 23:26:56,502 - httpcore.http11 - DEBUG - send_request_headers.complete
2025-06-19 23:26:56,502 - httpcore.http11 - DEBUG - send_request_body.started request=<Request [b'POST']>
2025-06-19 23:26:56,502 - httpcore.http11 - DEBUG - send_request_body.complete
2025-06-19 23:26:56,502 - httpcore.http11 - DEBUG - receive_response_headers.started request=<Request [b'POST']>
2025-06-19 23:27:06,708 - httpcore.http11 - DEBUG - receive_response_headers.complete return_value=(b'HTTP/1.1', 200, b'OK', [(b'Server', b'nginx/1.18.0'), (b'Date', b'Thu, 19 Jun 2025 22:27:06 GMT'), (b'Content-Type', b'application/json'), (b'Content-Length', b'23'), (b'Connection', b'keep-alive'), (b'Strict-Transport-Security', b'max-age=31536000; includeSubDomains; preload'), (b'Access-Control-Allow-Origin', b'*'), (b'Access-Control-Allow-Methods', b'GET, POST, OPTIONS'), (b'Access-Control-Expose-Headers', b'Content-Length,Content-Type,Date,Server,Connection')])
2025-06-19 23:27:06,712 - httpx - INFO - HTTP Request: POST https://api.telegram.org/bot7707158318:AAE8rWa4Q8Z_3avql6K0HAmXaooZAReoNF0/getUpdates "HTTP/1.1 200 OK"
2025-06-19 23:27:06,714 - httpcore.http11 - DEBUG - receive_response_body.started request=<Request [b'POST']>
2025-06-19 23:27:06,715 - httpcore.http11 - DEBUG - receive_response_body.complete
2025-06-19 23:27:06,715 - httpcore.http11 - DEBUG - response_closed.started
2025-06-19 23:27:06,715 - httpcore.http11 - DEBUG - response_closed.complete
2025-06-19 23:27:06,717 - telegram.ext.ExtBot - DEBUG - No new updates found.
2025-06-19 23:27:06,717 - telegram.ext.ExtBot - DEBUG - ()
2025-06-19 23:27:06,717 - telegram.ext.ExtBot - DEBUG - Exiting: get_updates
2025-06-19 23:27:06,717 - telegram.ext.ExtBot - DEBUG - Entering: get_updates
2025-06-19 23:27:06,717 - httpcore.http11 - DEBUG - send_request_headers.started request=<Request [b'POST']>
2025-06-19 23:27:06,720 - httpcore.http11 - DEBUG - send_request_headers.complete
2025-06-19 23:27:06,720 - httpcore.http11 - DEBUG - send_request_body.started request=<Request [b'POST']>
2025-06-19 23:27:06,721 - httpcore.http11 - DEBUG - send_request_body.complete
2025-06-19 23:27:06,721 - httpcore.http11 - DEBUG - receive_response_headers.started request=<Request [b'POST']>
2025-06-19 23:27:16,848 - httpcore.http11 - DEBUG - receive_response_headers.complete return_value=(b'HTTP/1.1', 200, b'OK', [(b'Server', b'nginx/1.18.0'), (b'Date', b'Thu, 19 Jun 2025 22:27:16 GMT'), (b'Content-Type', b'application/json'), (b'Content-Length', b'23'), (b'Connection', b'keep-alive'), (b'Strict-Transport-Security', b'max-age=31536000; includeSubDomains; preload'), (b'Access-Control-Allow-Origin', b'*'), (b'Access-Control-Allow-Methods', b'GET, POST, OPTIONS'), (b'Access-Control-Expose-Headers', b'Content-Length,Content-Type,Date,Server,Connection')])
2025-06-19 23:27:16,850 - httpx - INFO - HTTP Request: POST https://api.telegram.org/bot7707158318:AAE8rWa4Q8Z_3avql6K0HAmXaooZAReoNF0/getUpdates "HTTP/1.1 200 OK"
2025-06-19 23:27:16,878 - httpcore.http11 - DEBUG - receive_response_body.started request=<Request [b'POST']>
2025-06-19 23:27:16,878 - httpcore.http11 - DEBUG - receive_response_body.complete
2025-06-19 23:27:16,878 - httpcore.http11 - DEBUG - response_closed.started
2025-06-19 23:27:16,880 - httpcore.http11 - DEBUG - response_closed.complete
2025-06-19 23:27:16,880 - telegram.ext.ExtBot - DEBUG - No new updates found.
2025-06-19 23:27:16,880 - telegram.ext.ExtBot - DEBUG - ()
2025-06-19 23:27:16,880 - telegram.ext.ExtBot - DEBUG - Exiting: get_updates
2025-06-19 23:27:16,880 - telegram.ext.ExtBot - DEBUG - Entering: get_updates
2025-06-19 23:27:16,884 - httpcore.http11 - DEBUG - send_request_headers.started request=<Request [b'POST']>
2025-06-19 23:27:16,886 - httpcore.http11 - DEBUG - send_request_headers.complete
2025-06-19 23:27:16,886 - httpcore.http11 - DEBUG - send_request_body.started request=<Request [b'POST']>
2025-06-19 23:27:16,888 - httpcore.http11 - DEBUG - send_request_body.complete
2025-06-19 23:27:16,888 - httpcore.http11 - DEBUG - receive_response_headers.started request=<Request [b'POST']>
2025-06-19 23:27:27,189 - httpcore.http11 - DEBUG - receive_response_headers.complete return_value=(b'HTTP/1.1', 200, b'OK', [(b'Server', b'nginx/1.18.0'), (b'Date', b'Thu, 19 Jun 2025 22:27:26 GMT'), (b'Content-Type', b'application/json'), (b'Content-Length', b'23'), (b'Connection', b'keep-alive'), (b'Strict-Transport-Security', b'max-age=31536000; includeSubDomains; preload'), (b'Access-Control-Allow-Origin', b'*'), (b'Access-Control-Allow-Methods', b'GET, POST, OPTIONS'), (b'Access-Control-Expose-Headers', b'Content-Length,Content-Type,Date,Server,Connection')])
2025-06-19 23:27:27,191 - httpx - INFO - HTTP Request: POST https://api.telegram.org/bot7707158318:AAE8rWa4Q8Z_3avql6K0HAmXaooZAReoNF0/getUpdates "HTTP/1.1 200 OK"
2025-06-19 23:27:27,192 - httpcore.http11 - DEBUG - receive_response_body.started request=<Request [b'POST']>
2025-06-19 23:27:27,192 - httpcore.http11 - DEBUG - receive_response_body.complete
2025-06-19 23:27:27,192 - httpcore.http11 - DEBUG - response_closed.started
2025-06-19 23:27:27,193 - httpcore.http11 - DEBUG - response_closed.complete
2025-06-19 23:27:27,194 - telegram.ext.ExtBot - DEBUG - No new updates found.
2025-06-19 23:27:27,194 - telegram.ext.ExtBot - DEBUG - ()
2025-06-19 23:27:27,194 - telegram.ext.ExtBot - DEBUG - Exiting: get_updates
2025-06-19 23:27:27,195 - telegram.ext.ExtBot - DEBUG - Entering: get_updates
2025-06-19 23:27:27,198 - httpcore.http11 - DEBUG - send_request_headers.started request=<Request [b'POST']>
2025-06-19 23:27:27,199 - httpcore.http11 - DEBUG - send_request_headers.complete
2025-06-19 23:27:27,199 - httpcore.http11 - DEBUG - send_request_body.started request=<Request [b'POST']>
2025-06-19 23:27:27,201 - httpcore.http11 - DEBUG - send_request_body.complete
2025-06-19 23:27:27,201 - httpcore.http11 - DEBUG - receive_response_headers.started request=<Request [b'POST']>
2025-06-19 23:27:37,315 - httpcore.http11 - DEBUG - receive_response_headers.complete return_value=(b'HTTP/1.1', 200, b'OK', [(b'Server', b'nginx/1.18.0'), (b'Date', b'Thu, 19 Jun 2025 22:27:37 GMT'), (b'Content-Type', b'application/json'), (b'Content-Length', b'23'), (b'Connection', b'keep-alive'), (b'Strict-Transport-Security', b'max-age=31536000; includeSubDomains; preload'), (b'Access-Control-Allow-Origin', b'*'), (b'Access-Control-Allow-Methods', b'GET, POST, OPTIONS'), (b'Access-Control-Expose-Headers', b'Content-Length,Content-Type,Date,Server,Connection')])
2025-06-19 23:27:37,317 - httpx - INFO - HTTP Request: POST https://api.telegram.org/bot7707158318:AAE8rWa4Q8Z_3avql6K0HAmXaooZAReoNF0/getUpdates "HTTP/1.1 200 OK"
2025-06-19 23:27:37,320 - httpcore.http11 - DEBUG - receive_response_body.started request=<Request [b'POST']>
2025-06-19 23:27:37,320 - httpcore.http11 - DEBUG - receive_response_body.complete
2025-06-19 23:27:37,320 - httpcore.http11 - DEBUG - response_closed.started
2025-06-19 23:27:37,320 - httpcore.http11 - DEBUG - response_closed.complete
2025-06-19 23:27:37,322 - telegram.ext.ExtBot - DEBUG - No new updates found.
2025-06-19 23:27:37,322 - telegram.ext.ExtBot - DEBUG - ()
2025-06-19 23:27:37,322 - telegram.ext.ExtBot - DEBUG - Exiting: get_updates
2025-06-19 23:27:37,322 - telegram.ext.ExtBot - DEBUG - Entering: get_updates
2025-06-19 23:27:37,323 - httpcore.http11 - DEBUG - send_request_headers.started request=<Request [b'POST']>
2025-06-19 23:27:37,325 - httpcore.http11 - DEBUG - send_request_headers.complete
2025-06-19 23:27:37,325 - httpcore.http11 - DEBUG - send_request_body.started request=<Request [b'POST']>
2025-06-19 23:27:37,325 - httpcore.http11 - DEBUG - send_request_body.complete
2025-06-19 23:27:37,325 - httpcore.http11 - DEBUG - receive_response_headers.started request=<Request [b'POST']>
2025-06-19 23:27:47,592 - httpcore.http11 - DEBUG - receive_response_headers.complete return_value=(b'HTTP/1.1', 200, b'OK', [(b'Server', b'nginx/1.18.0'), (b'Date', b'Thu, 19 Jun 2025 22:27:47 GMT'), (b'Content-Type', b'application/json'), (b'Content-Length', b'23'), (b'Connection', b'keep-alive'), (b'Strict-Transport-Security', b'max-age=31536000; includeSubDomains; preload'), (b'Access-Control-Allow-Origin', b'*'), (b'Access-Control-Allow-Methods', b'GET, POST, OPTIONS'), (b'Access-Control-Expose-Headers', b'Content-Length,Content-Type,Date,Server,Connection')])
2025-06-19 23:27:47,592 - httpx - INFO - HTTP Request: POST https://api.telegram.org/bot7707158318:AAE8rWa4Q8Z_3avql6K0HAmXaooZAReoNF0/getUpdates "HTTP/1.1 200 OK"
2025-06-19 23:27:47,594 - httpcore.http11 - DEBUG - receive_response_body.started request=<Request [b'POST']>
2025-06-19 23:27:47,595 - httpcore.http11 - DEBUG - receive_response_body.complete
2025-06-19 23:27:47,595 - httpcore.http11 - DEBUG - response_closed.started
2025-06-19 23:27:47,595 - httpcore.http11 - DEBUG - response_closed.complete
2025-06-19 23:27:47,595 - telegram.ext.ExtBot - DEBUG - No new updates found.
2025-06-19 23:27:47,595 - telegram.ext.ExtBot - DEBUG - ()
2025-06-19 23:27:47,595 - telegram.ext.ExtBot - DEBUG - Exiting: get_updates
2025-06-19 23:27:47,595 - telegram.ext.ExtBot - DEBUG - Entering: get_updates
2025-06-19 23:27:47,597 - httpcore.http11 - DEBUG - send_request_headers.started request=<Request [b'POST']>
2025-06-19 23:27:47,597 - httpcore.http11 - DEBUG - send_request_headers.complete
2025-06-19 23:27:47,599 - httpcore.http11 - DEBUG - send_request_body.started request=<Request [b'POST']>
2025-06-19 23:27:47,599 - httpcore.http11 - DEBUG - send_request_body.complete
2025-06-19 23:27:47,599 - httpcore.http11 - DEBUG - receive_response_headers.started request=<Request [b'POST']>
2025-06-19 23:27:57,862 - httpcore.http11 - DEBUG - receive_response_headers.complete return_value=(b'HTTP/1.1', 200, b'OK', [(b'Server', b'nginx/1.18.0'), (b'Date', b'Thu, 19 Jun 2025 22:27:57 GMT'), (b'Content-Type', b'application/json'), (b'Content-Length', b'23'), (b'Connection', b'keep-alive'), (b'Strict-Transport-Security', b'max-age=31536000; includeSubDomains; preload'), (b'Access-Control-Allow-Origin', b'*'), (b'Access-Control-Allow-Methods', b'GET, POST, OPTIONS'), (b'Access-Control-Expose-Headers', b'Content-Length,Content-Type,Date,Server,Connection')])
2025-06-19 23:27:57,864 - httpx - INFO - HTTP Request: POST https://api.telegram.org/bot7707158318:AAE8rWa4Q8Z_3avql6K0HAmXaooZAReoNF0/getUpdates "HTTP/1.1 200 OK"
2025-06-19 23:27:57,867 - httpcore.http11 - DEBUG - receive_response_body.started request=<Request [b'POST']>
2025-06-19 23:27:57,868 - httpcore.http11 - DEBUG - receive_response_body.complete
2025-06-19 23:27:57,868 - httpcore.http11 - DEBUG - response_closed.started
2025-06-19 23:27:57,868 - httpcore.http11 - DEBUG - response_closed.complete
2025-06-19 23:27:57,868 - telegram.ext.ExtBot - DEBUG - No new updates found.
2025-06-19 23:27:57,868 - telegram.ext.ExtBot - DEBUG - ()
2025-06-19 23:27:57,868 - telegram.ext.ExtBot - DEBUG - Exiting: get_updates
2025-06-19 23:27:57,868 - telegram.ext.ExtBot - DEBUG - Entering: get_updates
2025-06-19 23:27:57,872 - httpcore.http11 - DEBUG - send_request_headers.started request=<Request [b'POST']>
2025-06-19 23:27:57,872 - httpcore.http11 - DEBUG - send_request_headers.complete
2025-06-19 23:27:57,872 - httpcore.http11 - DEBUG - send_request_body.started request=<Request [b'POST']>
2025-06-19 23:27:57,872 - httpcore.http11 - DEBUG - send_request_body.complete
2025-06-19 23:27:57,872 - httpcore.http11 - DEBUG - receive_response_headers.started request=<Request [b'POST']>
2025-06-19 23:28:07,956 - httpcore.http11 - DEBUG - receive_response_headers.complete return_value=(b'HTTP/1.1', 200, b'OK', [(b'Server', b'nginx/1.18.0'), (b'Date', b'Thu, 19 Jun 2025 22:28:07 GMT'), (b'Content-Type', b'application/json'), (b'Content-Length', b'23'), (b'Connection', b'keep-alive'), (b'Strict-Transport-Security', b'max-age=31536000; includeSubDomains; preload'), (b'Access-Control-Allow-Origin', b'*'), (b'Access-Control-Allow-Methods', b'GET, POST, OPTIONS'), (b'Access-Control-Expose-Headers', b'Content-Length,Content-Type,Date,Server,Connection')])
2025-06-19 23:28:07,956 - httpx - INFO - HTTP Request: POST https://api.telegram.org/bot7707158318:AAE8rWa4Q8Z_3avql6K0HAmXaooZAReoNF0/getUpdates "HTTP/1.1 200 OK"
2025-06-19 23:28:07,958 - httpcore.http11 - DEBUG - receive_response_body.started request=<Request [b'POST']>
2025-06-19 23:28:07,958 - httpcore.http11 - DEBUG - receive_response_body.complete
2025-06-19 23:28:07,958 - httpcore.http11 - DEBUG - response_closed.started
2025-06-19 23:28:07,958 - httpcore.http11 - DEBUG - response_closed.complete
2025-06-19 23:28:07,960 - telegram.ext.ExtBot - DEBUG - No new updates found.
2025-06-19 23:28:07,960 - telegram.ext.ExtBot - DEBUG - ()
2025-06-19 23:28:07,960 - telegram.ext.ExtBot - DEBUG - Exiting: get_updates
2025-06-19 23:28:07,961 - telegram.ext.ExtBot - DEBUG - Entering: get_updates
2025-06-19 23:28:07,964 - httpcore.http11 - DEBUG - send_request_headers.started request=<Request [b'POST']>
2025-06-19 23:28:07,964 - httpcore.http11 - DEBUG - send_request_headers.complete
2025-06-19 23:28:07,965 - httpcore.http11 - DEBUG - send_request_body.started request=<Request [b'POST']>
2025-06-19 23:28:07,965 - httpcore.http11 - DEBUG - send_request_body.complete
2025-06-19 23:28:07,965 - httpcore.http11 - DEBUG - receive_response_headers.started request=<Request [b'POST']>
2025-06-19 23:28:18,136 - httpcore.http11 - DEBUG - receive_response_headers.complete return_value=(b'HTTP/1.1', 200, b'OK', [(b'Server', b'nginx/1.18.0'), (b'Date', b'Thu, 19 Jun 2025 22:28:18 GMT'), (b'Content-Type', b'application/json'), (b'Content-Length', b'23'), (b'Connection', b'keep-alive'), (b'Strict-Transport-Security', b'max-age=31536000; includeSubDomains; preload'), (b'Access-Control-Allow-Origin', b'*'), (b'Access-Control-Allow-Methods', b'GET, POST, OPTIONS'), (b'Access-Control-Expose-Headers', b'Content-Length,Content-Type,Date,Server,Connection')])
2025-06-19 23:28:18,136 - httpx - INFO - HTTP Request: POST https://api.telegram.org/bot7707158318:AAE8rWa4Q8Z_3avql6K0HAmXaooZAReoNF0/getUpdates "HTTP/1.1 200 OK"
2025-06-19 23:28:18,136 - httpcore.http11 - DEBUG - receive_response_body.started request=<Request [b'POST']>
2025-06-19 23:28:18,139 - httpcore.http11 - DEBUG - receive_response_body.complete
2025-06-19 23:28:18,139 - httpcore.http11 - DEBUG - response_closed.started
2025-06-19 23:28:18,139 - httpcore.http11 - DEBUG - response_closed.complete
2025-06-19 23:28:18,139 - telegram.ext.ExtBot - DEBUG - No new updates found.
2025-06-19 23:28:18,139 - telegram.ext.ExtBot - DEBUG - ()
2025-06-19 23:28:18,141 - telegram.ext.ExtBot - DEBUG - Exiting: get_updates
2025-06-19 23:28:18,141 - telegram.ext.ExtBot - DEBUG - Entering: get_updates
2025-06-19 23:28:18,141 - httpcore.http11 - DEBUG - send_request_headers.started request=<Request [b'POST']>
2025-06-19 23:28:18,143 - httpcore.http11 - DEBUG - send_request_headers.complete
2025-06-19 23:28:18,143 - httpcore.http11 - DEBUG - send_request_body.started request=<Request [b'POST']>
2025-06-19 23:28:18,143 - httpcore.http11 - DEBUG - send_request_body.complete
2025-06-19 23:28:18,145 - httpcore.http11 - DEBUG - receive_response_headers.started request=<Request [b'POST']>
2025-06-19 23:28:28,276 - httpcore.http11 - DEBUG - receive_response_headers.complete return_value=(b'HTTP/1.1', 200, b'OK', [(b'Server', b'nginx/1.18.0'), (b'Date', b'Thu, 19 Jun 2025 22:28:28 GMT'), (b'Content-Type', b'application/json'), (b'Content-Length', b'23'), (b'Connection', b'keep-alive'), (b'Strict-Transport-Security', b'max-age=31536000; includeSubDomains; preload'), (b'Access-Control-Allow-Origin', b'*'), (b'Access-Control-Allow-Methods', b'GET, POST, OPTIONS'), (b'Access-Control-Expose-Headers', b'Content-Length,Content-Type,Date,Server,Connection')])
2025-06-19 23:28:28,276 - httpx - INFO - HTTP Request: POST https://api.telegram.org/bot7707158318:AAE8rWa4Q8Z_3avql6K0HAmXaooZAReoNF0/getUpdates "HTTP/1.1 200 OK"
2025-06-19 23:28:28,278 - httpcore.http11 - DEBUG - receive_response_body.started request=<Request [b'POST']>
2025-06-19 23:28:28,279 - httpcore.http11 - DEBUG - receive_response_body.complete
2025-06-19 23:28:28,279 - httpcore.http11 - DEBUG - response_closed.started
2025-06-19 23:28:28,279 - httpcore.http11 - DEBUG - response_closed.complete
2025-06-19 23:28:28,279 - telegram.ext.ExtBot - DEBUG - No new updates found.
2025-06-19 23:28:28,279 - telegram.ext.ExtBot - DEBUG - ()
2025-06-19 23:28:28,279 - telegram.ext.ExtBot - DEBUG - Exiting: get_updates
2025-06-19 23:28:28,279 - telegram.ext.ExtBot - DEBUG - Entering: get_updates
2025-06-19 23:28:28,281 - httpcore.http11 - DEBUG - send_request_headers.started request=<Request [b'POST']>
2025-06-19 23:28:28,283 - httpcore.http11 - DEBUG - send_request_headers.complete
2025-06-19 23:28:28,283 - httpcore.http11 - DEBUG - send_request_body.started request=<Request [b'POST']>
2025-06-19 23:28:28,284 - httpcore.http11 - DEBUG - send_request_body.complete
2025-06-19 23:28:28,284 - httpcore.http11 - DEBUG - receive_response_headers.started request=<Request [b'POST']>
2025-06-19 23:28:38,416 - httpcore.http11 - DEBUG - receive_response_headers.complete return_value=(b'HTTP/1.1', 200, b'OK', [(b'Server', b'nginx/1.18.0'), (b'Date', b'Thu, 19 Jun 2025 22:28:38 GMT'), (b'Content-Type', b'application/json'), (b'Content-Length', b'23'), (b'Connection', b'keep-alive'), (b'Strict-Transport-Security', b'max-age=31536000; includeSubDomains; preload'), (b'Access-Control-Allow-Origin', b'*'), (b'Access-Control-Allow-Methods', b'GET, POST, OPTIONS'), (b'Access-Control-Expose-Headers', b'Content-Length,Content-Type,Date,Server,Connection')])
2025-06-19 23:28:38,416 - httpx - INFO - HTTP Request: POST https://api.telegram.org/bot7707158318:AAE8rWa4Q8Z_3avql6K0HAmXaooZAReoNF0/getUpdates "HTTP/1.1 200 OK"
2025-06-19 23:28:38,420 - httpcore.http11 - DEBUG - receive_response_body.started request=<Request [b'POST']>
2025-06-19 23:28:38,422 - httpcore.http11 - DEBUG - receive_response_body.complete
2025-06-19 23:28:38,422 - httpcore.http11 - DEBUG - response_closed.started
2025-06-19 23:28:38,422 - httpcore.http11 - DEBUG - response_closed.complete
2025-06-19 23:28:38,424 - telegram.ext.ExtBot - DEBUG - No new updates found.
2025-06-19 23:28:38,424 - telegram.ext.ExtBot - DEBUG - ()
2025-06-19 23:28:38,424 - telegram.ext.ExtBot - DEBUG - Exiting: get_updates
2025-06-19 23:28:38,424 - telegram.ext.ExtBot - DEBUG - Entering: get_updates
2025-06-19 23:28:38,428 - httpcore.http11 - DEBUG - send_request_headers.started request=<Request [b'POST']>
2025-06-19 23:28:38,430 - httpcore.http11 - DEBUG - send_request_headers.complete
2025-06-19 23:28:38,432 - httpcore.http11 - DEBUG - send_request_body.started request=<Request [b'POST']>
2025-06-19 23:28:38,432 - httpcore.http11 - DEBUG - send_request_body.complete
2025-06-19 23:28:38,432 - httpcore.http11 - DEBUG - receive_response_headers.started request=<Request [b'POST']>
2025-06-19 23:28:48,502 - httpcore.http11 - DEBUG - receive_response_headers.complete return_value=(b'HTTP/1.1', 200, b'OK', [(b'Server', b'nginx/1.18.0'), (b'Date', b'Thu, 19 Jun 2025 22:28:48 GMT'), (b'Content-Type', b'application/json'), (b'Content-Length', b'23'), (b'Connection', b'keep-alive'), (b'Strict-Transport-Security', b'max-age=31536000; includeSubDomains; preload'), (b'Access-Control-Allow-Origin', b'*'), (b'Access-Control-Allow-Methods', b'GET, POST, OPTIONS'), (b'Access-Control-Expose-Headers', b'Content-Length,Content-Type,Date,Server,Connection')])
2025-06-19 23:28:48,508 - httpx - INFO - HTTP Request: POST https://api.telegram.org/bot7707158318:AAE8rWa4Q8Z_3avql6K0HAmXaooZAReoNF0/getUpdates "HTTP/1.1 200 OK"
2025-06-19 23:28:48,511 - httpcore.http11 - DEBUG - receive_response_body.started request=<Request [b'POST']>
2025-06-19 23:28:48,511 - httpcore.http11 - DEBUG - receive_response_body.complete
2025-06-19 23:28:48,512 - httpcore.http11 - DEBUG - response_closed.started
2025-06-19 23:28:48,512 - httpcore.http11 - DEBUG - response_closed.complete
2025-06-19 23:28:48,512 - telegram.ext.ExtBot - DEBUG - No new updates found.
2025-06-19 23:28:48,512 - telegram.ext.ExtBot - DEBUG - ()
2025-06-19 23:28:48,512 - telegram.ext.ExtBot - DEBUG - Exiting: get_updates
2025-06-19 23:28:48,512 - telegram.ext.ExtBot - DEBUG - Entering: get_updates
2025-06-19 23:28:48,515 - httpcore.http11 - DEBUG - send_request_headers.started request=<Request [b'POST']>
2025-06-19 23:28:48,515 - httpcore.http11 - DEBUG - send_request_headers.complete
2025-06-19 23:28:48,517 - httpcore.http11 - DEBUG - send_request_body.started request=<Request [b'POST']>
2025-06-19 23:28:48,517 - httpcore.http11 - DEBUG - send_request_body.complete
2025-06-19 23:28:48,517 - httpcore.http11 - DEBUG - receive_response_headers.started request=<Request [b'POST']>
2025-06-19 23:28:58,597 - httpcore.http11 - DEBUG - receive_response_headers.complete return_value=(b'HTTP/1.1', 200, b'OK', [(b'Server', b'nginx/1.18.0'), (b'Date', b'Thu, 19 Jun 2025 22:28:58 GMT'), (b'Content-Type', b'application/json'), (b'Content-Length', b'23'), (b'Connection', b'keep-alive'), (b'Strict-Transport-Security', b'max-age=31536000; includeSubDomains; preload'), (b'Access-Control-Allow-Origin', b'*'), (b'Access-Control-Allow-Methods', b'GET, POST, OPTIONS'), (b'Access-Control-Expose-Headers', b'Content-Length,Content-Type,Date,Server,Connection')])
2025-06-19 23:28:58,599 - httpx - INFO - HTTP Request: POST https://api.telegram.org/bot7707158318:AAE8rWa4Q8Z_3avql6K0HAmXaooZAReoNF0/getUpdates "HTTP/1.1 200 OK"
2025-06-19 23:28:58,600 - httpcore.http11 - DEBUG - receive_response_body.started request=<Request [b'POST']>
2025-06-19 23:28:58,600 - httpcore.http11 - DEBUG - receive_response_body.complete
2025-06-19 23:28:58,601 - httpcore.http11 - DEBUG - response_closed.started
2025-06-19 23:28:58,601 - httpcore.http11 - DEBUG - response_closed.complete
2025-06-19 23:28:58,601 - telegram.ext.ExtBot - DEBUG - No new updates found.
2025-06-19 23:28:58,602 - telegram.ext.ExtBot - DEBUG - ()
2025-06-19 23:28:58,602 - telegram.ext.ExtBot - DEBUG - Exiting: get_updates
2025-06-19 23:28:58,602 - telegram.ext.ExtBot - DEBUG - Entering: get_updates
2025-06-19 23:28:58,604 - httpcore.http11 - DEBUG - send_request_headers.started request=<Request [b'POST']>
2025-06-19 23:28:58,604 - httpcore.http11 - DEBUG - send_request_headers.complete
2025-06-19 23:28:58,604 - httpcore.http11 - DEBUG - send_request_body.started request=<Request [b'POST']>
2025-06-19 23:28:58,606 - httpcore.http11 - DEBUG - send_request_body.complete
2025-06-19 23:28:58,606 - httpcore.http11 - DEBUG - receive_response_headers.started request=<Request [b'POST']>
2025-06-19 23:29:08,725 - httpcore.http11 - DEBUG - receive_response_headers.complete return_value=(b'HTTP/1.1', 200, b'OK', [(b'Server', b'nginx/1.18.0'), (b'Date', b'Thu, 19 Jun 2025 22:29:08 GMT'), (b'Content-Type', b'application/json'), (b'Content-Length', b'23'), (b'Connection', b'keep-alive'), (b'Strict-Transport-Security', b'max-age=31536000; includeSubDomains; preload'), (b'Access-Control-Allow-Origin', b'*'), (b'Access-Control-Allow-Methods', b'GET, POST, OPTIONS'), (b'Access-Control-Expose-Headers', b'Content-Length,Content-Type,Date,Server,Connection')])
2025-06-19 23:29:08,726 - httpx - INFO - HTTP Request: POST https://api.telegram.org/bot7707158318:AAE8rWa4Q8Z_3avql6K0HAmXaooZAReoNF0/getUpdates "HTTP/1.1 200 OK"
2025-06-19 23:29:08,728 - httpcore.http11 - DEBUG - receive_response_body.started request=<Request [b'POST']>
2025-06-19 23:29:08,728 - httpcore.http11 - DEBUG - receive_response_body.complete
2025-06-19 23:29:08,728 - httpcore.http11 - DEBUG - response_closed.started
2025-06-19 23:29:08,728 - httpcore.http11 - DEBUG - response_closed.complete
2025-06-19 23:29:08,728 - telegram.ext.ExtBot - DEBUG - No new updates found.
2025-06-19 23:29:08,728 - telegram.ext.ExtBot - DEBUG - ()
2025-06-19 23:29:08,728 - telegram.ext.ExtBot - DEBUG - Exiting: get_updates
2025-06-19 23:29:08,728 - telegram.ext.ExtBot - DEBUG - Entering: get_updates
2025-06-19 23:29:08,728 - httpcore.http11 - DEBUG - send_request_headers.started request=<Request [b'POST']>
2025-06-19 23:29:08,728 - httpcore.http11 - DEBUG - send_request_headers.complete
2025-06-19 23:29:08,728 - httpcore.http11 - DEBUG - send_request_body.started request=<Request [b'POST']>
2025-06-19 23:29:08,736 - httpcore.http11 - DEBUG - send_request_body.complete
2025-06-19 23:29:08,736 - httpcore.http11 - DEBUG - receive_response_headers.started request=<Request [b'POST']>
2025-06-19 23:29:19,170 - httpcore.http11 - DEBUG - receive_response_headers.complete return_value=(b'HTTP/1.1', 200, b'OK', [(b'Server', b'nginx/1.18.0'), (b'Date', b'Thu, 19 Jun 2025 22:29:18 GMT'), (b'Content-Type', b'application/json'), (b'Content-Length', b'23'), (b'Connection', b'keep-alive'), (b'Strict-Transport-Security', b'max-age=31536000; includeSubDomains; preload'), (b'Access-Control-Allow-Origin', b'*'), (b'Access-Control-Allow-Methods', b'GET, POST, OPTIONS'), (b'Access-Control-Expose-Headers', b'Content-Length,Content-Type,Date,Server,Connection')])
2025-06-19 23:29:19,172 - httpx - INFO - HTTP Request: POST https://api.telegram.org/bot7707158318:AAE8rWa4Q8Z_3avql6K0HAmXaooZAReoNF0/getUpdates "HTTP/1.1 200 OK"
2025-06-19 23:29:19,172 - httpcore.http11 - DEBUG - receive_response_body.started request=<Request [b'POST']>
2025-06-19 23:29:19,173 - httpcore.http11 - DEBUG - receive_response_body.complete
2025-06-19 23:29:19,173 - httpcore.http11 - DEBUG - response_closed.started
2025-06-19 23:29:19,174 - httpcore.http11 - DEBUG - response_closed.complete
2025-06-19 23:29:19,176 - telegram.ext.ExtBot - DEBUG - No new updates found.
2025-06-19 23:29:19,176 - telegram.ext.ExtBot - DEBUG - ()
2025-06-19 23:29:19,176 - telegram.ext.ExtBot - DEBUG - Exiting: get_updates
2025-06-19 23:29:19,176 - telegram.ext.ExtBot - DEBUG - Entering: get_updates
2025-06-19 23:29:19,178 - httpcore.http11 - DEBUG - send_request_headers.started request=<Request [b'POST']>
2025-06-19 23:29:19,179 - httpcore.http11 - DEBUG - send_request_headers.complete
2025-06-19 23:29:19,180 - httpcore.http11 - DEBUG - send_request_body.started request=<Request [b'POST']>
2025-06-19 23:29:19,180 - httpcore.http11 - DEBUG - send_request_body.complete
2025-06-19 23:29:19,180 - httpcore.http11 - DEBUG - receive_response_headers.started request=<Request [b'POST']>
2025-06-19 23:29:29,309 - httpcore.http11 - DEBUG - receive_response_headers.complete return_value=(b'HTTP/1.1', 200, b'OK', [(b'Server', b'nginx/1.18.0'), (b'Date', b'Thu, 19 Jun 2025 22:29:29 GMT'), (b'Content-Type', b'application/json'), (b'Content-Length', b'23'), (b'Connection', b'keep-alive'), (b'Strict-Transport-Security', b'max-age=31536000; includeSubDomains; preload'), (b'Access-Control-Allow-Origin', b'*'), (b'Access-Control-Allow-Methods', b'GET, POST, OPTIONS'), (b'Access-Control-Expose-Headers', b'Content-Length,Content-Type,Date,Server,Connection')])
2025-06-19 23:29:29,311 - httpx - INFO - HTTP Request: POST https://api.telegram.org/bot7707158318:AAE8rWa4Q8Z_3avql6K0HAmXaooZAReoNF0/getUpdates "HTTP/1.1 200 OK"
2025-06-19 23:29:29,313 - httpcore.http11 - DEBUG - receive_response_body.started request=<Request [b'POST']>
2025-06-19 23:29:29,314 - httpcore.http11 - DEBUG - receive_response_body.complete
2025-06-19 23:29:29,314 - httpcore.http11 - DEBUG - response_closed.started
2025-06-19 23:29:29,314 - httpcore.http11 - DEBUG - response_closed.complete
2025-06-19 23:29:29,316 - telegram.ext.ExtBot - DEBUG - No new updates found.
2025-06-19 23:29:29,316 - telegram.ext.ExtBot - DEBUG - ()
2025-06-19 23:29:29,316 - telegram.ext.ExtBot - DEBUG - Exiting: get_updates
2025-06-19 23:29:29,316 - telegram.ext.ExtBot - DEBUG - Entering: get_updates
2025-06-19 23:29:29,318 - httpcore.http11 - DEBUG - send_request_headers.started request=<Request [b'POST']>
2025-06-19 23:29:29,320 - httpcore.http11 - DEBUG - send_request_headers.complete
2025-06-19 23:29:29,320 - httpcore.http11 - DEBUG - send_request_body.started request=<Request [b'POST']>
2025-06-19 23:29:29,322 - httpcore.http11 - DEBUG - send_request_body.complete
2025-06-19 23:29:29,322 - httpcore.http11 - DEBUG - receive_response_headers.started request=<Request [b'POST']>
2025-06-19 23:29:39,445 - httpcore.http11 - DEBUG - receive_response_headers.complete return_value=(b'HTTP/1.1', 200, b'OK', [(b'Server', b'nginx/1.18.0'), (b'Date', b'Thu, 19 Jun 2025 22:29:39 GMT'), (b'Content-Type', b'application/json'), (b'Content-Length', b'23'), (b'Connection', b'keep-alive'), (b'Strict-Transport-Security', b'max-age=31536000; includeSubDomains; preload'), (b'Access-Control-Allow-Origin', b'*'), (b'Access-Control-Allow-Methods', b'GET, POST, OPTIONS'), (b'Access-Control-Expose-Headers', b'Content-Length,Content-Type,Date,Server,Connection')])
2025-06-19 23:29:39,445 - httpx - INFO - HTTP Request: POST https://api.telegram.org/bot7707158318:AAE8rWa4Q8Z_3avql6K0HAmXaooZAReoNF0/getUpdates "HTTP/1.1 200 OK"
2025-06-19 23:29:39,445 - httpcore.http11 - DEBUG - receive_response_body.started request=<Request [b'POST']>
2025-06-19 23:29:39,448 - httpcore.http11 - DEBUG - receive_response_body.complete
2025-06-19 23:29:39,449 - httpcore.http11 - DEBUG - response_closed.started
2025-06-19 23:29:39,449 - httpcore.http11 - DEBUG - response_closed.complete
2025-06-19 23:29:39,449 - telegram.ext.ExtBot - DEBUG - No new updates found.
2025-06-19 23:29:39,449 - telegram.ext.ExtBot - DEBUG - ()
2025-06-19 23:29:39,449 - telegram.ext.ExtBot - DEBUG - Exiting: get_updates
2025-06-19 23:29:39,449 - telegram.ext.ExtBot - DEBUG - Entering: get_updates
2025-06-19 23:29:39,451 - httpcore.http11 - DEBUG - send_request_headers.started request=<Request [b'POST']>
2025-06-19 23:29:39,451 - httpcore.http11 - DEBUG - send_request_headers.complete
2025-06-19 23:29:39,451 - httpcore.http11 - DEBUG - send_request_body.started request=<Request [b'POST']>
2025-06-19 23:29:39,451 - httpcore.http11 - DEBUG - send_request_body.complete
2025-06-19 23:29:39,451 - httpcore.http11 - DEBUG - receive_response_headers.started request=<Request [b'POST']>
2025-06-19 23:29:49,684 - httpcore.http11 - DEBUG - receive_response_headers.complete return_value=(b'HTTP/1.1', 200, b'OK', [(b'Server', b'nginx/1.18.0'), (b'Date', b'Thu, 19 Jun 2025 22:29:49 GMT'), (b'Content-Type', b'application/json'), (b'Content-Length', b'23'), (b'Connection', b'keep-alive'), (b'Strict-Transport-Security', b'max-age=31536000; includeSubDomains; preload'), (b'Access-Control-Allow-Origin', b'*'), (b'Access-Control-Allow-Methods', b'GET, POST, OPTIONS'), (b'Access-Control-Expose-Headers', b'Content-Length,Content-Type,Date,Server,Connection')])
2025-06-19 23:29:49,686 - httpx - INFO - HTTP Request: POST https://api.telegram.org/bot7707158318:AAE8rWa4Q8Z_3avql6K0HAmXaooZAReoNF0/getUpdates "HTTP/1.1 200 OK"
2025-06-19 23:29:49,688 - httpcore.http11 - DEBUG - receive_response_body.started request=<Request [b'POST']>
2025-06-19 23:29:49,688 - httpcore.http11 - DEBUG - receive_response_body.complete
2025-06-19 23:29:49,688 - httpcore.http11 - DEBUG - response_closed.started
2025-06-19 23:29:49,689 - httpcore.http11 - DEBUG - response_closed.complete
2025-06-19 23:29:49,689 - telegram.ext.ExtBot - DEBUG - No new updates found.
2025-06-19 23:29:49,689 - telegram.ext.ExtBot - DEBUG - ()
2025-06-19 23:29:49,689 - telegram.ext.ExtBot - DEBUG - Exiting: get_updates
2025-06-19 23:29:49,689 - telegram.ext.ExtBot - DEBUG - Entering: get_updates
2025-06-19 23:29:49,691 - httpcore.http11 - DEBUG - send_request_headers.started request=<Request [b'POST']>
2025-06-19 23:29:49,693 - httpcore.http11 - DEBUG - send_request_headers.complete
2025-06-19 23:29:49,693 - httpcore.http11 - DEBUG - send_request_body.started request=<Request [b'POST']>
2025-06-19 23:29:49,693 - httpcore.http11 - DEBUG - send_request_body.complete
2025-06-19 23:29:49,693 - httpcore.http11 - DEBUG - receive_response_headers.started request=<Request [b'POST']>
2025-06-19 23:29:59,778 - httpcore.http11 - DEBUG - receive_response_headers.complete return_value=(b'HTTP/1.1', 200, b'OK', [(b'Server', b'nginx/1.18.0'), (b'Date', b'Thu, 19 Jun 2025 22:29:59 GMT'), (b'Content-Type', b'application/json'), (b'Content-Length', b'23'), (b'Connection', b'keep-alive'), (b'Strict-Transport-Security', b'max-age=31536000; includeSubDomains; preload'), (b'Access-Control-Allow-Origin', b'*'), (b'Access-Control-Allow-Methods', b'GET, POST, OPTIONS'), (b'Access-Control-Expose-Headers', b'Content-Length,Content-Type,Date,Server,Connection')])
2025-06-19 23:29:59,780 - httpx - INFO - HTTP Request: POST https://api.telegram.org/bot7707158318:AAE8rWa4Q8Z_3avql6K0HAmXaooZAReoNF0/getUpdates "HTTP/1.1 200 OK"
2025-06-19 23:29:59,782 - httpcore.http11 - DEBUG - receive_response_body.started request=<Request [b'POST']>
2025-06-19 23:29:59,782 - httpcore.http11 - DEBUG - receive_response_body.complete
2025-06-19 23:29:59,782 - httpcore.http11 - DEBUG - response_closed.started
2025-06-19 23:29:59,782 - httpcore.http11 - DEBUG - response_closed.complete
2025-06-19 23:29:59,784 - telegram.ext.ExtBot - DEBUG - No new updates found.
2025-06-19 23:29:59,784 - telegram.ext.ExtBot - DEBUG - ()
2025-06-19 23:29:59,784 - telegram.ext.ExtBot - DEBUG - Exiting: get_updates
2025-06-19 23:29:59,784 - telegram.ext.ExtBot - DEBUG - Entering: get_updates
2025-06-19 23:29:59,786 - httpcore.http11 - DEBUG - send_request_headers.started request=<Request [b'POST']>
2025-06-19 23:29:59,788 - httpcore.http11 - DEBUG - send_request_headers.complete
2025-06-19 23:29:59,788 - httpcore.http11 - DEBUG - send_request_body.started request=<Request [b'POST']>
2025-06-19 23:29:59,788 - httpcore.http11 - DEBUG - send_request_body.complete
2025-06-19 23:29:59,788 - httpcore.http11 - DEBUG - receive_response_headers.started request=<Request [b'POST']>
2025-06-19 23:30:09,877 - httpcore.http11 - DEBUG - receive_response_headers.complete return_value=(b'HTTP/1.1', 200, b'OK', [(b'Server', b'nginx/1.18.0'), (b'Date', b'Thu, 19 Jun 2025 22:30:09 GMT'), (b'Content-Type', b'application/json'), (b'Content-Length', b'23'), (b'Connection', b'keep-alive'), (b'Strict-Transport-Security', b'max-age=31536000; includeSubDomains; preload'), (b'Access-Control-Allow-Origin', b'*'), (b'Access-Control-Allow-Methods', b'GET, POST, OPTIONS'), (b'Access-Control-Expose-Headers', b'Content-Length,Content-Type,Date,Server,Connection')])
2025-06-19 23:30:09,884 - httpx - INFO - HTTP Request: POST https://api.telegram.org/bot7707158318:AAE8rWa4Q8Z_3avql6K0HAmXaooZAReoNF0/getUpdates "HTTP/1.1 200 OK"
2025-06-19 23:30:09,885 - httpcore.http11 - DEBUG - receive_response_body.started request=<Request [b'POST']>
2025-06-19 23:30:09,885 - httpcore.http11 - DEBUG - receive_response_body.complete
2025-06-19 23:30:09,885 - httpcore.http11 - DEBUG - response_closed.started
2025-06-19 23:30:09,885 - httpcore.http11 - DEBUG - response_closed.complete
2025-06-19 23:30:09,885 - telegram.ext.ExtBot - DEBUG - No new updates found.
2025-06-19 23:30:09,885 - telegram.ext.ExtBot - DEBUG - ()
2025-06-19 23:30:09,885 - telegram.ext.ExtBot - DEBUG - Exiting: get_updates
2025-06-19 23:30:09,885 - telegram.ext.ExtBot - DEBUG - Entering: get_updates
2025-06-19 23:30:09,891 - httpcore.http11 - DEBUG - send_request_headers.started request=<Request [b'POST']>
2025-06-19 23:30:09,892 - httpcore.http11 - DEBUG - send_request_headers.complete
2025-06-19 23:30:09,892 - httpcore.http11 - DEBUG - send_request_body.started request=<Request [b'POST']>
2025-06-19 23:30:09,892 - httpcore.http11 - DEBUG - send_request_body.complete
2025-06-19 23:30:09,892 - httpcore.http11 - DEBUG - receive_response_headers.started request=<Request [b'POST']>
2025-06-19 23:30:20,101 - httpcore.http11 - DEBUG - receive_response_headers.complete return_value=(b'HTTP/1.1', 200, b'OK', [(b'Server', b'nginx/1.18.0'), (b'Date', b'Thu, 19 Jun 2025 22:30:19 GMT'), (b'Content-Type', b'application/json'), (b'Content-Length', b'23'), (b'Connection', b'keep-alive'), (b'Strict-Transport-Security', b'max-age=31536000; includeSubDomains; preload'), (b'Access-Control-Allow-Origin', b'*'), (b'Access-Control-Allow-Methods', b'GET, POST, OPTIONS'), (b'Access-Control-Expose-Headers', b'Content-Length,Content-Type,Date,Server,Connection')])
2025-06-19 23:30:20,102 - httpx - INFO - HTTP Request: POST https://api.telegram.org/bot7707158318:AAE8rWa4Q8Z_3avql6K0HAmXaooZAReoNF0/getUpdates "HTTP/1.1 200 OK"
2025-06-19 23:30:20,103 - httpcore.http11 - DEBUG - receive_response_body.started request=<Request [b'POST']>
2025-06-19 23:30:20,105 - httpcore.http11 - DEBUG - receive_response_body.complete
2025-06-19 23:30:20,105 - httpcore.http11 - DEBUG - response_closed.started
2025-06-19 23:30:20,106 - httpcore.http11 - DEBUG - response_closed.complete
2025-06-19 23:30:20,107 - telegram.ext.ExtBot - DEBUG - No new updates found.
2025-06-19 23:30:20,107 - telegram.ext.ExtBot - DEBUG - ()
2025-06-19 23:30:20,107 - telegram.ext.ExtBot - DEBUG - Exiting: get_updates
2025-06-19 23:30:20,107 - telegram.ext.ExtBot - DEBUG - Entering: get_updates
2025-06-19 23:30:20,112 - httpcore.http11 - DEBUG - send_request_headers.started request=<Request [b'POST']>
2025-06-19 23:30:20,113 - httpcore.http11 - DEBUG - send_request_headers.complete
2025-06-19 23:30:20,114 - httpcore.http11 - DEBUG - send_request_body.started request=<Request [b'POST']>
2025-06-19 23:30:20,115 - httpcore.http11 - DEBUG - send_request_body.complete
2025-06-19 23:30:20,115 - httpcore.http11 - DEBUG - receive_response_headers.started request=<Request [b'POST']>
2025-06-19 23:30:30,439 - httpcore.http11 - DEBUG - receive_response_headers.complete return_value=(b'HTTP/1.1', 200, b'OK', [(b'Server', b'nginx/1.18.0'), (b'Date', b'Thu, 19 Jun 2025 22:30:30 GMT'), (b'Content-Type', b'application/json'), (b'Content-Length', b'23'), (b'Connection', b'keep-alive'), (b'Strict-Transport-Security', b'max-age=31536000; includeSubDomains; preload'), (b'Access-Control-Allow-Origin', b'*'), (b'Access-Control-Allow-Methods', b'GET, POST, OPTIONS'), (b'Access-Control-Expose-Headers', b'Content-Length,Content-Type,Date,Server,Connection')])
2025-06-19 23:30:30,444 - httpx - INFO - HTTP Request: POST https://api.telegram.org/bot7707158318:AAE8rWa4Q8Z_3avql6K0HAmXaooZAReoNF0/getUpdates "HTTP/1.1 200 OK"
2025-06-19 23:30:30,444 - httpcore.http11 - DEBUG - receive_response_body.started request=<Request [b'POST']>
2025-06-19 23:30:30,446 - httpcore.http11 - DEBUG - receive_response_body.complete
2025-06-19 23:30:30,446 - httpcore.http11 - DEBUG - response_closed.started
2025-06-19 23:30:30,446 - httpcore.http11 - DEBUG - response_closed.complete
2025-06-19 23:30:30,448 - telegram.ext.ExtBot - DEBUG - No new updates found.
2025-06-19 23:30:30,448 - telegram.ext.ExtBot - DEBUG - ()
2025-06-19 23:30:30,448 - telegram.ext.ExtBot - DEBUG - Exiting: get_updates
2025-06-19 23:30:30,448 - telegram.ext.ExtBot - DEBUG - Entering: get_updates
2025-06-19 23:30:30,449 - httpcore.http11 - DEBUG - send_request_headers.started request=<Request [b'POST']>
2025-06-19 23:30:30,451 - httpcore.http11 - DEBUG - send_request_headers.complete
2025-06-19 23:30:30,451 - httpcore.http11 - DEBUG - send_request_body.started request=<Request [b'POST']>
2025-06-19 23:30:30,452 - httpcore.http11 - DEBUG - send_request_body.complete
2025-06-19 23:30:30,452 - httpcore.http11 - DEBUG - receive_response_headers.started request=<Request [b'POST']>
2025-06-19 23:30:40,577 - httpcore.http11 - DEBUG - receive_response_headers.complete return_value=(b'HTTP/1.1', 200, b'OK', [(b'Server', b'nginx/1.18.0'), (b'Date', b'Thu, 19 Jun 2025 22:30:40 GMT'), (b'Content-Type', b'application/json'), (b'Content-Length', b'23'), (b'Connection', b'keep-alive'), (b'Strict-Transport-Security', b'max-age=31536000; includeSubDomains; preload'), (b'Access-Control-Allow-Origin', b'*'), (b'Access-Control-Allow-Methods', b'GET, POST, OPTIONS'), (b'Access-Control-Expose-Headers', b'Content-Length,Content-Type,Date,Server,Connection')])
2025-06-19 23:30:40,577 - httpx - INFO - HTTP Request: POST https://api.telegram.org/bot7707158318:AAE8rWa4Q8Z_3avql6K0HAmXaooZAReoNF0/getUpdates "HTTP/1.1 200 OK"
2025-06-19 23:30:40,580 - httpcore.http11 - DEBUG - receive_response_body.started request=<Request [b'POST']>
2025-06-19 23:30:40,580 - httpcore.http11 - DEBUG - receive_response_body.complete
2025-06-19 23:30:40,580 - httpcore.http11 - DEBUG - response_closed.started
2025-06-19 23:30:40,580 - httpcore.http11 - DEBUG - response_closed.complete
2025-06-19 23:30:40,580 - telegram.ext.ExtBot - DEBUG - No new updates found.
2025-06-19 23:30:40,580 - telegram.ext.ExtBot - DEBUG - ()
2025-06-19 23:30:40,580 - telegram.ext.ExtBot - DEBUG - Exiting: get_updates
2025-06-19 23:30:40,580 - telegram.ext.ExtBot - DEBUG - Entering: get_updates
2025-06-19 23:30:40,580 - httpcore.http11 - DEBUG - send_request_headers.started request=<Request [b'POST']>
2025-06-19 23:30:40,587 - httpcore.http11 - DEBUG - send_request_headers.complete
2025-06-19 23:30:40,587 - httpcore.http11 - DEBUG - send_request_body.started request=<Request [b'POST']>
2025-06-19 23:30:40,588 - httpcore.http11 - DEBUG - send_request_body.complete
2025-06-19 23:30:40,588 - httpcore.http11 - DEBUG - receive_response_headers.started request=<Request [b'POST']>
2025-06-19 23:30:50,662 - httpcore.http11 - DEBUG - receive_response_headers.complete return_value=(b'HTTP/1.1', 200, b'OK', [(b'Server', b'nginx/1.18.0'), (b'Date', b'Thu, 19 Jun 2025 22:30:50 GMT'), (b'Content-Type', b'application/json'), (b'Content-Length', b'23'), (b'Connection', b'keep-alive'), (b'Strict-Transport-Security', b'max-age=31536000; includeSubDomains; preload'), (b'Access-Control-Allow-Origin', b'*'), (b'Access-Control-Allow-Methods', b'GET, POST, OPTIONS'), (b'Access-Control-Expose-Headers', b'Content-Length,Content-Type,Date,Server,Connection')])
2025-06-19 23:30:50,664 - httpx - INFO - HTTP Request: POST https://api.telegram.org/bot7707158318:AAE8rWa4Q8Z_3avql6K0HAmXaooZAReoNF0/getUpdates "HTTP/1.1 200 OK"
2025-06-19 23:30:50,664 - httpcore.http11 - DEBUG - receive_response_body.started request=<Request [b'POST']>
2025-06-19 23:30:50,666 - httpcore.http11 - DEBUG - receive_response_body.complete
2025-06-19 23:30:50,666 - httpcore.http11 - DEBUG - response_closed.started
2025-06-19 23:30:50,666 - httpcore.http11 - DEBUG - response_closed.complete
2025-06-19 23:30:50,667 - telegram.ext.ExtBot - DEBUG - No new updates found.
2025-06-19 23:30:50,667 - telegram.ext.ExtBot - DEBUG - ()
2025-06-19 23:30:50,667 - telegram.ext.ExtBot - DEBUG - Exiting: get_updates
2025-06-19 23:30:50,667 - telegram.ext.ExtBot - DEBUG - Entering: get_updates
2025-06-19 23:30:50,669 - httpcore.http11 - DEBUG - send_request_headers.started request=<Request [b'POST']>
2025-06-19 23:30:50,670 - httpcore.http11 - DEBUG - send_request_headers.complete
2025-06-19 23:30:50,670 - httpcore.http11 - DEBUG - send_request_body.started request=<Request [b'POST']>
2025-06-19 23:30:50,671 - httpcore.http11 - DEBUG - send_request_body.complete
2025-06-19 23:30:50,671 - httpcore.http11 - DEBUG - receive_response_headers.started request=<Request [b'POST']>
2025-06-19 23:31:00,951 - httpcore.http11 - DEBUG - receive_response_headers.complete return_value=(b'HTTP/1.1', 200, b'OK', [(b'Server', b'nginx/1.18.0'), (b'Date', b'Thu, 19 Jun 2025 22:31:00 GMT'), (b'Content-Type', b'application/json'), (b'Content-Length', b'23'), (b'Connection', b'keep-alive'), (b'Strict-Transport-Security', b'max-age=31536000; includeSubDomains; preload'), (b'Access-Control-Allow-Origin', b'*'), (b'Access-Control-Allow-Methods', b'GET, POST, OPTIONS'), (b'Access-Control-Expose-Headers', b'Content-Length,Content-Type,Date,Server,Connection')])
2025-06-19 23:31:00,951 - httpx - INFO - HTTP Request: POST https://api.telegram.org/bot7707158318:AAE8rWa4Q8Z_3avql6K0HAmXaooZAReoNF0/getUpdates "HTTP/1.1 200 OK"
2025-06-19 23:31:00,951 - httpcore.http11 - DEBUG - receive_response_body.started request=<Request [b'POST']>
2025-06-19 23:31:00,951 - httpcore.http11 - DEBUG - receive_response_body.complete
2025-06-19 23:31:00,951 - httpcore.http11 - DEBUG - response_closed.started
2025-06-19 23:31:00,951 - httpcore.http11 - DEBUG - response_closed.complete
2025-06-19 23:31:00,958 - telegram.ext.ExtBot - DEBUG - No new updates found.
2025-06-19 23:31:00,958 - telegram.ext.ExtBot - DEBUG - ()
2025-06-19 23:31:00,958 - telegram.ext.ExtBot - DEBUG - Exiting: get_updates
2025-06-19 23:31:00,958 - telegram.ext.ExtBot - DEBUG - Entering: get_updates
2025-06-19 23:31:00,960 - httpcore.http11 - DEBUG - send_request_headers.started request=<Request [b'POST']>
2025-06-19 23:31:00,960 - httpcore.http11 - DEBUG - send_request_headers.complete
2025-06-19 23:31:00,960 - httpcore.http11 - DEBUG - send_request_body.started request=<Request [b'POST']>
2025-06-19 23:31:00,961 - httpcore.http11 - DEBUG - send_request_body.complete
2025-06-19 23:31:00,962 - httpcore.http11 - DEBUG - receive_response_headers.started request=<Request [b'POST']>
2025-06-19 23:31:11,090 - httpcore.http11 - DEBUG - receive_response_headers.complete return_value=(b'HTTP/1.1', 200, b'OK', [(b'Server', b'nginx/1.18.0'), (b'Date', b'Thu, 19 Jun 2025 22:31:11 GMT'), (b'Content-Type', b'application/json'), (b'Content-Length', b'23'), (b'Connection', b'keep-alive'), (b'Strict-Transport-Security', b'max-age=31536000; includeSubDomains; preload'), (b'Access-Control-Allow-Origin', b'*'), (b'Access-Control-Allow-Methods', b'GET, POST, OPTIONS'), (b'Access-Control-Expose-Headers', b'Content-Length,Content-Type,Date,Server,Connection')])
2025-06-19 23:31:11,092 - httpx - INFO - HTTP Request: POST https://api.telegram.org/bot7707158318:AAE8rWa4Q8Z_3avql6K0HAmXaooZAReoNF0/getUpdates "HTTP/1.1 200 OK"
2025-06-19 23:31:11,102 - httpcore.http11 - DEBUG - receive_response_body.started request=<Request [b'POST']>
2025-06-19 23:31:11,102 - httpcore.http11 - DEBUG - receive_response_body.complete
2025-06-19 23:31:11,102 - httpcore.http11 - DEBUG - response_closed.started
2025-06-19 23:31:11,102 - httpcore.http11 - DEBUG - response_closed.complete
2025-06-19 23:31:11,104 - telegram.ext.ExtBot - DEBUG - No new updates found.
2025-06-19 23:31:11,104 - telegram.ext.ExtBot - DEBUG - ()
2025-06-19 23:31:11,106 - telegram.ext.ExtBot - DEBUG - Exiting: get_updates
2025-06-19 23:31:11,106 - telegram.ext.ExtBot - DEBUG - Entering: get_updates
2025-06-19 23:31:11,108 - httpcore.http11 - DEBUG - send_request_headers.started request=<Request [b'POST']>
2025-06-19 23:31:11,110 - httpcore.http11 - DEBUG - send_request_headers.complete
2025-06-19 23:31:11,110 - httpcore.http11 - DEBUG - send_request_body.started request=<Request [b'POST']>
2025-06-19 23:31:11,110 - httpcore.http11 - DEBUG - send_request_body.complete
2025-06-19 23:31:11,112 - httpcore.http11 - DEBUG - receive_response_headers.started request=<Request [b'POST']>
2025-06-19 23:31:23,115 - httpcore.http11 - DEBUG - receive_response_headers.failed exception=ReadTimeout(TimeoutError())
2025-06-19 23:31:23,115 - httpcore.http11 - DEBUG - response_closed.started
2025-06-19 23:31:23,117 - httpcore.http11 - DEBUG - response_closed.complete
2025-06-19 23:31:23,117 - telegram.ext.Updater - DEBUG - Timed out getting Updates: Timed out
2025-06-19 23:31:23,118 - telegram.ext.ExtBot - DEBUG - Entering: get_updates
2025-06-19 23:31:23,120 - httpcore.connection - DEBUG - connect_tcp.started host='api.telegram.org' port=443 local_address=None timeout=5.0 socket_options=None
2025-06-19 23:31:28,136 - httpcore.connection - DEBUG - connect_tcp.failed exception=ConnectTimeout(TimeoutError())
2025-06-19 23:31:28,138 - telegram.ext.Updater - DEBUG - Timed out getting Updates: Timed out
2025-06-19 23:31:28,138 - telegram.ext.ExtBot - DEBUG - Entering: get_updates
2025-06-19 23:31:28,141 - httpcore.connection - DEBUG - connect_tcp.started host='api.telegram.org' port=443 local_address=None timeout=5.0 socket_options=None
2025-06-19 23:31:33,136 - httpcore.connection - DEBUG - connect_tcp.failed exception=ConnectTimeout(TimeoutError())
2025-06-19 23:31:33,138 - telegram.ext.Updater - DEBUG - Timed out getting Updates: Timed out
2025-06-19 23:31:33,140 - telegram.ext.ExtBot - DEBUG - Entering: get_updates
2025-06-19 23:31:33,141 - httpcore.connection - DEBUG - connect_tcp.started host='api.telegram.org' port=443 local_address=None timeout=5.0 socket_options=None
2025-06-19 23:31:34,262 - httpcore.connection - DEBUG - connect_tcp.failed exception=ConnectError(gaierror(11001, 'getaddrinfo failed'))
2025-06-19 23:31:34,262 - telegram.ext.Updater - ERROR - Error while getting Updates: httpx.ConnectError: [Errno 11001] getaddrinfo failed
2025-06-19 23:31:34,265 - telegram.ext.Application - ERROR - No error handlers are registered, logging exception.
Traceback (most recent call last):
  File "c:\Users\Rachid Aitali\OneDrive - 4JM Solutions Limited\Desktop\SniperX\SniperX\.venv\lib\site-packages\httpcore\_exceptions.py", line 10, in map_exceptions
    yield
  File "c:\Users\Rachid Aitali\OneDrive - 4JM Solutions Limited\Desktop\SniperX\SniperX\.venv\lib\site-packages\httpcore\_backends\anyio.py", line 114, in connect_tcp
    stream: anyio.abc.ByteStream = await anyio.connect_tcp(
  File "c:\Users\Rachid Aitali\OneDrive - 4JM Solutions Limited\Desktop\SniperX\SniperX\.venv\lib\site-packages\anyio\_core\_sockets.py", line 208, in connect_tcp
    gai_res = await getaddrinfo(
  File "c:\Users\Rachid Aitali\OneDrive - 4JM Solutions Limited\Desktop\SniperX\SniperX\.venv\lib\site-packages\anyio\_core\_sockets.py", line 584, in getaddrinfo
    gai_res = await get_async_backend().getaddrinfo(
  File "c:\Users\Rachid Aitali\OneDrive - 4JM Solutions Limited\Desktop\SniperX\SniperX\.venv\lib\site-packages\anyio\_backends\_asyncio.py", line 2692, in getaddrinfo
    return await get_running_loop().getaddrinfo(
  File "C:\Users\Rachid Aitali\AppData\Local\Programs\Python\Python310\lib\asyncio\base_events.py", line 863, in getaddrinfo
    return await self.run_in_executor(
  File "C:\Users\Rachid Aitali\AppData\Local\Programs\Python\Python310\lib\concurrent\futures\thread.py", line 58, in run
    result = self.fn(*self.args, **self.kwargs)
  File "C:\Users\Rachid Aitali\AppData\Local\Programs\Python\Python310\lib\socket.py", line 955, in getaddrinfo
    for res in _socket.getaddrinfo(host, port, family, type, proto, flags):
socket.gaierror: [Errno 11001] getaddrinfo failed

The above exception was the direct cause of the following exception:

Traceback (most recent call last):
  File "c:\Users\Rachid Aitali\OneDrive - 4JM Solutions Limited\Desktop\SniperX\SniperX\.venv\lib\site-packages\httpx\_transports\default.py", line 60, in map_httpcore_exceptions
    yield
  File "c:\Users\Rachid Aitali\OneDrive - 4JM Solutions Limited\Desktop\SniperX\SniperX\.venv\lib\site-packages\httpx\_transports\default.py", line 353, in handle_async_request
    resp = await self._pool.handle_async_request(req)
  File "c:\Users\Rachid Aitali\OneDrive - 4JM Solutions Limited\Desktop\SniperX\SniperX\.venv\lib\site-packages\httpcore\_async\connection_pool.py", line 262, in handle_async_request
    raise exc
  File "c:\Users\Rachid Aitali\OneDrive - 4JM Solutions Limited\Desktop\SniperX\SniperX\.venv\lib\site-packages\httpcore\_async\connection_pool.py", line 245, in handle_async_request
    response = await connection.handle_async_request(request)
  File "c:\Users\Rachid Aitali\OneDrive - 4JM Solutions Limited\Desktop\SniperX\SniperX\.venv\lib\site-packages\httpcore\_async\connection.py", line 92, in handle_async_request
    raise exc
  File "c:\Users\Rachid Aitali\OneDrive - 4JM Solutions Limited\Desktop\SniperX\SniperX\.venv\lib\site-packages\httpcore\_async\connection.py", line 69, in handle_async_request
    stream = await self._connect(request)
  File "c:\Users\Rachid Aitali\OneDrive - 4JM Solutions Limited\Desktop\SniperX\SniperX\.venv\lib\site-packages\httpcore\_async\connection.py", line 117, in _connect
    stream = await self._network_backend.connect_tcp(**kwargs)
  File "c:\Users\Rachid Aitali\OneDrive - 4JM Solutions Limited\Desktop\SniperX\SniperX\.venv\lib\site-packages\httpcore\_backends\auto.py", line 31, in connect_tcp
    return await self._backend.connect_tcp(
  File "c:\Users\Rachid Aitali\OneDrive - 4JM Solutions Limited\Desktop\SniperX\SniperX\.venv\lib\site-packages\httpcore\_backends\anyio.py", line 112, in connect_tcp
    with map_exceptions(exc_map):
  File "C:\Users\Rachid Aitali\AppData\Local\Programs\Python\Python310\lib\contextlib.py", line 153, in __exit__
    self.gen.throw(typ, value, traceback)
  File "c:\Users\Rachid Aitali\OneDrive - 4JM Solutions Limited\Desktop\SniperX\SniperX\.venv\lib\site-packages\httpcore\_exceptions.py", line 14, in map_exceptions
    raise to_exc(exc) from exc
httpcore.ConnectError: [Errno 11001] getaddrinfo failed

The above exception was the direct cause of the following exception:

Traceback (most recent call last):
  File "c:\Users\Rachid Aitali\OneDrive - 4JM Solutions Limited\Desktop\SniperX\SniperX\.venv\lib\site-packages\telegram\request\_httpxrequest.py", line 219, in do_request
    res = await self._client.request(
  File "c:\Users\Rachid Aitali\OneDrive - 4JM Solutions Limited\Desktop\SniperX\SniperX\.venv\lib\site-packages\httpx\_client.py", line 1530, in request
    return await self.send(request, auth=auth, follow_redirects=follow_redirects)
  File "c:\Users\Rachid Aitali\OneDrive - 4JM Solutions Limited\Desktop\SniperX\SniperX\.venv\lib\site-packages\httpx\_client.py", line 1617, in send
    response = await self._send_handling_auth(
  File "c:\Users\Rachid Aitali\OneDrive - 4JM Solutions Limited\Desktop\SniperX\SniperX\.venv\lib\site-packages\httpx\_client.py", line 1645, in _send_handling_auth
    response = await self._send_handling_redirects(
  File "c:\Users\Rachid Aitali\OneDrive - 4JM Solutions Limited\Desktop\SniperX\SniperX\.venv\lib\site-packages\httpx\_client.py", line 1682, in _send_handling_redirects
    response = await self._send_single_request(request)
  File "c:\Users\Rachid Aitali\OneDrive - 4JM Solutions Limited\Desktop\SniperX\SniperX\.venv\lib\site-packages\httpx\_client.py", line 1719, in _send_single_request
    response = await transport.handle_async_request(request)
  File "c:\Users\Rachid Aitali\OneDrive - 4JM Solutions Limited\Desktop\SniperX\SniperX\.venv\lib\site-packages\httpx\_transports\default.py", line 352, in handle_async_request
    with map_httpcore_exceptions():
  File "C:\Users\Rachid Aitali\AppData\Local\Programs\Python\Python310\lib\contextlib.py", line 153, in __exit__
    self.gen.throw(typ, value, traceback)
  File "c:\Users\Rachid Aitali\OneDrive - 4JM Solutions Limited\Desktop\SniperX\SniperX\.venv\lib\site-packages\httpx\_transports\default.py", line 77, in map_httpcore_exceptions
    raise mapped_exc(message) from exc
httpx.ConnectError: [Errno 11001] getaddrinfo failed

The above exception was the direct cause of the following exception:

Traceback (most recent call last):
  File "c:\Users\Rachid Aitali\OneDrive - 4JM Solutions Limited\Desktop\SniperX\SniperX\.venv\lib\site-packages\telegram\ext\_updater.py", line 628, in _network_loop_retry
    if not await action_cb():
  File "c:\Users\Rachid Aitali\OneDrive - 4JM Solutions Limited\Desktop\SniperX\SniperX\.venv\lib\site-packages\telegram\ext\_updater.py", line 333, in polling_action_cb
    raise exc
  File "c:\Users\Rachid Aitali\OneDrive - 4JM Solutions Limited\Desktop\SniperX\SniperX\.venv\lib\site-packages\telegram\ext\_updater.py", line 322, in polling_action_cb
    updates = await self.bot.get_updates(
  File "c:\Users\Rachid Aitali\OneDrive - 4JM Solutions Limited\Desktop\SniperX\SniperX\.venv\lib\site-packages\telegram\ext\_extbot.py", line 553, in get_updates
    updates = await super().get_updates(
  File "c:\Users\Rachid Aitali\OneDrive - 4JM Solutions Limited\Desktop\SniperX\SniperX\.venv\lib\site-packages\telegram\_bot.py", line 394, in decorator
    result = await func(self, *args, **kwargs)  # skipcq: PYL-E1102
  File "c:\Users\Rachid Aitali\OneDrive - 4JM Solutions Limited\Desktop\SniperX\SniperX\.venv\lib\site-packages\telegram\_bot.py", line 3542, in get_updates
    await self._post(
  File "c:\Users\Rachid Aitali\OneDrive - 4JM Solutions Limited\Desktop\SniperX\SniperX\.venv\lib\site-packages\telegram\_bot.py", line 482, in _post
    return await self._do_post(
  File "c:\Users\Rachid Aitali\OneDrive - 4JM Solutions Limited\Desktop\SniperX\SniperX\.venv\lib\site-packages\telegram\ext\_extbot.py", line 335, in _do_post
    return await super()._do_post(
  File "c:\Users\Rachid Aitali\OneDrive - 4JM Solutions Limited\Desktop\SniperX\SniperX\.venv\lib\site-packages\telegram\_bot.py", line 510, in _do_post
    return await request.post(
  File "c:\Users\Rachid Aitali\OneDrive - 4JM Solutions Limited\Desktop\SniperX\SniperX\.venv\lib\site-packages\telegram\request\_baserequest.py", line 168, in post
    result = await self._request_wrapper(
  File "c:\Users\Rachid Aitali\OneDrive - 4JM Solutions Limited\Desktop\SniperX\SniperX\.venv\lib\site-packages\telegram\request\_baserequest.py", line 288, in _request_wrapper
    raise exc
  File "c:\Users\Rachid Aitali\OneDrive - 4JM Solutions Limited\Desktop\SniperX\SniperX\.venv\lib\site-packages\telegram\request\_baserequest.py", line 278, in _request_wrapper
    code, payload = await self.do_request(
  File "c:\Users\Rachid Aitali\OneDrive - 4JM Solutions Limited\Desktop\SniperX\SniperX\.venv\lib\site-packages\telegram\request\_httpxrequest.py", line 243, in do_request
    raise NetworkError(f"httpx.{err.__class__.__name__}: {err}") from err
telegram.error.NetworkError: httpx.ConnectError: [Errno 11001] getaddrinfo failed
2025-06-19 23:31:35,266 - telegram.ext.ExtBot - DEBUG - Entering: get_updates
2025-06-19 23:31:35,271 - httpcore.connection - DEBUG - connect_tcp.started host='api.telegram.org' port=443 local_address=None timeout=5.0 socket_options=None
2025-06-19 23:31:40,286 - httpcore.connection - DEBUG - connect_tcp.failed exception=ConnectTimeout(TimeoutError())
2025-06-19 23:31:40,286 - telegram.ext.Updater - DEBUG - Timed out getting Updates: Timed out
2025-06-19 23:31:40,288 - telegram.ext.ExtBot - DEBUG - Entering: get_updates
2025-06-19 23:31:40,291 - httpcore.connection - DEBUG - connect_tcp.started host='api.telegram.org' port=443 local_address=None timeout=5.0 socket_options=None
2025-06-19 23:31:44,737 - httpcore.connection - DEBUG - connect_tcp.complete return_value=<httpcore._backends.anyio.AnyIOStream object at 0x00000227C5F762F0>
2025-06-19 23:31:44,737 - httpcore.connection - DEBUG - start_tls.started ssl_context=<ssl.SSLContext object at 0x00000227C8A89C40> server_hostname='api.telegram.org' timeout=5.0
2025-06-19 23:31:46,851 - httpcore.connection - DEBUG - start_tls.complete return_value=<httpcore._backends.anyio.AnyIOStream object at 0x00000227C8B7C730>
2025-06-19 23:31:46,851 - httpcore.http11 - DEBUG - send_request_headers.started request=<Request [b'POST']>
2025-06-19 23:31:46,851 - httpcore.http11 - DEBUG - send_request_headers.complete
2025-06-19 23:31:46,851 - httpcore.http11 - DEBUG - send_request_body.started request=<Request [b'POST']>
2025-06-19 23:31:46,851 - httpcore.http11 - DEBUG - send_request_body.complete
2025-06-19 23:31:46,851 - httpcore.http11 - DEBUG - receive_response_headers.started request=<Request [b'POST']>
2025-06-19 23:31:56,967 - httpcore.http11 - DEBUG - receive_response_headers.complete return_value=(b'HTTP/1.1', 200, b'OK', [(b'Server', b'nginx/1.18.0'), (b'Date', b'Thu, 19 Jun 2025 22:31:56 GMT'), (b'Content-Type', b'application/json'), (b'Content-Length', b'23'), (b'Connection', b'keep-alive'), (b'Strict-Transport-Security', b'max-age=31536000; includeSubDomains; preload'), (b'Access-Control-Allow-Origin', b'*'), (b'Access-Control-Allow-Methods', b'GET, POST, OPTIONS'), (b'Access-Control-Expose-Headers', b'Content-Length,Content-Type,Date,Server,Connection')])
2025-06-19 23:31:56,970 - httpx - INFO - HTTP Request: POST https://api.telegram.org/bot7707158318:AAE8rWa4Q8Z_3avql6K0HAmXaooZAReoNF0/getUpdates "HTTP/1.1 200 OK"
2025-06-19 23:31:56,971 - httpcore.http11 - DEBUG - receive_response_body.started request=<Request [b'POST']>
2025-06-19 23:31:56,971 - httpcore.http11 - DEBUG - receive_response_body.complete
2025-06-19 23:31:56,971 - httpcore.http11 - DEBUG - response_closed.started
2025-06-19 23:31:56,977 - httpcore.http11 - DEBUG - response_closed.complete
2025-06-19 23:31:56,982 - telegram.ext.ExtBot - DEBUG - No new updates found.
2025-06-19 23:31:56,983 - telegram.ext.ExtBot - DEBUG - ()
2025-06-19 23:31:56,983 - telegram.ext.ExtBot - DEBUG - Exiting: get_updates
2025-06-19 23:31:56,983 - telegram.ext.ExtBot - DEBUG - Entering: get_updates
2025-06-19 23:31:57,007 - httpcore.http11 - DEBUG - send_request_headers.started request=<Request [b'POST']>
2025-06-19 23:31:57,014 - httpcore.http11 - DEBUG - send_request_headers.complete
2025-06-19 23:31:57,014 - httpcore.http11 - DEBUG - send_request_body.started request=<Request [b'POST']>
2025-06-19 23:31:57,018 - httpcore.http11 - DEBUG - send_request_body.complete
2025-06-19 23:31:57,018 - httpcore.http11 - DEBUG - receive_response_headers.started request=<Request [b'POST']>
2025-06-19 23:32:07,514 - httpcore.http11 - DEBUG - receive_response_headers.complete return_value=(b'HTTP/1.1', 200, b'OK', [(b'Server', b'nginx/1.18.0'), (b'Date', b'Thu, 19 Jun 2025 22:32:07 GMT'), (b'Content-Type', b'application/json'), (b'Content-Length', b'23'), (b'Connection', b'keep-alive'), (b'Strict-Transport-Security', b'max-age=31536000; includeSubDomains; preload'), (b'Access-Control-Allow-Origin', b'*'), (b'Access-Control-Allow-Methods', b'GET, POST, OPTIONS'), (b'Access-Control-Expose-Headers', b'Content-Length,Content-Type,Date,Server,Connection')])
2025-06-19 23:32:07,515 - httpx - INFO - HTTP Request: POST https://api.telegram.org/bot7707158318:AAE8rWa4Q8Z_3avql6K0HAmXaooZAReoNF0/getUpdates "HTTP/1.1 200 OK"
2025-06-19 23:32:07,628 - httpcore.http11 - DEBUG - receive_response_body.started request=<Request [b'POST']>
2025-06-19 23:32:07,629 - httpcore.http11 - DEBUG - receive_response_body.complete
2025-06-19 23:32:07,630 - httpcore.http11 - DEBUG - response_closed.started
2025-06-19 23:32:07,631 - httpcore.http11 - DEBUG - response_closed.complete
2025-06-19 23:32:07,644 - telegram.ext.ExtBot - DEBUG - No new updates found.
2025-06-19 23:32:07,645 - telegram.ext.ExtBot - DEBUG - ()
2025-06-19 23:32:07,647 - telegram.ext.ExtBot - DEBUG - Exiting: get_updates
2025-06-19 23:32:07,647 - telegram.ext.ExtBot - DEBUG - Entering: get_updates
2025-06-19 23:32:07,659 - httpcore.http11 - DEBUG - send_request_headers.started request=<Request [b'POST']>
2025-06-19 23:32:07,665 - httpcore.http11 - DEBUG - send_request_headers.complete
2025-06-19 23:32:07,665 - httpcore.http11 - DEBUG - send_request_body.started request=<Request [b'POST']>
2025-06-19 23:32:07,675 - httpcore.http11 - DEBUG - send_request_body.complete
2025-06-19 23:32:07,675 - httpcore.http11 - DEBUG - receive_response_headers.started request=<Request [b'POST']>
2025-06-19 23:32:17,769 - httpcore.http11 - DEBUG - receive_response_headers.complete return_value=(b'HTTP/1.1', 200, b'OK', [(b'Server', b'nginx/1.18.0'), (b'Date', b'Thu, 19 Jun 2025 22:32:17 GMT'), (b'Content-Type', b'application/json'), (b'Content-Length', b'23'), (b'Connection', b'keep-alive'), (b'Strict-Transport-Security', b'max-age=31536000; includeSubDomains; preload'), (b'Access-Control-Allow-Origin', b'*'), (b'Access-Control-Allow-Methods', b'GET, POST, OPTIONS'), (b'Access-Control-Expose-Headers', b'Content-Length,Content-Type,Date,Server,Connection')])
2025-06-19 23:32:17,771 - httpx - INFO - HTTP Request: POST https://api.telegram.org/bot7707158318:AAE8rWa4Q8Z_3avql6K0HAmXaooZAReoNF0/getUpdates "HTTP/1.1 200 OK"
2025-06-19 23:32:17,781 - httpcore.http11 - DEBUG - receive_response_body.started request=<Request [b'POST']>
2025-06-19 23:32:17,781 - httpcore.http11 - DEBUG - receive_response_body.complete
2025-06-19 23:32:17,781 - httpcore.http11 - DEBUG - response_closed.started
2025-06-19 23:32:17,781 - httpcore.http11 - DEBUG - response_closed.complete
2025-06-19 23:32:17,781 - telegram.ext.ExtBot - DEBUG - No new updates found.
2025-06-19 23:32:17,781 - telegram.ext.ExtBot - DEBUG - ()
2025-06-19 23:32:17,781 - telegram.ext.ExtBot - DEBUG - Exiting: get_updates
2025-06-19 23:32:17,781 - telegram.ext.ExtBot - DEBUG - Entering: get_updates
2025-06-19 23:32:17,787 - httpcore.http11 - DEBUG - send_request_headers.started request=<Request [b'POST']>
2025-06-19 23:32:17,787 - httpcore.http11 - DEBUG - send_request_headers.complete
2025-06-19 23:32:17,787 - httpcore.http11 - DEBUG - send_request_body.started request=<Request [b'POST']>
2025-06-19 23:32:17,789 - httpcore.http11 - DEBUG - send_request_body.complete
2025-06-19 23:32:17,789 - httpcore.http11 - DEBUG - receive_response_headers.started request=<Request [b'POST']>
2025-06-19 23:32:27,963 - httpcore.http11 - DEBUG - receive_response_headers.complete return_value=(b'HTTP/1.1', 200, b'OK', [(b'Server', b'nginx/1.18.0'), (b'Date', b'Thu, 19 Jun 2025 22:32:27 GMT'), (b'Content-Type', b'application/json'), (b'Content-Length', b'23'), (b'Connection', b'keep-alive'), (b'Strict-Transport-Security', b'max-age=31536000; includeSubDomains; preload'), (b'Access-Control-Allow-Origin', b'*'), (b'Access-Control-Allow-Methods', b'GET, POST, OPTIONS'), (b'Access-Control-Expose-Headers', b'Content-Length,Content-Type,Date,Server,Connection')])
2025-06-19 23:32:27,964 - httpx - INFO - HTTP Request: POST https://api.telegram.org/bot7707158318:AAE8rWa4Q8Z_3avql6K0HAmXaooZAReoNF0/getUpdates "HTTP/1.1 200 OK"
2025-06-19 23:32:27,966 - httpcore.http11 - DEBUG - receive_response_body.started request=<Request [b'POST']>
2025-06-19 23:32:27,967 - httpcore.http11 - DEBUG - receive_response_body.complete
2025-06-19 23:32:27,967 - httpcore.http11 - DEBUG - response_closed.started
2025-06-19 23:32:27,967 - httpcore.http11 - DEBUG - response_closed.complete
2025-06-19 23:32:27,967 - telegram.ext.ExtBot - DEBUG - No new updates found.
2025-06-19 23:32:27,967 - telegram.ext.ExtBot - DEBUG - ()
2025-06-19 23:32:27,967 - telegram.ext.ExtBot - DEBUG - Exiting: get_updates
2025-06-19 23:32:27,967 - telegram.ext.ExtBot - DEBUG - Entering: get_updates
2025-06-19 23:32:27,970 - httpcore.http11 - DEBUG - send_request_headers.started request=<Request [b'POST']>
2025-06-19 23:32:27,972 - httpcore.http11 - DEBUG - send_request_headers.complete
2025-06-19 23:32:27,973 - httpcore.http11 - DEBUG - send_request_body.started request=<Request [b'POST']>
2025-06-19 23:32:27,974 - httpcore.http11 - DEBUG - send_request_body.complete
2025-06-19 23:32:27,974 - httpcore.http11 - DEBUG - receive_response_headers.started request=<Request [b'POST']>
2025-06-19 23:32:38,140 - httpcore.http11 - DEBUG - receive_response_headers.complete return_value=(b'HTTP/1.1', 200, b'OK', [(b'Server', b'nginx/1.18.0'), (b'Date', b'Thu, 19 Jun 2025 22:32:38 GMT'), (b'Content-Type', b'application/json'), (b'Content-Length', b'23'), (b'Connection', b'keep-alive'), (b'Strict-Transport-Security', b'max-age=31536000; includeSubDomains; preload'), (b'Access-Control-Allow-Origin', b'*'), (b'Access-Control-Allow-Methods', b'GET, POST, OPTIONS'), (b'Access-Control-Expose-Headers', b'Content-Length,Content-Type,Date,Server,Connection')])
2025-06-19 23:32:38,143 - httpx - INFO - HTTP Request: POST https://api.telegram.org/bot7707158318:AAE8rWa4Q8Z_3avql6K0HAmXaooZAReoNF0/getUpdates "HTTP/1.1 200 OK"
2025-06-19 23:32:38,144 - httpcore.http11 - DEBUG - receive_response_body.started request=<Request [b'POST']>
2025-06-19 23:32:38,144 - httpcore.http11 - DEBUG - receive_response_body.complete
2025-06-19 23:32:38,145 - httpcore.http11 - DEBUG - response_closed.started
2025-06-19 23:32:38,145 - httpcore.http11 - DEBUG - response_closed.complete
2025-06-19 23:32:38,145 - telegram.ext.ExtBot - DEBUG - No new updates found.
2025-06-19 23:32:38,145 - telegram.ext.ExtBot - DEBUG - ()
2025-06-19 23:32:38,145 - telegram.ext.ExtBot - DEBUG - Exiting: get_updates
2025-06-19 23:32:38,145 - telegram.ext.ExtBot - DEBUG - Entering: get_updates
2025-06-19 23:32:38,148 - httpcore.http11 - DEBUG - send_request_headers.started request=<Request [b'POST']>
2025-06-19 23:32:38,149 - httpcore.http11 - DEBUG - send_request_headers.complete
2025-06-19 23:32:38,149 - httpcore.http11 - DEBUG - send_request_body.started request=<Request [b'POST']>
2025-06-19 23:32:38,151 - httpcore.http11 - DEBUG - send_request_body.complete
2025-06-19 23:32:38,151 - httpcore.http11 - DEBUG - receive_response_headers.started request=<Request [b'POST']>
2025-06-19 23:32:48,268 - httpcore.http11 - DEBUG - receive_response_headers.complete return_value=(b'HTTP/1.1', 200, b'OK', [(b'Server', b'nginx/1.18.0'), (b'Date', b'Thu, 19 Jun 2025 22:32:48 GMT'), (b'Content-Type', b'application/json'), (b'Content-Length', b'23'), (b'Connection', b'keep-alive'), (b'Strict-Transport-Security', b'max-age=31536000; includeSubDomains; preload'), (b'Access-Control-Allow-Origin', b'*'), (b'Access-Control-Allow-Methods', b'GET, POST, OPTIONS'), (b'Access-Control-Expose-Headers', b'Content-Length,Content-Type,Date,Server,Connection')])
2025-06-19 23:32:48,270 - httpx - INFO - HTTP Request: POST https://api.telegram.org/bot7707158318:AAE8rWa4Q8Z_3avql6K0HAmXaooZAReoNF0/getUpdates "HTTP/1.1 200 OK"
2025-06-19 23:32:48,271 - httpcore.http11 - DEBUG - receive_response_body.started request=<Request [b'POST']>
2025-06-19 23:32:48,271 - httpcore.http11 - DEBUG - receive_response_body.complete
2025-06-19 23:32:48,271 - httpcore.http11 - DEBUG - response_closed.started
2025-06-19 23:32:48,271 - httpcore.http11 - DEBUG - response_closed.complete
2025-06-19 23:32:48,271 - telegram.ext.ExtBot - DEBUG - No new updates found.
2025-06-19 23:32:48,271 - telegram.ext.ExtBot - DEBUG - ()
2025-06-19 23:32:48,271 - telegram.ext.ExtBot - DEBUG - Exiting: get_updates
2025-06-19 23:32:48,271 - telegram.ext.ExtBot - DEBUG - Entering: get_updates
2025-06-19 23:32:48,276 - httpcore.http11 - DEBUG - send_request_headers.started request=<Request [b'POST']>
2025-06-19 23:32:48,278 - httpcore.http11 - DEBUG - send_request_headers.complete
2025-06-19 23:32:48,278 - httpcore.http11 - DEBUG - send_request_body.started request=<Request [b'POST']>
2025-06-19 23:32:48,278 - httpcore.http11 - DEBUG - send_request_body.complete
2025-06-19 23:32:48,278 - httpcore.http11 - DEBUG - receive_response_headers.started request=<Request [b'POST']>
2025-06-19 23:32:58,509 - httpcore.http11 - DEBUG - receive_response_headers.complete return_value=(b'HTTP/1.1', 200, b'OK', [(b'Server', b'nginx/1.18.0'), (b'Date', b'Thu, 19 Jun 2025 22:32:58 GMT'), (b'Content-Type', b'application/json'), (b'Content-Length', b'23'), (b'Connection', b'keep-alive'), (b'Strict-Transport-Security', b'max-age=31536000; includeSubDomains; preload'), (b'Access-Control-Allow-Origin', b'*'), (b'Access-Control-Allow-Methods', b'GET, POST, OPTIONS'), (b'Access-Control-Expose-Headers', b'Content-Length,Content-Type,Date,Server,Connection')])
2025-06-19 23:32:58,509 - httpx - INFO - HTTP Request: POST https://api.telegram.org/bot7707158318:AAE8rWa4Q8Z_3avql6K0HAmXaooZAReoNF0/getUpdates "HTTP/1.1 200 OK"
2025-06-19 23:32:58,511 - httpcore.http11 - DEBUG - receive_response_body.started request=<Request [b'POST']>
2025-06-19 23:32:58,512 - httpcore.http11 - DEBUG - receive_response_body.complete
2025-06-19 23:32:58,512 - httpcore.http11 - DEBUG - response_closed.started
2025-06-19 23:32:58,512 - httpcore.http11 - DEBUG - response_closed.complete
2025-06-19 23:32:58,512 - telegram.ext.ExtBot - DEBUG - No new updates found.
2025-06-19 23:32:58,512 - telegram.ext.ExtBot - DEBUG - ()
2025-06-19 23:32:58,517 - telegram.ext.ExtBot - DEBUG - Exiting: get_updates
2025-06-19 23:32:58,517 - telegram.ext.ExtBot - DEBUG - Entering: get_updates
2025-06-19 23:32:58,518 - httpcore.http11 - DEBUG - send_request_headers.started request=<Request [b'POST']>
2025-06-19 23:32:58,518 - httpcore.http11 - DEBUG - send_request_headers.complete
2025-06-19 23:32:58,521 - httpcore.http11 - DEBUG - send_request_body.started request=<Request [b'POST']>
2025-06-19 23:32:58,521 - httpcore.http11 - DEBUG - send_request_body.complete
2025-06-19 23:32:58,521 - httpcore.http11 - DEBUG - receive_response_headers.started request=<Request [b'POST']>
2025-06-19 23:33:08,668 - httpcore.http11 - DEBUG - receive_response_headers.complete return_value=(b'HTTP/1.1', 200, b'OK', [(b'Server', b'nginx/1.18.0'), (b'Date', b'Thu, 19 Jun 2025 22:33:08 GMT'), (b'Content-Type', b'application/json'), (b'Content-Length', b'23'), (b'Connection', b'keep-alive'), (b'Strict-Transport-Security', b'max-age=31536000; includeSubDomains; preload'), (b'Access-Control-Allow-Origin', b'*'), (b'Access-Control-Allow-Methods', b'GET, POST, OPTIONS'), (b'Access-Control-Expose-Headers', b'Content-Length,Content-Type,Date,Server,Connection')])
2025-06-19 23:33:08,670 - httpx - INFO - HTTP Request: POST https://api.telegram.org/bot7707158318:AAE8rWa4Q8Z_3avql6K0HAmXaooZAReoNF0/getUpdates "HTTP/1.1 200 OK"
2025-06-19 23:33:08,670 - httpcore.http11 - DEBUG - receive_response_body.started request=<Request [b'POST']>
2025-06-19 23:33:08,670 - httpcore.http11 - DEBUG - receive_response_body.complete
2025-06-19 23:33:08,672 - httpcore.http11 - DEBUG - response_closed.started
2025-06-19 23:33:08,672 - httpcore.http11 - DEBUG - response_closed.complete
2025-06-19 23:33:08,673 - telegram.ext.ExtBot - DEBUG - No new updates found.
2025-06-19 23:33:08,674 - telegram.ext.ExtBot - DEBUG - ()
2025-06-19 23:33:08,674 - telegram.ext.ExtBot - DEBUG - Exiting: get_updates
2025-06-19 23:33:08,674 - telegram.ext.ExtBot - DEBUG - Entering: get_updates
2025-06-19 23:33:08,679 - httpcore.http11 - DEBUG - send_request_headers.started request=<Request [b'POST']>
2025-06-19 23:33:08,681 - httpcore.http11 - DEBUG - send_request_headers.complete
2025-06-19 23:33:08,681 - httpcore.http11 - DEBUG - send_request_body.started request=<Request [b'POST']>
2025-06-19 23:33:08,682 - httpcore.http11 - DEBUG - send_request_body.complete
2025-06-19 23:33:08,682 - httpcore.http11 - DEBUG - receive_response_headers.started request=<Request [b'POST']>
2025-06-19 23:33:18,990 - httpcore.http11 - DEBUG - receive_response_headers.complete return_value=(b'HTTP/1.1', 200, b'OK', [(b'Server', b'nginx/1.18.0'), (b'Date', b'Thu, 19 Jun 2025 22:33:18 GMT'), (b'Content-Type', b'application/json'), (b'Content-Length', b'23'), (b'Connection', b'keep-alive'), (b'Strict-Transport-Security', b'max-age=31536000; includeSubDomains; preload'), (b'Access-Control-Allow-Origin', b'*'), (b'Access-Control-Allow-Methods', b'GET, POST, OPTIONS'), (b'Access-Control-Expose-Headers', b'Content-Length,Content-Type,Date,Server,Connection')])
2025-06-19 23:33:18,992 - httpx - INFO - HTTP Request: POST https://api.telegram.org/bot7707158318:AAE8rWa4Q8Z_3avql6K0HAmXaooZAReoNF0/getUpdates "HTTP/1.1 200 OK"
2025-06-19 23:33:19,007 - httpcore.http11 - DEBUG - receive_response_body.started request=<Request [b'POST']>
2025-06-19 23:33:19,007 - httpcore.http11 - DEBUG - receive_response_body.complete
2025-06-19 23:33:19,007 - httpcore.http11 - DEBUG - response_closed.started
2025-06-19 23:33:19,007 - httpcore.http11 - DEBUG - response_closed.complete
2025-06-19 23:33:19,009 - telegram.ext.ExtBot - DEBUG - No new updates found.
2025-06-19 23:33:19,009 - telegram.ext.ExtBot - DEBUG - ()
2025-06-19 23:33:19,009 - telegram.ext.ExtBot - DEBUG - Exiting: get_updates
2025-06-19 23:33:19,009 - telegram.ext.ExtBot - DEBUG - Entering: get_updates
2025-06-19 23:33:19,012 - httpcore.http11 - DEBUG - send_request_headers.started request=<Request [b'POST']>
2025-06-19 23:33:19,013 - httpcore.http11 - DEBUG - send_request_headers.complete
2025-06-19 23:33:19,013 - httpcore.http11 - DEBUG - send_request_body.started request=<Request [b'POST']>
2025-06-19 23:33:19,014 - httpcore.http11 - DEBUG - send_request_body.complete
2025-06-19 23:33:19,015 - httpcore.http11 - DEBUG - receive_response_headers.started request=<Request [b'POST']>
2025-06-19 23:33:29,228 - httpcore.http11 - DEBUG - receive_response_headers.complete return_value=(b'HTTP/1.1', 200, b'OK', [(b'Server', b'nginx/1.18.0'), (b'Date', b'Thu, 19 Jun 2025 22:33:29 GMT'), (b'Content-Type', b'application/json'), (b'Content-Length', b'23'), (b'Connection', b'keep-alive'), (b'Strict-Transport-Security', b'max-age=31536000; includeSubDomains; preload'), (b'Access-Control-Allow-Origin', b'*'), (b'Access-Control-Allow-Methods', b'GET, POST, OPTIONS'), (b'Access-Control-Expose-Headers', b'Content-Length,Content-Type,Date,Server,Connection')])
2025-06-19 23:33:29,228 - httpx - INFO - HTTP Request: POST https://api.telegram.org/bot7707158318:AAE8rWa4Q8Z_3avql6K0HAmXaooZAReoNF0/getUpdates "HTTP/1.1 200 OK"
2025-06-19 23:33:29,232 - httpcore.http11 - DEBUG - receive_response_body.started request=<Request [b'POST']>
2025-06-19 23:33:29,233 - httpcore.http11 - DEBUG - receive_response_body.complete
2025-06-19 23:33:29,233 - httpcore.http11 - DEBUG - response_closed.started
2025-06-19 23:33:29,234 - httpcore.http11 - DEBUG - response_closed.complete
2025-06-19 23:33:29,234 - telegram.ext.ExtBot - DEBUG - No new updates found.
2025-06-19 23:33:29,236 - telegram.ext.ExtBot - DEBUG - ()
2025-06-19 23:33:29,236 - telegram.ext.ExtBot - DEBUG - Exiting: get_updates
2025-06-19 23:33:29,236 - telegram.ext.ExtBot - DEBUG - Entering: get_updates
2025-06-19 23:33:29,239 - httpcore.http11 - DEBUG - send_request_headers.started request=<Request [b'POST']>
2025-06-19 23:33:29,240 - httpcore.http11 - DEBUG - send_request_headers.complete
2025-06-19 23:33:29,240 - httpcore.http11 - DEBUG - send_request_body.started request=<Request [b'POST']>
2025-06-19 23:33:29,240 - httpcore.http11 - DEBUG - send_request_body.complete
2025-06-19 23:33:29,240 - httpcore.http11 - DEBUG - receive_response_headers.started request=<Request [b'POST']>
2025-06-19 23:33:39,448 - httpcore.http11 - DEBUG - receive_response_headers.complete return_value=(b'HTTP/1.1', 200, b'OK', [(b'Server', b'nginx/1.18.0'), (b'Date', b'Thu, 19 Jun 2025 22:33:39 GMT'), (b'Content-Type', b'application/json'), (b'Content-Length', b'23'), (b'Connection', b'keep-alive'), (b'Strict-Transport-Security', b'max-age=31536000; includeSubDomains; preload'), (b'Access-Control-Allow-Origin', b'*'), (b'Access-Control-Allow-Methods', b'GET, POST, OPTIONS'), (b'Access-Control-Expose-Headers', b'Content-Length,Content-Type,Date,Server,Connection')])
2025-06-19 23:33:39,450 - httpx - INFO - HTTP Request: POST https://api.telegram.org/bot7707158318:AAE8rWa4Q8Z_3avql6K0HAmXaooZAReoNF0/getUpdates "HTTP/1.1 200 OK"
2025-06-19 23:33:39,452 - httpcore.http11 - DEBUG - receive_response_body.started request=<Request [b'POST']>
2025-06-19 23:33:39,452 - httpcore.http11 - DEBUG - receive_response_body.complete
2025-06-19 23:33:39,453 - httpcore.http11 - DEBUG - response_closed.started
2025-06-19 23:33:39,453 - httpcore.http11 - DEBUG - response_closed.complete
2025-06-19 23:33:39,454 - telegram.ext.ExtBot - DEBUG - No new updates found.
2025-06-19 23:33:39,455 - telegram.ext.ExtBot - DEBUG - ()
2025-06-19 23:33:39,455 - telegram.ext.ExtBot - DEBUG - Exiting: get_updates
2025-06-19 23:33:39,455 - telegram.ext.ExtBot - DEBUG - Entering: get_updates
2025-06-19 23:33:39,458 - httpcore.http11 - DEBUG - send_request_headers.started request=<Request [b'POST']>
2025-06-19 23:33:39,458 - httpcore.http11 - DEBUG - send_request_headers.complete
2025-06-19 23:33:39,459 - httpcore.http11 - DEBUG - send_request_body.started request=<Request [b'POST']>
2025-06-19 23:33:39,459 - httpcore.http11 - DEBUG - send_request_body.complete
2025-06-19 23:33:39,459 - httpcore.http11 - DEBUG - receive_response_headers.started request=<Request [b'POST']>
2025-06-19 23:33:49,767 - httpcore.http11 - DEBUG - receive_response_headers.complete return_value=(b'HTTP/1.1', 200, b'OK', [(b'Server', b'nginx/1.18.0'), (b'Date', b'Thu, 19 Jun 2025 22:33:49 GMT'), (b'Content-Type', b'application/json'), (b'Content-Length', b'23'), (b'Connection', b'keep-alive'), (b'Strict-Transport-Security', b'max-age=31536000; includeSubDomains; preload'), (b'Access-Control-Allow-Origin', b'*'), (b'Access-Control-Allow-Methods', b'GET, POST, OPTIONS'), (b'Access-Control-Expose-Headers', b'Content-Length,Content-Type,Date,Server,Connection')])
2025-06-19 23:33:49,767 - httpx - INFO - HTTP Request: POST https://api.telegram.org/bot7707158318:AAE8rWa4Q8Z_3avql6K0HAmXaooZAReoNF0/getUpdates "HTTP/1.1 200 OK"
2025-06-19 23:33:49,767 - httpcore.http11 - DEBUG - receive_response_body.started request=<Request [b'POST']>
2025-06-19 23:33:49,767 - httpcore.http11 - DEBUG - receive_response_body.complete
2025-06-19 23:33:49,770 - httpcore.http11 - DEBUG - response_closed.started
2025-06-19 23:33:49,771 - httpcore.http11 - DEBUG - response_closed.complete
2025-06-19 23:33:49,771 - telegram.ext.ExtBot - DEBUG - No new updates found.
2025-06-19 23:33:49,771 - telegram.ext.ExtBot - DEBUG - ()
2025-06-19 23:33:49,771 - telegram.ext.ExtBot - DEBUG - Exiting: get_updates
2025-06-19 23:33:49,771 - telegram.ext.ExtBot - DEBUG - Entering: get_updates
2025-06-19 23:33:49,776 - httpcore.http11 - DEBUG - send_request_headers.started request=<Request [b'POST']>
2025-06-19 23:33:49,777 - httpcore.http11 - DEBUG - send_request_headers.complete
2025-06-19 23:33:49,778 - httpcore.http11 - DEBUG - send_request_body.started request=<Request [b'POST']>
2025-06-19 23:33:49,778 - httpcore.http11 - DEBUG - send_request_body.complete
2025-06-19 23:33:49,778 - httpcore.http11 - DEBUG - receive_response_headers.started request=<Request [b'POST']>
2025-06-19 23:33:59,947 - httpcore.http11 - DEBUG - receive_response_headers.complete return_value=(b'HTTP/1.1', 200, b'OK', [(b'Server', b'nginx/1.18.0'), (b'Date', b'Thu, 19 Jun 2025 22:33:59 GMT'), (b'Content-Type', b'application/json'), (b'Content-Length', b'23'), (b'Connection', b'keep-alive'), (b'Strict-Transport-Security', b'max-age=31536000; includeSubDomains; preload'), (b'Access-Control-Allow-Origin', b'*'), (b'Access-Control-Allow-Methods', b'GET, POST, OPTIONS'), (b'Access-Control-Expose-Headers', b'Content-Length,Content-Type,Date,Server,Connection')])
2025-06-19 23:33:59,949 - httpx - INFO - HTTP Request: POST https://api.telegram.org/bot7707158318:AAE8rWa4Q8Z_3avql6K0HAmXaooZAReoNF0/getUpdates "HTTP/1.1 200 OK"
2025-06-19 23:33:59,949 - httpcore.http11 - DEBUG - receive_response_body.started request=<Request [b'POST']>
2025-06-19 23:33:59,951 - httpcore.http11 - DEBUG - receive_response_body.complete
2025-06-19 23:33:59,951 - httpcore.http11 - DEBUG - response_closed.started
2025-06-19 23:33:59,953 - httpcore.http11 - DEBUG - response_closed.complete
2025-06-19 23:33:59,953 - telegram.ext.ExtBot - DEBUG - No new updates found.
2025-06-19 23:33:59,953 - telegram.ext.ExtBot - DEBUG - ()
2025-06-19 23:33:59,953 - telegram.ext.ExtBot - DEBUG - Exiting: get_updates
2025-06-19 23:33:59,953 - telegram.ext.ExtBot - DEBUG - Entering: get_updates
2025-06-19 23:33:59,957 - httpcore.http11 - DEBUG - send_request_headers.started request=<Request [b'POST']>
2025-06-19 23:33:59,959 - httpcore.http11 - DEBUG - send_request_headers.complete
2025-06-19 23:33:59,959 - httpcore.http11 - DEBUG - send_request_body.started request=<Request [b'POST']>
2025-06-19 23:33:59,961 - httpcore.http11 - DEBUG - send_request_body.complete
2025-06-19 23:33:59,961 - httpcore.http11 - DEBUG - receive_response_headers.started request=<Request [b'POST']>
2025-06-19 23:34:10,188 - httpcore.http11 - DEBUG - receive_response_headers.complete return_value=(b'HTTP/1.1', 200, b'OK', [(b'Server', b'nginx/1.18.0'), (b'Date', b'Thu, 19 Jun 2025 22:34:10 GMT'), (b'Content-Type', b'application/json'), (b'Content-Length', b'23'), (b'Connection', b'keep-alive'), (b'Strict-Transport-Security', b'max-age=31536000; includeSubDomains; preload'), (b'Access-Control-Allow-Origin', b'*'), (b'Access-Control-Allow-Methods', b'GET, POST, OPTIONS'), (b'Access-Control-Expose-Headers', b'Content-Length,Content-Type,Date,Server,Connection')])
2025-06-19 23:34:10,190 - httpx - INFO - HTTP Request: POST https://api.telegram.org/bot7707158318:AAE8rWa4Q8Z_3avql6K0HAmXaooZAReoNF0/getUpdates "HTTP/1.1 200 OK"
2025-06-19 23:34:10,193 - httpcore.http11 - DEBUG - receive_response_body.started request=<Request [b'POST']>
2025-06-19 23:34:10,193 - httpcore.http11 - DEBUG - receive_response_body.complete
2025-06-19 23:34:10,195 - httpcore.http11 - DEBUG - response_closed.started
2025-06-19 23:34:10,195 - httpcore.http11 - DEBUG - response_closed.complete
2025-06-19 23:34:10,195 - telegram.ext.ExtBot - DEBUG - No new updates found.
2025-06-19 23:34:10,198 - telegram.ext.ExtBot - DEBUG - ()
2025-06-19 23:34:10,198 - telegram.ext.ExtBot - DEBUG - Exiting: get_updates
2025-06-19 23:34:10,198 - telegram.ext.ExtBot - DEBUG - Entering: get_updates
2025-06-19 23:34:10,200 - httpcore.http11 - DEBUG - send_request_headers.started request=<Request [b'POST']>
2025-06-19 23:34:10,202 - httpcore.http11 - DEBUG - send_request_headers.complete
2025-06-19 23:34:10,202 - httpcore.http11 - DEBUG - send_request_body.started request=<Request [b'POST']>
2025-06-19 23:34:10,204 - httpcore.http11 - DEBUG - send_request_body.complete
2025-06-19 23:34:10,204 - httpcore.http11 - DEBUG - receive_response_headers.started request=<Request [b'POST']>
2025-06-19 23:34:20,429 - httpcore.http11 - DEBUG - receive_response_headers.complete return_value=(b'HTTP/1.1', 200, b'OK', [(b'Server', b'nginx/1.18.0'), (b'Date', b'Thu, 19 Jun 2025 22:34:20 GMT'), (b'Content-Type', b'application/json'), (b'Content-Length', b'23'), (b'Connection', b'keep-alive'), (b'Strict-Transport-Security', b'max-age=31536000; includeSubDomains; preload'), (b'Access-Control-Allow-Origin', b'*'), (b'Access-Control-Allow-Methods', b'GET, POST, OPTIONS'), (b'Access-Control-Expose-Headers', b'Content-Length,Content-Type,Date,Server,Connection')])
2025-06-19 23:34:20,429 - httpx - INFO - HTTP Request: POST https://api.telegram.org/bot7707158318:AAE8rWa4Q8Z_3avql6K0HAmXaooZAReoNF0/getUpdates "HTTP/1.1 200 OK"
2025-06-19 23:34:20,432 - httpcore.http11 - DEBUG - receive_response_body.started request=<Request [b'POST']>
2025-06-19 23:34:20,432 - httpcore.http11 - DEBUG - receive_response_body.complete
2025-06-19 23:34:20,434 - httpcore.http11 - DEBUG - response_closed.started
2025-06-19 23:34:20,434 - httpcore.http11 - DEBUG - response_closed.complete
2025-06-19 23:34:20,436 - telegram.ext.ExtBot - DEBUG - No new updates found.
2025-06-19 23:34:20,436 - telegram.ext.ExtBot - DEBUG - ()
2025-06-19 23:34:20,436 - telegram.ext.ExtBot - DEBUG - Exiting: get_updates
2025-06-19 23:34:20,436 - telegram.ext.ExtBot - DEBUG - Entering: get_updates
2025-06-19 23:34:20,439 - httpcore.http11 - DEBUG - send_request_headers.started request=<Request [b'POST']>
2025-06-19 23:34:20,441 - httpcore.http11 - DEBUG - send_request_headers.complete
2025-06-19 23:34:20,441 - httpcore.http11 - DEBUG - send_request_body.started request=<Request [b'POST']>
2025-06-19 23:34:20,443 - httpcore.http11 - DEBUG - send_request_body.complete
2025-06-19 23:34:20,443 - httpcore.http11 - DEBUG - receive_response_headers.started request=<Request [b'POST']>
2025-06-19 23:34:30,667 - httpcore.http11 - DEBUG - receive_response_headers.complete return_value=(b'HTTP/1.1', 200, b'OK', [(b'Server', b'nginx/1.18.0'), (b'Date', b'Thu, 19 Jun 2025 22:34:30 GMT'), (b'Content-Type', b'application/json'), (b'Content-Length', b'23'), (b'Connection', b'keep-alive'), (b'Strict-Transport-Security', b'max-age=31536000; includeSubDomains; preload'), (b'Access-Control-Allow-Origin', b'*'), (b'Access-Control-Allow-Methods', b'GET, POST, OPTIONS'), (b'Access-Control-Expose-Headers', b'Content-Length,Content-Type,Date,Server,Connection')])
2025-06-19 23:34:30,670 - httpx - INFO - HTTP Request: POST https://api.telegram.org/bot7707158318:AAE8rWa4Q8Z_3avql6K0HAmXaooZAReoNF0/getUpdates "HTTP/1.1 200 OK"
2025-06-19 23:34:30,670 - httpcore.http11 - DEBUG - receive_response_body.started request=<Request [b'POST']>
2025-06-19 23:34:30,670 - httpcore.http11 - DEBUG - receive_response_body.complete
2025-06-19 23:34:30,670 - httpcore.http11 - DEBUG - response_closed.started
2025-06-19 23:34:30,670 - httpcore.http11 - DEBUG - response_closed.complete
2025-06-19 23:34:30,674 - telegram.ext.ExtBot - DEBUG - No new updates found.
2025-06-19 23:34:30,674 - telegram.ext.ExtBot - DEBUG - ()
2025-06-19 23:34:30,674 - telegram.ext.ExtBot - DEBUG - Exiting: get_updates
2025-06-19 23:34:30,674 - telegram.ext.ExtBot - DEBUG - Entering: get_updates
2025-06-19 23:34:30,677 - httpcore.http11 - DEBUG - send_request_headers.started request=<Request [b'POST']>
2025-06-19 23:34:30,677 - httpcore.http11 - DEBUG - send_request_headers.complete
2025-06-19 23:34:30,677 - httpcore.http11 - DEBUG - send_request_body.started request=<Request [b'POST']>
2025-06-19 23:34:30,677 - httpcore.http11 - DEBUG - send_request_body.complete
2025-06-19 23:34:30,677 - httpcore.http11 - DEBUG - receive_response_headers.started request=<Request [b'POST']>
2025-06-19 23:34:40,908 - httpcore.http11 - DEBUG - receive_response_headers.complete return_value=(b'HTTP/1.1', 200, b'OK', [(b'Server', b'nginx/1.18.0'), (b'Date', b'Thu, 19 Jun 2025 22:34:40 GMT'), (b'Content-Type', b'application/json'), (b'Content-Length', b'23'), (b'Connection', b'keep-alive'), (b'Strict-Transport-Security', b'max-age=31536000; includeSubDomains; preload'), (b'Access-Control-Allow-Origin', b'*'), (b'Access-Control-Allow-Methods', b'GET, POST, OPTIONS'), (b'Access-Control-Expose-Headers', b'Content-Length,Content-Type,Date,Server,Connection')])
2025-06-19 23:34:40,908 - httpx - INFO - HTTP Request: POST https://api.telegram.org/bot7707158318:AAE8rWa4Q8Z_3avql6K0HAmXaooZAReoNF0/getUpdates "HTTP/1.1 200 OK"
2025-06-19 23:34:40,913 - httpcore.http11 - DEBUG - receive_response_body.started request=<Request [b'POST']>
2025-06-19 23:34:40,914 - httpcore.http11 - DEBUG - receive_response_body.complete
2025-06-19 23:34:40,914 - httpcore.http11 - DEBUG - response_closed.started
2025-06-19 23:34:40,915 - httpcore.http11 - DEBUG - response_closed.complete
2025-06-19 23:34:40,915 - telegram.ext.ExtBot - DEBUG - No new updates found.
2025-06-19 23:34:40,915 - telegram.ext.ExtBot - DEBUG - ()
2025-06-19 23:34:40,915 - telegram.ext.ExtBot - DEBUG - Exiting: get_updates
2025-06-19 23:34:40,915 - telegram.ext.ExtBot - DEBUG - Entering: get_updates
2025-06-19 23:34:40,919 - httpcore.http11 - DEBUG - send_request_headers.started request=<Request [b'POST']>
2025-06-19 23:34:40,920 - httpcore.http11 - DEBUG - send_request_headers.complete
2025-06-19 23:34:40,922 - httpcore.http11 - DEBUG - send_request_body.started request=<Request [b'POST']>
2025-06-19 23:34:40,922 - httpcore.http11 - DEBUG - send_request_body.complete
2025-06-19 23:34:40,923 - httpcore.http11 - DEBUG - receive_response_headers.started request=<Request [b'POST']>
2025-06-19 23:34:51,149 - httpcore.http11 - DEBUG - receive_response_headers.complete return_value=(b'HTTP/1.1', 200, b'OK', [(b'Server', b'nginx/1.18.0'), (b'Date', b'Thu, 19 Jun 2025 22:34:51 GMT'), (b'Content-Type', b'application/json'), (b'Content-Length', b'23'), (b'Connection', b'keep-alive'), (b'Strict-Transport-Security', b'max-age=31536000; includeSubDomains; preload'), (b'Access-Control-Allow-Origin', b'*'), (b'Access-Control-Allow-Methods', b'GET, POST, OPTIONS'), (b'Access-Control-Expose-Headers', b'Content-Length,Content-Type,Date,Server,Connection')])
2025-06-19 23:34:51,149 - httpx - INFO - HTTP Request: POST https://api.telegram.org/bot7707158318:AAE8rWa4Q8Z_3avql6K0HAmXaooZAReoNF0/getUpdates "HTTP/1.1 200 OK"
2025-06-19 23:34:51,151 - httpcore.http11 - DEBUG - receive_response_body.started request=<Request [b'POST']>
2025-06-19 23:34:51,151 - httpcore.http11 - DEBUG - receive_response_body.complete
2025-06-19 23:34:51,151 - httpcore.http11 - DEBUG - response_closed.started
2025-06-19 23:34:51,153 - httpcore.http11 - DEBUG - response_closed.complete
2025-06-19 23:34:51,153 - telegram.ext.ExtBot - DEBUG - No new updates found.
2025-06-19 23:34:51,153 - telegram.ext.ExtBot - DEBUG - ()
2025-06-19 23:34:51,153 - telegram.ext.ExtBot - DEBUG - Exiting: get_updates
2025-06-19 23:34:51,153 - telegram.ext.ExtBot - DEBUG - Entering: get_updates
2025-06-19 23:34:51,155 - httpcore.http11 - DEBUG - send_request_headers.started request=<Request [b'POST']>
2025-06-19 23:34:51,158 - httpcore.http11 - DEBUG - send_request_headers.complete
2025-06-19 23:34:51,158 - httpcore.http11 - DEBUG - send_request_body.started request=<Request [b'POST']>
2025-06-19 23:34:51,158 - httpcore.http11 - DEBUG - send_request_body.complete
2025-06-19 23:34:51,158 - httpcore.http11 - DEBUG - receive_response_headers.started request=<Request [b'POST']>
2025-06-19 23:35:01,386 - httpcore.http11 - DEBUG - receive_response_headers.complete return_value=(b'HTTP/1.1', 200, b'OK', [(b'Server', b'nginx/1.18.0'), (b'Date', b'Thu, 19 Jun 2025 22:35:01 GMT'), (b'Content-Type', b'application/json'), (b'Content-Length', b'23'), (b'Connection', b'keep-alive'), (b'Strict-Transport-Security', b'max-age=31536000; includeSubDomains; preload'), (b'Access-Control-Allow-Origin', b'*'), (b'Access-Control-Allow-Methods', b'GET, POST, OPTIONS'), (b'Access-Control-Expose-Headers', b'Content-Length,Content-Type,Date,Server,Connection')])
2025-06-19 23:35:01,389 - httpx - INFO - HTTP Request: POST https://api.telegram.org/bot7707158318:AAE8rWa4Q8Z_3avql6K0HAmXaooZAReoNF0/getUpdates "HTTP/1.1 200 OK"
2025-06-19 23:35:01,390 - httpcore.http11 - DEBUG - receive_response_body.started request=<Request [b'POST']>
2025-06-19 23:35:01,391 - httpcore.http11 - DEBUG - receive_response_body.complete
2025-06-19 23:35:01,391 - httpcore.http11 - DEBUG - response_closed.started
2025-06-19 23:35:01,391 - httpcore.http11 - DEBUG - response_closed.complete
2025-06-19 23:35:01,393 - telegram.ext.ExtBot - DEBUG - No new updates found.
2025-06-19 23:35:01,393 - telegram.ext.ExtBot - DEBUG - ()
2025-06-19 23:35:01,393 - telegram.ext.ExtBot - DEBUG - Exiting: get_updates
2025-06-19 23:35:01,394 - telegram.ext.ExtBot - DEBUG - Entering: get_updates
2025-06-19 23:35:01,395 - httpcore.http11 - DEBUG - send_request_headers.started request=<Request [b'POST']>
2025-06-19 23:35:01,395 - httpcore.http11 - DEBUG - send_request_headers.complete
2025-06-19 23:35:01,398 - httpcore.http11 - DEBUG - send_request_body.started request=<Request [b'POST']>
2025-06-19 23:35:01,398 - httpcore.http11 - DEBUG - send_request_body.complete
2025-06-19 23:35:01,399 - httpcore.http11 - DEBUG - receive_response_headers.started request=<Request [b'POST']>
2025-06-19 23:35:11,628 - httpcore.http11 - DEBUG - receive_response_headers.complete return_value=(b'HTTP/1.1', 200, b'OK', [(b'Server', b'nginx/1.18.0'), (b'Date', b'Thu, 19 Jun 2025 22:35:11 GMT'), (b'Content-Type', b'application/json'), (b'Content-Length', b'23'), (b'Connection', b'keep-alive'), (b'Strict-Transport-Security', b'max-age=31536000; includeSubDomains; preload'), (b'Access-Control-Allow-Origin', b'*'), (b'Access-Control-Allow-Methods', b'GET, POST, OPTIONS'), (b'Access-Control-Expose-Headers', b'Content-Length,Content-Type,Date,Server,Connection')])
2025-06-19 23:35:11,628 - httpx - INFO - HTTP Request: POST https://api.telegram.org/bot7707158318:AAE8rWa4Q8Z_3avql6K0HAmXaooZAReoNF0/getUpdates "HTTP/1.1 200 OK"
2025-06-19 23:35:11,629 - httpcore.http11 - DEBUG - receive_response_body.started request=<Request [b'POST']>
2025-06-19 23:35:11,629 - httpcore.http11 - DEBUG - receive_response_body.complete
2025-06-19 23:35:11,629 - httpcore.http11 - DEBUG - response_closed.started
2025-06-19 23:35:11,631 - httpcore.http11 - DEBUG - response_closed.complete
2025-06-19 23:35:11,632 - telegram.ext.ExtBot - DEBUG - No new updates found.
2025-06-19 23:35:11,632 - telegram.ext.ExtBot - DEBUG - ()
2025-06-19 23:35:11,632 - telegram.ext.ExtBot - DEBUG - Exiting: get_updates
2025-06-19 23:35:11,632 - telegram.ext.ExtBot - DEBUG - Entering: get_updates
2025-06-19 23:35:11,636 - httpcore.http11 - DEBUG - send_request_headers.started request=<Request [b'POST']>
2025-06-19 23:35:11,636 - httpcore.http11 - DEBUG - send_request_headers.complete
2025-06-19 23:35:11,636 - httpcore.http11 - DEBUG - send_request_body.started request=<Request [b'POST']>
2025-06-19 23:35:11,639 - httpcore.http11 - DEBUG - send_request_body.complete
2025-06-19 23:35:11,639 - httpcore.http11 - DEBUG - receive_response_headers.started request=<Request [b'POST']>
2025-06-19 23:35:21,870 - httpcore.http11 - DEBUG - receive_response_headers.complete return_value=(b'HTTP/1.1', 200, b'OK', [(b'Server', b'nginx/1.18.0'), (b'Date', b'Thu, 19 Jun 2025 22:35:21 GMT'), (b'Content-Type', b'application/json'), (b'Content-Length', b'23'), (b'Connection', b'keep-alive'), (b'Strict-Transport-Security', b'max-age=31536000; includeSubDomains; preload'), (b'Access-Control-Allow-Origin', b'*'), (b'Access-Control-Allow-Methods', b'GET, POST, OPTIONS'), (b'Access-Control-Expose-Headers', b'Content-Length,Content-Type,Date,Server,Connection')])
2025-06-19 23:35:21,871 - httpx - INFO - HTTP Request: POST https://api.telegram.org/bot7707158318:AAE8rWa4Q8Z_3avql6K0HAmXaooZAReoNF0/getUpdates "HTTP/1.1 200 OK"
2025-06-19 23:35:21,872 - httpcore.http11 - DEBUG - receive_response_body.started request=<Request [b'POST']>
2025-06-19 23:35:21,872 - httpcore.http11 - DEBUG - receive_response_body.complete
2025-06-19 23:35:21,872 - httpcore.http11 - DEBUG - response_closed.started
2025-06-19 23:35:21,872 - httpcore.http11 - DEBUG - response_closed.complete
2025-06-19 23:35:21,874 - telegram.ext.ExtBot - DEBUG - No new updates found.
2025-06-19 23:35:21,874 - telegram.ext.ExtBot - DEBUG - ()
2025-06-19 23:35:21,876 - telegram.ext.ExtBot - DEBUG - Exiting: get_updates
2025-06-19 23:35:21,876 - telegram.ext.ExtBot - DEBUG - Entering: get_updates
2025-06-19 23:35:21,878 - httpcore.http11 - DEBUG - send_request_headers.started request=<Request [b'POST']>
2025-06-19 23:35:21,881 - httpcore.http11 - DEBUG - send_request_headers.complete
2025-06-19 23:35:21,881 - httpcore.http11 - DEBUG - send_request_body.started request=<Request [b'POST']>
2025-06-19 23:35:21,881 - httpcore.http11 - DEBUG - send_request_body.complete
2025-06-19 23:35:21,883 - httpcore.http11 - DEBUG - receive_response_headers.started request=<Request [b'POST']>
2025-06-19 23:35:32,120 - httpcore.http11 - DEBUG - receive_response_headers.complete return_value=(b'HTTP/1.1', 200, b'OK', [(b'Server', b'nginx/1.18.0'), (b'Date', b'Thu, 19 Jun 2025 22:35:31 GMT'), (b'Content-Type', b'application/json'), (b'Content-Length', b'23'), (b'Connection', b'keep-alive'), (b'Strict-Transport-Security', b'max-age=31536000; includeSubDomains; preload'), (b'Access-Control-Allow-Origin', b'*'), (b'Access-Control-Allow-Methods', b'GET, POST, OPTIONS'), (b'Access-Control-Expose-Headers', b'Content-Length,Content-Type,Date,Server,Connection')])
2025-06-19 23:35:32,120 - httpx - INFO - HTTP Request: POST https://api.telegram.org/bot7707158318:AAE8rWa4Q8Z_3avql6K0HAmXaooZAReoNF0/getUpdates "HTTP/1.1 200 OK"
2025-06-19 23:35:32,126 - httpcore.http11 - DEBUG - receive_response_body.started request=<Request [b'POST']>
2025-06-19 23:35:32,126 - httpcore.http11 - DEBUG - receive_response_body.complete
2025-06-19 23:35:32,127 - httpcore.http11 - DEBUG - response_closed.started
2025-06-19 23:35:32,127 - httpcore.http11 - DEBUG - response_closed.complete
2025-06-19 23:35:32,128 - telegram.ext.ExtBot - DEBUG - No new updates found.
2025-06-19 23:35:32,129 - telegram.ext.ExtBot - DEBUG - ()
2025-06-19 23:35:32,129 - telegram.ext.ExtBot - DEBUG - Exiting: get_updates
2025-06-19 23:35:32,129 - telegram.ext.ExtBot - DEBUG - Entering: get_updates
2025-06-19 23:35:32,132 - httpcore.http11 - DEBUG - send_request_headers.started request=<Request [b'POST']>
2025-06-19 23:35:32,132 - httpcore.http11 - DEBUG - send_request_headers.complete
2025-06-19 23:35:32,132 - httpcore.http11 - DEBUG - send_request_body.started request=<Request [b'POST']>
2025-06-19 23:35:32,134 - httpcore.http11 - DEBUG - send_request_body.complete
2025-06-19 23:35:32,134 - httpcore.http11 - DEBUG - receive_response_headers.started request=<Request [b'POST']>
2025-06-19 23:35:42,346 - httpcore.http11 - DEBUG - receive_response_headers.complete return_value=(b'HTTP/1.1', 200, b'OK', [(b'Server', b'nginx/1.18.0'), (b'Date', b'Thu, 19 Jun 2025 22:35:42 GMT'), (b'Content-Type', b'application/json'), (b'Content-Length', b'23'), (b'Connection', b'keep-alive'), (b'Strict-Transport-Security', b'max-age=31536000; includeSubDomains; preload'), (b'Access-Control-Allow-Origin', b'*'), (b'Access-Control-Allow-Methods', b'GET, POST, OPTIONS'), (b'Access-Control-Expose-Headers', b'Content-Length,Content-Type,Date,Server,Connection')])
2025-06-19 23:35:42,348 - httpx - INFO - HTTP Request: POST https://api.telegram.org/bot7707158318:AAE8rWa4Q8Z_3avql6K0HAmXaooZAReoNF0/getUpdates "HTTP/1.1 200 OK"
2025-06-19 23:35:42,348 - httpcore.http11 - DEBUG - receive_response_body.started request=<Request [b'POST']>
2025-06-19 23:35:42,349 - httpcore.http11 - DEBUG - receive_response_body.complete
2025-06-19 23:35:42,349 - httpcore.http11 - DEBUG - response_closed.started
2025-06-19 23:35:42,350 - httpcore.http11 - DEBUG - response_closed.complete
2025-06-19 23:35:42,351 - telegram.ext.ExtBot - DEBUG - No new updates found.
2025-06-19 23:35:42,351 - telegram.ext.ExtBot - DEBUG - ()
2025-06-19 23:35:42,351 - telegram.ext.ExtBot - DEBUG - Exiting: get_updates
2025-06-19 23:35:42,351 - telegram.ext.ExtBot - DEBUG - Entering: get_updates
2025-06-19 23:35:42,352 - httpcore.http11 - DEBUG - send_request_headers.started request=<Request [b'POST']>
2025-06-19 23:35:42,354 - httpcore.http11 - DEBUG - send_request_headers.complete
2025-06-19 23:35:42,354 - httpcore.http11 - DEBUG - send_request_body.started request=<Request [b'POST']>
2025-06-19 23:35:42,355 - httpcore.http11 - DEBUG - send_request_body.complete
2025-06-19 23:35:42,355 - httpcore.http11 - DEBUG - receive_response_headers.started request=<Request [b'POST']>
2025-06-19 23:35:52,470 - httpcore.http11 - DEBUG - receive_response_headers.complete return_value=(b'HTTP/1.1', 200, b'OK', [(b'Server', b'nginx/1.18.0'), (b'Date', b'Thu, 19 Jun 2025 22:35:52 GMT'), (b'Content-Type', b'application/json'), (b'Content-Length', b'23'), (b'Connection', b'keep-alive'), (b'Strict-Transport-Security', b'max-age=31536000; includeSubDomains; preload'), (b'Access-Control-Allow-Origin', b'*'), (b'Access-Control-Allow-Methods', b'GET, POST, OPTIONS'), (b'Access-Control-Expose-Headers', b'Content-Length,Content-Type,Date,Server,Connection')])
2025-06-19 23:35:52,472 - httpx - INFO - HTTP Request: POST https://api.telegram.org/bot7707158318:AAE8rWa4Q8Z_3avql6K0HAmXaooZAReoNF0/getUpdates "HTTP/1.1 200 OK"
2025-06-19 23:35:52,473 - httpcore.http11 - DEBUG - receive_response_body.started request=<Request [b'POST']>
2025-06-19 23:35:52,474 - httpcore.http11 - DEBUG - receive_response_body.complete
2025-06-19 23:35:52,474 - httpcore.http11 - DEBUG - response_closed.started
2025-06-19 23:35:52,474 - httpcore.http11 - DEBUG - response_closed.complete
2025-06-19 23:35:52,475 - telegram.ext.ExtBot - DEBUG - No new updates found.
2025-06-19 23:35:52,476 - telegram.ext.ExtBot - DEBUG - ()
2025-06-19 23:35:52,476 - telegram.ext.ExtBot - DEBUG - Exiting: get_updates
2025-06-19 23:35:52,476 - telegram.ext.ExtBot - DEBUG - Entering: get_updates
2025-06-19 23:35:52,479 - httpcore.http11 - DEBUG - send_request_headers.started request=<Request [b'POST']>
2025-06-19 23:35:52,481 - httpcore.http11 - DEBUG - send_request_headers.complete
2025-06-19 23:35:52,481 - httpcore.http11 - DEBUG - send_request_body.started request=<Request [b'POST']>
2025-06-19 23:35:52,481 - httpcore.http11 - DEBUG - send_request_body.complete
2025-06-19 23:35:52,482 - httpcore.http11 - DEBUG - receive_response_headers.started request=<Request [b'POST']>
2025-06-19 23:36:02,807 - httpcore.http11 - DEBUG - receive_response_headers.complete return_value=(b'HTTP/1.1', 200, b'OK', [(b'Server', b'nginx/1.18.0'), (b'Date', b'Thu, 19 Jun 2025 22:36:02 GMT'), (b'Content-Type', b'application/json'), (b'Content-Length', b'23'), (b'Connection', b'keep-alive'), (b'Strict-Transport-Security', b'max-age=31536000; includeSubDomains; preload'), (b'Access-Control-Allow-Origin', b'*'), (b'Access-Control-Allow-Methods', b'GET, POST, OPTIONS'), (b'Access-Control-Expose-Headers', b'Content-Length,Content-Type,Date,Server,Connection')])
2025-06-19 23:36:02,807 - httpx - INFO - HTTP Request: POST https://api.telegram.org/bot7707158318:AAE8rWa4Q8Z_3avql6K0HAmXaooZAReoNF0/getUpdates "HTTP/1.1 200 OK"
2025-06-19 23:36:02,807 - httpcore.http11 - DEBUG - receive_response_body.started request=<Request [b'POST']>
2025-06-19 23:36:02,810 - httpcore.http11 - DEBUG - receive_response_body.complete
2025-06-19 23:36:02,810 - httpcore.http11 - DEBUG - response_closed.started
2025-06-19 23:36:02,810 - httpcore.http11 - DEBUG - response_closed.complete
2025-06-19 23:36:02,811 - telegram.ext.ExtBot - DEBUG - No new updates found.
2025-06-19 23:36:02,811 - telegram.ext.ExtBot - DEBUG - ()
2025-06-19 23:36:02,811 - telegram.ext.ExtBot - DEBUG - Exiting: get_updates
2025-06-19 23:36:02,811 - telegram.ext.ExtBot - DEBUG - Entering: get_updates
2025-06-19 23:36:02,812 - httpcore.http11 - DEBUG - send_request_headers.started request=<Request [b'POST']>
2025-06-19 23:36:02,814 - httpcore.http11 - DEBUG - send_request_headers.complete
2025-06-19 23:36:02,814 - httpcore.http11 - DEBUG - send_request_body.started request=<Request [b'POST']>
2025-06-19 23:36:02,816 - httpcore.http11 - DEBUG - send_request_body.complete
2025-06-19 23:36:02,817 - httpcore.http11 - DEBUG - receive_response_headers.started request=<Request [b'POST']>
2025-06-19 23:36:13,066 - httpcore.http11 - DEBUG - receive_response_headers.complete return_value=(b'HTTP/1.1', 200, b'OK', [(b'Server', b'nginx/1.18.0'), (b'Date', b'Thu, 19 Jun 2025 22:36:12 GMT'), (b'Content-Type', b'application/json'), (b'Content-Length', b'23'), (b'Connection', b'keep-alive'), (b'Strict-Transport-Security', b'max-age=31536000; includeSubDomains; preload'), (b'Access-Control-Allow-Origin', b'*'), (b'Access-Control-Allow-Methods', b'GET, POST, OPTIONS'), (b'Access-Control-Expose-Headers', b'Content-Length,Content-Type,Date,Server,Connection')])
2025-06-19 23:36:13,068 - httpx - INFO - HTTP Request: POST https://api.telegram.org/bot7707158318:AAE8rWa4Q8Z_3avql6K0HAmXaooZAReoNF0/getUpdates "HTTP/1.1 200 OK"
2025-06-19 23:36:13,069 - httpcore.http11 - DEBUG - receive_response_body.started request=<Request [b'POST']>
2025-06-19 23:36:13,070 - httpcore.http11 - DEBUG - receive_response_body.complete
2025-06-19 23:36:13,071 - httpcore.http11 - DEBUG - response_closed.started
2025-06-19 23:36:13,072 - httpcore.http11 - DEBUG - response_closed.complete
2025-06-19 23:36:13,072 - telegram.ext.ExtBot - DEBUG - No new updates found.
2025-06-19 23:36:13,072 - telegram.ext.ExtBot - DEBUG - ()
2025-06-19 23:36:13,072 - telegram.ext.ExtBot - DEBUG - Exiting: get_updates
2025-06-19 23:36:13,072 - telegram.ext.ExtBot - DEBUG - Entering: get_updates
2025-06-19 23:36:13,072 - httpcore.http11 - DEBUG - send_request_headers.started request=<Request [b'POST']>
2025-06-19 23:36:13,075 - httpcore.http11 - DEBUG - send_request_headers.complete
2025-06-19 23:36:13,076 - httpcore.http11 - DEBUG - send_request_body.started request=<Request [b'POST']>
2025-06-19 23:36:13,078 - httpcore.http11 - DEBUG - send_request_body.complete
2025-06-19 23:36:13,078 - httpcore.http11 - DEBUG - receive_response_headers.started request=<Request [b'POST']>
2025-06-19 23:36:23,308 - httpcore.http11 - DEBUG - receive_response_headers.complete return_value=(b'HTTP/1.1', 200, b'OK', [(b'Server', b'nginx/1.18.0'), (b'Date', b'Thu, 19 Jun 2025 22:36:23 GMT'), (b'Content-Type', b'application/json'), (b'Content-Length', b'23'), (b'Connection', b'keep-alive'), (b'Strict-Transport-Security', b'max-age=31536000; includeSubDomains; preload'), (b'Access-Control-Allow-Origin', b'*'), (b'Access-Control-Allow-Methods', b'GET, POST, OPTIONS'), (b'Access-Control-Expose-Headers', b'Content-Length,Content-Type,Date,Server,Connection')])
2025-06-19 23:36:23,310 - httpx - INFO - HTTP Request: POST https://api.telegram.org/bot7707158318:AAE8rWa4Q8Z_3avql6K0HAmXaooZAReoNF0/getUpdates "HTTP/1.1 200 OK"
2025-06-19 23:36:23,310 - httpcore.http11 - DEBUG - receive_response_body.started request=<Request [b'POST']>
2025-06-19 23:36:23,312 - httpcore.http11 - DEBUG - receive_response_body.complete
2025-06-19 23:36:23,312 - httpcore.http11 - DEBUG - response_closed.started
2025-06-19 23:36:23,312 - httpcore.http11 - DEBUG - response_closed.complete
2025-06-19 23:36:23,314 - telegram.ext.ExtBot - DEBUG - No new updates found.
2025-06-19 23:36:23,314 - telegram.ext.ExtBot - DEBUG - ()
2025-06-19 23:36:23,314 - telegram.ext.ExtBot - DEBUG - Exiting: get_updates
2025-06-19 23:36:23,314 - telegram.ext.ExtBot - DEBUG - Entering: get_updates
2025-06-19 23:36:23,317 - httpcore.http11 - DEBUG - send_request_headers.started request=<Request [b'POST']>
2025-06-19 23:36:23,317 - httpcore.http11 - DEBUG - send_request_headers.complete
2025-06-19 23:36:23,317 - httpcore.http11 - DEBUG - send_request_body.started request=<Request [b'POST']>
2025-06-19 23:36:23,322 - httpcore.http11 - DEBUG - send_request_body.complete
2025-06-19 23:36:23,322 - httpcore.http11 - DEBUG - receive_response_headers.started request=<Request [b'POST']>
2025-06-19 23:36:33,413 - httpcore.http11 - DEBUG - receive_response_headers.complete return_value=(b'HTTP/1.1', 200, b'OK', [(b'Server', b'nginx/1.18.0'), (b'Date', b'Thu, 19 Jun 2025 22:36:33 GMT'), (b'Content-Type', b'application/json'), (b'Content-Length', b'23'), (b'Connection', b'keep-alive'), (b'Strict-Transport-Security', b'max-age=31536000; includeSubDomains; preload'), (b'Access-Control-Allow-Origin', b'*'), (b'Access-Control-Allow-Methods', b'GET, POST, OPTIONS'), (b'Access-Control-Expose-Headers', b'Content-Length,Content-Type,Date,Server,Connection')])
2025-06-19 23:36:33,415 - httpx - INFO - HTTP Request: POST https://api.telegram.org/bot7707158318:AAE8rWa4Q8Z_3avql6K0HAmXaooZAReoNF0/getUpdates "HTTP/1.1 200 OK"
2025-06-19 23:36:33,419 - httpcore.http11 - DEBUG - receive_response_body.started request=<Request [b'POST']>
2025-06-19 23:36:33,420 - httpcore.http11 - DEBUG - receive_response_body.complete
2025-06-19 23:36:33,420 - httpcore.http11 - DEBUG - response_closed.started
2025-06-19 23:36:33,420 - httpcore.http11 - DEBUG - response_closed.complete
2025-06-19 23:36:33,420 - telegram.ext.ExtBot - DEBUG - No new updates found.
2025-06-19 23:36:33,420 - telegram.ext.ExtBot - DEBUG - ()
2025-06-19 23:36:33,422 - telegram.ext.ExtBot - DEBUG - Exiting: get_updates
2025-06-19 23:36:33,422 - telegram.ext.ExtBot - DEBUG - Entering: get_updates
2025-06-19 23:36:33,425 - httpcore.http11 - DEBUG - send_request_headers.started request=<Request [b'POST']>
2025-06-19 23:36:33,426 - httpcore.http11 - DEBUG - send_request_headers.complete
2025-06-19 23:36:33,426 - httpcore.http11 - DEBUG - send_request_body.started request=<Request [b'POST']>
2025-06-19 23:36:33,428 - httpcore.http11 - DEBUG - send_request_body.complete
2025-06-19 23:36:33,429 - httpcore.http11 - DEBUG - receive_response_headers.started request=<Request [b'POST']>
2025-06-19 23:36:43,944 - httpcore.http11 - DEBUG - receive_response_headers.complete return_value=(b'HTTP/1.1', 200, b'OK', [(b'Server', b'nginx/1.18.0'), (b'Date', b'Thu, 19 Jun 2025 22:36:43 GMT'), (b'Content-Type', b'application/json'), (b'Content-Length', b'23'), (b'Connection', b'keep-alive'), (b'Strict-Transport-Security', b'max-age=31536000; includeSubDomains; preload'), (b'Access-Control-Allow-Origin', b'*'), (b'Access-Control-Allow-Methods', b'GET, POST, OPTIONS'), (b'Access-Control-Expose-Headers', b'Content-Length,Content-Type,Date,Server,Connection')])
2025-06-19 23:36:43,945 - httpx - INFO - HTTP Request: POST https://api.telegram.org/bot7707158318:AAE8rWa4Q8Z_3avql6K0HAmXaooZAReoNF0/getUpdates "HTTP/1.1 200 OK"
2025-06-19 23:36:43,945 - httpcore.http11 - DEBUG - receive_response_body.started request=<Request [b'POST']>
2025-06-19 23:36:43,948 - httpcore.http11 - DEBUG - receive_response_body.complete
2025-06-19 23:36:43,948 - httpcore.http11 - DEBUG - response_closed.started
2025-06-19 23:36:43,949 - httpcore.http11 - DEBUG - response_closed.complete
2025-06-19 23:36:43,949 - telegram.ext.ExtBot - DEBUG - No new updates found.
2025-06-19 23:36:43,949 - telegram.ext.ExtBot - DEBUG - ()
2025-06-19 23:36:43,951 - telegram.ext.ExtBot - DEBUG - Exiting: get_updates
2025-06-19 23:36:43,951 - telegram.ext.ExtBot - DEBUG - Entering: get_updates
2025-06-19 23:36:43,951 - httpcore.http11 - DEBUG - send_request_headers.started request=<Request [b'POST']>
2025-06-19 23:36:43,951 - httpcore.http11 - DEBUG - send_request_headers.complete
2025-06-19 23:36:43,951 - httpcore.http11 - DEBUG - send_request_body.started request=<Request [b'POST']>
2025-06-19 23:36:43,955 - httpcore.http11 - DEBUG - send_request_body.complete
2025-06-19 23:36:43,957 - httpcore.http11 - DEBUG - receive_response_headers.started request=<Request [b'POST']>
2025-06-19 23:36:54,365 - httpcore.http11 - DEBUG - receive_response_headers.complete return_value=(b'HTTP/1.1', 200, b'OK', [(b'Server', b'nginx/1.18.0'), (b'Date', b'Thu, 19 Jun 2025 22:36:54 GMT'), (b'Content-Type', b'application/json'), (b'Content-Length', b'23'), (b'Connection', b'keep-alive'), (b'Strict-Transport-Security', b'max-age=31536000; includeSubDomains; preload'), (b'Access-Control-Allow-Origin', b'*'), (b'Access-Control-Allow-Methods', b'GET, POST, OPTIONS'), (b'Access-Control-Expose-Headers', b'Content-Length,Content-Type,Date,Server,Connection')])
2025-06-19 23:36:54,366 - httpx - INFO - HTTP Request: POST https://api.telegram.org/bot7707158318:AAE8rWa4Q8Z_3avql6K0HAmXaooZAReoNF0/getUpdates "HTTP/1.1 200 OK"
2025-06-19 23:36:54,367 - httpcore.http11 - DEBUG - receive_response_body.started request=<Request [b'POST']>
2025-06-19 23:36:54,367 - httpcore.http11 - DEBUG - receive_response_body.complete
2025-06-19 23:36:54,367 - httpcore.http11 - DEBUG - response_closed.started
2025-06-19 23:36:54,367 - httpcore.http11 - DEBUG - response_closed.complete
2025-06-19 23:36:54,369 - telegram.ext.ExtBot - DEBUG - No new updates found.
2025-06-19 23:36:54,370 - telegram.ext.ExtBot - DEBUG - ()
2025-06-19 23:36:54,370 - telegram.ext.ExtBot - DEBUG - Exiting: get_updates
2025-06-19 23:36:54,370 - telegram.ext.ExtBot - DEBUG - Entering: get_updates
2025-06-19 23:36:54,372 - httpcore.http11 - DEBUG - send_request_headers.started request=<Request [b'POST']>
2025-06-19 23:36:54,373 - httpcore.http11 - DEBUG - send_request_headers.complete
2025-06-19 23:36:54,373 - httpcore.http11 - DEBUG - send_request_body.started request=<Request [b'POST']>
2025-06-19 23:36:54,375 - httpcore.http11 - DEBUG - send_request_body.complete
2025-06-19 23:36:54,375 - httpcore.http11 - DEBUG - receive_response_headers.started request=<Request [b'POST']>
2025-06-19 23:37:04,457 - httpcore.http11 - DEBUG - receive_response_headers.complete return_value=(b'HTTP/1.1', 200, b'OK', [(b'Server', b'nginx/1.18.0'), (b'Date', b'Thu, 19 Jun 2025 22:37:04 GMT'), (b'Content-Type', b'application/json'), (b'Content-Length', b'23'), (b'Connection', b'keep-alive'), (b'Strict-Transport-Security', b'max-age=31536000; includeSubDomains; preload'), (b'Access-Control-Allow-Origin', b'*'), (b'Access-Control-Allow-Methods', b'GET, POST, OPTIONS'), (b'Access-Control-Expose-Headers', b'Content-Length,Content-Type,Date,Server,Connection')])
2025-06-19 23:37:04,461 - httpx - INFO - HTTP Request: POST https://api.telegram.org/bot7707158318:AAE8rWa4Q8Z_3avql6K0HAmXaooZAReoNF0/getUpdates "HTTP/1.1 200 OK"
2025-06-19 23:37:04,462 - httpcore.http11 - DEBUG - receive_response_body.started request=<Request [b'POST']>
2025-06-19 23:37:04,462 - httpcore.http11 - DEBUG - receive_response_body.complete
2025-06-19 23:37:04,463 - httpcore.http11 - DEBUG - response_closed.started
2025-06-19 23:37:04,463 - httpcore.http11 - DEBUG - response_closed.complete
2025-06-19 23:37:04,463 - telegram.ext.ExtBot - DEBUG - No new updates found.
2025-06-19 23:37:04,463 - telegram.ext.ExtBot - DEBUG - ()
2025-06-19 23:37:04,464 - telegram.ext.ExtBot - DEBUG - Exiting: get_updates
2025-06-19 23:37:04,464 - telegram.ext.ExtBot - DEBUG - Entering: get_updates
2025-06-19 23:37:04,465 - httpcore.http11 - DEBUG - send_request_headers.started request=<Request [b'POST']>
2025-06-19 23:37:04,467 - httpcore.http11 - DEBUG - send_request_headers.complete
2025-06-19 23:37:04,467 - httpcore.http11 - DEBUG - send_request_body.started request=<Request [b'POST']>
2025-06-19 23:37:04,467 - httpcore.http11 - DEBUG - send_request_body.complete
2025-06-19 23:37:04,467 - httpcore.http11 - DEBUG - receive_response_headers.started request=<Request [b'POST']>
2025-06-19 23:37:14,591 - httpcore.http11 - DEBUG - receive_response_headers.complete return_value=(b'HTTP/1.1', 200, b'OK', [(b'Server', b'nginx/1.18.0'), (b'Date', b'Thu, 19 Jun 2025 22:37:14 GMT'), (b'Content-Type', b'application/json'), (b'Content-Length', b'23'), (b'Connection', b'keep-alive'), (b'Strict-Transport-Security', b'max-age=31536000; includeSubDomains; preload'), (b'Access-Control-Allow-Origin', b'*'), (b'Access-Control-Allow-Methods', b'GET, POST, OPTIONS'), (b'Access-Control-Expose-Headers', b'Content-Length,Content-Type,Date,Server,Connection')])
2025-06-19 23:37:14,592 - httpx - INFO - HTTP Request: POST https://api.telegram.org/bot7707158318:AAE8rWa4Q8Z_3avql6K0HAmXaooZAReoNF0/getUpdates "HTTP/1.1 200 OK"
2025-06-19 23:37:14,592 - httpcore.http11 - DEBUG - receive_response_body.started request=<Request [b'POST']>
2025-06-19 23:37:14,592 - httpcore.http11 - DEBUG - receive_response_body.complete
2025-06-19 23:37:14,592 - httpcore.http11 - DEBUG - response_closed.started
2025-06-19 23:37:14,595 - httpcore.http11 - DEBUG - response_closed.complete
2025-06-19 23:37:14,595 - telegram.ext.ExtBot - DEBUG - No new updates found.
2025-06-19 23:37:14,595 - telegram.ext.ExtBot - DEBUG - ()
2025-06-19 23:37:14,595 - telegram.ext.ExtBot - DEBUG - Exiting: get_updates
2025-06-19 23:37:14,595 - telegram.ext.ExtBot - DEBUG - Entering: get_updates
2025-06-19 23:37:14,599 - httpcore.http11 - DEBUG - send_request_headers.started request=<Request [b'POST']>
2025-06-19 23:37:14,602 - httpcore.http11 - DEBUG - send_request_headers.complete
2025-06-19 23:37:14,602 - httpcore.http11 - DEBUG - send_request_body.started request=<Request [b'POST']>
2025-06-19 23:37:14,602 - httpcore.http11 - DEBUG - send_request_body.complete
2025-06-19 23:37:14,602 - httpcore.http11 - DEBUG - receive_response_headers.started request=<Request [b'POST']>
2025-06-19 23:37:24,745 - httpcore.http11 - DEBUG - receive_response_headers.complete return_value=(b'HTTP/1.1', 200, b'OK', [(b'Server', b'nginx/1.18.0'), (b'Date', b'Thu, 19 Jun 2025 22:37:24 GMT'), (b'Content-Type', b'application/json'), (b'Content-Length', b'23'), (b'Connection', b'keep-alive'), (b'Strict-Transport-Security', b'max-age=31536000; includeSubDomains; preload'), (b'Access-Control-Allow-Origin', b'*'), (b'Access-Control-Allow-Methods', b'GET, POST, OPTIONS'), (b'Access-Control-Expose-Headers', b'Content-Length,Content-Type,Date,Server,Connection')])
2025-06-19 23:37:24,749 - httpx - INFO - HTTP Request: POST https://api.telegram.org/bot7707158318:AAE8rWa4Q8Z_3avql6K0HAmXaooZAReoNF0/getUpdates "HTTP/1.1 200 OK"
2025-06-19 23:37:24,749 - httpcore.http11 - DEBUG - receive_response_body.started request=<Request [b'POST']>
2025-06-19 23:37:24,751 - httpcore.http11 - DEBUG - receive_response_body.complete
2025-06-19 23:37:24,751 - httpcore.http11 - DEBUG - response_closed.started
2025-06-19 23:37:24,751 - httpcore.http11 - DEBUG - response_closed.complete
2025-06-19 23:37:24,753 - telegram.ext.ExtBot - DEBUG - No new updates found.
2025-06-19 23:37:24,753 - telegram.ext.ExtBot - DEBUG - ()
2025-06-19 23:37:24,753 - telegram.ext.ExtBot - DEBUG - Exiting: get_updates
2025-06-19 23:37:24,753 - telegram.ext.ExtBot - DEBUG - Entering: get_updates
2025-06-19 23:37:24,757 - httpcore.http11 - DEBUG - send_request_headers.started request=<Request [b'POST']>
2025-06-19 23:37:24,759 - httpcore.http11 - DEBUG - send_request_headers.complete
2025-06-19 23:37:24,761 - httpcore.http11 - DEBUG - send_request_body.started request=<Request [b'POST']>
2025-06-19 23:37:24,761 - httpcore.http11 - DEBUG - send_request_body.complete
2025-06-19 23:37:24,762 - httpcore.http11 - DEBUG - receive_response_headers.started request=<Request [b'POST']>
2025-06-19 23:37:34,862 - httpcore.http11 - DEBUG - receive_response_headers.complete return_value=(b'HTTP/1.1', 200, b'OK', [(b'Server', b'nginx/1.18.0'), (b'Date', b'Thu, 19 Jun 2025 22:37:34 GMT'), (b'Content-Type', b'application/json'), (b'Content-Length', b'23'), (b'Connection', b'keep-alive'), (b'Strict-Transport-Security', b'max-age=31536000; includeSubDomains; preload'), (b'Access-Control-Allow-Origin', b'*'), (b'Access-Control-Allow-Methods', b'GET, POST, OPTIONS'), (b'Access-Control-Expose-Headers', b'Content-Length,Content-Type,Date,Server,Connection')])
2025-06-19 23:37:34,864 - httpx - INFO - HTTP Request: POST https://api.telegram.org/bot7707158318:AAE8rWa4Q8Z_3avql6K0HAmXaooZAReoNF0/getUpdates "HTTP/1.1 200 OK"
2025-06-19 23:37:34,865 - httpcore.http11 - DEBUG - receive_response_body.started request=<Request [b'POST']>
2025-06-19 23:37:34,865 - httpcore.http11 - DEBUG - receive_response_body.complete
2025-06-19 23:37:34,865 - httpcore.http11 - DEBUG - response_closed.started
2025-06-19 23:37:34,867 - httpcore.http11 - DEBUG - response_closed.complete
2025-06-19 23:37:34,868 - telegram.ext.ExtBot - DEBUG - No new updates found.
2025-06-19 23:37:34,868 - telegram.ext.ExtBot - DEBUG - ()
2025-06-19 23:37:34,868 - telegram.ext.ExtBot - DEBUG - Exiting: get_updates
2025-06-19 23:37:34,868 - telegram.ext.ExtBot - DEBUG - Entering: get_updates
2025-06-19 23:37:34,872 - httpcore.http11 - DEBUG - send_request_headers.started request=<Request [b'POST']>
2025-06-19 23:37:34,872 - httpcore.http11 - DEBUG - send_request_headers.complete
2025-06-19 23:37:34,872 - httpcore.http11 - DEBUG - send_request_body.started request=<Request [b'POST']>
2025-06-19 23:37:34,875 - httpcore.http11 - DEBUG - send_request_body.complete
2025-06-19 23:37:34,876 - httpcore.http11 - DEBUG - receive_response_headers.started request=<Request [b'POST']>
2025-06-19 23:37:44,953 - httpcore.http11 - DEBUG - receive_response_headers.complete return_value=(b'HTTP/1.1', 200, b'OK', [(b'Server', b'nginx/1.18.0'), (b'Date', b'Thu, 19 Jun 2025 22:37:44 GMT'), (b'Content-Type', b'application/json'), (b'Content-Length', b'23'), (b'Connection', b'keep-alive'), (b'Strict-Transport-Security', b'max-age=31536000; includeSubDomains; preload'), (b'Access-Control-Allow-Origin', b'*'), (b'Access-Control-Allow-Methods', b'GET, POST, OPTIONS'), (b'Access-Control-Expose-Headers', b'Content-Length,Content-Type,Date,Server,Connection')])
2025-06-19 23:37:44,957 - httpx - INFO - HTTP Request: POST https://api.telegram.org/bot7707158318:AAE8rWa4Q8Z_3avql6K0HAmXaooZAReoNF0/getUpdates "HTTP/1.1 200 OK"
2025-06-19 23:37:44,958 - httpcore.http11 - DEBUG - receive_response_body.started request=<Request [b'POST']>
2025-06-19 23:37:44,958 - httpcore.http11 - DEBUG - receive_response_body.complete
2025-06-19 23:37:44,958 - httpcore.http11 - DEBUG - response_closed.started
2025-06-19 23:37:44,962 - httpcore.http11 - DEBUG - response_closed.complete
2025-06-19 23:37:44,962 - telegram.ext.ExtBot - DEBUG - No new updates found.
2025-06-19 23:37:44,962 - telegram.ext.ExtBot - DEBUG - ()
2025-06-19 23:37:44,962 - telegram.ext.ExtBot - DEBUG - Exiting: get_updates
2025-06-19 23:37:44,964 - telegram.ext.ExtBot - DEBUG - Entering: get_updates
2025-06-19 23:37:44,971 - httpcore.http11 - DEBUG - send_request_headers.started request=<Request [b'POST']>
2025-06-19 23:37:44,975 - httpcore.http11 - DEBUG - send_request_headers.complete
2025-06-19 23:37:44,977 - httpcore.http11 - DEBUG - send_request_body.started request=<Request [b'POST']>
2025-06-19 23:37:44,981 - httpcore.http11 - DEBUG - send_request_body.complete
2025-06-19 23:37:44,981 - httpcore.http11 - DEBUG - receive_response_headers.started request=<Request [b'POST']>
2025-06-19 23:37:55,261 - httpcore.http11 - DEBUG - receive_response_headers.complete return_value=(b'HTTP/1.1', 200, b'OK', [(b'Server', b'nginx/1.18.0'), (b'Date', b'Thu, 19 Jun 2025 22:37:55 GMT'), (b'Content-Type', b'application/json'), (b'Content-Length', b'23'), (b'Connection', b'keep-alive'), (b'Strict-Transport-Security', b'max-age=31536000; includeSubDomains; preload'), (b'Access-Control-Allow-Origin', b'*'), (b'Access-Control-Allow-Methods', b'GET, POST, OPTIONS'), (b'Access-Control-Expose-Headers', b'Content-Length,Content-Type,Date,Server,Connection')])
2025-06-19 23:37:55,262 - httpx - INFO - HTTP Request: POST https://api.telegram.org/bot7707158318:AAE8rWa4Q8Z_3avql6K0HAmXaooZAReoNF0/getUpdates "HTTP/1.1 200 OK"
2025-06-19 23:37:55,264 - httpcore.http11 - DEBUG - receive_response_body.started request=<Request [b'POST']>
2025-06-19 23:37:55,264 - httpcore.http11 - DEBUG - receive_response_body.complete
2025-06-19 23:37:55,264 - httpcore.http11 - DEBUG - response_closed.started
2025-06-19 23:37:55,266 - httpcore.http11 - DEBUG - response_closed.complete
2025-06-19 23:37:55,267 - telegram.ext.ExtBot - DEBUG - No new updates found.
2025-06-19 23:37:55,267 - telegram.ext.ExtBot - DEBUG - ()
2025-06-19 23:37:55,267 - telegram.ext.ExtBot - DEBUG - Exiting: get_updates
2025-06-19 23:37:55,267 - telegram.ext.ExtBot - DEBUG - Entering: get_updates
2025-06-19 23:37:55,270 - httpcore.http11 - DEBUG - send_request_headers.started request=<Request [b'POST']>
2025-06-19 23:37:55,272 - httpcore.http11 - DEBUG - send_request_headers.complete
2025-06-19 23:37:55,272 - httpcore.http11 - DEBUG - send_request_body.started request=<Request [b'POST']>
2025-06-19 23:37:55,272 - httpcore.http11 - DEBUG - send_request_body.complete
2025-06-19 23:37:55,272 - httpcore.http11 - DEBUG - receive_response_headers.started request=<Request [b'POST']>
2025-06-19 23:38:05,912 - httpcore.http11 - DEBUG - receive_response_headers.complete return_value=(b'HTTP/1.1', 200, b'OK', [(b'Server', b'nginx/1.18.0'), (b'Date', b'Thu, 19 Jun 2025 22:38:05 GMT'), (b'Content-Type', b'application/json'), (b'Content-Length', b'23'), (b'Connection', b'keep-alive'), (b'Strict-Transport-Security', b'max-age=31536000; includeSubDomains; preload'), (b'Access-Control-Allow-Origin', b'*'), (b'Access-Control-Allow-Methods', b'GET, POST, OPTIONS'), (b'Access-Control-Expose-Headers', b'Content-Length,Content-Type,Date,Server,Connection')])
2025-06-19 23:38:05,912 - httpx - INFO - HTTP Request: POST https://api.telegram.org/bot7707158318:AAE8rWa4Q8Z_3avql6K0HAmXaooZAReoNF0/getUpdates "HTTP/1.1 200 OK"
2025-06-19 23:38:05,914 - httpcore.http11 - DEBUG - receive_response_body.started request=<Request [b'POST']>
2025-06-19 23:38:05,915 - httpcore.http11 - DEBUG - receive_response_body.complete
2025-06-19 23:38:05,916 - httpcore.http11 - DEBUG - response_closed.started
2025-06-19 23:38:05,916 - httpcore.http11 - DEBUG - response_closed.complete
2025-06-19 23:38:05,916 - telegram.ext.ExtBot - DEBUG - No new updates found.
2025-06-19 23:38:05,917 - telegram.ext.ExtBot - DEBUG - ()
2025-06-19 23:38:05,917 - telegram.ext.ExtBot - DEBUG - Exiting: get_updates
2025-06-19 23:38:05,917 - telegram.ext.ExtBot - DEBUG - Entering: get_updates
2025-06-19 23:38:05,920 - httpcore.http11 - DEBUG - send_request_headers.started request=<Request [b'POST']>
2025-06-19 23:38:05,922 - httpcore.http11 - DEBUG - send_request_headers.complete
2025-06-19 23:38:05,922 - httpcore.http11 - DEBUG - send_request_body.started request=<Request [b'POST']>
2025-06-19 23:38:05,922 - httpcore.http11 - DEBUG - send_request_body.complete
2025-06-19 23:38:05,922 - httpcore.http11 - DEBUG - receive_response_headers.started request=<Request [b'POST']>
2025-06-19 23:38:16,147 - httpcore.http11 - DEBUG - receive_response_headers.complete return_value=(b'HTTP/1.1', 200, b'OK', [(b'Server', b'nginx/1.18.0'), (b'Date', b'Thu, 19 Jun 2025 22:38:16 GMT'), (b'Content-Type', b'application/json'), (b'Content-Length', b'23'), (b'Connection', b'keep-alive'), (b'Strict-Transport-Security', b'max-age=31536000; includeSubDomains; preload'), (b'Access-Control-Allow-Origin', b'*'), (b'Access-Control-Allow-Methods', b'GET, POST, OPTIONS'), (b'Access-Control-Expose-Headers', b'Content-Length,Content-Type,Date,Server,Connection')])
2025-06-19 23:38:16,148 - httpx - INFO - HTTP Request: POST https://api.telegram.org/bot7707158318:AAE8rWa4Q8Z_3avql6K0HAmXaooZAReoNF0/getUpdates "HTTP/1.1 200 OK"
2025-06-19 23:38:16,149 - httpcore.http11 - DEBUG - receive_response_body.started request=<Request [b'POST']>
2025-06-19 23:38:16,152 - httpcore.http11 - DEBUG - receive_response_body.complete
2025-06-19 23:38:16,152 - httpcore.http11 - DEBUG - response_closed.started
2025-06-19 23:38:16,154 - httpcore.http11 - DEBUG - response_closed.complete
2025-06-19 23:38:16,154 - telegram.ext.ExtBot - DEBUG - No new updates found.
2025-06-19 23:38:16,154 - telegram.ext.ExtBot - DEBUG - ()
2025-06-19 23:38:16,156 - telegram.ext.ExtBot - DEBUG - Exiting: get_updates
2025-06-19 23:38:16,156 - telegram.ext.ExtBot - DEBUG - Entering: get_updates
2025-06-19 23:38:16,158 - httpcore.http11 - DEBUG - send_request_headers.started request=<Request [b'POST']>
2025-06-19 23:38:16,158 - httpcore.http11 - DEBUG - send_request_headers.complete
2025-06-19 23:38:16,158 - httpcore.http11 - DEBUG - send_request_body.started request=<Request [b'POST']>
2025-06-19 23:38:16,161 - httpcore.http11 - DEBUG - send_request_body.complete
2025-06-19 23:38:16,161 - httpcore.http11 - DEBUG - receive_response_headers.started request=<Request [b'POST']>
2025-06-19 23:38:26,496 - httpcore.http11 - DEBUG - receive_response_headers.complete return_value=(b'HTTP/1.1', 200, b'OK', [(b'Server', b'nginx/1.18.0'), (b'Date', b'Thu, 19 Jun 2025 22:38:26 GMT'), (b'Content-Type', b'application/json'), (b'Content-Length', b'23'), (b'Connection', b'keep-alive'), (b'Strict-Transport-Security', b'max-age=31536000; includeSubDomains; preload'), (b'Access-Control-Allow-Origin', b'*'), (b'Access-Control-Allow-Methods', b'GET, POST, OPTIONS'), (b'Access-Control-Expose-Headers', b'Content-Length,Content-Type,Date,Server,Connection')])
2025-06-19 23:38:26,497 - httpx - INFO - HTTP Request: POST https://api.telegram.org/bot7707158318:AAE8rWa4Q8Z_3avql6K0HAmXaooZAReoNF0/getUpdates "HTTP/1.1 200 OK"
2025-06-19 23:38:26,499 - httpcore.http11 - DEBUG - receive_response_body.started request=<Request [b'POST']>
2025-06-19 23:38:26,499 - httpcore.http11 - DEBUG - receive_response_body.complete
2025-06-19 23:38:26,501 - httpcore.http11 - DEBUG - response_closed.started
2025-06-19 23:38:26,501 - httpcore.http11 - DEBUG - response_closed.complete
2025-06-19 23:38:26,503 - telegram.ext.ExtBot - DEBUG - No new updates found.
2025-06-19 23:38:26,503 - telegram.ext.ExtBot - DEBUG - ()
2025-06-19 23:38:26,503 - telegram.ext.ExtBot - DEBUG - Exiting: get_updates
2025-06-19 23:38:26,503 - telegram.ext.ExtBot - DEBUG - Entering: get_updates
2025-06-19 23:38:26,506 - httpcore.http11 - DEBUG - send_request_headers.started request=<Request [b'POST']>
2025-06-19 23:38:26,509 - httpcore.http11 - DEBUG - send_request_headers.complete
2025-06-19 23:38:26,509 - httpcore.http11 - DEBUG - send_request_body.started request=<Request [b'POST']>
2025-06-19 23:38:26,509 - httpcore.http11 - DEBUG - send_request_body.complete
2025-06-19 23:38:26,511 - httpcore.http11 - DEBUG - receive_response_headers.started request=<Request [b'POST']>
2025-06-19 23:38:36,755 - httpcore.http11 - DEBUG - receive_response_headers.complete return_value=(b'HTTP/1.1', 200, b'OK', [(b'Server', b'nginx/1.18.0'), (b'Date', b'Thu, 19 Jun 2025 22:38:36 GMT'), (b'Content-Type', b'application/json'), (b'Content-Length', b'23'), (b'Connection', b'keep-alive'), (b'Strict-Transport-Security', b'max-age=31536000; includeSubDomains; preload'), (b'Access-Control-Allow-Origin', b'*'), (b'Access-Control-Allow-Methods', b'GET, POST, OPTIONS'), (b'Access-Control-Expose-Headers', b'Content-Length,Content-Type,Date,Server,Connection')])
2025-06-19 23:38:36,756 - httpx - INFO - HTTP Request: POST https://api.telegram.org/bot7707158318:AAE8rWa4Q8Z_3avql6K0HAmXaooZAReoNF0/getUpdates "HTTP/1.1 200 OK"
2025-06-19 23:38:36,757 - httpcore.http11 - DEBUG - receive_response_body.started request=<Request [b'POST']>
2025-06-19 23:38:36,758 - httpcore.http11 - DEBUG - receive_response_body.complete
2025-06-19 23:38:36,759 - httpcore.http11 - DEBUG - response_closed.started
2025-06-19 23:38:36,759 - httpcore.http11 - DEBUG - response_closed.complete
2025-06-19 23:38:36,759 - telegram.ext.ExtBot - DEBUG - No new updates found.
2025-06-19 23:38:36,759 - telegram.ext.ExtBot - DEBUG - ()
2025-06-19 23:38:36,761 - telegram.ext.ExtBot - DEBUG - Exiting: get_updates
2025-06-19 23:38:36,761 - telegram.ext.ExtBot - DEBUG - Entering: get_updates
2025-06-19 23:38:36,763 - httpcore.http11 - DEBUG - send_request_headers.started request=<Request [b'POST']>
2025-06-19 23:38:36,765 - httpcore.http11 - DEBUG - send_request_headers.complete
2025-06-19 23:38:36,766 - httpcore.http11 - DEBUG - send_request_body.started request=<Request [b'POST']>
2025-06-19 23:38:36,767 - httpcore.http11 - DEBUG - send_request_body.complete
2025-06-19 23:38:36,767 - httpcore.http11 - DEBUG - receive_response_headers.started request=<Request [b'POST']>
2025-06-19 23:38:46,878 - httpcore.http11 - DEBUG - receive_response_headers.complete return_value=(b'HTTP/1.1', 200, b'OK', [(b'Server', b'nginx/1.18.0'), (b'Date', b'Thu, 19 Jun 2025 22:38:46 GMT'), (b'Content-Type', b'application/json'), (b'Content-Length', b'23'), (b'Connection', b'keep-alive'), (b'Strict-Transport-Security', b'max-age=31536000; includeSubDomains; preload'), (b'Access-Control-Allow-Origin', b'*'), (b'Access-Control-Allow-Methods', b'GET, POST, OPTIONS'), (b'Access-Control-Expose-Headers', b'Content-Length,Content-Type,Date,Server,Connection')])
2025-06-19 23:38:46,880 - httpx - INFO - HTTP Request: POST https://api.telegram.org/bot7707158318:AAE8rWa4Q8Z_3avql6K0HAmXaooZAReoNF0/getUpdates "HTTP/1.1 200 OK"
2025-06-19 23:38:46,883 - httpcore.http11 - DEBUG - receive_response_body.started request=<Request [b'POST']>
2025-06-19 23:38:46,885 - httpcore.http11 - DEBUG - receive_response_body.complete
2025-06-19 23:38:46,885 - httpcore.http11 - DEBUG - response_closed.started
2025-06-19 23:38:46,885 - httpcore.http11 - DEBUG - response_closed.complete
2025-06-19 23:38:46,887 - telegram.ext.ExtBot - DEBUG - No new updates found.
2025-06-19 23:38:46,887 - telegram.ext.ExtBot - DEBUG - ()
2025-06-19 23:38:46,887 - telegram.ext.ExtBot - DEBUG - Exiting: get_updates
2025-06-19 23:38:46,887 - telegram.ext.ExtBot - DEBUG - Entering: get_updates
2025-06-19 23:38:46,890 - httpcore.http11 - DEBUG - send_request_headers.started request=<Request [b'POST']>
2025-06-19 23:38:46,894 - httpcore.http11 - DEBUG - send_request_headers.complete
2025-06-19 23:38:46,894 - httpcore.http11 - DEBUG - send_request_body.started request=<Request [b'POST']>
2025-06-19 23:38:46,896 - httpcore.http11 - DEBUG - send_request_body.complete
2025-06-19 23:38:46,896 - httpcore.http11 - DEBUG - receive_response_headers.started request=<Request [b'POST']>
2025-06-19 23:38:57,562 - httpcore.http11 - DEBUG - receive_response_headers.complete return_value=(b'HTTP/1.1', 200, b'OK', [(b'Server', b'nginx/1.18.0'), (b'Date', b'Thu, 19 Jun 2025 22:38:57 GMT'), (b'Content-Type', b'application/json'), (b'Content-Length', b'23'), (b'Connection', b'keep-alive'), (b'Strict-Transport-Security', b'max-age=31536000; includeSubDomains; preload'), (b'Access-Control-Allow-Origin', b'*'), (b'Access-Control-Allow-Methods', b'GET, POST, OPTIONS'), (b'Access-Control-Expose-Headers', b'Content-Length,Content-Type,Date,Server,Connection')])
2025-06-19 23:38:57,568 - httpx - INFO - HTTP Request: POST https://api.telegram.org/bot7707158318:AAE8rWa4Q8Z_3avql6K0HAmXaooZAReoNF0/getUpdates "HTTP/1.1 200 OK"
2025-06-19 23:38:57,588 - httpcore.http11 - DEBUG - receive_response_body.started request=<Request [b'POST']>
2025-06-19 23:38:57,588 - httpcore.http11 - DEBUG - receive_response_body.complete
2025-06-19 23:38:57,640 - httpcore.http11 - DEBUG - response_closed.started
2025-06-19 23:38:57,672 - httpcore.http11 - DEBUG - response_closed.complete
2025-06-19 23:38:57,672 - telegram.ext.ExtBot - DEBUG - No new updates found.
2025-06-19 23:38:57,724 - telegram.ext.ExtBot - DEBUG - ()
2025-06-19 23:38:57,724 - telegram.ext.ExtBot - DEBUG - Exiting: get_updates
2025-06-19 23:38:57,724 - telegram.ext.ExtBot - DEBUG - Entering: get_updates
2025-06-19 23:38:57,805 - httpcore.http11 - DEBUG - send_request_headers.started request=<Request [b'POST']>
2025-06-19 23:38:57,825 - httpcore.http11 - DEBUG - send_request_headers.complete
2025-06-19 23:38:57,825 - httpcore.http11 - DEBUG - send_request_body.started request=<Request [b'POST']>
2025-06-19 23:38:57,839 - httpcore.http11 - DEBUG - send_request_body.complete
2025-06-19 23:38:57,839 - httpcore.http11 - DEBUG - receive_response_headers.started request=<Request [b'POST']>
2025-06-19 23:39:07,895 - httpcore.http11 - DEBUG - receive_response_headers.complete return_value=(b'HTTP/1.1', 200, b'OK', [(b'Server', b'nginx/1.18.0'), (b'Date', b'Thu, 19 Jun 2025 22:39:07 GMT'), (b'Content-Type', b'application/json'), (b'Content-Length', b'23'), (b'Connection', b'keep-alive'), (b'Strict-Transport-Security', b'max-age=31536000; includeSubDomains; preload'), (b'Access-Control-Allow-Origin', b'*'), (b'Access-Control-Allow-Methods', b'GET, POST, OPTIONS'), (b'Access-Control-Expose-Headers', b'Content-Length,Content-Type,Date,Server,Connection')])
2025-06-19 23:39:07,898 - httpx - INFO - HTTP Request: POST https://api.telegram.org/bot7707158318:AAE8rWa4Q8Z_3avql6K0HAmXaooZAReoNF0/getUpdates "HTTP/1.1 200 OK"
2025-06-19 23:39:07,903 - httpcore.http11 - DEBUG - receive_response_body.started request=<Request [b'POST']>
2025-06-19 23:39:07,903 - httpcore.http11 - DEBUG - receive_response_body.complete
2025-06-19 23:39:07,906 - httpcore.http11 - DEBUG - response_closed.started
2025-06-19 23:39:07,907 - httpcore.http11 - DEBUG - response_closed.complete
2025-06-19 23:39:07,909 - telegram.ext.ExtBot - DEBUG - No new updates found.
2025-06-19 23:39:07,918 - telegram.ext.ExtBot - DEBUG - ()
2025-06-19 23:39:07,923 - telegram.ext.ExtBot - DEBUG - Exiting: get_updates
2025-06-19 23:39:07,923 - telegram.ext.ExtBot - DEBUG - Entering: get_updates
2025-06-19 23:39:07,970 - httpcore.http11 - DEBUG - send_request_headers.started request=<Request [b'POST']>
2025-06-19 23:39:07,980 - httpcore.http11 - DEBUG - send_request_headers.complete
2025-06-19 23:39:07,983 - httpcore.http11 - DEBUG - send_request_body.started request=<Request [b'POST']>
2025-06-19 23:39:07,985 - httpcore.http11 - DEBUG - send_request_body.complete
2025-06-19 23:39:07,985 - httpcore.http11 - DEBUG - receive_response_headers.started request=<Request [b'POST']>
2025-06-19 23:39:18,166 - httpcore.http11 - DEBUG - receive_response_headers.complete return_value=(b'HTTP/1.1', 200, b'OK', [(b'Server', b'nginx/1.18.0'), (b'Date', b'Thu, 19 Jun 2025 22:39:18 GMT'), (b'Content-Type', b'application/json'), (b'Content-Length', b'23'), (b'Connection', b'keep-alive'), (b'Strict-Transport-Security', b'max-age=31536000; includeSubDomains; preload'), (b'Access-Control-Allow-Origin', b'*'), (b'Access-Control-Allow-Methods', b'GET, POST, OPTIONS'), (b'Access-Control-Expose-Headers', b'Content-Length,Content-Type,Date,Server,Connection')])
2025-06-19 23:39:18,168 - httpx - INFO - HTTP Request: POST https://api.telegram.org/bot7707158318:AAE8rWa4Q8Z_3avql6K0HAmXaooZAReoNF0/getUpdates "HTTP/1.1 200 OK"
2025-06-19 23:39:18,171 - httpcore.http11 - DEBUG - receive_response_body.started request=<Request [b'POST']>
2025-06-19 23:39:18,171 - httpcore.http11 - DEBUG - receive_response_body.complete
2025-06-19 23:39:18,173 - httpcore.http11 - DEBUG - response_closed.started
2025-06-19 23:39:18,173 - httpcore.http11 - DEBUG - response_closed.complete
2025-06-19 23:39:18,173 - telegram.ext.ExtBot - DEBUG - No new updates found.
2025-06-19 23:39:18,175 - telegram.ext.ExtBot - DEBUG - ()
2025-06-19 23:39:18,175 - telegram.ext.ExtBot - DEBUG - Exiting: get_updates
2025-06-19 23:39:18,175 - telegram.ext.ExtBot - DEBUG - Entering: get_updates
2025-06-19 23:39:18,181 - httpcore.http11 - DEBUG - send_request_headers.started request=<Request [b'POST']>
2025-06-19 23:39:18,184 - httpcore.http11 - DEBUG - send_request_headers.complete
2025-06-19 23:39:18,184 - httpcore.http11 - DEBUG - send_request_body.started request=<Request [b'POST']>
2025-06-19 23:39:18,186 - httpcore.http11 - DEBUG - send_request_body.complete
2025-06-19 23:39:18,186 - httpcore.http11 - DEBUG - receive_response_headers.started request=<Request [b'POST']>
2025-06-19 23:39:28,536 - httpcore.http11 - DEBUG - receive_response_headers.complete return_value=(b'HTTP/1.1', 200, b'OK', [(b'Server', b'nginx/1.18.0'), (b'Date', b'Thu, 19 Jun 2025 22:39:28 GMT'), (b'Content-Type', b'application/json'), (b'Content-Length', b'23'), (b'Connection', b'keep-alive'), (b'Strict-Transport-Security', b'max-age=31536000; includeSubDomains; preload'), (b'Access-Control-Allow-Origin', b'*'), (b'Access-Control-Allow-Methods', b'GET, POST, OPTIONS'), (b'Access-Control-Expose-Headers', b'Content-Length,Content-Type,Date,Server,Connection')])
2025-06-19 23:39:28,536 - httpx - INFO - HTTP Request: POST https://api.telegram.org/bot7707158318:AAE8rWa4Q8Z_3avql6K0HAmXaooZAReoNF0/getUpdates "HTTP/1.1 200 OK"
2025-06-19 23:39:28,538 - httpcore.http11 - DEBUG - receive_response_body.started request=<Request [b'POST']>
2025-06-19 23:39:28,538 - httpcore.http11 - DEBUG - receive_response_body.complete
2025-06-19 23:39:28,538 - httpcore.http11 - DEBUG - response_closed.started
2025-06-19 23:39:28,538 - httpcore.http11 - DEBUG - response_closed.complete
2025-06-19 23:39:28,538 - telegram.ext.ExtBot - DEBUG - No new updates found.
2025-06-19 23:39:28,538 - telegram.ext.ExtBot - DEBUG - ()
2025-06-19 23:39:28,538 - telegram.ext.ExtBot - DEBUG - Exiting: get_updates
2025-06-19 23:39:28,538 - telegram.ext.ExtBot - DEBUG - Entering: get_updates
2025-06-19 23:39:28,538 - httpcore.http11 - DEBUG - send_request_headers.started request=<Request [b'POST']>
2025-06-19 23:39:28,538 - httpcore.http11 - DEBUG - send_request_headers.complete
2025-06-19 23:39:28,538 - httpcore.http11 - DEBUG - send_request_body.started request=<Request [b'POST']>
2025-06-19 23:39:28,549 - httpcore.http11 - DEBUG - send_request_body.complete
2025-06-19 23:39:28,549 - httpcore.http11 - DEBUG - receive_response_headers.started request=<Request [b'POST']>
2025-06-19 23:39:38,684 - httpcore.http11 - DEBUG - receive_response_headers.complete return_value=(b'HTTP/1.1', 200, b'OK', [(b'Server', b'nginx/1.18.0'), (b'Date', b'Thu, 19 Jun 2025 22:39:38 GMT'), (b'Content-Type', b'application/json'), (b'Content-Length', b'23'), (b'Connection', b'keep-alive'), (b'Strict-Transport-Security', b'max-age=31536000; includeSubDomains; preload'), (b'Access-Control-Allow-Origin', b'*'), (b'Access-Control-Allow-Methods', b'GET, POST, OPTIONS'), (b'Access-Control-Expose-Headers', b'Content-Length,Content-Type,Date,Server,Connection')])
2025-06-19 23:39:38,684 - httpx - INFO - HTTP Request: POST https://api.telegram.org/bot7707158318:AAE8rWa4Q8Z_3avql6K0HAmXaooZAReoNF0/getUpdates "HTTP/1.1 200 OK"
2025-06-19 23:39:38,689 - httpcore.http11 - DEBUG - receive_response_body.started request=<Request [b'POST']>
2025-06-19 23:39:38,689 - httpcore.http11 - DEBUG - receive_response_body.complete
2025-06-19 23:39:38,690 - httpcore.http11 - DEBUG - response_closed.started
2025-06-19 23:39:38,691 - httpcore.http11 - DEBUG - response_closed.complete
2025-06-19 23:39:38,692 - telegram.ext.ExtBot - DEBUG - No new updates found.
2025-06-19 23:39:38,692 - telegram.ext.ExtBot - DEBUG - ()
2025-06-19 23:39:38,693 - telegram.ext.ExtBot - DEBUG - Exiting: get_updates
2025-06-19 23:39:38,693 - telegram.ext.ExtBot - DEBUG - Entering: get_updates
2025-06-19 23:39:38,698 - httpcore.http11 - DEBUG - send_request_headers.started request=<Request [b'POST']>
2025-06-19 23:39:38,699 - httpcore.http11 - DEBUG - send_request_headers.complete
2025-06-19 23:39:38,701 - httpcore.http11 - DEBUG - send_request_body.started request=<Request [b'POST']>
2025-06-19 23:39:38,706 - httpcore.http11 - DEBUG - send_request_body.complete
2025-06-19 23:39:38,708 - httpcore.http11 - DEBUG - receive_response_headers.started request=<Request [b'POST']>
2025-06-19 23:39:48,912 - httpcore.http11 - DEBUG - receive_response_headers.complete return_value=(b'HTTP/1.1', 200, b'OK', [(b'Server', b'nginx/1.18.0'), (b'Date', b'Thu, 19 Jun 2025 22:39:48 GMT'), (b'Content-Type', b'application/json'), (b'Content-Length', b'23'), (b'Connection', b'keep-alive'), (b'Strict-Transport-Security', b'max-age=31536000; includeSubDomains; preload'), (b'Access-Control-Allow-Origin', b'*'), (b'Access-Control-Allow-Methods', b'GET, POST, OPTIONS'), (b'Access-Control-Expose-Headers', b'Content-Length,Content-Type,Date,Server,Connection')])
2025-06-19 23:39:48,914 - httpx - INFO - HTTP Request: POST https://api.telegram.org/bot7707158318:AAE8rWa4Q8Z_3avql6K0HAmXaooZAReoNF0/getUpdates "HTTP/1.1 200 OK"
2025-06-19 23:39:48,916 - httpcore.http11 - DEBUG - receive_response_body.started request=<Request [b'POST']>
2025-06-19 23:39:48,916 - httpcore.http11 - DEBUG - receive_response_body.complete
2025-06-19 23:39:48,917 - httpcore.http11 - DEBUG - response_closed.started
2025-06-19 23:39:48,917 - httpcore.http11 - DEBUG - response_closed.complete
2025-06-19 23:39:48,919 - telegram.ext.ExtBot - DEBUG - No new updates found.
2025-06-19 23:39:48,919 - telegram.ext.ExtBot - DEBUG - ()
2025-06-19 23:39:48,919 - telegram.ext.ExtBot - DEBUG - Exiting: get_updates
2025-06-19 23:39:48,920 - telegram.ext.ExtBot - DEBUG - Entering: get_updates
2025-06-19 23:39:48,921 - httpcore.http11 - DEBUG - send_request_headers.started request=<Request [b'POST']>
2025-06-19 23:39:48,921 - httpcore.http11 - DEBUG - send_request_headers.complete
2025-06-19 23:39:48,925 - httpcore.http11 - DEBUG - send_request_body.started request=<Request [b'POST']>
2025-06-19 23:39:48,925 - httpcore.http11 - DEBUG - send_request_body.complete
2025-06-19 23:39:48,925 - httpcore.http11 - DEBUG - receive_response_headers.started request=<Request [b'POST']>
2025-06-19 23:39:59,020 - httpcore.http11 - DEBUG - receive_response_headers.complete return_value=(b'HTTP/1.1', 200, b'OK', [(b'Server', b'nginx/1.18.0'), (b'Date', b'Thu, 19 Jun 2025 22:39:59 GMT'), (b'Content-Type', b'application/json'), (b'Content-Length', b'23'), (b'Connection', b'keep-alive'), (b'Strict-Transport-Security', b'max-age=31536000; includeSubDomains; preload'), (b'Access-Control-Allow-Origin', b'*'), (b'Access-Control-Allow-Methods', b'GET, POST, OPTIONS'), (b'Access-Control-Expose-Headers', b'Content-Length,Content-Type,Date,Server,Connection')])
2025-06-19 23:39:59,022 - httpx - INFO - HTTP Request: POST https://api.telegram.org/bot7707158318:AAE8rWa4Q8Z_3avql6K0HAmXaooZAReoNF0/getUpdates "HTTP/1.1 200 OK"
2025-06-19 23:39:59,023 - httpcore.http11 - DEBUG - receive_response_body.started request=<Request [b'POST']>
2025-06-19 23:39:59,025 - httpcore.http11 - DEBUG - receive_response_body.complete
2025-06-19 23:39:59,025 - httpcore.http11 - DEBUG - response_closed.started
2025-06-19 23:39:59,026 - httpcore.http11 - DEBUG - response_closed.complete
2025-06-19 23:39:59,027 - telegram.ext.ExtBot - DEBUG - No new updates found.
2025-06-19 23:39:59,028 - telegram.ext.ExtBot - DEBUG - ()
2025-06-19 23:39:59,028 - telegram.ext.ExtBot - DEBUG - Exiting: get_updates
2025-06-19 23:39:59,028 - telegram.ext.ExtBot - DEBUG - Entering: get_updates
2025-06-19 23:39:59,032 - httpcore.http11 - DEBUG - send_request_headers.started request=<Request [b'POST']>
2025-06-19 23:39:59,034 - httpcore.http11 - DEBUG - send_request_headers.complete
2025-06-19 23:39:59,034 - httpcore.http11 - DEBUG - send_request_body.started request=<Request [b'POST']>
2025-06-19 23:39:59,036 - httpcore.http11 - DEBUG - send_request_body.complete
2025-06-19 23:39:59,036 - httpcore.http11 - DEBUG - receive_response_headers.started request=<Request [b'POST']>
2025-06-19 23:40:09,127 - httpcore.http11 - DEBUG - receive_response_headers.complete return_value=(b'HTTP/1.1', 200, b'OK', [(b'Server', b'nginx/1.18.0'), (b'Date', b'Thu, 19 Jun 2025 22:40:09 GMT'), (b'Content-Type', b'application/json'), (b'Content-Length', b'23'), (b'Connection', b'keep-alive'), (b'Strict-Transport-Security', b'max-age=31536000; includeSubDomains; preload'), (b'Access-Control-Allow-Origin', b'*'), (b'Access-Control-Allow-Methods', b'GET, POST, OPTIONS'), (b'Access-Control-Expose-Headers', b'Content-Length,Content-Type,Date,Server,Connection')])
2025-06-19 23:40:09,127 - httpx - INFO - HTTP Request: POST https://api.telegram.org/bot7707158318:AAE8rWa4Q8Z_3avql6K0HAmXaooZAReoNF0/getUpdates "HTTP/1.1 200 OK"
2025-06-19 23:40:09,127 - httpcore.http11 - DEBUG - receive_response_body.started request=<Request [b'POST']>
2025-06-19 23:40:09,127 - httpcore.http11 - DEBUG - receive_response_body.complete
2025-06-19 23:40:09,127 - httpcore.http11 - DEBUG - response_closed.started
2025-06-19 23:40:09,134 - httpcore.http11 - DEBUG - response_closed.complete
2025-06-19 23:40:09,134 - telegram.ext.ExtBot - DEBUG - No new updates found.
2025-06-19 23:40:09,134 - telegram.ext.ExtBot - DEBUG - ()
2025-06-19 23:40:09,134 - telegram.ext.ExtBot - DEBUG - Exiting: get_updates
2025-06-19 23:40:09,134 - telegram.ext.ExtBot - DEBUG - Entering: get_updates
2025-06-19 23:40:09,136 - httpcore.http11 - DEBUG - send_request_headers.started request=<Request [b'POST']>
2025-06-19 23:40:09,139 - httpcore.http11 - DEBUG - send_request_headers.complete
2025-06-19 23:40:09,139 - httpcore.http11 - DEBUG - send_request_body.started request=<Request [b'POST']>
2025-06-19 23:40:09,141 - httpcore.http11 - DEBUG - send_request_body.complete
2025-06-19 23:40:09,141 - httpcore.http11 - DEBUG - receive_response_headers.started request=<Request [b'POST']>
2025-06-19 23:40:19,338 - httpcore.http11 - DEBUG - receive_response_headers.complete return_value=(b'HTTP/1.1', 200, b'OK', [(b'Server', b'nginx/1.18.0'), (b'Date', b'Thu, 19 Jun 2025 22:40:19 GMT'), (b'Content-Type', b'application/json'), (b'Content-Length', b'23'), (b'Connection', b'keep-alive'), (b'Strict-Transport-Security', b'max-age=31536000; includeSubDomains; preload'), (b'Access-Control-Allow-Origin', b'*'), (b'Access-Control-Allow-Methods', b'GET, POST, OPTIONS'), (b'Access-Control-Expose-Headers', b'Content-Length,Content-Type,Date,Server,Connection')])
2025-06-19 23:40:19,340 - httpx - INFO - HTTP Request: POST https://api.telegram.org/bot7707158318:AAE8rWa4Q8Z_3avql6K0HAmXaooZAReoNF0/getUpdates "HTTP/1.1 200 OK"
2025-06-19 23:40:19,343 - httpcore.http11 - DEBUG - receive_response_body.started request=<Request [b'POST']>
2025-06-19 23:40:19,343 - httpcore.http11 - DEBUG - receive_response_body.complete
2025-06-19 23:40:19,344 - httpcore.http11 - DEBUG - response_closed.started
2025-06-19 23:40:19,344 - httpcore.http11 - DEBUG - response_closed.complete
2025-06-19 23:40:19,344 - telegram.ext.ExtBot - DEBUG - No new updates found.
2025-06-19 23:40:19,345 - telegram.ext.ExtBot - DEBUG - ()
2025-06-19 23:40:19,345 - telegram.ext.ExtBot - DEBUG - Exiting: get_updates
2025-06-19 23:40:19,345 - telegram.ext.ExtBot - DEBUG - Entering: get_updates
2025-06-19 23:40:19,348 - httpcore.http11 - DEBUG - send_request_headers.started request=<Request [b'POST']>
2025-06-19 23:40:19,349 - httpcore.http11 - DEBUG - send_request_headers.complete
2025-06-19 23:40:19,351 - httpcore.http11 - DEBUG - send_request_body.started request=<Request [b'POST']>
2025-06-19 23:40:19,351 - httpcore.http11 - DEBUG - send_request_body.complete
2025-06-19 23:40:19,351 - httpcore.http11 - DEBUG - receive_response_headers.started request=<Request [b'POST']>
2025-06-19 23:40:29,477 - httpcore.http11 - DEBUG - receive_response_headers.complete return_value=(b'HTTP/1.1', 200, b'OK', [(b'Server', b'nginx/1.18.0'), (b'Date', b'Thu, 19 Jun 2025 22:40:29 GMT'), (b'Content-Type', b'application/json'), (b'Content-Length', b'23'), (b'Connection', b'keep-alive'), (b'Strict-Transport-Security', b'max-age=31536000; includeSubDomains; preload'), (b'Access-Control-Allow-Origin', b'*'), (b'Access-Control-Allow-Methods', b'GET, POST, OPTIONS'), (b'Access-Control-Expose-Headers', b'Content-Length,Content-Type,Date,Server,Connection')])
2025-06-19 23:40:29,482 - httpx - INFO - HTTP Request: POST https://api.telegram.org/bot7707158318:AAE8rWa4Q8Z_3avql6K0HAmXaooZAReoNF0/getUpdates "HTTP/1.1 200 OK"
2025-06-19 23:40:29,486 - httpcore.http11 - DEBUG - receive_response_body.started request=<Request [b'POST']>
2025-06-19 23:40:29,486 - httpcore.http11 - DEBUG - receive_response_body.complete
2025-06-19 23:40:29,486 - httpcore.http11 - DEBUG - response_closed.started
2025-06-19 23:40:29,488 - httpcore.http11 - DEBUG - response_closed.complete
2025-06-19 23:40:29,488 - telegram.ext.ExtBot - DEBUG - No new updates found.
2025-06-19 23:40:29,488 - telegram.ext.ExtBot - DEBUG - ()
2025-06-19 23:40:29,488 - telegram.ext.ExtBot - DEBUG - Exiting: get_updates
2025-06-19 23:40:29,488 - telegram.ext.ExtBot - DEBUG - Entering: get_updates
2025-06-19 23:40:29,492 - httpcore.http11 - DEBUG - send_request_headers.started request=<Request [b'POST']>
2025-06-19 23:40:29,494 - httpcore.http11 - DEBUG - send_request_headers.complete
2025-06-19 23:40:29,494 - httpcore.http11 - DEBUG - send_request_body.started request=<Request [b'POST']>
2025-06-19 23:40:29,496 - httpcore.http11 - DEBUG - send_request_body.complete
2025-06-19 23:40:29,497 - httpcore.http11 - DEBUG - receive_response_headers.started request=<Request [b'POST']>
2025-06-19 23:40:39,592 - httpcore.http11 - DEBUG - receive_response_headers.complete return_value=(b'HTTP/1.1', 200, b'OK', [(b'Server', b'nginx/1.18.0'), (b'Date', b'Thu, 19 Jun 2025 22:40:39 GMT'), (b'Content-Type', b'application/json'), (b'Content-Length', b'23'), (b'Connection', b'keep-alive'), (b'Strict-Transport-Security', b'max-age=31536000; includeSubDomains; preload'), (b'Access-Control-Allow-Origin', b'*'), (b'Access-Control-Allow-Methods', b'GET, POST, OPTIONS'), (b'Access-Control-Expose-Headers', b'Content-Length,Content-Type,Date,Server,Connection')])
2025-06-19 23:40:39,594 - httpx - INFO - HTTP Request: POST https://api.telegram.org/bot7707158318:AAE8rWa4Q8Z_3avql6K0HAmXaooZAReoNF0/getUpdates "HTTP/1.1 200 OK"
2025-06-19 23:40:39,594 - httpcore.http11 - DEBUG - receive_response_body.started request=<Request [b'POST']>
2025-06-19 23:40:39,596 - httpcore.http11 - DEBUG - receive_response_body.complete
2025-06-19 23:40:39,597 - httpcore.http11 - DEBUG - response_closed.started
2025-06-19 23:40:39,597 - httpcore.http11 - DEBUG - response_closed.complete
2025-06-19 23:40:39,598 - telegram.ext.ExtBot - DEBUG - No new updates found.
2025-06-19 23:40:39,598 - telegram.ext.ExtBot - DEBUG - ()
2025-06-19 23:40:39,598 - telegram.ext.ExtBot - DEBUG - Exiting: get_updates
2025-06-19 23:40:39,599 - telegram.ext.ExtBot - DEBUG - Entering: get_updates
2025-06-19 23:40:39,601 - httpcore.http11 - DEBUG - send_request_headers.started request=<Request [b'POST']>
2025-06-19 23:40:39,603 - httpcore.http11 - DEBUG - send_request_headers.complete
2025-06-19 23:40:39,603 - httpcore.http11 - DEBUG - send_request_body.started request=<Request [b'POST']>
2025-06-19 23:40:39,603 - httpcore.http11 - DEBUG - send_request_body.complete
2025-06-19 23:40:39,603 - httpcore.http11 - DEBUG - receive_response_headers.started request=<Request [b'POST']>
2025-06-19 23:40:49,751 - httpcore.http11 - DEBUG - receive_response_headers.complete return_value=(b'HTTP/1.1', 200, b'OK', [(b'Server', b'nginx/1.18.0'), (b'Date', b'Thu, 19 Jun 2025 22:40:49 GMT'), (b'Content-Type', b'application/json'), (b'Content-Length', b'23'), (b'Connection', b'keep-alive'), (b'Strict-Transport-Security', b'max-age=31536000; includeSubDomains; preload'), (b'Access-Control-Allow-Origin', b'*'), (b'Access-Control-Allow-Methods', b'GET, POST, OPTIONS'), (b'Access-Control-Expose-Headers', b'Content-Length,Content-Type,Date,Server,Connection')])
2025-06-19 23:40:49,753 - httpx - INFO - HTTP Request: POST https://api.telegram.org/bot7707158318:AAE8rWa4Q8Z_3avql6K0HAmXaooZAReoNF0/getUpdates "HTTP/1.1 200 OK"
2025-06-19 23:40:49,756 - httpcore.http11 - DEBUG - receive_response_body.started request=<Request [b'POST']>
2025-06-19 23:40:49,758 - httpcore.http11 - DEBUG - receive_response_body.complete
2025-06-19 23:40:49,758 - httpcore.http11 - DEBUG - response_closed.started
2025-06-19 23:40:49,758 - httpcore.http11 - DEBUG - response_closed.complete
2025-06-19 23:40:49,758 - telegram.ext.ExtBot - DEBUG - No new updates found.
2025-06-19 23:40:49,760 - telegram.ext.ExtBot - DEBUG - ()
2025-06-19 23:40:49,760 - telegram.ext.ExtBot - DEBUG - Exiting: get_updates
2025-06-19 23:40:49,760 - telegram.ext.ExtBot - DEBUG - Entering: get_updates
2025-06-19 23:40:49,762 - httpcore.http11 - DEBUG - send_request_headers.started request=<Request [b'POST']>
2025-06-19 23:40:49,764 - httpcore.http11 - DEBUG - send_request_headers.complete
2025-06-19 23:40:49,764 - httpcore.http11 - DEBUG - send_request_body.started request=<Request [b'POST']>
2025-06-19 23:40:49,764 - httpcore.http11 - DEBUG - send_request_body.complete
2025-06-19 23:40:49,766 - httpcore.http11 - DEBUG - receive_response_headers.started request=<Request [b'POST']>
2025-06-19 23:40:59,991 - httpcore.http11 - DEBUG - receive_response_headers.complete return_value=(b'HTTP/1.1', 200, b'OK', [(b'Server', b'nginx/1.18.0'), (b'Date', b'Thu, 19 Jun 2025 22:40:59 GMT'), (b'Content-Type', b'application/json'), (b'Content-Length', b'23'), (b'Connection', b'keep-alive'), (b'Strict-Transport-Security', b'max-age=31536000; includeSubDomains; preload'), (b'Access-Control-Allow-Origin', b'*'), (b'Access-Control-Allow-Methods', b'GET, POST, OPTIONS'), (b'Access-Control-Expose-Headers', b'Content-Length,Content-Type,Date,Server,Connection')])
2025-06-19 23:40:59,991 - httpx - INFO - HTTP Request: POST https://api.telegram.org/bot7707158318:AAE8rWa4Q8Z_3avql6K0HAmXaooZAReoNF0/getUpdates "HTTP/1.1 200 OK"
2025-06-19 23:40:59,993 - httpcore.http11 - DEBUG - receive_response_body.started request=<Request [b'POST']>
2025-06-19 23:40:59,994 - httpcore.http11 - DEBUG - receive_response_body.complete
2025-06-19 23:40:59,994 - httpcore.http11 - DEBUG - response_closed.started
2025-06-19 23:40:59,994 - httpcore.http11 - DEBUG - response_closed.complete
2025-06-19 23:40:59,995 - telegram.ext.ExtBot - DEBUG - No new updates found.
2025-06-19 23:40:59,995 - telegram.ext.ExtBot - DEBUG - ()
2025-06-19 23:40:59,995 - telegram.ext.ExtBot - DEBUG - Exiting: get_updates
2025-06-19 23:40:59,995 - telegram.ext.ExtBot - DEBUG - Entering: get_updates
2025-06-19 23:40:59,999 - httpcore.http11 - DEBUG - send_request_headers.started request=<Request [b'POST']>
2025-06-19 23:40:59,999 - httpcore.http11 - DEBUG - send_request_headers.complete
2025-06-19 23:40:59,999 - httpcore.http11 - DEBUG - send_request_body.started request=<Request [b'POST']>
2025-06-19 23:41:00,002 - httpcore.http11 - DEBUG - send_request_body.complete
2025-06-19 23:41:00,002 - httpcore.http11 - DEBUG - receive_response_headers.started request=<Request [b'POST']>
2025-06-19 23:41:10,184 - httpcore.http11 - DEBUG - receive_response_headers.complete return_value=(b'HTTP/1.1', 200, b'OK', [(b'Server', b'nginx/1.18.0'), (b'Date', b'Thu, 19 Jun 2025 22:41:10 GMT'), (b'Content-Type', b'application/json'), (b'Content-Length', b'23'), (b'Connection', b'keep-alive'), (b'Strict-Transport-Security', b'max-age=31536000; includeSubDomains; preload'), (b'Access-Control-Allow-Origin', b'*'), (b'Access-Control-Allow-Methods', b'GET, POST, OPTIONS'), (b'Access-Control-Expose-Headers', b'Content-Length,Content-Type,Date,Server,Connection')])
2025-06-19 23:41:10,184 - httpx - INFO - HTTP Request: POST https://api.telegram.org/bot7707158318:AAE8rWa4Q8Z_3avql6K0HAmXaooZAReoNF0/getUpdates "HTTP/1.1 200 OK"
2025-06-19 23:41:10,184 - httpcore.http11 - DEBUG - receive_response_body.started request=<Request [b'POST']>
2025-06-19 23:41:10,184 - httpcore.http11 - DEBUG - receive_response_body.complete
2025-06-19 23:41:10,184 - httpcore.http11 - DEBUG - response_closed.started
2025-06-19 23:41:10,200 - httpcore.http11 - DEBUG - response_closed.complete
2025-06-19 23:41:10,200 - telegram.ext.ExtBot - DEBUG - No new updates found.
2025-06-19 23:41:10,200 - telegram.ext.ExtBot - DEBUG - ()
2025-06-19 23:41:10,200 - telegram.ext.ExtBot - DEBUG - Exiting: get_updates
2025-06-19 23:41:10,200 - telegram.ext.ExtBot - DEBUG - Entering: get_updates
2025-06-19 23:41:10,206 - httpcore.http11 - DEBUG - send_request_headers.started request=<Request [b'POST']>
2025-06-19 23:41:10,206 - httpcore.http11 - DEBUG - send_request_headers.complete
2025-06-19 23:41:10,206 - httpcore.http11 - DEBUG - send_request_body.started request=<Request [b'POST']>
2025-06-19 23:41:10,206 - httpcore.http11 - DEBUG - send_request_body.complete
2025-06-19 23:41:10,206 - httpcore.http11 - DEBUG - receive_response_headers.started request=<Request [b'POST']>
2025-06-19 23:41:20,365 - httpcore.http11 - DEBUG - receive_response_headers.complete return_value=(b'HTTP/1.1', 200, b'OK', [(b'Server', b'nginx/1.18.0'), (b'Date', b'Thu, 19 Jun 2025 22:41:20 GMT'), (b'Content-Type', b'application/json'), (b'Content-Length', b'23'), (b'Connection', b'keep-alive'), (b'Strict-Transport-Security', b'max-age=31536000; includeSubDomains; preload'), (b'Access-Control-Allow-Origin', b'*'), (b'Access-Control-Allow-Methods', b'GET, POST, OPTIONS'), (b'Access-Control-Expose-Headers', b'Content-Length,Content-Type,Date,Server,Connection')])
2025-06-19 23:41:20,368 - httpx - INFO - HTTP Request: POST https://api.telegram.org/bot7707158318:AAE8rWa4Q8Z_3avql6K0HAmXaooZAReoNF0/getUpdates "HTTP/1.1 200 OK"
2025-06-19 23:41:20,370 - httpcore.http11 - DEBUG - receive_response_body.started request=<Request [b'POST']>
2025-06-19 23:41:20,370 - httpcore.http11 - DEBUG - receive_response_body.complete
2025-06-19 23:41:20,370 - httpcore.http11 - DEBUG - response_closed.started
2025-06-19 23:41:20,370 - httpcore.http11 - DEBUG - response_closed.complete
2025-06-19 23:41:20,372 - telegram.ext.ExtBot - DEBUG - No new updates found.
2025-06-19 23:41:20,373 - telegram.ext.ExtBot - DEBUG - ()
2025-06-19 23:41:20,373 - telegram.ext.ExtBot - DEBUG - Exiting: get_updates
2025-06-19 23:41:20,375 - telegram.ext.ExtBot - DEBUG - Entering: get_updates
2025-06-19 23:41:20,377 - httpcore.http11 - DEBUG - send_request_headers.started request=<Request [b'POST']>
2025-06-19 23:41:20,378 - httpcore.http11 - DEBUG - send_request_headers.complete
2025-06-19 23:41:20,380 - httpcore.http11 - DEBUG - send_request_body.started request=<Request [b'POST']>
2025-06-19 23:41:20,381 - httpcore.http11 - DEBUG - send_request_body.complete
2025-06-19 23:41:20,381 - httpcore.http11 - DEBUG - receive_response_headers.started request=<Request [b'POST']>
2025-06-19 23:41:30,594 - httpcore.http11 - DEBUG - receive_response_headers.complete return_value=(b'HTTP/1.1', 200, b'OK', [(b'Server', b'nginx/1.18.0'), (b'Date', b'Thu, 19 Jun 2025 22:41:30 GMT'), (b'Content-Type', b'application/json'), (b'Content-Length', b'23'), (b'Connection', b'keep-alive'), (b'Strict-Transport-Security', b'max-age=31536000; includeSubDomains; preload'), (b'Access-Control-Allow-Origin', b'*'), (b'Access-Control-Allow-Methods', b'GET, POST, OPTIONS'), (b'Access-Control-Expose-Headers', b'Content-Length,Content-Type,Date,Server,Connection')])
2025-06-19 23:41:30,594 - httpx - INFO - HTTP Request: POST https://api.telegram.org/bot7707158318:AAE8rWa4Q8Z_3avql6K0HAmXaooZAReoNF0/getUpdates "HTTP/1.1 200 OK"
2025-06-19 23:41:30,595 - httpcore.http11 - DEBUG - receive_response_body.started request=<Request [b'POST']>
2025-06-19 23:41:30,595 - httpcore.http11 - DEBUG - receive_response_body.complete
2025-06-19 23:41:30,595 - httpcore.http11 - DEBUG - response_closed.started
2025-06-19 23:41:30,595 - httpcore.http11 - DEBUG - response_closed.complete
2025-06-19 23:41:30,598 - telegram.ext.ExtBot - DEBUG - No new updates found.
2025-06-19 23:41:30,598 - telegram.ext.ExtBot - DEBUG - ()
2025-06-19 23:41:30,598 - telegram.ext.ExtBot - DEBUG - Exiting: get_updates
2025-06-19 23:41:30,598 - telegram.ext.ExtBot - DEBUG - Entering: get_updates
2025-06-19 23:41:30,601 - httpcore.http11 - DEBUG - send_request_headers.started request=<Request [b'POST']>
2025-06-19 23:41:30,603 - httpcore.http11 - DEBUG - send_request_headers.complete
2025-06-19 23:41:30,603 - httpcore.http11 - DEBUG - send_request_body.started request=<Request [b'POST']>
2025-06-19 23:41:30,603 - httpcore.http11 - DEBUG - send_request_body.complete
2025-06-19 23:41:30,605 - httpcore.http11 - DEBUG - receive_response_headers.started request=<Request [b'POST']>
2025-06-19 23:41:40,951 - httpcore.http11 - DEBUG - receive_response_headers.complete return_value=(b'HTTP/1.1', 200, b'OK', [(b'Server', b'nginx/1.18.0'), (b'Date', b'Thu, 19 Jun 2025 22:41:40 GMT'), (b'Content-Type', b'application/json'), (b'Content-Length', b'23'), (b'Connection', b'keep-alive'), (b'Strict-Transport-Security', b'max-age=31536000; includeSubDomains; preload'), (b'Access-Control-Allow-Origin', b'*'), (b'Access-Control-Allow-Methods', b'GET, POST, OPTIONS'), (b'Access-Control-Expose-Headers', b'Content-Length,Content-Type,Date,Server,Connection')])
2025-06-19 23:41:40,953 - httpx - INFO - HTTP Request: POST https://api.telegram.org/bot7707158318:AAE8rWa4Q8Z_3avql6K0HAmXaooZAReoNF0/getUpdates "HTTP/1.1 200 OK"
2025-06-19 23:41:40,955 - httpcore.http11 - DEBUG - receive_response_body.started request=<Request [b'POST']>
2025-06-19 23:41:40,955 - httpcore.http11 - DEBUG - receive_response_body.complete
2025-06-19 23:41:40,955 - httpcore.http11 - DEBUG - response_closed.started
2025-06-19 23:41:40,955 - httpcore.http11 - DEBUG - response_closed.complete
2025-06-19 23:41:40,957 - telegram.ext.ExtBot - DEBUG - No new updates found.
2025-06-19 23:41:40,957 - telegram.ext.ExtBot - DEBUG - ()
2025-06-19 23:41:40,957 - telegram.ext.ExtBot - DEBUG - Exiting: get_updates
2025-06-19 23:41:40,957 - telegram.ext.ExtBot - DEBUG - Entering: get_updates
2025-06-19 23:41:40,959 - httpcore.http11 - DEBUG - send_request_headers.started request=<Request [b'POST']>
2025-06-19 23:41:40,961 - httpcore.http11 - DEBUG - send_request_headers.complete
2025-06-19 23:41:40,961 - httpcore.http11 - DEBUG - send_request_body.started request=<Request [b'POST']>
2025-06-19 23:41:40,963 - httpcore.http11 - DEBUG - send_request_body.complete
2025-06-19 23:41:40,963 - httpcore.http11 - DEBUG - receive_response_headers.started request=<Request [b'POST']>
2025-06-19 23:41:51,191 - httpcore.http11 - DEBUG - receive_response_headers.complete return_value=(b'HTTP/1.1', 200, b'OK', [(b'Server', b'nginx/1.18.0'), (b'Date', b'Thu, 19 Jun 2025 22:41:51 GMT'), (b'Content-Type', b'application/json'), (b'Content-Length', b'23'), (b'Connection', b'keep-alive'), (b'Strict-Transport-Security', b'max-age=31536000; includeSubDomains; preload'), (b'Access-Control-Allow-Origin', b'*'), (b'Access-Control-Allow-Methods', b'GET, POST, OPTIONS'), (b'Access-Control-Expose-Headers', b'Content-Length,Content-Type,Date,Server,Connection')])
2025-06-19 23:41:51,195 - httpx - INFO - HTTP Request: POST https://api.telegram.org/bot7707158318:AAE8rWa4Q8Z_3avql6K0HAmXaooZAReoNF0/getUpdates "HTTP/1.1 200 OK"
2025-06-19 23:41:51,197 - httpcore.http11 - DEBUG - receive_response_body.started request=<Request [b'POST']>
2025-06-19 23:41:51,197 - httpcore.http11 - DEBUG - receive_response_body.complete
2025-06-19 23:41:51,197 - httpcore.http11 - DEBUG - response_closed.started
2025-06-19 23:41:51,200 - httpcore.http11 - DEBUG - response_closed.complete
2025-06-19 23:41:51,200 - telegram.ext.ExtBot - DEBUG - No new updates found.
2025-06-19 23:41:51,200 - telegram.ext.ExtBot - DEBUG - ()
2025-06-19 23:41:51,202 - telegram.ext.ExtBot - DEBUG - Exiting: get_updates
2025-06-19 23:41:51,202 - telegram.ext.ExtBot - DEBUG - Entering: get_updates
2025-06-19 23:41:51,202 - httpcore.http11 - DEBUG - send_request_headers.started request=<Request [b'POST']>
2025-06-19 23:41:51,202 - httpcore.http11 - DEBUG - send_request_headers.complete
2025-06-19 23:41:51,202 - httpcore.http11 - DEBUG - send_request_body.started request=<Request [b'POST']>
2025-06-19 23:41:51,202 - httpcore.http11 - DEBUG - send_request_body.complete
2025-06-19 23:41:51,202 - httpcore.http11 - DEBUG - receive_response_headers.started request=<Request [b'POST']>
2025-06-19 23:42:01,428 - httpcore.http11 - DEBUG - receive_response_headers.complete return_value=(b'HTTP/1.1', 200, b'OK', [(b'Server', b'nginx/1.18.0'), (b'Date', b'Thu, 19 Jun 2025 22:42:01 GMT'), (b'Content-Type', b'application/json'), (b'Content-Length', b'23'), (b'Connection', b'keep-alive'), (b'Strict-Transport-Security', b'max-age=31536000; includeSubDomains; preload'), (b'Access-Control-Allow-Origin', b'*'), (b'Access-Control-Allow-Methods', b'GET, POST, OPTIONS'), (b'Access-Control-Expose-Headers', b'Content-Length,Content-Type,Date,Server,Connection')])
2025-06-19 23:42:01,430 - httpx - INFO - HTTP Request: POST https://api.telegram.org/bot7707158318:AAE8rWa4Q8Z_3avql6K0HAmXaooZAReoNF0/getUpdates "HTTP/1.1 200 OK"
2025-06-19 23:42:01,430 - httpcore.http11 - DEBUG - receive_response_body.started request=<Request [b'POST']>
2025-06-19 23:42:01,430 - httpcore.http11 - DEBUG - receive_response_body.complete
2025-06-19 23:42:01,430 - httpcore.http11 - DEBUG - response_closed.started
2025-06-19 23:42:01,434 - httpcore.http11 - DEBUG - response_closed.complete
2025-06-19 23:42:01,434 - telegram.ext.ExtBot - DEBUG - No new updates found.
2025-06-19 23:42:01,434 - telegram.ext.ExtBot - DEBUG - ()
2025-06-19 23:42:01,434 - telegram.ext.ExtBot - DEBUG - Exiting: get_updates
2025-06-19 23:42:01,434 - telegram.ext.ExtBot - DEBUG - Entering: get_updates
2025-06-19 23:42:01,436 - httpcore.http11 - DEBUG - send_request_headers.started request=<Request [b'POST']>
2025-06-19 23:42:01,439 - httpcore.http11 - DEBUG - send_request_headers.complete
2025-06-19 23:42:01,440 - httpcore.http11 - DEBUG - send_request_body.started request=<Request [b'POST']>
2025-06-19 23:42:01,441 - httpcore.http11 - DEBUG - send_request_body.complete
2025-06-19 23:42:01,441 - httpcore.http11 - DEBUG - receive_response_headers.started request=<Request [b'POST']>
2025-06-19 23:42:11,561 - httpcore.http11 - DEBUG - receive_response_headers.complete return_value=(b'HTTP/1.1', 200, b'OK', [(b'Server', b'nginx/1.18.0'), (b'Date', b'Thu, 19 Jun 2025 22:42:11 GMT'), (b'Content-Type', b'application/json'), (b'Content-Length', b'23'), (b'Connection', b'keep-alive'), (b'Strict-Transport-Security', b'max-age=31536000; includeSubDomains; preload'), (b'Access-Control-Allow-Origin', b'*'), (b'Access-Control-Allow-Methods', b'GET, POST, OPTIONS'), (b'Access-Control-Expose-Headers', b'Content-Length,Content-Type,Date,Server,Connection')])
2025-06-19 23:42:11,563 - httpx - INFO - HTTP Request: POST https://api.telegram.org/bot7707158318:AAE8rWa4Q8Z_3avql6K0HAmXaooZAReoNF0/getUpdates "HTTP/1.1 200 OK"
2025-06-19 23:42:11,568 - httpcore.http11 - DEBUG - receive_response_body.started request=<Request [b'POST']>
2025-06-19 23:42:11,570 - httpcore.http11 - DEBUG - receive_response_body.complete
2025-06-19 23:42:11,570 - httpcore.http11 - DEBUG - response_closed.started
2025-06-19 23:42:11,570 - httpcore.http11 - DEBUG - response_closed.complete
2025-06-19 23:42:11,572 - telegram.ext.ExtBot - DEBUG - No new updates found.
2025-06-19 23:42:11,572 - telegram.ext.ExtBot - DEBUG - ()
2025-06-19 23:42:11,572 - telegram.ext.ExtBot - DEBUG - Exiting: get_updates
2025-06-19 23:42:11,572 - telegram.ext.ExtBot - DEBUG - Entering: get_updates
2025-06-19 23:42:11,578 - httpcore.http11 - DEBUG - send_request_headers.started request=<Request [b'POST']>
2025-06-19 23:42:11,580 - httpcore.http11 - DEBUG - send_request_headers.complete
2025-06-19 23:42:11,580 - httpcore.http11 - DEBUG - send_request_body.started request=<Request [b'POST']>
2025-06-19 23:42:11,584 - httpcore.http11 - DEBUG - send_request_body.complete
2025-06-19 23:42:11,584 - httpcore.http11 - DEBUG - receive_response_headers.started request=<Request [b'POST']>
2025-06-19 23:42:21,676 - httpcore.http11 - DEBUG - receive_response_headers.complete return_value=(b'HTTP/1.1', 200, b'OK', [(b'Server', b'nginx/1.18.0'), (b'Date', b'Thu, 19 Jun 2025 22:42:21 GMT'), (b'Content-Type', b'application/json'), (b'Content-Length', b'23'), (b'Connection', b'keep-alive'), (b'Strict-Transport-Security', b'max-age=31536000; includeSubDomains; preload'), (b'Access-Control-Allow-Origin', b'*'), (b'Access-Control-Allow-Methods', b'GET, POST, OPTIONS'), (b'Access-Control-Expose-Headers', b'Content-Length,Content-Type,Date,Server,Connection')])
2025-06-19 23:42:21,677 - httpx - INFO - HTTP Request: POST https://api.telegram.org/bot7707158318:AAE8rWa4Q8Z_3avql6K0HAmXaooZAReoNF0/getUpdates "HTTP/1.1 200 OK"
2025-06-19 23:42:21,680 - httpcore.http11 - DEBUG - receive_response_body.started request=<Request [b'POST']>
2025-06-19 23:42:21,680 - httpcore.http11 - DEBUG - receive_response_body.complete
2025-06-19 23:42:21,680 - httpcore.http11 - DEBUG - response_closed.started
2025-06-19 23:42:21,681 - httpcore.http11 - DEBUG - response_closed.complete
2025-06-19 23:42:21,682 - telegram.ext.ExtBot - DEBUG - No new updates found.
2025-06-19 23:42:21,682 - telegram.ext.ExtBot - DEBUG - ()
2025-06-19 23:42:21,682 - telegram.ext.ExtBot - DEBUG - Exiting: get_updates
2025-06-19 23:42:21,682 - telegram.ext.ExtBot - DEBUG - Entering: get_updates
2025-06-19 23:42:21,685 - httpcore.http11 - DEBUG - send_request_headers.started request=<Request [b'POST']>
2025-06-19 23:42:21,687 - httpcore.http11 - DEBUG - send_request_headers.complete
2025-06-19 23:42:21,687 - httpcore.http11 - DEBUG - send_request_body.started request=<Request [b'POST']>
2025-06-19 23:42:21,689 - httpcore.http11 - DEBUG - send_request_body.complete
2025-06-19 23:42:21,689 - httpcore.http11 - DEBUG - receive_response_headers.started request=<Request [b'POST']>
2025-06-19 23:42:32,354 - httpcore.http11 - DEBUG - receive_response_headers.complete return_value=(b'HTTP/1.1', 200, b'OK', [(b'Server', b'nginx/1.18.0'), (b'Date', b'Thu, 19 Jun 2025 22:42:31 GMT'), (b'Content-Type', b'application/json'), (b'Content-Length', b'23'), (b'Connection', b'keep-alive'), (b'Strict-Transport-Security', b'max-age=31536000; includeSubDomains; preload'), (b'Access-Control-Allow-Origin', b'*'), (b'Access-Control-Allow-Methods', b'GET, POST, OPTIONS'), (b'Access-Control-Expose-Headers', b'Content-Length,Content-Type,Date,Server,Connection')])
2025-06-19 23:42:32,356 - httpx - INFO - HTTP Request: POST https://api.telegram.org/bot7707158318:AAE8rWa4Q8Z_3avql6K0HAmXaooZAReoNF0/getUpdates "HTTP/1.1 200 OK"
2025-06-19 23:42:32,357 - httpcore.http11 - DEBUG - receive_response_body.started request=<Request [b'POST']>
2025-06-19 23:42:32,358 - httpcore.http11 - DEBUG - receive_response_body.complete
2025-06-19 23:42:32,359 - httpcore.http11 - DEBUG - response_closed.started
2025-06-19 23:42:32,360 - httpcore.http11 - DEBUG - response_closed.complete
2025-06-19 23:42:32,360 - telegram.ext.ExtBot - DEBUG - No new updates found.
2025-06-19 23:42:32,360 - telegram.ext.ExtBot - DEBUG - ()
2025-06-19 23:42:32,361 - telegram.ext.ExtBot - DEBUG - Exiting: get_updates
2025-06-19 23:42:32,361 - telegram.ext.ExtBot - DEBUG - Entering: get_updates
2025-06-19 23:42:32,366 - httpcore.http11 - DEBUG - send_request_headers.started request=<Request [b'POST']>
2025-06-19 23:42:32,367 - httpcore.http11 - DEBUG - send_request_headers.complete
2025-06-19 23:42:32,367 - httpcore.http11 - DEBUG - send_request_body.started request=<Request [b'POST']>
2025-06-19 23:42:32,367 - httpcore.http11 - DEBUG - send_request_body.complete
2025-06-19 23:42:32,369 - httpcore.http11 - DEBUG - receive_response_headers.started request=<Request [b'POST']>
2025-06-19 23:42:42,696 - httpcore.http11 - DEBUG - receive_response_headers.complete return_value=(b'HTTP/1.1', 200, b'OK', [(b'Server', b'nginx/1.18.0'), (b'Date', b'Thu, 19 Jun 2025 22:42:42 GMT'), (b'Content-Type', b'application/json'), (b'Content-Length', b'23'), (b'Connection', b'keep-alive'), (b'Strict-Transport-Security', b'max-age=31536000; includeSubDomains; preload'), (b'Access-Control-Allow-Origin', b'*'), (b'Access-Control-Allow-Methods', b'GET, POST, OPTIONS'), (b'Access-Control-Expose-Headers', b'Content-Length,Content-Type,Date,Server,Connection')])
2025-06-19 23:42:42,698 - httpx - INFO - HTTP Request: POST https://api.telegram.org/bot7707158318:AAE8rWa4Q8Z_3avql6K0HAmXaooZAReoNF0/getUpdates "HTTP/1.1 200 OK"
2025-06-19 23:42:42,700 - httpcore.http11 - DEBUG - receive_response_body.started request=<Request [b'POST']>
2025-06-19 23:42:42,701 - httpcore.http11 - DEBUG - receive_response_body.complete
2025-06-19 23:42:42,703 - httpcore.http11 - DEBUG - response_closed.started
2025-06-19 23:42:42,703 - httpcore.http11 - DEBUG - response_closed.complete
2025-06-19 23:42:42,704 - telegram.ext.ExtBot - DEBUG - No new updates found.
2025-06-19 23:42:42,704 - telegram.ext.ExtBot - DEBUG - ()
2025-06-19 23:42:42,704 - telegram.ext.ExtBot - DEBUG - Exiting: get_updates
2025-06-19 23:42:42,706 - telegram.ext.ExtBot - DEBUG - Entering: get_updates
2025-06-19 23:42:42,708 - httpcore.http11 - DEBUG - send_request_headers.started request=<Request [b'POST']>
2025-06-19 23:42:42,710 - httpcore.http11 - DEBUG - send_request_headers.complete
2025-06-19 23:42:42,710 - httpcore.http11 - DEBUG - send_request_body.started request=<Request [b'POST']>
2025-06-19 23:42:42,711 - httpcore.http11 - DEBUG - send_request_body.complete
2025-06-19 23:42:42,711 - httpcore.http11 - DEBUG - receive_response_headers.started request=<Request [b'POST']>
2025-06-19 23:42:53,039 - httpcore.http11 - DEBUG - receive_response_headers.complete return_value=(b'HTTP/1.1', 200, b'OK', [(b'Server', b'nginx/1.18.0'), (b'Date', b'Thu, 19 Jun 2025 22:42:52 GMT'), (b'Content-Type', b'application/json'), (b'Content-Length', b'23'), (b'Connection', b'keep-alive'), (b'Strict-Transport-Security', b'max-age=31536000; includeSubDomains; preload'), (b'Access-Control-Allow-Origin', b'*'), (b'Access-Control-Allow-Methods', b'GET, POST, OPTIONS'), (b'Access-Control-Expose-Headers', b'Content-Length,Content-Type,Date,Server,Connection')])
2025-06-19 23:42:53,042 - httpx - INFO - HTTP Request: POST https://api.telegram.org/bot7707158318:AAE8rWa4Q8Z_3avql6K0HAmXaooZAReoNF0/getUpdates "HTTP/1.1 200 OK"
2025-06-19 23:42:53,045 - httpcore.http11 - DEBUG - receive_response_body.started request=<Request [b'POST']>
2025-06-19 23:42:53,047 - httpcore.http11 - DEBUG - receive_response_body.complete
2025-06-19 23:42:53,047 - httpcore.http11 - DEBUG - response_closed.started
2025-06-19 23:42:53,049 - httpcore.http11 - DEBUG - response_closed.complete
2025-06-19 23:42:53,049 - telegram.ext.ExtBot - DEBUG - No new updates found.
2025-06-19 23:42:53,049 - telegram.ext.ExtBot - DEBUG - ()
2025-06-19 23:42:53,051 - telegram.ext.ExtBot - DEBUG - Exiting: get_updates
2025-06-19 23:42:53,051 - telegram.ext.ExtBot - DEBUG - Entering: get_updates
2025-06-19 23:42:53,055 - httpcore.http11 - DEBUG - send_request_headers.started request=<Request [b'POST']>
2025-06-19 23:42:53,057 - httpcore.http11 - DEBUG - send_request_headers.complete
2025-06-19 23:42:53,057 - httpcore.http11 - DEBUG - send_request_body.started request=<Request [b'POST']>
2025-06-19 23:42:53,059 - httpcore.http11 - DEBUG - send_request_body.complete
2025-06-19 23:42:53,059 - httpcore.http11 - DEBUG - receive_response_headers.started request=<Request [b'POST']>
2025-06-19 23:43:03,280 - httpcore.http11 - DEBUG - receive_response_headers.complete return_value=(b'HTTP/1.1', 200, b'OK', [(b'Server', b'nginx/1.18.0'), (b'Date', b'Thu, 19 Jun 2025 22:43:03 GMT'), (b'Content-Type', b'application/json'), (b'Content-Length', b'23'), (b'Connection', b'keep-alive'), (b'Strict-Transport-Security', b'max-age=31536000; includeSubDomains; preload'), (b'Access-Control-Allow-Origin', b'*'), (b'Access-Control-Allow-Methods', b'GET, POST, OPTIONS'), (b'Access-Control-Expose-Headers', b'Content-Length,Content-Type,Date,Server,Connection')])
2025-06-19 23:43:03,280 - httpx - INFO - HTTP Request: POST https://api.telegram.org/bot7707158318:AAE8rWa4Q8Z_3avql6K0HAmXaooZAReoNF0/getUpdates "HTTP/1.1 200 OK"
2025-06-19 23:43:03,285 - httpcore.http11 - DEBUG - receive_response_body.started request=<Request [b'POST']>
2025-06-19 23:43:03,285 - httpcore.http11 - DEBUG - receive_response_body.complete
2025-06-19 23:43:03,285 - httpcore.http11 - DEBUG - response_closed.started
2025-06-19 23:43:03,286 - httpcore.http11 - DEBUG - response_closed.complete
2025-06-19 23:43:03,286 - telegram.ext.ExtBot - DEBUG - No new updates found.
2025-06-19 23:43:03,286 - telegram.ext.ExtBot - DEBUG - ()
2025-06-19 23:43:03,288 - telegram.ext.ExtBot - DEBUG - Exiting: get_updates
2025-06-19 23:43:03,288 - telegram.ext.ExtBot - DEBUG - Entering: get_updates
2025-06-19 23:43:03,290 - httpcore.http11 - DEBUG - send_request_headers.started request=<Request [b'POST']>
2025-06-19 23:43:03,292 - httpcore.http11 - DEBUG - send_request_headers.complete
2025-06-19 23:43:03,292 - httpcore.http11 - DEBUG - send_request_body.started request=<Request [b'POST']>
2025-06-19 23:43:03,294 - httpcore.http11 - DEBUG - send_request_body.complete
2025-06-19 23:43:03,294 - httpcore.http11 - DEBUG - receive_response_headers.started request=<Request [b'POST']>
2025-06-19 23:43:13,521 - httpcore.http11 - DEBUG - receive_response_headers.complete return_value=(b'HTTP/1.1', 200, b'OK', [(b'Server', b'nginx/1.18.0'), (b'Date', b'Thu, 19 Jun 2025 22:43:13 GMT'), (b'Content-Type', b'application/json'), (b'Content-Length', b'23'), (b'Connection', b'keep-alive'), (b'Strict-Transport-Security', b'max-age=31536000; includeSubDomains; preload'), (b'Access-Control-Allow-Origin', b'*'), (b'Access-Control-Allow-Methods', b'GET, POST, OPTIONS'), (b'Access-Control-Expose-Headers', b'Content-Length,Content-Type,Date,Server,Connection')])
2025-06-19 23:43:13,521 - httpx - INFO - HTTP Request: POST https://api.telegram.org/bot7707158318:AAE8rWa4Q8Z_3avql6K0HAmXaooZAReoNF0/getUpdates "HTTP/1.1 200 OK"
2025-06-19 23:43:13,524 - httpcore.http11 - DEBUG - receive_response_body.started request=<Request [b'POST']>
2025-06-19 23:43:13,524 - httpcore.http11 - DEBUG - receive_response_body.complete
2025-06-19 23:43:13,526 - httpcore.http11 - DEBUG - response_closed.started
2025-06-19 23:43:13,526 - httpcore.http11 - DEBUG - response_closed.complete
2025-06-19 23:43:13,527 - telegram.ext.ExtBot - DEBUG - No new updates found.
2025-06-19 23:43:13,527 - telegram.ext.ExtBot - DEBUG - ()
2025-06-19 23:43:13,527 - telegram.ext.ExtBot - DEBUG - Exiting: get_updates
2025-06-19 23:43:13,528 - telegram.ext.ExtBot - DEBUG - Entering: get_updates
2025-06-19 23:43:13,531 - httpcore.http11 - DEBUG - send_request_headers.started request=<Request [b'POST']>
2025-06-19 23:43:13,531 - httpcore.http11 - DEBUG - send_request_headers.complete
2025-06-19 23:43:13,531 - httpcore.http11 - DEBUG - send_request_body.started request=<Request [b'POST']>
2025-06-19 23:43:13,531 - httpcore.http11 - DEBUG - send_request_body.complete
2025-06-19 23:43:13,531 - httpcore.http11 - DEBUG - receive_response_headers.started request=<Request [b'POST']>
2025-06-19 23:43:25,026 - httpcore.http11 - DEBUG - receive_response_headers.complete return_value=(b'HTTP/1.1', 200, b'OK', [(b'Server', b'nginx/1.18.0'), (b'Date', b'Thu, 19 Jun 2025 22:43:23 GMT'), (b'Content-Type', b'application/json'), (b'Content-Length', b'23'), (b'Connection', b'keep-alive'), (b'Strict-Transport-Security', b'max-age=31536000; includeSubDomains; preload'), (b'Access-Control-Allow-Origin', b'*'), (b'Access-Control-Allow-Methods', b'GET, POST, OPTIONS'), (b'Access-Control-Expose-Headers', b'Content-Length,Content-Type,Date,Server,Connection')])
2025-06-19 23:43:25,029 - httpx - INFO - HTTP Request: POST https://api.telegram.org/bot7707158318:AAE8rWa4Q8Z_3avql6K0HAmXaooZAReoNF0/getUpdates "HTTP/1.1 200 OK"
2025-06-19 23:43:25,030 - httpcore.http11 - DEBUG - receive_response_body.started request=<Request [b'POST']>
2025-06-19 23:43:25,032 - httpcore.http11 - DEBUG - receive_response_body.complete
2025-06-19 23:43:25,034 - httpcore.http11 - DEBUG - response_closed.started
2025-06-19 23:43:25,036 - httpcore.http11 - DEBUG - response_closed.complete
2025-06-19 23:43:25,036 - telegram.ext.ExtBot - DEBUG - No new updates found.
2025-06-19 23:43:25,037 - telegram.ext.ExtBot - DEBUG - ()
2025-06-19 23:43:25,037 - telegram.ext.ExtBot - DEBUG - Exiting: get_updates
2025-06-19 23:43:25,038 - telegram.ext.ExtBot - DEBUG - Entering: get_updates
2025-06-19 23:43:25,043 - httpcore.http11 - DEBUG - send_request_headers.started request=<Request [b'POST']>
2025-06-19 23:43:25,045 - httpcore.http11 - DEBUG - send_request_headers.complete
2025-06-19 23:43:25,045 - httpcore.http11 - DEBUG - send_request_body.started request=<Request [b'POST']>
2025-06-19 23:43:25,050 - httpcore.http11 - DEBUG - send_request_body.complete
2025-06-19 23:43:25,052 - httpcore.http11 - DEBUG - receive_response_headers.started request=<Request [b'POST']>
2025-06-19 23:43:35,227 - httpcore.http11 - DEBUG - receive_response_headers.complete return_value=(b'HTTP/1.1', 200, b'OK', [(b'Server', b'nginx/1.18.0'), (b'Date', b'Thu, 19 Jun 2025 22:43:35 GMT'), (b'Content-Type', b'application/json'), (b'Content-Length', b'23'), (b'Connection', b'keep-alive'), (b'Strict-Transport-Security', b'max-age=31536000; includeSubDomains; preload'), (b'Access-Control-Allow-Origin', b'*'), (b'Access-Control-Allow-Methods', b'GET, POST, OPTIONS'), (b'Access-Control-Expose-Headers', b'Content-Length,Content-Type,Date,Server,Connection')])
2025-06-19 23:43:35,230 - httpx - INFO - HTTP Request: POST https://api.telegram.org/bot7707158318:AAE8rWa4Q8Z_3avql6K0HAmXaooZAReoNF0/getUpdates "HTTP/1.1 200 OK"
2025-06-19 23:43:35,237 - httpcore.http11 - DEBUG - receive_response_body.started request=<Request [b'POST']>
2025-06-19 23:43:35,238 - httpcore.http11 - DEBUG - receive_response_body.complete
2025-06-19 23:43:35,238 - httpcore.http11 - DEBUG - response_closed.started
2025-06-19 23:43:35,239 - httpcore.http11 - DEBUG - response_closed.complete
2025-06-19 23:43:35,241 - telegram.ext.ExtBot - DEBUG - No new updates found.
2025-06-19 23:43:35,241 - telegram.ext.ExtBot - DEBUG - ()
2025-06-19 23:43:35,242 - telegram.ext.ExtBot - DEBUG - Exiting: get_updates
2025-06-19 23:43:35,242 - telegram.ext.ExtBot - DEBUG - Entering: get_updates
2025-06-19 23:43:35,246 - httpcore.http11 - DEBUG - send_request_headers.started request=<Request [b'POST']>
2025-06-19 23:43:35,249 - httpcore.http11 - DEBUG - send_request_headers.complete
2025-06-19 23:43:35,250 - httpcore.http11 - DEBUG - send_request_body.started request=<Request [b'POST']>
2025-06-19 23:43:35,252 - httpcore.http11 - DEBUG - send_request_body.complete
2025-06-19 23:43:35,253 - httpcore.http11 - DEBUG - receive_response_headers.started request=<Request [b'POST']>
2025-06-19 23:43:45,343 - httpcore.http11 - DEBUG - receive_response_headers.complete return_value=(b'HTTP/1.1', 200, b'OK', [(b'Server', b'nginx/1.18.0'), (b'Date', b'Thu, 19 Jun 2025 22:43:45 GMT'), (b'Content-Type', b'application/json'), (b'Content-Length', b'23'), (b'Connection', b'keep-alive'), (b'Strict-Transport-Security', b'max-age=31536000; includeSubDomains; preload'), (b'Access-Control-Allow-Origin', b'*'), (b'Access-Control-Allow-Methods', b'GET, POST, OPTIONS'), (b'Access-Control-Expose-Headers', b'Content-Length,Content-Type,Date,Server,Connection')])
2025-06-19 23:43:45,344 - httpx - INFO - HTTP Request: POST https://api.telegram.org/bot7707158318:AAE8rWa4Q8Z_3avql6K0HAmXaooZAReoNF0/getUpdates "HTTP/1.1 200 OK"
2025-06-19 23:43:45,346 - httpcore.http11 - DEBUG - receive_response_body.started request=<Request [b'POST']>
2025-06-19 23:43:45,346 - httpcore.http11 - DEBUG - receive_response_body.complete
2025-06-19 23:43:45,347 - httpcore.http11 - DEBUG - response_closed.started
2025-06-19 23:43:45,347 - httpcore.http11 - DEBUG - response_closed.complete
2025-06-19 23:43:45,348 - telegram.ext.ExtBot - DEBUG - No new updates found.
2025-06-19 23:43:45,348 - telegram.ext.ExtBot - DEBUG - ()
2025-06-19 23:43:45,348 - telegram.ext.ExtBot - DEBUG - Exiting: get_updates
2025-06-19 23:43:45,349 - telegram.ext.ExtBot - DEBUG - Entering: get_updates
2025-06-19 23:43:45,352 - httpcore.http11 - DEBUG - send_request_headers.started request=<Request [b'POST']>
2025-06-19 23:43:45,353 - httpcore.http11 - DEBUG - send_request_headers.complete
2025-06-19 23:43:45,354 - httpcore.http11 - DEBUG - send_request_body.started request=<Request [b'POST']>
2025-06-19 23:43:45,354 - httpcore.http11 - DEBUG - send_request_body.complete
2025-06-19 23:43:45,355 - httpcore.http11 - DEBUG - receive_response_headers.started request=<Request [b'POST']>
2025-06-19 23:43:55,707 - httpcore.http11 - DEBUG - receive_response_headers.complete return_value=(b'HTTP/1.1', 200, b'OK', [(b'Server', b'nginx/1.18.0'), (b'Date', b'Thu, 19 Jun 2025 22:43:55 GMT'), (b'Content-Type', b'application/json'), (b'Content-Length', b'23'), (b'Connection', b'keep-alive'), (b'Strict-Transport-Security', b'max-age=31536000; includeSubDomains; preload'), (b'Access-Control-Allow-Origin', b'*'), (b'Access-Control-Allow-Methods', b'GET, POST, OPTIONS'), (b'Access-Control-Expose-Headers', b'Content-Length,Content-Type,Date,Server,Connection')])
2025-06-19 23:43:55,709 - httpx - INFO - HTTP Request: POST https://api.telegram.org/bot7707158318:AAE8rWa4Q8Z_3avql6K0HAmXaooZAReoNF0/getUpdates "HTTP/1.1 200 OK"
2025-06-19 23:43:55,710 - httpcore.http11 - DEBUG - receive_response_body.started request=<Request [b'POST']>
2025-06-19 23:43:55,711 - httpcore.http11 - DEBUG - receive_response_body.complete
2025-06-19 23:43:55,711 - httpcore.http11 - DEBUG - response_closed.started
2025-06-19 23:43:55,712 - httpcore.http11 - DEBUG - response_closed.complete
2025-06-19 23:43:55,712 - telegram.ext.ExtBot - DEBUG - No new updates found.
2025-06-19 23:43:55,713 - telegram.ext.ExtBot - DEBUG - ()
2025-06-19 23:43:55,713 - telegram.ext.ExtBot - DEBUG - Exiting: get_updates
2025-06-19 23:43:55,713 - telegram.ext.ExtBot - DEBUG - Entering: get_updates
2025-06-19 23:43:55,714 - httpcore.http11 - DEBUG - send_request_headers.started request=<Request [b'POST']>
2025-06-19 23:43:55,716 - httpcore.http11 - DEBUG - send_request_headers.complete
2025-06-19 23:43:55,717 - httpcore.http11 - DEBUG - send_request_body.started request=<Request [b'POST']>
2025-06-19 23:43:55,718 - httpcore.http11 - DEBUG - send_request_body.complete
2025-06-19 23:43:55,718 - httpcore.http11 - DEBUG - receive_response_headers.started request=<Request [b'POST']>
